{"type":"FeatureCollection","features":[{"type":"Feature","properties":{},"geometry":{"type":"LineString","coordinates":[[-52.961689,47.8043],[-53.074004,47.664647],[-53.083732,47.631304],[-53.105841,47.599411],[-53.035976,47.535142],[-52.981145,47.519195],[-52.955499,47.536591],[-52.927199,47.54239],[-52.914818,47.553504]]}},{"type":"Feature","properties":{},"geometry":{"type":"LineString","coordinates":[[-52.914818,47.553504],[-52.910396,47.532242],[-52.921893,47.529826],[-52.915702,47.506148],[-52.892709,47.502765],[-52.868831,47.509047],[-52.830803,47.511463],[-52.811347,47.497933],[-52.788353,47.500349],[-52.721142,47.481986],[-52.721142,47.46604],[-52.622092,47.437529]]}},{"type":"Feature","properties":{},"geometry":{"type":"LineString","coordinates":[[-53.834559,46.753759],[-53.79211,46.886647],[-53.864628,46.946568],[-53.869934,46.95285],[-53.888505,46.9543],[-53.932724,46.989575],[-53.931839,46.998273],[-53.743469,47.21766],[-53.556868,47.296426],[-53.544487,47.302708],[-53.520609,47.308024],[-53.523262,47.315755],[-53.50469,47.404186],[-53.402104,47.557853],[-53.384417,47.580565],[-53.392376,47.597478],[-53.408294,47.604243],[-53.399451,47.625989],[-53.38707,47.629371],[-53.37292,47.776756],[-53.25353,47.791737],[-53.238496,47.785938],[-53.222577,47.786904],[-53.1987,47.778689],[-53.175706,47.788837],[-53.147406,47.789804],[-52.961689,47.8043]]}},{"type":"Feature","properties":{},"geometry":{"type":"LineString","coordinates":[[-52.914818,47.553504],[-52.897131,47.583948],[-52.884749,47.570417],[-52.875906,47.547222],[-52.864409,47.537558],[-52.837878,47.544806],[-52.821959,47.535625],[-52.806925,47.539007],[-52.768897,47.554471],[-52.748557,47.560753],[-52.742366,47.55592],[-52.72291,47.561236],[-52.710529,47.551571],[-52.691957,47.562202],[-52.656583,47.55737],[-52.655698,47.563169]]}},{"type":"Feature","properties":{},"geometry":{"type":"LineString","coordinates":[[-53.53299,49.905383],[-53.706326,49.749783],[-53.849593,49.684064],[-53.939799,49.629942],[-54.006126,49.592733],[-54.130822,49.519766],[-54.167081,49.49947],[-54.435044,49.476758],[-54.4545,49.329856],[-54.413819,49.328407],[-54.315655,49.326957],[-54.269667,49.149612],[-54.214837,48.93989],[-54.319192,48.854842],[-54.320961,48.81425],[-54.387288,48.70794],[-54.498718,48.527212],[-54.629605,48.312175],[-54.760491,48.094238],[-54.940902,47.791737],[-54.963895,47.759843],[-54.981583,47.747763],[-54.993079,47.730366],[-55.022263,47.710554],[-55.030223,47.68011],[-55.067366,47.652566],[-55.068251,47.641452],[-55.080632,47.635653],[-55.099203,47.614874],[-55.097435,47.598445],[-55.109816,47.567035],[-55.228321,47.465557],[-55.467984,47.359246],[-55.743907,47.242304],[-55.792547,47.221526],[-55.919011,47.21766],[-55.99772,47.216693]]}},{"type":"Feature","properties":{},"geometry":{"type":"LineString","coordinates":[[-56.439019,47.439462],[-56.704329,47.579115],[-56.729091,47.58733],[-56.746778,47.599894],[-56.743241,47.615841],[-56.749431,47.623089],[-56.766234,47.625506],[-56.774194,47.6516],[-56.985557,47.707171],[-57.100525,47.736165],[-57.519715,47.843442],[-57.412706,48.130964],[-57.367604,48.250321],[-57.290664,48.451828],[-57.241139,48.58085],[-57.066919,48.850493],[-56.993517,48.963568],[-56.943992,49.149128],[-56.90508,49.293614],[-56.847596,49.504785],[-56.846712,49.519282],[-56.790997,49.612062],[-56.804262,49.619794],[-56.792765,49.634774],[-56.737935,49.743984],[-56.66011,49.8271],[-56.539837,49.984632],[-56.438134,50.116071],[-56.293098,50.248476],[-56.183437,50.321927],[-56.073775,50.395861],[-55.695266,50.492024],[-55.499821,50.537447]]}},{"type":"Feature","properties":{},"geometry":{"type":"LineString","coordinates":[[-55.238049,51.758568],[-55.499821,51.750837],[-55.767785,51.741655],[-55.975611,51.735373],[-56.393032,51.573008],[-56.595552,51.493275],[-56.832562,51.399046],[-57.109369,51.286936]]}},{"type":"Feature","properties":{},"geometry":{"type":"LineString","coordinates":[[-57.109369,51.286936],[-57.1076,51.520336],[-57.1076,51.590888],[-57.105831,51.656607],[-57.106716,51.789978],[-57.1076,51.998734],[-57.318964,51.997767],[-57.705432,51.997284],[-57.964551,51.996317],[-58.32272,51.997284],[-58.787012,51.997767],[-59.034635,51.996801],[-60.201999,51.997284],[-60.441662,51.996317],[-60.786565,51.997284],[-61.129699,51.996317],[-61.368478,51.996801],[-61.80624,51.995834],[-61.999916,51.996801],[-62.333322,51.997284],[-62.499583,51.997284],[-62.844486,51.996801],[-63.225648,51.997284],[-63.533408,51.997284],[-63.801371,51.997767],[-63.800486,52.009848],[-63.810215,52.019996],[-63.812868,52.032076],[-63.827902,52.039808],[-63.841167,52.056721],[-63.835861,52.081849],[-63.820827,52.086681],[-63.770418,52.079433],[-63.739465,52.063486],[-63.723547,52.060104],[-63.699669,52.04464],[-63.681097,52.053822],[-63.662525,52.041258],[-63.657219,52.053822],[-63.662525,52.066386],[-63.707628,52.093447],[-63.695247,52.104561],[-63.690825,52.122924],[-63.706744,52.160615],[-63.698784,52.165448],[-63.717356,52.186227],[-63.71205,52.197824],[-63.727968,52.219086],[-63.748309,52.230201],[-63.755384,52.242764],[-63.750962,52.258228],[-63.778377,52.273691],[-63.771302,52.282873],[-63.804024,52.301235],[-63.800486,52.309933],[-63.776609,52.313316],[-63.765112,52.308],[-63.744771,52.315249],[-63.767765,52.327813],[-63.827902,52.334578],[-63.860623,52.319115],[-63.90661,52.334095],[-63.910148,52.34086],[-63.93491,52.342793],[-63.965863,52.35729],[-63.978244,52.355357],[-64.000353,52.363572],[-64.014503,52.363572],[-64.037497,52.392082],[-64.026,52.405613],[-64.044572,52.418177],[-64.051647,52.427841],[-64.089674,52.445721],[-64.097634,52.454419],[-64.096749,52.474231],[-64.089674,52.487762],[-64.087906,52.506608],[-64.071987,52.51289],[-64.047225,52.5443],[-64.04634,52.558797],[-64.015388,52.577159],[-63.979129,52.585857],[-63.967632,52.595039],[-63.950829,52.596005],[-63.935795,52.60567],[-63.921645,52.598421],[-63.901304,52.613885],[-63.850011,52.625966],[-63.829671,52.623549],[-63.80314,52.629831],[-63.772187,52.632248],[-63.716472,52.630798],[-63.688172,52.637563],[-63.667832,52.636597],[-63.640416,52.643845],[-63.61477,52.643845],[-63.597082,52.647711],[-63.565245,52.646261],[-63.528986,52.65061],[-63.482115,52.65061],[-63.444087,52.644812],[-63.419324,52.649644],[-63.413134,52.659308],[-63.380412,52.665107],[-63.3981,52.68202],[-63.407828,52.68347],[-63.438781,52.698933],[-63.444087,52.709564],[-63.459121,52.717779],[-63.482999,52.719229],[-63.497149,52.724544],[-63.526333,52.725511],[-63.551095,52.738075],[-63.575857,52.760787],[-63.617423,52.771901],[-63.615654,52.790747],[-63.595313,52.794129],[-63.603273,52.803794],[-63.591776,52.80911],[-63.599735,52.82409],[-63.584701,52.841486],[-63.598851,52.853567],[-63.616538,52.841486],[-63.651913,52.853083],[-63.675791,52.849218],[-63.641301,52.837137],[-63.643954,52.823606],[-63.659872,52.811042],[-63.689941,52.808626],[-63.719125,52.798962],[-63.713819,52.786398],[-63.721778,52.770451],[-63.751846,52.768518],[-63.764227,52.773834],[-63.797833,52.766585],[-63.819058,52.75837],[-63.854433,52.773351],[-63.873005,52.773834],[-63.894229,52.763686],[-63.893345,52.750156],[-63.921645,52.756438],[-63.918107,52.740008],[-63.937563,52.730826],[-63.982666,52.725511],[-64.007428,52.737108],[-64.037497,52.738075],[-64.039265,52.725994],[-64.063143,52.725028],[-64.079946,52.736625],[-64.089674,52.733243],[-64.13743,52.729377],[-64.147158,52.713913],[-64.125933,52.69845],[-64.127702,52.686369],[-64.153349,52.673322],[-64.172805,52.670423],[-64.158655,52.658342],[-64.153349,52.640462],[-64.170152,52.623549],[-64.168383,52.611952],[-64.154233,52.603254],[-64.167499,52.596005],[-64.17192,52.584408],[-64.194914,52.596005],[-64.199336,52.581508],[-64.210833,52.573777],[-64.191377,52.554448],[-64.170152,52.543333],[-64.167499,52.528836],[-64.15158,52.520138],[-64.156886,52.503708],[-64.144505,52.491628],[-64.142736,52.467949],[-64.127702,52.434123],[-64.134777,52.424459],[-64.114437,52.42011],[-64.107362,52.408512],[-64.118858,52.403197],[-64.10913,52.394015],[-64.126818,52.383868],[-64.138315,52.366954],[-64.167499,52.361639],[-64.166614,52.344726],[-64.17192,52.330712],[-64.164846,52.314282],[-64.17988,52.306551],[-64.199336,52.305584],[-64.209948,52.313799],[-64.225867,52.302685],[-64.207295,52.293987],[-64.209948,52.284322],[-64.232942,52.287705],[-64.246207,52.275624],[-64.236479,52.264027],[-64.217908,52.257261],[-64.224098,52.229717],[-64.209948,52.218603],[-64.209948,52.202656],[-64.198451,52.188643],[-64.201105,52.177045],[-64.187839,52.163998],[-64.160424,52.146119],[-64.177227,52.134038],[-64.164846,52.12389],[-64.172805,52.112776],[-64.210833,52.132105],[-64.24267,52.142736],[-64.236479,52.129206],[-64.254167,52.121474],[-64.25682,52.112776],[-64.246207,52.103111],[-64.25682,52.097312],[-64.251513,52.079916],[-64.292194,52.0775],[-64.280698,52.055755],[-64.269201,52.047056],[-64.279813,52.037392],[-64.246207,52.00115],[-64.233826,51.991002],[-64.237364,51.977955],[-64.279813,51.974572],[-64.299269,51.986653],[-64.323147,51.994384],[-64.323147,52.005016],[-64.338181,52.006948],[-64.347909,52.00115],[-64.341719,51.985686],[-64.345256,51.973122],[-64.345256,51.937363],[-64.357637,51.927216],[-64.344372,51.912719],[-64.33995,51.89049],[-64.353216,51.887107],[-64.352331,51.849416],[-64.339066,51.828637],[-64.320494,51.81414],[-64.302807,51.803509],[-64.307229,51.788045],[-64.304575,51.762917],[-64.299269,51.754703],[-64.278044,51.746488],[-64.276276,51.73634],[-64.293963,51.722809],[-64.30546,51.70348],[-64.322263,51.698165],[-64.322263,51.685118],[-64.337297,51.665305],[-64.358522,51.671587],[-64.377978,51.663855],[-64.395665,51.663855],[-64.41689,51.67497],[-64.430156,51.667721],[-64.434577,51.650808],[-64.456687,51.626647],[-64.491177,51.60925],[-64.50798,51.605385],[-64.541586,51.586539],[-64.553967,51.575908],[-64.575192,51.602002],[-64.587573,51.60925],[-64.597301,51.627613],[-64.623832,51.629063],[-64.625601,51.646942],[-64.616757,51.651291],[-64.621179,51.668204],[-64.637982,51.679319],[-64.6539,51.701547],[-64.677778,51.701547],[-64.688391,51.717011],[-64.707847,51.729091],[-64.709615,51.756152],[-64.73084,51.752286],[-64.739684,51.761468],[-64.77329,51.753253],[-64.79363,51.760985],[-64.80159,51.775481],[-64.812202,51.777898],[-64.838733,51.769683],[-64.847577,51.762434],[-64.872339,51.770166],[-64.891795,51.768716],[-64.924516,51.777898],[-64.938666,51.764367],[-64.920095,51.760985],[-64.916557,51.73489],[-64.930707,51.714111],[-64.957238,51.716527],[-64.987306,51.731508],[-64.998803,51.74987],[-65.020028,51.761468],[-65.049212,51.769683],[-65.071321,51.762434],[-65.082818,51.746004],[-65.10758,51.748904],[-65.162411,51.764367],[-65.180098,51.765817],[-65.186289,51.775481],[-65.168602,51.789978],[-65.173023,51.809791],[-65.169486,51.821871],[-65.195133,51.821388],[-65.210167,51.81269],[-65.240235,51.822838],[-65.264998,51.838785],[-65.253501,51.861496],[-65.300372,51.877926],[-65.323366,51.870194],[-65.31806,51.850865],[-65.336631,51.823321],[-65.355203,51.830086],[-65.362278,51.864396],[-65.385271,51.87406],[-65.397653,51.890973],[-65.399421,51.902088],[-65.393231,51.915135],[-65.373775,51.915618],[-65.355203,51.942679],[-65.360509,51.956209],[-65.35874,51.981337],[-65.374659,51.976505],[-65.371122,51.967324],[-65.389693,51.963458],[-65.412687,51.971189],[-65.410918,51.98617],[-65.425068,51.993418],[-65.426837,52.004049],[-65.456021,52.011297],[-65.495817,52.050439],[-65.497586,52.060104],[-65.490511,52.102145],[-65.502008,52.097796],[-65.513505,52.082815],[-65.530308,52.070735],[-65.531192,52.060587],[-65.548879,52.038842],[-65.563914,52.034009],[-65.598404,52.034976],[-65.620513,52.043191],[-65.636432,52.011781],[-65.633778,52.000183],[-65.647044,51.987136],[-65.668269,51.994384],[-65.677997,52.013714],[-65.668269,52.026278],[-65.679766,52.041741],[-65.651466,52.055271],[-65.654119,52.067835],[-65.648813,52.080883],[-65.662078,52.09248],[-65.674459,52.117608],[-65.68684,52.103594],[-65.714256,52.096346],[-65.72929,52.083299],[-65.738134,52.085232],[-65.749631,52.109876],[-65.762012,52.104078],[-65.797386,52.105527],[-65.841605,52.116642],[-65.876979,52.11036],[-65.88936,52.096829],[-65.887592,52.087648],[-65.89732,52.07605],[-65.913238,52.081366],[-65.919429,52.09103],[-65.954804,52.099729],[-65.968069,52.092963],[-65.960994,52.0775],[-65.970722,52.056721],[-65.996369,52.054788],[-66.015825,52.079916],[-66.049431,52.085232],[-66.066234,52.097796],[-66.097187,52.090547],[-66.096302,52.107943],[-66.078615,52.124856],[-66.076846,52.162065],[-66.098071,52.195408],[-66.128139,52.210388],[-66.138752,52.224402],[-66.159977,52.23165],[-66.17678,52.213287],[-66.208617,52.234066],[-66.205964,52.243731],[-66.218345,52.257261],[-66.236917,52.26306],[-66.249298,52.274174],[-66.248413,52.289638],[-66.25991,52.30945],[-66.282019,52.303651],[-66.289979,52.296886],[-66.283788,52.285289],[-66.312972,52.285289],[-66.297938,52.261127],[-66.299707,52.243248],[-66.286441,52.208455],[-66.264332,52.164965],[-66.269638,52.149018],[-66.291747,52.146602],[-66.306781,52.136937],[-66.329775,52.135971],[-66.333312,52.150468],[-66.358075,52.146602],[-66.376646,52.152884],[-66.380184,52.162548],[-66.35719,52.176562],[-66.37134,52.187193],[-66.375762,52.198307],[-66.389912,52.212804],[-66.423518,52.219569],[-66.440321,52.237932],[-66.470389,52.255812],[-66.455355,52.262577],[-66.433246,52.265959],[-66.439436,52.277074],[-66.468621,52.284805],[-66.446511,52.297369],[-66.465083,52.306551],[-66.481002,52.321531],[-66.49073,52.341827],[-66.466852,52.354391],[-66.453586,52.348592],[-66.436783,52.35874],[-66.441205,52.375653],[-66.41998,52.382901],[-66.409368,52.374686],[-66.387259,52.369854],[-66.370456,52.353907],[-66.354537,52.353424],[-66.343925,52.360189],[-66.346578,52.380968],[-66.341272,52.397398],[-66.373109,52.412861],[-66.358959,52.430741],[-66.390796,52.466017],[-66.393449,52.486312],[-66.381953,52.483896],[-66.372225,52.473265],[-66.355422,52.473265],[-66.358075,52.488245],[-66.370456,52.51289],[-66.395218,52.524487],[-66.389912,52.531736],[-66.36515,52.531253],[-66.36515,52.553964],[-66.374878,52.57281],[-66.405831,52.604703],[-66.440321,52.636597],[-66.416443,52.641912],[-66.417327,52.651093],[-66.402293,52.674772],[-66.389028,52.682503],[-66.366034,52.667523],[-66.363381,52.659792],[-66.340387,52.645295],[-66.320047,52.613402],[-66.309435,52.604703],[-66.284672,52.60422],[-66.277597,52.634664],[-66.303244,52.63708],[-66.297053,52.645295],[-66.311203,52.658825],[-66.313856,52.669456],[-66.338619,52.684436],[-66.337734,52.701349],[-66.30855,52.72841],[-66.331544,52.741457],[-66.330659,52.76127],[-66.351,52.783982],[-66.343925,52.795579],[-66.354537,52.802344],[-66.381068,52.794613],[-66.377531,52.813942],[-66.41379,52.848734],[-66.411137,52.872413],[-66.398756,52.878695],[-66.3793,52.877245],[-66.368687,52.863231],[-66.356306,52.858882],[-66.339503,52.863715],[-66.320931,52.856466],[-66.305013,52.841003],[-66.282904,52.833271],[-66.27406,52.845835],[-66.2944,52.860332],[-66.270522,52.865647],[-66.260794,52.874346],[-66.275829,52.88401],[-66.273176,52.896091],[-66.295285,52.918319],[-66.311203,52.926534],[-66.321816,52.939098],[-66.327122,52.972441],[-66.354537,52.999985],[-66.360728,53.014482],[-66.373109,53.020764],[-66.393449,53.021247],[-66.431477,53.048308],[-66.461546,53.046859],[-66.474811,53.042509],[-66.473927,53.022214],[-66.461546,52.999985],[-66.469505,52.990804],[-66.488961,52.985488],[-66.488077,52.96036],[-66.506648,52.950213],[-66.514608,52.960844],[-66.526104,52.961327],[-66.530526,52.94828],[-66.548214,52.941031],[-66.577398,52.936682],[-66.593316,52.941031],[-66.60216,52.949729],[-66.625153,52.954078],[-66.632228,52.947796],[-66.633113,52.931367],[-66.649916,52.921702],[-66.632228,52.900923],[-66.649031,52.899474],[-66.664066,52.88546],[-66.645494,52.872413],[-66.655222,52.866614],[-66.64461,52.8526],[-66.66495,52.830855],[-66.66495,52.814908],[-66.646378,52.788814],[-66.6508,52.780599],[-66.679984,52.79123],[-66.686175,52.783498],[-66.686175,52.763686],[-66.719781,52.763686],[-66.746312,52.773351],[-66.772843,52.797029],[-66.786993,52.797512],[-66.774611,52.775284],[-66.753387,52.751605],[-66.755155,52.720679],[-66.747196,52.703282],[-66.771958,52.696034],[-66.757808,52.673322],[-66.764883,52.666074],[-66.786108,52.672839],[-66.801142,52.708598],[-66.817061,52.711497],[-66.836517,52.745806],[-66.859511,52.768518],[-66.865701,52.764169],[-66.85332,52.721162],[-66.866586,52.718746],[-66.891348,52.732759],[-66.897538,52.727444],[-66.876314,52.71343],[-66.848898,52.677671],[-66.863048,52.673805],[-66.872776,52.681054],[-66.894885,52.676705],[-66.916994,52.715363],[-66.929376,52.728893],[-66.943525,52.737108],[-66.948832,52.75982],[-66.9789,52.753055],[-66.989513,52.762236],[-67.034615,52.747256],[-67.039921,52.767552],[-67.048765,52.773834],[-67.067337,52.775284],[-67.057609,52.80621],[-67.062031,52.818291],[-67.047881,52.837137],[-67.05584,52.857433],[-67.054071,52.868064],[-67.074412,52.875312],[-67.122167,52.862265],[-67.134549,52.851151],[-67.155773,52.849701],[-67.154889,52.82264],[-67.175229,52.82119],[-67.185842,52.831821],[-67.227407,52.841969],[-67.239788,52.858882],[-67.268972,52.877728],[-67.299925,52.884493],[-67.316728,52.875312],[-67.34149,52.896091],[-67.332647,52.907205],[-67.35564,52.928467],[-67.332647,52.959877],[-67.307,52.969059],[-67.276047,52.963743],[-67.248632,52.975824],[-67.283122,52.984039],[-67.307884,52.977757],[-67.345028,52.981139],[-67.368906,53.002401],[-67.35564,53.009167],[-67.3636,53.025596],[-67.380403,53.046375],[-67.390131,53.076819],[-67.391899,53.120793],[-67.385709,53.131907],[-67.371559,53.13529],[-67.346797,53.131907],[-67.331762,53.124175],[-67.287544,53.143988],[-67.302578,53.158968],[-67.274279,53.18023],[-67.253938,53.178297],[-67.248632,53.165733],[-67.217679,53.149786],[-67.154005,53.14737],[-67.134549,53.137706],[-67.140739,53.129008],[-67.124821,53.125142],[-67.115093,53.112095],[-67.088562,53.126108],[-67.075296,53.139155],[-67.061146,53.142055],[-67.046996,53.118377],[-67.069105,53.10098],[-67.068221,53.078752],[-67.04169,53.075852],[-66.984206,53.087933],[-66.991281,53.11741],[-66.960328,53.132873],[-66.994819,53.138672],[-67.014275,53.152203],[-67.006315,53.168632],[-66.982438,53.177814],[-66.959444,53.18168],[-66.973594,53.200042],[-66.978016,53.21309],[-66.976247,53.245466],[-66.96475,53.273976],[-66.954138,53.283641],[-66.95856,53.306353],[-66.965635,53.313118],[-66.992166,53.322783],[-67.018697,53.319883],[-67.026656,53.334863],[-67.02135,53.342112],[-66.996587,53.352743],[-67.01339,53.361924],[-66.995703,53.372555],[-66.966519,53.364824],[-66.954138,53.372555],[-66.946179,53.390918],[-66.923185,53.400099],[-66.906382,53.395267],[-66.890463,53.409281],[-66.924069,53.418462],[-66.925838,53.431026],[-66.934682,53.441657],[-66.924954,53.454704],[-66.94441,53.475966],[-66.970941,53.466302],[-66.995703,53.464369],[-66.996587,53.484665],[-66.984206,53.492396],[-67.006315,53.500128],[-67.030193,53.526706],[-67.054071,53.529605],[-67.062031,53.536853],[-67.100058,53.526706],[-67.130127,53.530088],[-67.157542,53.53782],[-67.179651,53.5528],[-67.189379,53.550867],[-67.189379,53.532988],[-67.218563,53.530571],[-67.257476,53.557149],[-67.28666,53.543619],[-67.307884,53.546035],[-67.323803,53.559082],[-67.313191,53.58421],[-67.3353,53.586626],[-67.352987,53.595324],[-67.376865,53.597257],[-67.373328,53.608371],[-67.394552,53.614653],[-67.387477,53.628667],[-67.389246,53.642197],[-67.413124,53.666842],[-67.414008,53.675057],[-67.397206,53.682789],[-67.421968,53.696319],[-67.427274,53.713232],[-67.417546,53.725313],[-67.440539,53.724346],[-67.433465,53.706467],[-67.465302,53.708883],[-67.505983,53.719031],[-67.517479,53.734978],[-67.499792,53.746092],[-67.499792,53.757206],[-67.538704,53.758656],[-67.567004,53.755756],[-67.592651,53.757689],[-67.599725,53.766387],[-67.567888,53.770737],[-67.557276,53.780401],[-67.604147,53.790066],[-67.602379,53.795381],[-67.544895,53.798281],[-67.521901,53.81616],[-67.499792,53.826791],[-67.50952,53.83404],[-67.536935,53.840322],[-67.555507,53.837422],[-67.571426,53.845637],[-67.564351,53.858684],[-67.592651,53.862067],[-67.609453,53.869315],[-67.613875,53.884779],[-67.609453,53.902175],[-67.596188,53.921504],[-67.636869,53.930202],[-67.662515,53.928269],[-67.67755,53.9418],[-67.661631,53.952431],[-67.699659,53.976592],[-67.725306,53.977559],[-67.742993,53.986257],[-67.75449,53.999787],[-67.766871,53.993989],[-67.787211,54.000271],[-67.782789,54.008485],[-67.816395,54.014767],[-67.821701,54.025882],[-67.790749,54.041345],[-67.794286,54.054392],[-67.779252,54.071305],[-67.788096,54.085319],[-67.761565,54.086285],[-67.767755,54.099816],[-67.791633,54.095467],[-67.805783,54.106098],[-67.797824,54.118662],[-67.810205,54.128326],[-67.765102,54.156837],[-67.748299,54.157803],[-67.729727,54.151038],[-67.705849,54.161186],[-67.674897,54.15877],[-67.640406,54.163119],[-67.653672,54.169884],[-67.653672,54.18873],[-67.628025,54.212892],[-67.651903,54.22159],[-67.67755,54.241885],[-67.688162,54.273295],[-67.672244,54.284893],[-67.679318,54.300839],[-67.676665,54.318719],[-67.697006,54.3308],[-67.725306,54.339015],[-67.748299,54.350129],[-67.73238,54.364142],[-67.724421,54.386854],[-67.750952,54.411982],[-67.768639,54.419714],[-67.776599,54.435177],[-67.764218,54.444359],[-67.734149,54.444359],[-67.727074,54.457406],[-67.705849,54.456439],[-67.706734,54.444359],[-67.685509,54.446292],[-67.667822,54.454023],[-67.674012,54.462238],[-67.662515,54.469003],[-67.666053,54.493648],[-67.643059,54.508145],[-67.628025,54.473352],[-67.609453,54.465621],[-67.592651,54.469003],[-67.582038,54.483017],[-67.582038,54.494131],[-67.551085,54.485916],[-67.531629,54.490265],[-67.518364,54.483017],[-67.500676,54.481567],[-67.499792,54.507178],[-67.473261,54.520226],[-67.474145,54.530373],[-67.484758,54.545354],[-67.498023,54.545354],[-67.515711,54.555985],[-67.527207,54.570965],[-67.500676,54.578213],[-67.491833,54.584978],[-67.467955,54.583529],[-67.429043,54.569032],[-67.422852,54.557918],[-67.406049,54.553085],[-67.34945,54.516843],[-67.3353,54.521192],[-67.323803,54.505246],[-67.303463,54.512011],[-67.287544,54.503313],[-67.28666,54.490265],[-67.269857,54.488332],[-67.262782,54.497514],[-67.245094,54.49993],[-67.24421,54.51491],[-67.227407,54.525058],[-67.259244,54.533756],[-67.277816,54.548736],[-67.297272,54.553568],[-67.268088,54.565166],[-67.279585,54.585462],[-67.268088,54.590777],[-67.241557,54.585462],[-67.230945,54.587395],[-67.234482,54.612039],[-67.220332,54.618321],[-67.193801,54.615422],[-67.176114,54.609623],[-67.13897,54.624603],[-67.142508,54.636201],[-67.123052,54.644899],[-67.129242,54.657946],[-67.105365,54.666644],[-67.077065,54.670993],[-67.082371,54.680658],[-67.062915,54.692739],[-67.073527,54.705303],[-67.138086,54.750243],[-67.177883,54.763773],[-67.180536,54.775854],[-67.213257,54.792767],[-67.225638,54.80823],[-67.221217,54.825144],[-67.243326,54.826593],[-67.259244,54.833842],[-67.283122,54.867668],[-67.310538,54.880232],[-67.315844,54.895212],[-67.3353,54.903427],[-67.339722,54.916474],[-67.357409,54.939669],[-67.370675,54.941602],[-67.399859,54.958032],[-67.398974,54.96528],[-67.414008,54.975911],[-67.401627,54.988958],[-67.422852,55.000073]]}},{"type":"Feature","properties":{},"geometry":{"type":"LineString","coordinates":[[-67.422852,55.000073],[-67.445846,55.008288],[-67.439655,55.032449],[-67.470608,55.048879],[-67.463533,55.062892],[-67.443193,55.064825],[-67.437886,55.077873],[-67.409587,55.088504],[-67.395437,55.084155],[-67.368021,55.091403],[-67.345912,55.086571],[-67.322919,55.088987],[-67.27251,55.076423],[-67.243326,55.05951],[-67.236251,55.044047],[-67.263666,55.045496],[-67.257476,55.021335],[-67.219448,55.000073]]}},{"type":"Feature","properties":{},"geometry":{"type":"LineString","coordinates":[[-67.219448,55.000073],[-67.208835,54.984126],[-67.187611,54.98026],[-67.157542,54.956582],[-67.13897,54.950783],[-67.11863,54.931454],[-67.056724,54.894729],[-67.04169,54.881681],[-67.039921,54.868151],[-66.996587,54.84254],[-66.947947,54.822244],[-66.926722,54.801948],[-66.911688,54.809197],[-66.886926,54.810647],[-66.875429,54.815962],[-66.842708,54.799532],[-66.812639,54.779237],[-66.772843,54.76619],[-66.768421,54.756042],[-66.749849,54.758458],[-66.717128,54.735263],[-66.697672,54.73478],[-66.695903,54.726081],[-66.675562,54.709168],[-66.667603,54.711101],[-66.663181,54.728981],[-66.686175,54.749276],[-66.718012,54.760874],[-66.72774,54.780203],[-66.717128,54.788418],[-66.733931,54.805331],[-66.733046,54.811613],[-66.659644,54.770055],[-66.64461,54.778753],[-66.638419,54.795183],[-66.609235,54.803398],[-66.603044,54.813546],[-66.632228,54.835775],[-66.633113,54.846889],[-66.651684,54.849788],[-66.6508,54.85752],[-66.663181,54.882165],[-66.689712,54.898111],[-66.681753,54.923722],[-66.710937,54.947401],[-66.71359,54.955616],[-66.74189,54.969629],[-66.740121,54.985093],[-66.765768,55.000073]]}},{"type":"Feature","properties":{},"geometry":{"type":"LineString","coordinates":[[-66.765768,55.000073],[-66.686175,55.000073],[-66.648147,54.977361],[-66.626922,54.985093],[-66.656106,55.007804],[-66.659644,55.016019],[-66.681753,55.02955],[-66.697672,55.0281],[-66.734815,55.044047],[-66.733046,55.058543],[-66.746312,55.066275],[-66.755155,55.086571],[-66.747196,55.091886],[-66.69944,55.063376],[-66.695018,55.069658],[-66.733046,55.092853],[-66.755155,55.113632],[-66.788761,55.118464],[-66.767536,55.135377],[-66.779918,55.13876],[-66.767536,55.149874],[-66.748965,55.148424],[-66.746312,55.158572],[-66.756924,55.172102],[-66.760462,55.188049],[-66.739237,55.193848],[-66.755155,55.205928],[-66.748965,55.215593],[-66.719781,55.209311],[-66.683522,55.18515],[-66.689712,55.209794],[-66.7074,55.227191],[-66.726856,55.235405],[-66.740121,55.247969],[-66.786108,55.273097],[-66.824136,55.306923],[-66.828558,55.326736],[-66.800258,55.32287],[-66.815292,55.34075],[-66.81883,55.355246],[-66.778149,55.352347],[-66.72774,55.318521],[-66.708284,55.316588],[-66.696787,55.305474],[-66.700325,55.29001],[-66.669372,55.269232],[-66.658759,55.255218],[-66.64461,55.267299],[-66.626922,55.265849],[-66.618079,55.27793],[-66.603044,55.268748],[-66.565901,55.238305],[-66.54556,55.235405],[-66.516376,55.195297],[-66.495152,55.204962],[-66.480117,55.178384],[-66.466852,55.160022],[-66.444743,55.141176],[-66.41998,55.131028],[-66.402293,55.113148],[-66.355422,55.083188],[-66.321816,55.057094],[-66.303244,55.035348],[-66.282904,55.031966],[-66.259026,54.999589]]}},{"type":"Feature","properties":{},"geometry":{"type":"LineString","coordinates":[[-66.259026,54.999589],[-66.235148,54.991858],[-66.210386,54.979294],[-66.188276,54.980743],[-66.167936,54.973012],[-66.143174,54.982193],[-66.087459,54.949817],[-66.064465,54.929038],[-66.048546,54.92034],[-66.036165,54.923239],[-66.049431,54.937253],[-66.023784,54.942085],[-65.996369,54.930971],[-65.965416,54.930004],[-65.924735,54.940152],[-65.887592,54.925172],[-65.870789,54.923239],[-65.849564,54.927105],[-65.838952,54.907776],[-65.857523,54.892796],[-65.836298,54.882165],[-65.836298,54.874433],[-65.853101,54.85607],[-65.838067,54.836741],[-65.819495,54.824177],[-65.777046,54.802915],[-65.756705,54.786968],[-65.742556,54.769572],[-65.713371,54.741062],[-65.720446,54.731397],[-65.706297,54.717867],[-65.690378,54.711585],[-65.670038,54.718833],[-65.648813,54.735263],[-65.650581,54.747827],[-65.63201,54.754592],[-65.621397,54.738645],[-65.592213,54.742994],[-65.562145,54.739612],[-65.548879,54.728981],[-65.513505,54.736229],[-65.486974,54.728498],[-65.455136,54.728498],[-65.448061,54.743961],[-65.42949,54.74831],[-65.434796,54.784069],[-65.466633,54.801948],[-65.486974,54.819828],[-65.486974,54.834325],[-65.46398,54.84109],[-65.456021,54.849305],[-65.411802,54.842057],[-65.411802,54.823211],[-65.400306,54.818862],[-65.384387,54.829976],[-65.356087,54.818862],[-65.345475,54.825144],[-65.3384,54.841573],[-65.326019,54.848822],[-65.304794,54.819828],[-65.287991,54.825627],[-65.290644,54.840124],[-65.266766,54.848339],[-65.242888,54.849788],[-65.209283,54.847855],[-65.200439,54.858003],[-65.201323,54.880715],[-65.179214,54.90536],[-65.173023,54.933387],[-65.134111,54.928071],[-65.122615,54.941602],[-65.126152,54.961414],[-65.085471,54.969629],[-65.076628,54.968179],[-65.070437,54.953683],[-65.05275,54.956099],[-65.040368,54.943535],[-65.009416,54.930971],[-64.972272,54.937253],[-64.92717,54.921306],[-64.914788,54.919857],[-64.902407,54.901494],[-64.890026,54.894245],[-64.871454,54.892796],[-64.846692,54.87395],[-64.861726,54.855104],[-64.85642,54.840124],[-64.837849,54.840124],[-64.815739,54.848822],[-64.800705,54.832392],[-64.783902,54.843023],[-64.760909,54.829493],[-64.747643,54.814029],[-64.75914,54.799532],[-64.775943,54.787935],[-64.76533,54.773921],[-64.784787,54.754109],[-64.777712,54.73333],[-64.763562,54.729464],[-64.735262,54.735746],[-64.73084,54.725598],[-64.711384,54.723182],[-64.687506,54.726081],[-64.679547,54.735746],[-64.650363,54.730431],[-64.622947,54.721732],[-64.599954,54.728981],[-64.55662,54.713517],[-64.529205,54.737679],[-64.554851,54.744927],[-64.534511,54.76184],[-64.51417,54.751209],[-64.474374,54.752176],[-64.485871,54.771022],[-64.47968,54.783103],[-64.485871,54.79325],[-64.422196,54.787935],[-64.397434,54.790351],[-64.384168,54.780203],[-64.362944,54.777787],[-64.306344,54.759424],[-64.294847,54.753142],[-64.301038,54.741545],[-64.275391,54.728014],[-64.239132,54.728981],[-64.225867,54.719316],[-64.203758,54.728014],[-64.190492,54.728014],[-64.178995,54.7169],[-64.187839,54.710618],[-64.176342,54.701437],[-64.180764,54.693705],[-64.145389,54.676309],[-64.141852,54.667127],[-64.106477,54.660362],[-64.10294,54.65553],[-64.112668,54.633301],[-64.107362,54.613006],[-64.086137,54.623154],[-64.071987,54.616872],[-64.0543,54.600925],[-64.034844,54.607207],[-64.003891,54.601891],[-63.984435,54.608657],[-63.974707,54.620254],[-63.934026,54.606724],[-63.911032,54.604308],[-63.877426,54.613006],[-63.877426,54.618804],[-63.830555,54.632818],[-63.813752,54.650698],[-63.764227,54.637167],[-63.743003,54.626536],[-63.712934,54.625086],[-63.725315,54.651664],[-63.723547,54.659879],[-63.743887,54.670027],[-63.763343,54.673893],[-63.759806,54.68549],[-63.768649,54.699987],[-63.804024,54.7169],[-63.80314,54.725598],[-63.833208,54.736229],[-63.860623,54.752659],[-63.895998,54.759908],[-63.889808,54.768122],[-63.924298,54.77827],[-63.910148,54.788418],[-63.903957,54.800982],[-63.87212,54.800499],[-63.817289,54.816929],[-63.827902,54.847372],[-63.849127,54.862835],[-63.852664,54.875883],[-63.846474,54.894729],[-63.828786,54.901011],[-63.83763,54.914541],[-63.812868,54.919373],[-63.799602,54.926139],[-63.824364,54.934353],[-63.820827,54.947884],[-63.791643,54.956099],[-63.784568,54.947884],[-63.751846,54.942085],[-63.715587,54.925655],[-63.696131,54.925172],[-63.693478,54.909709],[-63.661641,54.900044],[-63.630688,54.909225],[-63.619191,54.899561],[-63.591776,54.896662],[-63.612116,54.919857],[-63.604157,54.926139],[-63.583817,54.923722],[-63.577626,54.930004],[-63.602388,54.939186],[-63.597967,54.959481],[-63.612116,54.969146],[-63.611232,54.976878],[-63.587354,54.973978],[-63.573204,54.978811],[-63.576742,54.987992],[-63.557286,54.989925],[-63.559054,55.000073]]}},{"type":"Feature","properties":{},"geometry":{"type":"LineString","coordinates":[[-63.559054,55.000073],[-63.605926,55.008288],[-63.596198,55.021335],[-63.556401,55.034382],[-63.575857,55.042114],[-63.573204,55.054194],[-63.587354,55.06096],[-63.60681,55.06096],[-63.615654,55.069174],[-63.603273,55.076423],[-63.611232,55.09092],[-63.591776,55.095269],[-63.58647,55.116048],[-63.602388,55.128612],[-63.574089,55.132961],[-63.565245,55.140209],[-63.573204,55.155673],[-63.541367,55.160022],[-63.52368,55.168237],[-63.531639,55.174519],[-63.555517,55.173069],[-63.562592,55.187566],[-63.490074,55.200613],[-63.45293,55.202063],[-63.431706,55.211244],[-63.425515,55.226224],[-63.41225,55.233473],[-63.422862,55.243137],[-63.402522,55.248936],[-63.402522,55.257634],[-63.445855,55.251352],[-63.462658,55.255218],[-63.47504,55.245553],[-63.490074,55.244587],[-63.508646,55.232023],[-63.547558,55.225258],[-63.563476,55.24362],[-63.57851,55.236372],[-63.597967,55.238305],[-63.609463,55.23009],[-63.622729,55.242654],[-63.601504,55.251352],[-63.630688,55.256184],[-63.652797,55.251835],[-63.679328,55.266815],[-63.643954,55.287594],[-63.588239,55.302574],[-63.569667,55.297742],[-63.551979,55.301125],[-63.542251,55.309823],[-63.522795,55.309823],[-63.532523,55.325286],[-63.553748,55.320937],[-63.590892,55.320937],[-63.590892,55.333018],[-63.551979,55.345099],[-63.52987,55.341716],[-63.482115,55.349931],[-63.442318,55.344132],[-63.399868,55.354763],[-63.324697,55.365877],[-63.333541,55.383757],[-63.319391,55.411784],[-63.337078,55.409851],[-63.352113,55.418549],[-63.392793,55.405019],[-63.449393,55.411784],[-63.450277,55.420482],[-63.470618,55.419999],[-63.478577,55.429181],[-63.510414,55.420482],[-63.534292,55.427248],[-63.549326,55.420966],[-63.566129,55.427248],[-63.57851,55.420482],[-63.604157,55.428697],[-63.630688,55.430147],[-63.644838,55.423382],[-63.665178,55.422899],[-63.736812,55.438362],[-63.749193,55.454792],[-63.767765,55.454792],[-63.78103,55.465423],[-63.775724,55.481853],[-63.756268,55.481853],[-63.741234,55.491517],[-63.7262,55.492967],[-63.716472,55.504564],[-63.691709,55.508913],[-63.68375,55.537907],[-63.665178,55.546122],[-63.665178,55.567384],[-63.681097,55.575599],[-63.674906,55.589613],[-63.662525,55.598794],[-63.682866,55.608942],[-63.688172,55.625372],[-63.680213,55.635036],[-63.643954,55.641802],[-63.668716,55.652433],[-63.715587,55.657748],[-63.738581,55.6505],[-63.751846,55.658715],[-63.750962,55.671279],[-63.722662,55.679493],[-63.710281,55.688675],[-63.727968,55.69544],[-63.720009,55.705105],[-63.725315,55.72685],[-63.702322,55.727333],[-63.713819,55.738931],[-63.701437,55.742797],[-63.704975,55.755361],[-63.681981,55.752944],[-63.674022,55.759226],[-63.679328,55.774206],[-63.666947,55.787737],[-63.675791,55.792086],[-63.705859,55.787254],[-63.717356,55.780488],[-63.74035,55.782421],[-63.761574,55.796918],[-63.776609,55.801267],[-63.780146,55.812865],[-63.773071,55.822046],[-63.755384,55.82108],[-63.752731,55.83316],[-63.766881,55.839442],[-63.773955,55.855872],[-63.812868,55.863604],[-63.844705,55.879067],[-63.84382,55.887765],[-63.825249,55.904678],[-63.854433,55.909994],[-63.849127,55.916759],[-63.80933,55.922558],[-63.792527,55.931256],[-63.771302,55.929323],[-63.750962,55.933672],[-63.734159,55.927873],[-63.706744,55.940437],[-63.71205,55.953485],[-63.688172,55.948169],[-63.667832,55.969431],[-63.654566,55.972331],[-63.635994,55.965082],[-63.627151,55.97378],[-63.597967,55.981995],[-63.562592,56.005673],[-63.526333,56.00519],[-63.505108,56.001324],[-63.487421,55.987311],[-63.472386,55.987794],[-63.470618,55.998425],[-63.490958,56.010023],[-63.46708,56.011955],[-63.443202,56.029352],[-63.49538,56.039983],[-63.521027,56.039016],[-63.577626,56.025003],[-63.603273,56.031285],[-63.636879,56.023553],[-63.690825,56.043849],[-63.682866,56.059795],[-63.731506,56.069943],[-63.773955,56.053513],[-63.790758,56.05303],[-63.82348,56.045298],[-63.83763,56.044815],[-63.821711,56.063661],[-63.822596,56.073809],[-63.811099,56.08444],[-63.834977,56.087822],[-63.839399,56.100386],[-63.882733,56.087339],[-63.887154,56.092655],[-63.838514,56.122615],[-63.856202,56.137112],[-63.883617,56.137112],[-63.929604,56.111501],[-63.938448,56.09797],[-63.953482,56.088306],[-63.972938,56.08589],[-64.018041,56.067044],[-64.034844,56.069943],[-64.035728,56.082024],[-64.014503,56.10087],[-64.002122,56.102803],[-64.00566,56.119232],[-64.014503,56.127447],[-64.008313,56.138078],[-64.024231,56.142427],[-64.035728,56.154991],[-64.019809,56.15934],[-64.004775,56.173354],[-63.949944,56.184952],[-63.90042,56.198965],[-63.863277,56.212496],[-63.874773,56.224576],[-63.895114,56.222644],[-63.911917,56.230858],[-63.912801,56.263718],[-63.93491,56.270967],[-63.966747,56.25647],[-64.022463,56.267584],[-64.075525,56.255986],[-64.087021,56.256953],[-64.090559,56.279665],[-64.110899,56.288846],[-64.143621,56.312041],[-64.10913,56.322672],[-64.098518,56.333786],[-64.107362,56.342968],[-64.099402,56.352149],[-64.116205,56.366163],[-64.127702,56.370029],[-64.110015,56.385975],[-64.115321,56.401922],[-64.143621,56.405304],[-64.157771,56.419801],[-64.178111,56.425117],[-64.152464,56.441063],[-64.13743,56.433332],[-64.095865,56.42415],[-64.064028,56.42415],[-64.020694,56.417868],[-63.993278,56.408204],[-63.965863,56.41062],[-63.951713,56.421251],[-63.902189,56.44058],[-63.88627,56.432848],[-63.873005,56.448795],[-63.897767,56.469091],[-63.912801,56.462809],[-63.930488,56.466191],[-63.931373,56.474889],[-63.944638,56.493252],[-63.941101,56.511615],[-63.931373,56.533843],[-63.956135,56.546891],[-63.964094,56.557522],[-63.982666,56.56477],[-64.001238,56.579267],[-64.003891,56.591348],[-64.050762,56.606328],[-64.053415,56.615509],[-64.033959,56.633389],[-64.04015,56.640637],[-64.025116,56.653201],[-64.050762,56.65755],[-64.090559,56.653684],[-64.094096,56.662866],[-64.128587,56.682678],[-64.145389,56.699591],[-64.099402,56.743565],[-64.076409,56.746464],[-64.079062,56.767243],[-64.012734,56.778841],[-64.002122,56.797687],[-64.009197,56.806868],[-64.012734,56.849876],[-64.003891,56.861956],[-63.98355,56.86099],[-63.918992,56.871138],[-63.899536,56.87742],[-63.857086,56.872587],[-63.867698,56.883218],[-63.864161,56.896749],[-63.878311,56.903997],[-63.918107,56.903997],[-63.917223,56.917045],[-63.908379,56.927676],[-63.91457,56.939756],[-63.91457,56.977448],[-63.907495,56.984213],[-63.887154,56.980831],[-63.85797,56.999194],[-63.891576,57.012724],[-63.889808,57.046067],[-63.898651,57.055248],[-63.891576,57.062497],[-63.889808,57.086175],[-63.881848,57.088108],[-63.819943,57.075544],[-63.811983,57.078926],[-63.798718,57.106471],[-63.765112,57.139813],[-63.780146,57.161559],[-63.779262,57.179438],[-63.771302,57.195868],[-63.736812,57.221479],[-63.741234,57.240808],[-63.779262,57.259171],[-63.80933,57.26207],[-63.826133,57.241292],[-63.844705,57.225828],[-63.841167,57.210848],[-63.87212,57.192485],[-63.884501,57.196351],[-63.866814,57.226311],[-63.881848,57.26497],[-63.883617,57.277534],[-63.869467,57.297829],[-63.856202,57.334072],[-63.824364,57.339387],[-63.801371,57.332139],[-63.785452,57.353401],[-63.767765,57.358233],[-63.742118,57.35775],[-63.701437,57.368381],[-63.708512,57.384328],[-63.723547,57.398341],[-63.710281,57.422503],[-63.731506,57.426369],[-63.761574,57.439416],[-63.758037,57.454396],[-63.765996,57.464544],[-63.77484,57.493537],[-63.767765,57.5148],[-63.753615,57.515283],[-63.750962,57.535578],[-63.765112,57.560706],[-63.772187,57.5926],[-63.758037,57.591633],[-63.745656,57.579552],[-63.73239,57.588734],[-63.730622,57.601298],[-63.699669,57.615311],[-63.684634,57.603231],[-63.670485,57.62111],[-63.650144,57.620144],[-63.644838,57.634157],[-63.622729,57.641889],[-63.598851,57.663634],[-63.594429,57.685863],[-63.609463,57.692145],[-63.597082,57.707608],[-63.597082,57.741434],[-63.623613,57.739501],[-63.632457,57.72887],[-63.652797,57.732736],[-63.667832,57.724038],[-63.659872,57.715823],[-63.658988,57.701809],[-63.685519,57.683447],[-63.703206,57.663634],[-63.735043,57.662668],[-63.748309,57.674265],[-63.744771,57.688762],[-63.750962,57.699876],[-63.753615,57.720655],[-63.789874,57.687313],[-63.813752,57.689729],[-63.820827,57.705675],[-63.847358,57.719206],[-63.86593,57.710991],[-63.883617,57.71244],[-63.907495,57.751582],[-63.901304,57.762696],[-63.908379,57.77671],[-63.903957,57.798455],[-63.911917,57.801355],[-63.938448,57.788791],[-63.953482,57.799905],[-63.972054,57.799422],[-63.996816,57.811986],[-64.01185,57.802321],[-64.029537,57.804254],[-64.033959,57.791207],[-64.023347,57.778643],[-64.026,57.764629],[-64.071987,57.769945],[-64.092327,57.794106],[-64.092327,57.802804],[-64.11709,57.811019],[-64.121512,57.826483],[-64.156886,57.890269],[-64.157771,57.916363],[-64.162192,57.923129],[-64.190492,57.93086],[-64.204642,57.973868],[-64.227636,57.989331],[-64.227636,58.005278],[-64.238248,58.02509],[-64.218792,58.037171],[-64.233826,58.042003],[-64.250629,58.03862],[-64.269201,58.061332],[-64.278044,58.046835],[-64.299269,58.044419],[-64.320494,58.061332],[-64.3541,58.069064],[-64.386822,58.069547],[-64.412468,58.061332],[-64.432809,58.07003],[-64.426618,58.088393],[-64.435462,58.098541],[-64.433693,58.11642],[-64.424849,58.130434],[-64.43104,58.156045],[-64.422196,58.173925],[-64.421312,58.186489],[-64.389475,58.196637],[-64.373556,58.208234],[-64.318725,58.217899],[-64.27097,58.221281],[-64.247092,58.227563],[-64.240901,58.237711],[-64.217908,58.247859],[-64.217023,58.261873],[-64.20818,58.275403],[-64.217023,58.287484],[-64.196683,58.293766],[-64.198451,58.312128],[-64.184302,58.316961],[-64.178111,58.330491],[-64.17192,58.361901],[-64.158655,58.371082],[-64.118858,58.3648],[-64.097634,58.376881],[-64.061375,58.360935],[-64.030422,58.365767],[-64.022463,58.371082],[-64.028653,58.389445],[-64.013619,58.423754],[-63.998585,58.425687],[-63.986203,58.444533],[-63.964094,58.438735],[-63.924298,58.445017],[-63.880964,58.429553],[-63.847358,58.449849],[-63.842936,58.467728],[-63.822596,58.473527],[-63.807561,58.489957],[-63.82348,58.497205],[-63.858855,58.504454],[-63.858855,58.521367],[-63.849127,58.533448],[-63.850011,58.546495],[-63.862392,58.552777],[-63.85797,58.563891],[-63.907495,58.573556],[-63.946407,58.558576],[-63.951713,58.541179],[-63.973822,58.529582],[-64.009197,58.531031],[-64.033959,58.5233],[-64.047225,58.534897],[-64.067565,58.534414],[-64.07464,58.547461],[-64.104709,58.563408],[-64.110899,58.581771],[-64.093212,58.588053],[-64.116205,58.602549],[-64.108246,58.639758],[-64.079062,58.653772],[-64.076409,58.665852],[-64.047225,58.702578],[-64.033959,58.704511],[-64.016272,58.695329],[-63.984435,58.687598],[-63.964979,58.690497],[-63.949944,58.685182],[-63.931373,58.701128],[-63.910148,58.71031],[-63.874773,58.705961],[-63.855317,58.696296],[-63.835861,58.71031],[-63.811099,58.712243],[-63.794296,58.703061],[-63.754499,58.716592],[-63.71824,58.706444],[-63.695247,58.719491],[-63.6696,58.717075],[-63.660757,58.72529],[-63.629804,58.714659],[-63.619191,58.72384],[-63.553748,58.733988],[-63.506877,58.742686],[-63.494496,58.7538],[-63.46708,58.762015],[-63.491843,58.76878],[-63.513067,58.795841],[-63.534292,58.816137],[-63.550211,58.822419],[-63.551095,58.836433],[-63.595313,58.857211],[-63.617423,58.855278],[-63.635994,58.848513],[-63.660757,58.854795],[-63.680213,58.866393],[-63.680213,58.878474],[-63.710281,58.887172],[-63.725315,58.877024],[-63.777493,58.884272],[-63.799602,58.856245],[-63.811983,58.847064],[-63.834977,58.848997],[-63.862392,58.832083],[-63.897767,58.837399],[-63.957019,58.826768],[-63.975591,58.830151],[-63.995047,58.813721],[-64.019809,58.81662],[-64.045456,58.810338],[-64.038381,58.802123],[-64.04634,58.789559],[-64.071987,58.783277],[-64.069334,58.769264],[-64.094096,58.757183],[-64.13743,58.746069],[-64.158655,58.758149],[-64.178995,58.789076],[-64.20022,58.779411],[-64.229404,58.783761],[-64.237364,58.805023],[-64.226751,58.845614],[-64.233826,58.863977],[-64.287772,58.883306],[-64.287772,58.896836],[-64.332875,58.904568],[-64.350563,58.892004],[-64.378862,58.903601],[-64.400087,58.902635],[-64.406278,58.891037],[-64.420427,58.890071],[-64.426618,58.904568],[-64.455802,58.908434],[-64.476143,58.903601],[-64.508864,58.887655],[-64.550429,58.887655],[-64.557504,58.897319],[-64.579613,58.904568],[-64.614988,58.907467],[-64.632675,58.933562],[-64.651247,58.94371],[-64.681316,58.948059],[-64.70254,58.946609],[-64.73084,58.950958],[-64.756487,58.940327],[-64.750296,58.934045],[-64.76533,58.923897],[-64.821046,58.917132],[-64.831658,58.921964],[-64.839617,58.936944],[-64.868801,58.941777],[-64.879414,58.951924],[-64.832542,58.956273],[-64.84227,58.966905],[-64.840502,58.980435],[-64.862611,58.986234],[-64.869686,58.998314],[-64.865264,59.015227],[-64.829005,59.020543],[-64.831658,59.03504],[-64.82193,59.049537],[-64.77948,59.075148],[-64.752065,59.070316],[-64.72465,59.076114],[-64.683084,59.074665],[-64.679547,59.047121],[-64.670703,59.038423],[-64.630907,59.040839],[-64.616757,59.034073],[-64.595532,59.03504],[-64.57077,59.027308],[-64.545123,59.009429],[-64.523014,59.002664],[-64.507095,59.019577],[-64.497367,59.019577],[-64.470836,58.999764],[-64.481449,58.988167],[-64.460224,58.981401],[-64.436346,58.994449],[-64.423965,58.991549],[-64.387706,59.006046],[-64.345256,59.00508],[-64.293963,59.000731],[-64.262126,59.012811],[-64.273623,59.021993],[-64.315188,59.065483],[-64.361175,59.067416],[-64.363828,59.087229],[-64.376209,59.092544],[-64.41689,59.087712],[-64.450496,59.102692],[-64.490292,59.099309],[-64.498252,59.106558],[-64.484102,59.118155],[-64.491177,59.136518],[-64.472605,59.180492],[-64.503558,59.195472],[-64.52213,59.196922],[-64.511517,59.238963],[-64.488524,59.257326],[-64.516823,59.280037],[-64.543354,59.310481],[-64.527436,59.320145],[-64.492946,59.349622],[-64.525667,59.361703],[-64.538048,59.370884],[-64.523898,59.384898],[-64.52832,59.395529],[-64.516823,59.403744],[-64.495599,59.404227],[-64.461108,59.411959],[-64.472605,59.418241],[-64.511517,59.423073],[-64.466415,59.450134],[-64.458455,59.459316],[-64.425734,59.465114],[-64.407162,59.477678],[-64.386822,59.473812],[-64.380631,59.48396],[-64.349678,59.502806],[-64.327569,59.497491],[-64.324032,59.512954],[-64.385937,59.523585],[-64.418659,59.532766],[-64.433693,59.541948],[-64.462877,59.523585],[-64.502674,59.521169],[-64.505327,59.501356],[-64.531858,59.499424],[-64.561042,59.487826],[-64.589342,59.466081],[-64.626485,59.482027],[-64.636213,59.477195],[-64.642404,59.459316],[-64.679547,59.446752],[-64.694581,59.457866],[-64.728187,59.466564],[-64.737031,59.480578],[-64.762677,59.496524],[-64.764446,59.514887],[-64.804243,59.525035],[-64.803358,59.534216],[-64.822814,59.540498],[-64.839617,59.553545],[-64.868801,59.54678],[-64.891795,59.562243],[-64.939551,59.567076],[-64.92717,59.59317],[-64.868801,59.586405],[-64.859958,59.59172],[-64.882951,59.610566],[-64.897985,59.641976],[-64.889142,59.662272],[-64.871454,59.668554],[-64.824583,59.675802],[-64.760909,59.706729],[-64.749412,59.71736],[-64.774174,59.725092],[-64.80159,59.724609],[-64.790093,59.760368],[-64.813971,59.783079],[-64.813971,59.79516],[-64.788324,59.803375],[-64.791861,59.812073],[-64.825467,59.825604],[-64.816624,59.835268],[-64.797168,59.840584],[-64.777712,59.852664],[-64.737031,59.855564],[-64.738799,59.861846],[-64.766215,59.869577],[-64.756487,59.886007],[-64.741453,59.88939],[-64.704309,59.883591],[-64.683969,59.877309],[-64.666281,59.888423],[-64.658322,59.901471],[-64.640635,59.907269],[-64.626485,59.930464],[-64.634444,59.93578],[-64.663628,59.927565],[-64.66186,59.952693],[-64.692812,59.958975],[-64.732609,59.95076],[-64.747643,59.954626],[-64.746759,59.974438],[-64.783018,59.980237],[-64.806896,59.970572],[-64.840502,59.970089],[-64.860842,59.995217],[-64.87057,60.016962],[-64.887373,60.04209],[-64.923632,60.06142],[-64.896217,60.066252],[-64.820161,60.050305],[-64.783018,60.057554],[-64.742337,60.056104],[-64.717575,60.063836],[-64.706078,60.074467],[-64.707847,60.084615],[-64.726418,60.094762],[-64.757371,60.101528],[-64.735262,60.109743],[-64.681316,60.107326],[-64.672472,60.113608],[-64.632675,60.105393],[-64.603491,60.109743],[-64.593763,60.116991],[-64.602607,60.167247],[-64.614104,60.170629],[-64.641519,60.167247],[-64.66186,60.170146],[-64.6822,60.181261],[-64.699003,60.171113],[-64.733493,60.164348],[-64.745874,60.168697],[-64.750296,60.188026],[-64.780365,60.196241],[-64.783902,60.203972],[-64.840502,60.222818],[-64.86438,60.228134],[-64.873223,60.237315],[-64.852883,60.252779],[-64.862611,60.258577],[-64.853767,60.269208],[-64.806896,60.275974],[-64.723765,60.291437],[-64.707847,60.303518],[-64.681316,60.296752],[-64.597301,60.300618],[-64.581382,60.30835],[-64.563695,60.3069],[-64.530089,60.296752],[-64.517708,60.304484]]}},{"type":"Feature","properties":{},"geometry":{"type":"LineString","coordinates":[[-64.517708,60.304484],[-64.517708,60.315115],[-64.535395,60.334444],[-64.533626,60.34121],[-64.491177,60.372619],[-64.432809,60.377935],[-64.185186,60.374552],[-64.138315,60.172079],[-64.072871,60.059487],[-64.000353,60.001016],[-63.995932,60.000049]]}},{"type":"Feature","properties":{},"geometry":{"type":"LineString","coordinates":[[-57.524137,51.197056],[-57.500259,51.202854],[-57.109369,51.286936]]}},{"type":"Feature","properties":{},"geometry":{"type":"LineString","coordinates":[[-52.961689,47.8043],[-52.825497,47.877751]]}},{"type":"Feature","properties":{},"geometry":{"type":"LineString","coordinates":[[-62.499583,45.861234],[-62.695913,45.857852],[-62.754281,45.858335],[-62.81884,45.865583],[-62.868364,45.874281],[-62.911698,45.885396],[-62.970066,45.907624],[-63.028434,45.946766],[-63.058503,45.972377],[-63.10449,46.003304],[-63.146055,46.015384]]}},{"type":"Feature","properties":{},"geometry":{"type":"LineString","coordinates":[[-63.146055,46.015384],[-63.100068,46.079171],[-63.122177,46.187897],[-63.127484,46.198528],[-63.144286,46.211092],[-63.136327,46.217374]]}},{"type":"Feature","properties":{},"geometry":{"type":"LineString","coordinates":[[-63.136327,46.217374],[-63.100953,46.238637],[-63.073537,46.264731]]}},{"type":"Feature","properties":{},"geometry":{"type":"LineString","coordinates":[[-63.073537,46.264731],[-63.054081,46.279228],[-63.001903,46.307255],[-62.989522,46.309671],[-62.985985,46.320302],[-63.001903,46.328034],[-63.018706,46.329484],[-63.032856,46.356061],[-63.038162,46.381673],[-62.992175,46.386022],[-63.003672,46.401485],[-63.036394,46.410183],[-63.047891,46.426613]]}},{"type":"Feature","properties":{},"geometry":{"type":"LineString","coordinates":[[-63.136327,46.217374],[-63.158436,46.237187],[-63.177008,46.249751],[-63.196464,46.276328],[-63.175239,46.294208],[-63.127484,46.292758],[-63.13279,46.304839],[-63.112449,46.305805],[-63.100953,46.300973],[-63.082381,46.271013],[-63.073537,46.264731]]}},{"type":"Feature","properties":{},"geometry":{"type":"LineString","coordinates":[[-63.692594,46.57738],[-63.724431,46.558051],[-63.750078,46.554185],[-63.769534,46.561434],[-63.792527,46.551769],[-63.804908,46.537272],[-63.806677,46.512145],[-63.800486,46.50103],[-63.763343,46.467204],[-63.74654,46.440627],[-63.74654,46.430479],[-63.714703,46.427579],[-63.696131,46.396653],[-63.702322,46.37829],[-63.712934,46.36186],[-63.696131,46.346397],[-63.689056,46.318853],[-63.716472,46.310155],[-63.729737,46.294208],[-63.802255,46.275362]]}},{"type":"Feature","properties":{},"geometry":{"type":"LineString","coordinates":[[-63.146055,46.015384],[-63.330888,46.068056]]}},{"type":"Feature","properties":{},"geometry":{"type":"LineString","coordinates":[[-63.330888,46.068056],[-63.488305,46.089319],[-63.579395,46.09995],[-63.61477,46.093184]]}},{"type":"Feature","properties":{},"geometry":{"type":"LineString","coordinates":[[-63.61477,46.093184],[-63.749193,46.229455]]}},{"type":"Feature","properties":{},"geometry":{"type":"LineString","coordinates":[[-65.039484,45.093382],[-64.871454,45.163934]]}},{"type":"Feature","properties":{},"geometry":{"type":"LineString","coordinates":[[-64.871454,45.163934],[-64.836964,45.143638],[-64.797168,45.07212],[-64.786555,45.04216],[-64.791861,45.031529],[-64.810433,45.029113],[-64.806896,45.014133],[-64.758256,44.978374],[-64.741453,44.954212],[-64.697234,44.923286],[-64.6822,44.889943],[-64.677778,44.870614],[-64.676894,44.808277],[-64.683969,44.797646],[-64.683969,44.782666],[-64.689275,44.74739],[-64.686622,44.735792],[-64.691928,44.722745]]}},{"type":"Feature","properties":{},"geometry":{"type":"LineString","coordinates":[[-64.691928,44.722745],[-64.823699,44.626583],[-64.982885,44.509641],[-65.061593,44.455036],[-65.151799,44.460835],[-65.180098,44.421693],[-65.331325,44.311517],[-65.360509,44.277691],[-65.398537,44.229368],[-65.483436,44.059271],[-65.504661,44.019646],[-65.523233,43.98727],[-65.556839,43.921551],[-65.568335,43.922034],[-65.587791,43.883859],[-65.648813,43.747105],[-65.610785,43.639828],[-65.723984,43.601653],[-65.784121,43.594887],[-65.797386,43.585223],[-65.808883,43.570726],[-65.818611,43.547048],[-65.82657,43.495342],[-65.856639,43.259043],[-65.859292,43.255177]]}},{"type":"Feature","properties":{},"geometry":{"type":"LineString","coordinates":[[-60.270979,46.336732],[-60.286014,46.311121],[-60.285129,46.293241],[-60.301932,46.280678],[-60.294857,46.27053],[-60.294857,46.252167],[-60.306354,46.242019],[-60.322273,46.209643],[-60.323157,46.201428],[-60.303701,46.187897],[-60.312545,46.170984],[-60.304585,46.145373],[-60.285129,46.137158],[-60.233836,46.106715],[-60.280707,46.073372],[-60.309007,46.068056],[-60.332885,46.052593],[-60.312545,46.028432],[-60.312545,46.020217],[-60.295742,46.012485],[-60.274517,45.994606],[-60.118868,46.123145],[-60.062269,46.122661],[-60.036622,46.119279],[-60.008322,46.121212],[-59.978254,46.116863],[-59.929614,46.105748],[-59.896892,46.106715],[-59.845599,46.126527],[-59.776618,46.165669],[-59.752741,46.178233]]}},{"type":"Feature","properties":{},"geometry":{"type":"LineString","coordinates":[[-61.521474,45.08855],[-61.579842,45.104013],[-61.68066,45.132524],[-61.720456,45.144605],[-61.823043,45.189545],[-61.93801,45.222888],[-61.927398,45.240284],[-62.013182,45.263962],[-61.987535,45.306003],[-61.961888,45.291506],[-61.946854,45.299721],[-61.906173,45.302138],[-61.906173,45.358675],[-61.911479,45.373172],[-61.925629,45.389602],[-61.944201,45.399267],[-62.091006,45.383803],[-62.098081,45.401683],[-62.136993,45.490597],[-62.175021,45.579511],[-62.224545,45.696936],[-62.247539,45.749608]]}},{"type":"Feature","properties":{},"geometry":{"type":"LineString","coordinates":[[-63.363609,44.592273],[-63.414903,44.640113],[-63.414903,44.65606],[-63.461774,44.673456],[-63.471502,44.679255],[-63.48123,44.701]]}},{"type":"Feature","properties":{},"geometry":{"type":"LineString","coordinates":[[-63.48123,44.701],[-63.46089,44.705349],[-63.441434,44.702933],[-63.393678,44.713081],[-63.406059,44.734343],[-63.430821,44.80876],[-63.493611,44.809243],[-63.570551,44.804894],[-63.573204,44.820841],[-63.567014,44.838237],[-63.570551,44.846452],[-63.53783,44.869647],[-63.527217,44.893325],[-63.536061,44.910722],[-63.541367,44.936816]]}},{"type":"Feature","properties":{},"geometry":{"type":"LineString","coordinates":[[-63.541367,44.936816],[-63.536945,44.9315],[-63.514836,44.960011],[-63.492727,44.962427],[-63.478577,44.977407],[-63.463543,44.986589],[-63.453815,44.999153],[-63.431706,45.003985],[-63.437896,45.034428],[-63.421093,45.044576],[-63.422862,45.055207],[-63.410481,45.058107],[-63.391025,45.054724]]}},{"type":"Feature","properties":{},"geometry":{"type":"LineString","coordinates":[[-63.391025,45.054724],[-63.400753,45.039261],[-63.392793,45.030563],[-63.371569,45.039744],[-63.360956,45.029596],[-63.336194,45.036361],[-62.99925,45.156202],[-62.992175,45.161035],[-62.915236,45.190028],[-62.898433,45.194377],[-62.85952,45.213223],[-62.838296,45.225787],[-62.814418,45.24415],[-62.792309,45.247533],[-62.760471,45.25768],[-62.714484,45.276043],[-62.809996,45.344179],[-62.918773,45.423911],[-63.008094,45.486248],[-63.143402,45.734628],[-63.18762,45.810012],[-63.330888,46.068056]]}},{"type":"Feature","properties":{},"geometry":{"type":"LineString","coordinates":[[-64.806011,45.536504],[-64.768868,45.560182],[-64.611451,45.644747]]}},{"type":"Feature","properties":{},"geometry":{"type":"LineString","coordinates":[[-64.611451,45.644747],[-64.539817,45.684372],[-64.499136,45.695003],[-64.476143,45.709983],[-64.467299,45.733662],[-64.44519,45.760722],[-64.424849,45.773286],[-64.39655,45.801797],[-64.361175,45.832724],[-64.352331,45.853019],[-64.332875,45.857368],[-64.314303,45.85157],[-64.283351,45.829824],[-64.269201,45.844804],[-64.272738,45.853986],[-64.255051,45.879597],[-64.24267,45.890228],[-64.227636,45.89506],[-64.217023,45.911007],[-64.206411,45.916322],[-64.164846,45.96078],[-64.159539,45.975276],[-64.149811,45.980109],[-64.047225,45.976726]]}},{"type":"Feature","properties":{},"geometry":{"type":"LineString","coordinates":[[-64.047225,45.976726],[-64.042803,46.004753],[-64.033075,46.018767],[-63.999469,46.028915],[-63.957904,46.03568],[-63.73239,46.077721],[-63.643069,46.085936],[-63.61477,46.093184]]}},{"type":"Feature","properties":{},"geometry":{"type":"LineString","coordinates":[[-63.391025,45.054724],[-63.397215,45.076469],[-63.393678,45.087584],[-63.406059,45.101114],[-63.394562,45.129625],[-63.382181,45.139289],[-63.39014,45.148471],[-63.39014,45.174565],[-63.402522,45.187129],[-63.395447,45.197277],[-63.41844,45.209841],[-63.416671,45.231103],[-63.454699,45.248982],[-63.456468,45.268311],[-63.472386,45.272177],[-63.480346,45.291023],[-63.475924,45.30697],[-63.513067,45.339346],[-63.590007,45.339346],[-63.6979,45.352393],[-63.717356,45.355776],[-63.749193,45.357226],[-63.796949,45.354326],[-63.846474,45.328715],[-63.861508,45.314702],[-63.879195,45.308903],[-63.972054,45.303104],[-64.018925,45.315668],[-64.106477,45.335964],[-64.227636,45.341279],[-64.301922,45.346111],[-64.463761,45.345145],[-64.527436,45.328715],[-64.538933,45.321467],[-64.591995,45.276526],[-64.634444,45.253331],[-64.69635,45.221921],[-64.74499,45.200176],[-64.767099,45.193411],[-64.839617,45.177464],[-64.871454,45.163934]]}},{"type":"Feature","properties":{},"geometry":{"type":"LineString","coordinates":[[-63.499802,44.56183],[-63.512183,44.570528],[-63.543136,44.600971],[-63.560823,44.648328],[-63.597967,44.673456],[-63.612116,44.677805]]}},{"type":"Feature","properties":{},"geometry":{"type":"LineString","coordinates":[[-63.612116,44.677805],[-63.605041,44.68602],[-63.576742,44.693751],[-63.562592,44.692302],[-63.554633,44.715014],[-63.52987,44.716463],[-63.506877,44.697134],[-63.48123,44.701]]}},{"type":"Feature","properties":{},"geometry":{"type":"LineString","coordinates":[[-63.704975,44.422176],[-63.68375,44.455036],[-63.642185,44.495627],[-63.659872,44.516406],[-63.653682,44.526554],[-63.67756,44.574877],[-63.674022,44.601938],[-63.66341,44.630448],[-63.632457,44.636247],[-63.620076,44.642046],[-63.615654,44.65316],[-63.630688,44.663791],[-63.637763,44.692785]]}},{"type":"Feature","properties":{},"geometry":{"type":"LineString","coordinates":[[-63.637763,44.692785],[-63.612116,44.677805]]}},{"type":"Feature","properties":{},"geometry":{"type":"LineString","coordinates":[[-63.847358,44.725161],[-63.804908,44.734343],[-63.766881,44.73386],[-63.733275,44.723712],[-63.711165,44.727094],[-63.689941,44.723228],[-63.6979,44.714047],[-63.694363,44.70245],[-63.678444,44.689402],[-63.659872,44.695201],[-63.637763,44.692785]]}},{"type":"Feature","properties":{},"geometry":{"type":"LineString","coordinates":[[-63.964094,44.503359],[-63.996816,44.589857],[-63.978244,44.614502],[-63.955251,44.628515],[-63.953482,44.634314],[-63.924298,44.657992],[-63.908379,44.661858],[-63.888923,44.694718],[-63.877426,44.687953],[-63.850011,44.706799],[-63.847358,44.725161]]}},{"type":"Feature","properties":{},"geometry":{"type":"LineString","coordinates":[[-63.541367,44.936816],[-63.553748,44.943098],[-63.567898,44.936816],[-63.591776,44.949863],[-63.66341,44.936816],[-63.703206,44.91942],[-63.755384,44.893809],[-63.798718,44.844036],[-63.815521,44.814559],[-63.831439,44.803928],[-63.844705,44.789431],[-63.86593,44.796196]]}},{"type":"Feature","properties":{},"geometry":{"type":"LineString","coordinates":[[-63.86593,44.796196],[-63.943754,44.788948],[-64.237364,44.76092],[-64.416006,44.88801],[-64.431924,44.899124],[-64.523898,44.837271],[-64.529205,44.841137],[-64.691928,44.722745]]}},{"type":"Feature","properties":{},"geometry":{"type":"LineString","coordinates":[[-63.847358,44.725161],[-63.868583,44.755122],[-63.876542,44.778317],[-63.866814,44.784599],[-63.86593,44.796196]]}},{"type":"Feature","properties":{},"geometry":{"type":"LineString","coordinates":[[-66.21746,47.550605],[-66.107799,47.577183],[-66.061812,47.633237],[-66.032628,47.670929],[-66.004328,47.710554],[-66.046778,47.692674],[-66.081268,47.686392],[-66.111336,47.685909],[-66.126371,47.698956],[-66.157324,47.699923],[-66.166167,47.720702],[-66.166167,47.734715],[-66.153786,47.740031],[-66.146711,47.760327],[-66.153786,47.772407],[-66.111336,47.785938],[-66.104262,47.799951],[-66.115758,47.804784],[-66.098071,47.835227],[-66.102493,47.836677],[-66.047662,47.927524],[-66.034397,47.924625],[-66.015825,47.928007],[-65.991947,47.920276],[-65.938001,47.917376],[-65.899088,47.921242],[-65.875211,47.910611],[-65.82657,47.900463],[-65.804461,47.884033],[-65.793849,47.880651],[-65.72929,48.000008]]}},{"type":"Feature","properties":{},"geometry":{"type":"LineString","coordinates":[[-65.72929,48.000008],[-65.504661,48.000008]]}},{"type":"Feature","properties":{},"geometry":{"type":"LineString","coordinates":[[-64.851114,47.378575],[-64.916557,47.380508],[-64.951932,47.358763],[-64.959891,47.350065],[-64.971388,47.360696],[-64.990844,47.35683],[-65.011184,47.359246],[-65.007647,47.370844],[-65.026219,47.380508],[-65.041253,47.412401],[-65.323366,47.347165],[-65.61786,47.27758],[-65.815958,47.23264],[-65.856639,47.263567],[-65.991063,47.371327],[-66.161745,47.505665],[-66.21746,47.550605]]}},{"type":"Feature","properties":{},"geometry":{"type":"LineString","coordinates":[[-64.611451,45.644747],[-64.591995,45.750091],[-64.57696,45.761206],[-64.552198,45.795998],[-64.540701,45.826442],[-64.555736,45.853019],[-64.591995,45.880563],[-64.613219,45.907141],[-64.623832,45.931786],[-64.672472,45.968994],[-64.688391,45.99074],[-64.699887,45.999438],[-64.697234,46.025532],[-64.707847,46.049211],[-64.734378,46.06709]]}},{"type":"Feature","properties":{},"geometry":{"type":"LineString","coordinates":[[-64.734378,46.06709],[-64.7105,46.071922],[-64.72465,46.098983],[-64.687506,46.122661],[-64.694581,46.134259],[-64.688391,46.148756],[-64.726418,46.138608],[-64.74499,46.175817],[-64.781249,46.167119],[-64.786555,46.175817],[-64.82812,46.167119],[-64.837849,46.153588],[-64.855536,46.146823],[-64.865264,46.159387],[-64.900639,46.145373],[-64.90506,46.133292]]}},{"type":"Feature","properties":{},"geometry":{"type":"LineString","coordinates":[[-64.90506,46.133292],[-64.911251,46.133776],[-64.951047,46.179199],[-64.969619,46.188864],[-64.988191,46.202878],[-65.017375,46.233804],[-65.037715,46.23912],[-65.050097,46.23767],[-65.073974,46.264248]]}},{"type":"Feature","properties":{},"geometry":{"type":"LineString","coordinates":[[-65.073974,46.264248],[-65.142955,46.347846],[-64.995266,46.432412],[-64.859958,46.511178],[-64.882951,46.5624],[-64.902407,46.572065],[-64.916557,46.588495],[-64.934244,46.593327],[-64.946626,46.583179],[-64.966966,46.611207],[-65.104927,46.611207],[-65.245542,46.609757],[-65.386156,46.61024],[-65.295066,46.65518],[-65.070437,46.76729],[-65.035947,46.777921],[-65.028872,46.775505],[-64.993497,46.782753],[-64.986422,46.796767],[-64.974925,46.804498],[-64.966966,46.789035],[-64.863495,46.811747]]}},{"type":"Feature","properties":{},"geometry":{"type":"LineString","coordinates":[[-66.534064,45.968994],[-66.581819,45.913423],[-66.551751,45.900859],[-66.517261,45.879597],[-66.499573,45.864617],[-66.473927,45.857368],[-66.453586,45.86365]]}},{"type":"Feature","properties":{},"geometry":{"type":"LineString","coordinates":[[-66.453586,45.86365],[-66.44828,45.856402],[-66.428824,45.858335],[-66.428824,45.828375],[-66.46243,45.831274],[-66.483655,45.830308],[-66.503111,45.810978],[-66.536717,45.818227],[-66.528757,45.826925],[-66.530526,45.843838],[-66.562363,45.852053],[-66.591548,45.8651],[-66.628691,45.874281],[-66.641072,45.883463],[-66.664066,45.853986],[-66.719781,45.891678]]}},{"type":"Feature","properties":{},"geometry":{"type":"LineString","coordinates":[[-66.719781,45.891678],[-66.698556,45.916322],[-66.723318,45.933235],[-66.714474,45.945316],[-66.715359,45.95788],[-66.778149,45.956914],[-66.780802,45.968511],[-66.763999,45.970444],[-66.74808,45.967061],[-66.688828,45.966578],[-66.695903,45.977209],[-66.736584,45.976243],[-66.757808,45.985424],[-66.786993,45.992673],[-66.759577,46.023599],[-66.714474,46.012002],[-66.728624,45.994122],[-66.695903,45.991706],[-66.686175,46.008619],[-66.695018,46.02215],[-66.684406,46.030848],[-66.671141,46.032297],[-66.653453,46.05066],[-66.613657,46.033747],[-66.588894,46.027465],[-66.586241,46.014901],[-66.564132,46.00427],[-66.557942,45.997505],[-66.56767,45.983008],[-66.534064,45.968994]]}},{"type":"Feature","properties":{},"geometry":{"type":"LineString","coordinates":[[-64.90506,46.133292],[-64.918326,46.119279],[-64.920095,46.101399],[-64.897985,46.049211],[-64.875876,46.054043],[-64.857305,46.051143],[-64.84227,46.054043],[-64.820161,46.069023],[-64.806896,46.065157],[-64.788324,46.071439],[-64.763562,46.091735],[-64.752065,46.090285],[-64.734378,46.06709]]}},{"type":"Feature","properties":{},"geometry":{"type":"LineString","coordinates":[[-65.844258,45.208391],[-65.865483,45.261546],[-65.881401,45.25913],[-65.892014,45.268795],[-65.882286,45.288124],[-65.88936,45.296339],[-65.878748,45.318084],[-65.861945,45.315668],[-65.846911,45.33548],[-65.915891,45.373172],[-65.88936,45.39975],[-65.884054,45.410381],[-65.871673,45.413764],[-65.876979,45.430193],[-65.892898,45.43261],[-65.901742,45.454355],[-65.909701,45.460637],[-65.899088,45.480933],[-65.902626,45.500745],[-65.916776,45.500262],[-65.938885,45.478516],[-65.992831,45.450489],[-66.009634,45.42971],[-66.014056,45.392985],[-66.04324,45.357226],[-66.066234,45.341762],[-66.05739,45.337897],[-66.150249,45.311319]]}},{"type":"Feature","properties":{},"geometry":{"type":"LineString","coordinates":[[-66.150249,45.311319],[-66.171473,45.305037],[-66.183855,45.332581],[-66.206848,45.33693],[-66.229842,45.357709],[-66.166167,45.425361],[-66.074193,45.499778],[-66.048546,45.531188],[-66.0229,45.551967],[-66.01494,45.546169],[-65.999906,45.549068],[-65.978681,45.561632],[-65.967185,45.572746],[-65.91766,45.601257],[-65.898204,45.575162],[-65.887592,45.565981],[-65.814189,45.617203],[-65.818611,45.629767],[-65.814189,45.642814],[-65.790311,45.656345],[-65.76378,45.680506],[-65.687725,45.702252],[-65.667384,45.656345],[-65.653235,45.669392],[-65.598404,45.702735],[-65.58337,45.704668],[-65.568335,45.713366],[-65.552417,45.715299],[-65.525886,45.729313],[-65.517042,45.743326],[-65.473708,45.746709],[-65.450715,45.741876],[-65.461327,45.768937],[-65.383503,45.827408],[-65.44983,45.853503],[-65.463096,45.871865],[-65.477246,45.870899],[-65.522348,45.973827],[-65.669153,45.870899],[-65.693031,45.926953],[-65.748746,46.05211]]}},{"type":"Feature","properties":{},"geometry":{"type":"LineString","coordinates":[[-65.748746,46.05211],[-65.685072,46.106232],[-65.491395,46.270046],[-65.416224,46.256999],[-65.073974,46.264248]]}},{"type":"Feature","properties":{},"geometry":{"type":"LineString","coordinates":[[-69.050971,47.300292],[-68.799811,47.349098],[-68.568107,47.427381],[-68.514161,47.46459],[-68.383274,47.553021],[-68.38239,47.79077],[-68.38239,47.880168]]}},{"type":"Feature","properties":{},"geometry":{"type":"LineString","coordinates":[[-68.38239,47.880168],[-68.38239,47.915927],[-68.122386,47.91641],[-68.122386,47.999525],[-67.797824,48.000008],[-67.604147,48.000008],[-67.596188,47.998076]]}},{"type":"Feature","properties":{},"geometry":{"type":"LineString","coordinates":[[-67.596188,47.998076],[-67.610338,47.99131],[-67.612991,47.979713],[-67.596188,47.970048],[-67.6068,47.961833],[-67.607685,47.936705],[-67.55816,47.919309],[-67.547548,47.921725],[-67.527207,47.91351],[-67.512173,47.91351],[-67.499792,47.905295],[-67.482105,47.901913],[-67.472377,47.894181],[-67.441424,47.885],[-67.437002,47.880168],[-67.392784,47.867604],[-67.380403,47.854073],[-67.38394,47.847308],[-67.358293,47.846341],[-67.362715,47.859389],[-67.337069,47.871469],[-67.337953,47.888382],[-67.294619,47.888382],[-67.2787,47.892732],[-67.25836,47.890799],[-67.242441,47.881617],[-67.231829,47.887416],[-67.216795,47.877268],[-67.203529,47.876785],[-67.175229,47.882584],[-67.169039,47.895631],[-67.154005,47.890799],[-67.137202,47.894664],[-67.13278,47.91496],[-67.106249,47.913027],[-67.094752,47.919309],[-67.069105,47.923175],[-67.059377,47.935739],[-67.043459,47.925591],[-67.0072,47.911094],[-66.992166,47.899013],[-66.976247,47.892732],[-66.954138,47.893215],[-66.94441,47.900463],[-66.9506,47.909645],[-66.970056,47.917376],[-66.961213,47.946853],[-66.947947,47.954102],[-66.942641,47.970531],[-66.921416,47.984545],[-66.875429,47.993726],[-66.85332,48.001458],[-66.834748,48.000975],[-66.801142,47.992277],[-66.786993,47.991794],[-66.764883,48.001458],[-66.743659,48.003391],[-66.726856,48.00919],[-66.69325,48.006774],[-66.531411,48.047365],[-66.52522,48.050264],[-66.502226,48.076842],[-66.469505,48.08554],[-66.428824,48.088439],[-66.381953,48.087956],[-66.349231,48.077325],[-66.306781,48.049298],[-66.274944,48.038184],[-66.259026,48.036734],[-66.209501,48.045432],[-66.181201,48.047848],[-66.155555,48.046399],[-66.118411,48.03915],[-66.003444,48.030452],[-66.003444,48.016438],[-65.767318,48.001458],[-65.72929,48.000008]]}},{"type":"Feature","properties":{},"geometry":{"type":"LineString","coordinates":[[-66.21746,47.550605],[-66.455355,47.495517],[-66.623385,47.457342],[-66.805564,47.415301],[-66.6791,47.416267],[-66.680869,47.426415],[-66.666719,47.436563],[-66.631344,47.434147],[-66.619847,47.438012],[-66.566785,47.421099],[-66.576513,47.395971],[-66.564132,47.390656],[-66.547329,47.393072],[-66.516376,47.405153],[-66.510186,47.398388],[-66.547329,47.380025],[-66.534948,47.365045],[-66.557057,47.335568],[-66.603044,47.33895],[-66.635766,47.349581],[-66.637535,47.339917],[-66.655222,47.324453],[-66.647263,47.31189],[-66.665834,47.302225],[-66.689712,47.309473],[-66.694134,47.318171],[-66.687059,47.333635],[-66.691481,47.349098],[-66.800258,47.350065],[-66.927607,47.350065],[-66.916994,47.366494],[-66.943525,47.374226],[-66.943525,47.384374],[-67.047881,47.362629]]}},{"type":"Feature","properties":{},"geometry":{"type":"LineString","coordinates":[[-67.047881,47.362629],[-67.294619,47.440912],[-67.391015,47.343299],[-67.490948,47.241338],[-67.574079,47.15339],[-67.511289,47.125363],[-67.549317,47.086221],[-67.54401,47.083805],[-67.619182,47.009871],[-67.626256,46.995857],[-67.645713,46.98426],[-67.672244,46.957682],[-67.666053,46.9543],[-67.708503,46.92289],[-67.736802,46.926272],[-67.775714,46.927722],[-67.789864,46.924339]]}},{"type":"Feature","properties":{},"geometry":{"type":"LineString","coordinates":[[-65.748746,46.05211],[-65.940654,45.887329],[-65.950382,45.891194],[-65.9663,45.874281],[-65.975144,45.879114],[-66.003444,45.883463],[-66.020247,45.88153],[-66.052084,45.889262],[-66.092765,45.885396],[-66.117527,45.87863],[-66.13433,45.868966],[-66.166167,45.83369],[-66.182086,45.832724],[-66.199773,45.839006],[-66.226304,45.843838],[-66.251066,45.862201],[-66.282904,45.871865],[-66.296169,45.886362],[-66.309435,45.890228],[-66.343925,45.886845],[-66.404062,45.872832],[-66.431477,45.874765],[-66.453586,45.86365]]}},{"type":"Feature","properties":{},"geometry":{"type":"LineString","coordinates":[[-66.534064,45.968994],[-66.400524,46.124111],[-66.271407,46.273429],[-66.200657,46.354612],[-66.510186,46.294208],[-66.584473,46.31547],[-66.569438,46.340598],[-66.597738,46.348813],[-66.579166,46.383122],[-66.547329,46.370075],[-66.536717,46.383605],[-66.518145,46.388438],[-66.526989,46.405351],[-66.546445,46.406317],[-66.54556,46.415982],[-66.562363,46.42613],[-66.580051,46.431445],[-66.605697,46.425646],[-66.63046,46.411633],[-66.652569,46.420814],[-66.677331,46.425163],[-66.691481,46.436761],[-66.710053,46.438694],[-66.725971,46.452224],[-66.755155,46.455607],[-66.777265,46.444976],[-66.796721,46.43966],[-66.833864,46.420331],[-66.855973,46.416948],[-66.906382,46.529058],[-66.88781,46.528091],[-66.871892,46.541622],[-66.855973,46.541622],[-66.85332,46.553219],[-66.832095,46.556118],[-66.815292,46.574964],[-66.802027,46.569649],[-66.779918,46.573515],[-66.77019,46.58173],[-66.74808,46.582696],[-66.733931,46.578347],[-66.722434,46.582696],[-66.691481,46.587528],[-66.689712,46.600576],[-66.664066,46.594777],[-66.647263,46.600092],[-66.628691,46.59671],[-66.598622,46.596226],[-66.586241,46.592844],[-66.583588,46.58173],[-66.572091,46.574964],[-66.570323,46.562884],[-66.549098,46.559501],[-66.514608,46.515527],[-66.498689,46.520843],[-66.6225,46.73298],[-66.684406,46.836392],[-66.795836,47.003589],[-66.863048,47.096369],[-66.943525,47.213311],[-67.02135,47.321071],[-67.047881,47.362629]]}},{"type":"Feature","properties":{},"geometry":{"type":"LineString","coordinates":[[-66.0512,45.21419],[-66.034397,45.246566],[-66.063581,45.264929],[-66.075962,45.268795],[-66.08569,45.258164],[-66.096302,45.276526],[-66.131677,45.286674],[-66.150249,45.311319]]}},{"type":"Feature","properties":{},"geometry":{"type":"LineString","coordinates":[[-67.574079,45.598841],[-67.397206,45.811462],[-67.333531,45.885396],[-67.30081,45.838039],[-67.269857,45.763139],[-67.276047,45.754924],[-67.261897,45.709983],[-67.249516,45.711433],[-67.227407,45.66166],[-67.232713,45.63025],[-67.212373,45.601257],[-67.295503,45.505577],[-67.056724,45.503644],[-66.970941,45.599807],[-66.88781,45.695486],[-66.759577,45.845288],[-66.719781,45.891678]]}},{"type":"Feature","properties":{},"geometry":{"type":"LineString","coordinates":[[-63.559054,55.000073],[-63.750078,55.000073],[-64.000353,55.000073],[-64.249745,55.000073],[-64.50002,55.000073],[-64.750296,55.000073],[-64.999688,55.000073],[-65.249963,55.000073],[-65.500239,55.000073],[-65.749631,55.000073],[-66.030859,54.999589],[-66.259026,54.999589]]}},{"type":"Feature","properties":{},"geometry":{"type":"LineString","coordinates":[[-66.765768,55.000073],[-67.000125,55.000073],[-67.219448,55.000073]]}},{"type":"Feature","properties":{},"geometry":{"type":"LineString","coordinates":[[-67.422852,55.000073],[-67.750068,55.000073],[-68.000344,55.000073],[-68.249735,55.000073],[-68.500011,55.000073],[-68.750286,55.000073],[-68.999678,55.000073],[-69.249954,55.000073],[-69.500229,55.000073],[-69.749621,55.000073],[-69.999896,55.000073],[-69.999896,54.863802],[-69.999896,54.653597],[-69.999896,54.49993],[-69.999896,54.335149],[-69.999896,54.200328],[-69.999896,53.999787],[-69.999896,53.827758],[-69.999896,53.558599],[-69.999896,53.385603],[-69.999896,53.203908],[-69.999896,52.918319],[-70.024659,52.918803],[-70.023774,52.893192],[-70.024659,52.816358],[-70.023774,52.696517]]}},{"type":"Feature","properties":{},"geometry":{"type":"LineString","coordinates":[[-70.023774,52.696517],[-70.03704,52.694584],[-70.049421,52.685403],[-70.052958,52.65351],[-70.079489,52.650127],[-70.136089,52.620167],[-70.147586,52.608086],[-70.175001,52.594556],[-70.163504,52.588274],[-70.175885,52.579576],[-70.170579,52.565562],[-70.158198,52.558313],[-70.17677,52.544783],[-70.191804,52.51289],[-70.215682,52.489695],[-70.220104,52.473265],[-70.228947,52.464567],[-70.259016,52.453936],[-70.273166,52.416727],[-70.265206,52.412378],[-70.231601,52.417694],[-70.235138,52.407063],[-70.251057,52.40223],[-70.263438,52.3858],[-70.261669,52.37372],[-70.270513,52.361639],[-70.291737,52.348592],[-70.340378,52.33941],[-70.37929,52.338444],[-70.452692,52.319115],[-70.463305,52.308967],[-70.485414,52.304135],[-70.49072,52.31235],[-70.524326,52.306068],[-70.53936,52.307034],[-70.562354,52.316699],[-70.610994,52.29302],[-70.63045,52.291087],[-70.649906,52.282389],[-70.66494,52.284805],[-70.69943,52.279973],[-70.718002,52.269825],[-70.72773,52.256295],[-70.748955,52.248563],[-70.783445,52.243248],[-70.808208,52.2331],[-70.824126,52.246147],[-70.820589,52.258711],[-70.826779,52.269825],[-70.871882,52.272725],[-70.88161,52.279973],[-70.916985,52.250979],[-70.920522,52.243731],[-70.946169,52.240832],[-70.963856,52.231167],[-71.038143,52.211355],[-71.081477,52.212804],[-71.087667,52.20169],[-71.08413,52.189609],[-71.096511,52.181878],[-71.140729,52.169797],[-71.154879,52.152401],[-71.153111,52.13887],[-71.161954,52.127273],[-71.192023,52.115675],[-71.202635,52.090064],[-71.237125,52.07605],[-71.245085,52.063486],[-71.262772,52.054305],[-71.268963,52.040291],[-71.246853,52.035459],[-71.205288,52.039808],[-71.20971,52.025794],[-71.245969,52.021445],[-71.273384,52.000666],[-71.280459,51.986653],[-71.31495,51.96684],[-71.314065,51.947028],[-71.329099,51.919001],[-71.353862,51.90547],[-71.36359,51.878409],[-71.37774,51.854248],[-71.399849,51.841201],[-71.415767,51.840234],[-71.450258,51.8441],[-71.467061,51.839751],[-71.530735,51.834435],[-71.571416,51.813657],[-71.5723,51.802059],[-71.583797,51.784663],[-71.582028,51.757119],[-71.578491,51.748421],[-71.604137,51.694782],[-71.599716,51.679802],[-71.612981,51.659023],[-71.603253,51.647909],[-71.609444,51.620848],[-71.609444,51.606351],[-71.589988,51.587988],[-71.581144,51.587022],[-71.582913,51.560927],[-71.593525,51.551263],[-71.579375,51.532417],[-71.579375,51.506806],[-71.591756,51.495208],[-71.665159,51.477329],[-71.686384,51.446402],[-71.694343,51.417408],[-71.686384,51.407744],[-71.706724,51.394213],[-71.711146,51.375851],[-71.749174,51.350239],[-71.759786,51.348306],[-71.772167,51.363287],[-71.784548,51.362803],[-71.799583,51.354105],[-71.81727,51.353622],[-71.816385,51.371018],[-71.828767,51.3773],[-71.836726,51.359421],[-71.864141,51.349273],[-71.874754,51.336226],[-71.867679,51.321246],[-71.880944,51.305299],[-71.873869,51.278238],[-71.885366,51.273406],[-71.918972,51.278721],[-71.936659,51.271473],[-71.957,51.240546],[-71.989721,51.229432],[-71.978225,51.215902],[-71.99149,51.20672],[-71.996796,51.17821],[-72.025096,51.16323],[-72.027749,51.137618],[-72.059586,51.149699],[-72.077274,51.142451]]}},{"type":"Feature","properties":{},"geometry":{"type":"LineString","coordinates":[[-72.077274,51.142451],[-72.094961,51.125054],[-72.10292,51.110074],[-72.120608,51.094611],[-72.127683,51.078664],[-72.143601,51.069],[-72.137411,51.053053],[-72.153329,51.03614],[-72.158635,51.02261],[-72.155098,51.003281],[-72.160404,50.995549],[-72.157751,50.978636],[-72.183398,50.981052],[-72.19401,50.989267],[-72.189588,51.021643],[-72.200201,51.029375],[-72.221425,51.025992],[-72.229385,51.00763],[-72.241766,51.003764],[-72.248841,50.975253],[-72.262106,50.971871],[-72.266528,50.950125],[-72.290406,50.952541],[-72.29925,50.942877],[-72.302787,50.923064],[-72.312515,50.911467],[-72.34789,50.886339],[-72.373536,50.885856],[-72.375305,50.852513],[-72.402721,50.810955],[-72.420408,50.80419],[-72.428367,50.78631],[-72.438095,50.782445],[-72.465511,50.785344],[-72.484967,50.762149],[-72.505307,50.751035],[-72.52211,50.746686],[-72.538913,50.757317],[-72.561022,50.748619],[-72.557485,50.78631],[-72.540682,50.807573],[-72.560138,50.822553],[-72.561022,50.836083],[-72.55041,50.859278],[-72.557485,50.878607],[-72.554832,50.889722],[-72.568981,50.890688],[-72.57871,50.879574],[-72.572519,50.873775],[-72.580478,50.860728],[-72.597281,50.84913],[-72.607009,50.8327],[-72.610547,50.807089],[-72.628234,50.77278],[-72.652996,50.756833],[-72.673337,50.747652],[-72.686602,50.752968],[-72.683949,50.762632],[-72.697215,50.776646],[-72.725514,50.780028],[-72.725514,50.797908],[-72.745855,50.802257],[-72.748508,50.82062],[-72.782114,50.824969],[-72.793611,50.819653],[-72.836945,50.814338],[-72.874972,50.806123],[-72.894428,50.777612],[-72.904156,50.77133],[-72.936878,50.761182],[-72.928919,50.738471],[-72.935109,50.715759],[-72.954565,50.715759],[-72.973137,50.705611],[-73.007627,50.676617],[-73.028852,50.663087],[-73.054499,50.654389],[-73.054499,50.665986],[-73.03239,50.679517],[-73.033274,50.693047],[-73.045655,50.702712],[-73.064227,50.691597],[-73.08103,50.690148],[-73.08722,50.698363],[-73.074839,50.725423],[-73.081914,50.732672],[-73.107561,50.735088],[-73.109329,50.750551],[-73.137629,50.752001],[-73.169466,50.737504],[-73.188038,50.700779],[-73.22076,50.706578],[-73.239331,50.688215],[-73.253481,50.681933],[-73.273822,50.651489],[-73.267631,50.646174],[-73.290625,50.634576],[-73.301237,50.622979],[-73.30389,50.601717],[-73.310965,50.58722],[-73.328652,50.583837],[-73.337496,50.576589],[-73.35253,50.552427],[-73.356952,50.531165],[-73.385252,50.515219],[-73.392327,50.507004],[-73.386136,50.496856],[-73.387905,50.484292],[-73.410014,50.459647],[-73.436545,50.440801],[-73.450695,50.422922],[-73.449811,50.396827],[-73.459539,50.375565],[-73.477226,50.374599],[-73.482532,50.40021],[-73.501988,50.384263],[-73.530288,50.379914],[-73.540016,50.369283],[-73.56301,50.368317],[-73.573622,50.35382],[-73.58335,50.362035],[-73.58335,50.380398],[-73.574506,50.406492],[-73.584234,50.419539],[-73.610765,50.389579],[-73.609881,50.368317],[-73.602806,50.345605],[-73.61165,50.339323],[-73.619609,50.321927],[-73.618725,50.310329],[-73.640834,50.275537],[-73.654984,50.261523],[-73.672671,50.236878],[-73.685937,50.21175],[-73.712468,50.212234],[-73.73723,50.218032],[-73.749611,50.234462],[-73.77172,50.216583],[-73.791176,50.179374],[-73.788523,50.167777],[-73.776142,50.158112],[-73.788523,50.137333],[-73.778795,50.124286],[-73.778795,50.112688],[-73.791176,50.098191],[-73.78587,50.07403],[-73.803557,50.044553],[-73.80621,50.031506],[-73.829204,50.01121],[-73.854851,50.01266],[-73.853082,49.998163],[-73.869885,49.970136],[-73.891994,49.957088],[-73.896416,49.940659],[-73.909681,49.921329],[-73.912334,49.896201],[-73.922947,49.881705],[-73.940634,49.866241],[-73.958321,49.841113],[-73.968934,49.84063],[-73.984852,49.830965],[-73.990159,49.818402],[-74.005193,49.805838],[-74.025533,49.797623],[-74.060024,49.790857],[-74.07152,49.785059],[-74.08567,49.769595],[-74.091861,49.7464],[-74.102473,49.725138],[-74.122814,49.692279],[-74.144038,49.679231],[-74.159073,49.681164],[-74.177644,49.676815],[-74.194447,49.656036],[-74.198869,49.643472],[-74.191794,49.627043],[-74.193563,49.613029],[-74.212135,49.598532],[-74.221863,49.583069],[-74.249278,49.570988],[-74.252816,49.543927],[-74.265197,49.527497],[-74.25989,49.512034],[-74.275809,49.504785],[-74.297034,49.48594],[-74.311184,49.479174],[-74.331524,49.478691],[-74.327987,49.490289],[-74.350096,49.501886],[-74.362477,49.495121],[-74.367783,49.477725],[-74.39343,49.469026],[-74.378396,49.451147],[-74.380164,49.442449],[-74.404042,49.429402],[-74.412001,49.42167],[-74.412001,49.374797],[-74.398736,49.366582],[-74.424383,49.341937],[-74.430573,49.325507],[-74.414655,49.314876],[-74.39962,49.314393],[-74.374858,49.318742],[-74.373089,49.303279],[-74.33683,49.2825],[-74.307646,49.260755],[-74.297918,49.28105],[-74.285537,49.287332],[-74.275809,49.275251],[-74.256353,49.288299],[-74.240434,49.283466],[-74.241319,49.248191],[-74.238666,49.218714],[-74.245741,49.212915],[-74.243972,49.185854],[-74.254584,49.175223],[-74.250162,49.150578],[-74.269618,49.134148],[-74.273156,49.118202],[-74.266965,49.110953],[-74.274925,49.099356],[-74.27404,49.086792],[-74.291728,49.060697],[-74.290843,49.041852],[-74.305877,49.041852],[-74.297034,49.013824],[-74.326218,48.986763],[-74.327102,48.936507],[-74.341252,48.927809],[-74.362477,48.937474],[-74.38547,48.938924],[-74.410233,48.92636],[-74.431458,48.935541],[-74.443839,48.929259]]}},{"type":"Feature","properties":{},"geometry":{"type":"LineString","coordinates":[[-74.443839,48.929259],[-74.455335,48.940373],[-74.437648,48.960186],[-74.458873,48.95777],[-74.493363,48.9713],[-74.515472,48.999811],[-74.541119,48.982898],[-74.56765,48.974199],[-74.582684,48.963085],[-74.603909,48.964535],[-74.610984,48.973233],[-74.63044,48.966468],[-74.676427,48.994978],[-74.676427,49.000294],[-75.013371,48.999811],[-75.250381,48.999811],[-75.525419,48.999811],[-75.52365,48.705524],[-75.522766,48.530111],[-75.521882,48.308309],[-75.520997,48.132897],[-75.520113,47.956035],[-75.520113,47.846341]]}},{"type":"Feature","properties":{},"geometry":{"type":"LineString","coordinates":[[-75.520113,47.846341],[-75.652768,47.847791],[-75.725286,47.847791],[-75.767736,47.82073],[-75.781001,47.803334],[-75.78896,47.778689],[-75.781885,47.763709],[-75.790729,47.695574],[-75.78896,47.678661],[-75.811069,47.674312],[-75.812838,47.685426],[-75.822566,47.697024],[-75.84556,47.702822],[-75.849982,47.712004],[-75.836716,47.732299],[-75.83141,47.767092],[-75.857057,47.77434],[-75.860594,47.785938],[-75.849982,47.795119],[-75.865016,47.800435],[-75.895969,47.799951],[-75.903928,47.792703],[-75.921615,47.801884],[-75.935765,47.799951],[-75.975562,47.775307],[-75.986174,47.753078],[-75.987058,47.739064],[-76.021549,47.723601],[-76.048964,47.726984],[-76.104679,47.724568],[-76.109985,47.718769],[-76.132095,47.722151],[-76.155088,47.715869],[-76.163932,47.725051],[-76.188694,47.728917],[-76.211688,47.725051],[-76.216994,47.729883],[-76.237334,47.721668],[-76.255906,47.69654],[-76.288627,47.68301],[-76.307199,47.66658],[-76.324886,47.66803],[-76.346996,47.654016],[-76.384139,47.650633],[-76.398289,47.655949],[-76.41067,47.640969],[-76.425704,47.640486],[-76.431895,47.631304],[-76.452235,47.628888],[-76.462848,47.613908],[-76.480535,47.611492],[-76.484072,47.601344],[-76.446929,47.601344],[-76.421282,47.607626],[-76.416861,47.599411],[-76.409786,47.560753],[-76.423936,47.512913],[-76.573393,47.600861],[-76.575162,47.46459],[-76.575162,47.288211],[-76.780335,47.289178],[-77.003196,47.289178],[-77.00408,47.145659],[-77.167688,47.144692],[-77.433882,47.145175],[-77.432113,47.289178],[-77.502863,47.289661],[-77.64613,47.289178],[-77.647015,47.269365],[-77.907018,47.268882],[-77.930896,47.269849]]}},{"type":"Feature","properties":{},"geometry":{"type":"LineString","coordinates":[[-77.930896,47.269849],[-77.908787,47.292077],[-77.8911,47.297393],[-77.880487,47.31044],[-77.847766,47.325903],[-77.837153,47.315755],[-77.825657,47.343299],[-77.815044,47.357313],[-77.795588,47.364562],[-77.804432,47.380991],[-77.773479,47.395971],[-77.76552,47.413851],[-77.768173,47.421099],[-77.727492,47.427865],[-77.718648,47.418683],[-77.687695,47.426415],[-77.663818,47.429314],[-77.647899,47.420616],[-77.624905,47.413851],[-77.608102,47.428831],[-77.609871,47.436563],[-77.585993,47.445744],[-77.578918,47.442362],[-77.558578,47.453959],[-77.566537,47.471839],[-77.550619,47.476188],[-77.540891,47.471355],[-77.516128,47.473771],[-77.525856,47.483919],[-77.512591,47.496],[-77.501094,47.489718],[-77.496672,47.513879],[-77.490482,47.517745],[-77.452454,47.502282],[-77.450685,47.519195],[-77.464835,47.525477],[-77.456876,47.539974],[-77.493135,47.546739],[-77.495788,47.562202],[-77.478101,47.599411],[-77.464835,47.60376],[-77.468373,47.62019],[-77.45776,47.63372],[-77.464835,47.649667],[-77.447148,47.672862],[-77.42946,47.677694],[-77.42946,47.693641],[-77.421501,47.702822],[-77.528509,47.702339],[-77.75756,47.703305],[-78.061783,47.703305],[-78.220968,47.703305],[-78.220084,47.796569],[-78.220968,47.887416],[-78.220084,47.995659],[-78.304983,47.995659],[-78.290833,48.032868],[-78.289949,48.047848],[-78.299677,48.143044],[-78.297908,48.194267],[-78.298793,48.343102],[-78.276684,48.335853],[-78.28199,48.320873],[-78.272262,48.298161],[-78.223622,48.297678],[-78.223622,48.258536],[-78.112191,48.258053],[-78.091851,48.270134],[-78.074164,48.28753],[-77.910556,48.286564],[-77.778785,48.28753],[-77.675314,48.287047],[-77.560347,48.288013],[-77.561231,48.503534],[-77.344561,48.503534],[-77.344561,48.575052],[-77.135851,48.575052],[-77.127007,48.587132],[-77.126123,48.61226],[-77.10136,48.639804],[-77.094285,48.665416],[-77.096939,48.706007],[-77.084557,48.723403],[-77.09517,48.751431],[-77.108435,48.763028],[-77.104898,48.784773],[-77.125238,48.80072],[-77.126123,48.818599],[-77.111088,48.835512],[-77.119048,48.853875],[-77.141157,48.86209],[-77.131429,48.900265],[-77.117279,48.914279],[-77.118163,48.934091],[-77.110204,48.945206],[-77.089864,48.955353],[-77.072176,48.958253],[-77.059795,48.967917],[-77.062448,48.988213],[-77.059795,49.000294],[-77.249934,48.999811],[-77.50021,48.999811],[-77.749601,48.999811],[-77.986611,48.999811],[-77.999877,49.000294],[-78.205934,49.000294],[-78.430563,48.999811],[-78.643696,49.000294],[-78.755126,48.999811],[-79.054926,48.999811],[-79.053157,49.009475],[-79.351189,49.009475],[-79.518334,49.008025]]}},{"type":"Feature","properties":{},"geometry":{"type":"LineString","coordinates":[[-79.518334,49.008025],[-79.518334,49.190686],[-79.51745,49.312943],[-79.51745,49.492222],[-79.51745,49.676815],[-79.51745,49.864792],[-79.51745,50.000096],[-79.518334,50.194837],[-79.518334,50.382814],[-79.518334,50.631677],[-79.518334,50.762149],[-79.518334,51.009563],[-79.519219,51.062235],[-79.51745,51.2246],[-79.515681,51.460899],[-79.524525,51.47153]]}},{"type":"Feature","properties":{},"geometry":{"type":"LineString","coordinates":[[-79.524525,51.47153],[-79.53779,51.48651],[-79.582893,51.530001],[-79.585546,51.566243],[-79.581124,51.592821],[-79.564321,51.613116],[-79.543097,51.629063],[-79.508606,51.649842],[-79.465272,51.669171],[-79.422823,51.681252],[-79.371529,51.692849],[-79.299011,51.693332],[-79.268943,51.687534],[-79.242412,51.674486],[-79.183159,51.630513],[-79.16901,51.59717],[-79.127444,51.566243],[-79.061117,51.543531],[-79.030164,51.526618],[-78.960299,51.458966],[-78.853291,51.451718],[-78.823222,51.469114],[-78.825875,51.491826],[-78.842678,51.503906],[-78.859481,51.587505],[-78.880706,51.613116],[-78.904584,51.630513],[-78.927577,51.636311],[-78.945265,51.645976],[-78.96649,51.672554],[-79.010708,51.698648],[-79.023089,51.723293],[-79.057579,51.74987],[-79.059348,51.768233],[-79.043429,51.785146],[-78.98683,51.811724],[-78.967374,51.816073],[-78.925809,51.842167],[-78.905468,51.887591],[-78.90989,51.904987],[-78.892203,51.959592],[-78.8754,51.960558],[-78.8471,51.947028],[-78.80465,51.963458],[-78.796691,51.973122],[-78.771045,51.980854],[-78.759548,51.989069],[-78.753357,52.005499],[-78.754242,52.01613],[-78.747167,52.032076],[-78.725057,52.052855],[-78.680839,52.072184],[-78.673764,52.084265],[-78.628662,52.113259],[-78.589749,52.147085],[-78.583559,52.174629],[-78.583559,52.194442],[-78.592402,52.26306],[-78.584443,52.289638],[-78.568525,52.302202],[-78.53315,52.317665],[-78.521653,52.332162],[-78.545531,52.358256],[-78.552606,52.378552],[-78.5473,52.406579],[-78.557028,52.437989],[-78.566756,52.445238],[-78.611859,52.448137],[-78.626893,52.454419],[-78.619818,52.483413],[-78.594171,52.499843],[-78.618049,52.504192],[-78.649002,52.503708],[-78.670227,52.506608],[-78.685261,52.517722],[-78.722404,52.51289],[-78.74982,52.537535],[-78.771045,52.538984],[-78.769276,52.562662],[-78.731248,52.582958],[-78.738323,52.612435],[-78.752473,52.618234],[-78.774582,52.613402],[-78.805535,52.623066],[-78.816147,52.640462],[-78.782541,52.656892],[-78.756895,52.65351],[-78.728595,52.666074],[-78.750704,52.679604],[-78.829413,52.676221],[-78.83295,52.704249],[-78.789616,52.706182],[-78.86125,52.736142],[-78.880706,52.740974],[-78.874515,52.752088],[-78.8471,52.765136],[-78.838256,52.781565],[-78.831181,52.783982],[-78.776351,52.782049],[-78.77016,52.788814],[-78.802882,52.810559],[-78.79846,52.816358],[-78.758663,52.843902],[-78.765738,52.851634],[-78.834719,52.851151],[-78.841794,52.857433],[-78.8754,52.861782],[-78.88159,52.876278],[-78.897509,52.883527],[-78.883359,52.897541],[-78.900162,52.899474],[-78.923156,52.913004],[-78.882475,52.935233],[-78.834719,52.968575],[-78.843563,52.97969],[-78.871862,52.97679],[-78.900162,52.985972],[-78.931115,52.981623],[-78.965605,52.992254],[-78.997442,53.013516],[-78.994789,53.034295],[-78.98683,53.043476],[-78.995674,53.064738],[-78.993905,53.071986],[-78.973564,53.082134],[-78.97268,53.106779],[-78.977102,53.123209],[-78.946149,53.140122],[-78.954108,53.146404],[-78.94438,53.160901],[-78.977102,53.170082],[-78.960299,53.188928],[-78.930231,53.19376],[-78.945265,53.21164],[-78.924924,53.228553],[-78.935537,53.237251],[-78.928462,53.251748],[-78.931115,53.25948],[-78.984177,53.267694],[-78.985946,53.275909],[-78.968258,53.287507],[-78.959415,53.316984],[-78.970027,53.320367],[-78.998327,53.320367],[-79.006286,53.330514],[-79.003633,53.340179],[-78.988599,53.351293],[-78.993905,53.357092],[-78.993021,53.388502],[-79.022205,53.403965],[-79.044314,53.399616],[-79.062886,53.405415],[-79.062001,53.414113],[-79.044314,53.418945],[-79.042545,53.436825],[-79.06996,53.426677],[-79.085879,53.444557],[-79.087648,53.454221],[-79.115063,53.465819],[-79.121254,53.472584],[-79.107988,53.485148],[-79.138941,53.500611],[-79.127444,53.509309],[-79.089417,53.52284],[-79.070845,53.523323],[-79.058464,53.530571],[-79.033701,53.53492],[-79.032817,53.572612],[-79.069076,53.58276],[-79.07792,53.596774],[-79.051389,53.627701],[-79.071729,53.639781],[-79.070845,53.665392],[-79.052273,53.679889],[-79.072614,53.681339],[-79.081457,53.689071],[-79.133635,53.685688],[-79.159281,53.693903],[-79.158397,53.7084],[-79.143363,53.716132],[-79.090301,53.713715],[-79.081457,53.734494],[-79.084995,53.764455],[-79.044314,53.769287],[-79.043429,53.78765],[-79.067307,53.789582],[-79.064654,53.821476],[-79.057579,53.827274],[-79.065539,53.850469],[-79.08411,53.86255],[-79.07792,53.879463],[-79.101798,53.892994],[-79.07792,53.89541],[-79.043429,53.902658],[-79.027511,53.892994],[-79.005402,53.890094],[-78.991252,53.904591],[-79.004517,53.915705],[-79.045198,53.92537],[-79.062001,53.924887],[-79.084995,53.930202],[-79.090301,53.936484],[-79.113294,53.943733],[-79.087648,53.953881],[-79.054926,53.950981],[-79.039892,53.95533],[-79.038123,53.966444],[-79.062886,53.977076],[-79.058464,53.996405],[-79.001864,53.996888],[-78.990367,53.990123],[-78.967374,53.994472],[-78.963836,54.005103],[-78.991252,54.013318],[-79.023973,54.014284],[-79.096491,54.023949],[-79.188466,54.039412],[-79.297243,54.061158],[-79.348536,54.073721],[-79.396292,54.088218],[-79.413979,54.107064],[-79.459082,54.120112],[-79.508606,54.138957],[-79.520103,54.149589],[-79.498878,54.2501],[-79.49711,54.265564],[-79.486497,54.288759],[-79.492688,54.352545],[-79.515681,54.366559],[-79.506838,54.379123],[-79.51745,54.403284],[-79.509491,54.424546],[-79.554593,54.468037],[-79.593505,54.475285],[-79.620921,54.49993],[-79.633302,54.521192],[-79.668677,54.550186],[-79.738542,54.586911],[-79.741195,54.607207],[-79.763304,54.612522],[-79.770379,54.626053],[-79.74827,54.641516],[-79.731467,54.635234],[-79.714664,54.652147],[-79.675752,54.661329],[-79.669561,54.672443],[-79.655411,54.679691],[-79.599696,54.699987],[-79.577587,54.7169],[-79.555478,54.725115],[-79.533369,54.721249],[-79.476769,54.737679],[-79.435204,54.740578],[-79.410442,54.750243],[-79.388332,54.764257],[-79.375951,54.757008],[-79.34942,54.757491],[-79.321121,54.767639],[-79.306971,54.768606],[-79.284862,54.777304],[-79.245065,54.788418],[-79.226493,54.797599],[-79.176969,54.800016],[-79.13275,54.81113],[-79.118601,54.811613],[-79.094723,54.819828],[-79.06996,54.819828],[-79.044314,54.823694],[-79.016014,54.836741],[-78.979755,54.832875],[-78.955877,54.843506],[-78.941727,54.858003],[-78.933768,54.874433],[-78.910774,54.882165],[-78.893971,54.882648],[-78.878053,54.894245],[-78.848869,54.900044],[-78.836488,54.912125],[-78.825875,54.907776],[-78.782541,54.905843],[-78.736554,54.919373],[-78.713561,54.93387],[-78.695873,54.93242],[-78.667574,54.937736],[-78.660499,54.943052],[-78.605668,54.956099],[-78.591518,54.965763],[-78.580906,54.959965],[-78.562334,54.968663],[-78.564987,54.975428],[-78.546415,54.981227],[-78.546415,54.988475],[-78.519,54.993307],[-78.487163,55.003938],[-78.474782,55.002489],[-78.429679,55.017469],[-78.363352,55.028583],[-78.31648,55.042114],[-78.270493,55.067242],[-78.264302,55.077389],[-78.228043,55.093336],[-78.228928,55.099618],[-78.205934,55.1059],[-78.190016,55.116531],[-78.160832,55.127645],[-78.157294,55.135377],[-78.127226,55.149874],[-78.057361,55.167753],[-78.010489,55.187083],[-77.971577,55.205928],[-77.914978,55.218492],[-77.89729,55.23154],[-77.84246,55.258117],[-77.788513,55.268748],[-77.749601,55.298225],[-77.728376,55.320937],[-77.681505,55.347515],[-77.673546,55.358629],[-77.638171,55.377958],[-77.616062,55.377475],[-77.590415,55.386656],[-77.580687,55.38279],[-77.523203,55.422899],[-77.489597,55.438362],[-77.462182,55.463973],[-77.427692,55.478953],[-77.428576,55.484752],[-77.405582,55.492],[-77.365786,55.514229],[-77.345446,55.520028],[-77.343677,55.528726],[-77.317146,55.540807],[-77.302996,55.561585],[-77.252587,55.577532],[-77.221634,55.603143],[-77.200409,55.611841],[-77.188028,55.630687],[-77.1783,55.635036],[-77.159729,55.656782],[-77.12347,55.661614],[-77.114626,55.667896],[-77.116395,55.68046],[-77.077482,55.719118],[-77.105782,55.716702],[-77.116395,55.701239],[-77.142926,55.693507],[-77.148232,55.685292],[-77.184491,55.68191],[-77.139388,55.706071],[-77.11551,55.7254],[-77.107551,55.726367],[-77.092517,55.744729],[-77.06687,55.749079],[-77.063333,55.75971],[-77.035033,55.784838],[-77.004964,55.801751],[-76.993468,55.816731],[-76.979318,55.823496],[-76.960746,55.847657],[-76.939521,55.861188],[-76.932446,55.872302],[-76.894419,55.891631],[-76.884691,55.910477],[-76.861697,55.917726],[-76.859928,55.924974],[-76.830744,55.929806],[-76.820132,55.950585],[-76.807751,55.958317],[-76.807751,55.981995],[-76.798023,55.982962],[-76.798907,56.000841],[-76.774145,56.003741],[-76.769723,56.011472],[-76.73877,56.012922],[-76.720198,56.022103],[-76.683939,56.061245],[-76.684824,56.088789],[-76.649449,56.124548],[-76.64149,56.146777],[-76.656524,56.165139],[-76.650333,56.173837],[-76.652102,56.194616],[-76.625571,56.194133],[-76.614959,56.202831],[-76.626455,56.227476],[-76.616727,56.246322],[-76.587543,56.261302],[-76.563665,56.279181],[-76.547747,56.30141],[-76.542441,56.356498],[-76.529175,56.373894],[-76.534481,56.39564],[-76.533597,56.414002],[-76.522985,56.428499],[-76.526522,56.445896],[-76.518563,56.458943],[-76.528291,56.467158],[-76.551284,56.475373],[-76.544209,56.500984],[-76.554822,56.513065],[-76.541556,56.535776],[-76.554822,56.554139],[-76.545094,56.565737],[-76.534481,56.59763],[-76.549516,56.602945],[-76.533597,56.633872],[-76.53006,56.649335],[-76.539788,56.658033],[-76.53625,56.676396],[-76.531828,56.721337],[-76.537134,56.742599],[-76.530944,56.752746],[-76.537134,56.767727],[-76.532713,56.798653],[-76.533597,56.823781],[-76.543325,56.851809],[-76.541556,56.86099],[-76.553937,56.916078],[-76.569856,56.939756],[-76.563665,56.958602],[-76.568972,56.976965],[-76.559244,56.988079],[-76.576047,57.00016],[-76.583122,57.03012],[-76.582237,57.051382],[-76.574278,57.080376],[-76.576931,57.094873],[-76.606115,57.189586],[-76.634415,57.259654],[-76.682171,57.349535],[-76.712239,57.391576],[-76.716661,57.40414],[-76.748498,57.440865],[-76.802444,57.490638],[-76.821016,57.539444],[-76.851969,57.579552],[-76.871425,57.612895],[-76.889112,57.635124],[-76.896187,57.681997],[-76.905031,57.705192],[-76.953671,57.754965],[-76.988161,57.79314],[-77.027958,57.832765],[-77.091632,57.888336],[-77.159729,57.952606],[-77.212791,57.997063],[-77.193334,58.020258],[-77.218981,58.020258],[-77.314493,58.064232],[-77.326874,58.076796],[-77.344561,58.084044],[-77.387011,58.090326],[-77.442726,58.129951],[-77.494019,58.147347],[-77.543544,58.158945],[-77.529394,58.171025],[-77.5347,58.184073],[-77.550619,58.192771],[-77.645246,58.235778],[-77.718648,58.266222],[-77.772595,58.281685],[-77.807969,58.298598],[-77.914093,58.327592],[-77.98219,58.342089],[-78.045864,58.363834],[-78.071511,58.38268],[-78.075932,58.391378],[-78.14226,58.429553],[-78.223622,58.459997],[-78.564103,58.581287],[-78.61009,58.5982],[-78.622471,58.614147],[-78.613627,58.639275],[-78.609205,58.669235],[-78.618049,58.721424],[-78.642811,58.735921],[-78.639274,58.774579],[-78.621587,58.785693],[-78.625124,58.797291],[-78.649002,58.808888],[-78.649002,58.822902],[-78.609205,58.837882],[-78.559681,58.86301],[-78.569409,58.876541],[-78.556143,58.889588],[-78.580906,58.898769],[-78.578253,58.917615],[-78.549069,58.916649],[-78.540225,58.953374],[-78.474782,58.976569],[-78.337705,59.046154],[-78.348317,59.059201],[-78.297024,59.073215],[-78.276684,59.112357],[-78.236887,59.124921],[-78.190016,59.176143],[-78.199744,59.193539],[-78.172328,59.208519],[-78.131647,59.225432],[-78.072395,59.229298],[-78.037905,59.236547],[-78.031714,59.245728],[-78.046748,59.256842],[-78.048517,59.267957],[-78.038789,59.282453],[-77.975999,59.317246],[-77.938856,59.34334],[-77.937087,59.353971],[-77.992802,59.393113],[-77.999877,59.404227],[-77.994571,59.431288],[-77.986611,59.446268],[-77.941509,59.493142],[-77.868991,59.554512],[-77.8628,59.570458],[-77.888447,59.618781],[-77.877834,59.677252],[-77.876066,59.704313],[-77.854841,59.729441],[-77.831847,59.742971],[-77.77171,59.760851],[-77.745179,59.765683],[-77.693002,59.767616],[-77.59749,59.757951],[-77.593953,59.759884],[-77.493135,59.880208],[-77.472794,59.888423],[-77.473679,59.901471],[-77.50021,59.936263],[-77.584225,60.015513],[-77.61783,60.034842],[-77.655858,60.049339],[-77.654089,60.063836],[-77.630212,60.074467],[-77.658511,60.087997],[-77.657627,60.099112],[-77.645246,60.113125],[-77.616946,60.130521],[-77.589531,60.133904],[-77.567422,60.156133],[-77.589531,60.174495],[-77.654974,60.238282],[-77.654974,60.254711],[-77.647015,60.279356],[-77.645246,60.304967],[-77.657627,60.319947],[-77.795588,60.388083],[-77.780554,60.427708],[-77.764635,60.455252],[-77.769057,60.468299],[-77.801779,60.499709],[-77.866337,60.554797],[-77.89729,60.569294],[-77.91144,60.580408],[-77.91144,60.592972],[-77.903481,60.611335],[-77.855725,60.627765],[-77.877834,60.648544],[-77.870759,60.665457],[-77.999877,60.74374],[-78.054708,60.781915],[-78.064436,60.793512],[-78.09362,60.794479],[-78.074164,60.811392],[-78.104232,60.808493],[-78.130763,60.797862],[-78.178519,60.793029],[-78.190016,60.784814],[-78.213894,60.779982],[-78.227159,60.79013],[-78.205934,60.800278],[-78.21124,60.820573],[-78.191784,60.860681],[-78.146682,60.876145],[-78.139607,60.894024],[-78.117498,60.900306],[-78.110423,60.915286],[-78.126341,60.924951],[-78.063551,60.968442],[-78.037905,60.983905],[-77.999877,60.999852],[-77.972461,61.024496],[-77.936202,61.047691],[-77.858378,61.072336],[-77.845113,61.153035],[-77.81416,61.176714],[-77.80001,61.197009],[-77.80001,61.225037],[-77.817697,61.238084],[-77.818582,61.257413],[-77.802663,61.28689],[-77.811507,61.341012],[-77.821235,61.384019],[-77.845997,61.416395],[-77.854841,61.453604],[-77.845997,61.45892],[-77.831847,61.50386],[-77.850419,61.567163],[-77.876066,61.611137],[-77.966271,61.658977],[-78.008721,61.686038],[-78.018449,61.702951],[-78.048517,61.734361],[-78.063551,61.783167],[-78.118382,61.867732],[-78.144913,61.932485],[-78.178519,61.989023],[-78.179403,62.024782],[-78.194437,62.100649],[-78.213009,62.148972],[-78.23335,62.214208],[-78.218315,62.249967],[-78.223622,62.26253],[-78.180288,62.327283],[-78.1626,62.34178],[-78.11396,62.368358],[-78.029945,62.369807],[-77.999877,62.38962],[-77.950352,62.430211],[-77.914093,62.441325],[-77.849535,62.44954],[-77.799126,62.463071],[-77.735451,62.477568],[-77.700961,62.51526],[-77.582456,62.547153],[-77.55504,62.563583],[-77.533816,62.583878],[-77.515244,62.593543],[-77.425923,62.592093],[-77.224287,62.562616],[-77.049183,62.549569],[-76.843125,62.537488],[-76.775029,62.52879],[-76.728158,62.520575],[-76.642374,62.49593],[-76.602578,62.486266],[-76.547747,62.467903],[-76.45931,62.449057],[-76.301009,62.423446],[-76.116176,62.384788],[-76.000324,62.35966],[-75.935765,62.357243],[-75.901275,62.352411],[-75.849982,62.335015],[-75.810185,62.326317],[-75.758892,62.318585],[-75.628006,62.304571],[-75.595284,62.298773],[-75.563447,62.299256],[-75.499772,62.291524],[-75.459976,62.309887],[-75.400723,62.323901],[-75.357389,62.3268],[-75.316709,62.323417],[-75.237116,62.306988],[-75.134529,62.298773],[-75.065548,62.280893],[-75.009833,62.276544],[-74.86745,62.256248],[-74.808198,62.250933],[-74.757789,62.255765],[-74.720645,62.26543],[-74.64459,62.270262],[-74.506629,62.265913],[-74.450029,62.268812],[-74.377511,62.279927],[-74.222747,62.34468],[-74.15642,62.362076],[-73.999887,62.378989],[-73.856619,62.472252],[-73.735461,62.486266],[-73.671787,62.490615],[-73.619609,62.472735],[-73.579813,62.432627],[-73.525866,62.405566],[-73.448042,62.392519],[-73.373755,62.377056],[-73.288856,62.352894],[-73.168582,62.312303],[-73.154432,62.299256],[-73.153548,62.270745],[-73.147357,62.258665],[-73.118173,62.242718],[-72.916538,62.175066],[-72.847557,62.148972],[-72.811298,62.145106],[-72.727283,62.153321],[-72.680412,62.144622],[-72.612315,62.123844],[-72.576941,62.097266],[-72.565444,62.072621],[-72.569866,62.013184],[-72.600819,61.983224],[-72.579594,61.951814],[-72.559253,61.946982],[-72.553947,61.936834],[-72.532722,61.932968],[-72.521226,61.92427],[-72.489388,61.930069],[-72.454014,61.915572],[-72.440748,61.898175],[-72.423061,61.905907],[-72.392993,61.897692],[-72.349659,61.895759],[-72.332856,61.888028],[-72.267412,61.88996],[-72.257684,61.883195],[-72.213466,61.875947],[-72.17986,61.853718],[-72.188704,61.837288],[-72.163057,61.828107],[-72.140064,61.810228],[-72.14537,61.799113],[-72.189588,61.784616],[-72.192241,61.774952],[-72.211697,61.77012],[-72.225847,61.758039],[-72.202854,61.75079],[-72.157751,61.745475],[-72.129451,61.766737],[-72.111764,61.767703],[-72.08258,61.761421],[-72.08258,61.744508],[-72.060471,61.744508],[-72.034824,61.732428],[-71.997681,61.724213],[-71.834957,61.702467],[-71.790739,61.694252],[-71.693459,61.673957],[-71.551075,61.638681],[-71.52366,61.6295],[-71.505088,61.617419],[-71.496245,61.587942],[-71.499782,61.576828],[-71.544885,61.549767],[-71.559035,61.499994],[-71.567878,61.422677],[-71.55815,61.402382],[-71.596178,61.362757],[-71.624478,61.326515],[-71.648356,61.312018],[-71.64924,61.299937],[-71.575838,61.272876],[-71.552844,61.253547],[-71.521007,61.238084],[-71.485632,61.232768],[-71.442298,61.230352],[-71.42638,61.22262],[-71.420189,61.202325],[-71.409577,61.190727],[-71.372433,61.17768],[-71.294609,61.174781],[-71.23005,61.174297],[-71.187601,61.152069],[-71.146036,61.147237],[-71.02753,61.140471],[-70.962087,61.130324],[-70.927597,61.118726],[-70.894875,61.100846],[-70.857732,61.08635],[-70.825895,61.081517],[-70.74188,61.092148],[-70.704737,61.082967],[-70.640178,61.058322],[-70.552626,61.061705],[-70.501332,61.076685],[-70.474801,61.071369],[-70.438542,61.075719],[-70.426161,61.087316],[-70.404052,61.094565],[-70.321806,61.105679],[-70.252825,61.102779],[-70.227179,61.091182],[-70.185613,61.092148],[-70.165273,61.096981],[-70.129014,61.095531],[-70.090986,61.066537],[-70.096292,61.051074],[-70.138742,61.026912],[-70.145817,61.010483],[-70.098061,60.983905],[-70.082143,60.957811],[-70.069761,60.919152],[-70.050305,60.878078],[-69.965406,60.843768],[-69.907922,60.816707],[-69.893772,60.816707],[-69.865473,60.837003],[-69.876085,60.858748],[-69.839826,60.894024],[-69.792955,60.916736],[-69.750505,60.930266],[-69.738124,60.941864],[-69.704518,60.985355],[-69.697443,61.016281],[-69.684178,61.042376],[-69.664722,61.063155],[-69.620503,61.083933],[-69.58955,61.087799],[-69.563019,61.086833],[-69.52057,61.079584],[-69.490501,61.071369],[-69.459548,61.051074],[-69.428596,60.999852],[-69.376418,60.948629],[-69.3039,60.904172],[-69.26941,60.875178],[-69.271178,60.85295],[-69.299478,60.820573],[-69.337506,60.788197],[-69.379955,60.766935],[-69.413561,60.753888],[-69.476351,60.733109],[-69.598394,60.702665],[-69.621388,60.692517],[-69.642612,60.670289],[-69.645265,60.655792],[-69.637306,60.637429],[-69.606353,60.590073],[-69.61785,60.561562],[-69.630231,60.548032],[-69.656762,60.530152],[-69.687715,60.499709],[-69.707171,60.463467],[-69.704518,60.425291],[-69.654109,60.360056],[-69.6603,60.32333],[-69.587782,60.262443],[-69.580707,60.249879],[-69.538257,60.210254],[-69.547101,60.187059],[-69.544448,60.166764],[-69.550638,60.136803],[-69.532067,60.093796],[-69.538257,60.077366],[-69.557713,60.057554],[-69.58336,60.000049],[-69.586013,59.984103],[-69.527645,59.931914],[-69.485195,59.885041],[-69.47193,59.847349],[-69.46397,59.808207],[-69.469276,59.785495],[-69.481658,59.756985],[-69.482542,59.706729],[-69.47193,59.666621],[-69.472814,59.640527],[-69.496692,59.600419],[-69.498461,59.565626],[-69.469276,59.495558],[-69.416214,59.448201],[-69.325125,59.406643],[-69.229613,59.356388],[-69.20662,59.331743],[-69.177436,59.266024],[-69.174782,59.239446],[-69.200429,59.225432],[-69.157095,59.183875],[-69.123489,59.185808],[-69.104917,59.170827],[-69.025324,59.091578],[-68.999678,59.054369],[-68.973147,59.038423],[-68.914779,58.983334],[-68.861717,58.95579],[-68.797158,58.948059],[-68.672462,58.947575],[-68.592869,58.951924],[-68.532732,58.946609],[-68.500011,58.945642],[-68.411574,58.925347],[-68.316062,58.884755],[-68.257694,58.836916],[-68.244429,58.805989],[-68.25681,58.749934],[-68.258579,58.726256],[-68.25681,58.641208],[-68.243544,58.623328],[-68.209938,58.601583],[-68.163951,58.593368],[-68.064902,58.593851],[-68.000344,58.600133],[-67.959663,58.594818],[-67.898641,58.580804],[-67.792517,58.550361],[-67.719115,58.5233],[-67.676665,58.489957],[-67.648366,58.461446],[-67.643059,58.441634],[-67.68374,58.359485],[-67.685509,58.320343],[-67.674012,58.284101],[-67.611222,58.266222],[-67.579385,58.267188],[-67.449383,58.324209],[-67.36979,58.350787],[-67.231829,58.409258],[-67.136317,58.465795],[-67.059377,58.49189],[-66.990397,58.509286],[-66.927607,58.521367],[-66.826789,58.531998],[-66.763115,58.558092],[-66.684406,58.59965],[-66.604813,58.655705],[-66.549982,58.729156],[-66.521683,58.757666],[-66.512839,58.77168],[-66.513723,58.834016],[-66.50488,58.861077],[-66.485424,58.878474],[-66.465967,58.885239],[-66.331544,58.885239],[-66.309435,58.88089],[-66.285557,58.866393],[-66.151133,58.877507],[-66.111336,58.887655],[-66.017594,58.920031],[-65.97426,58.930179],[-65.928273,58.955307],[-65.920313,58.965938],[-65.947729,58.989133],[-65.941538,59.060651],[-65.925619,59.106075],[-65.925619,59.156331],[-65.967185,59.265057],[-65.954804,59.311447],[-65.884939,59.366052],[-65.620513,59.506672],[-65.592213,59.527934],[-65.573642,59.560794],[-65.590445,59.70238],[-65.598404,59.734273],[-65.578948,59.764717],[-65.474592,59.824637],[-65.368469,59.878759],[-65.299488,59.911135],[-65.25527,59.938196],[-65.201323,59.987485],[-65.189826,60.008264],[-65.201323,60.036775],[-65.195133,60.052238],[-65.172139,60.068668],[-65.143839,60.070118],[-65.099621,60.066735],[-65.082818,60.059003],[-65.070437,60.071084],[-65.079281,60.102494],[-65.050981,60.125689],[-65.012069,60.132938],[-65.012953,60.149851],[-65.003225,60.164831],[-64.973157,60.164831],[-64.977578,60.178361],[-64.970504,60.187543],[-64.940435,60.196724],[-64.936898,60.206388],[-64.966966,60.216536],[-64.973157,60.225718],[-64.965197,60.257611],[-64.942204,60.274524],[-64.922748,60.283222],[-64.895332,60.285638],[-64.863495,60.301101],[-64.844039,60.32188],[-64.845808,60.341693],[-64.862611,60.361505],[-64.844923,60.375036],[-64.797168,60.370687],[-64.740568,60.352807],[-64.728187,60.366337],[-64.700772,60.356673],[-64.627369,60.346525],[-64.572539,60.330578],[-64.517708,60.304484]]}},{"type":"Feature","properties":{},"geometry":{"type":"LineString","coordinates":[[-77.930896,47.269849],[-77.914978,47.258734],[-77.916746,47.251969],[-77.900828,47.242788],[-77.870759,47.242788],[-77.858378,47.236506],[-77.852188,47.200263],[-77.850419,47.177552],[-77.854841,47.171753],[-77.84865,47.155806],[-77.853956,47.147108],[-77.845997,47.13986],[-77.846881,47.105067],[-77.841575,47.09202],[-77.830963,47.086221],[-77.82831,47.060127],[-77.845113,47.039831],[-77.850419,47.016153],[-77.8345,47.006005],[-77.845113,46.985226],[-77.841575,46.96928],[-77.84246,46.940769],[-77.851303,46.939803],[-77.873412,46.904527],[-77.887562,46.886647],[-77.879603,46.883265],[-77.882256,46.863452],[-77.892868,46.857654],[-77.887562,46.835425],[-77.892868,46.828177],[-77.823888,46.817062],[-77.837153,46.790485],[-77.831847,46.78227],[-77.838038,46.774055],[-77.82831,46.765357],[-77.832732,46.753276],[-77.829194,46.73298],[-77.819466,46.70592],[-77.838038,46.696255],[-77.832732,46.683208],[-77.859263,46.660496],[-77.856609,46.641167],[-77.82035,46.619905],[-77.78586,46.602508],[-77.774363,46.584146],[-77.789398,46.571099],[-77.777901,46.545487],[-77.769057,46.534856],[-77.784091,46.523742],[-77.761098,46.512145],[-77.759329,46.496198],[-77.764635,46.473486],[-77.776132,46.452707],[-77.760213,46.440627],[-77.76552,46.430479],[-77.746948,46.414532],[-77.741642,46.404868],[-77.753139,46.39472],[-77.769942,46.387471],[-77.774363,46.373458],[-77.786744,46.366209],[-77.802663,46.364276],[-77.819466,46.338182],[-77.826541,46.322718],[-77.836269,46.317403],[-77.84246,46.286476],[-77.853956,46.277295],[-77.854841,46.265697],[-77.847766,46.247335],[-77.855725,46.232355],[-77.84865,46.218341],[-77.850419,46.208193]]}},{"type":"Feature","properties":{},"geometry":{"type":"LineString","coordinates":[[-77.850419,46.208193],[-77.880487,46.216408],[-77.926474,46.22414],[-77.98838,46.246368],[-78.014911,46.248301],[-78.042326,46.242502],[-78.067089,46.246851],[-78.089198,46.256516],[-78.117498,46.263764],[-78.135185,46.274879],[-78.17056,46.276328],[-78.220084,46.270046],[-78.23954,46.274879],[-78.260765,46.273912],[-78.289065,46.259415],[-78.309405,46.253133],[-78.343895,46.266181],[-78.388114,46.291792],[-78.403148,46.293241]]}},{"type":"Feature","properties":{},"geometry":{"type":"LineString","coordinates":[[-78.403148,46.293241],[-78.415529,46.294691],[-78.513694,46.297107],[-78.55349,46.309188],[-78.596824,46.318853],[-78.631315,46.321269],[-78.675533,46.318369],[-78.697642,46.319819],[-78.711792,46.326101],[-78.728595,46.342531],[-78.722404,46.371041],[-78.726826,46.382639],[-78.757779,46.39327],[-78.786079,46.413566],[-78.811725,46.426613],[-78.863019,46.445459],[-78.893087,46.461889],[-78.916965,46.482184],[-78.946149,46.513111],[-78.955877,46.516494],[-78.989483,46.54887],[-78.997442,46.565783],[-78.995674,46.590911],[-79.008939,46.604441],[-79.01513,46.62667],[-79.027511,46.638267],[-79.053157,46.649865],[-79.071729,46.664362],[-79.094723,46.688523],[-79.099145,46.708819],[-79.121254,46.73443],[-79.123022,46.744095],[-79.141594,46.777438],[-79.143363,46.786136],[-79.170778,46.825277],[-79.214112,46.833009],[-79.238874,46.862486],[-79.257446,46.880849],[-79.276902,46.895346],[-79.329964,46.957199],[-79.337924,46.970729],[-79.337924,46.98426],[-79.346767,47.007938],[-79.376836,47.028717],[-79.435204,47.084288],[-79.443163,47.101201],[-79.441394,47.150008],[-79.431666,47.179968],[-79.437857,47.219109],[-79.42636,47.236989],[-79.427245,47.250036],[-79.450238,47.277097],[-79.477653,47.298359],[-79.48296,47.310923],[-79.514797,47.343299],[-79.540443,47.366011],[-79.581124,47.415301],[-79.586431,47.445744],[-79.560784,47.477637],[-79.556362,47.503732],[-79.547518,47.517745],[-79.51745,47.533209],[-79.510375,47.543356],[-79.51745,47.558337],[-79.51745,47.738581],[-79.51745,47.927041]]}},{"type":"Feature","properties":{},"geometry":{"type":"LineString","coordinates":[[-79.51745,47.927041],[-79.518334,48.057996],[-79.51745,48.288013],[-79.51745,48.525762],[-79.51745,48.669281],[-79.51745,48.805552],[-79.518334,49.008025]]}},{"type":"Feature","properties":{},"geometry":{"type":"LineString","coordinates":[[-73.735461,45.529255],[-73.721311,45.537954],[-73.675324,45.557283]]}},{"type":"Feature","properties":{},"geometry":{"type":"LineString","coordinates":[[-73.675324,45.557283],[-73.66648,45.576129]]}},{"type":"Feature","properties":{},"geometry":{"type":"LineString","coordinates":[[-73.66648,45.576129],[-73.645256,45.565014]]}},{"type":"Feature","properties":{},"geometry":{"type":"LineString","coordinates":[[-73.645256,45.565014],[-73.621378,45.554867]]}},{"type":"Feature","properties":{},"geometry":{"type":"LineString","coordinates":[[-73.621378,45.554867],[-73.635528,45.549068],[-73.647909,45.531188]]}},{"type":"Feature","properties":{},"geometry":{"type":"LineString","coordinates":[[-73.647909,45.531188],[-73.663827,45.535537],[-73.70893,45.523457],[-73.721311,45.526839],[-73.72927,45.516208],[-73.755801,45.506544]]}},{"type":"Feature","properties":{},"geometry":{"type":"LineString","coordinates":[[-73.755801,45.506544],[-73.763761,45.511859]]}},{"type":"Feature","properties":{},"geometry":{"type":"LineString","coordinates":[[-73.763761,45.511859],[-73.735461,45.529255]]}},{"type":"Feature","properties":{},"geometry":{"type":"LineString","coordinates":[[-73.745189,45.668426],[-73.72308,45.680506],[-73.699202,45.683889],[-73.68063,45.694037],[-73.650562,45.688238],[-73.614303,45.692587],[-73.598384,45.689204],[-73.558588,45.700319],[-73.524097,45.699352]]}},{"type":"Feature","properties":{},"geometry":{"type":"LineString","coordinates":[[-73.524097,45.699352],[-73.540016,45.678573],[-73.608997,45.645231],[-73.624031,45.635083]]}},{"type":"Feature","properties":{},"geometry":{"type":"LineString","coordinates":[[-73.624031,45.635083],[-73.636412,45.623485],[-73.647024,45.599324],[-73.66648,45.576129]]}},{"type":"Feature","properties":{},"geometry":{"type":"LineString","coordinates":[[-73.675324,45.557283],[-73.716889,45.592559]]}},{"type":"Feature","properties":{},"geometry":{"type":"LineString","coordinates":[[-73.716889,45.592559],[-73.744305,45.619619],[-73.726617,45.632667],[-73.754033,45.661177]]}},{"type":"Feature","properties":{},"geometry":{"type":"LineString","coordinates":[[-73.754033,45.661177],[-73.745189,45.668426]]}},{"type":"Feature","properties":{},"geometry":{"type":"LineString","coordinates":[[-75.780117,45.964162],[-75.760661,45.96078],[-75.746511,45.97431],[-75.733245,45.969961],[-75.668686,45.970444],[-75.661612,45.982042],[-75.622699,45.983008],[-75.621815,45.994606],[-75.601475,45.994606],[-75.60059,45.971411],[-75.406914,45.972377],[-75.408683,46.056459],[-75.407798,46.09705],[-75.211469,46.098017],[-75.211469,46.103815],[-75.179632,46.103332],[-75.178747,46.132326],[-75.156638,46.131843],[-75.155754,46.157454],[-75.138066,46.157454],[-75.138066,46.183065],[-75.117726,46.183065],[-75.117726,46.215925],[-75.075276,46.215925],[-75.090311,46.103332],[-75.027521,46.103332],[-75.016024,46.106232],[-74.939968,46.106232],[-74.940853,46.061775],[-74.858607,46.063224],[-74.857722,46.016834],[-74.837382,46.017317],[-74.832076,46.00282],[-74.831191,45.973343],[-74.807313,45.973343],[-74.801123,45.958847],[-74.802007,45.943866],[-74.763979,45.945316],[-74.763095,45.97286],[-74.698536,45.971894],[-74.708264,45.931786],[-74.668468,45.928886],[-74.603025,45.922121],[-74.56765,45.917289],[-74.501323,45.91149]]}},{"type":"Feature","properties":{},"geometry":{"type":"LineString","coordinates":[[-74.501323,45.91149],[-74.508397,45.890711],[-74.513704,45.858818],[-74.521663,45.821126],[-74.529622,45.801797],[-74.536697,45.763622],[-74.333293,45.739944],[-74.274925,45.723514],[-74.204175,45.705151],[-74.208597,45.686788]]}},{"type":"Feature","properties":{},"geometry":{"type":"LineString","coordinates":[[-74.208597,45.686788],[-74.212135,45.700319],[-74.235128,45.696936],[-74.240434,45.687272],[-74.2537,45.688238],[-74.265197,45.681956],[-74.249278,45.66311],[-74.245741,45.647163],[-74.262544,45.64958],[-74.26785,45.632183],[-74.222747,45.625901],[-74.241319,45.551967],[-74.262544,45.551484],[-74.274925,45.544719],[-74.280231,45.523457],[-74.247509,45.524423],[-74.244856,45.506544]]}},{"type":"Feature","properties":{},"geometry":{"type":"LineString","coordinates":[[-74.244856,45.506544],[-74.319143,45.505094],[-74.33064,45.50751],[-74.342137,45.518141],[-74.355402,45.545685],[-74.381049,45.565981]]}},{"type":"Feature","properties":{},"geometry":{"type":"LineString","coordinates":[[-74.381049,45.565981],[-74.396083,45.57033],[-74.432342,45.572263],[-74.472138,45.593525],[-74.489826,45.595458],[-74.510166,45.592075],[-74.534928,45.594975],[-74.562344,45.606572],[-74.6101,45.622519],[-74.625134,45.6346],[-74.638399,45.638949],[-74.678196,45.632667],[-74.729489,45.628318],[-74.786089,45.638949],[-74.835613,45.636049],[-74.878063,45.641848],[-74.928472,45.645714],[-74.942621,45.643298],[-74.988609,45.610921],[-75.016024,45.598841],[-75.03548,45.594008],[-75.087658,45.588209],[-75.113304,45.578545],[-75.13276,45.576612],[-75.173441,45.577095],[-75.198203,45.58531],[-75.222081,45.587726],[-75.242422,45.58531],[-75.299906,45.558249],[-75.316709,45.546169],[-75.342355,45.536987],[-75.390995,45.52394],[-75.423717,45.520074],[-75.445826,45.521041],[-75.482085,45.512342]]}},{"type":"Feature","properties":{},"geometry":{"type":"LineString","coordinates":[[-75.482085,45.512342],[-75.542222,45.489631]]}},{"type":"Feature","properties":{},"geometry":{"type":"LineString","coordinates":[[-75.542222,45.489631],[-75.559909,45.499778],[-75.528072,45.514275],[-75.528957,45.521524],[-75.552834,45.513792],[-75.592631,45.510893],[-75.642155,45.510893],[-75.67753,45.50751],[-75.683721,45.550518]]}},{"type":"Feature","properties":{},"geometry":{"type":"LineString","coordinates":[[-75.683721,45.550518],[-75.690796,45.578062],[-75.689027,45.594008],[-75.698755,45.638949],[-75.735014,45.636532],[-75.735014,45.627351],[-75.816376,45.622036],[-75.820798,45.684855],[-75.826104,45.712883],[-75.832294,45.777152],[-75.724402,45.784401],[-75.736783,45.825475],[-75.737667,45.913906],[-75.756239,45.937584],[-75.763314,45.939034],[-75.780117,45.956914],[-75.780117,45.964162]]}},{"type":"Feature","properties":{},"geometry":{"type":"LineString","coordinates":[[-71.119505,46.630053],[-71.092974,46.648898],[-71.089436,46.638267],[-71.077055,46.62812],[-71.048755,46.620871],[-71.039027,46.608307],[-71.04168,46.590428],[-71.019571,46.587045],[-70.982428,46.586079],[-70.961203,46.59381],[-70.937325,46.57738],[-70.923175,46.577864],[-70.904604,46.563367],[-70.876304,46.535823],[-70.864807,46.540655],[-70.836507,46.513594],[-70.813514,46.528574],[-70.768411,46.491849],[-70.754261,46.487017],[-70.743649,46.493782],[-70.695893,46.45609],[-70.723308,46.434828],[-70.688818,46.407284],[-70.662287,46.42468],[-70.611878,46.386505],[-70.538476,46.336249],[-70.511945,46.320302],[-70.540244,46.300973],[-70.514598,46.281644],[-70.508407,46.272946],[-70.511945,46.257482],[-70.491604,46.259899],[-70.467726,46.275362],[-70.441195,46.256033],[-70.426161,46.25265],[-70.372215,46.212542],[-70.349221,46.228005],[-70.339493,46.217858],[-70.286431,46.237187],[-70.26786,46.22124]]}},{"type":"Feature","properties":{},"geometry":{"type":"LineString","coordinates":[[-70.41378,45.795998],[-70.421739,45.806629],[-70.471264,45.78875],[-70.499564,45.826925],[-70.593306,45.792132],[-70.631334,45.779085],[-70.646368,45.800347],[-70.664056,45.781985],[-70.802017,45.781501],[-70.892222,45.780052],[-70.898413,45.845771],[-70.899297,45.887329],[-70.89576,45.890711],[-70.949706,45.915839],[-70.968278,45.900859],[-70.999231,45.917289],[-71.005421,45.911007],[-71.058483,45.938068],[-71.069096,45.927437],[-71.107123,45.946283],[-71.046102,46.006203],[-71.00719,45.98784],[-70.990387,46.004753],[-71.001884,46.010552],[-70.988618,46.024083],[-71.024877,46.057909],[-71.012496,46.06709],[-71.023993,46.076271],[-71.012496,46.088352],[-70.970047,46.115896],[-71.006306,46.14344],[-70.993925,46.153105],[-71.013381,46.168085],[-70.97889,46.190314],[-71.082361,46.287926],[-71.09828,46.277778],[-71.121273,46.298074],[-71.105355,46.309188]]}},{"type":"Feature","properties":{},"geometry":{"type":"LineString","coordinates":[[-71.105355,46.309188],[-71.146036,46.342048],[-71.102702,46.358477],[-71.114198,46.372491],[-71.131886,46.382639],[-71.147804,46.397136],[-71.159301,46.417915],[-71.228282,46.481701],[-71.192023,46.501997],[-71.210594,46.515044],[-71.194676,46.526158],[-71.192907,46.535823],[-71.163723,46.553219],[-71.16107,46.560467],[-71.178757,46.5653],[-71.188485,46.581246],[-71.119505,46.630053]]}},{"type":"Feature","properties":{},"geometry":{"type":"LineString","coordinates":[[-74.668468,45.004468],[-74.653434,45.018965],[-74.596834,45.041194],[-74.555269,45.044576],[-74.493363,45.066322],[-74.44207,45.130591],[-74.419961,45.141222],[-74.377511,45.153786],[-74.320027,45.187129],[-74.472138,45.302621],[-74.438532,45.393951]]}},{"type":"Feature","properties":{},"geometry":{"type":"LineString","coordinates":[[-74.438532,45.393951],[-74.42173,45.439858]]}},{"type":"Feature","properties":{},"geometry":{"type":"LineString","coordinates":[[-74.42173,45.439858],[-74.335062,45.457737],[-74.329755,45.444207],[-74.245741,45.43116],[-74.230706,45.430193],[-74.243087,45.388636],[-74.098051,45.372206],[-73.999887,45.334997],[-73.970703,45.33548],[-73.963628,45.342729],[-73.944172,45.337413],[-73.910566,45.336447],[-73.886688,45.341279],[-73.852197,45.357226]]}},{"type":"Feature","properties":{},"geometry":{"type":"LineString","coordinates":[[-73.852197,45.357226],[-73.844238,45.339346],[-73.811517,45.313735],[-73.811517,45.306487],[-73.824782,45.286191],[-73.819476,45.277493],[-73.857504,45.218056],[-73.888456,45.204042],[-73.900838,45.203559],[-73.937097,45.175048],[-73.950362,45.162484],[-73.873422,45.104013],[-73.896416,45.09],[-73.902606,45.094832],[-73.934444,45.080335],[-73.996349,45.04071],[-73.987506,45.033945],[-73.983084,44.99722]]}},{"type":"Feature","properties":{},"geometry":{"type":"LineString","coordinates":[[-71.246853,46.879882],[-71.211479,46.892446],[-71.203519,46.897762],[-71.179642,46.896312],[-71.169913,46.902594],[-71.153111,46.895829],[-71.133654,46.881332],[-71.149573,46.856687],[-71.168145,46.844123]]}},{"type":"Feature","properties":{},"geometry":{"type":"LineString","coordinates":[[-71.168145,46.844123],[-71.188485,46.825761]]}},{"type":"Feature","properties":{},"geometry":{"type":"LineString","coordinates":[[-71.188485,46.825761],[-71.192023,46.828177],[-71.224744,46.818995],[-71.2442,46.821411],[-71.262772,46.835425]]}},{"type":"Feature","properties":{},"geometry":{"type":"LineString","coordinates":[[-71.262772,46.835425],[-71.232704,46.850888],[-71.249506,46.868285],[-71.246853,46.879882]]}},{"type":"Feature","properties":{},"geometry":{"type":"LineString","coordinates":[[-72.59905,46.284543],[-72.56456,46.303389],[-72.538029,46.325618],[-72.480545,46.367659]]}},{"type":"Feature","properties":{},"geometry":{"type":"LineString","coordinates":[[-72.480545,46.367659],[-72.461089,46.383605],[-72.429252,46.388438],[-72.394761,46.399552],[-72.380611,46.407284],[-72.366462,46.4068],[-72.282447,46.428546],[-72.251494,46.443526],[-72.237344,46.470104],[-72.2285,46.500547],[-72.20816,46.527608],[-72.183398,46.546454],[-72.137411,46.564817],[-72.081695,46.570132]]}},{"type":"Feature","properties":{},"geometry":{"type":"LineString","coordinates":[[-72.081695,46.570132],[-72.056933,46.572065]]}},{"type":"Feature","properties":{},"geometry":{"type":"LineString","coordinates":[[-72.056933,46.572065],[-71.993259,46.529541],[-71.880944,46.450774],[-71.974687,46.386505],[-71.891557,46.326584]]}},{"type":"Feature","properties":{},"geometry":{"type":"LineString","coordinates":[[-71.891557,46.326584],[-71.944619,46.292758],[-71.959653,46.304839],[-71.974687,46.294691],[-72.00564,46.318853],[-72.015368,46.305322],[-72.064008,46.274396],[-72.056049,46.26763],[-72.081695,46.250234],[-72.092308,46.257966],[-72.103805,46.250234],[-72.118839,46.261348],[-72.177207,46.220757],[-72.166595,46.213025],[-72.181629,46.20771],[-72.186051,46.194663],[-72.199316,46.199495],[-72.217888,46.195146],[-72.218772,46.170501],[-72.178976,46.178233],[-72.167479,46.165669],[-72.163942,46.151655],[-72.163057,46.122661],[-72.149792,46.125078],[-72.149792,46.110581],[-72.21435,46.097533],[-72.239997,46.074822],[-72.260338,46.061291],[-72.290406,46.046311],[-72.30544,46.032781]]}},{"type":"Feature","properties":{},"geometry":{"type":"LineString","coordinates":[[-72.30544,46.032781],[-72.307209,46.031331],[-72.35408,46.058875],[-72.39653,46.023116],[-72.41068,46.031814],[-72.414217,46.043895],[-72.43102,46.042445],[-72.439864,46.047278],[-72.458436,46.038096],[-72.482314,46.040029],[-72.498232,46.054043],[-72.492042,46.08062],[-72.507076,46.084486],[-72.517688,46.097533],[-72.54245,46.076271],[-72.56456,46.061775],[-72.532722,46.038579],[-72.552179,46.021183],[-72.566328,46.031814],[-72.587553,46.016351],[-72.600819,46.016834],[-72.617622,46.028915],[-72.657418,46.006203],[-72.683065,46.016351],[-72.69633,46.017801],[-72.733474,46.032297],[-72.767964,46.009102],[-72.802454,46.011035],[-72.803339,45.997505],[-72.790957,45.991706],[-72.805107,45.981075],[-72.75293,45.9429],[-72.793611,45.906658],[-72.80157,45.905208],[-72.831638,45.886362],[-72.839598,45.890228],[-72.854632,45.878147]]}},{"type":"Feature","properties":{},"geometry":{"type":"LineString","coordinates":[[-72.854632,45.878147],[-72.89885,45.908107],[-72.908578,45.883463],[-72.926266,45.886362],[-72.935109,45.871865],[-72.962525,45.874281],[-72.960756,45.88008],[-73.019124,45.890228],[-73.017355,45.897476],[-73.031505,45.907141],[-73.058921,45.889262],[-73.065996,45.894577],[-73.081914,45.851086],[-73.113751,45.831757],[-73.123479,45.817744]]}},{"type":"Feature","properties":{},"geometry":{"type":"LineString","coordinates":[[-73.123479,45.817744],[-73.203957,45.875248],[-73.187154,45.892161],[-73.188038,45.922604],[-73.180079,45.950632],[-73.165045,45.968994],[-73.185385,45.984458]]}},{"type":"Feature","properties":{},"geometry":{"type":"LineString","coordinates":[[-73.185385,45.984458],[-73.169466,46.026016],[-73.15797,46.042929],[-73.147357,46.050177],[-73.097833,46.062258],[-73.094295,46.057425],[-73.053614,46.098983],[-73.036811,46.109131],[-72.999668,46.112997],[-72.976674,46.111064],[-72.966062,46.11493],[-72.957218,46.134742],[-72.958103,46.150206],[-72.867897,46.181615],[-72.794495,46.20481],[-72.769733,46.215925],[-72.703405,46.249751],[-72.59905,46.284543]]}},{"type":"Feature","properties":{},"geometry":{"type":"LineString","coordinates":[[-71.250391,46.762457],[-71.2442,46.76584]]}},{"type":"Feature","properties":{},"geometry":{"type":"LineString","coordinates":[[-71.2442,46.76584],[-71.217669,46.784203],[-71.201751,46.800149],[-71.188485,46.825761]]}},{"type":"Feature","properties":{},"geometry":{"type":"LineString","coordinates":[[-71.168145,46.844123],[-71.133654,46.837841],[-71.079708,46.839774],[-71.004537,46.849922],[-70.974468,46.861036],[-70.931135,46.883265],[-70.883379,46.904527],[-70.816167,46.930138]]}},{"type":"Feature","properties":{},"geometry":{"type":"LineString","coordinates":[[-70.816167,46.930138],[-70.779023,46.905977],[-70.752492,46.885198],[-70.75603,46.868285],[-70.771064,46.855238],[-70.703852,46.806431],[-70.67909,46.835425],[-70.627797,46.802082],[-70.579157,46.835425],[-70.496026,46.778887],[-70.474801,46.762941],[-70.501332,46.753276],[-70.480108,46.729115],[-70.477454,46.718967],[-70.444733,46.741679],[-70.324459,46.65808],[-70.296159,46.676443],[-70.25371,46.645033],[-70.16262,46.58173],[-70.190035,46.56385],[-70.046768,46.464305]]}},{"type":"Feature","properties":{},"geometry":{"type":"LineString","coordinates":[[-71.119505,46.630053],[-71.152226,46.652281],[-71.12658,46.669677],[-71.133654,46.68659],[-71.13277,46.707369],[-71.123926,46.718967],[-71.153111,46.742645],[-71.171682,46.739746],[-71.196444,46.744095],[-71.221207,46.740229],[-71.250391,46.762457]]}},{"type":"Feature","properties":{},"geometry":{"type":"LineString","coordinates":[[-73.264978,45.558249],[-73.243753,45.571296],[-73.225181,45.60319],[-73.20661,45.601257],[-73.201304,45.63315],[-73.179194,45.624452],[-73.130554,45.589176]]}},{"type":"Feature","properties":{},"geometry":{"type":"LineString","coordinates":[[-73.130554,45.589176],[-73.138514,45.574196],[-73.120826,45.562115],[-73.102255,45.55535],[-73.100486,45.567914],[-73.062458,45.538437],[-73.079261,45.505577],[-73.062458,45.493496],[-73.07307,45.4761]]}},{"type":"Feature","properties":{},"geometry":{"type":"LineString","coordinates":[[-73.07307,45.4761],[-73.079261,45.465469],[-73.093411,45.476583],[-73.100486,45.465952],[-73.118173,45.458704],[-73.09518,45.439375],[-73.096948,45.422462],[-73.125248,45.41473],[-73.119942,45.403133],[-73.162391,45.392018],[-73.159738,45.377521]]}},{"type":"Feature","properties":{},"geometry":{"type":"LineString","coordinates":[[-73.159738,45.377521],[-73.179194,45.391535],[-73.219875,45.362058],[-73.252597,45.38477],[-73.274706,45.382837],[-73.308312,45.406032]]}},{"type":"Feature","properties":{},"geometry":{"type":"LineString","coordinates":[[-73.308312,45.406032],[-73.316271,45.411347],[-73.311849,45.424878],[-73.326884,45.435992],[-73.310965,45.443724],[-73.304774,45.461603],[-73.280012,45.464986],[-73.267631,45.485282],[-73.2411,45.517175],[-73.231372,45.535054],[-73.264978,45.558249]]}},{"type":"Feature","properties":{},"geometry":{"type":"LineString","coordinates":[[-73.419742,46.885198],[-73.414436,46.880365],[-73.364027,46.888097],[-73.34634,46.881332],[-73.325999,46.879399],[-73.311849,46.870701],[-73.272053,46.887614],[-73.244638,46.882298],[-73.249059,46.868768],[-73.22695,46.862003],[-73.207494,46.844123],[-73.182732,46.840257],[-73.170351,46.847023],[-73.156201,46.84509],[-73.133207,46.832526],[-73.133207,46.789035],[-73.144704,46.770672],[-73.170351,46.765357],[-73.179194,46.75086],[-73.109329,46.703987],[-73.063342,46.706403],[-73.033274,46.653731],[-73.000552,46.648415],[-72.987287,46.666778],[-72.988171,46.682725],[-73.011165,46.736363],[-72.995246,46.745544],[-72.92715,46.733464],[-72.910347,46.723799],[-72.87851,46.67306],[-72.859938,46.663879],[-72.895313,46.663395],[-72.851094,46.633435],[-72.87055,46.620871],[-72.766195,46.545971],[-72.778576,46.531474],[-72.771501,46.520359],[-72.775039,46.508279],[-72.775039,46.480735],[-72.767964,46.468171],[-72.745855,46.45319],[-72.719324,46.428546],[-72.70429,46.424197]]}},{"type":"Feature","properties":{},"geometry":{"type":"LineString","coordinates":[[-72.70429,46.424197],[-72.739664,46.400518],[-72.691024,46.365726],[-72.702521,46.355578],[-72.672452,46.333833],[-72.59905,46.284543]]}},{"type":"Feature","properties":{},"geometry":{"type":"LineString","coordinates":[[-73.185385,45.984458],[-73.210147,45.954014],[-73.233141,45.91149],[-73.242869,45.886362],[-73.259672,45.871382],[-73.27559,45.845771],[-73.317156,45.808562],[-73.350762,45.791166],[-73.369333,45.785367],[-73.381714,45.791166],[-73.394096,45.780535]]}},{"type":"Feature","properties":{},"geometry":{"type":"LineString","coordinates":[[-73.394096,45.780535],[-73.416205,45.795515],[-73.405592,45.80373],[-73.39498,45.819676],[-73.386136,45.843355],[-73.364027,45.855919],[-73.344571,45.871382],[-73.392327,45.905208]]}},{"type":"Feature","properties":{},"geometry":{"type":"LineString","coordinates":[[-73.392327,45.905208],[-73.384367,45.914873],[-73.36049,45.935168],[-73.36668,45.939517],[-73.36049,45.961746],[-73.350762,45.968511],[-73.333074,45.961263],[-73.313618,45.976243],[-73.321577,45.982525],[-73.279128,46.013935],[-73.261441,46.044861],[-73.249059,46.045828],[-73.23491,46.055976],[-73.256134,46.070473],[-73.282665,46.075305],[-73.291509,46.065157],[-73.324231,46.056459],[-73.342802,46.059842],[-73.351646,46.055976],[-73.379061,46.061291],[-73.387905,46.066607],[-73.411783,46.069506],[-73.412667,46.083037],[-73.402055,46.083037],[-73.397633,46.100916],[-73.403824,46.117829],[-73.417973,46.11493],[-73.468382,46.11493],[-73.465729,46.124594],[-73.448042,46.133776],[-73.486954,46.141507],[-73.494029,46.152622],[-73.484301,46.157454],[-73.480763,46.172917],[-73.532941,46.195146],[-73.54886,46.194663],[-73.567431,46.203844],[-73.606344,46.235737],[-73.640834,46.265697],[-73.627568,46.268597],[-73.614303,46.279228],[-73.600153,46.283094],[-73.589541,46.275362],[-73.555935,46.300007],[-73.607228,46.338665],[-73.682399,46.389404],[-73.649677,46.412116],[-73.517907,46.4875],[-73.56301,46.517943],[-73.455117,46.586079],[-73.333074,46.498614],[-73.28355,46.533407],[-73.303006,46.550803],[-73.310081,46.567233],[-73.337496,46.603475],[-73.361374,46.617972],[-73.399402,46.600576],[-73.435661,46.598643],[-73.437429,46.669677],[-73.463076,46.706886],[-73.450695,46.746028],[-73.44362,46.75086],[-73.441851,46.766323],[-73.454232,46.78372],[-73.431239,46.830593],[-73.441851,46.843157],[-73.419742,46.885198]]}},{"type":"Feature","properties":{},"geometry":{"type":"LineString","coordinates":[[-73.624031,45.635083],[-73.601922,45.611888],[-73.608997,45.608505]]}},{"type":"Feature","properties":{},"geometry":{"type":"LineString","coordinates":[[-73.608997,45.608505],[-73.645256,45.565014]]}},{"type":"Feature","properties":{},"geometry":{"type":"LineString","coordinates":[[-72.995246,45.337413],[-72.98994,45.341762],[-72.882047,45.264446],[-72.875857,45.284258],[-72.852863,45.286674],[-72.851094,45.298755],[-72.784767,45.299721],[-72.783883,45.313735],[-72.77327,45.313735],[-72.774155,45.328715],[-72.761773,45.341279],[-72.667146,45.337897],[-72.651228,45.343695],[-72.621159,45.333547],[-72.612315,45.320984],[-72.587553,45.319051],[-72.587553,45.307453],[-72.462857,45.307453],[-72.464626,45.354326],[-72.462857,45.375105],[-72.397414,45.376555],[-72.301018,45.376555],[-72.248841,45.374622],[-72.239997,45.415697],[-72.237344,45.449523],[-72.184282,45.447106],[-72.184282,45.427777],[-72.146254,45.42826]]}},{"type":"Feature","properties":{},"geometry":{"type":"LineString","coordinates":[[-72.146254,45.42826],[-72.140948,45.409898],[-72.144485,45.381387],[-72.125914,45.386703],[-72.105573,45.385253]]}},{"type":"Feature","properties":{},"geometry":{"type":"LineString","coordinates":[[-72.105573,45.385253],[-72.106458,45.321467],[-72.109111,45.301654],[-72.042783,45.299721],[-72.048974,45.286191],[-72.060471,45.278943],[-72.08877,45.278943],[-72.10292,45.273627],[-72.10292,45.190995],[-72.102036,45.161035],[-72.248841,45.162001],[-72.274487,45.133007],[-72.281562,45.096765],[-72.27714,45.065838],[-72.266528,45.049408],[-72.247072,45.031046],[-72.248841,45.018965],[-72.237344,45.004951]]}},{"type":"Feature","properties":{},"geometry":{"type":"LineString","coordinates":[[-73.343687,45.01075],[-73.342802,45.026213],[-73.331305,45.045543],[-73.331305,45.063422],[-73.319809,45.082268],[-73.291509,45.104013],[-73.276475,45.108362],[-73.258787,45.123343],[-73.253481,45.134457],[-73.257019,45.168766],[-73.228719,45.169249],[-73.228719,45.185679],[-73.210147,45.189062],[-73.175657,45.189062],[-73.177426,45.205492],[-73.131439,45.205975],[-73.128786,45.171182],[-73.085452,45.171666],[-73.08722,45.191961],[-73.091642,45.19631],[-73.058036,45.21419],[-73.068649,45.23062],[-73.063342,45.267828],[-73.050077,45.266862],[-73.045655,45.292956],[-73.016471,45.272177],[-73.014702,45.289574],[-73.047424,45.311319],[-73.049193,45.325333],[-73.01028,45.330165],[-72.995246,45.337413]]}},{"type":"Feature","properties":{},"geometry":{"type":"LineString","coordinates":[[-73.525866,45.519108],[-73.498451,45.509443],[-73.50022,45.495429],[-73.473689,45.4761],[-73.459539,45.485765],[-73.379946,45.433093]]}},{"type":"Feature","properties":{},"geometry":{"type":"LineString","coordinates":[[-73.379946,45.433093],[-73.387021,45.41328]]}},{"type":"Feature","properties":{},"geometry":{"type":"LineString","coordinates":[[-73.387021,45.41328],[-73.438314,45.417146],[-73.462192,45.421495],[-73.484301,45.432126],[-73.494029,45.43116],[-73.521444,45.437442]]}},{"type":"Feature","properties":{},"geometry":{"type":"LineString","coordinates":[[-73.521444,45.437442],[-73.518791,45.459187],[-73.524982,45.488181],[-73.518791,45.494946]]}},{"type":"Feature","properties":{},"geometry":{"type":"LineString","coordinates":[[-73.518791,45.494946],[-73.525866,45.519108]]}},{"type":"Feature","properties":{},"geometry":{"type":"LineString","coordinates":[[-71.336174,46.955266],[-71.31495,46.93642],[-71.303453,46.930138],[-71.284881,46.940286],[-71.261888,46.916124],[-71.25835,46.892446],[-71.246853,46.879882]]}},{"type":"Feature","properties":{},"geometry":{"type":"LineString","coordinates":[[-71.262772,46.835425],[-71.278691,46.831076]]}},{"type":"Feature","properties":{},"geometry":{"type":"LineString","coordinates":[[-71.278691,46.831076],[-71.294609,46.847989],[-71.324678,46.85717],[-71.350324,46.856204],[-71.366243,46.881332],[-71.379508,46.867801],[-71.389236,46.877466],[-71.435223,46.909842],[-71.438761,46.914675]]}},{"type":"Feature","properties":{},"geometry":{"type":"LineString","coordinates":[[-71.438761,46.914675],[-71.433455,46.911292],[-71.405155,46.924339],[-71.447605,46.96928],[-71.421074,46.981844],[-71.374202,46.932554],[-71.336174,46.955266]]}},{"type":"Feature","properties":{},"geometry":{"type":"LineString","coordinates":[[-73.852197,45.357226],[-73.835394,45.369306],[-73.805326,45.3983]]}},{"type":"Feature","properties":{},"geometry":{"type":"LineString","coordinates":[[-73.805326,45.3983],[-73.784986,45.411831],[-73.767298,45.41618]]}},{"type":"Feature","properties":{},"geometry":{"type":"LineString","coordinates":[[-73.767298,45.41618],[-73.753148,45.417629]]}},{"type":"Feature","properties":{},"geometry":{"type":"LineString","coordinates":[[-73.753148,45.417629],[-73.752264,45.39975],[-73.676208,45.343695],[-73.656752,45.349011],[-73.631106,45.342246],[-73.640834,45.334514],[-73.620493,45.329198],[-73.633759,45.314702],[-73.547091,45.290057],[-73.530288,45.292473],[-73.502873,45.285225],[-73.493145,45.293439],[-73.479879,45.29054],[-73.44362,45.303587],[-73.44362,45.310836],[-73.421511,45.317601],[-73.408245,45.328715]]}},{"type":"Feature","properties":{},"geometry":{"type":"LineString","coordinates":[[-73.408245,45.328715],[-73.369333,45.311802],[-73.382599,45.295372],[-73.379061,45.281842],[-73.389674,45.267828],[-73.40117,45.265895],[-73.411783,45.254781],[-73.386136,45.257197],[-73.351646,45.234485],[-73.379946,45.211774],[-73.359605,45.19776],[-73.364911,45.17988],[-73.355183,45.166833],[-73.356068,45.132524],[-73.377293,45.133007],[-73.378177,45.121893],[-73.391442,45.121893],[-73.399402,45.107396],[-73.391442,45.092416],[-73.391442,45.042643],[-73.411783,45.04216],[-73.410898,45.009784]]}},{"type":"Feature","properties":{},"geometry":{"type":"LineString","coordinates":[[-70.078605,48.25612],[-69.99459,48.251771],[-69.954794,48.234858],[-69.916766,48.231475],[-69.893772,48.226643],[-69.876085,48.195716],[-69.870779,48.181703]]}},{"type":"Feature","properties":{},"geometry":{"type":"LineString","coordinates":[[-69.870779,48.181703],[-69.956562,48.057513],[-70.172348,48.124682],[-70.259016,48.000008],[-70.516367,48.000008],[-70.806439,48.000008],[-70.913447,48.000008]]}},{"type":"Feature","properties":{},"geometry":{"type":"LineString","coordinates":[[-70.913447,48.000008],[-70.914332,48.113084],[-70.985965,48.113567],[-70.889569,48.199582],[-70.84712,48.234375],[-70.9444,48.268684],[-70.996578,48.288497],[-71.020456,48.300094],[-71.001884,48.319423],[-71.013381,48.325705],[-71.006306,48.334887],[-71.060252,48.360015],[-71.072633,48.382726],[-71.085899,48.388525],[-71.130117,48.398673],[-71.129233,48.411237],[-71.138961,48.416552],[-71.124811,48.4296],[-71.122158,48.442164],[-71.176104,48.455211],[-71.186716,48.453761],[-71.199098,48.462459],[-71.192907,48.480339],[-71.179642,48.484205],[-71.176104,48.499668],[-71.182295,48.508366],[-71.174335,48.528178],[-71.261888,48.543642],[-71.233588,48.562971],[-71.23801,48.590998],[-71.245969,48.601629],[-71.265425,48.614677],[-71.20971,48.752397],[-70.817936,48.683295],[-70.869229,48.633039],[-70.908141,48.619509],[-70.932903,48.618542],[-70.937325,48.608395],[-70.913447,48.584233],[-70.878073,48.559105],[-70.869229,48.557655],[-70.843582,48.544125],[-70.79052,48.536877],[-70.77018,48.539293],[-70.725961,48.530595],[-70.722424,48.524313],[-70.489836,48.480822],[-70.513713,48.418969],[-70.454461,48.408337],[-70.466842,48.38176],[-70.465073,48.358082],[-70.433236,48.350833],[-70.419971,48.354216],[-70.386365,48.3518],[-70.355412,48.346484],[-70.297928,48.322323],[-70.256363,48.30251],[-70.231601,48.293812],[-70.210376,48.281731],[-70.167926,48.264818],[-70.12017,48.251771],[-70.078605,48.25612]]}},{"type":"Feature","properties":{},"geometry":{"type":"LineString","coordinates":[[-72.105573,45.385253],[-72.104689,45.389602],[-72.066661,45.400716],[-72.06843,45.439858],[-72.060471,45.442274],[-72.013599,45.443241],[-71.995028,45.448556],[-72.035708,45.470301],[-71.987068,45.519108],[-71.979109,45.502678],[-71.950809,45.522973],[-71.932238,45.513309],[-71.868563,45.569847],[-71.832304,45.60029],[-71.775705,45.650546],[-71.716452,45.617203],[-71.693459,45.634116],[-71.709377,45.644747],[-71.665159,45.676157],[-71.612097,45.712399],[-71.585566,45.69307],[-71.51747,45.740427],[-71.436992,45.798898]]}},{"type":"Feature","properties":{},"geometry":{"type":"LineString","coordinates":[[-71.436992,45.798898],[-71.313181,45.713366],[-71.207057,45.642331],[-71.234472,45.621552],[-71.204404,45.602706],[-71.232704,45.580961],[-71.165492,45.535537],[-71.158417,45.536021],[-71.160185,45.458221],[-71.13277,45.458221],[-71.131001,45.327749],[-71.131886,45.246566]]}},{"type":"Feature","properties":{},"geometry":{"type":"LineString","coordinates":[[-71.896863,45.442274],[-71.912781,45.44469],[-71.941966,45.438892],[-71.957,45.439858],[-71.9853,45.408931],[-71.9853,45.385253],[-71.957884,45.384287],[-71.964075,45.349977],[-71.936659,45.349977],[-71.929584,45.360608],[-71.895094,45.360608],[-71.89421,45.381387],[-71.88006,45.380421],[-71.857066,45.385736],[-71.857066,45.395884],[-71.819923,45.394918],[-71.822576,45.453388],[-71.884482,45.453388],[-71.896863,45.442274]]}},{"type":"Feature","properties":{},"geometry":{"type":"LineString","coordinates":[[-70.816167,46.930138],[-70.779023,46.958165],[-70.744533,46.987642],[-70.736574,47.002623],[-70.697662,47.019052],[-70.681743,47.06061],[-70.672015,47.070275],[-70.467726,47.213794],[-70.471264,47.242304],[-70.464189,47.260184],[-70.446502,47.275164],[-70.430583,47.282896],[-70.36514,47.302708],[-70.311194,47.321554],[-70.203301,47.410952],[-70.146701,47.456858],[-70.126361,47.47957],[-70.10602,47.519195],[-70.089217,47.541907],[-70.069761,47.557853],[-70.033502,47.581048],[-69.986631,47.604727],[-69.943297,47.632754],[-69.922072,47.650633],[-69.875201,47.69799],[-69.800914,47.788837],[-69.719552,47.891765],[-69.686831,47.926558],[-69.621388,47.987928],[-69.610775,48.000008],[-69.536488,48.056063]]}},{"type":"Feature","properties":{},"geometry":{"type":"LineString","coordinates":[[-69.536488,48.056063],[-69.500229,48.085057],[-69.388799,48.167206]]}},{"type":"Feature","properties":{},"geometry":{"type":"LineString","coordinates":[[-69.388799,48.167206],[-69.262335,48.079741],[-69.244647,48.068144],[-69.256144,48.050748],[-69.2756,48.037217],[-69.253491,48.018854],[-69.20662,47.989377],[-69.165939,48.017405],[-69.113761,47.983095],[-69.12172,47.965216],[-69.140292,47.942504],[-69.150905,47.935256],[-69.148251,47.920759],[-69.162401,47.895631],[-69.168592,47.876302],[-69.142945,47.859872],[-69.131448,47.868087],[-69.116414,47.857456],[-69.029746,47.920276],[-69.03859,47.922209],[-68.992603,47.955551],[-68.963419,47.933806],[-68.973147,47.927524],[-68.957228,47.916893],[-68.970494,47.907712],[-68.951038,47.894664],[-68.929813,47.891282],[-68.911241,47.892248],[-68.868792,47.899013],[-68.85022,47.895148],[-68.714027,47.987928],[-68.74498,48.00919],[-68.659197,48.065728],[-68.531848,47.980679],[-68.505317,47.963766],[-68.38239,47.880168]]}},{"type":"Feature","properties":{},"geometry":{"type":"LineString","coordinates":[[-67.490948,49.101772],[-67.704965,49.105638],[-67.778368,49.091141],[-67.840273,49.072295],[-67.941975,49.03412],[-67.983541,49.013341],[-68.02599,48.985797],[-68.22851,48.870788]]}},{"type":"Feature","properties":{},"geometry":{"type":"LineString","coordinates":[[-68.22851,48.870788],[-68.45933,48.741283],[-68.518582,48.712289],[-68.645931,48.64657],[-68.859064,48.53736],[-68.932466,48.500151],[-69.117299,48.367746],[-69.256144,48.267234],[-69.388799,48.167206]]}},{"type":"Feature","properties":{},"geometry":{"type":"LineString","coordinates":[[-69.536488,48.056063],[-69.702749,48.127098],[-69.783227,48.144494],[-69.809758,48.144011],[-69.842479,48.154159],[-69.857513,48.164307],[-69.870779,48.181703]]}},{"type":"Feature","properties":{},"geometry":{"type":"LineString","coordinates":[[-70.078605,48.25612],[-70.067993,48.264335],[-70.00874,48.358082],[-70.00874,48.500151],[-70.009624,48.689577],[-70.009624,48.819083],[-70.009624,48.999811],[-70.018468,48.999811],[-70.018468,49.152511],[-70.019353,49.333239],[-70.019353,49.499953],[-70.019353,49.635257],[-70.020237,49.797139],[-70.033502,49.797139],[-70.035271,50.000096],[-70.025543,50.000096],[-70.025543,50.168743],[-70.025543,50.358652],[-70.025543,50.609448],[-70.025543,50.750068],[-70.025543,50.908568],[-70.025543,51.104276],[-70.024659,51.250211],[-70.024659,51.405811],[-70.024659,51.562377],[-70.02289,51.663372],[-70.024659,51.821388],[-70.025543,52.053338],[-70.025543,52.169314],[-70.025543,52.344726],[-70.024659,52.453936],[-70.023774,52.696517]]}},{"type":"Feature","properties":{},"geometry":{"type":"LineString","coordinates":[[-73.794714,45.481899],[-73.768183,45.494463]]}},{"type":"Feature","properties":{},"geometry":{"type":"LineString","coordinates":[[-73.768183,45.494463],[-73.772604,45.482382],[-73.761992,45.468369],[-73.750495,45.46112],[-73.723964,45.481899],[-73.693896,45.463536],[-73.683283,45.464986]]}},{"type":"Feature","properties":{},"geometry":{"type":"LineString","coordinates":[[-73.683283,45.464986],[-73.668249,45.456771]]}},{"type":"Feature","properties":{},"geometry":{"type":"LineString","coordinates":[[-73.668249,45.456771],[-73.639065,45.447106],[-73.632875,45.449523]]}},{"type":"Feature","properties":{},"geometry":{"type":"LineString","coordinates":[[-73.632875,45.449523],[-73.613418,45.457737],[-73.604575,45.449039],[-73.613418,45.434059],[-73.630221,45.420529],[-73.64614,45.413764]]}},{"type":"Feature","properties":{},"geometry":{"type":"LineString","coordinates":[[-73.64614,45.413764],[-73.675324,45.421495],[-73.699202,45.421978],[-73.753148,45.417629]]}},{"type":"Feature","properties":{},"geometry":{"type":"LineString","coordinates":[[-73.767298,45.41618],[-73.782332,45.454355],[-73.780564,45.467402],[-73.794714,45.481899]]}},{"type":"Feature","properties":{},"geometry":{"type":"LineString","coordinates":[[-72.30544,46.032781],[-72.284215,46.021666],[-72.297481,46.009102],[-72.285984,46.000404],[-72.327549,45.968511],[-72.296597,45.951115],[-72.309862,45.938551],[-72.272719,45.915356],[-72.2568,45.926953],[-72.240881,45.918255],[-72.255916,45.905208],[-72.248841,45.901342],[-72.261222,45.889745],[-72.233807,45.879114],[-72.221425,45.889745],[-72.134757,45.841422],[-72.148907,45.829824],[-72.093192,45.796965],[-72.107342,45.783917],[-72.207276,45.69597],[-72.223194,45.718198],[-72.212582,45.726896],[-72.218772,45.734628],[-72.233807,45.736078],[-72.221425,45.751058],[-72.224078,45.758306],[-72.254147,45.735111],[-72.285984,45.707084],[-72.310746,45.688238],[-72.237344,45.646197],[-72.29925,45.589176]]}},{"type":"Feature","properties":{},"geometry":{"type":"LineString","coordinates":[[-72.29925,45.589176],[-72.314284,45.596908]]}},{"type":"Feature","properties":{},"geometry":{"type":"LineString","coordinates":[[-72.314284,45.596908],[-72.425714,45.662627],[-72.577825,45.752508],[-72.562791,45.765072],[-72.576056,45.777152],[-72.601703,45.792132],[-72.645921,45.75589],[-72.680412,45.775703],[-72.70429,45.759273],[-72.852863,45.864617],[-72.854632,45.878147]]}},{"type":"Feature","properties":{},"geometry":{"type":"LineString","coordinates":[[-67.596188,47.998076],[-67.585576,48.0377],[-67.587344,48.049298],[-67.630678,48.077325],[-67.64925,48.081191],[-67.64925,48.090372],[-67.658978,48.104869],[-67.660747,48.118883],[-67.429927,48.18122],[-67.375096,48.195233],[-67.277816,48.031902],[-67.097405,48.078775],[-67.097405,48.08554],[-66.91611,48.128064],[-66.883389,48.136279],[-66.942641,48.17832],[-66.907266,48.197649],[-66.874545,48.173005],[-66.858626,48.169622],[-66.929376,48.248872],[-66.975363,48.30251],[-66.749849,48.36388],[-66.566785,48.411237],[-66.422634,48.447962],[-66.185623,48.506433],[-65.949497,48.567803],[-65.990178,48.59728],[-66.098071,48.668315],[-66.282904,48.622408],[-66.543792,48.794921],[-66.562363,48.789122],[-66.55971,48.738383],[-66.576513,48.742249],[-66.611004,48.728719],[-66.628691,48.724853],[-66.635766,48.715672],[-66.6508,48.716155],[-66.672909,48.704074],[-66.68529,48.702624],[-66.715359,48.684262],[-66.740121,48.67508],[-66.752502,48.663],[-66.779918,48.681362],[-66.79053,48.674597],[-66.821483,48.667349],[-66.830327,48.670248],[-66.855089,48.662033],[-66.841823,48.617576],[-66.878082,48.602113],[-66.910804,48.597764],[-66.927607,48.601146],[-66.984206,48.577468],[-67.0072,48.569736],[-67.062031,48.570703],[-67.074412,48.580367],[-67.131896,48.542192],[-67.302578,48.625791],[-67.357409,48.661067],[-67.422852,48.700208],[-67.536051,48.615643],[-67.55197,48.623858],[-67.562582,48.61516],[-67.580269,48.624341],[-67.605916,48.624341],[-67.76068,48.715188],[-67.77483,48.70504],[-67.791633,48.716155],[-67.867689,48.65865],[-67.902179,48.677496],[-67.926057,48.681362],[-68.204632,48.839862],[-68.22851,48.870788]]}},{"type":"Feature","properties":{},"geometry":{"type":"LineString","coordinates":[[-75.542222,45.489631],[-75.570522,45.476583]]}},{"type":"Feature","properties":{},"geometry":{"type":"LineString","coordinates":[[-75.570522,45.476583],[-75.619162,45.471268],[-75.639502,45.465952],[-75.682836,45.459187],[-75.692564,45.452905]]}},{"type":"Feature","properties":{},"geometry":{"type":"LineString","coordinates":[[-75.692564,45.452905],[-75.718211,45.458221],[-75.727939,45.471268],[-75.749164,45.487214]]}},{"type":"Feature","properties":{},"geometry":{"type":"LineString","coordinates":[[-75.749164,45.487214],[-75.763314,45.494463],[-75.764198,45.521041],[-75.71998,45.523457],[-75.723517,45.547135],[-75.683721,45.550518]]}},{"type":"Feature","properties":{},"geometry":{"type":"LineString","coordinates":[[-73.567431,45.590142],[-73.547091,45.592559]]}},{"type":"Feature","properties":{},"geometry":{"type":"LineString","coordinates":[[-73.547091,45.592559],[-73.530288,45.582411],[-73.501988,45.573713]]}},{"type":"Feature","properties":{},"geometry":{"type":"LineString","coordinates":[[-73.501988,45.573713],[-73.526751,45.53747]]}},{"type":"Feature","properties":{},"geometry":{"type":"LineString","coordinates":[[-73.526751,45.53747],[-73.529404,45.534571]]}},{"type":"Feature","properties":{},"geometry":{"type":"LineString","coordinates":[[-73.529404,45.534571],[-73.543553,45.531672],[-73.559472,45.539887]]}},{"type":"Feature","properties":{},"geometry":{"type":"LineString","coordinates":[[-73.559472,45.539887],[-73.554166,45.554867],[-73.586887,45.565014]]}},{"type":"Feature","properties":{},"geometry":{"type":"LineString","coordinates":[[-73.586887,45.565014],[-73.586887,45.566464]]}},{"type":"Feature","properties":{},"geometry":{"type":"LineString","coordinates":[[-73.586887,45.566464],[-73.567431,45.590142]]}},{"type":"Feature","properties":{},"geometry":{"type":"LineString","coordinates":[[-73.524097,45.699352],[-73.509063,45.702252]]}},{"type":"Feature","properties":{},"geometry":{"type":"LineString","coordinates":[[-73.509063,45.702252],[-73.518791,45.673741],[-73.517907,45.660211],[-73.554166,45.643298],[-73.567431,45.6346],[-73.536479,45.620103],[-73.547091,45.592559]]}},{"type":"Feature","properties":{},"geometry":{"type":"LineString","coordinates":[[-73.567431,45.590142],[-73.570084,45.596908],[-73.588656,45.605123],[-73.608997,45.608505]]}},{"type":"Feature","properties":{},"geometry":{"type":"LineString","coordinates":[[-75.692564,45.452905],[-75.704061,45.42971]]}},{"type":"Feature","properties":{},"geometry":{"type":"LineString","coordinates":[[-75.704061,45.42971],[-75.704945,45.424878],[-75.729708,45.417146],[-75.756239,45.412314],[-75.772157,45.395884]]}},{"type":"Feature","properties":{},"geometry":{"type":"LineString","coordinates":[[-75.772157,45.395884],[-75.79692,45.378488],[-75.818144,45.372689],[-75.842907,45.376072],[-75.867669,45.387669]]}},{"type":"Feature","properties":{},"geometry":{"type":"LineString","coordinates":[[-75.867669,45.387669],[-75.895084,45.401683]]}},{"type":"Feature","properties":{},"geometry":{"type":"LineString","coordinates":[[-75.895084,45.401683],[-75.900391,45.429227],[-75.8659,45.407965],[-75.807532,45.415697],[-75.795151,45.430677],[-75.764198,45.434059],[-75.767736,45.450006],[-75.783654,45.453388],[-75.78277,45.473201],[-75.795151,45.479966],[-75.775695,45.486731],[-75.755354,45.47755],[-75.749164,45.487214]]}},{"type":"Feature","properties":{},"geometry":{"type":"LineString","coordinates":[[-74.450914,47.464107],[-74.180297,47.279513],[-74.106895,47.23119],[-74.028186,47.176102],[-73.915872,47.099752],[-73.858388,47.141793],[-73.823898,47.122464],[-73.777911,47.086221],[-73.754033,47.061093],[-73.758455,47.057711],[-73.719542,47.020985],[-73.676208,46.973629],[-73.649677,46.93787],[-73.664712,46.927722],[-73.664712,46.901144],[-73.67444,46.874567],[-73.655868,46.863452],[-73.628453,46.865385],[-73.618725,46.858137],[-73.606344,46.858137],[-73.601922,46.871667],[-73.571853,46.870218],[-73.567431,46.881332],[-73.545322,46.865869],[-73.529404,46.870701],[-73.527635,46.879399],[-73.513485,46.896795],[-73.498451,46.900661],[-73.495798,46.911292],[-73.479879,46.905977],[-73.460423,46.907426],[-73.419742,46.885198]]}},{"type":"Feature","properties":{},"geometry":{"type":"LineString","coordinates":[[-73.392327,45.905208],[-73.402055,45.912457],[-73.447158,45.872832]]}},{"type":"Feature","properties":{},"geometry":{"type":"LineString","coordinates":[[-73.447158,45.872832],[-73.481648,45.89651],[-73.463076,45.904725],[-73.456001,45.945799],[-73.471035,45.959813],[-73.490491,45.956914],[-73.517907,45.963196],[-73.5409,45.972377],[-73.509948,45.992189],[-73.524982,46.001854],[-73.508179,46.013452],[-73.549744,46.042445],[-73.568316,46.030365],[-73.609881,46.059358],[-73.634643,46.043412],[-73.622262,46.034714],[-73.658521,46.009586],[-73.677977,46.018284],[-73.682399,46.032781],[-73.708046,46.031331],[-73.716005,46.025049],[-73.787639,45.977693],[-73.799135,45.985907]]}},{"type":"Feature","properties":{},"geometry":{"type":"LineString","coordinates":[[-73.799135,45.985907],[-73.882266,46.040512],[-73.837163,46.073372],[-73.732808,46.14489],[-73.803557,46.193696],[-73.88315,46.245885]]}},{"type":"Feature","properties":{},"geometry":{"type":"LineString","coordinates":[[-73.88315,46.245885],[-73.978662,46.309671],[-74.056486,46.359927],[-74.098936,46.386022],[-74.151113,46.422747],[-74.19091,46.448358],[-74.251931,46.407284],[-74.26785,46.398102],[-74.334177,46.352679],[-74.447376,46.432412],[-74.477445,46.454157],[-74.34479,46.547903],[-74.438532,46.614589],[-74.491594,46.606374],[-74.49071,46.624737],[-74.499554,46.640684],[-74.511935,46.679825],[-74.500438,46.687074],[-74.478329,46.721383],[-74.494248,46.732497],[-74.485404,46.758592],[-74.475676,46.757625],[-74.481866,46.781787],[-74.468601,46.792901],[-74.474792,46.849922],[-74.471254,46.869251],[-74.45622,46.865385],[-74.441186,46.893413],[-74.430573,46.896795],[-74.575609,46.99779],[-74.412001,47.104101],[-74.458873,47.135994],[-74.430573,47.156773],[-74.486288,47.222009],[-74.656971,47.233123],[-74.659624,47.244721],[-74.651665,47.251003],[-74.63044,47.248103],[-74.618059,47.251003],[-74.615406,47.265016],[-74.604793,47.287245],[-74.592412,47.288694],[-74.583569,47.304641],[-74.561459,47.324453],[-74.554385,47.323004],[-74.528738,47.361179],[-74.528738,47.374226],[-74.513704,47.406603],[-74.496016,47.425932],[-74.473023,47.440429],[-74.450914,47.464107]]}},{"type":"Feature","properties":{},"geometry":{"type":"LineString","coordinates":[[-70.913447,48.000008],[-71.220322,48.000008],[-71.408692,48.000008]]}},{"type":"Feature","properties":{},"geometry":{"type":"LineString","coordinates":[[-71.408692,48.000008],[-71.434339,48.003874],[-71.44672,48.023203],[-71.491823,48.062345],[-71.50951,48.073459],[-71.545769,48.1155],[-71.563457,48.121782],[-71.574953,48.135313],[-71.625362,48.173005],[-71.639512,48.189918],[-71.611212,48.250321],[-71.742099,48.275449],[-71.804889,48.285114],[-71.743867,48.432499],[-71.778358,48.439264],[-71.772167,48.453761],[-71.731486,48.445546],[-71.718221,48.458593],[-71.71203,48.472607],[-71.698765,48.470191],[-71.693459,48.485171],[-71.711146,48.48807],[-71.711146,48.503051],[-71.704955,48.517547],[-71.556382,48.490003],[-71.545769,48.516581],[-71.533388,48.532528],[-71.554613,48.536877],[-71.588219,48.531561],[-71.611212,48.538326],[-71.616519,48.543642],[-71.618287,48.562971],[-71.607675,48.584716],[-71.624478,48.587616],[-71.594409,48.659134],[-71.764208,48.689094],[-71.725296,48.791539],[-71.720874,48.80072],[-71.741214,48.821499],[-71.755364,48.816667],[-71.758902,48.82923],[-71.773936,48.835029],[-71.853529,48.849526],[-71.892441,48.750947],[-71.992374,48.768344],[-71.981762,48.796371],[-72.016252,48.802653],[-72.010946,48.816667],[-72.050743,48.823915],[-72.057818,48.822465],[-72.129451,48.786706],[-72.181629,48.834063],[-72.155098,48.847593],[-72.168363,48.859191],[-72.109995,48.888668],[-72.137411,48.91138],[-72.074621,48.942789],[-72.14537,49.004643],[-72.155982,48.959702],[-72.175438,48.941823],[-72.183398,48.940857],[-72.212582,48.965501],[-72.237344,48.953421],[-72.230269,48.935541],[-72.251494,48.933125],[-72.247956,48.925393],[-72.282447,48.906547],[-72.283331,48.913796],[-72.317821,48.921527],[-72.329318,48.938924],[-72.325781,48.960669],[-72.331087,48.967434],[-72.329318,48.989179],[-72.338162,48.995945],[-72.371768,48.990146],[-72.391224,48.998361],[-72.327549,49.032187],[-72.331087,49.04765],[-72.310746,49.052483],[-72.261222,49.006093],[-72.243535,49.014791],[-72.287753,49.052966],[-72.232922,49.080027],[-72.254147,49.097906],[-72.200201,49.123517],[-72.092308,49.130766],[-72.08877,49.145746],[-72.079042,49.155894],[-72.092308,49.177156],[-72.10292,49.185854],[-72.115301,49.210499],[-72.132989,49.226928],[-72.138295,49.236593],[-72.155982,49.253506],[-72.142717,49.295547],[-72.129451,49.327923],[-72.11707,49.347253],[-72.103805,49.3574],[-72.093192,49.378179],[-72.079042,49.374313],[-72.06843,49.392676],[-72.057818,49.395092],[-72.047205,49.382528],[-72.033055,49.393159],[-72.017137,49.388327],[-72.016252,49.37383],[-71.988837,49.37528],[-71.972918,49.369481],[-71.964959,49.381562],[-71.943734,49.385428],[-71.943734,49.40524],[-71.9287,49.432784],[-71.934891,49.458879],[-71.932238,49.46951],[-71.936659,49.50092],[-71.94904,49.512517],[-71.97115,49.544894],[-71.992374,49.555041],[-72.02598,49.584518],[-72.028633,49.604814],[-72.041015,49.630425],[-72.035708,49.64009],[-72.036593,49.658453],[-72.047205,49.670533],[-72.018021,49.696144],[-72.002102,49.694695],[-71.995028,49.713541],[-72.033055,49.751233],[-72.026865,49.767179],[-72.037477,49.772978],[-72.032171,49.784092],[-72.034824,49.814052],[-72.050743,49.815985],[-72.066661,49.840147],[-72.078158,49.845462],[-72.08877,49.862375],[-72.094961,49.883638],[-72.13122,49.949357],[-72.15952,50.040687],[-72.172785,50.052768],[-72.160404,50.066782],[-72.167479,50.083211],[-72.16571,50.101091],[-72.177207,50.119937],[-72.169248,50.125736],[-72.160404,50.15038],[-72.171901,50.158595],[-72.170132,50.175508],[-72.178976,50.198703],[-72.160404,50.216583],[-72.154214,50.242194],[-72.163942,50.263456],[-72.156867,50.310329],[-72.164826,50.316611],[-72.162173,50.341256],[-72.183398,50.353337],[-72.184282,50.381364],[-72.166595,50.408425],[-72.15952,50.443701],[-72.156867,50.469312],[-72.166595,50.531165],[-72.162173,50.537447],[-72.189588,50.580938],[-72.191357,50.593019],[-72.187819,50.622496],[-72.187819,50.648107],[-72.177207,50.685315],[-72.163057,50.720591],[-72.15156,50.73992],[-72.155098,50.751035],[-72.149792,50.775196],[-72.15952,50.809989],[-72.155098,50.828835],[-72.139179,50.839949],[-72.109995,50.853479],[-72.102036,50.879574],[-72.107342,50.920165],[-72.104689,50.933212],[-72.107342,50.951575],[-72.095845,50.974287],[-72.103805,50.980569],[-72.094077,50.996515],[-72.08877,51.027442],[-72.069314,51.048221],[-72.05428,51.082047],[-72.064008,51.122155],[-72.077274,51.142451]]}},{"type":"Feature","properties":{},"geometry":{"type":"LineString","coordinates":[[-73.509063,45.702252],[-73.497566,45.704668]]}},{"type":"Feature","properties":{},"geometry":{"type":"LineString","coordinates":[[-73.497566,45.704668],[-73.473689,45.700319]]}},{"type":"Feature","properties":{},"geometry":{"type":"LineString","coordinates":[[-73.473689,45.700319],[-73.48607,45.682922],[-73.484301,45.658761],[-73.472804,45.641848],[-73.494029,45.622036],[-73.502873,45.598357],[-73.50022,45.588209]]}},{"type":"Feature","properties":{},"geometry":{"type":"LineString","coordinates":[[-73.50022,45.588209],[-73.501988,45.573713]]}},{"type":"Feature","properties":{},"geometry":{"type":"LineString","coordinates":[[-73.64614,45.413764],[-73.627568,45.409898],[-73.568316,45.414247],[-73.550628,45.417629],[-73.530288,45.426811],[-73.521444,45.437442]]}},{"type":"Feature","properties":{},"geometry":{"type":"LineString","coordinates":[[-73.387021,45.41328],[-73.385252,45.3983],[-73.394096,45.372206],[-73.39498,45.349977],[-73.404708,45.346111],[-73.408245,45.328715]]}},{"type":"Feature","properties":{},"geometry":{"type":"LineString","coordinates":[[-71.408692,48.000008],[-71.409577,47.976813],[-71.374202,47.971498],[-71.379508,47.950236],[-71.660737,47.950236],[-71.865026,47.949753],[-71.901285,47.950236],[-72.073736,47.950236]]}},{"type":"Feature","properties":{},"geometry":{"type":"LineString","coordinates":[[-72.073736,47.950236],[-72.123261,47.999042],[-72.241766,47.999525],[-72.316053,47.998559],[-72.420408,48.000008],[-72.657418,47.999042],[-72.837829,47.998559],[-73.016471,47.998559],[-73.174773,48.104869],[-73.437429,48.279315],[-73.728386,48.470191],[-73.942403,48.609361],[-74.107779,48.715672],[-74.366014,48.87997],[-74.390777,48.894466],[-74.443839,48.929259]]}},{"type":"Feature","properties":{},"geometry":{"type":"LineString","coordinates":[[-73.9539,45.478516],[-73.924715,45.475134],[-73.917641,45.466436],[-73.903491,45.465469],[-73.885803,45.471751],[-73.868116,45.487698],[-73.846007,45.46257],[-73.815938,45.478516],[-73.794714,45.481899]]}},{"type":"Feature","properties":{},"geometry":{"type":"LineString","coordinates":[[-73.805326,45.3983],[-73.868116,45.405065],[-73.89111,45.410381],[-73.922947,45.4012],[-73.94594,45.400233],[-73.96009,45.404099],[-73.986621,45.423428],[-73.999002,45.450006]]}},{"type":"Feature","properties":{},"geometry":{"type":"LineString","coordinates":[[-73.999002,45.450006],[-73.976893,45.457254],[-73.9539,45.478516]]}},{"type":"Feature","properties":{},"geometry":{"type":"LineString","coordinates":[[-73.598384,45.467402],[-73.585119,45.469335],[-73.575391,45.47755],[-73.556819,45.469335],[-73.5692,45.447106],[-73.521444,45.437442]]}},{"type":"Feature","properties":{},"geometry":{"type":"LineString","coordinates":[[-73.632875,45.449523],[-73.620493,45.461603],[-73.598384,45.467402]]}},{"type":"Feature","properties":{},"geometry":{"type":"LineString","coordinates":[[-75.522766,47.764192],[-75.392764,47.761776],[-75.121264,47.761776],[-74.888675,47.76081],[-74.712686,47.642419],[-74.68704,47.627438],[-74.656087,47.618257],[-74.63044,47.585881],[-74.615406,47.576216],[-74.582684,47.543356],[-74.560575,47.537558],[-74.555269,47.524027],[-74.538466,47.510014],[-74.505744,47.498899],[-74.482751,47.50953],[-74.461526,47.501799],[-74.445607,47.510014],[-74.427036,47.507114],[-74.446492,47.479087],[-74.450914,47.464107]]}},{"type":"Feature","properties":{},"geometry":{"type":"LineString","coordinates":[[-73.88315,46.245885],[-73.986621,46.174367],[-74.028186,46.146823],[-74.033493,46.150689],[-74.075942,46.117829],[-74.167916,46.055493],[-74.123698,46.024566],[-74.149345,46.00717],[-74.144923,46.00282],[-74.173223,45.985907],[-74.186488,45.98929],[-74.222747,45.963679],[-74.246625,45.948699],[-74.273156,45.966578],[-74.264312,46.000404],[-74.350096,46.012485],[-74.412886,46.018767],[-74.441186,45.905691],[-74.457104,45.907624],[-74.452682,45.926953],[-74.47656,45.92937],[-74.480982,45.912457],[-74.501323,45.91149]]}},{"type":"Feature","properties":{},"geometry":{"type":"LineString","coordinates":[[-75.780117,45.964162],[-75.78277,45.969961],[-75.770389,45.985424],[-75.729708,46.013452],[-75.709367,46.015384],[-75.696986,46.023116],[-75.765082,46.022633],[-75.76862,46.17485],[-75.790729,46.17485],[-75.805763,46.184515],[-75.811069,46.203844],[-75.802226,46.217374],[-75.812838,46.228489],[-75.797804,46.246368],[-75.798688,46.255066],[-75.784538,46.285027],[-75.788076,46.293725],[-75.808416,46.306772],[-75.706714,46.308705],[-75.707599,46.368142],[-75.70583,46.43821],[-75.744742,46.43821],[-75.747395,46.552253],[-75.750933,46.653731],[-75.749164,46.661946],[-75.750048,46.838808],[-75.814607,46.838808],[-75.824335,46.826244],[-75.85971,46.81368],[-75.877397,46.81368],[-75.895084,46.819962],[-75.909234,46.831076],[-75.926922,46.850888],[-75.953452,46.869251],[-75.994133,46.886647],[-76.035699,46.889547],[-76.101142,46.915158],[-76.128557,46.920474],[-76.137401,46.937387],[-76.133863,46.970729],[-76.139169,46.979911],[-76.130326,46.986193],[-76.149782,47.005039],[-76.13121,47.019536],[-76.108217,47.025818],[-76.099373,47.049496],[-76.099373,47.098302],[-76.091414,47.130195],[-76.102026,47.164021],[-76.091414,47.191082],[-76.041889,47.19978],[-76.022433,47.193498],[-75.986174,47.210895],[-75.967602,47.212827],[-75.952568,47.229257],[-75.923384,47.245204],[-75.902159,47.266466],[-75.881819,47.282413],[-75.838485,47.31044],[-75.79692,47.317205],[-75.74032,47.289661],[-75.741205,47.276614],[-75.72617,47.267916],[-75.71202,47.268882],[-75.708483,47.283862],[-75.686374,47.279513],[-75.66338,47.286762],[-75.648346,47.282413],[-75.646577,47.253902],[-75.622699,47.228291],[-75.62889,47.218626],[-75.620046,47.200263],[-75.628006,47.198814],[-75.625352,47.180934],[-75.597053,47.184317],[-75.571406,47.207029],[-75.559025,47.207512],[-75.546644,47.219109],[-75.522766,47.246654],[-75.491813,47.273231],[-75.480316,47.275647],[-75.467935,47.292077],[-75.457323,47.318171],[-75.474126,47.339917],[-75.459976,47.369394],[-75.429907,47.389689],[-75.421064,47.40322],[-75.389227,47.427865],[-75.383036,47.441878],[-75.382152,47.460724],[-75.368002,47.485369],[-75.308749,47.546739],[-75.345008,47.571867],[-75.354736,47.567035],[-75.364464,47.577666],[-75.365349,47.594096],[-75.353852,47.609559],[-75.369771,47.626955],[-75.379499,47.622606],[-75.395417,47.601827],[-75.390995,47.589263],[-75.415758,47.59023],[-75.429023,47.615841],[-75.419295,47.629855],[-75.44671,47.656432],[-75.456438,47.672379],[-75.474126,47.679144],[-75.488276,47.691225],[-75.522766,47.710071],[-75.533378,47.734715],[-75.530725,47.74583],[-75.542222,47.756461],[-75.5378,47.764676],[-75.522766,47.764192]]}},{"type":"Feature","properties":{},"geometry":{"type":"LineString","coordinates":[[-73.592194,45.533605],[-73.575391,45.541336],[-73.559472,45.539887]]}},{"type":"Feature","properties":{},"geometry":{"type":"LineString","coordinates":[[-73.529404,45.534571],[-73.525866,45.519108]]}},{"type":"Feature","properties":{},"geometry":{"type":"LineString","coordinates":[[-73.518791,45.494946],[-73.540016,45.488181],[-73.550628,45.490597],[-73.562125,45.503644],[-73.582466,45.513792]]}},{"type":"Feature","properties":{},"geometry":{"type":"LineString","coordinates":[[-73.582466,45.513792],[-73.574506,45.525873],[-73.592194,45.533605]]}},{"type":"Feature","properties":{},"geometry":{"type":"LineString","coordinates":[[-73.837163,45.580961],[-73.808863,45.554383]]}},{"type":"Feature","properties":{},"geometry":{"type":"LineString","coordinates":[[-73.808863,45.554383],[-73.79206,45.539403],[-73.759339,45.551967],[-73.735461,45.529255]]}},{"type":"Feature","properties":{},"geometry":{"type":"LineString","coordinates":[[-73.763761,45.511859],[-73.783217,45.511859],[-73.804442,45.516691],[-73.845122,45.519108],[-73.852197,45.512342],[-73.864579,45.520074],[-73.895531,45.526356]]}},{"type":"Feature","properties":{},"geometry":{"type":"LineString","coordinates":[[-73.895531,45.526356],[-73.880497,45.536021],[-73.884919,45.558732],[-73.869,45.562598],[-73.837163,45.580961]]}},{"type":"Feature","properties":{},"geometry":{"type":"LineString","coordinates":[[-73.799135,45.985907],[-73.827435,45.966578],[-73.761108,45.920671],[-73.770836,45.91294],[-73.901722,45.885396]]}},{"type":"Feature","properties":{},"geometry":{"type":"LineString","coordinates":[[-73.901722,45.885396],[-73.929137,45.876698],[-74.032608,45.848187],[-74.027302,45.82016],[-74.050296,45.817744],[-74.06533,45.838522],[-74.067983,45.850603],[-74.090976,45.847221],[-74.092745,45.831274],[-74.126351,45.831274],[-74.14227,45.819193],[-74.11397,45.810012],[-74.118392,45.804213],[-74.105126,45.789716],[-74.120161,45.781018],[-74.038799,45.763622],[-74.052064,45.757823]]}},{"type":"Feature","properties":{},"geometry":{"type":"LineString","coordinates":[[-74.052064,45.757823],[-74.073289,45.748158],[-74.05737,45.737044],[-74.090092,45.718198],[-74.091861,45.711916],[-74.113086,45.699836],[-74.131657,45.700319],[-74.167032,45.688721],[-74.181182,45.691137],[-74.208597,45.686788]]}},{"type":"Feature","properties":{},"geometry":{"type":"LineString","coordinates":[[-71.671349,46.652764],[-71.643934,46.660979],[-71.624478,46.67306],[-71.596178,46.681275],[-71.566994,46.682725],[-71.533388,46.695289],[-71.466176,46.712202],[-71.360052,46.730564]]}},{"type":"Feature","properties":{},"geometry":{"type":"LineString","coordinates":[[-71.360052,46.730564],[-71.32114,46.742162],[-71.28665,46.746028],[-71.268963,46.751343],[-71.250391,46.762457]]}},{"type":"Feature","properties":{},"geometry":{"type":"LineString","coordinates":[[-71.105355,46.309188],[-71.245969,46.30049],[-71.254813,46.301456],[-71.336174,46.358961],[-71.331753,46.378773],[-71.336174,46.39327],[-71.314065,46.392787],[-71.315834,46.401002],[-71.340596,46.406317],[-71.391005,46.44111],[-71.409577,46.411633],[-71.49536,46.471553],[-71.469714,46.495715],[-71.501551,46.520359],[-71.490939,46.524708],[-71.545769,46.564333],[-71.561688,46.561434],[-71.575838,46.572065],[-71.560804,46.575448],[-71.570532,46.588012],[-71.560804,46.592361],[-71.581144,46.606374],[-71.597063,46.606858],[-71.625362,46.622321],[-71.671349,46.652764]]}},{"type":"Feature","properties":{},"geometry":{"type":"LineString","coordinates":[[-73.526751,45.53747],[-73.48607,45.52249],[-73.481648,45.529255],[-73.440083,45.511859],[-73.461307,45.505577],[-73.419742,45.482382]]}},{"type":"Feature","properties":{},"geometry":{"type":"LineString","coordinates":[[-73.419742,45.482382],[-73.36049,45.448556],[-73.375524,45.441791],[-73.379946,45.433093]]}},{"type":"Feature","properties":{},"geometry":{"type":"LineString","coordinates":[[-73.50022,45.588209],[-73.470151,45.584827],[-73.420627,45.546169],[-73.410898,45.55245],[-73.390558,45.53747]]}},{"type":"Feature","properties":{},"geometry":{"type":"LineString","coordinates":[[-73.390558,45.53747],[-73.377293,45.527323],[-73.394096,45.51041],[-73.405592,45.509443],[-73.406477,45.498812],[-73.419742,45.482382]]}},{"type":"Feature","properties":{},"geometry":{"type":"LineString","coordinates":[[-71.491823,46.802565],[-71.44053,46.813197],[-71.420189,46.827693],[-71.39808,46.818029],[-71.379508,46.83011],[-71.36359,46.822861],[-71.381277,46.807398],[-71.34944,46.785652],[-71.334406,46.7958]]}},{"type":"Feature","properties":{},"geometry":{"type":"LineString","coordinates":[[-71.334406,46.7958],[-71.313181,46.789518],[-71.295494,46.793867],[-71.268078,46.794834],[-71.243316,46.774538],[-71.2442,46.76584]]}},{"type":"Feature","properties":{},"geometry":{"type":"LineString","coordinates":[[-71.360052,46.730564],[-71.383046,46.746028],[-71.400733,46.763907],[-71.422842,46.754726],[-71.491823,46.802565]]}},{"type":"Feature","properties":{},"geometry":{"type":"LineString","coordinates":[[-71.278691,46.831076],[-71.333521,46.814646],[-71.345018,46.807881],[-71.334406,46.7958]]}},{"type":"Feature","properties":{},"geometry":{"type":"LineString","coordinates":[[-71.491823,46.802565],[-71.540463,46.836875],[-71.549307,46.850888],[-71.504204,46.859103],[-71.50951,46.862969],[-71.483864,46.879399],[-71.47502,46.873117],[-71.459986,46.883748],[-71.471483,46.891963],[-71.438761,46.914675]]}},{"type":"Feature","properties":{},"geometry":{"type":"LineString","coordinates":[[-73.837163,45.580961],[-73.826551,45.597391],[-73.825666,45.605606],[-73.794714,45.616237],[-73.786754,45.631217],[-73.768183,45.648613]]}},{"type":"Feature","properties":{},"geometry":{"type":"LineString","coordinates":[[-73.768183,45.648613],[-73.754033,45.661177]]}},{"type":"Feature","properties":{},"geometry":{"type":"LineString","coordinates":[[-73.716889,45.592559],[-73.736345,45.584827],[-73.767298,45.566947],[-73.808863,45.554383]]}},{"type":"Feature","properties":{},"geometry":{"type":"LineString","coordinates":[[-72.056933,46.572065],[-72.030402,46.57883],[-72.004756,46.591394],[-71.967612,46.619421],[-71.918088,46.637784],[-71.885366,46.672577],[-71.861488,46.678859],[-71.827882,46.672094],[-71.788086,46.653248],[-71.764208,46.649382],[-71.704071,46.648415],[-71.671349,46.652764]]}},{"type":"Feature","properties":{},"geometry":{"type":"LineString","coordinates":[[-71.436992,45.798898],[-71.467945,45.819193],[-71.45468,45.872832],[-71.497129,45.895544],[-71.499782,45.892161],[-71.55196,45.917289],[-71.562572,45.906658],[-71.654546,45.952565],[-71.686384,45.966578],[-71.625362,46.025049],[-71.699649,46.062741],[-71.688152,46.074822],[-71.765092,46.113963],[-71.81727,46.139091],[-71.912781,46.100433],[-71.921625,46.123145],[-71.934006,46.115413],[-71.947272,46.100916],[-71.962306,46.095601],[-71.97115,46.135225],[-71.972034,46.150206],[-71.964075,46.167119],[-71.950809,46.172434],[-71.949925,46.201428],[-71.964959,46.221724],[-71.9853,46.218341],[-71.986184,46.246851],[-71.961422,46.260382],[-71.941081,46.258932],[-71.921625,46.28261],[-71.909244,46.291309],[-71.885366,46.296624],[-71.86591,46.307255],[-71.891557,46.326584]]}},{"type":"Feature","properties":{},"geometry":{"type":"LineString","coordinates":[[-73.850429,45.723997],[-73.89111,45.714332],[-73.9256,45.685339],[-73.863694,45.643781]]}},{"type":"Feature","properties":{},"geometry":{"type":"LineString","coordinates":[[-73.863694,45.643781],[-73.885803,45.638465],[-73.920294,45.633633],[-73.8973,45.617203],[-73.916756,45.605606],[-73.932675,45.61672],[-73.951246,45.61672],[-73.953015,45.605606],[-73.981315,45.602223],[-73.978662,45.560182],[-73.963628,45.558732],[-73.9256,45.562598],[-73.920294,45.551967],[-73.9256,45.543269],[-73.900838,45.52539]]}},{"type":"Feature","properties":{},"geometry":{"type":"LineString","coordinates":[[-73.900838,45.52539],[-73.921178,45.51041],[-73.942403,45.500262],[-73.954784,45.488664],[-73.9539,45.478516]]}},{"type":"Feature","properties":{},"geometry":{"type":"LineString","coordinates":[[-73.999002,45.450006],[-74.019343,45.450972],[-74.060024,45.449523],[-74.069752,45.453872],[-74.09363,45.450972],[-74.132542,45.466436],[-74.150229,45.479483],[-74.177644,45.485282],[-74.194447,45.49253],[-74.228053,45.499295],[-74.244856,45.506544]]}},{"type":"Feature","properties":{},"geometry":{"type":"LineString","coordinates":[[-74.052064,45.757823],[-74.030839,45.743809],[-74.014037,45.753474],[-73.998118,45.754924],[-73.981315,45.745742],[-73.968049,45.75879],[-73.976893,45.764105],[-73.947709,45.789233],[-73.850429,45.723997]]}},{"type":"Feature","properties":{},"geometry":{"type":"LineString","coordinates":[[-73.648793,45.530222],[-73.620493,45.523457]]}},{"type":"Feature","properties":{},"geometry":{"type":"LineString","coordinates":[[-73.620493,45.523457],[-73.642603,45.505577],[-73.627568,45.498812],[-73.624915,45.488664]]}},{"type":"Feature","properties":{},"geometry":{"type":"LineString","coordinates":[[-73.624915,45.488664],[-73.624915,45.479],[-73.639949,45.476583],[-73.657637,45.45967],[-73.668249,45.456771]]}},{"type":"Feature","properties":{},"geometry":{"type":"LineString","coordinates":[[-73.683283,45.464986],[-73.677093,45.483832],[-73.681515,45.49108],[-73.665596,45.502678],[-73.648793,45.530222]]}},{"type":"Feature","properties":{},"geometry":{"type":"LineString","coordinates":[[-73.308312,45.406032],[-73.323346,45.391535],[-73.326884,45.38332],[-73.348993,45.38622],[-73.387021,45.41328]]}},{"type":"Feature","properties":{},"geometry":{"type":"LineString","coordinates":[[-73.390558,45.53747],[-73.375524,45.533121],[-73.371986,45.555833],[-73.362258,45.572746],[-73.36049,45.590142],[-73.383483,45.608505],[-73.370218,45.625418],[-73.349877,45.6317],[-73.339265,45.645231],[-73.304774,45.622036],[-73.299468,45.63025],[-73.281781,45.617686],[-73.292393,45.605123],[-73.276475,45.593525],[-73.296815,45.580961],[-73.264978,45.558249]]}},{"type":"Feature","properties":{},"geometry":{"type":"LineString","coordinates":[[-73.447158,45.872832],[-73.444504,45.85157],[-73.461307,45.85157],[-73.479879,45.839972],[-73.469267,45.830791],[-73.497566,45.812911],[-73.508179,45.819193],[-73.524097,45.813878],[-73.525866,45.777152],[-73.529404,45.75444]]}},{"type":"Feature","properties":{},"geometry":{"type":"LineString","coordinates":[[-73.529404,45.75444],[-73.55505,45.75444],[-73.556819,45.72738],[-73.563894,45.721581],[-73.589541,45.717232],[-73.669134,45.726896],[-73.699202,45.747192],[-73.690358,45.765072],[-73.700971,45.768454],[-73.687705,45.794549],[-73.698318,45.804696],[-73.741652,45.806146],[-73.755801,45.813394],[-73.780564,45.815811],[-73.797367,45.826925],[-73.807095,45.820643]]}},{"type":"Feature","properties":{},"geometry":{"type":"LineString","coordinates":[[-73.807095,45.820643],[-73.901722,45.885396]]}},{"type":"Feature","properties":{},"geometry":{"type":"LineString","coordinates":[[-71.336174,46.955266],[-71.364474,46.983777],[-71.285766,47.033066],[-71.269847,47.017603],[-71.204404,47.049013],[-71.214132,47.057711],[-71.183179,47.071724],[-71.192023,47.087188],[-71.178757,47.101685],[-71.219438,47.126813],[-71.222091,47.119564],[-71.239778,47.117631],[-71.239778,47.134061],[-71.261888,47.13696],[-71.267194,47.146625],[-71.251275,47.153873],[-71.326446,47.224425],[-71.43257,47.327353],[-71.456448,47.342816],[-71.510395,47.396455],[-71.69169,47.575733],[-71.841148,47.723118],[-71.892441,47.772407]]}},{"type":"Feature","properties":{},"geometry":{"type":"LineString","coordinates":[[-71.892441,47.772407],[-72.073736,47.950236]]}},{"type":"Feature","properties":{},"geometry":{"type":"LineString","coordinates":[[-73.624915,45.488664],[-73.604575,45.495913],[-73.594847,45.503644]]}},{"type":"Feature","properties":{},"geometry":{"type":"LineString","coordinates":[[-73.594847,45.503644],[-73.578044,45.481416],[-73.598384,45.467402]]}},{"type":"Feature","properties":{},"geometry":{"type":"LineString","coordinates":[[-73.582466,45.513792],[-73.594847,45.503644]]}},{"type":"Feature","properties":{},"geometry":{"type":"LineString","coordinates":[[-73.620493,45.523457],[-73.616956,45.527806]]}},{"type":"Feature","properties":{},"geometry":{"type":"LineString","coordinates":[[-73.616956,45.527806],[-73.592194,45.533605]]}},{"type":"Feature","properties":{},"geometry":{"type":"LineString","coordinates":[[-73.648793,45.530222],[-73.647909,45.531188]]}},{"type":"Feature","properties":{},"geometry":{"type":"LineString","coordinates":[[-73.621378,45.554867],[-73.601922,45.572746],[-73.586887,45.566464]]}},{"type":"Feature","properties":{},"geometry":{"type":"LineString","coordinates":[[-73.586887,45.565014],[-73.60369,45.546169],[-73.621378,45.531188],[-73.616956,45.527806]]}},{"type":"Feature","properties":{},"geometry":{"type":"LineString","coordinates":[[-73.473689,45.700319],[-73.460423,45.704185],[-73.436545,45.72593],[-73.419742,45.752508],[-73.394096,45.780535]]}},{"type":"Feature","properties":{},"geometry":{"type":"LineString","coordinates":[[-73.123479,45.817744],[-73.096064,45.797931],[-73.104023,45.787783],[-73.092527,45.779568],[-73.093411,45.77232],[-73.058921,45.748158],[-73.073955,45.717715],[-73.088989,45.729313],[-73.104023,45.713849],[-73.114636,45.692587],[-73.116404,45.673741],[-73.10137,45.662144],[-73.098717,45.614787],[-73.108445,45.615754],[-73.131439,45.632183],[-73.139398,45.612854],[-73.130554,45.589176]]}},{"type":"Feature","properties":{},"geometry":{"type":"LineString","coordinates":[[-73.900838,45.52539],[-73.895531,45.526356]]}},{"type":"Feature","properties":{},"geometry":{"type":"LineString","coordinates":[[-73.755801,45.506544],[-73.768183,45.494463]]}},{"type":"Feature","properties":{},"geometry":{"type":"LineString","coordinates":[[-75.520113,47.846341],[-75.522766,47.764192]]}},{"type":"Feature","properties":{},"geometry":{"type":"LineString","coordinates":[[-75.895084,45.401683],[-75.931343,45.431643]]}},{"type":"Feature","properties":{},"geometry":{"type":"LineString","coordinates":[[-75.931343,45.431643],[-75.954337,45.460154],[-75.987058,45.479483],[-76.023317,45.489147],[-76.04808,45.500262],[-76.089645,45.513792],[-76.140054,45.518141],[-76.201075,45.519108],[-76.233797,45.507993],[-76.238219,45.475134],[-76.245293,45.468369],[-76.296587,45.464503]]}},{"type":"Feature","properties":{},"geometry":{"type":"LineString","coordinates":[[-76.296587,45.464503],[-76.316927,45.457254],[-76.36203,45.457254],[-76.385908,45.464503],[-76.433664,45.492047],[-76.454004,45.500262],[-76.481419,45.504611],[-76.500875,45.519108],[-76.517678,45.516208],[-76.572509,45.527806],[-76.603462,45.532155],[-76.631762,45.544236],[-76.659177,45.560665],[-76.674211,45.583377],[-76.670674,45.625901],[-76.686592,45.635083],[-76.698974,45.653445],[-76.712239,45.665526],[-76.705164,45.675674],[-76.686592,45.686788],[-76.695436,45.698869],[-76.692783,45.708534],[-76.703395,45.720614],[-76.720198,45.719165],[-76.744961,45.723031],[-76.769723,45.733662],[-76.770607,45.758306],[-76.78122,45.785367],[-76.766185,45.810978],[-76.769723,45.829824],[-76.764417,45.851086],[-76.778567,45.871382],[-76.807751,45.877181],[-76.841357,45.890228],[-76.874963,45.892644],[-76.894419,45.89796],[-76.92714,45.892161],[-76.921834,45.869932],[-76.901494,45.854952],[-76.910337,45.847221],[-76.928025,45.844804],[-76.912106,45.809529],[-76.918296,45.798414],[-76.935099,45.789233],[-76.984624,45.78585],[-77.011155,45.804213],[-77.02442,45.808562],[-77.053605,45.810495],[-77.06687,45.827891],[-77.081904,45.835623],[-77.131429,45.843838],[-77.154422,45.854469],[-77.190681,45.86365],[-77.230478,45.905691],[-77.235784,45.920671],[-77.257893,45.92937],[-77.278234,45.948699],[-77.287077,45.986391],[-77.276465,46.008619],[-77.28354,46.017801],[-77.314493,46.026982],[-77.33218,46.041962],[-77.362249,46.059358],[-77.389664,46.06854],[-77.441842,46.093184],[-77.489597,46.117346],[-77.565653,46.159387],[-77.608987,46.173401],[-77.620484,46.17485],[-77.675314,46.198528],[-77.68858,46.184998],[-77.697423,46.183065],[-77.729261,46.193213],[-77.784091,46.196112],[-77.815929,46.203361],[-77.850419,46.208193]]}},{"type":"Feature","properties":{},"geometry":{"type":"LineString","coordinates":[[-72.081695,46.570132],[-72.286869,46.717517],[-72.392993,46.791934],[-72.345237,46.822378],[-72.33374,46.814646],[-72.306325,46.833492],[-72.301018,46.828177],[-72.271834,46.846539],[-72.247956,46.82866],[-72.2285,46.834942],[-72.169248,46.87505],[-72.274487,46.946568],[-72.35408,47.002139],[-72.436326,47.057228],[-72.371768,47.101685],[-72.393877,47.128745],[-72.419524,47.129229],[-72.442517,47.144209],[-72.515035,47.144692],[-72.518573,47.146625],[-72.546872,47.204129],[-72.547757,47.309473],[-72.502654,47.32687],[-72.472586,47.335085],[-72.47966,47.379542],[-72.440748,47.402253],[-72.44517,47.38679],[-72.400952,47.35393],[-72.426598,47.299809],[-72.401836,47.29401],[-72.341699,47.283862],[-72.322243,47.283862],[-72.2851,47.265499],[-72.247072,47.270332],[-72.257684,47.277097],[-72.239113,47.289661],[-72.215235,47.314306],[-72.205507,47.329286],[-72.201085,47.360696],[-72.184282,47.366494],[-72.15952,47.392106],[-72.14537,47.399354],[-72.141832,47.409019],[-72.147139,47.419166],[-72.162173,47.425448],[-72.17367,47.438979],[-72.172785,47.458308],[-72.163057,47.468939],[-72.201969,47.487785],[-72.21435,47.515329],[-72.239997,47.536108],[-72.060471,47.658848],[-71.892441,47.772407]]}},{"type":"Feature","properties":{},"geometry":{"type":"LineString","coordinates":[[-73.497566,45.704668],[-73.486954,45.712399],[-73.497566,45.721581],[-73.501988,45.736561],[-73.529404,45.75444]]}},{"type":"Feature","properties":{},"geometry":{"type":"LineString","coordinates":[[-72.146254,45.42826],[-72.150676,45.443724],[-72.135642,45.470785],[-72.139179,45.49108],[-72.128567,45.498812],[-72.13122,45.50896],[-72.148907,45.50896],[-72.182513,45.529739],[-72.239113,45.560182],[-72.29925,45.589176]]}},{"type":"Feature","properties":{},"geometry":{"type":"LineString","coordinates":[[-73.863694,45.643781],[-73.846891,45.6317],[-73.825666,45.630734],[-73.812401,45.640398],[-73.802673,45.658761],[-73.793829,45.66456],[-73.768183,45.648613]]}},{"type":"Feature","properties":{},"geometry":{"type":"LineString","coordinates":[[-73.807095,45.820643],[-73.823013,45.816294],[-73.731039,45.75444],[-73.750495,45.750091],[-73.745189,45.732212],[-73.75757,45.729796],[-73.755801,45.717232],[-73.764645,45.712883],[-73.801789,45.719648],[-73.846891,45.721581]]}},{"type":"Feature","properties":{},"geometry":{"type":"LineString","coordinates":[[-73.846891,45.721581],[-73.850429,45.723997]]}},{"type":"Feature","properties":{},"geometry":{"type":"LineString","coordinates":[[-72.314284,45.596908],[-72.343468,45.598357],[-72.359387,45.588693],[-72.361155,45.567431],[-72.377958,45.566464],[-72.378843,45.529739],[-72.402721,45.528289],[-72.404489,45.504128],[-72.403605,45.449039],[-72.454898,45.450972],[-72.448708,45.494463],[-72.47966,45.494463],[-72.586669,45.498329],[-72.584016,45.52539],[-72.606125,45.525873],[-72.607009,45.53747],[-72.67599,45.53892],[-72.67599,45.531188],[-72.691024,45.52394],[-72.77327,45.524906],[-72.771501,45.538437],[-72.799801,45.53747],[-72.812182,45.499778],[-72.817488,45.472718],[-72.860822,45.47755],[-72.883816,45.470301],[-72.896197,45.479],[-72.905925,45.464019],[-72.920959,45.466436],[-72.925381,45.452422],[-72.966062,45.457254],[-72.958103,45.475134],[-73.003205,45.479483],[-73.007627,45.474167],[-73.034158,45.492047],[-73.040349,45.476583],[-73.07307,45.4761]]}},{"type":"Feature","properties":{},"geometry":{"type":"LineString","coordinates":[[-73.159738,45.377521],[-73.133207,45.359642],[-73.117289,45.371239],[-73.104023,45.367374],[-73.088105,45.355776],[-73.060689,45.378005],[-73.045655,45.385736],[-73.027083,45.372689],[-73.006743,45.370756],[-73.008512,45.347561],[-72.995246,45.337413]]}},{"type":"Feature","properties":{},"geometry":{"type":"LineString","coordinates":[[-72.480545,46.367659],[-72.494695,46.373458],[-72.538029,46.398102],[-72.562791,46.403418],[-72.574288,46.375391],[-72.607009,46.376357],[-72.624697,46.397136],[-72.640615,46.392304],[-72.679527,46.41115],[-72.688371,46.421297],[-72.70429,46.424197]]}},{"type":"Feature","properties":{},"geometry":{"type":"LineString","coordinates":[[-73.745189,45.668426],[-73.754917,45.67954],[-73.772604,45.681956],[-73.791176,45.698869],[-73.808863,45.696936],[-73.846891,45.721581]]}},{"type":"Feature","properties":{},"geometry":{"type":"LineString","coordinates":[[-74.42173,45.439858],[-74.404927,45.488664],[-74.381049,45.565981]]}},{"type":"Feature","properties":{},"geometry":{"type":"LineString","coordinates":[[-79.008939,43.922517],[-78.970911,43.833603]]}},{"type":"Feature","properties":{},"geometry":{"type":"LineString","coordinates":[[-79.039008,43.816206],[-79.051389,43.845683],[-79.061117,43.841818],[-79.078804,43.870811],[-79.06996,43.876127],[-79.077035,43.89449],[-79.088532,43.904154],[-79.008939,43.922517]]}},{"type":"Feature","properties":{},"geometry":{"type":"LineString","coordinates":[[-76.296587,45.464503],[-76.297471,45.447106],[-76.354071,45.410381]]}},{"type":"Feature","properties":{},"geometry":{"type":"LineString","coordinates":[[-76.354071,45.410381],[-76.428357,45.358192],[-76.483188,45.322916],[-76.5221,45.302138],[-76.584006,45.263962],[-76.660946,45.212257],[-76.769723,45.142189],[-76.814826,45.221438],[-76.8502,45.216123],[-76.894419,45.193411],[-76.917412,45.201626],[-76.929793,45.210807],[-76.947481,45.207425],[-76.981087,45.18278],[-76.992583,45.18423],[-76.970474,45.145088],[-77.137619,45.099181]]}},{"type":"Feature","properties":{},"geometry":{"type":"LineString","coordinates":[[-77.137619,45.099181],[-77.157075,45.13349],[-77.168572,45.14992],[-77.201294,45.21274],[-77.215444,45.236902],[-77.340139,45.201143],[-77.355174,45.195827],[-77.446263,45.171666],[-77.544428,45.143638],[-77.636402,45.312285],[-77.623137,45.315668],[-77.641708,45.349977],[-77.691233,45.437925],[-77.772595,45.415213],[-77.907903,45.379938],[-78.024639,45.348528],[-78.178519,45.309869]]}},{"type":"Feature","properties":{},"geometry":{"type":"LineString","coordinates":[[-78.178519,45.309869],[-78.248384,45.440341],[-78.297908,45.531672],[-78.314711,45.560665]]}},{"type":"Feature","properties":{},"geometry":{"type":"LineString","coordinates":[[-78.314711,45.560665],[-78.248384,45.578545],[-78.378386,45.815811],[-78.383692,45.814361],[-78.445598,45.931786],[-78.546415,45.906658],[-78.615396,45.887812],[-78.681724,46.00717],[-78.591518,46.030848],[-78.502197,46.055493],[-78.509272,46.072889],[-78.327977,46.121695],[-78.348317,46.156488],[-78.412876,46.273429],[-78.396957,46.273429],[-78.403148,46.293241]]}},{"type":"Feature","properties":{},"geometry":{"type":"LineString","coordinates":[[-79.499763,44.016264],[-79.473232,44.022546],[-79.467925,43.999834],[-79.40602,44.013847]]}},{"type":"Feature","properties":{},"geometry":{"type":"LineString","coordinates":[[-79.40602,44.013847],[-79.397176,43.997418],[-79.39187,43.972773],[-79.389217,43.923967]]}},{"type":"Feature","properties":{},"geometry":{"type":"LineString","coordinates":[[-79.389217,43.923967],[-79.383911,43.901255]]}},{"type":"Feature","properties":{},"geometry":{"type":"LineString","coordinates":[[-79.383911,43.901255],[-79.467041,43.884342]]}},{"type":"Feature","properties":{},"geometry":{"type":"LineString","coordinates":[[-79.467041,43.884342],[-79.477653,43.923483],[-79.499763,44.016264]]}},{"type":"Feature","properties":{},"geometry":{"type":"LineString","coordinates":[[-79.745617,44.362256],[-79.69167,44.374337],[-79.651874,44.386901],[-79.60854,44.392216],[-79.508606,44.422176]]}},{"type":"Feature","properties":{},"geometry":{"type":"LineString","coordinates":[[-79.508606,44.422176],[-79.505069,44.397532],[-79.509491,44.387384],[-79.509491,44.306685],[-79.511259,44.294121],[-79.513028,44.210039]]}},{"type":"Feature","properties":{},"geometry":{"type":"LineString","coordinates":[[-79.513028,44.210039],[-79.583777,44.194092],[-79.718201,44.164615],[-79.723507,44.185394]]}},{"type":"Feature","properties":{},"geometry":{"type":"LineString","coordinates":[[-79.723507,44.185394],[-79.724392,44.196508],[-79.704936,44.201824],[-79.745617,44.362256]]}},{"type":"Feature","properties":{},"geometry":{"type":"LineString","coordinates":[[-79.984396,44.570045],[-79.834053,44.636247],[-79.8314,44.632865],[-79.796025,44.648328],[-79.799563,44.65171],[-79.67752,44.705349],[-79.644799,44.670073],[-79.578471,44.698101],[-79.511259,44.620784],[-79.498878,44.615468],[-79.457313,44.612086],[-79.475885,44.603388],[-79.446701,44.570045],[-79.434319,44.579226],[-79.423707,44.576327],[-79.41221,44.587924],[-79.366223,44.533802],[-79.298127,44.452137]]}},{"type":"Feature","properties":{},"geometry":{"type":"LineString","coordinates":[[-79.298127,44.452137],[-79.508606,44.422176]]}},{"type":"Feature","properties":{},"geometry":{"type":"LineString","coordinates":[[-79.745617,44.362256],[-79.750923,44.360323],[-79.851741,44.338578],[-79.885346,44.377719],[-79.911877,44.402847],[-79.983511,44.487896],[-79.967593,44.494661],[-79.977321,44.505775],[-79.978205,44.520272],[-79.964939,44.526071],[-79.978205,44.542501],[-79.972899,44.553615],[-79.984396,44.570045]]}},{"type":"Feature","properties":{},"geometry":{"type":"LineString","coordinates":[[-77.63994,44.248697],[-77.615177,44.253529],[-77.607218,44.263677],[-77.57715,44.269476],[-77.568306,44.26561],[-77.574497,44.244348],[-77.595721,44.223086],[-77.598374,44.211488],[-77.582456,44.206173],[-77.568306,44.183461],[-77.588646,44.178145],[-77.580687,44.152051],[-77.593068,44.128373],[-77.527625,44.1593],[-77.47191,44.173796],[-77.385242,44.195542],[-77.358711,44.20569],[-77.293268,44.221636],[-77.26939,44.218254],[-77.235784,44.150118],[-77.210137,44.147702],[-77.168572,44.1564],[-77.149116,44.155917],[-77.124354,44.164132],[-77.096054,44.169931],[-77.057142,44.185394],[-77.050067,44.179595],[-77.056258,44.152051],[-77.069523,44.126923],[-77.070408,44.110493],[-77.085442,44.0786],[-77.083673,44.06217],[-77.054489,44.044291],[-77.020883,44.044774],[-76.971358,44.056855],[-76.958093,44.06217],[-76.913875,44.094547],[-76.836935,44.132722],[-76.758226,44.010948],[-76.635299,44.03221],[-76.524753,44.055405]]}},{"type":"Feature","properties":{},"geometry":{"type":"LineString","coordinates":[[-76.524753,44.055405],[-76.499991,44.015297]]}},{"type":"Feature","properties":{},"geometry":{"type":"LineString","coordinates":[[-77.640824,43.993069],[-77.654089,44.022062],[-77.663818,44.038009],[-77.68858,44.091164],[-77.685042,44.092131],[-77.752254,44.233234],[-77.738989,44.244348],[-77.713342,44.250147],[-77.684158,44.262711],[-77.653205,44.257878],[-77.63994,44.248697]]}},{"type":"Feature","properties":{},"geometry":{"type":"LineString","coordinates":[[-79.332617,43.703614],[-79.320236,43.715695]]}},{"type":"Feature","properties":{},"geometry":{"type":"LineString","coordinates":[[-79.320236,43.715695],[-79.30078,43.719561]]}},{"type":"Feature","properties":{},"geometry":{"type":"LineString","coordinates":[[-79.30078,43.719561],[-79.279555,43.669788]]}},{"type":"Feature","properties":{},"geometry":{"type":"LineString","coordinates":[[-79.314046,43.648526],[-79.313161,43.657224],[-79.332617,43.703614]]}},{"type":"Feature","properties":{},"geometry":{"type":"LineString","coordinates":[[-78.959415,44.028828],[-78.8754,44.04719],[-78.871862,44.040425],[-78.702948,44.080533]]}},{"type":"Feature","properties":{},"geometry":{"type":"LineString","coordinates":[[-78.702948,44.080533],[-78.688798,44.059271]]}},{"type":"Feature","properties":{},"geometry":{"type":"LineString","coordinates":[[-78.688798,44.059271],[-78.690567,44.053472],[-78.623355,43.903188],[-78.608321,43.906087],[-78.603899,43.897389]]}},{"type":"Feature","properties":{},"geometry":{"type":"LineString","coordinates":[[-78.795807,43.866946],[-78.829413,43.943779],[-78.914312,43.924933]]}},{"type":"Feature","properties":{},"geometry":{"type":"LineString","coordinates":[[-78.914312,43.924933],[-78.928462,43.958276]]}},{"type":"Feature","properties":{},"geometry":{"type":"LineString","coordinates":[[-78.928462,43.958276],[-78.959415,44.028828]]}},{"type":"Feature","properties":{},"geometry":{"type":"LineString","coordinates":[[-79.786297,43.70603],[-79.765073,43.725843]]}},{"type":"Feature","properties":{},"geometry":{"type":"LineString","coordinates":[[-79.765073,43.725843],[-79.711126,43.685734],[-79.704051,43.674137]]}},{"type":"Feature","properties":{},"geometry":{"type":"LineString","coordinates":[[-79.704051,43.674137],[-79.730582,43.668338],[-79.743848,43.656257],[-79.780991,43.683802],[-79.802216,43.681869]]}},{"type":"Feature","properties":{},"geometry":{"type":"LineString","coordinates":[[-79.802216,43.681869],[-79.808407,43.686218],[-79.786297,43.70603]]}},{"type":"Feature","properties":{},"geometry":{"type":"LineString","coordinates":[[-79.74827,43.765467],[-79.67133,43.708446]]}},{"type":"Feature","properties":{},"geometry":{"type":"LineString","coordinates":[[-79.67133,43.708446],[-79.690786,43.668821],[-79.695208,43.665439]]}},{"type":"Feature","properties":{},"geometry":{"type":"LineString","coordinates":[[-79.695208,43.665439],[-79.704051,43.674137]]}},{"type":"Feature","properties":{},"geometry":{"type":"LineString","coordinates":[[-79.765073,43.725843],[-79.755345,43.734541],[-79.76861,43.745172],[-79.74827,43.765467]]}},{"type":"Feature","properties":{},"geometry":{"type":"LineString","coordinates":[[-79.727045,43.819589],[-79.695208,43.847616]]}},{"type":"Feature","properties":{},"geometry":{"type":"LineString","coordinates":[[-79.695208,43.847616],[-79.678405,43.819106]]}},{"type":"Feature","properties":{},"geometry":{"type":"LineString","coordinates":[[-79.678405,43.819106],[-79.639493,43.750004]]}},{"type":"Feature","properties":{},"geometry":{"type":"LineString","coordinates":[[-79.639493,43.750004],[-79.630649,43.736474]]}},{"type":"Feature","properties":{},"geometry":{"type":"LineString","coordinates":[[-79.630649,43.736474],[-79.639493,43.73744],[-79.67133,43.708446]]}},{"type":"Feature","properties":{},"geometry":{"type":"LineString","coordinates":[[-79.74827,43.765467],[-79.772148,43.78238],[-79.727045,43.819589]]}},{"type":"Feature","properties":{},"geometry":{"type":"LineString","coordinates":[[-79.786297,43.70603],[-79.813713,43.725843],[-79.830516,43.728742],[-79.888884,43.675103]]}},{"type":"Feature","properties":{},"geometry":{"type":"LineString","coordinates":[[-79.888884,43.675103],[-79.915415,43.694916]]}},{"type":"Feature","properties":{},"geometry":{"type":"LineString","coordinates":[[-79.915415,43.694916],[-79.937524,43.710862]]}},{"type":"Feature","properties":{},"geometry":{"type":"LineString","coordinates":[[-79.937524,43.710862],[-79.92249,43.732608],[-79.822556,43.824905],[-79.801332,43.839402],[-79.781876,43.859697],[-79.727045,43.819589]]}},{"type":"Feature","properties":{},"geometry":{"type":"LineString","coordinates":[[-79.695208,43.665439],[-79.708473,43.654325],[-79.739426,43.638378],[-79.745617,43.628713]]}},{"type":"Feature","properties":{},"geometry":{"type":"LineString","coordinates":[[-79.745617,43.628713],[-79.760651,43.6147],[-79.790719,43.602136]]}},{"type":"Feature","properties":{},"geometry":{"type":"LineString","coordinates":[[-79.790719,43.602136],[-79.852625,43.648043]]}},{"type":"Feature","properties":{},"geometry":{"type":"LineString","coordinates":[[-79.852625,43.648043],[-79.829631,43.666889],[-79.818135,43.65819],[-79.804869,43.670271],[-79.802216,43.681869]]}},{"type":"Feature","properties":{},"geometry":{"type":"LineString","coordinates":[[-79.852625,43.648043],[-79.888884,43.675103]]}},{"type":"Feature","properties":{},"geometry":{"type":"LineString","coordinates":[[-80.436307,43.17931],[-80.423926,43.168196],[-80.422157,43.143551],[-80.361136,43.153699],[-80.354061,43.156598],[-80.353176,43.173994],[-80.331067,43.17786],[-80.336373,43.190907],[-80.31957,43.198639],[-80.261202,43.208304],[-80.25059,43.198156],[-80.221406,43.203471],[-80.218753,43.19574],[-80.178072,43.202022],[-79.984396,43.131953]]}},{"type":"Feature","properties":{},"geometry":{"type":"LineString","coordinates":[[-79.984396,43.131953],[-80.003852,43.088946],[-79.976436,43.079765],[-80.045417,42.976353],[-80.055145,42.963306],[-80.243515,43.031925],[-80.370864,43.013079],[-80.369979,43.011629],[-80.543315,42.985052]]}},{"type":"Feature","properties":{},"geometry":{"type":"LineString","coordinates":[[-80.543315,42.985052],[-80.567193,43.042073],[-80.608758,43.151766],[-80.524744,43.164813],[-80.436307,43.17931]]}},{"type":"Feature","properties":{},"geometry":{"type":"LineString","coordinates":[[-81.816803,45.361575],[-81.570949,45.362058],[-81.225162,45.361575],[-81.071282,45.360608]]}},{"type":"Feature","properties":{},"geometry":{"type":"LineString","coordinates":[[-81.071282,45.360608],[-80.902368,45.223371],[-80.821006,45.155236],[-80.59903,44.972575]]}},{"type":"Feature","properties":{},"geometry":{"type":"LineString","coordinates":[[-80.59903,44.972575],[-80.549506,44.750289],[-80.515015,44.594206],[-80.491138,44.489345],[-80.463722,44.372887],[-80.266508,44.415894],[-80.229365,44.253529]]}},{"type":"Feature","properties":{},"geometry":{"type":"LineString","coordinates":[[-80.229365,44.253529],[-80.411545,44.214388],[-80.423041,44.199891],[-80.405354,44.193609],[-80.361136,44.167514],[-80.398279,44.135138],[-80.375286,44.039459],[-80.438076,44.025928]]}},{"type":"Feature","properties":{},"geometry":{"type":"LineString","coordinates":[[-80.438076,44.025928],[-80.568962,43.998384],[-80.716651,43.981471],[-80.747604,44.001767],[-80.745835,43.988719],[-80.754679,43.976639],[-80.827197,43.967941],[-80.836041,44.004666],[-80.989036,43.986787]]}},{"type":"Feature","properties":{},"geometry":{"type":"LineString","coordinates":[[-80.989036,43.986787],[-81.027948,44.140454],[-81.039445,44.140454],[-81.042098,44.151085],[-81.033254,44.160749],[-81.069513,44.288322],[-81.266727,44.259328],[-81.300333,44.375786],[-81.323327,44.458419],[-81.31183,44.470983],[-81.315367,44.488379],[-81.328633,44.504325],[-81.396729,44.540084]]}},{"type":"Feature","properties":{},"geometry":{"type":"LineString","coordinates":[[-79.867659,43.352789],[-79.833169,43.383233],[-79.832284,43.372118],[-79.821672,43.36487],[-79.805753,43.379367],[-79.788066,43.36632],[-79.756229,43.395314]]}},{"type":"Feature","properties":{},"geometry":{"type":"LineString","coordinates":[[-79.756229,43.395314],[-79.71997,43.368736]]}},{"type":"Feature","properties":{},"geometry":{"type":"LineString","coordinates":[[-79.793372,43.301084],[-79.797794,43.298184]]}},{"type":"Feature","properties":{},"geometry":{"type":"LineString","coordinates":[[-79.797794,43.298184],[-79.815482,43.312198],[-79.854394,43.296735],[-79.867659,43.286587],[-79.885346,43.288037],[-79.892421,43.293835]]}},{"type":"Feature","properties":{},"geometry":{"type":"LineString","coordinates":[[-79.892421,43.293835],[-79.912762,43.308332],[-79.884462,43.329111],[-79.875618,43.329111],[-79.861469,43.341675],[-79.867659,43.352789]]}},{"type":"Feature","properties":{},"geometry":{"type":"LineString","coordinates":[[-79.992355,43.562994],[-79.939293,43.524819],[-79.921605,43.540282],[-79.899496,43.523853],[-79.888884,43.526269],[-79.808407,43.466831]]}},{"type":"Feature","properties":{},"geometry":{"type":"LineString","coordinates":[[-79.808407,43.466831],[-79.795141,43.448952],[-79.81106,43.434938],[-79.756229,43.395314]]}},{"type":"Feature","properties":{},"geometry":{"type":"LineString","coordinates":[[-79.867659,43.352789],[-79.974667,43.428173],[-80.03392,43.471181]]}},{"type":"Feature","properties":{},"geometry":{"type":"LineString","coordinates":[[-80.03392,43.471181],[-80.160384,43.561061],[-80.14535,43.56686],[-80.128547,43.581357],[-80.134738,43.585223],[-80.085213,43.629197],[-79.992355,43.562994]]}},{"type":"Feature","properties":{},"geometry":{"type":"LineString","coordinates":[[-80.503519,43.347957],[-80.506172,43.353756],[-80.48141,43.358105]]}},{"type":"Feature","properties":{},"geometry":{"type":"LineString","coordinates":[[-80.48141,43.358105],[-80.414198,43.369702],[-80.399163,43.390964],[-80.358483,43.412227],[-80.302768,43.415126],[-80.283311,43.420925]]}},{"type":"Feature","properties":{},"geometry":{"type":"LineString","coordinates":[[-80.283311,43.420925],[-80.269162,43.387582],[-80.204603,43.39773]]}},{"type":"Feature","properties":{},"geometry":{"type":"LineString","coordinates":[[-80.204603,43.39773],[-80.1878,43.343125],[-80.248821,43.33346],[-80.238209,43.306399],[-80.471682,43.266774]]}},{"type":"Feature","properties":{},"geometry":{"type":"LineString","coordinates":[[-80.471682,43.266774],[-80.503519,43.347957]]}},{"type":"Feature","properties":{},"geometry":{"type":"LineString","coordinates":[[-75.931343,45.431643],[-75.949031,45.419079],[-76.025971,45.370756],[-76.101142,45.321467],[-76.045427,45.310836],[-76.012705,45.291506],[-75.993249,45.276043],[-75.973793,45.272177],[-75.970255,45.252365],[-75.964065,45.249949],[-75.895969,45.293439],[-75.864131,45.270728],[-75.834947,45.277493],[-75.8376,45.284258],[-75.832294,45.301171],[-75.802226,45.312769]]}},{"type":"Feature","properties":{},"geometry":{"type":"LineString","coordinates":[[-75.802226,45.312769],[-75.792498,45.299721],[-75.805763,45.286191],[-75.803995,45.280392],[-75.779232,45.247533],[-75.759776,45.242217],[-75.749164,45.226271],[-75.703177,45.244633],[-75.70583,45.268795],[-75.696986,45.286674],[-75.695217,45.307936],[-75.699639,45.328232],[-75.696102,45.334031]]}},{"type":"Feature","properties":{},"geometry":{"type":"LineString","coordinates":[[-75.696102,45.334031],[-75.676646,45.297788],[-75.647462,45.310352],[-75.635965,45.293923],[-75.620931,45.300205],[-75.604128,45.286674],[-75.58025,45.296822],[-75.589978,45.313735],[-75.567869,45.322433],[-75.597053,45.374139],[-75.584672,45.38477]]}},{"type":"Feature","properties":{},"geometry":{"type":"LineString","coordinates":[[-75.584672,45.38477],[-75.565216,45.374139],[-75.515691,45.365924],[-75.482969,45.362541],[-75.46086,45.352393],[-75.420179,45.347078],[-75.358274,45.336447],[-75.338818,45.335964],[-75.42637,45.312285],[-75.402492,45.265412],[-75.352968,45.182297]]}},{"type":"Feature","properties":{},"geometry":{"type":"LineString","coordinates":[[-75.352968,45.182297],[-75.435214,45.147504],[-75.496235,45.126725],[-75.595284,45.084201]]}},{"type":"Feature","properties":{},"geometry":{"type":"LineString","coordinates":[[-75.595284,45.084201],[-75.618278,45.10208],[-75.635081,45.09],[-75.639502,45.072603],[-75.647462,45.064389],[-75.689027,45.047476],[-75.70583,45.025247],[-75.725286,45.020415],[-75.757123,45.003985],[-75.770389,44.989488],[-75.810185,44.976924],[-75.819913,44.962427]]}},{"type":"Feature","properties":{},"geometry":{"type":"LineString","coordinates":[[-75.819913,44.962427],[-75.876513,45.007851],[-75.953452,45.072603],[-75.941071,45.080335],[-76.065767,45.183746],[-76.148013,45.250432],[-76.210803,45.303104],[-76.229375,45.313252],[-76.343458,45.400233],[-76.354071,45.410381]]}},{"type":"Feature","properties":{},"geometry":{"type":"LineString","coordinates":[[-82.4845,42.344289],[-82.480962,42.3699],[-82.480078,42.460747],[-82.473888,42.471378],[-82.455316,42.475728],[-82.450894,42.483942],[-82.434975,42.490224],[-82.441166,42.499889],[-82.437629,42.511487],[-82.428785,42.519218],[-82.416404,42.515352],[-82.403138,42.528883],[-82.419057,42.541447],[-82.419941,42.572373],[-82.434975,42.582038],[-82.465928,42.584454],[-82.478309,42.596535],[-82.475656,42.608616],[-82.482731,42.631327],[-82.245721,42.626495],[-82.244837,42.630844],[-82.023745,42.624562],[-82.020207,42.640509],[-82.008711,42.650657],[-81.835375,42.65114]]}},{"type":"Feature","properties":{},"geometry":{"type":"LineString","coordinates":[[-81.835375,42.65114],[-81.83449,42.608132]]}},{"type":"Feature","properties":{},"geometry":{"type":"LineString","coordinates":[[-81.83449,42.608132],[-81.710679,42.507137],[-81.624011,42.436103]]}},{"type":"Feature","properties":{},"geometry":{"type":"LineString","coordinates":[[-83.000086,41.830616],[-83.000086,41.855261],[-82.95852,41.855261],[-82.92403,41.850912],[-82.857703,41.837381],[-82.761307,41.812253],[-82.742735,41.808871],[-82.717088,41.81177],[-82.702938,41.824817],[-82.682598,41.830616],[-82.668448,41.826267],[-82.660489,41.834965],[-82.643686,42.061117],[-82.635727,42.171776],[-82.457969,42.165494],[-82.4562,42.194488],[-82.436744,42.193521],[-82.433207,42.24716],[-82.447357,42.267456],[-82.434091,42.273254],[-82.429669,42.296933],[-82.443819,42.307564],[-82.439397,42.317711],[-82.453547,42.318678],[-82.4845,42.344289]]}},{"type":"Feature","properties":{},"geometry":{"type":"LineString","coordinates":[[-79.464388,43.692016],[-79.450238,43.695882]]}},{"type":"Feature","properties":{},"geometry":{"type":"LineString","coordinates":[[-79.450238,43.695882],[-79.436088,43.690084],[-79.429013,43.670754]]}},{"type":"Feature","properties":{},"geometry":{"type":"LineString","coordinates":[[-79.429013,43.670754],[-79.419285,43.644177]]}},{"type":"Feature","properties":{},"geometry":{"type":"LineString","coordinates":[[-79.419285,43.644177],[-79.421054,43.640794]]}},{"type":"Feature","properties":{},"geometry":{"type":"LineString","coordinates":[[-79.421054,43.640794],[-79.444048,43.651425],[-79.46881,43.67607]]}},{"type":"Feature","properties":{},"geometry":{"type":"LineString","coordinates":[[-79.46881,43.67607],[-79.486497,43.687667],[-79.464388,43.692016]]}},{"type":"Feature","properties":{},"geometry":{"type":"LineString","coordinates":[[-79.396292,43.803159],[-79.352073,43.813307]]}},{"type":"Feature","properties":{},"geometry":{"type":"LineString","coordinates":[[-79.352073,43.813307],[-79.346767,43.808475],[-79.337039,43.767884]]}},{"type":"Feature","properties":{},"geometry":{"type":"LineString","coordinates":[[-79.337039,43.767884],[-79.344114,43.756286]]}},{"type":"Feature","properties":{},"geometry":{"type":"LineString","coordinates":[[-79.344114,43.756286],[-79.406904,43.743239]]}},{"type":"Feature","properties":{},"geometry":{"type":"LineString","coordinates":[[-79.406904,43.743239],[-79.408673,43.753387]]}},{"type":"Feature","properties":{},"geometry":{"type":"LineString","coordinates":[[-79.408673,43.753387],[-79.387448,43.763534],[-79.396292,43.803159]]}},{"type":"Feature","properties":{},"geometry":{"type":"LineString","coordinates":[[-79.344114,43.756286],[-79.340577,43.744689],[-79.329964,43.73889],[-79.320236,43.715695]]}},{"type":"Feature","properties":{},"geometry":{"type":"LineString","coordinates":[[-79.332617,43.703614],[-79.354726,43.698298],[-79.361801,43.688634]]}},{"type":"Feature","properties":{},"geometry":{"type":"LineString","coordinates":[[-79.361801,43.688634],[-79.370645,43.690567]]}},{"type":"Feature","properties":{},"geometry":{"type":"LineString","coordinates":[[-79.370645,43.690567],[-79.376836,43.710862],[-79.398945,43.709413]]}},{"type":"Feature","properties":{},"geometry":{"type":"LineString","coordinates":[[-79.398945,43.709413],[-79.406904,43.743239]]}},{"type":"Feature","properties":{},"geometry":{"type":"LineString","coordinates":[[-80.229365,44.253529],[-80.03392,44.295087],[-79.992355,44.123541],[-79.994124,44.123057],[-79.95079,43.951511],[-79.833169,43.977122]]}},{"type":"Feature","properties":{},"geometry":{"type":"LineString","coordinates":[[-79.833169,43.977122],[-79.775685,43.989686]]}},{"type":"Feature","properties":{},"geometry":{"type":"LineString","coordinates":[[-79.775685,43.989686],[-79.695208,43.847616]]}},{"type":"Feature","properties":{},"geometry":{"type":"LineString","coordinates":[[-79.937524,43.710862],[-80.140044,43.86163],[-80.251474,43.761602],[-80.387667,43.857764]]}},{"type":"Feature","properties":{},"geometry":{"type":"LineString","coordinates":[[-80.387667,43.857764],[-80.398279,43.855831],[-80.421273,43.957793],[-80.438076,44.025928]]}},{"type":"Feature","properties":{},"geometry":{"type":"LineString","coordinates":[[-79.472347,43.724876],[-79.439626,43.732608],[-79.411326,43.751454]]}},{"type":"Feature","properties":{},"geometry":{"type":"LineString","coordinates":[[-79.411326,43.751454],[-79.408673,43.753387]]}},{"type":"Feature","properties":{},"geometry":{"type":"LineString","coordinates":[[-79.398945,43.709413],[-79.39806,43.706513],[-79.450238,43.695882]]}},{"type":"Feature","properties":{},"geometry":{"type":"LineString","coordinates":[[-79.464388,43.692016],[-79.472347,43.724876]]}},{"type":"Feature","properties":{},"geometry":{"type":"LineString","coordinates":[[-81.83449,42.608132],[-81.804422,42.611032],[-81.799116,42.62118],[-81.777007,42.633744],[-81.774354,42.647274],[-81.763741,42.644858],[-81.738095,42.660804],[-81.718638,42.650173],[-81.713332,42.639542],[-81.700067,42.645341],[-81.711564,42.65259],[-81.71687,42.666603],[-81.705373,42.673852],[-81.684148,42.671919],[-81.678842,42.678684],[-81.685917,42.696563],[-81.670883,42.702362],[-81.653195,42.697047],[-81.644352,42.684966],[-81.626664,42.684],[-81.616052,42.695114],[-81.614283,42.710094],[-81.601018,42.710577],[-81.603671,42.725557],[-81.588637,42.72604],[-81.573602,42.733289],[-81.571834,42.742954],[-81.560337,42.746819],[-81.551493,42.736672],[-81.535575,42.741504],[-81.529384,42.749236],[-81.532921,42.76035],[-81.518772,42.766149],[-81.498431,42.755517],[-81.472785,42.755034],[-81.485166,42.773397],[-81.481628,42.784028],[-81.471016,42.784995],[-81.45775,42.773397],[-81.428566,42.772431],[-81.436526,42.78886],[-81.424144,42.793209],[-81.306524,42.82317],[-81.287952,42.837667],[-81.285299,42.845881],[-81.301217,42.88164],[-81.331286,42.876325],[-81.336592,42.878741],[-81.349858,42.908701],[-81.362239,42.924165],[-81.371967,42.922232],[-81.378157,42.934312]]}},{"type":"Feature","properties":{},"geometry":{"type":"LineString","coordinates":[[-81.378157,42.934312],[-81.364007,42.942527],[-81.348973,42.934312],[-81.257883,42.940594]]}},{"type":"Feature","properties":{},"geometry":{"type":"LineString","coordinates":[[-81.257883,42.940594],[-81.248155,42.923198],[-81.210128,42.926581],[-81.189787,42.934312],[-81.166794,42.939145],[-81.113732,42.94446]]}},{"type":"Feature","properties":{},"geometry":{"type":"LineString","coordinates":[[-81.113732,42.94446],[-81.1155,42.922715],[-81.126997,42.921748],[-81.119922,42.890822],[-81.081894,42.891305],[-81.08101,42.885023],[-80.898831,42.912567]]}},{"type":"Feature","properties":{},"geometry":{"type":"LineString","coordinates":[[-80.898831,42.912567],[-80.876721,42.829452],[-80.761754,42.846365],[-80.744951,42.824136]]}},{"type":"Feature","properties":{},"geometry":{"type":"LineString","coordinates":[[-80.744951,42.824136],[-80.717535,42.788377],[-80.71842,42.699463],[-80.723726,42.507621]]}},{"type":"Feature","properties":{},"geometry":{"type":"LineString","coordinates":[[-83.115053,42.255858],[-83.077026,42.246193],[-83.070835,42.255375],[-83.03546,42.252959],[-83.031039,42.24861],[-82.996548,42.235562]]}},{"type":"Feature","properties":{},"geometry":{"type":"LineString","coordinates":[[-82.996548,42.235562],[-83.00097,42.183857],[-82.877159,42.179991],[-82.873621,42.240878],[-82.794028,42.238462],[-82.788722,42.255375],[-82.790491,42.279536],[-82.777225,42.304181],[-82.77811,42.397928]]}},{"type":"Feature","properties":{},"geometry":{"type":"LineString","coordinates":[[-82.77811,42.397928],[-82.702054,42.397444],[-82.550827,42.397444],[-82.4845,42.344289]]}},{"type":"Feature","properties":{},"geometry":{"type":"LineString","coordinates":[[-79.590852,43.668821],[-79.578471,43.67607],[-79.569628,43.691533],[-79.554593,43.685734],[-79.532484,43.696366]]}},{"type":"Feature","properties":{},"geometry":{"type":"LineString","coordinates":[[-79.532484,43.696366],[-79.526294,43.682352],[-79.510375,43.684285],[-79.512144,43.662056]]}},{"type":"Feature","properties":{},"geometry":{"type":"LineString","coordinates":[[-79.512144,43.662056],[-79.505953,43.662539]]}},{"type":"Feature","properties":{},"geometry":{"type":"LineString","coordinates":[[-79.505953,43.662539],[-79.521872,43.655774],[-79.522756,43.648043],[-79.54575,43.629197],[-79.567859,43.613733]]}},{"type":"Feature","properties":{},"geometry":{"type":"LineString","coordinates":[[-79.567859,43.613733],[-79.564321,43.624364],[-79.585546,43.628713],[-79.588199,43.641761],[-79.60854,43.646593]]}},{"type":"Feature","properties":{},"geometry":{"type":"LineString","coordinates":[[-79.60854,43.646593],[-79.589084,43.664472],[-79.590852,43.668821]]}},{"type":"Feature","properties":{},"geometry":{"type":"LineString","coordinates":[[-79.505953,43.662539],[-79.501531,43.652392],[-79.483844,43.637895],[-79.469694,43.631613]]}},{"type":"Feature","properties":{},"geometry":{"type":"LineString","coordinates":[[-79.522756,43.560578],[-79.543981,43.581357],[-79.556362,43.602136],[-79.566974,43.609384]]}},{"type":"Feature","properties":{},"geometry":{"type":"LineString","coordinates":[[-79.566974,43.609384],[-79.567859,43.613733]]}},{"type":"Feature","properties":{},"geometry":{"type":"LineString","coordinates":[[-79.639493,43.750004],[-79.58024,43.763051]]}},{"type":"Feature","properties":{},"geometry":{"type":"LineString","coordinates":[[-79.58024,43.763051],[-79.585546,43.756286],[-79.573165,43.747105],[-79.546634,43.739856],[-79.540443,43.729708],[-79.53779,43.712795]]}},{"type":"Feature","properties":{},"geometry":{"type":"LineString","coordinates":[[-79.53779,43.712795],[-79.532484,43.696366]]}},{"type":"Feature","properties":{},"geometry":{"type":"LineString","coordinates":[[-79.590852,43.668821],[-79.630649,43.736474]]}},{"type":"Feature","properties":{},"geometry":{"type":"LineString","coordinates":[[-79.892421,43.293835],[-79.896843,43.288037]]}},{"type":"Feature","properties":{},"geometry":{"type":"LineString","coordinates":[[-79.896843,43.288037],[-79.931334,43.28562],[-79.954327,43.274989],[-79.973783,43.273056],[-80.040111,43.247928],[-80.056914,43.245029],[-80.056029,43.230049],[-80.048954,43.221834],[-80.038342,43.183176],[-79.963171,43.19574],[-79.931334,43.204921],[-79.915415,43.201538]]}},{"type":"Feature","properties":{},"geometry":{"type":"LineString","coordinates":[[-79.915415,43.201538],[-79.827863,43.18076]]}},{"type":"Feature","properties":{},"geometry":{"type":"LineString","coordinates":[[-79.827863,43.18076],[-79.783644,43.168196],[-79.776569,43.172061],[-79.764188,43.201538],[-79.766841,43.210237],[-79.738542,43.211203],[-79.71997,43.206854],[-79.660717,43.200572],[-79.635955,43.195256]]}},{"type":"Feature","properties":{},"geometry":{"type":"LineString","coordinates":[[-79.635955,43.195256],[-79.658949,43.144034],[-79.709358,43.155632],[-79.75446,43.050771]]}},{"type":"Feature","properties":{},"geometry":{"type":"LineString","coordinates":[[-79.75446,43.050771],[-79.900381,43.101993],[-79.984396,43.131953]]}},{"type":"Feature","properties":{},"geometry":{"type":"LineString","coordinates":[[-80.436307,43.17931],[-80.471682,43.266774]]}},{"type":"Feature","properties":{},"geometry":{"type":"LineString","coordinates":[[-80.204603,43.39773],[-80.078138,43.418025],[-80.083445,43.435422],[-80.03392,43.471181]]}},{"type":"Feature","properties":{},"geometry":{"type":"LineString","coordinates":[[-80.326645,43.534484],[-80.31957,43.542699],[-80.276237,43.570726],[-80.275352,43.585706],[-80.267393,43.594404],[-80.243515,43.577008],[-80.224943,43.584256],[-80.195759,43.562994],[-80.186031,43.55043],[-80.202834,43.5369],[-80.185147,43.524336],[-80.209909,43.507423],[-80.231134,43.503557],[-80.261202,43.525302],[-80.278005,43.510805],[-80.297461,43.523369],[-80.307189,43.519504],[-80.326645,43.534484]]}},{"type":"Feature","properties":{},"geometry":{"type":"LineString","coordinates":[[-80.744951,42.824136],[-80.727263,42.845881],[-80.714882,42.830418],[-80.700732,42.848298],[-80.705154,42.85458],[-80.505287,42.884057],[-80.543315,42.985052]]}},{"type":"Feature","properties":{},"geometry":{"type":"LineString","coordinates":[[-79.75446,43.050771],[-79.617383,43.001965],[-79.511259,42.964756],[-79.458197,42.899037],[-79.331733,42.752135]]}},{"type":"Feature","properties":{},"geometry":{"type":"LineString","coordinates":[[-78.859481,45.41473],[-78.546415,45.498329],[-78.314711,45.560665]]}},{"type":"Feature","properties":{},"geometry":{"type":"LineString","coordinates":[[-78.178519,45.309869],[-78.110423,45.185196],[-78.059129,45.090483],[-78.009605,45.001086],[-77.999877,44.977407],[-77.957427,44.905406],[-77.884909,44.770102],[-77.887562,44.769135]]}},{"type":"Feature","properties":{},"geometry":{"type":"LineString","coordinates":[[-77.887562,44.769135],[-77.960965,44.751739],[-77.992802,44.735792],[-78.015795,44.728544],[-78.055592,44.723712],[-78.068857,44.725645],[-78.014027,44.612569],[-78.004299,44.581642],[-78.026408,44.583092],[-78.076817,44.570045],[-78.089198,44.571494],[-78.127226,44.554581],[-78.153757,44.548783],[-78.175866,44.556031],[-78.198859,44.557481],[-78.236003,44.556031],[-78.249268,44.54685],[-78.268724,44.548299],[-78.279337,44.555548],[-78.309405,44.55893],[-78.345664,44.556514],[-78.352739,44.532836],[-78.364236,44.528004],[-78.378386,44.490312],[-78.406685,44.479681],[-78.422604,44.468566],[-78.445598,44.469533],[-78.461516,44.477265],[-78.488047,44.4676],[-78.492469,44.445371],[-78.489816,44.430875],[-78.471244,44.387867],[-78.425257,44.290255],[-78.383692,44.300886],[-78.375733,44.28204],[-78.378386,44.26561],[-78.349202,44.261261],[-78.335936,44.251113],[-78.354508,44.211972],[-78.387229,44.20424],[-78.371311,44.168964],[-78.347433,44.119675]]}},{"type":"Feature","properties":{},"geometry":{"type":"LineString","coordinates":[[-78.347433,44.119675],[-78.446482,44.095513],[-78.499544,44.084882],[-78.508388,44.0815],[-78.516347,44.098896],[-78.688798,44.059271]]}},{"type":"Feature","properties":{},"geometry":{"type":"LineString","coordinates":[[-78.702948,44.080533],[-78.77016,44.227435],[-78.792269,44.20424],[-78.841794,44.168964],[-78.851522,44.211488],[-78.860366,44.21777],[-78.882475,44.216804],[-78.902815,44.203273],[-78.917849,44.178145],[-78.922271,44.153501],[-78.95853,44.236133],[-78.993021,44.317316],[-79.027511,44.393183],[-79.081457,44.515923]]}},{"type":"Feature","properties":{},"geometry":{"type":"LineString","coordinates":[[-79.081457,44.515923],[-79.146016,44.660409],[-79.15486,44.680704],[-79.207922,44.794746]]}},{"type":"Feature","properties":{},"geometry":{"type":"LineString","coordinates":[[-79.207922,44.794746],[-79.208806,44.800062],[-79.158397,44.815042],[-79.062886,44.84017],[-79.119485,44.949863],[-79.100029,44.954695],[-79.093838,44.942615],[-78.934652,44.985622],[-79.00098,45.105463],[-78.843563,45.145088],[-78.845331,45.157652],[-78.855944,45.174565],[-78.86744,45.181813],[-78.874515,45.206941],[-78.886012,45.230136],[-78.89574,45.240767],[-78.907237,45.272661],[-78.935537,45.314218],[-78.935537,45.327265],[-78.949687,45.351427],[-78.956762,45.370756],[-78.967374,45.372206],[-78.971796,45.384287],[-78.859481,45.41473]]}},{"type":"Feature","properties":{},"geometry":{"type":"LineString","coordinates":[[-79.797794,43.298184],[-79.792488,43.280305],[-79.780991,43.268707],[-79.783644,43.25711],[-79.804869,43.20927],[-79.819019,43.200089]]}},{"type":"Feature","properties":{},"geometry":{"type":"LineString","coordinates":[[-79.819019,43.200089],[-79.814597,43.210237],[-79.815482,43.228599],[-79.852625,43.243579],[-79.879156,43.245029]]}},{"type":"Feature","properties":{},"geometry":{"type":"LineString","coordinates":[[-79.879156,43.245029],[-79.918952,43.245996],[-79.915415,43.252278],[-79.893306,43.261942],[-79.892421,43.279822],[-79.896843,43.288037]]}},{"type":"Feature","properties":{},"geometry":{"type":"LineString","coordinates":[[-79.62269,43.2257],[-79.635955,43.195256]]}},{"type":"Feature","properties":{},"geometry":{"type":"LineString","coordinates":[[-79.827863,43.18076],[-79.819019,43.200089]]}},{"type":"Feature","properties":{},"geometry":{"type":"LineString","coordinates":[[-79.915415,43.201538],[-79.904803,43.223767],[-79.890653,43.219901],[-79.879156,43.245029]]}},{"type":"Feature","properties":{},"geometry":{"type":"LineString","coordinates":[[-77.137619,45.099181],[-77.119932,45.067288],[-77.098707,45.022348],[-77.08721,45.003502],[-77.065986,44.962427],[-77.221634,44.91942],[-77.195988,44.851284],[-77.167688,44.763337],[-77.118163,44.776867],[-77.03238,44.612086],[-76.924487,44.638663],[-76.843125,44.526554],[-76.825438,44.507225],[-76.775913,44.437157],[-76.713123,44.351625]]}},{"type":"Feature","properties":{},"geometry":{"type":"LineString","coordinates":[[-76.713123,44.351625],[-76.701627,44.333262],[-76.644143,44.250147],[-76.629993,44.225502],[-76.524753,44.055405]]}},{"type":"Feature","properties":{},"geometry":{"type":"LineString","coordinates":[[-77.63994,44.248697],[-77.64613,44.272375],[-77.685042,44.354041],[-77.727492,44.436673]]}},{"type":"Feature","properties":{},"geometry":{"type":"LineString","coordinates":[[-77.727492,44.436673],[-77.759329,44.494178],[-77.797357,44.572461],[-77.829194,44.630448],[-77.860147,44.703416],[-77.881372,44.757538],[-77.887562,44.769135]]}},{"type":"Feature","properties":{},"geometry":{"type":"LineString","coordinates":[[-79.58024,43.763051],[-79.535137,43.772716]]}},{"type":"Feature","properties":{},"geometry":{"type":"LineString","coordinates":[[-79.535137,43.772716],[-79.494456,43.781414]]}},{"type":"Feature","properties":{},"geometry":{"type":"LineString","coordinates":[[-79.494456,43.781414],[-79.488266,43.751937],[-79.49711,43.742272],[-79.513028,43.739373],[-79.507722,43.717628]]}},{"type":"Feature","properties":{},"geometry":{"type":"LineString","coordinates":[[-79.507722,43.717628],[-79.53779,43.712795]]}},{"type":"Feature","properties":{},"geometry":{"type":"LineString","coordinates":[[-80.989036,43.986787],[-80.990805,43.983404],[-80.958083,43.840368],[-80.954546,43.822005],[-81.085432,43.806542],[-81.097813,43.790595],[-81.031486,43.763534],[-81.147338,43.614217],[-81.182712,43.628713],[-81.284414,43.505973],[-81.349858,43.534484],[-81.442716,43.424307],[-81.337476,43.377917],[-81.301217,43.381783],[-81.296796,43.361004],[-81.287068,43.356172],[-81.364007,43.263875]]}},{"type":"Feature","properties":{},"geometry":{"type":"LineString","coordinates":[[-81.364007,43.263875],[-81.431219,43.292869],[-81.469247,43.289003],[-81.464825,43.27064],[-81.640814,43.251794],[-81.769932,43.236814],[-81.773469,43.237781]]}},{"type":"Feature","properties":{},"geometry":{"type":"LineString","coordinates":[[-81.773469,43.237781],[-81.777007,43.248895],[-81.769047,43.256627],[-81.762857,43.274023],[-81.762857,43.293352],[-81.753129,43.307366],[-81.763741,43.319446]]}},{"type":"Feature","properties":{},"geometry":{"type":"LineString","coordinates":[[-75.867669,45.387669],[-75.872975,45.359642],[-75.868553,45.350461],[-75.847329,45.35191],[-75.841138,45.33838],[-75.816376,45.340313],[-75.809301,45.331615]]}},{"type":"Feature","properties":{},"geometry":{"type":"LineString","coordinates":[[-75.809301,45.331615],[-75.802226,45.312769]]}},{"type":"Feature","properties":{},"geometry":{"type":"LineString","coordinates":[[-79.51745,47.927041],[-79.632418,47.926558],[-79.761535,47.928007],[-79.888884,47.938638],[-80.017117,47.940571],[-80.406238,47.941538],[-80.40447,47.753078],[-80.401817,47.667547],[-80.398279,47.320588]]}},{"type":"Feature","properties":{},"geometry":{"type":"LineString","coordinates":[[-80.398279,47.320588],[-80.470797,47.321071],[-80.714882,47.322037],[-80.897946,47.322037],[-81.073051,47.321554],[-81.073935,47.490201],[-81.073051,47.683493],[-81.073935,47.841992],[-81.073051,47.988894],[-81.073935,48.10342],[-81.231352,48.102453],[-81.244618,48.10052],[-81.288836,48.102936],[-81.455982,48.102936],[-81.618705,48.10342],[-81.778775,48.10342],[-81.8566,48.103903],[-82.102454,48.102453],[-82.373954,48.10052],[-82.600352,48.097621],[-82.601236,47.951202],[-82.599468,47.845858],[-82.600352,47.750662],[-82.599468,47.593612],[-82.601236,47.495517],[-82.603005,47.235539]]}},{"type":"Feature","properties":{},"geometry":{"type":"LineString","coordinates":[[-82.603005,47.235539],[-82.761307,47.235539],[-83.033692,47.236022],[-83.275124,47.235539],[-83.431657,47.236022],[-83.575808,47.235539],[-83.83935,47.235056],[-83.974658,47.236022],[-83.973773,47.495517],[-83.973773,47.652566],[-83.973773,47.780139],[-83.973773,47.841992],[-83.972889,47.880651],[-83.973773,47.934289],[-84.016223,47.934289],[-84.014454,47.992277],[-84.015339,48.144011],[-84.015339,48.191851],[-84.014454,48.30541],[-84.010032,48.308792]]}},{"type":"Feature","properties":{},"geometry":{"type":"LineString","coordinates":[[-84.010032,48.308792],[-84.009148,48.309275]]}},{"type":"Feature","properties":{},"geometry":{"type":"LineString","coordinates":[[-84.009148,48.309275],[-84.008264,48.309275]]}},{"type":"Feature","properties":{},"geometry":{"type":"LineString","coordinates":[[-84.008264,48.309275],[-84.009148,48.309275]]}},{"type":"Feature","properties":{},"geometry":{"type":"LineString","coordinates":[[-84.009148,48.309275],[-84.007379,48.301061],[-83.964045,48.28898],[-83.914521,48.302993],[-83.918943,48.311692],[-83.939283,48.33247],[-83.949011,48.334403],[-84.014454,48.336336],[-84.014454,48.537843],[-84.014454,48.748531],[-84.014454,49.057315],[-84.012685,49.098389],[-84.014454,49.123517],[-84.014454,49.357884],[-84.014454,49.449214],[-84.238199,49.448248],[-84.398269,49.449214],[-84.484053,49.45163],[-84.482284,49.487389],[-84.482284,49.547793],[-84.485822,49.709192],[-84.528271,49.708225],[-84.685688,49.708708]]}},{"type":"Feature","properties":{},"geometry":{"type":"LineString","coordinates":[[-84.685688,49.708708],[-84.687457,49.970619],[-84.689226,50.225764],[-84.662695,50.246543],[-84.601674,50.264422],[-84.583102,50.273121],[-84.543305,50.282302],[-84.527387,50.296799],[-84.513237,50.303564],[-84.489359,50.341739],[-84.463712,50.350437],[-84.441603,50.362035],[-84.398269,50.366867],[-84.386773,50.371216],[-84.377044,50.362518],[-84.364663,50.375082],[-84.366432,50.387163],[-84.345207,50.393928],[-84.357588,50.406009],[-84.382351,50.412291],[-84.384119,50.422922],[-84.397385,50.43162],[-84.420378,50.456748],[-84.454869,50.463996],[-84.4814,50.497822],[-84.498203,50.504588],[-84.50174,50.512319],[-84.492012,50.526816],[-84.492897,50.550011],[-84.497318,50.563542],[-84.492012,50.591086],[-84.479631,50.604616],[-84.471672,50.621046],[-84.46725,50.646657],[-84.456637,50.658255],[-84.436297,50.698363],[-84.435413,50.717692],[-84.425685,50.738954],[-84.426569,50.751035],[-84.444256,50.785827],[-84.463712,50.801774],[-84.489359,50.800807],[-84.496434,50.817237],[-84.518543,50.820136],[-84.534462,50.831251],[-84.563646,50.839466],[-84.579564,50.856379],[-84.587524,50.882956],[-84.567183,50.904218],[-84.57249,50.916782],[-84.595483,50.924031],[-84.598136,50.934179],[-84.586639,50.944327],[-84.593714,50.969938],[-84.60698,50.983951],[-84.609633,50.999415],[-84.589292,51.018744],[-84.585755,51.043872],[-84.573374,51.049187],[-84.567183,51.075282],[-84.546843,51.078181],[-84.518543,51.076731],[-84.499971,51.081564],[-84.479631,51.108625],[-84.499971,51.108141],[-84.508815,51.116356],[-84.537999,51.116839],[-84.553033,51.112974],[-84.567183,51.120705],[-84.590177,51.121189],[-84.595483,51.136652],[-84.62732,51.152598],[-84.679498,51.162746],[-84.710451,51.181592],[-84.756438,51.191257],[-84.785622,51.190774],[-84.797119,51.196572],[-84.813037,51.214935],[-84.843106,51.228466],[-84.855487,51.244412],[-84.899705,51.273889],[-84.978414,51.280654],[-84.99787,51.289352],[-85.036782,51.313997],[-85.042088,51.328011],[-85.035898,51.34734],[-85.039435,51.361837],[-85.061544,51.382133],[-85.050047,51.395663],[-85.09515,51.415959],[-85.135831,51.421757],[-85.152634,51.429972],[-85.167668,51.443503],[-85.18624,51.477812],[-85.223383,51.506806],[-85.241071,51.514054],[-85.276445,51.517437],[-85.31182,51.525652],[-85.336582,51.56286],[-85.362229,51.567693],[-85.377263,51.58074],[-85.408216,51.592821],[-85.420597,51.616499],[-85.441822,51.632929],[-85.449781,51.645493],[-85.460394,51.650808],[-85.50019,51.659506],[-85.562096,51.654674],[-85.594817,51.653708],[-85.633729,51.648392],[-85.681485,51.647426],[-85.712438,51.634862],[-85.782303,51.632445],[-85.799106,51.638244],[-85.850399,51.629063],[-85.847746,51.705896],[-85.987476,51.708313],[-85.995435,51.677869],[-86.005163,51.6885],[-86.023735,51.697681],[-86.029926,51.70638],[-86.059994,51.71846],[-86.08741,51.720876],[-86.105981,51.727642],[-86.120131,51.742139],[-86.139587,51.745521],[-86.145778,51.754219],[-86.195302,51.750353],[-86.220949,51.761951],[-86.243058,51.761951],[-86.252786,51.773549],[-86.300542,51.767267],[-86.304964,51.760985],[-86.335917,51.746971],[-86.354488,51.746004],[-86.383672,51.728125],[-86.398707,51.712178],[-86.402244,51.692366],[-86.386325,51.669171],[-86.389863,51.64066],[-86.386325,51.621814],[-86.404897,51.611183],[-86.409319,51.59717],[-86.427006,51.57929],[-86.462381,51.561894],[-86.483606,51.539182],[-86.514559,51.53435],[-86.548165,51.51937],[-86.550818,51.74987],[-86.553471,52.000183],[-86.555239,52.145635],[-86.557893,52.337477],[-86.559661,52.495977],[-86.556124,52.750156],[-86.552586,52.999985]]}},{"type":"Feature","properties":{},"geometry":{"type":"LineString","coordinates":[[-86.552586,52.999985],[-86.552586,53.179263],[-86.552586,53.348394],[-86.552586,53.500128],[-86.552586,53.749958],[-86.552586,54.001237],[-86.823203,54.001237],[-87.080553,54.000271],[-87.083206,54.026365],[-87.093819,54.03603],[-87.111506,54.061641],[-87.122118,54.066473],[-87.146881,54.113346],[-87.174296,54.170851],[-87.176065,54.188247],[-87.165452,54.203227],[-87.187562,54.237053],[-87.182255,54.245751],[-87.192868,54.264114],[-87.244161,54.235603],[-87.299876,54.222556],[-87.342326,54.261698],[-87.18314,54.319202],[-87.144228,54.341431],[-87.139806,54.380572],[-87.146881,54.397485],[-87.179602,54.424063],[-87.18314,54.435177],[-87.21763,54.477701],[-87.226474,54.502346],[-87.224705,54.53279],[-87.236202,54.54632],[-87.233549,54.557434],[-87.25212,54.572898],[-87.253005,54.595609],[-87.269808,54.605757],[-87.260964,54.615905],[-87.275114,54.625086],[-87.292801,54.664228],[-87.300761,54.689839],[-87.298992,54.704336],[-87.30872,54.717383],[-87.297223,54.732363],[-87.27423,54.731397],[-87.215861,54.736713],[-87.171643,54.734296],[-87.137153,54.742511],[-87.107084,54.738645],[-87.093819,54.740578],[-87.064635,54.735746],[-87.038104,54.739612],[-86.973545,54.736713],[-86.932864,54.743478],[-86.910755,54.743961],[-86.893068,54.750726],[-86.874496,54.750243],[-86.805515,54.760391],[-86.771909,54.771505],[-86.737419,54.770055],[-86.68082,54.777787],[-86.673745,54.782136],[-86.637486,54.773921],[-86.613608,54.759424],[-86.587961,54.748793],[-86.56143,54.748793],[-86.549933,54.743961],[-86.549049,54.999106],[-86.548165,55.206895],[-86.54728,55.399704],[-86.546396,55.52631],[-86.545511,55.750045],[-86.545511,55.8061]]}},{"type":"Feature","properties":{},"geometry":{"type":"LineString","coordinates":[[-86.545511,55.8061],[-86.466803,55.788703],[-86.374829,55.764059],[-86.339454,55.745213],[-86.307617,55.7254],[-86.269589,55.70897],[-86.215643,55.698823],[-86.144893,55.689158],[-86.134281,55.690125],[-86.105097,55.681426],[-86.061763,55.676111],[-86.043191,55.669346],[-86.006048,55.671279],[-85.967136,55.661131],[-85.931761,55.660164],[-85.895502,55.654849],[-85.886658,55.638902],[-85.87074,55.63407],[-85.846862,55.619573],[-85.821215,55.618123],[-85.792915,55.601694],[-85.773459,55.593479],[-85.740738,55.590579],[-85.729241,55.593479],[-85.677063,55.568834],[-85.671757,55.561102],[-85.643457,55.558203],[-85.623117,55.537424],[-85.601892,55.529209],[-85.576246,55.506014],[-85.555905,55.496833],[-85.538218,55.482819],[-85.506381,55.464456],[-85.499306,55.451892],[-85.476312,55.442711],[-85.462162,55.431597],[-85.445359,55.427731],[-85.433863,55.417583],[-85.381685,55.399704],[-85.352501,55.384723],[-85.33216,55.379408],[-85.31182,55.379891],[-85.282636,55.369743],[-85.243724,55.374576],[-85.229574,55.372643],[-85.222499,55.352347],[-85.20039,55.343166],[-85.180049,55.347998],[-85.161478,55.345099],[-85.147328,55.334468],[-85.132294,55.332051],[-85.125219,55.318521],[-85.111953,55.310789],[-85.110184,55.291943],[-85.133178,55.272614],[-85.128756,55.263916],[-85.096035,55.260533],[-85.049163,55.273097],[-85.011135,55.272614],[-84.972223,55.279863],[-84.946577,55.268748],[-84.924467,55.263916],[-84.902358,55.269232],[-84.882902,55.2586],[-84.856371,55.252318],[-84.826303,55.250386],[-84.800656,55.243137],[-84.794466,55.235405],[-84.756438,55.238788],[-84.726369,55.237338],[-84.711335,55.232989],[-84.682151,55.235889],[-84.645892,55.233956],[-84.595483,55.237338],[-84.562761,55.236372],[-84.53623,55.23009],[-84.512353,55.232023],[-84.453984,55.247969],[-84.441603,55.254251],[-84.389426,55.263433],[-84.351398,55.259567],[-84.306295,55.27503],[-84.272689,55.265849],[-84.220512,55.267299],[-84.174525,55.274547],[-84.144456,55.26295],[-84.10466,55.252802],[-84.079013,55.250386],[-83.99942,55.273581],[-83.976426,55.287111],[-83.938399,55.293393],[-83.883568,55.293876],[-83.877377,55.288561],[-83.836696,55.278413],[-83.819009,55.277446],[-83.78275,55.260533],[-83.746491,55.252318],[-83.698735,55.2586],[-83.694313,55.267782],[-83.672204,55.269232],[-83.646558,55.263916],[-83.621795,55.250869],[-83.557237,55.247003],[-83.48295,55.219459],[-83.4405,55.212694],[-83.417507,55.222358],[-83.380363,55.21366],[-83.366213,55.203512],[-83.337914,55.19868],[-83.292811,55.208828],[-83.269817,55.204479],[-83.220293,55.211727],[-83.198184,55.199646],[-83.153965,55.195297],[-83.124781,55.204479],[-83.115053,55.201579],[-83.083216,55.209311],[-83.066413,55.207378],[-83.017773,55.220909],[-83.00097,55.220425],[-82.973555,55.226224],[-82.944371,55.219459],[-82.921377,55.210278],[-82.908996,55.19723],[-82.893962,55.171619],[-82.880696,55.157605],[-82.880696,55.145525],[-82.852396,55.143109],[-82.813484,55.130061],[-82.77811,55.129095],[-82.751579,55.131511],[-82.717973,55.143592],[-82.71532,55.161471],[-82.656951,55.174519],[-82.659605,55.160505],[-82.63838,55.145525],[-82.588855,55.149391],[-82.553481,55.131994],[-82.529603,55.13441],[-82.53314,55.147941],[-82.510147,55.149874],[-82.488922,55.13876],[-82.483616,55.128612],[-82.455316,55.133444],[-82.440282,55.113148],[-82.415519,55.108799],[-82.40756,55.092369],[-82.412866,55.079806],[-82.374838,55.069174],[-82.362457,55.072074],[-82.308511,55.053711],[-82.312048,55.071591],[-82.32443,55.078356],[-82.334158,55.101551],[-82.308511,55.104933],[-82.308511,55.116531],[-82.334158,55.13731],[-82.33062,55.149874],[-82.303205,55.126679],[-82.30232,55.118464],[-82.252796,55.109766],[-82.252796,55.092853],[-82.245721,55.061926],[-82.271368,55.049845],[-82.276674,55.023751],[-82.264293,55.006355],[-82.259871,54.986542],[-82.255449,54.942085],[-82.228918,54.915991],[-82.255449,54.915507],[-82.263408,54.905843],[-82.251912,54.875883],[-82.235109,54.862835],[-82.212999,54.874433],[-82.197081,54.842057],[-82.195312,54.804365],[-82.214768,54.758458],[-82.228918,54.750243],[-82.256333,54.715934],[-82.266946,54.68549],[-82.288171,54.654563],[-82.284633,54.627019],[-82.29613,54.60914],[-82.304089,54.583045],[-82.306742,54.562267],[-82.31647,54.523608],[-82.323545,54.505729],[-82.343001,54.499447],[-82.35892,54.454506],[-82.383682,54.424546],[-82.390757,54.397969],[-82.397832,54.393136],[-82.408444,54.363659],[-82.424363,54.346263],[-82.422594,54.316786],[-82.4279,54.308571],[-82.432322,54.277161],[-82.429669,54.248651],[-82.419941,54.231254],[-82.430554,54.199361],[-82.40756,54.192596],[-82.389873,54.176166],[-82.36511,54.144273],[-82.346539,54.12736],[-82.306742,54.104648],[-82.277558,54.083869],[-82.255449,54.063574],[-82.223612,54.024915],[-82.204156,53.995922],[-82.185584,53.979975],[-82.195312,53.967894],[-82.187353,53.95823],[-82.1847,53.9389],[-82.165244,53.901209],[-82.145788,53.876081],[-82.124563,53.827274],[-82.120141,53.774602],[-82.127216,53.755756],[-82.145788,53.740293],[-82.178509,53.694386],[-82.190006,53.666359],[-82.199734,53.653312],[-82.206809,53.628184],[-82.201503,53.622385],[-82.20504,53.602089],[-82.214768,53.590492],[-82.201503,53.571646],[-82.204156,53.550867],[-82.19885,53.529605],[-82.203271,53.518007],[-82.19089,53.512209],[-82.175856,53.479832],[-82.161706,53.457604],[-82.164359,53.446489],[-82.140481,53.399133],[-82.121025,53.343078],[-82.119257,53.32085],[-82.110413,53.306353],[-82.121025,53.296688],[-82.10776,53.273976],[-82.112182,53.265278],[-82.164359,53.242083],[-82.199734,53.221304],[-82.215652,53.216472],[-82.221843,53.200042],[-82.237762,53.193277],[-82.251912,53.180713],[-82.273136,53.143021],[-82.271368,53.122726],[-82.279327,53.116444],[-82.282864,53.062322],[-82.277558,53.028496],[-82.278443,53.00965],[-82.264293,52.99467],[-82.259871,52.969059],[-82.281096,52.966642],[-82.282864,52.957461],[-82.262524,52.954562],[-82.24749,52.942964],[-82.235993,52.926051],[-82.181162,52.906239],[-82.159937,52.902856],[-82.167897,52.892225],[-82.127216,52.898507],[-82.109528,52.891259],[-82.061773,52.8555],[-82.022861,52.830372],[-82.004289,52.812492],[-81.943268,52.777216],[-81.935308,52.765619],[-81.932655,52.746773],[-81.917621,52.703766],[-81.882246,52.668007],[-81.860137,52.653026],[-81.809728,52.632731],[-81.760204,52.606153],[-81.75136,52.593106],[-81.708026,52.554448],[-81.694761,52.539951],[-81.642583,52.495494],[-81.599249,52.471332],[-81.562106,52.462634],[-81.532037,52.442822],[-81.524962,52.423009],[-81.532037,52.394982],[-81.544418,52.388217],[-81.543534,52.363572],[-81.529384,52.343759],[-81.513465,52.332645],[-81.511697,52.323464],[-81.542649,52.309933],[-81.555915,52.291087],[-81.5002,52.282873],[-81.489588,52.271758],[-81.470131,52.261127],[-81.469247,52.253396],[-81.446254,52.232617],[-81.5002,52.238415],[-81.5002,52.226818],[-81.474553,52.218603],[-81.442716,52.198307],[-81.429451,52.174146],[-81.406457,52.154817],[-81.417069,52.149984],[-81.383464,52.131138],[-81.382579,52.119541],[-81.34013,52.098762],[-81.308292,52.09393],[-81.284414,52.086198],[-81.256999,52.073634],[-81.219856,52.06252],[-81.17829,52.056238],[-81.161487,52.04464],[-81.134956,52.042707],[-81.112847,52.045124],[-81.094276,52.057688],[-81.078357,52.058171],[-81.081894,52.04464],[-81.062438,52.033526],[-81.044751,52.034493],[-81.03237,52.018546],[-81.001417,52.011297],[-80.992573,52.015163],[-80.972233,52.001633],[-80.973117,51.989552],[-80.946586,51.970223],[-80.936858,51.950411],[-80.916518,51.923833],[-80.890871,51.90692],[-80.880259,51.895322],[-80.837809,51.879859],[-80.821891,51.87696],[-80.811278,51.885658],[-80.798897,51.885175],[-80.789169,51.861496],[-80.768829,51.851348],[-80.75291,51.852315],[-80.751141,51.842167],[-80.73257,51.833952],[-80.719304,51.819455],[-80.694542,51.820905],[-80.686583,51.79916],[-80.654745,51.789978],[-80.65563,51.783213],[-80.640596,51.762434],[-80.582227,51.713145],[-80.570731,51.708313],[-80.563656,51.6885],[-80.566309,51.667721],[-80.558349,51.644043],[-80.538009,51.603935],[-80.523859,51.585572],[-80.512362,51.54788],[-80.499097,51.527585],[-80.476988,51.503906],[-80.450457,51.494725],[-80.431885,51.465248],[-80.428348,51.448818],[-80.435422,51.40726],[-80.433654,51.401462],[-80.407123,51.401462],[-80.415966,51.372951],[-80.403585,51.353622],[-80.417735,51.344441],[-80.39651,51.329461],[-80.385014,51.338642],[-80.365558,51.335742],[-80.345217,51.326561],[-80.323992,51.325595],[-80.314264,51.315447],[-80.277121,51.311098],[-80.220521,51.298051],[-80.179841,51.292735],[-80.113513,51.290802],[-80.095826,51.276305],[-80.081676,51.273889],[-80.051607,51.256976],[-80.020655,51.25456],[-79.978205,51.238613],[-79.924259,51.192223],[-79.885346,51.172411],[-79.8597,51.165162],[-79.789835,51.159847],[-79.784529,51.173377],[-79.772148,51.188357],[-79.750923,51.203338],[-79.730582,51.232815],[-79.707589,51.245862],[-79.673098,51.25311],[-79.693439,51.267124],[-79.689901,51.285487],[-79.694323,51.298534],[-79.706704,51.30095],[-79.745617,51.328977],[-79.741195,51.345407],[-79.727045,51.354588],[-79.727929,51.371018],[-79.711126,51.381649],[-79.710242,51.363287],[-79.686364,51.34879],[-79.673983,51.350239],[-79.689017,51.379233],[-79.681942,51.405811],[-79.639493,51.40726],[-79.636839,51.416442],[-79.60854,51.427556],[-79.605887,51.43867],[-79.581124,51.446885],[-79.575818,51.463315],[-79.568743,51.469114],[-79.542212,51.467181],[-79.524525,51.47153]]}},{"type":"Feature","properties":{},"geometry":{"type":"LineString","coordinates":[[-95.153052,50.395861],[-95.153052,50.551461],[-95.153052,50.781478],[-95.153052,50.94336],[-95.153052,51.119739],[-95.153052,51.329944],[-95.153052,51.542082],[-95.153052,51.745038],[-95.153052,51.969257],[-95.153052,52.179945],[-95.153052,52.332645],[-95.153052,52.630315],[-95.153052,52.84052],[-95.003594,52.932816],[-94.737399,53.095665],[-94.527804,53.222754],[-94.262495,53.381253],[-93.958272,53.553766],[-93.738065,53.685205],[-93.629288,53.750441],[-93.520511,53.831623],[-93.329488,53.969827],[-93.189758,54.074688],[-93.140233,54.111413],[-92.927985,54.263631],[-92.658253,54.45354],[-92.3841,54.642483],[-92.188655,54.774888],[-92.000285,54.905843],[-91.870283,55.000073],[-91.747356,55.085121],[-91.647422,55.158572],[-91.439596,55.299192],[-91.163674,55.483302],[-91.000066,55.591062],[-90.801968,55.720568],[-90.553461,55.880517],[-90.311144,56.034184],[-90.152843,56.133729],[-89.967126,56.250188],[-89.644332,56.449761],[-89.457731,56.563804],[-89.149087,56.749847],[-88.979288,56.851325]]}},{"type":"Feature","properties":{},"geometry":{"type":"LineString","coordinates":[[-88.979288,56.851325],[-88.918267,56.847943],[-88.878471,56.861473],[-88.850171,56.838278],[-88.820102,56.839728],[-88.807721,56.819432],[-88.819218,56.810251],[-88.813027,56.801069],[-88.773231,56.776425],[-88.725475,56.763377],[-88.6901,56.745498],[-88.674182,56.72182],[-88.668876,56.702007],[-88.643229,56.687994],[-88.619351,56.683161],[-88.559214,56.662866],[-88.507921,56.656584],[-88.49554,56.649819],[-88.428328,56.601012],[-88.396491,56.591831],[-88.381457,56.580233],[-88.352272,56.567186],[-88.290367,56.545924],[-88.277101,56.538676],[-88.238189,56.529978],[-88.226692,56.524662],[-88.180705,56.512098],[-88.157712,56.513548],[-88.113493,56.505816],[-88.034785,56.486487],[-88.012676,56.478755],[-87.97907,56.472956],[-87.962267,56.460393],[-87.944579,56.433332],[-87.941042,56.413519],[-87.923355,56.391774],[-87.870293,56.360847],[-87.832265,56.341518],[-87.834918,56.330404],[-87.803965,56.310591],[-87.795121,56.289812],[-87.77655,56.266617],[-87.732331,56.236174],[-87.712875,56.214912],[-87.712875,56.193167],[-87.67131,56.150159],[-87.666004,56.139045],[-87.637704,56.112467],[-87.639473,56.102803],[-87.578452,56.076225],[-87.571377,56.064627],[-87.581105,56.052064],[-87.524505,56.059795],[-87.50328,56.052064],[-87.472328,56.048681],[-87.463484,56.034667],[-87.480287,56.018237],[-87.436953,56.003257],[-87.412191,55.999875],[-87.373279,55.99021],[-87.344979,55.967015],[-87.325523,55.965565],[-87.251236,55.94237],[-87.221168,55.940437],[-87.213208,55.932706],[-87.167221,55.936572],[-87.069056,55.922558],[-87.044294,55.923524],[-87.023069,55.915793],[-86.985042,55.918209],[-86.939055,55.914826],[-86.901027,55.91386],[-86.86123,55.89743],[-86.840006,55.893564],[-86.819665,55.884866],[-86.76395,55.869886],[-86.673745,55.833644],[-86.643676,55.828328],[-86.621567,55.829295],[-86.58973,55.823496],[-86.545511,55.8061]]}},{"type":"Feature","properties":{},"geometry":{"type":"LineString","coordinates":[[-86.552586,52.999985],[-86.7498,52.999985],[-87.000076,52.999985],[-87.25212,52.999985],[-87.253005,53.118377],[-87.321101,53.11886],[-87.333482,53.107745],[-87.347632,53.108229],[-87.359129,53.131424],[-87.375047,53.125142],[-87.382122,53.08455],[-87.397156,53.08455],[-87.428994,53.057006],[-87.458178,53.038644],[-87.501512,53.032362],[-87.505049,53.016898],[-87.487362,53.013032],[-87.502396,52.999985],[-87.759747,52.999985],[-87.907436,53.001918],[-88.121453,53.000469],[-88.394722,53.000469],[-88.716631,53.000952],[-88.999629,52.999985],[-88.999629,52.865164],[-88.999629,52.642879],[-88.999629,52.413828],[-88.999629,52.250013],[-88.999629,52.058171],[-88.999629,51.878409],[-88.999629,51.509705],[-89.033235,51.508739],[-89.058881,51.522752],[-89.107522,51.528068],[-89.138474,51.510672],[-89.145549,51.495691],[-89.157046,51.490376],[-89.167658,51.473946],[-89.18623,51.452201],[-89.18623,51.430455],[-89.21453,51.42659],[-89.224258,51.431905],[-89.256979,51.430939],[-89.282626,51.418858],[-89.301198,51.430455],[-89.322423,51.42514],[-89.320654,51.415959],[-89.352491,51.398079],[-89.409091,51.373434],[-89.455962,51.346374],[-89.480724,51.334293],[-89.495758,51.316897],[-89.557664,51.279688],[-89.579773,51.274372],[-89.578889,51.252627],[-89.593039,51.249244],[-89.615148,51.257459],[-89.632835,51.246828],[-89.670863,51.233781],[-89.68236,51.226533],[-89.703585,51.229915],[-89.718619,51.219767],[-89.746919,51.214452],[-89.775218,51.217834],[-89.79379,51.216385],[-89.805287,51.204787],[-89.817668,51.203821],[-89.879574,51.173861],[-89.891955,51.176277],[-89.917601,51.165646],[-89.946785,51.174827],[-89.967126,51.169028],[-89.978623,51.151149],[-90.022841,51.1439],[-90.046719,51.13182],[-90.063522,51.135202],[-90.070597,51.150182],[-90.082978,51.151632],[-90.103318,51.140034],[-90.118353,51.137618],[-90.145768,51.141001],[-90.166993,51.133753],[-90.167877,50.952058],[-90.167877,50.788243],[-90.167877,50.63361],[-90.168761,50.525366],[-90.169646,50.26104],[-90.169646,50.063399]]}},{"type":"Feature","properties":{},"geometry":{"type":"LineString","coordinates":[[-90.169646,50.063399],[-90.633938,50.061466],[-90.911629,50.063882],[-90.964691,50.063399],[-90.967344,50.044553],[-90.965576,50.013143],[-90.965576,49.85851],[-90.965576,49.631875],[-90.965576,49.34242],[-90.961154,49.325507],[-90.965576,49.224996],[-90.965576,49.019623],[-91.055781,49.020589],[-91.124762,49.020106],[-91.424562,49.020106],[-91.615585,49.019623],[-91.911848,49.021073],[-92.149743,49.021556],[-92.393828,49.021556],[-92.757303,49.020106],[-92.936829,49.01914],[-92.934176,49.105638],[-93.15173,49.106604],[-93.509014,49.107088],[-93.727453,49.106604],[-93.829155,49.107571],[-93.830039,49.000294],[-93.929088,49.000777],[-93.977728,49.000294],[-94.229773,48.999811],[-94.228889,49.095973],[-94.207664,49.102255],[-94.179364,49.090174],[-94.158139,49.103222],[-94.144874,49.096456],[-94.117458,49.119168],[-94.094465,49.108537],[-94.090043,49.181988],[-94.092696,49.200834],[-94.203242,49.200351],[-94.204126,49.272352],[-94.290794,49.272352],[-94.290794,49.282983],[-94.559642,49.28395],[-94.56141,49.366582],[-94.698487,49.366099],[-94.697603,49.285882],[-94.823183,49.287815]]}},{"type":"Feature","properties":{},"geometry":{"type":"LineString","coordinates":[[-95.153936,49.385428],[-95.152167,49.491738],[-95.153936,49.559874],[-95.152167,49.576303],[-95.153052,49.691795],[-95.153936,49.739152],[-95.152167,49.7464],[-95.153052,49.833382],[-95.153052,50.001062],[-95.153052,50.247509],[-95.153052,50.395861]]}},{"type":"Feature","properties":{},"geometry":{"type":"LineString","coordinates":[[-76.713123,44.351625],[-76.64768,44.355974],[-76.568087,44.357424],[-76.568087,44.338578],[-76.398289,44.346309],[-76.387677,44.356457],[-76.356724,44.364189],[-76.334615,44.378686],[-76.317812,44.399948],[-76.308084,44.427492],[-76.296587,44.439573],[-76.295702,44.448271],[-76.280668,44.458419],[-76.268287,44.473399],[-76.252368,44.480164]]}},{"type":"Feature","properties":{},"geometry":{"type":"LineString","coordinates":[[-76.252368,44.480164],[-76.239987,44.372887],[-76.23645,44.355974],[-76.233797,44.305235],[-76.214341,44.308134],[-76.198422,44.304752],[-76.200191,44.294121],[-76.162163,44.28059]]}},{"type":"Feature","properties":{},"geometry":{"type":"LineString","coordinates":[[-79.775685,43.989686],[-79.649221,44.017713],[-79.612962,44.032693],[-79.615615,44.046707],[-79.598812,44.048157],[-79.557246,44.075701],[-79.543097,44.123541],[-79.54575,44.133205],[-79.541328,44.146252],[-79.5316,44.150601],[-79.510375,44.067486]]}},{"type":"Feature","properties":{},"geometry":{"type":"LineString","coordinates":[[-79.510375,44.067486],[-79.499763,44.016264]]}},{"type":"Feature","properties":{},"geometry":{"type":"LineString","coordinates":[[-79.467041,43.884342],[-79.462619,43.865979]]}},{"type":"Feature","properties":{},"geometry":{"type":"LineString","coordinates":[[-79.462619,43.865979],[-79.487381,43.861147],[-79.48296,43.842784],[-79.54575,43.828287]]}},{"type":"Feature","properties":{},"geometry":{"type":"LineString","coordinates":[[-79.54575,43.828287],[-79.552825,43.865013],[-79.590852,43.858247],[-79.602349,43.853415],[-79.598812,43.836502],[-79.634186,43.824421],[-79.659833,43.824905],[-79.678405,43.819106]]}},{"type":"Feature","properties":{},"geometry":{"type":"LineString","coordinates":[[-80.479641,43.50404],[-80.468144,43.484228],[-80.448688,43.476496],[-80.433654,43.481812],[-80.415082,43.458133],[-80.392089,43.450402]]}},{"type":"Feature","properties":{},"geometry":{"type":"LineString","coordinates":[[-80.392089,43.450402],[-80.408007,43.447019],[-80.426579,43.436388],[-80.433654,43.425757],[-80.456647,43.436388],[-80.463722,43.431072],[-80.502634,43.423341]]}},{"type":"Feature","properties":{},"geometry":{"type":"LineString","coordinates":[[-80.502634,43.423341],[-80.511478,43.434938],[-80.525628,43.431556],[-80.542431,43.44267]]}},{"type":"Feature","properties":{},"geometry":{"type":"LineString","coordinates":[[-80.542431,43.44267],[-80.541546,43.449435],[-80.505287,43.461516],[-80.495559,43.470697],[-80.498213,43.479879],[-80.48141,43.489543],[-80.479641,43.50404]]}},{"type":"Feature","properties":{},"geometry":{"type":"LineString","coordinates":[[-80.557465,43.6896],[-80.383245,43.563477],[-80.367326,43.568793],[-80.373517,43.533034],[-80.306305,43.472147]]}},{"type":"Feature","properties":{},"geometry":{"type":"LineString","coordinates":[[-80.306305,43.472147],[-80.317802,43.470697],[-80.387667,43.443636],[-80.392089,43.450402]]}},{"type":"Feature","properties":{},"geometry":{"type":"LineString","coordinates":[[-80.479641,43.50404],[-80.495559,43.509356],[-80.46726,43.52047],[-80.482294,43.530618],[-80.626446,43.479879],[-80.574268,43.432522],[-80.542431,43.44267]]}},{"type":"Feature","properties":{},"geometry":{"type":"LineString","coordinates":[[-80.502634,43.423341],[-80.514131,43.418992],[-80.497328,43.404012],[-80.48141,43.358105]]}},{"type":"Feature","properties":{},"geometry":{"type":"LineString","coordinates":[[-80.503519,43.347957],[-80.629983,43.327178],[-80.735223,43.310748],[-80.736107,43.353273]]}},{"type":"Feature","properties":{},"geometry":{"type":"LineString","coordinates":[[-80.736107,43.353273],[-80.737876,43.407877],[-80.794475,43.466831],[-80.868762,43.498241],[-80.837809,43.541732],[-80.754679,43.648526],[-80.607874,43.589089],[-80.595493,43.662056],[-80.557465,43.6896]]}},{"type":"Feature","properties":{},"geometry":{"type":"LineString","coordinates":[[-80.306305,43.472147],[-80.283311,43.420925]]}},{"type":"Feature","properties":{},"geometry":{"type":"LineString","coordinates":[[-75.819913,44.962427],[-75.816376,44.957112],[-75.83141,44.926668],[-75.844675,44.931017],[-75.872091,44.903956],[-75.885356,44.871097],[-75.916309,44.867714],[-75.93665,44.886077],[-75.949915,44.877379],[-75.950799,44.868197],[-75.980868,44.872546],[-75.996786,44.889459],[-76.016243,44.877379],[-76.029508,44.896225],[-76.063114,44.890909],[-76.072842,44.892842],[-76.085223,44.877862],[-76.099373,44.871097],[-76.134748,44.849351],[-76.153319,44.844036],[-76.176313,44.831955],[-76.207266,44.78025],[-76.220531,44.754638],[-76.235565,44.736759],[-76.259443,44.719363],[-76.291281,44.703899],[-76.345227,44.746907],[-76.402711,44.794746],[-76.500875,44.736759],[-76.525638,44.721296],[-76.419514,44.6232],[-76.363799,44.572944],[-76.252368,44.480164]]}},{"type":"Feature","properties":{},"geometry":{"type":"LineString","coordinates":[[-75.595284,45.084201],[-75.561678,45.045059],[-75.521882,45.001086],[-75.496235,44.970642],[-75.41222,44.861915],[-75.357389,44.798129]]}},{"type":"Feature","properties":{},"geometry":{"type":"LineString","coordinates":[[-81.310061,43.018394],[-81.226931,43.043039]]}},{"type":"Feature","properties":{},"geometry":{"type":"LineString","coordinates":[[-81.226931,43.043039],[-81.198631,42.986018],[-81.234006,42.984568],[-81.218087,42.958474],[-81.260537,42.957024]]}},{"type":"Feature","properties":{},"geometry":{"type":"LineString","coordinates":[[-81.260537,42.957024],[-81.262305,42.976837],[-81.288836,42.97587],[-81.310061,43.018394]]}},{"type":"Feature","properties":{},"geometry":{"type":"LineString","coordinates":[[-81.226931,43.043039],[-81.175637,43.058019],[-81.166794,43.050771],[-81.132303,43.053187],[-81.135841,43.040623],[-81.119922,43.00583],[-81.131419,42.982635],[-81.119922,42.97587],[-81.113732,42.94446]]}},{"type":"Feature","properties":{},"geometry":{"type":"LineString","coordinates":[[-81.257883,42.940594],[-81.260537,42.957024]]}},{"type":"Feature","properties":{},"geometry":{"type":"LineString","coordinates":[[-81.378157,42.934312],[-81.390538,42.962823],[-81.352511,42.990367],[-81.359586,43.004381],[-81.310061,43.018394]]}},{"type":"Feature","properties":{},"geometry":{"type":"LineString","coordinates":[[-79.220303,43.97084],[-79.214112,43.95296],[-79.185812,43.891107]]}},{"type":"Feature","properties":{},"geometry":{"type":"LineString","coordinates":[[-79.185812,43.891107],[-79.204384,43.877093],[-79.23799,43.869845],[-79.281324,43.856315]]}},{"type":"Feature","properties":{},"geometry":{"type":"LineString","coordinates":[[-79.281324,43.856315],[-79.291052,43.89449],[-79.26629,43.900288],[-79.277787,43.950544]]}},{"type":"Feature","properties":{},"geometry":{"type":"LineString","coordinates":[[-79.277787,43.950544],[-79.283977,43.979055],[-79.260099,43.987753],[-79.230031,43.994518],[-79.220303,43.97084]]}},{"type":"Feature","properties":{},"geometry":{"type":"LineString","coordinates":[[-79.40602,43.838435],[-79.367992,43.839402]]}},{"type":"Feature","properties":{},"geometry":{"type":"LineString","coordinates":[[-79.367992,43.839402],[-79.324658,43.84665],[-79.281324,43.856315]]}},{"type":"Feature","properties":{},"geometry":{"type":"LineString","coordinates":[[-79.185812,43.891107],[-79.169894,43.855348]]}},{"type":"Feature","properties":{},"geometry":{"type":"LineString","coordinates":[[-79.169894,43.855348],[-79.227378,43.842301]]}},{"type":"Feature","properties":{},"geometry":{"type":"LineString","coordinates":[[-79.227378,43.842301],[-79.297243,43.825871]]}},{"type":"Feature","properties":{},"geometry":{"type":"LineString","coordinates":[[-79.297243,43.825871],[-79.352073,43.813307]]}},{"type":"Feature","properties":{},"geometry":{"type":"LineString","coordinates":[[-79.396292,43.803159],[-79.40602,43.838435]]}},{"type":"Feature","properties":{},"geometry":{"type":"LineString","coordinates":[[-79.389217,43.923967],[-79.352958,43.931698],[-79.277787,43.950544]]}},{"type":"Feature","properties":{},"geometry":{"type":"LineString","coordinates":[[-79.367992,43.839402],[-79.383911,43.901255]]}},{"type":"Feature","properties":{},"geometry":{"type":"LineString","coordinates":[[-81.364007,43.263875],[-81.224278,43.203471],[-81.132303,43.231499]]}},{"type":"Feature","properties":{},"geometry":{"type":"LineString","coordinates":[[-81.132303,43.231499],[-81.037676,43.045938],[-81.023526,43.050288],[-80.993458,42.992783],[-80.977539,42.986984],[-80.946586,43.009696],[-80.934205,42.999548],[-80.922709,43.000998],[-80.898831,42.912567]]}},{"type":"Feature","properties":{},"geometry":{"type":"LineString","coordinates":[[-81.835375,42.65114],[-81.835375,42.843465],[-81.795578,42.812055],[-81.790272,42.816404],[-81.789388,42.904835],[-81.789388,43.065751],[-81.808844,43.069134],[-81.807959,43.084114],[-81.819456,43.101993],[-81.807075,43.128571],[-81.807959,43.149833],[-81.815919,43.154665],[-81.809728,43.168196],[-81.818572,43.190424],[-81.812381,43.198156],[-81.813266,43.215552],[-81.797347,43.223767],[-81.781428,43.222317],[-81.773469,43.237781]]}},{"type":"Feature","properties":{},"geometry":{"type":"LineString","coordinates":[[-79.790719,43.602136],[-79.808407,43.58474],[-79.76242,43.552363]]}},{"type":"Feature","properties":{},"geometry":{"type":"LineString","coordinates":[[-79.76242,43.552363],[-79.727045,43.526752]]}},{"type":"Feature","properties":{},"geometry":{"type":"LineString","coordinates":[[-79.727045,43.526752],[-79.773032,43.485194],[-79.786297,43.486644],[-79.798679,43.47408]]}},{"type":"Feature","properties":{},"geometry":{"type":"LineString","coordinates":[[-79.798679,43.47408],[-79.808407,43.466831]]}},{"type":"Feature","properties":{},"geometry":{"type":"LineString","coordinates":[[-79.992355,43.562994],[-79.921605,43.62823],[-79.958749,43.656257],[-79.915415,43.694916]]}},{"type":"Feature","properties":{},"geometry":{"type":"LineString","coordinates":[[-79.696976,43.586672],[-79.670445,43.604069],[-79.66337,43.6147],[-79.643914,43.600686]]}},{"type":"Feature","properties":{},"geometry":{"type":"LineString","coordinates":[[-79.643914,43.600686],[-79.62269,43.58474],[-79.626227,43.571692]]}},{"type":"Feature","properties":{},"geometry":{"type":"LineString","coordinates":[[-79.626227,43.571692],[-79.658064,43.543182]]}},{"type":"Feature","properties":{},"geometry":{"type":"LineString","coordinates":[[-79.658064,43.543182],[-79.655411,43.549464],[-79.673983,43.561544],[-79.683711,43.562028]]}},{"type":"Feature","properties":{},"geometry":{"type":"LineString","coordinates":[[-79.683711,43.562028],[-79.673983,43.571692],[-79.696976,43.586672]]}},{"type":"Feature","properties":{},"geometry":{"type":"LineString","coordinates":[[-79.643914,43.600686],[-79.633302,43.611317],[-79.635955,43.621948],[-79.60854,43.646593]]}},{"type":"Feature","properties":{},"geometry":{"type":"LineString","coordinates":[[-79.566974,43.609384],[-79.617383,43.56541],[-79.626227,43.571692]]}},{"type":"Feature","properties":{},"geometry":{"type":"LineString","coordinates":[[-79.658064,43.543182],[-79.681942,43.522886]]}},{"type":"Feature","properties":{},"geometry":{"type":"LineString","coordinates":[[-79.681942,43.522886],[-79.697861,43.508389],[-79.727045,43.526752]]}},{"type":"Feature","properties":{},"geometry":{"type":"LineString","coordinates":[[-79.76242,43.552363],[-79.733235,43.578458],[-79.696092,43.553813],[-79.683711,43.562028]]}},{"type":"Feature","properties":{},"geometry":{"type":"LineString","coordinates":[[-79.616499,43.475046],[-79.681942,43.522886]]}},{"type":"Feature","properties":{},"geometry":{"type":"LineString","coordinates":[[-79.696976,43.586672],[-79.718201,43.602136],[-79.745617,43.628713]]}},{"type":"Feature","properties":{},"geometry":{"type":"LineString","coordinates":[[-75.809301,45.331615],[-75.710252,45.341279],[-75.697871,45.345628]]}},{"type":"Feature","properties":{},"geometry":{"type":"LineString","coordinates":[[-75.697871,45.345628],[-75.696102,45.334031]]}},{"type":"Feature","properties":{},"geometry":{"type":"LineString","coordinates":[[-79.510375,44.067486],[-79.422823,44.087298],[-79.42017,44.068452]]}},{"type":"Feature","properties":{},"geometry":{"type":"LineString","coordinates":[[-79.42017,44.068452],[-79.40602,44.013847]]}},{"type":"Feature","properties":{},"geometry":{"type":"LineString","coordinates":[[-79.513028,44.210039],[-79.520103,44.196508],[-79.516566,44.182011],[-79.328195,44.223086],[-79.276018,44.101312],[-79.42017,44.068452]]}},{"type":"Feature","properties":{},"geometry":{"type":"LineString","coordinates":[[-79.833169,43.977122],[-79.875618,44.139487],[-79.888,44.136588],[-79.891537,44.165098],[-79.876503,44.17138],[-79.842012,44.177662],[-79.829631,44.162199],[-79.723507,44.185394]]}},{"type":"Feature","properties":{},"geometry":{"type":"LineString","coordinates":[[-79.005402,42.982635],[-79.02928,42.982635],[-79.02928,42.967172],[-79.107988,42.967172],[-79.115063,42.95944],[-79.16901,42.95944],[-79.16901,43.058986],[-79.1752,43.058986],[-79.1752,43.104409],[-79.177853,43.140651]]}},{"type":"Feature","properties":{},"geometry":{"type":"LineString","coordinates":[[-79.177853,43.140651],[-79.192003,43.145484],[-79.198194,43.186558],[-79.200847,43.193324],[-79.202615,43.230049]]}},{"type":"Feature","properties":{},"geometry":{"type":"LineString","coordinates":[[-79.274249,43.109242],[-79.248603,43.115524],[-79.177853,43.140651]]}},{"type":"Feature","properties":{},"geometry":{"type":"LineString","coordinates":[[-79.278671,42.752618],[-79.281324,42.972004],[-79.291052,42.966206],[-79.290168,43.017428],[-79.28044,43.027093],[-79.267174,43.026609],[-79.268059,43.054153],[-79.285746,43.058986],[-79.287515,43.108758],[-79.274249,43.109242]]}},{"type":"Feature","properties":{},"geometry":{"type":"LineString","coordinates":[[-79.290168,43.247928],[-79.287515,43.17786],[-79.274249,43.157081],[-79.258331,43.157565],[-79.245065,43.152249],[-79.251256,43.131953],[-79.274249,43.109242]]}},{"type":"Feature","properties":{},"geometry":{"type":"LineString","coordinates":[[-78.859481,45.41473],[-78.924924,45.533605],[-78.928462,45.532638],[-79.047851,45.752508],[-79.06377,45.769904],[-79.130097,45.751541],[-79.153975,45.795998],[-79.194656,45.869932],[-79.190234,45.871865],[-79.228262,45.941934],[-79.257446,45.994122],[-79.362686,45.965612],[-79.37772,45.960296],[-79.438741,45.9429],[-79.586431,45.905691],[-79.606771,45.9429],[-79.603234,45.954981],[-79.61473,45.957397],[-79.638608,46.000404],[-79.654527,46.023599],[-79.681942,46.074338],[-79.612077,46.093184],[-79.662486,46.183065],[-79.661602,46.213992]]}},{"type":"Feature","properties":{},"geometry":{"type":"LineString","coordinates":[[-79.661602,46.213992],[-79.629765,46.215925],[-79.632418,46.350263],[-79.666908,46.356061],[-79.701398,46.368142],[-79.728814,46.367176],[-79.747385,46.360894],[-79.776569,46.339632],[-79.779222,46.327068],[-79.803985,46.329484],[-79.826094,46.324651],[-79.832284,46.309188],[-79.856162,46.306772],[-79.883578,46.324651],[-79.883578,46.365726],[-79.710242,46.370075],[-79.633302,46.372974],[-79.633302,46.447392],[-79.758882,46.446909],[-79.759766,46.483634],[-79.755345,46.624254],[-80.040111,46.624737],[-80.037458,46.707852],[-80.291271,46.711235],[-80.291271,46.90791],[-80.288618,46.938353],[-80.291271,46.95285],[-80.289502,47.056261],[-80.274468,47.056261],[-80.270046,47.235056],[-80.271815,47.320104],[-80.398279,47.320588]]}},{"type":"Feature","properties":{},"geometry":{"type":"LineString","coordinates":[[-78.347433,44.119675],[-78.307636,44.129339],[-78.292602,44.12499],[-78.271377,44.12644],[-78.25369,44.133688],[-78.226275,44.150118],[-78.220084,44.14287],[-78.144913,44.194092],[-78.082123,44.254496],[-78.04498,44.261744],[-78.024639,44.277691],[-78.004299,44.287355],[-77.968924,44.297503],[-77.972461,44.315383],[-77.937087,44.320698],[-77.912325,44.34341],[-77.900828,44.364672],[-77.913209,44.389317],[-77.861031,44.401398],[-77.807085,44.411062],[-77.760213,44.427492],[-77.727492,44.436673]]}},{"type":"Feature","properties":{},"geometry":{"type":"LineString","coordinates":[[-79.660717,43.42624],[-79.670445,43.448469],[-79.678405,43.452818],[-79.725276,43.453784],[-79.756229,43.461999],[-79.76861,43.459583],[-79.793372,43.476496],[-79.798679,43.47408]]}},{"type":"Feature","properties":{},"geometry":{"type":"LineString","coordinates":[[-75.482085,45.512342],[-75.469704,45.486248],[-75.436098,45.471268],[-75.424601,45.451456],[-75.473241,45.435026],[-75.463513,45.417629],[-75.528957,45.422945],[-75.533378,45.433576],[-75.543991,45.435509]]}},{"type":"Feature","properties":{},"geometry":{"type":"LineString","coordinates":[[-75.543991,45.435509],[-75.541338,45.439858],[-75.574944,45.453388],[-75.578481,45.458221],[-75.570522,45.476583]]}},{"type":"Feature","properties":{},"geometry":{"type":"LineString","coordinates":[[-78.882475,43.852449],[-78.914312,43.924933]]}},{"type":"Feature","properties":{},"geometry":{"type":"LineString","coordinates":[[-75.704061,45.42971],[-75.673993,45.416663],[-75.66338,45.417146]]}},{"type":"Feature","properties":{},"geometry":{"type":"LineString","coordinates":[[-75.66338,45.417146],[-75.67753,45.389119],[-75.658958,45.363024],[-75.689027,45.352877],[-75.697871,45.345628]]}},{"type":"Feature","properties":{},"geometry":{"type":"LineString","coordinates":[[-75.697871,45.345628],[-75.706714,45.354326],[-75.727055,45.389119],[-75.750048,45.378971],[-75.759776,45.392018],[-75.772157,45.395884]]}},{"type":"Feature","properties":{},"geometry":{"type":"LineString","coordinates":[[-75.66338,45.417146],[-75.616509,45.422945],[-75.610318,45.414247]]}},{"type":"Feature","properties":{},"geometry":{"type":"LineString","coordinates":[[-75.610318,45.414247],[-75.599706,45.410381],[-75.584672,45.38477]]}},{"type":"Feature","properties":{},"geometry":{"type":"LineString","coordinates":[[-75.543991,45.435509],[-75.5661,45.425844],[-75.579365,45.425844],[-75.610318,45.414247]]}},{"type":"Feature","properties":{},"geometry":{"type":"LineString","coordinates":[[-81.132303,43.231499],[-81.050942,43.256627],[-80.938627,43.289969],[-80.846653,43.317997],[-80.839578,43.328628],[-80.821891,43.325245],[-80.736107,43.353273]]}},{"type":"Feature","properties":{},"geometry":{"type":"LineString","coordinates":[[-79.207922,44.794746],[-79.29459,44.775417],[-79.293705,44.783632],[-79.32908,44.779283],[-79.352958,44.772518],[-79.394523,44.775901],[-79.390101,44.790881],[-79.394523,44.806344],[-79.393639,44.82519],[-79.40602,44.833888],[-79.407788,44.843553],[-79.434319,44.842586],[-79.451122,44.838237],[-79.474116,44.847418],[-79.526294,44.849351],[-79.550172,44.862882],[-79.5599,44.861915],[-79.599696,44.87303],[-79.617383,44.882694],[-79.627111,44.895741],[-79.658064,44.894292],[-79.694323,44.873513],[-79.704051,44.855633],[-79.694323,44.839687],[-79.680173,44.826156],[-79.689017,44.819391],[-79.712011,44.819874],[-79.722623,44.806344],[-79.730582,44.773001],[-79.744732,44.772035],[-79.808407,44.790881],[-79.815482,44.790881],[-79.877387,44.819391],[-79.926912,44.878828],[-79.984396,44.942615],[-80.084329,44.935366],[-80.520322,44.90444]]}},{"type":"Feature","properties":{},"geometry":{"type":"LineString","coordinates":[[-80.520322,44.90444],[-80.59903,44.972575]]}},{"type":"Feature","properties":{},"geometry":{"type":"LineString","coordinates":[[-81.071282,45.360608],[-81.073051,45.640882],[-81.075704,45.865583],[-80.693658,45.872348],[-80.694542,45.884912],[-80.673317,45.885396],[-80.667127,45.889745],[-80.624677,45.887812],[-80.60699,45.890711],[-80.556581,45.892161],[-80.582227,46.017801],[-80.540662,46.019734],[-80.521206,46.024566],[-80.515015,46.033747],[-80.475219,46.036647],[-80.413313,46.03713],[-80.36202,46.031814],[-80.322224,46.039063],[-80.297461,46.036163],[-80.248821,46.048727],[-80.20814,46.055009],[-80.201065,46.065157],[-80.186031,46.060325],[-80.174534,46.06709],[-80.184262,46.080137],[-80.148888,46.072406],[-80.142697,46.08207],[-80.152425,46.091735],[-80.178072,46.103815],[-80.162153,46.110581],[-80.12501,46.117829],[-80.097594,46.115896],[-80.085213,46.126527],[-80.113513,46.135709],[-80.111744,46.147789],[-80.085213,46.14344],[-80.052492,46.150206],[-80.029498,46.151655],[-80.015348,46.14489],[-79.995008,46.147306],[-79.946368,46.170018],[-79.892421,46.190797],[-79.836706,46.205777],[-79.798679,46.20626],[-79.661602,46.213992]]}},{"type":"Feature","properties":{},"geometry":{"type":"LineString","coordinates":[[-80.387667,43.857764],[-80.469913,43.78383],[-80.449572,43.76885],[-80.557465,43.6896]]}},{"type":"Feature","properties":{},"geometry":{"type":"LineString","coordinates":[[-79.220303,43.97084],[-79.047851,44.010948],[-79.046967,44.009015],[-78.959415,44.028828]]}},{"type":"Feature","properties":{},"geometry":{"type":"LineString","coordinates":[[-78.928462,43.958276],[-78.940843,43.951028],[-78.964721,43.948128],[-78.988599,43.951511],[-79.02132,43.950061],[-79.008939,43.922517]]}},{"type":"Feature","properties":{},"geometry":{"type":"LineString","coordinates":[[-79.113294,43.793978],[-79.133635,43.807025],[-79.152207,43.814757],[-79.169894,43.855348]]}},{"type":"Feature","properties":{},"geometry":{"type":"LineString","coordinates":[[-74.438532,45.393951],[-74.494248,45.407482],[-74.580916,45.50896],[-74.692346,45.463536],[-74.747176,45.439858],[-74.733027,45.423428],[-74.815273,45.387669],[-74.888675,45.358192],[-74.884253,45.351427],[-74.91609,45.337897],[-74.920512,45.343212],[-75.016908,45.315668],[-74.993915,45.27701],[-75.142488,45.234485],[-75.192013,45.221438],[-75.200857,45.239801],[-75.352968,45.182297]]}},{"type":"Feature","properties":{},"geometry":{"type":"LineString","coordinates":[[-79.40602,43.838435],[-79.453776,43.829254],[-79.462619,43.865979]]}},{"type":"Feature","properties":{},"geometry":{"type":"LineString","coordinates":[[-82.77811,42.397928],[-82.803756,42.397928]]}},{"type":"Feature","properties":{},"geometry":{"type":"LineString","coordinates":[[-82.603005,47.235539],[-82.577358,47.235539],[-82.579127,47.119081],[-82.578243,46.977011],[-82.430554,46.977495],[-82.243068,46.978944],[-82.227149,46.977495],[-81.950343,46.976045],[-81.947689,46.765357],[-81.945036,46.62522],[-82.068848,46.62522],[-82.067963,46.541138],[-82.067963,46.366692],[-82.192659,46.367176],[-82.192659,46.277778],[-82.312933,46.277778],[-82.312933,46.185965],[-82.256333,46.188864],[-82.235993,46.185481],[-82.205924,46.175333],[-82.19089,46.179199],[-82.163475,46.177266],[-82.126331,46.171468],[-82.097147,46.170501],[-82.097147,46.183548],[-82.056467,46.176783],[-82.056467,46.09995],[-82.145788,45.997022],[-82.212999,46.061775],[-82.274905,46.061775],[-82.361573,46.020217],[-82.534024,46.017317],[-82.82675,46.012002],[-83.04342,46.008136],[-83.069066,46.00717],[-83.245055,46.004753],[-83.383016,45.999921],[-83.436078,45.999921]]}},{"type":"Feature","properties":{},"geometry":{"type":"LineString","coordinates":[[-85.313589,47.084288],[-85.313589,47.252452],[-85.318011,47.473288],[-85.318011,47.499866],[-85.325086,47.740031],[-85.328623,47.877751],[-85.329507,47.996143],[-85.333929,48.188951],[-85.33216,48.228093],[-85.33216,48.309275],[-85.333929,48.538809],[-85.331276,48.763511],[-85.333045,48.886735],[-85.333045,49.024455],[-85.33216,49.102738],[-85.33216,49.225962],[-85.33216,49.34532],[-85.333045,49.533779],[-85.333045,49.681164],[-85.331276,49.709675],[-85.099572,49.708708],[-84.685688,49.708708]]}},{"type":"Feature","properties":{},"geometry":{"type":"LineString","coordinates":[[-79.297243,43.825871],[-79.275134,43.777065]]}},{"type":"Feature","properties":{},"geometry":{"type":"LineString","coordinates":[[-79.275134,43.777065],[-79.310508,43.76885],[-79.337039,43.767884]]}},{"type":"Feature","properties":{},"geometry":{"type":"LineString","coordinates":[[-79.275134,43.777065],[-79.263637,43.748554],[-79.262752,43.733574]]}},{"type":"Feature","properties":{},"geometry":{"type":"LineString","coordinates":[[-79.262752,43.733574],[-79.299896,43.724876],[-79.30078,43.719561]]}},{"type":"Feature","properties":{},"geometry":{"type":"LineString","coordinates":[[-79.214112,43.725843],[-79.204384,43.753387]]}},{"type":"Feature","properties":{},"geometry":{"type":"LineString","coordinates":[[-79.204384,43.753387],[-79.199078,43.771749],[-79.225609,43.789146]]}},{"type":"Feature","properties":{},"geometry":{"type":"LineString","coordinates":[[-79.225609,43.789146],[-79.197309,43.796394],[-79.2035,43.811857],[-79.2318,43.825388],[-79.21765,43.83022],[-79.227378,43.842301]]}},{"type":"Feature","properties":{},"geometry":{"type":"LineString","coordinates":[[-79.225609,43.789146],[-79.275134,43.777065]]}},{"type":"Feature","properties":{},"geometry":{"type":"LineString","coordinates":[[-79.262752,43.733574],[-79.230031,43.740823],[-79.204384,43.753387]]}},{"type":"Feature","properties":{},"geometry":{"type":"LineString","coordinates":[[-80.520322,44.90444],[-80.50175,44.892359],[-80.328414,44.692785],[-80.28508,44.675872],[-80.165691,44.626099],[-80.032151,44.547816],[-79.984396,44.570045]]}},{"type":"Feature","properties":{},"geometry":{"type":"LineString","coordinates":[[-79.081457,44.515923],[-79.128329,44.507225],[-79.139825,44.513024],[-79.160166,44.486929],[-79.163703,44.470983],[-79.298127,44.452137]]}},{"type":"Feature","properties":{},"geometry":{"type":"LineString","coordinates":[[-79.419285,43.644177],[-79.379489,43.652392]]}},{"type":"Feature","properties":{},"geometry":{"type":"LineString","coordinates":[[-79.379489,43.652392],[-79.360917,43.648043]]}},{"type":"Feature","properties":{},"geometry":{"type":"LineString","coordinates":[[-79.360917,43.648043],[-79.34942,43.631613],[-79.344114,43.612284]]}},{"type":"Feature","properties":{},"geometry":{"type":"LineString","coordinates":[[-79.425476,43.625331],[-79.421054,43.640794]]}},{"type":"Feature","properties":{},"geometry":{"type":"LineString","coordinates":[[-81.203937,46.497164],[-81.199515,46.510212],[-81.071282,46.509728],[-81.070398,46.537272],[-81.007608,46.536789],[-80.943933,46.537272],[-80.944818,46.624254],[-80.819238,46.622321],[-80.818353,46.7209],[-80.792707,46.724282],[-80.78121,46.694805],[-80.772366,46.687557],[-80.767944,46.668711],[-80.751141,46.672577],[-80.743182,46.689007],[-80.721073,46.690456],[-80.697195,46.687074],[-80.676855,46.671127],[-80.677739,46.660496],[-80.666242,46.651798],[-80.664473,46.626187],[-80.693658,46.624737],[-80.692773,46.511661],[-80.692773,46.360894],[-81.019989,46.36331],[-81.04652,46.364276],[-81.045635,46.347846],[-81.081894,46.34833],[-81.077473,46.363793],[-81.09516,46.363793],[-81.121691,46.349779],[-81.131419,46.34833],[-81.142916,46.405834],[-81.180059,46.403418],[-81.181828,46.430479],[-81.203053,46.460439],[-81.20659,46.48605],[-81.203937,46.497164]]}},{"type":"Feature","properties":{},"geometry":{"type":"LineString","coordinates":[[-79.512144,43.662056],[-79.504184,43.667372],[-79.46881,43.67607]]}},{"type":"Feature","properties":{},"geometry":{"type":"LineString","coordinates":[[-79.396292,43.803159],[-79.445816,43.792528]]}},{"type":"Feature","properties":{},"geometry":{"type":"LineString","coordinates":[[-79.445816,43.792528],[-79.494456,43.781414]]}},{"type":"Feature","properties":{},"geometry":{"type":"LineString","coordinates":[[-79.535137,43.772716],[-79.54575,43.828287]]}},{"type":"Feature","properties":{},"geometry":{"type":"LineString","coordinates":[[-90.169646,50.063399],[-90.082978,50.062432],[-89.999847,50.062432],[-89.999847,49.774428],[-89.999847,49.575337],[-89.999847,49.393643],[-89.998963,49.349669],[-89.999847,49.329373],[-90.000732,49.176673],[-89.991004,49.161209],[-89.970663,49.167008],[-89.952092,49.158793],[-89.93352,49.168941],[-89.892839,49.163142],[-89.906989,49.148162],[-89.906989,49.138981],[-89.891955,49.124484],[-89.896377,49.118202],[-89.882227,49.100322],[-89.881342,49.087758],[-89.874267,49.08196],[-89.885764,49.051033],[-89.892839,49.038469],[-89.894608,48.995461],[-89.879574,48.98628],[-89.894608,48.969367],[-89.875152,48.967917],[-89.874267,48.956803],[-89.837124,48.946172],[-89.829165,48.927326],[-89.817668,48.918628],[-89.782293,48.920078],[-89.768143,48.924427],[-89.75134,48.922011],[-89.731884,48.929259],[-89.713313,48.928293],[-89.693857,48.912829],[-89.657598,48.913312],[-89.631067,48.904131],[-89.621339,48.881903],[-89.624876,48.868855],[-89.61957,48.859191],[-89.623107,48.838895],[-89.579773,48.829714],[-89.572698,48.81425],[-89.576236,48.804103],[-89.593923,48.792022],[-89.586848,48.788156],[-89.578005,48.768827],[-89.565623,48.769793],[-89.552358,48.753363],[-89.559433,48.743699],[-89.593923,48.733068],[-89.598345,48.722437],[-89.646985,48.722437],[-89.646101,48.674597],[-89.614264,48.674597],[-89.614264,48.6601],[-89.603651,48.6601],[-89.603651,48.630623],[-89.594808,48.623858],[-89.596576,48.614677],[-89.620454,48.597764],[-89.613379,48.581334],[-89.593923,48.569253],[-89.587733,48.551857],[-89.595692,48.532528],[-89.594808,48.515614],[-89.501949,48.514648],[-89.495758,48.515614],[-89.428547,48.514165],[-89.427662,48.510299],[-89.426778,48.399156],[-89.32596,48.401089],[-89.304735,48.406888],[-89.286164,48.404955],[-89.256979,48.406888],[-89.189768,48.405921],[-89.195958,48.399156],[-89.044731,48.399639],[-89.110175,48.267718],[-89.081875,48.272067],[-89.049153,48.262402],[-89.042963,48.249355],[-88.999629,48.246939],[-88.999629,48.113084]]}},{"type":"Feature","properties":{},"geometry":{"type":"LineString","coordinates":[[-79.36357,43.675103],[-79.353842,43.657707],[-79.360917,43.648043]]}},{"type":"Feature","properties":{},"geometry":{"type":"LineString","coordinates":[[-79.379489,43.652392],[-79.386564,43.670271],[-79.36357,43.675103]]}},{"type":"Feature","properties":{},"geometry":{"type":"LineString","coordinates":[[-79.36357,43.675103],[-79.361801,43.688634]]}},{"type":"Feature","properties":{},"geometry":{"type":"LineString","coordinates":[[-79.370645,43.690567],[-79.403367,43.67607],[-79.429013,43.670754]]}},{"type":"Feature","properties":{},"geometry":{"type":"LineString","coordinates":[[-79.411326,43.751454],[-79.42017,43.749521],[-79.439626,43.761602],[-79.445816,43.792528]]}},{"type":"Feature","properties":{},"geometry":{"type":"LineString","coordinates":[[-82.996548,42.235562],[-82.985936,42.234113],[-82.961174,42.24716],[-82.962058,42.257791],[-82.97267,42.274704],[-82.95233,42.282919],[-82.968248,42.307564],[-83.009814,42.299349],[-83.027501,42.327376]]}},{"type":"Feature","properties":{},"geometry":{"type":"LineString","coordinates":[[-79.472347,43.724876],[-79.507722,43.717628]]}},{"type":"Feature","properties":{},"geometry":{"type":"LineString","coordinates":[[-99.934822,49.916014],[-99.934822,49.901517],[-99.957815,49.901517],[-99.957815,49.916014],[-99.934822,49.916014]]}},{"type":"Feature","properties":{},"geometry":{"type":"LineString","coordinates":[[-98.732968,49.53233],[-98.823173,49.53233],[-99.088483,49.53233],[-99.088483,49.354984],[-98.953175,49.354984],[-98.928413,49.354018],[-98.748886,49.354984],[-98.69494,49.356434],[-98.658681,49.354984],[-98.40929,49.354984],[-98.40929,49.26607],[-98.273097,49.266553],[-98.273097,49.177639],[-98.267791,49.177639],[-98.267791,49.000294]]}},{"type":"Feature","properties":{},"geometry":{"type":"LineString","coordinates":[[-101.36219,48.999327],[-101.36219,49.177639],[-101.391374,49.177639],[-101.392258,49.31101],[-101.392258,49.397025],[-101.388721,49.399441],[-101.392258,49.459362],[-101.392258,49.532813],[-101.417905,49.532813],[-101.417905,49.709675],[-101.417905,49.886537],[-101.447973,49.886537],[-101.447089,49.894269],[-101.447089,50.063882]]}},{"type":"Feature","properties":{},"geometry":{"type":"LineString","coordinates":[[-101.447089,50.063882],[-101.378108,50.063399],[-101.149057,50.063399],[-100.897013,50.063882],[-100.897013,49.88702],[-100.873135,49.88702],[-100.872251,49.798106],[-100.69184,49.798589],[-100.530885,49.798106],[-100.530885,49.88702],[-100.379658,49.886537],[-100.18952,49.886537],[-99.758833,49.88702],[-99.704002,49.901034],[-99.572232,49.901034],[-99.552776,49.893302],[-99.51121,49.895235],[-99.459917,49.877839],[-99.421005,49.871557],[-99.39359,49.871557],[-99.39359,49.827583],[-99.348487,49.826616],[-99.348487,49.798106],[-99.234404,49.797623],[-99.234404,49.753649],[-99.097327,49.753649],[-99.098211,49.798106],[-98.778955,49.798106],[-98.778955,49.620761],[-98.745349,49.620761],[-98.744465,49.591284],[-98.732968,49.591284],[-98.732968,49.53233]]}},{"type":"Feature","properties":{},"geometry":{"type":"LineString","coordinates":[[-101.770767,53.710816],[-101.771651,53.746575],[-101.771651,54.06454],[-101.810564,54.06454],[-101.811448,54.204677],[-101.810564,54.413432],[-101.847707,54.413432],[-101.847707,54.530373],[-101.847707,54.762324],[-101.885735,54.762324],[-101.88485,54.938219],[-101.88485,55.111699],[-101.924647,55.112182],[-101.923762,55.196747],[-101.924647,55.460107],[-101.963559,55.46059],[-101.963559,55.499732],[-101.963559,55.623922],[-101.963559,55.809482],[-102.00424,55.809482],[-102.00424,55.999875],[-102.006009,56.325571],[-102.007777,56.500017],[-102.007777,57.083275],[-102.005124,57.177989],[-102.005124,57.416704],[-102.006009,57.999962],[-102.006009,58.313578],[-102.006009,58.814687],[-102.006893,59.000731],[-102.007777,59.751669],[-101.999818,60.000049]]}},{"type":"Feature","properties":{},"geometry":{"type":"LineString","coordinates":[[-101.999818,60.000049],[-101.750427,60.000049],[-101.500151,60.000049],[-101.249875,60.000049],[-100.999599,60.000049],[-100.750208,60.000049],[-100.499932,60.000049],[-100.249656,60.000049],[-100.000265,60.000049],[-99.749989,60.000049],[-99.499714,60.000049],[-99.250322,60.000049],[-99.000046,60.000049],[-98.749771,60.000049],[-98.500379,60.000049],[-98.250104,60.000049],[-97.999828,60.000049],[-97.750436,60.000049],[-97.500161,60.000049],[-97.249885,60.000049],[-96.999609,60.000049],[-96.750218,60.000049],[-96.499942,60.000049],[-96.249666,60.000049],[-95.787143,60.000049],[-95.474961,60.000049],[-95.062846,60.000049],[-94.824067,60.000049],[-94.833795,59.978304],[-94.852367,59.971056],[-94.839102,59.955109],[-94.837333,59.932881],[-94.823183,59.913551],[-94.832027,59.902437],[-94.818761,59.888423],[-94.827605,59.881658],[-94.811686,59.87151],[-94.800189,59.855564],[-94.799305,59.817872],[-94.789577,59.804825],[-94.79223,59.795643],[-94.772774,59.786945],[-94.783386,59.770999],[-94.794883,59.767133],[-94.796652,59.751186],[-94.822299,59.739105],[-94.816992,59.727508],[-94.827605,59.70238],[-94.824067,59.68885],[-94.833795,59.648742],[-94.827605,59.615882],[-94.836448,59.602351],[-94.810802,59.591237],[-94.799305,59.566109],[-94.801958,59.551129],[-94.811686,59.544364],[-94.801074,59.534216],[-94.800189,59.515853],[-94.79223,59.505706],[-94.772774,59.500873],[-94.76393,59.474779],[-94.744474,59.459316],[-94.740052,59.43902],[-94.750665,59.427906],[-94.733862,59.411959],[-94.716175,59.380066],[-94.749781,59.347206],[-94.733862,59.333193],[-94.696719,59.34479],[-94.71529,59.324494],[-94.754202,59.338025],[-94.766583,59.336092],[-94.752434,59.309031],[-94.781618,59.297917],[-94.771005,59.28487],[-94.803727,59.266024],[-94.78604,59.246211],[-94.802843,59.240412],[-94.814339,59.229298],[-94.790461,59.22205],[-94.781618,59.206586],[-94.801074,59.198372],[-94.805496,59.18774],[-94.782502,59.164062],[-94.781618,59.152465],[-94.794883,59.147149],[-94.793999,59.126854],[-94.810802,59.118155],[-94.810802,59.085779],[-94.798421,59.08143],[-94.787808,59.065483],[-94.797536,59.046154],[-94.788693,59.03649],[-94.785155,59.01716],[-94.752434,59.013778],[-94.732093,59.002664],[-94.716175,58.98575],[-94.702025,58.962072],[-94.676378,58.944193],[-94.628622,58.948542],[-94.602091,58.938877],[-94.606513,58.926796],[-94.601207,58.897319],[-94.606513,58.888621],[-94.602091,58.856728],[-94.57556,58.838849],[-94.529573,58.827251],[-94.517192,58.819036],[-94.511002,58.801157],[-94.483586,58.784727],[-94.475627,58.758149],[-94.476511,58.737854],[-94.450865,58.715142],[-94.426987,58.703061],[-94.369503,58.704028],[-94.343856,58.709826],[-94.323516,58.719974],[-94.301407,58.74172],[-94.308482,58.749934],[-94.296985,58.762498],[-94.293447,58.781344],[-94.273107,58.796324],[-94.244807,58.795358],[-94.226235,58.80309],[-94.216507,58.814687],[-94.19882,58.806472],[-94.200589,58.794875],[-94.144874,58.775062],[-94.090043,58.770713],[-94.020178,58.772163],[-94.029022,58.762498],[-93.968,58.77023],[-93.939701,58.764915],[-93.908748,58.766364],[-93.889292,58.751384],[-93.873373,58.755733],[-93.869836,58.766847],[-93.841536,58.771197],[-93.783168,58.774096],[-93.756637,58.76878],[-93.741603,58.774579],[-93.746024,58.792459],[-93.686772,58.787143],[-93.664663,58.790526],[-93.640785,58.78811],[-93.608063,58.767814],[-93.580648,58.764915],[-93.551464,58.77023],[-93.537314,58.778445],[-93.497517,58.775546],[-93.46568,58.762498],[-93.458605,58.737854],[-93.448877,58.724806],[-93.414387,58.72239],[-93.392278,58.73737],[-93.383434,58.755733],[-93.348059,58.764915],[-93.327719,58.756216],[-93.300304,58.751867],[-93.280848,58.761049],[-93.238398,58.765398],[-93.210098,58.762982],[-93.179145,58.736887],[-93.173839,58.727223],[-93.175608,58.711276],[-93.143771,58.676],[-93.154383,58.657638],[-93.147308,58.624778],[-93.134927,58.603033],[-93.135811,58.579838],[-93.142002,58.571623],[-93.129621,58.556643],[-93.136696,58.552777],[-93.134927,58.526682],[-93.115471,58.503004],[-93.115471,58.477876],[-93.097784,58.452748],[-93.083634,58.440184],[-93.06064,58.407808],[-93.055334,58.379297],[-93.042953,58.367217],[-93.034994,58.344988],[-93.013769,58.327109],[-92.968666,58.308263],[-92.978394,58.304397],[-92.979279,58.280235],[-92.968666,58.261873],[-92.958938,58.258007],[-92.927101,58.218382],[-92.921795,58.199536],[-92.895264,58.175374],[-92.869617,58.170542],[-92.881998,58.151696],[-92.846624,58.133817],[-92.851045,58.105306],[-92.82363,58.064715],[-92.800636,58.043453],[-92.814786,58.030889],[-92.814786,58.018808],[-92.798868,57.981599],[-92.793562,57.956955],[-92.761724,57.875772],[-92.748459,57.85451],[-92.741384,57.834698],[-92.73254,57.832765],[-92.730772,57.810053],[-92.711315,57.773327],[-92.667097,57.713407],[-92.656485,57.703742],[-92.626416,57.659768],[-92.60077,57.640439],[-92.590157,57.61966],[-92.560973,57.592116],[-92.543286,57.560223],[-92.541517,57.540411],[-92.511449,57.536545],[-92.502605,57.531713],[-92.478727,57.486772],[-92.459271,57.460195],[-92.449543,57.4341],[-92.441584,57.398341],[-92.424781,57.35775],[-92.424781,57.329239],[-92.433624,57.308944],[-92.438931,57.26352],[-92.456618,57.225828],[-92.49553,57.179438],[-92.545055,57.101155],[-92.596348,57.049933],[-92.612266,57.043167],[-92.643219,57.016107],[-92.670635,57.000643],[-92.686553,56.987596],[-92.713969,56.95377],[-92.72635,56.945555],[-92.753765,56.94024],[-92.731656,56.92236],[-92.6839,56.932025],[-92.634376,56.959085],[-92.616688,56.978898],[-92.580429,56.991945],[-92.560089,57.002576],[-92.482265,57.034469],[-92.443352,57.04655],[-92.369066,57.058631],[-92.283282,57.063463],[-92.20988,57.072644],[-92.146205,57.044134],[-92.123212,57.049449],[-92.103756,57.039302],[-92.094028,57.047517],[-92.068381,57.047517],[-92.017088,57.051382],[-91.951645,57.06153],[-91.870283,57.076994],[-91.828718,57.089557],[-91.787152,57.098256],[-91.718172,57.120484],[-91.682797,57.129182],[-91.645654,57.133048],[-91.634157,57.13788],[-91.579326,57.148511],[-91.470549,57.176539],[-91.452862,57.179921],[-91.375922,57.201184],[-91.333472,57.207466],[-91.317554,57.214231],[-91.267145,57.219546],[-91.250342,57.228244],[-91.173402,57.243225],[-91.159252,57.251923],[-91.146871,57.247574],[-91.129184,57.253856],[-91.104421,57.253372],[-91.064625,57.259171],[-91.0151,57.261104],[-91.003604,57.264003],[-90.964691,57.259171],[-90.947888,57.26207],[-90.861221,57.265453],[-90.797546,57.251439],[-90.772784,57.252889],[-90.734756,57.236459],[-90.714416,57.23211],[-90.663122,57.238392],[-90.635707,57.237909],[-90.587951,57.223412],[-90.562305,57.211815],[-90.543733,57.210365],[-90.509243,57.197801],[-90.466793,57.197801],[-90.388969,57.177022],[-90.391622,57.158176],[-90.354478,57.152377],[-90.312029,57.139813],[-90.301416,57.133531],[-90.24128,57.113236],[-90.188218,57.091974],[-90.175836,57.080859],[-90.159033,57.074577],[-90.068828,57.051866],[-90.028147,57.038335],[-89.984813,57.019972],[-89.976854,57.007892],[-89.937057,56.999194],[-89.924676,57.002093],[-89.892839,57.00016],[-89.776987,56.971649],[-89.68236,56.961018],[-89.61957,56.947488],[-89.575351,56.940723],[-89.498412,56.924293],[-89.462153,56.92236],[-89.409975,56.92381],[-89.391403,56.920427],[-89.363988,56.92381],[-89.320654,56.910279],[-89.264054,56.896266],[-89.211877,56.880319],[-89.086297,56.861956],[-89.050922,56.853741],[-88.999629,56.854225],[-88.979288,56.851325]]}},{"type":"Feature","properties":{},"geometry":{"type":"LineString","coordinates":[[-95.153052,50.395861],[-95.535098,50.395861]]}},{"type":"Feature","properties":{},"geometry":{"type":"LineString","coordinates":[[-95.535098,50.395861],[-95.534214,50.482842],[-95.871157,50.483809],[-95.946329,50.483325],[-95.946329,50.570307],[-96.074562,50.571756],[-96.075446,50.591569],[-96.214292,50.592052],[-96.215176,50.575622],[-96.232863,50.577555],[-96.233748,50.560642],[-96.215176,50.553394],[-96.329259,50.553394],[-96.329259,50.596884],[-96.375246,50.596884],[-96.375246,50.620079],[-96.343409,50.659221],[-96.354022,50.679033],[-96.376131,50.705128],[-96.391165,50.708994],[-96.373478,50.722041],[-96.370825,50.735571],[-96.344294,50.762632],[-96.357559,50.791143],[-96.350484,50.800324],[-96.354022,50.825452],[-96.346947,50.833184],[-96.346947,50.847681],[-96.371709,50.86411],[-96.369056,50.886822],[-96.379668,50.908568],[-96.376131,50.931763],[-96.38409,50.951575],[-96.377899,50.965589],[-96.388512,50.999898],[-96.399124,51.025026],[-96.393818,51.03614],[-96.411505,51.060302],[-96.438036,51.073349],[-96.430077,51.081564],[-96.436268,51.094611],[-96.410621,51.10041],[-96.39824,51.111041],[-96.373478,51.107175],[-96.350484,51.116839],[-96.353137,51.138585],[-96.378784,51.143417],[-96.392049,51.156948],[-96.389396,51.165162],[-96.358443,51.187391],[-96.298306,51.191257],[-96.27266,51.189807],[-96.262047,51.200438],[-96.285041,51.2217],[-96.292116,51.232331],[-96.328375,51.262775],[-96.34164,51.277755],[-96.348715,51.294668],[-96.361096,51.298051],[-96.36375,51.308682],[-96.379668,51.324145],[-96.407968,51.339125],[-96.42654,51.337192],[-96.436268,51.343474],[-96.459261,51.347823],[-96.468989,51.357005],[-96.473411,51.376334],[-96.491098,51.378267],[-96.497289,51.391797],[-96.513208,51.400978],[-96.519398,51.427073],[-96.532664,51.443503],[-96.721034,51.3773],[-96.736952,51.369085],[-96.745796,51.354588],[-96.764368,51.343957],[-96.773211,51.333326],[-96.762599,51.325595],[-96.787361,51.30095],[-96.802395,51.291285],[-96.820967,51.290802],[-96.833348,51.278238],[-96.833348,51.270023],[-96.854573,51.25456],[-96.865185,51.233781],[-96.881104,51.2246],[-96.896138,51.22315],[-96.895254,51.20817],[-96.919132,51.196572],[-96.9775,51.185941],[-96.999609,51.201405],[-97.009337,51.214452],[-96.993419,51.23958],[-96.974847,51.251661],[-96.972194,51.261325],[-96.954506,51.280654],[-96.927975,51.302883],[-96.96335,51.303366],[-97.320634,51.302883],[-97.462133,51.303849],[-97.462133,51.214935],[-97.743361,51.214935],[-97.743361,51.303366],[-97.883976,51.303366],[-97.883976,51.214935],[-98.139558,51.214935],[-98.139558,51.228949],[-98.11568,51.229432],[-98.11568,51.243929],[-98.139558,51.243929],[-98.139558,51.302883],[-98.161667,51.302883],[-98.159014,51.361837],[-98.30405,51.361354],[-98.303166,51.448818],[-98.444664,51.448818],[-98.444664,51.567693],[-98.455277,51.560927],[-98.47208,51.530484],[-98.490651,51.523236],[-98.497726,51.509705],[-98.49242,51.490376],[-98.510107,51.486993],[-98.52691,51.503423],[-98.528679,51.515021],[-98.54106,51.523719],[-98.556979,51.516954],[-98.571129,51.522752],[-98.5897,51.540632],[-98.590585,51.55078],[-98.619769,51.551263],[-98.638341,51.544014],[-98.667525,51.569142],[-98.704668,51.577357],[-98.734736,51.574941],[-98.732968,51.563827],[-98.749771,51.558511],[-98.752424,51.55078],[-98.770995,51.548847],[-98.769227,51.538699],[-98.786914,51.530484],[-98.786914,51.51647],[-98.780724,51.495691],[-98.763921,51.463798],[-98.779839,51.460899],[-98.803717,51.448335],[-98.811676,51.428523],[-98.809908,51.413059],[-98.819636,51.40726],[-98.815214,51.381166],[-98.802833,51.384549],[-98.790452,51.397113],[-98.776302,51.3802],[-98.777186,51.370535],[-98.752424,51.341541],[-98.754193,51.31448],[-98.732968,51.306749],[-98.727662,51.294185],[-98.70909,51.294185],[-98.691403,51.28597],[-98.641878,51.293218],[-98.621538,51.287903],[-98.591469,51.286936],[-98.564054,51.280171],[-98.562285,51.271956],[-98.578204,51.252144],[-98.587932,51.246345],[-98.566707,51.222184],[-98.550788,51.217351],[-98.551673,51.209136],[-98.610041,51.176277],[-98.639225,51.181109],[-98.649837,51.168062],[-98.6746,51.161297],[-98.655143,51.152115],[-98.656912,51.144384],[-98.675484,51.139068],[-98.677253,51.129403],[-98.644531,51.113457],[-98.642762,51.093644],[-98.672831,51.091228],[-98.682559,51.080597],[-98.69494,51.087362],[-98.70909,51.08108],[-98.740927,51.120222],[-98.773649,51.121672],[-98.766574,51.110557],[-98.740927,51.092678],[-98.765689,51.08253],[-98.785145,51.084946]]}},{"type":"Feature","properties":{},"geometry":{"type":"LineString","coordinates":[[-98.785145,51.084946],[-98.781608,51.097994],[-98.795758,51.108141],[-98.822289,51.106692],[-98.843514,51.100893],[-98.867391,51.076731],[-98.870045,51.096061],[-98.860317,51.131336],[-98.874466,51.146316],[-98.878888,51.166129],[-98.859432,51.181109],[-98.84882,51.194156],[-98.852357,51.220734],[-98.84882,51.227016],[-98.85501,51.273406],[-98.871813,51.256976],[-98.901882,51.255526],[-98.914263,51.244895],[-98.913379,51.230882],[-98.941678,51.223633],[-98.940794,51.212519],[-98.928413,51.17676],[-98.946984,51.170478],[-98.959366,51.198989],[-98.977053,51.193673],[-99.027462,51.262292],[-99.038074,51.282587],[-99.036305,51.296118],[-99.05134,51.293702],[-99.039843,51.282104],[-99.046918,51.266641],[-99.059299,51.256493],[-99.073449,51.273889],[-99.092905,51.328011],[-99.110592,51.346857],[-99.117667,51.360387],[-99.102633,51.381166],[-99.116783,51.397113],[-99.111477,51.406777],[-99.122089,51.447852],[-99.115898,51.464282],[-99.124742,51.522752],[-99.168076,51.536766],[-99.172498,51.563827],[-99.179573,51.56286],[-99.186648,51.535316],[-99.201682,51.551746],[-99.216716,51.548847],[-99.235288,51.553679],[-99.245016,51.530484],[-99.261819,51.523236],[-99.275084,51.527585],[-99.295425,51.551263],[-99.295425,51.574458],[-99.306037,51.606351],[-99.301615,51.615049],[-99.310459,51.62568],[-99.30869,51.64066],[-99.326378,51.649359],[-99.332568,51.619398],[-99.353793,51.618432],[-99.381208,51.631479],[-99.41393,51.626163],[-99.428964,51.634378],[-99.443114,51.633412],[-99.443114,51.74987],[-99.443114,51.971189],[-99.461686,51.971189],[-99.461686,52.056721],[-99.825161,52.056721],[-99.829582,52.067835],[-99.843732,52.0775],[-99.840195,52.116158],[-99.83312,52.126306],[-99.822507,52.152401],[-99.828698,52.159649],[-99.824276,52.187676],[-99.844617,52.203623],[-99.848154,52.230684],[-99.870263,52.235516],[-99.869379,52.257745],[-99.862304,52.274174],[-99.842848,52.277557],[-99.834004,52.267892],[-99.813664,52.292054],[-99.783595,52.279973],[-99.773867,52.287705],[-99.764139,52.306068],[-99.780058,52.305584],[-99.755296,52.327813],[-99.748221,52.347142],[-99.749105,52.363572],[-99.728765,52.389666],[-99.71373,52.39015],[-99.701349,52.407063],[-99.725227,52.412861],[-99.717268,52.421559],[-99.706655,52.446204],[-99.688084,52.459735],[-99.681893,52.478097],[-99.671281,52.496943],[-99.654478,52.510474],[-99.649172,52.532702],[-99.654478,52.56073],[-99.668628,52.559763],[-99.683662,52.587307],[-99.669512,52.623066],[-99.668628,52.641429],[-99.682777,52.647228],[-99.681009,52.660758],[-99.688968,52.666074],[-99.673934,52.689269],[-99.69339,52.695067],[-99.687199,52.711014],[-99.703118,52.725511],[-99.724343,52.727927],[-99.72169,52.74629],[-99.709308,52.75837],[-99.688968,52.787847],[-99.70754,52.785915],[-99.740261,52.797995],[-99.749989,52.797512],[-99.737608,52.824573],[-99.723458,52.829405],[-99.715499,52.841969],[-100.074552,52.841969],[-100.075436,53.000469],[-100.277072,53.000952],[-100.575103,53.001435],[-101.000484,52.999985],[-101.158785,53.000952],[-101.483348,53.001435],[-101.671718,53.001435]]}},{"type":"Feature","properties":{},"geometry":{"type":"LineString","coordinates":[[-101.671718,53.001435],[-101.671718,53.016415],[-101.700902,53.016415],[-101.700902,53.36579],[-101.735392,53.36579],[-101.735392,53.563914],[-101.738045,53.601606],[-101.735392,53.625284],[-101.735392,53.710816],[-101.770767,53.710816]]}},{"type":"Feature","properties":{},"geometry":{"type":"LineString","coordinates":[[-98.453508,51.82767],[-98.593238,51.82767],[-98.594122,51.885658],[-98.735621,51.885658],[-98.735621,51.755186],[-98.877119,51.755669],[-98.877119,51.798193],[-99.088483,51.798193],[-99.091136,51.702997],[-99.069027,51.705896],[-99.058415,51.685601],[-99.061952,51.659023],[-99.05753,51.645493],[-99.04338,51.645009],[-99.034537,51.621814],[-99.02304,51.575424],[-99.020387,51.551263],[-99.013312,51.547397],[-99.007121,51.526135],[-98.98855,51.488926],[-98.991203,51.462349],[-98.983243,51.455583],[-98.967325,51.401945],[-98.9461,51.397596],[-98.944331,51.377783],[-98.931066,51.353622],[-98.892154,51.326561],[-98.900113,51.351206],[-98.892154,51.368602],[-98.896576,51.3773],[-98.885963,51.397113],[-98.895691,51.404361],[-98.893922,51.424657],[-98.904535,51.439154],[-98.908957,51.469114],[-98.916032,51.488926],[-98.916032,51.508739],[-98.910725,51.528551],[-98.912494,51.561894],[-98.905419,51.593304],[-98.912494,51.600069],[-98.931066,51.59717],[-98.943447,51.585572],[-98.954059,51.587022],[-98.958481,51.600069],[-98.93991,51.600069],[-98.93195,51.6107],[-98.957597,51.615049],[-98.982359,51.608767],[-99.000046,51.622781],[-99.009774,51.650325],[-99.023924,51.659023],[-98.999162,51.666272],[-98.985897,51.665788],[-98.987665,51.698165],[-98.959366,51.70493],[-98.930181,51.689467],[-98.9178,51.677869],[-98.895691,51.688983],[-98.877119,51.6885],[-98.874466,51.711212],[-98.846167,51.713145],[-98.839976,51.701547],[-98.822289,51.690433],[-98.813445,51.675936],[-98.826711,51.670137],[-98.821404,51.65999],[-98.809023,51.656124],[-98.812561,51.64356],[-98.795758,51.62858],[-98.798411,51.614566],[-98.785145,51.59572],[-98.758614,51.590404],[-98.752424,51.582673],[-98.725008,51.588955],[-98.701131,51.587505],[-98.702015,51.601036],[-98.686096,51.6107],[-98.665756,51.632929],[-98.65249,51.639694],[-98.656028,51.65854],[-98.68079,51.665305],[-98.690518,51.686567],[-98.669293,51.695265],[-98.653375,51.692366],[-98.645415,51.680768],[-98.643647,51.664822],[-98.617116,51.660956],[-98.618884,51.769683],[-98.536638,51.769683],[-98.535754,51.780314],[-98.498611,51.780797],[-98.497726,51.762434],[-98.451739,51.761951],[-98.452624,51.74987],[-98.416364,51.76485],[-98.393371,51.764367],[-98.38099,51.769683],[-98.350921,51.7663],[-98.335887,51.78128],[-98.319084,51.768716],[-98.31024,51.779347],[-98.342962,51.789012],[-98.357112,51.785146],[-98.367724,51.807375],[-98.359765,51.814623],[-98.360649,51.82767],[-98.374799,51.830086],[-98.453508,51.82767]]}},{"type":"Feature","properties":{},"geometry":{"type":"LineString","coordinates":[[-97.126958,49.913115],[-97.110155,49.926162]]}},{"type":"Feature","properties":{},"geometry":{"type":"LineString","coordinates":[[-97.110155,49.926162],[-97.110155,49.936793],[-97.077433,49.924712],[-97.071243,49.929544],[-97.048249,49.922296],[-97.042943,49.930994],[-96.933282,49.930028],[-96.819198,49.930028]]}},{"type":"Feature","properties":{},"geometry":{"type":"LineString","coordinates":[[-96.819198,49.930028],[-96.820967,49.856093],[-96.953622,49.856577],[-96.953622,49.833865],[-96.962466,49.82565],[-97.02614,49.798589]]}},{"type":"Feature","properties":{},"geometry":{"type":"LineString","coordinates":[[-97.02614,49.798589],[-97.027025,49.876872],[-97.042943,49.888953],[-97.104849,49.899101],[-97.108386,49.902483]]}},{"type":"Feature","properties":{},"geometry":{"type":"LineString","coordinates":[[-97.108386,49.902483],[-97.126958,49.913115]]}},{"type":"Feature","properties":{},"geometry":{"type":"LineString","coordinates":[[-97.183557,50.063882],[-97.115461,50.063882],[-97.108386,50.061949],[-96.95716,49.99478],[-96.939472,50.008311],[-96.899676,50.026673],[-96.865185,50.048419],[-96.853689,50.062916],[-96.819198,50.062916]]}},{"type":"Feature","properties":{},"geometry":{"type":"LineString","coordinates":[[-96.819198,50.062916],[-96.819198,49.930028]]}},{"type":"Feature","properties":{},"geometry":{"type":"LineString","coordinates":[[-97.110155,49.926162],[-97.124305,49.927611],[-97.15968,49.939209],[-97.138455,49.96337],[-97.183557,49.975451]]}},{"type":"Feature","properties":{},"geometry":{"type":"LineString","coordinates":[[-97.183557,49.975451],[-97.183557,50.063882]]}},{"type":"Feature","properties":{},"geometry":{"type":"LineString","coordinates":[[-98.732968,49.53233],[-98.56936,49.532813],[-98.568476,49.539578],[-98.545482,49.539578],[-98.545482,49.532813],[-98.414596,49.531846],[-98.414596,49.798589],[-98.369493,49.798106],[-98.369493,49.88702],[-98.41548,49.890886],[-98.419018,49.87204],[-98.437589,49.87204],[-98.437589,49.88702],[-98.560516,49.88702],[-98.559632,50.063399],[-98.560516,50.233496],[-98.559632,50.235429]]}},{"type":"Feature","properties":{},"geometry":{"type":"LineString","coordinates":[[-98.559632,50.235429],[-98.500379,50.204985],[-98.44997,50.191455],[-98.382759,50.18469],[-98.319969,50.187589],[-98.2616,50.19967],[-98.199695,50.216099],[-98.174048,50.224314],[-98.107721,50.249926],[-98.080305,50.270704],[-98.069693,50.292933],[-98.014862,50.306947],[-98.014862,50.240744],[-98.01044,50.240744],[-98.01044,50.067748],[-97.973297,50.066782],[-97.929963,50.083695],[-97.901663,50.083211],[-97.874248,50.077413],[-97.830914,50.077413],[-97.814111,50.071131],[-97.809689,50.063882],[-97.735402,50.063882]]}},{"type":"Feature","properties":{},"geometry":{"type":"LineString","coordinates":[[-97.735402,50.063882],[-97.731865,50.043103],[-97.697374,50.030056],[-97.652272,49.99623],[-97.642544,50.016042],[-97.602747,50.012177],[-97.596557,50.004928],[-97.562066,49.989948],[-97.52846,49.968203],[-97.52846,49.964337],[-97.48778,49.941625],[-97.486895,49.93486],[-97.470092,49.923746],[-97.444446,49.923262],[-97.454174,49.805838],[-97.367506,49.80922],[-97.299409,49.80922],[-97.233966,49.814536]]}},{"type":"Feature","properties":{},"geometry":{"type":"LineString","coordinates":[[-97.233966,49.814536],[-97.219816,49.814536],[-97.219816,49.800522]]}},{"type":"Feature","properties":{},"geometry":{"type":"LineString","coordinates":[[-97.219816,49.800522],[-97.213626,49.797139],[-97.213626,49.753649],[-97.219816,49.752682],[-97.219816,49.713541]]}},{"type":"Feature","properties":{},"geometry":{"type":"LineString","coordinates":[[-97.219816,49.713541],[-97.210088,49.709192],[-97.20832,49.695661],[-97.172945,49.708225],[-97.162333,49.708225],[-97.162333,49.620761],[-97.180904,49.620761],[-97.18002,49.60578],[-97.196823,49.591284],[-97.226007,49.576303],[-97.226007,49.561323],[-97.236619,49.561323],[-97.254307,49.546826],[-97.254307,49.531846],[-97.15968,49.531846],[-97.176482,49.524598],[-97.176482,49.502369],[-97.187979,49.487389],[-97.187979,49.354984],[-97.350703,49.354501],[-97.338322,49.341937],[-97.333015,49.328407],[-97.36839,49.325024],[-97.369274,49.26607],[-97.45948,49.26607],[-97.45948,49.088725],[-97.324172,49.089208],[-97.325056,49.000777]]}},{"type":"Feature","properties":{},"geometry":{"type":"LineString","coordinates":[[-97.219816,49.713541],[-97.128727,49.745434],[-97.121652,49.740602],[-97.08274,49.753166],[-97.083624,49.762347],[-97.048249,49.774428],[-97.048249,49.792307]]}},{"type":"Feature","properties":{},"geometry":{"type":"LineString","coordinates":[[-97.048249,49.792307],[-97.02614,49.798589]]}},{"type":"Feature","properties":{},"geometry":{"type":"LineString","coordinates":[[-96.819198,50.062916],[-96.63525,50.061949],[-96.636134,49.973035],[-96.361096,49.973035],[-96.360212,50.061466],[-96.086058,50.061466],[-96.087827,50.134434],[-96.043609,50.134434],[-96.023268,50.116554],[-95.998506,50.132501],[-95.936601,50.134434],[-95.931294,50.139266],[-95.872926,50.134434],[-95.861429,50.124769],[-95.863198,50.115104],[-95.843742,50.111239],[-95.820748,50.125252],[-95.820748,50.192421],[-95.639453,50.192421],[-95.640338,50.221415],[-95.603194,50.221898],[-95.603194,50.337873],[-95.534214,50.337873],[-95.535098,50.395861]]}},{"type":"Feature","properties":{},"geometry":{"type":"LineString","coordinates":[[-101.447089,50.063882],[-101.447089,50.240744],[-101.477157,50.240744],[-101.477157,50.358169],[-101.476273,50.438868],[-101.477157,50.485258]]}},{"type":"Feature","properties":{},"geometry":{"type":"LineString","coordinates":[[-101.477157,50.485258],[-101.477157,50.594468],[-101.508995,50.594468],[-101.508995,50.790176],[-101.508995,50.948676],[-101.539063,50.948676],[-101.539063,51.154531],[-101.539063,51.301916],[-101.5709,51.301916],[-101.5709,51.5358],[-101.5709,51.655157],[-101.577091,51.655157],[-101.577091,51.89049],[-101.577975,51.96829],[-101.608928,51.968773],[-101.608928,52.223435],[-101.608928,52.318148],[-101.638112,52.318148],[-101.638112,52.535118],[-101.638112,52.66704],[-101.671718,52.66704],[-101.671718,52.785915],[-101.671718,53.001435]]}},{"type":"Feature","properties":{},"geometry":{"type":"LineString","coordinates":[[-98.785145,51.084946],[-98.804601,51.081564],[-98.822289,51.074315],[-98.836439,51.061751],[-98.851473,51.059335],[-98.843514,51.042905],[-98.851473,51.026959],[-98.835554,50.9883],[-98.832901,50.963172],[-98.839092,50.952541],[-98.854126,50.954958],[-98.867391,50.945293],[-98.86916,50.937078],[-98.861201,50.897936],[-98.867391,50.890688],[-98.862085,50.874741],[-98.847935,50.869426],[-98.835554,50.855895],[-98.82052,50.857345],[-98.809023,50.837533],[-98.809023,50.828351],[-98.784261,50.810472],[-98.763036,50.780512],[-98.739158,50.773263],[-98.738274,50.758283],[-98.721471,50.740404],[-98.714396,50.709477],[-98.692287,50.68],[-98.667525,50.664053],[-98.634803,50.618147],[-98.642762,50.597851],[-98.643647,50.581904],[-98.633034,50.572723],[-98.606503,50.559676],[-98.596775,50.522467],[-98.595007,50.502171],[-98.578204,50.477527],[-98.564054,50.472211],[-98.562285,50.462547],[-98.530448,50.424855],[-98.521604,50.404076],[-98.531332,50.376048],[-98.564054,50.370733],[-98.580857,50.362518],[-98.596775,50.33594],[-98.602081,50.306463],[-98.587047,50.252825],[-98.572897,50.248476],[-98.559632,50.235429]]}},{"type":"Feature","properties":{},"geometry":{"type":"LineString","coordinates":[[-97.126958,49.886054],[-97.130495,49.895235],[-97.108386,49.902483]]}},{"type":"Feature","properties":{},"geometry":{"type":"LineString","coordinates":[[-97.048249,49.792307],[-97.057093,49.788925],[-97.079202,49.817435],[-97.092468,49.838214],[-97.114577,49.830482],[-97.112808,49.820334],[-97.135802,49.812603],[-97.142877,49.822267]]}},{"type":"Feature","properties":{},"geometry":{"type":"LineString","coordinates":[[-97.142877,49.822267],[-97.120767,49.846429],[-97.11723,49.87059],[-97.133149,49.870107],[-97.126958,49.886054]]}},{"type":"Feature","properties":{},"geometry":{"type":"LineString","coordinates":[[-97.183557,50.063882],[-97.455058,50.063882],[-97.735402,50.063882]]}},{"type":"Feature","properties":{},"geometry":{"type":"LineString","coordinates":[[-97.229544,49.932927],[-97.160564,49.913598],[-97.154373,49.922296],[-97.126958,49.913115]]}},{"type":"Feature","properties":{},"geometry":{"type":"LineString","coordinates":[[-97.126958,49.886054],[-97.171176,49.876389],[-97.203013,49.876872]]}},{"type":"Feature","properties":{},"geometry":{"type":"LineString","coordinates":[[-97.203013,49.876872],[-97.218932,49.87349],[-97.217163,49.899584],[-97.211857,49.911665],[-97.229544,49.916497],[-97.229544,49.932927]]}},{"type":"Feature","properties":{},"geometry":{"type":"LineString","coordinates":[[-97.229544,49.932927],[-97.229544,49.975451],[-97.183557,49.975451]]}},{"type":"Feature","properties":{},"geometry":{"type":"LineString","coordinates":[[-97.219816,49.800522],[-97.164101,49.817918],[-97.142877,49.822267]]}},{"type":"Feature","properties":{},"geometry":{"type":"LineString","coordinates":[[-97.233966,49.814536],[-97.231313,49.845462],[-97.207435,49.847395],[-97.203013,49.876872]]}},{"type":"Feature","properties":{},"geometry":{"type":"LineString","coordinates":[[-110.005105,52.40513],[-110.00422,52.521588],[-110.005989,52.696034],[-110.005105,52.857433]]}},{"type":"Feature","properties":{},"geometry":{"type":"LineString","coordinates":[[-110.005105,52.857433],[-110.005989,52.886426],[-110.00422,52.987421],[-110.005989,53.045409],[-110.005105,53.259963],[-110.005105,53.437308],[-110.005989,53.603056],[-110.005105,53.74126],[-110.005989,53.932618],[-110.005989,54.064057],[-110.005989,54.238503]]}},{"type":"Feature","properties":{},"geometry":{"type":"LineString","coordinates":[[-110.005989,54.238503],[-110.005989,54.383955],[-110.007758,54.406667],[-110.005989,54.440976],[-110.005989,54.649731]]}},{"type":"Feature","properties":{},"geometry":{"type":"LineString","coordinates":[[-110.005989,54.649731],[-109.936124,54.650214],[-109.911362,54.645382],[-109.911362,54.630885],[-109.898096,54.630885],[-109.896327,54.615422],[-109.883946,54.614939],[-109.883946,54.601891],[-109.859184,54.601891],[-109.857415,54.585462],[-109.784013,54.585462],[-109.784013,54.557918],[-109.633671,54.558401],[-109.632786,54.528924],[-109.608024,54.528924],[-109.60714,54.514427],[-109.532853,54.514427],[-109.531968,54.500413],[-109.154344,54.49993],[-109.155228,54.48495],[-109.040261,54.484467],[-108.879306,54.4864],[-108.802366,54.485916],[-108.801482,54.515877],[-108.648486,54.515877],[-108.648486,54.587878],[-108.599846,54.587878],[-108.598962,54.674859],[-108.422973,54.674376],[-108.423857,54.587395],[-108.075417,54.586911],[-107.970177,54.587395],[-107.969293,54.413432],[-107.951605,54.413432],[-107.953374,54.161186],[-107.954258,54.150555],[-107.803032,54.150072],[-107.448401,54.150555],[-107.352889,54.149589]]}},{"type":"Feature","properties":{},"geometry":{"type":"LineString","coordinates":[[-107.352889,54.149589],[-107.353773,54.063574],[-107.344045,54.063574],[-107.34493,53.976592],[-107.629696,53.976592],[-107.791535,53.977076],[-107.790651,53.942283],[-107.791535,53.802146],[-107.940109,53.802146],[-107.940109,53.715165],[-107.751738,53.715165],[-107.749085,53.726279],[-107.734051,53.729662],[-107.733167,53.751407],[-107.717248,53.758656],[-107.718133,53.714199],[-107.466088,53.715648],[-107.185744,53.715165],[-107.184859,53.677956],[-107.218465,53.677956],[-107.218465,53.634466],[-107.206084,53.634466],[-107.206084,53.549901],[-107.184859,53.549901],[-107.185744,53.453255],[-107.038939,53.453255],[-107.038055,53.366273],[-107.026558,53.366273],[-107.025673,53.192311]]}},{"type":"Feature","properties":{},"geometry":{"type":"LineString","coordinates":[[-107.025673,53.192311],[-107.317514,53.192311],[-107.61024,53.192311],[-107.759698,53.190861],[-107.759698,53.016415],[-107.745548,53.016415],[-107.745548,52.929917],[-107.890584,52.929434],[-107.890584,52.667523],[-107.87555,52.667523],[-107.87555,52.567012],[-107.913578,52.572327],[-107.951605,52.574743],[-107.978136,52.570877],[-107.994939,52.572327],[-107.994939,52.522071],[-107.971061,52.522071],[-107.971946,52.362605],[-108.017933,52.362605],[-108.060382,52.377102],[-108.162085,52.376619]]}},{"type":"Feature","properties":{},"geometry":{"type":"LineString","coordinates":[[-108.162085,52.376619],[-108.162085,52.406096],[-108.362836,52.40513],[-108.67767,52.405613],[-108.67767,52.398364],[-108.727195,52.398364],[-108.727195,52.405613],[-109.001348,52.405613],[-109.026111,52.404646],[-109.121622,52.405613],[-109.456797,52.405613],[-109.744216,52.405613],[-109.881293,52.405613],[-110.005105,52.40513]]}},{"type":"Feature","properties":{},"geometry":{"type":"LineString","coordinates":[[-107.025673,53.192311],[-106.940774,53.191827],[-106.940774,53.177331],[-106.868256,53.177331],[-106.867372,53.104846],[-106.724104,53.104363],[-106.72322,53.184096],[-106.710839,53.191827],[-106.441992,53.191344],[-106.442876,53.106779],[-106.418114,53.102913],[-106.344711,53.10243],[-106.267771,53.103396],[-106.28988,53.085034],[-106.311105,53.075852],[-106.384508,53.031878],[-106.39512,53.016898],[-106.295187,53.016898],[-106.251853,53.02463],[-106.214709,53.025113],[-106.166953,53.040093],[-106.155457,53.021731],[-106.12362,53.004818],[-106.102395,53.007234],[-106.10151,52.992737],[-106.126273,52.992737],[-106.125388,52.96326],[-106.05287,52.96326],[-106.05287,52.977757],[-106.00423,52.977757],[-106.003346,52.913487],[-105.988311,52.918319],[-105.960896,52.912037],[-105.943209,52.91397],[-105.92729,52.90189],[-105.900759,52.910588],[-105.854772,52.91542],[-105.830894,52.926051],[-105.81586,52.923152],[-105.793751,52.929434],[-105.486876,52.928951],[-105.219797,52.929434],[-105.220681,52.978723],[-105.073876,52.977757],[-105.073876,52.933783],[-104.927071,52.933783],[-104.927071,52.928951],[-104.615774,52.928951],[-104.615774,52.874346],[-104.640537,52.874346],[-104.640537,52.856466],[-104.615774,52.848734],[-104.61489,52.739041],[-104.616659,52.66704],[-104.598087,52.66704]]}},{"type":"Feature","properties":{},"geometry":{"type":"LineString","coordinates":[[-104.598087,52.66704],[-104.597203,52.596972],[-104.597203,52.318632],[-104.577747,52.318632],[-104.577747,52.143702]]}},{"type":"Feature","properties":{},"geometry":{"type":"LineString","coordinates":[[-104.577747,52.143702],[-104.838635,52.143702],[-105.051767,52.143702],[-105.051767,52.114709],[-105.148163,52.114709],[-105.153469,52.143702],[-105.455923,52.143702],[-105.693817,52.143702],[-106.002461,52.143702],[-106.003346,51.969257],[-106.005114,51.881792],[-106.257159,51.881792],[-106.42961,51.881792],[-106.42961,51.969257],[-106.712608,51.968773],[-106.795738,51.968773],[-106.802813,51.956693],[-106.774513,51.942196],[-106.754173,51.939296],[-106.750635,51.928182],[-106.773629,51.9219],[-106.770976,51.913685],[-106.747982,51.901604],[-106.754173,51.881792]]}},{"type":"Feature","properties":{},"geometry":{"type":"LineString","coordinates":[[-106.754173,51.881792],[-106.915128,51.881792],[-107.279487,51.881792],[-107.279487,51.968773],[-107.28833,51.968773],[-107.289215,52.143702],[-107.716364,52.143702],[-107.716364,52.207489],[-107.714595,52.230684],[-108.145282,52.231167],[-108.145282,52.318632],[-108.162085,52.318632],[-108.162085,52.376619]]}},{"type":"Feature","properties":{},"geometry":{"type":"LineString","coordinates":[[-106.700227,52.093447],[-106.670158,52.089581],[-106.670158,52.070735],[-106.64628,52.071218],[-106.64628,52.081366],[-106.602946,52.069285],[-106.598524,52.089581],[-106.564918,52.086198],[-106.517163,52.086198],[-106.532197,52.095379],[-106.527775,52.111326],[-106.508319,52.114709],[-106.503897,52.143702]]}},{"type":"Feature","properties":{},"geometry":{"type":"LineString","coordinates":[[-106.503897,52.143702],[-106.503897,52.172696],[-106.539272,52.194442],[-106.575531,52.194442],[-106.605599,52.207972]]}},{"type":"Feature","properties":{},"geometry":{"type":"LineString","coordinates":[[-106.605599,52.207972],[-106.598524,52.21812],[-106.610906,52.222952],[-106.633899,52.222952],[-106.633899,52.230201],[-106.673696,52.210871],[-106.671042,52.231167],[-106.706417,52.231167],[-106.717914,52.224402],[-106.717914,52.211838],[-106.670158,52.180428],[-106.694036,52.180428],[-106.695805,52.187193],[-106.730295,52.184777],[-106.729411,52.173179],[-106.711723,52.173179],[-106.711723,52.158683],[-106.76567,52.158683],[-106.76567,52.150468],[-106.824038,52.150951],[-106.824038,52.121957],[-106.789548,52.121957],[-106.789548,52.100212],[-106.740023,52.098762],[-106.721451,52.085715],[-106.700227,52.093447]]}},{"type":"Feature","properties":{},"geometry":{"type":"LineString","coordinates":[[-110.005989,54.649731],[-110.005989,54.747827],[-110.003336,54.949334],[-110.001567,55.180317],[-109.999798,55.331085],[-109.999798,55.57125],[-109.999798,55.818664],[-109.999798,55.985861],[-110.000683,56.242456],[-110.005989,56.282081],[-109.999798,56.286913],[-109.999798,56.500017],[-109.999798,56.682195],[-109.999798,56.929125],[-109.999798,57.12435],[-109.999798,57.24999],[-109.999798,57.439899],[-109.999798,57.557324],[-109.999798,57.750132],[-109.999798,57.942458],[-110.000683,58.137683],[-109.999798,58.282168],[-110.000683,58.295699],[-110.000683,58.507353],[-110.000683,58.702095],[-109.999798,58.86156],[-109.999798,58.999764],[-109.999798,59.250077],[-109.999798,59.484927],[-110.000683,59.719293],[-109.999798,60.000049]]}},{"type":"Feature","properties":{},"geometry":{"type":"LineString","coordinates":[[-109.999798,60.000049],[-109.750407,60.000049],[-109.500131,60.000049],[-109.249856,60.000049],[-108.99958,60.000049],[-108.750188,60.000049],[-108.499913,60.000049],[-108.249637,60.000049],[-108.000245,60.000049],[-107.74997,60.000049],[-107.499694,60.000049],[-107.250303,60.000049],[-107.000027,60.000049],[-106.749751,60.000049],[-106.50036,60.000049],[-106.250084,60.000049],[-105.999808,60.000049],[-105.750417,60.000049],[-105.500141,60.000049],[-105.249865,60.000049],[-104.99959,60.000049],[-104.750198,60.000049],[-104.499922,60.000049],[-104.249647,60.000049],[-104.000255,60.000049],[-103.74998,60.000049],[-103.499704,60.000049],[-103.250312,60.000049],[-103.000037,60.000049],[-102.749761,60.000049],[-102.50037,60.000049],[-102.250094,60.000049],[-101.999818,60.000049]]}},{"type":"Feature","properties":{},"geometry":{"type":"LineString","coordinates":[[-101.770767,53.710816],[-101.837979,53.70985],[-101.857435,53.686171],[-101.886619,53.675057],[-101.911381,53.680856],[-101.937912,53.677473],[-101.937912,53.659594],[-101.965328,53.642197],[-101.987437,53.639781],[-101.987437,53.628667],[-102.013968,53.625284],[-102.034308,53.627701],[-102.057302,53.619002],[-102.085602,53.625768],[-102.102405,53.620452],[-102.105942,53.603056],[-102.125398,53.58566],[-102.118323,53.553766],[-102.086486,53.522356],[-102.083833,53.469684],[-102.074105,53.433442],[-102.075874,53.403482],[-102.085602,53.391884],[-102.097098,53.297655],[-102.111248,53.25948],[-102.143085,53.204875],[-102.165195,53.188928],[-102.189072,53.156552],[-102.220025,53.126108],[-102.239481,53.10243],[-102.256284,53.075369],[-102.28989,53.054107],[-102.305809,53.051691],[-102.316421,53.03816],[-102.330571,53.004818],[-102.35268,52.986938],[-102.396014,52.929434],[-102.732074,52.929434],[-103.02303,52.929917],[-103.02303,53.016898],[-103.026568,53.016898],[-103.026568,53.191827],[-102.914253,53.192794],[-102.968199,53.230486],[-102.987656,53.258513],[-102.980581,53.262379],[-103.001805,53.275426],[-103.011533,53.292822],[-103.024799,53.298138],[-103.025683,53.36579],[-103.035411,53.36579],[-103.03718,53.454704],[-103.035411,53.714199],[-103.038064,53.749474],[-103.036296,53.775086],[-103.053983,53.773153],[-103.076092,53.763488],[-103.088473,53.748025],[-103.116773,53.731595],[-103.157454,53.719514],[-103.188407,53.726763],[-103.210516,53.728212],[-103.220244,53.719514],[-103.245006,53.713715],[-103.262694,53.718064],[-103.296299,53.713232],[-103.320177,53.694869],[-103.359974,53.688587],[-103.390042,53.686655],[-103.400655,53.680373],[-103.397117,53.659594],[-103.412151,53.646546],[-103.432492,53.640748],[-103.499704,53.637365],[-103.518275,53.639298],[-103.5678,53.637365],[-103.627937,53.628184]]}},{"type":"Feature","properties":{},"geometry":{"type":"LineString","coordinates":[[-103.627937,53.628184],[-103.627053,53.713715],[-103.641202,53.714199],[-103.642971,53.801663],[-103.926853,53.801663],[-104.332777,53.80118],[-104.407064,53.800697],[-104.535297,53.802146],[-104.658224,53.801663],[-104.99959,53.801663],[-105.129591,53.802146],[-105.129591,53.933585],[-105.126938,53.977559],[-105.429392,53.976592],[-105.581503,53.976592],[-106.00423,53.976109],[-106.00423,54.227388],[-105.999808,54.312437],[-106.013958,54.328867],[-106.251853,54.328383],[-106.339405,54.327417],[-106.552537,54.325967],[-106.587028,54.345297],[-106.595871,54.325967],[-106.753289,54.325001],[-106.753289,54.2501],[-106.75152,54.148622],[-107.05132,54.149589],[-107.352889,54.149589]]}},{"type":"Feature","properties":{},"geometry":{"type":"LineString","coordinates":[[-104.577747,52.143702],[-104.577747,51.969257],[-104.556522,51.963941],[-104.556522,51.881792],[-104.484004,51.881309]]}},{"type":"Feature","properties":{},"geometry":{"type":"LineString","coordinates":[[-104.484004,51.881309],[-104.497269,51.866812],[-104.491963,51.858114],[-104.506113,51.840717],[-104.527338,51.833469],[-104.532644,51.818006],[-104.522032,51.802542],[-104.530875,51.789978],[-104.556522,51.785629],[-104.557406,51.619882],[-104.53795,51.619882],[-104.53795,51.500041],[-104.53795,51.270506],[-104.519378,51.270506],[-104.519378,51.08108],[-104.519378,50.921131],[-104.500807,50.921131],[-104.500807,50.86701],[-104.519378,50.849614],[-104.555638,50.824486],[-104.567134,50.811438],[-104.588359,50.799841],[-104.616659,50.775679],[-104.616659,50.580938],[-104.618428,50.542763],[-104.640537,50.543246],[-104.640537,50.50797]]}},{"type":"Feature","properties":{},"geometry":{"type":"LineString","coordinates":[[-104.640537,50.50797],[-104.659993,50.521501],[-104.686524,50.521501],[-104.689177,50.513286],[-104.721014,50.513286],[-104.721014,50.484292],[-104.755504,50.484292],[-104.755504,50.469312],[-104.778498,50.469312],[-104.778498,50.434519],[-104.721014,50.440318],[-104.709517,50.44515],[-104.686524,50.443701],[-104.686524,50.396827],[-104.617543,50.397311]]}},{"type":"Feature","properties":{},"geometry":{"type":"LineString","coordinates":[[-104.617543,50.397311],[-104.57244,50.396827],[-104.570672,50.414224],[-104.513188,50.412291],[-104.499038,50.406009]]}},{"type":"Feature","properties":{},"geometry":{"type":"LineString","coordinates":[[-104.499038,50.406009],[-104.480466,50.396827]]}},{"type":"Feature","properties":{},"geometry":{"type":"LineString","coordinates":[[-104.480466,50.396827],[-104.480466,50.221898],[-104.463663,50.221898],[-104.463663,50.075963],[-104.463663,49.87204],[-104.445092,49.87204],[-104.445092,49.784575],[-104.8519,49.784575],[-105.123401,49.784575],[-105.461229,49.784575],[-105.687627,49.784575],[-105.936134,49.785059],[-106.00423,49.785542],[-106.139538,49.785542],[-106.410154,49.785542]]}},{"type":"Feature","properties":{},"geometry":{"type":"LineString","coordinates":[[-106.410154,49.785542],[-106.571109,49.785542],[-106.816963,49.785542],[-106.817847,49.873006],[-106.824038,49.873006],[-106.824038,50.047936],[-106.824038,50.222381],[-106.830228,50.222381],[-106.829344,50.405042],[-106.829344,50.57224],[-106.835535,50.57224],[-106.83465,50.660187],[-106.975265,50.659704],[-106.973496,50.688698],[-106.975265,50.734122],[-106.973496,50.809505],[-106.950502,50.831251],[-106.950502,50.840915],[-106.973496,50.86411],[-106.977033,50.880057],[-106.965537,50.892138],[-106.923971,50.915333],[-106.913359,50.92983],[-106.899209,50.976703],[-106.898325,51.000381],[-106.885944,51.016811],[-106.856759,51.031308],[-106.717914,51.05112],[-106.677233,51.076731],[-106.633899,51.090745],[-106.633015,51.106208],[-106.652471,51.114907],[-106.717914,51.129403],[-106.743561,51.138585],[-106.788663,51.167579],[-106.810772,51.188357],[-106.840841,51.237164],[-106.847916,51.256493],[-106.870909,51.281621],[-106.924856,51.313997],[-106.961999,51.321729],[-106.983224,51.356038],[-106.990299,51.388898],[-107.000027,51.402428],[-107.061933,51.422241],[-107.078735,51.426106],[-107.089348,51.445919],[-107.072545,51.487477],[-107.068123,51.512605],[-107.069007,51.56286],[-107.049551,51.589438],[-107.036286,51.599586],[-107.01683,51.607318],[-107.000911,51.619882],[-106.984108,51.644526],[-106.966421,51.661439],[-106.937237,51.675453],[-106.877984,51.688017],[-106.830228,51.702514],[-106.810772,51.713628],[-106.794854,51.729091],[-106.790432,51.747454],[-106.777166,51.766783],[-106.767438,51.789978],[-106.735601,51.813173],[-106.730295,51.829603],[-106.733832,51.849416],[-106.754173,51.871644],[-106.754173,51.881792]]}},{"type":"Feature","properties":{},"geometry":{"type":"LineString","coordinates":[[-103.627937,53.628184],[-103.651815,53.617553],[-103.677461,53.612237],[-103.688074,53.604506],[-103.69338,53.589525],[-103.689843,53.576961],[-103.673924,53.560048],[-103.673924,53.546518],[-103.703108,53.533954],[-103.747326,53.532988],[-103.763245,53.526222],[-103.774742,53.514142],[-103.774742,53.365307],[-103.757939,53.365307],[-103.757939,53.190861],[-103.757939,53.018831],[-103.744673,53.016415],[-103.745558,52.797512],[-103.745558,52.667523],[-104.059508,52.667523],[-104.308015,52.66704],[-104.598087,52.66704]]}},{"type":"Feature","properties":{},"geometry":{"type":"LineString","coordinates":[[-104.640537,50.50797],[-104.641421,50.496856],[-104.66353,50.495889],[-104.664415,50.470761],[-104.641421,50.470761],[-104.64319,50.447083],[-104.618428,50.447083]]}},{"type":"Feature","properties":{},"geometry":{"type":"LineString","coordinates":[[-104.618428,50.447083],[-104.617543,50.397311]]}},{"type":"Feature","properties":{},"geometry":{"type":"LineString","coordinates":[[-104.484004,51.881309],[-104.132026,51.881792],[-104.132026,51.652258],[-103.856988,51.652258],[-103.703992,51.652258],[-103.703992,51.387448],[-103.515622,51.386482],[-103.280381,51.386965],[-103.279496,51.297084],[-103.268884,51.297084],[-103.269768,51.216385],[-103.270653,51.090262],[-103.199903,51.065134],[-103.199903,51.055953],[-103.17691,51.056919],[-102.942553,50.972837],[-102.942553,50.945293],[-102.935478,50.930796],[-102.912484,50.931279],[-102.912484,50.915333],[-103.015955,50.895037],[-103.069902,50.880057],[-103.108814,50.870876],[-103.145073,50.864594],[-103.145073,50.846231],[-103.15657,50.846231],[-103.15657,50.862661],[-103.260925,50.844298],[-103.260925,50.591569],[-103.252965,50.591569],[-103.252965,50.571756],[-103.243237,50.571756],[-103.243237,50.529232]]}},{"type":"Feature","properties":{},"geometry":{"type":"LineString","coordinates":[[-103.243237,50.529232],[-103.243237,50.396827],[-103.552766,50.396344],[-103.792429,50.396827],[-104.045358,50.396827],[-104.219578,50.396827],[-104.480466,50.396827]]}},{"type":"Feature","properties":{},"geometry":{"type":"LineString","coordinates":[[-104.499038,50.406009],[-104.492847,50.411807],[-104.491963,50.447083],[-104.50346,50.445634],[-104.50346,50.471728],[-104.617543,50.451432],[-104.618428,50.447083]]}},{"type":"Feature","properties":{},"geometry":{"type":"LineString","coordinates":[[-106.700227,52.093447],[-106.685192,52.103111],[-106.678117,52.114709]]}},{"type":"Feature","properties":{},"geometry":{"type":"LineString","coordinates":[[-106.678117,52.114709],[-106.587028,52.114709],[-106.585259,52.126306],[-106.566687,52.128722],[-106.533966,52.144186],[-106.503897,52.143702]]}},{"type":"Feature","properties":{},"geometry":{"type":"LineString","coordinates":[[-106.678117,52.114709],[-106.648049,52.131138],[-106.642743,52.143702],[-106.648049,52.154333],[-106.638321,52.189609],[-106.613559,52.195408],[-106.605599,52.207972]]}},{"type":"Feature","properties":{},"geometry":{"type":"LineString","coordinates":[[-106.541041,48.999811],[-106.541041,49.17474],[-106.50036,49.17474],[-106.50036,49.262204],[-106.410154,49.262204],[-106.410154,49.369481],[-106.411039,49.465644],[-106.40927,49.510101],[-106.411039,49.52943],[-106.410154,49.785542]]}},{"type":"Feature","properties":{},"geometry":{"type":"LineString","coordinates":[[-103.243237,50.529232],[-103.213169,50.528749],[-103.201672,50.522467],[-103.152148,50.530199],[-103.117657,50.530682],[-103.089358,50.548078],[-103.074323,50.550978],[-103.068133,50.563058],[-103.053983,50.565958],[-103.031874,50.584804],[-102.979696,50.602683],[-102.973506,50.614281],[-102.948743,50.61718],[-102.936362,50.630227],[-102.916906,50.641342],[-102.893913,50.641825],[-102.877994,50.636509],[-102.855001,50.65004],[-102.796632,50.650523],[-102.784251,50.636026],[-102.726767,50.636026],[-102.726767,50.608965],[-102.708196,50.612348],[-102.689624,50.606549],[-102.664862,50.58722],[-102.635678,50.580455],[-102.618875,50.566924],[-102.5835,50.563542],[-102.542819,50.549528],[-102.505676,50.532132],[-102.476492,50.529715],[-102.432273,50.535997],[-102.418123,50.545179],[-102.385402,50.539863],[-102.363293,50.53938],[-102.306693,50.523917],[-102.262475,50.502655],[-102.244788,50.500238],[-102.186419,50.512319],[-102.153698,50.525366],[-102.139548,50.537447],[-102.11567,50.544696],[-102.08737,50.548078],[-102.068799,50.555327],[-102.035193,50.550978],[-102.01839,50.553394],[-101.973287,50.54083],[-101.975056,50.535031],[-101.934375,50.517635],[-101.873354,50.535514],[-101.852129,50.535997],[-101.826482,50.529715],[-101.805257,50.503621],[-101.812332,50.487675],[-101.786686,50.477043],[-101.755733,50.482359],[-101.706208,50.515219],[-101.688521,50.519084],[-101.63369,50.519568],[-101.604506,50.507487],[-101.588588,50.495406],[-101.565594,50.490574],[-101.488654,50.490091],[-101.477157,50.485258]]}},{"type":"Feature","properties":{},"geometry":{"type":"LineString","coordinates":[[-110.005105,48.999811],[-110.005105,49.241909],[-110.005105,49.403791],[-110.00422,49.532813],[-110.005105,49.567122],[-110.003336,49.672466],[-110.005105,49.73432],[-110.00422,49.814536],[-110.010411,49.873006],[-110.005989,49.904416],[-110.00422,49.959988],[-110.005105,50.120903],[-110.007758,50.222381],[-110.007758,50.281335],[-110.005105,50.33884],[-110.005105,50.542763],[-110.003336,50.615247],[-110.005105,50.688215],[-110.003336,50.779062],[-110.005105,50.804673],[-110.003336,50.834633]]}},{"type":"Feature","properties":{},"geometry":{"type":"LineString","coordinates":[[-110.003336,50.834633],[-110.005105,50.921131],[-110.00422,50.999415],[-110.005105,51.270506],[-110.005105,51.445436],[-110.003336,51.461382],[-110.005105,51.503423],[-110.005105,51.73634],[-110.005105,51.871644],[-110.005105,52.143219],[-110.00422,52.181394],[-110.005105,52.259678],[-110.003336,52.273691],[-110.005105,52.330229],[-110.005105,52.40513]]}},{"type":"Feature","properties":{},"geometry":{"type":"LineString","coordinates":[[-113.849446,51.328977],[-113.849446,51.270506],[-113.842371,51.270506],[-113.842371,51.212519],[-113.865365,51.212519],[-113.865365,51.183525],[-113.912236,51.183525]]}},{"type":"Feature","properties":{},"geometry":{"type":"LineString","coordinates":[[-113.912236,51.183525],[-114.001557,51.183525],[-114.001557,51.204787],[-114.013054,51.212519],[-114.12979,51.212519],[-114.12979,51.198505],[-114.164281,51.197539]]}},{"type":"Feature","properties":{},"geometry":{"type":"LineString","coordinates":[[-114.164281,51.197539],[-114.211152,51.197539],[-114.211152,51.183042],[-114.234146,51.183042],[-114.234146,51.154048],[-114.257139,51.154048],[-114.257139,51.143417]]}},{"type":"Feature","properties":{},"geometry":{"type":"LineString","coordinates":[[-114.257139,51.143417],[-114.306664,51.168545],[-114.348229,51.175793],[-114.378297,51.187874],[-114.420747,51.197539],[-114.419863,51.184008],[-114.429591,51.171928],[-114.431359,51.154531],[-114.489728,51.153565],[-114.489728,51.175793],[-114.513606,51.183042],[-114.513606,51.233298],[-114.52864,51.270506],[-114.165165,51.27099],[-114.16605,51.329461],[-113.923733,51.328494],[-113.849446,51.328977]]}},{"type":"Feature","properties":{},"geometry":{"type":"LineString","coordinates":[[-113.661961,51.444952],[-113.661961,51.590888]]}},{"type":"Feature","properties":{},"geometry":{"type":"LineString","coordinates":[[-113.661961,51.590888],[-113.661961,51.619882],[-113.64162,51.619882],[-113.642504,51.678352],[-113.69026,51.678352],[-113.69026,51.72136],[-113.713254,51.720876],[-113.713254,51.73634],[-113.725635,51.73634],[-113.724751,51.75132],[-113.735363,51.75132],[-113.736247,51.780797],[-113.713254,51.780314],[-113.713254,51.896289],[-113.642504,51.896289],[-113.642504,51.954276]]}},{"type":"Feature","properties":{},"geometry":{"type":"LineString","coordinates":[[-113.642504,51.954276],[-113.477128,51.95476],[-113.480665,51.98327],[-113.290527,51.98327],[-113.291411,51.968773],[-113.171137,51.968773],[-113.123381,51.967807],[-113.052632,51.968773],[-112.912018,51.96974],[-112.907596,51.987136],[-112.914671,52.003083],[-112.940317,52.018063],[-112.967733,52.040774],[-112.967733,52.050439],[-112.993379,52.079916],[-113.011067,52.088614],[-113.021679,52.102628],[-113.029638,52.127756],[-113.025217,52.13742],[-113.028754,52.157233],[-113.025217,52.179945],[-113.031407,52.192025],[-113.063244,52.207972],[-113.071204,52.230684],[-113.060591,52.252912],[-113.071204,52.26451],[-113.064129,52.280456],[-113.080932,52.291087],[-113.071204,52.300269],[-113.093313,52.317665]]}},{"type":"Feature","properties":{},"geometry":{"type":"LineString","coordinates":[[-113.093313,52.317665],[-113.075625,52.317665],[-113.075625,52.376136],[-113.02787,52.376136],[-113.02787,52.416244],[-113.010182,52.41866],[-112.996917,52.434123],[-113.006645,52.456835],[-112.973039,52.460701],[-112.958005,52.473748],[-112.940317,52.476648],[-112.930589,52.488245],[-112.956236,52.49646],[-112.966848,52.505641],[-112.97127,52.523521],[-112.990726,52.526903],[-112.99957,52.550099],[-113.02787,52.550582],[-113.02787,52.564595],[-113.075625,52.564595],[-113.075625,52.579576],[-113.148144,52.579092],[-113.148144,52.622583],[-113.051748,52.623549],[-113.051748,52.723095],[-113.075625,52.736142],[-113.088891,52.755954]]}},{"type":"Feature","properties":{},"geometry":{"type":"LineString","coordinates":[[-113.088891,52.755954],[-113.051748,52.755954],[-113.051748,52.843419],[-113.124266,52.843419],[-113.124266,52.974374],[-113.100388,52.973891],[-113.100388,53.017865],[-113.097735,53.032845],[-113.072972,53.033328],[-113.073857,53.075852],[-113.097735,53.076336],[-113.098619,53.119826],[-113.172021,53.119826],[-113.170253,53.167666],[-113.184403,53.168149],[-113.184403,53.212606],[-113.172021,53.212606],[-113.172021,53.235801],[-113.049979,53.235801],[-113.049979,53.294272],[-112.99957,53.294272],[-112.99957,53.337763],[-113.025217,53.337763],[-113.026101,53.35226],[-113.049979,53.35226],[-113.049979,53.363857]]}},{"type":"Feature","properties":{},"geometry":{"type":"LineString","coordinates":[[-113.049979,53.363857],[-113.009298,53.360475],[-112.976576,53.366757],[-112.840384,53.366757],[-112.840384,53.41073],[-112.852765,53.41073],[-112.852765,53.460503],[-112.877527,53.460503],[-112.877527,53.468718],[-112.90229,53.468718],[-112.90229,53.483215],[-112.951814,53.483215],[-112.95093,53.524289]]}},{"type":"Feature","properties":{},"geometry":{"type":"LineString","coordinates":[[-112.95093,53.524289],[-112.940317,53.51994],[-112.904058,53.517041],[-112.876643,53.510759],[-112.836846,53.517041],[-112.804125,53.513175],[-112.804125,53.541686],[-112.508746,53.541202],[-112.508746,53.453738],[-112.361942,53.454221],[-112.361942,53.425227],[-112.263777,53.425227],[-112.263777,53.396234],[-112.164728,53.396234],[-112.164728,53.366757],[-112.050645,53.366757],[-112.050645,53.308769],[-111.852546,53.306836],[-111.63853,53.306353],[-111.63853,53.233868],[-111.540365,53.233868],[-111.540365,53.190378],[-111.430704,53.190378],[-111.429819,53.146887],[-111.321926,53.146887],[-111.321926,53.139639],[-111.297164,53.139639],[-111.297164,53.146887],[-111.210496,53.146404],[-111.210496,53.139155],[-111.186618,53.139155],[-111.175122,53.13239],[-111.175122,53.11741],[-111.160972,53.11741],[-111.150359,53.103396],[-111.101719,53.102913],[-111.101719,53.096148],[-111.077841,53.096148],[-111.077841,53.0889],[-111.040698,53.0889],[-111.040698,53.074403],[-111.029201,53.073919],[-111.029201,53.059906],[-110.882396,53.059423],[-110.693142,53.059423],[-110.692257,53.065221],[-110.640964,53.085034],[-110.616202,53.087933],[-110.594093,53.070537],[-110.590555,53.060389],[-110.595861,53.041543],[-110.58348,53.031878],[-110.502119,53.04106],[-110.479125,53.028496],[-110.456132,53.00675],[-110.454363,52.982589],[-110.464975,52.966642],[-110.457016,52.957944],[-110.428716,52.959394],[-110.412798,52.94538],[-110.37477,52.935233],[-110.366811,52.9304],[-110.342048,52.927018],[-110.336742,52.918803],[-110.292524,52.908172],[-110.24919,52.904789],[-110.20055,52.908172],[-110.181094,52.898507],[-110.1298,52.885943],[-110.1298,52.873379],[-110.111229,52.864198],[-110.068779,52.865647],[-110.067895,52.857916],[-110.023676,52.8555],[-110.005105,52.857433]]}},{"type":"Feature","properties":{},"geometry":{"type":"LineString","coordinates":[[-110.003336,50.834633],[-110.056398,50.816271],[-110.08116,50.793559],[-110.069663,50.781961],[-110.051976,50.751518],[-110.053745,50.732672],[-110.064357,50.729289],[-110.097079,50.737021],[-110.127147,50.727356],[-110.139528,50.719142],[-110.128916,50.701262],[-110.130685,50.67855],[-110.140413,50.667436],[-110.165175,50.651006],[-110.181094,50.646174],[-110.196128,50.631194],[-110.243884,50.625878],[-110.278374,50.618147],[-110.281911,50.703195],[-110.517153,50.703678],[-110.560487,50.704645],[-110.698448,50.705611],[-110.815184,50.707544],[-111.000017,50.703678],[-111.064576,50.702712],[-111.29628,50.702712],[-111.389138,50.703195]]}},{"type":"Feature","properties":{},"geometry":{"type":"LineString","coordinates":[[-111.389138,50.703195],[-111.388254,50.768431],[-111.416554,50.753451],[-111.451928,50.7578],[-111.461656,50.771814],[-111.474038,50.776163],[-111.501453,50.77278],[-111.523562,50.761666],[-111.569549,50.77133],[-111.573971,50.784861],[-111.605808,50.80419],[-111.615536,50.817237],[-111.604924,50.833667],[-111.619958,50.841399],[-111.619958,50.85058],[-111.684517,50.859761],[-111.705742,50.850097],[-111.719891,50.854446],[-111.741116,50.844781],[-111.764994,50.843815],[-111.803906,50.8356],[-111.816287,50.839949],[-111.818941,50.85203],[-111.838397,50.877641],[-111.834859,50.885372],[-111.854315,50.907118],[-111.905608,50.918232],[-111.920643,50.911467],[-111.940099,50.91195],[-111.944521,50.918715],[-111.964861,50.921131],[-111.971052,50.92838],[-111.954249,50.953025],[-111.925949,50.953991],[-111.931255,50.964139],[-111.917105,50.973804],[-111.922411,50.984435],[-111.935677,50.991683],[-111.933908,51.004247],[-111.948058,51.015844],[-111.951596,51.031791],[-111.968398,51.043872],[-111.967514,51.058852],[-112.000236,51.094128],[-112.023229,51.096544],[-112.032073,51.107175],[-112.065679,51.112007],[-112.093979,51.126987],[-112.100169,51.141001],[-112.115203,51.145833],[-112.124047,51.156948],[-112.156769,51.165646],[-112.167381,51.177243],[-112.20364,51.194639],[-112.211599,51.204787],[-112.240783,51.214452],[-112.244321,51.227016],[-112.268199,51.228466],[-112.277042,51.248278],[-112.296498,51.252144],[-112.301805,51.265191],[-112.323914,51.273889],[-112.361057,51.296118],[-112.419425,51.308198],[-112.446841,51.321729],[-112.488406,51.321729],[-112.487522,51.33381],[-112.519359,51.354588],[-112.539699,51.3773],[-112.571537,51.386482],[-112.629905,51.386482],[-112.629905,51.372468],[-112.674123,51.372468],[-112.708613,51.364253],[-112.71392,51.355072],[-112.735144,51.350723],[-112.744872,51.342991],[-112.772288,51.343474],[-112.7829,51.331877],[-112.828887,51.33091],[-112.88814,51.321729],[-112.88814,51.386965],[-113.053516,51.386965],[-113.380732,51.386965],[-113.380732,51.444952],[-113.661961,51.444952]]}},{"type":"Feature","properties":{},"geometry":{"type":"LineString","coordinates":[[-113.860059,50.855412],[-113.860059,50.921615],[-113.876862,50.927897],[-113.877746,50.945293],[-113.865365,50.943843],[-113.865365,50.979602],[-113.912236,50.979602]]}},{"type":"Feature","properties":{},"geometry":{"type":"LineString","coordinates":[[-113.912236,50.979602],[-113.912236,51.015844],[-113.865365,51.015844],[-113.865365,51.059818],[-113.912236,51.059818],[-113.911352,51.067067]]}},{"type":"Feature","properties":{},"geometry":{"type":"LineString","coordinates":[[-113.911352,51.067067],[-113.912236,51.125054]]}},{"type":"Feature","properties":{},"geometry":{"type":"LineString","coordinates":[[-113.912236,51.125054],[-113.912236,51.183525]]}},{"type":"Feature","properties":{},"geometry":{"type":"LineString","coordinates":[[-113.849446,51.328977],[-113.825568,51.328977],[-113.825568,51.444952],[-113.661961,51.444952]]}},{"type":"Feature","properties":{},"geometry":{"type":"LineString","coordinates":[[-111.389138,50.703195],[-111.389138,50.57224],[-111.37941,50.571756],[-111.37941,50.356719],[-111.37941,50.222865],[-111.369682,50.222865],[-111.370567,50.135883],[-111.431588,50.136367],[-111.505875,50.1354],[-111.64472,50.1354],[-111.664176,50.126219],[-111.63853,50.111722],[-111.62438,50.097708],[-111.609346,50.093359],[-111.607577,50.081278],[-111.627917,50.069198],[-111.618189,50.05615],[-111.578393,50.04262],[-111.594311,50.022808],[-111.588121,49.998163],[-111.596964,49.987049],[-111.623495,49.975451],[-111.657101,49.977384],[-111.67302,49.955639],[-111.695129,49.945974],[-111.689823,49.93486],[-111.696014,49.925195],[-111.679211,49.908282],[-111.660639,49.898618],[-111.642067,49.896201],[-111.642067,49.873006],[-111.63057,49.873006],[-111.63057,49.640573],[-111.63057,49.530397],[-111.675673,49.530397],[-111.675673,49.537645],[-111.698667,49.538128],[-111.697782,49.545377],[-111.765879,49.545377],[-111.765879,49.552142],[-111.787988,49.552142],[-111.787988,49.559874],[-111.833975,49.559874],[-111.833975,49.567122],[-111.969283,49.567605],[-111.968398,49.574371],[-112.037379,49.57582],[-112.037379,49.582102],[-112.071869,49.582585],[-112.081597,49.596599],[-112.184184,49.596599],[-112.185068,49.604814],[-112.21779,49.604814],[-112.21779,49.611096]]}},{"type":"Feature","properties":{},"geometry":{"type":"LineString","coordinates":[[-112.21779,49.611096],[-112.21779,49.618344],[-112.239899,49.618344],[-112.25228,49.626076],[-112.25228,49.647338],[-112.274389,49.661835],[-112.307995,49.661835],[-112.307995,49.669084],[-112.330104,49.669567],[-112.342486,49.68358],[-112.36371,49.68358],[-112.36371,49.690346],[-112.398201,49.690829],[-112.398201,49.698077],[-112.42031,49.698561],[-112.431807,49.704843],[-112.431807,49.719339],[-112.443303,49.719339],[-112.443303,49.864308],[-112.463644,49.869141],[-112.460991,49.877356],[-112.461875,49.931477],[-112.460991,50.076929],[-112.506978,50.076929],[-112.506978,50.1354],[-112.812084,50.1354],[-112.813853,50.076929],[-112.916439,50.076929],[-112.916439,50.062432],[-113.120728,50.062432]]}},{"type":"Feature","properties":{},"geometry":{"type":"LineString","coordinates":[[-113.120728,50.062432],[-113.120728,50.113172],[-113.133994,50.124769],[-113.143722,50.142649],[-113.143722,50.227214],[-113.144606,50.230596],[-113.189709,50.275537],[-113.209165,50.30598],[-113.233043,50.327242],[-113.233043,50.35382],[-113.242771,50.389096],[-113.255152,50.404559],[-113.255152,50.566441],[-113.259574,50.577072],[-113.259574,50.649556],[-113.282567,50.669369],[-113.282567,50.71141],[-113.300255,50.718175],[-113.406379,50.717692],[-113.421413,50.724457],[-113.421413,50.810955],[-113.425835,50.823036],[-113.442638,50.824002],[-113.483318,50.799841],[-113.500121,50.796458],[-113.53638,50.810472],[-113.56468,50.795009],[-113.619511,50.794525],[-113.636314,50.802257],[-113.657539,50.800807],[-113.679648,50.808539],[-113.699104,50.803707],[-113.733594,50.811922],[-113.749513,50.811922],[-113.759241,50.81917],[-113.7955,50.819653],[-113.806112,50.824486],[-113.818493,50.845264],[-113.845024,50.840915],[-113.860059,50.855412]]}},{"type":"Feature","properties":{},"geometry":{"type":"LineString","coordinates":[[-114.114756,51.046771],[-114.093531,51.047738],[-114.069654,51.056919],[-114.030741,51.042905],[-114.019245,51.043872]]}},{"type":"Feature","properties":{},"geometry":{"type":"LineString","coordinates":[[-114.019245,51.043872],[-114.011285,51.041939],[-114.013054,51.012462],[-114.029857,50.997482],[-114.025435,50.986851]]}},{"type":"Feature","properties":{},"geometry":{"type":"LineString","coordinates":[[-114.025435,50.986851],[-114.040469,50.994099],[-114.082919,50.994099]]}},{"type":"Feature","properties":{},"geometry":{"type":"LineString","coordinates":[[-114.082919,50.994099],[-114.118294,51.000381]]}},{"type":"Feature","properties":{},"geometry":{"type":"LineString","coordinates":[[-114.118294,51.000381],[-114.117409,51.028892],[-114.141287,51.02261],[-114.141287,51.038073],[-114.118294,51.03759],[-114.114756,51.046771]]}},{"type":"Feature","properties":{},"geometry":{"type":"LineString","coordinates":[[-114.231493,51.09896],[-114.193465,51.09896],[-114.178431,51.110557]]}},{"type":"Feature","properties":{},"geometry":{"type":"LineString","coordinates":[[-114.178431,51.110557],[-114.148362,51.097994],[-114.139519,51.109108],[-114.110334,51.093644],[-114.082919,51.087362],[-114.086457,51.081564],[-114.034279,51.081564]]}},{"type":"Feature","properties":{},"geometry":{"type":"LineString","coordinates":[[-114.034279,51.081564],[-114.027204,51.074315]]}},{"type":"Feature","properties":{},"geometry":{"type":"LineString","coordinates":[[-114.027204,51.074315],[-114.019245,51.043872]]}},{"type":"Feature","properties":{},"geometry":{"type":"LineString","coordinates":[[-114.114756,51.046771],[-114.150131,51.058852],[-114.171356,51.069],[-114.177546,51.077215],[-114.232377,51.088812],[-114.231493,51.09896]]}},{"type":"Feature","properties":{},"geometry":{"type":"LineString","coordinates":[[-114.164281,51.197539],[-114.139519,51.187391],[-114.131559,51.168062]]}},{"type":"Feature","properties":{},"geometry":{"type":"LineString","coordinates":[[-114.131559,51.168062],[-114.142172,51.162746],[-114.140403,51.152598],[-114.165165,51.152115],[-114.160743,51.131336],[-114.178431,51.110557]]}},{"type":"Feature","properties":{},"geometry":{"type":"LineString","coordinates":[[-114.231493,51.09896],[-114.258024,51.103309],[-114.281017,51.101376]]}},{"type":"Feature","properties":{},"geometry":{"type":"LineString","coordinates":[[-114.281017,51.101376],[-114.288976,51.105725],[-114.290745,51.119739],[-114.308433,51.128437],[-114.29782,51.139551],[-114.281017,51.125054],[-114.281017,51.114423],[-114.257139,51.122638],[-114.257139,51.143417]]}},{"type":"Feature","properties":{},"geometry":{"type":"LineString","coordinates":[[-114.027204,51.074315],[-114.008632,51.067067],[-113.911352,51.067067]]}},{"type":"Feature","properties":{},"geometry":{"type":"LineString","coordinates":[[-113.912236,50.979602],[-113.958223,50.979602],[-113.958223,50.931279],[-113.990945,50.931763]]}},{"type":"Feature","properties":{},"geometry":{"type":"LineString","coordinates":[[-113.990945,50.931763],[-114.021013,50.949159],[-114.022782,50.967522],[-114.036048,50.975736],[-114.025435,50.986851]]}},{"type":"Feature","properties":{},"geometry":{"type":"LineString","coordinates":[[-114.142172,51.008596],[-114.118294,51.000381]]}},{"type":"Feature","properties":{},"geometry":{"type":"LineString","coordinates":[[-114.082919,50.994099],[-114.082919,50.979602],[-114.071422,50.979602],[-114.067885,50.934662],[-114.072307,50.922581],[-114.062579,50.905185],[-114.0953,50.905185],[-114.093531,50.890688]]}},{"type":"Feature","properties":{},"geometry":{"type":"LineString","coordinates":[[-114.093531,50.890688],[-114.112103,50.891171],[-114.117409,50.884889],[-114.140403,50.892138],[-114.209383,50.892138],[-114.210268,50.921131],[-114.140403,50.921131],[-114.140403,50.979602],[-114.164281,50.985401],[-114.159859,50.997965],[-114.141287,50.994099],[-114.142172,51.008596]]}},{"type":"Feature","properties":{},"geometry":{"type":"LineString","coordinates":[[-114.017476,51.154531],[-113.96972,51.154531],[-113.96972,51.140034],[-113.93523,51.139551],[-113.93523,51.125054],[-113.912236,51.125054]]}},{"type":"Feature","properties":{},"geometry":{"type":"LineString","coordinates":[[-114.034279,51.081564],[-114.045776,51.103309],[-114.045776,51.128437],[-114.017476,51.154531]]}},{"type":"Feature","properties":{},"geometry":{"type":"LineString","coordinates":[[-113.990945,50.931763],[-113.988292,50.919682],[-114.009517,50.895037],[-113.992714,50.882473],[-113.990945,50.872325],[-113.973258,50.855412]]}},{"type":"Feature","properties":{},"geometry":{"type":"LineString","coordinates":[[-113.973258,50.855412],[-113.975026,50.848647],[-114.071422,50.848647],[-114.083803,50.863144],[-114.093531,50.863144],[-114.093531,50.890688]]}},{"type":"Feature","properties":{},"geometry":{"type":"LineString","coordinates":[[-114.131559,51.168062],[-114.121831,51.15888],[-114.094416,51.161297],[-114.088225,51.144867],[-114.063463,51.154048],[-114.017476,51.154531]]}},{"type":"Feature","properties":{},"geometry":{"type":"LineString","coordinates":[[-113.860059,50.855412],[-113.894549,50.859278],[-113.912236,50.852996],[-113.94142,50.851063],[-113.950264,50.843332],[-113.973258,50.855412]]}},{"type":"Feature","properties":{},"geometry":{"type":"LineString","coordinates":[[-114.142172,51.008596],[-114.234146,51.009079]]}},{"type":"Feature","properties":{},"geometry":{"type":"LineString","coordinates":[[-114.234146,51.009079],[-114.234146,51.081564],[-114.295167,51.081564],[-114.294283,51.096061],[-114.281017,51.101376]]}},{"type":"Feature","properties":{},"geometry":{"type":"LineString","coordinates":[[-113.615089,53.531538],[-113.615089,53.543619],[-113.603592,53.558115],[-113.590327,53.559082],[-113.591211,53.580827],[-113.55849,53.583727],[-113.562027,53.592425],[-113.540802,53.599673],[-113.516924,53.599673]]}},{"type":"Feature","properties":{},"geometry":{"type":"LineString","coordinates":[[-113.516924,53.599673],[-113.51604,53.58131],[-113.492162,53.58131],[-113.492162,53.559082],[-113.483318,53.538786]]}},{"type":"Feature","properties":{},"geometry":{"type":"LineString","coordinates":[[-113.483318,53.538786],[-113.494815,53.526222],[-113.523999,53.530571],[-113.541687,53.536853],[-113.553183,53.527672]]}},{"type":"Feature","properties":{},"geometry":{"type":"LineString","coordinates":[[-113.553183,53.527672],[-113.576177,53.531538],[-113.615089,53.531538]]}},{"type":"Feature","properties":{},"geometry":{"type":"LineString","coordinates":[[-113.442638,53.485148],[-113.434678,53.461953],[-113.442638,53.431993],[-113.442638,53.417496],[-113.417875,53.417496],[-113.417875,53.38222]]}},{"type":"Feature","properties":{},"geometry":{"type":"LineString","coordinates":[[-113.417875,53.38222],[-113.442638,53.38222],[-113.455019,53.366757],[-113.4674,53.366757],[-113.4674,53.39575],[-113.509849,53.39575]]}},{"type":"Feature","properties":{},"geometry":{"type":"LineString","coordinates":[[-113.509849,53.39575],[-113.565565,53.39575],[-113.553183,53.402999],[-113.553183,53.424744],[-113.51604,53.424744],[-113.519578,53.434892],[-113.51604,53.465819]]}},{"type":"Feature","properties":{},"geometry":{"type":"LineString","coordinates":[[-113.51604,53.465819],[-113.485972,53.467752],[-113.485972,53.480316],[-113.442638,53.485148]]}},{"type":"Feature","properties":{},"geometry":{"type":"LineString","coordinates":[[-113.516924,53.599673],[-113.516924,53.61417],[-113.491278,53.61417],[-113.492162,53.62915]]}},{"type":"Feature","properties":{},"geometry":{"type":"LineString","coordinates":[[-113.492162,53.62915],[-113.455019,53.627217],[-113.442638,53.616103],[-113.442638,53.583727],[-113.411685,53.583243],[-113.371888,53.570679]]}},{"type":"Feature","properties":{},"geometry":{"type":"LineString","coordinates":[[-113.371888,53.570679],[-113.380732,53.553283],[-113.401957,53.556666]]}},{"type":"Feature","properties":{},"geometry":{"type":"LineString","coordinates":[[-113.401957,53.556666],[-113.422297,53.561981],[-113.447059,53.553283],[-113.462094,53.554733],[-113.464747,53.538786],[-113.483318,53.538786]]}},{"type":"Feature","properties":{},"geometry":{"type":"LineString","coordinates":[[-113.492162,53.62915],[-113.491278,53.650412]]}},{"type":"Feature","properties":{},"geometry":{"type":"LineString","coordinates":[[-113.491278,53.650412],[-113.436447,53.650412],[-113.431141,53.657661],[-113.430256,53.716132],[-113.294948,53.715648],[-113.29318,53.673124]]}},{"type":"Feature","properties":{},"geometry":{"type":"LineString","coordinates":[[-113.29318,53.673124],[-113.271955,53.669258],[-113.283452,53.657661],[-113.286105,53.644614],[-113.317942,53.636882],[-113.321479,53.628667],[-113.297601,53.619486],[-113.294948,53.570196],[-113.371888,53.570679]]}},{"type":"Feature","properties":{},"geometry":{"type":"LineString","coordinates":[[-113.713254,53.592425],[-113.691145,53.592425],[-113.671689,53.598707],[-113.638967,53.599673],[-113.580599,53.6306],[-113.565565,53.634949],[-113.565565,53.650412],[-113.491278,53.650412]]}},{"type":"Feature","properties":{},"geometry":{"type":"LineString","coordinates":[[-113.615089,53.531538],[-113.630123,53.52139],[-113.659307,53.52284],[-113.659307,53.512209],[-113.688492,53.512209]]}},{"type":"Feature","properties":{},"geometry":{"type":"LineString","coordinates":[[-113.688492,53.512209],[-113.713254,53.512209],[-113.713254,53.592425]]}},{"type":"Feature","properties":{},"geometry":{"type":"LineString","coordinates":[[-113.509849,53.39575],[-113.547877,53.344045],[-113.549646,53.337763],[-113.68407,53.338246],[-113.695566,53.354193]]}},{"type":"Feature","properties":{},"geometry":{"type":"LineString","coordinates":[[-113.695566,53.354193],[-113.68407,53.362891],[-113.691145,53.377871],[-113.651348,53.383186],[-113.643389,53.391401],[-113.649579,53.403482]]}},{"type":"Feature","properties":{},"geometry":{"type":"LineString","coordinates":[[-113.649579,53.403482],[-113.657539,53.424744],[-113.615973,53.420878],[-113.612436,53.436342],[-113.600055,53.444073],[-113.614205,53.459537],[-113.608014,53.47355],[-113.623933,53.479832],[-113.616858,53.488047],[-113.600055,53.480799],[-113.586789,53.484181],[-113.590327,53.498195],[-113.561143,53.505443]]}},{"type":"Feature","properties":{},"geometry":{"type":"LineString","coordinates":[[-113.561143,53.505443],[-113.554952,53.474034],[-113.51604,53.475966],[-113.51604,53.465819]]}},{"type":"Feature","properties":{},"geometry":{"type":"LineString","coordinates":[[-113.442638,53.485148],[-113.412569,53.487564],[-113.356854,53.483215]]}},{"type":"Feature","properties":{},"geometry":{"type":"LineString","coordinates":[[-113.356854,53.483215],[-113.344473,53.480316],[-113.344473,53.366757]]}},{"type":"Feature","properties":{},"geometry":{"type":"LineString","coordinates":[[-113.344473,53.366757],[-113.393113,53.366757],[-113.393113,53.38222],[-113.417875,53.38222]]}},{"type":"Feature","properties":{},"geometry":{"type":"LineString","coordinates":[[-113.561143,53.505443],[-113.542571,53.510276],[-113.540802,53.518974],[-113.553183,53.527672]]}},{"type":"Feature","properties":{},"geometry":{"type":"LineString","coordinates":[[-113.401957,53.556666],[-113.393997,53.541202],[-113.393997,53.517041],[-113.34801,53.513658],[-113.344473,53.486597],[-113.356854,53.483215]]}},{"type":"Feature","properties":{},"geometry":{"type":"LineString","coordinates":[[-113.649579,53.403482],[-113.689376,53.402999],[-113.688492,53.512209]]}},{"type":"Feature","properties":{},"geometry":{"type":"LineString","coordinates":[[-114.726738,50.160528],[-114.692248,50.175025],[-114.643607,50.184206],[-114.62592,50.18179],[-114.604695,50.18469],[-114.604695,50.16681],[-114.594967,50.158112],[-114.55694,50.166327],[-114.568436,50.189039],[-114.552518,50.193388],[-114.509184,50.183723],[-114.476462,50.183723],[-114.461428,50.178891],[-114.441972,50.186622],[-114.445509,50.202086],[-114.435781,50.212234],[-114.404828,50.221415],[-114.389794,50.232529],[-114.355304,50.239778],[-114.321698,50.265872],[-114.321698,50.294866],[-114.344692,50.295349],[-114.345576,50.309846],[-114.391563,50.309846],[-114.391563,50.324343],[-114.460544,50.324826],[-114.460544,50.368317],[-114.505646,50.368317],[-114.505646,50.397311],[-114.529524,50.396827],[-114.52864,50.410358],[-114.506531,50.410358],[-114.505646,50.455298],[-114.52864,50.455298],[-114.529524,50.545662],[-114.483537,50.543729],[-114.483537,50.57224],[-114.441088,50.571756],[-114.440203,50.601233],[-114.464081,50.601233],[-114.464081,50.703195],[-114.533062,50.703195],[-114.533946,50.765048],[-114.533062,50.81917],[-114.556055,50.81917],[-114.556055,50.892621],[-114.625036,50.892138],[-114.624151,50.921131],[-114.652451,50.921131],[-114.652451,50.936112],[-114.676329,50.936112],[-114.676329,50.965105],[-114.699323,50.965105],[-114.698438,51.008596],[-114.558708,51.008596],[-114.234146,51.009079]]}},{"type":"Feature","properties":{},"geometry":{"type":"LineString","coordinates":[[-113.120728,50.062432],[-113.18794,50.062432],[-113.18794,50.047936],[-113.276377,50.048419],[-113.276377,49.907799],[-113.233043,49.909732],[-113.23039,49.849328],[-113.213587,49.8242],[-113.18794,49.801488],[-113.185287,49.789891],[-113.168484,49.788925],[-113.143722,49.796656],[-113.107463,49.785542],[-113.072088,49.778293],[-113.055285,49.781676],[-113.046441,49.772011],[-113.01991,49.769112],[-113.033176,49.752682],[-113.019026,49.748333],[-112.99957,49.749783],[-112.968617,49.729487],[-112.987189,49.722239],[-112.989842,49.711608],[-112.980114,49.688413],[-112.991611,49.678265],[-112.97127,49.669567],[-112.952699,49.670533],[-112.935011,49.657969],[-112.933242,49.643956],[-112.920861,49.63864],[-112.919093,49.62366],[-112.898752,49.619794],[-112.912018,49.603848],[-112.895215,49.593217],[-112.869568,49.583552],[-112.850112,49.581136],[-112.850996,49.573887],[-112.832425,49.565672]]}},{"type":"Feature","properties":{},"geometry":{"type":"LineString","coordinates":[[-112.832425,49.565672],[-112.841268,49.559874],[-112.832425,49.550692],[-112.856303,49.540061],[-112.868684,49.54586],[-112.877527,49.535229],[-112.874874,49.525564],[-112.905827,49.519766],[-112.907596,49.526048],[-112.938549,49.517349],[-112.958005,49.494154],[-112.998686,49.479658],[-113.003992,49.459845],[-113.018142,49.448248],[-113.021679,49.419254],[-113.036713,49.413938],[-113.018142,49.40524],[-113.011067,49.394126],[-113.014604,49.381079],[-113.026985,49.363682],[-113.071204,49.370931],[-113.083585,49.360783],[-113.112769,49.371414],[-113.135762,49.365132],[-113.146375,49.356917],[-113.188824,49.347253],[-113.207396,49.328407],[-113.227737,49.325991],[-113.231274,49.315843],[-113.265764,49.299413],[-113.255152,49.295064],[-113.273724,49.281533],[-113.265764,49.271869],[-113.27903,49.264137],[-113.266649,49.25254],[-113.269302,49.23611],[-113.261342,49.214364],[-113.232158,49.20325],[-113.368351,49.202284],[-113.499237,49.203733],[-113.646926,49.204217],[-113.64162,49.196002],[-113.644273,49.177639],[-113.658423,49.15976],[-113.672573,49.154444],[-113.715023,49.124484],[-113.699104,49.106121],[-113.699988,49.086792],[-113.69026,49.072778],[-113.653117,49.072295],[-113.653117,48.997878]]}},{"type":"Feature","properties":{},"geometry":{"type":"LineString","coordinates":[[-114.068769,48.998844],[-114.071422,49.002227],[-114.053735,49.026388],[-114.063463,49.045234],[-114.08115,49.059731],[-114.106797,49.065047],[-114.12979,49.078094],[-114.152784,49.099356],[-114.149247,49.118202],[-114.165165,49.137048],[-114.149247,49.143813],[-114.174893,49.163625],[-114.212921,49.17329],[-114.221765,49.189237],[-114.246527,49.187304],[-114.257139,49.177156],[-114.26952,49.181022],[-114.287208,49.178122],[-114.289861,49.185854],[-114.310201,49.192136],[-114.318161,49.199868],[-114.336732,49.199384],[-114.345576,49.193586],[-114.365916,49.203733],[-114.387141,49.205183],[-114.402175,49.213398],[-114.40306,49.241425],[-114.383604,49.246258],[-114.393332,49.257372],[-114.414557,49.262204],[-114.448162,49.264137],[-114.450816,49.280567],[-114.446394,49.288299],[-114.461428,49.304245],[-114.477347,49.31246],[-114.479115,49.326957],[-114.487959,49.347253],[-114.506531,49.356434],[-114.523334,49.356434],[-114.536599,49.379629],[-114.566668,49.37673],[-114.590545,49.396059],[-114.598505,49.412489],[-114.599389,49.46661],[-114.594083,49.46951],[-114.594967,49.502853],[-114.583471,49.520249],[-114.572858,49.525081],[-114.570205,49.537162],[-114.573743,49.557458],[-114.588777,49.565672],[-114.608233,49.559874],[-114.61973,49.546826],[-114.655104,49.545377],[-114.663064,49.552142],[-114.691363,49.554075],[-114.732929,49.576303],[-114.736466,49.595633],[-114.746194,49.601915],[-114.746194,49.618344],[-114.722316,49.622694],[-114.707282,49.634774],[-114.696669,49.629459],[-114.67456,49.642989],[-114.663064,49.643956],[-114.657757,49.661352],[-114.670138,49.672949],[-114.66837,49.703876],[-114.639186,49.71789],[-114.632995,49.73432],[-114.659526,49.765246],[-114.644492,49.772978],[-114.635648,49.784575],[-114.647145,49.819368],[-114.64007,49.827583],[-114.671023,49.864308],[-114.672792,49.878322],[-114.691363,49.896201],[-114.686941,49.91698],[-114.694016,49.942592],[-114.683404,49.967236],[-114.657757,49.968203],[-114.651567,49.975451],[-114.655104,49.996713],[-114.666601,50.003478],[-114.657757,50.018942],[-114.666601,50.050835],[-114.677213,50.063399],[-114.691363,50.071131],[-114.697554,50.087077],[-114.710819,50.102057],[-114.732929,50.118487],[-114.724969,50.143132],[-114.726738,50.160528]]}},{"type":"Feature","properties":{},"geometry":{"type":"LineString","coordinates":[[-115.566886,60.000049],[-115.250283,60.000049],[-115.000007,60.000049],[-114.749731,60.000049],[-114.50034,60.000049],[-114.250064,60.000049],[-113.999789,60.000049],[-113.750397,60.000049],[-113.500121,60.000049],[-113.249846,60.000049],[-112.99957,60.000049],[-112.750179,60.000049],[-112.499903,60.000049],[-112.249627,60.000049],[-112.000236,60.000049],[-111.74996,60.000049],[-111.499684,60.000049],[-111.250293,60.000049],[-111.000017,60.000049],[-110.749741,60.000049],[-110.50035,60.000049],[-110.250074,60.000049],[-109.999798,60.000049]]}},{"type":"Feature","properties":{},"geometry":{"type":"LineString","coordinates":[[-110.005989,54.238503],[-110.377423,54.238986],[-110.38096,54.263631],[-110.38892,54.26798],[-110.655114,54.26798],[-110.655114,54.296974],[-110.861171,54.296974],[-110.895662,54.286826],[-110.953146,54.285376],[-110.989405,54.271362],[-111.018589,54.26798],[-111.315736,54.26798],[-111.31662,54.325967],[-111.329001,54.333699],[-111.390907,54.333216],[-111.389138,54.425029],[-111.42186,54.422613],[-111.438663,54.439526],[-111.460772,54.434211],[-111.466963,54.412949],[-111.828669,54.413432],[-111.828669,54.393136],[-111.852546,54.406183],[-111.862274,54.394103],[-111.862274,54.369941],[-111.852546,54.355444],[-111.948058,54.354961],[-111.949827,54.398452],[-111.976358,54.398452],[-111.976358,54.412949],[-111.996698,54.412949],[-111.996698,54.442426],[-111.999351,54.499447],[-112.123163,54.49993],[-112.123163,54.587395],[-112.424732,54.587395],[-112.425616,54.762324],[-112.445956,54.762324],[-112.446841,55.000073],[-112.445956,55.023751],[-112.344254,55.023751],[-112.345139,55.111699],[-112.311533,55.111699],[-112.312417,55.304991],[-112.313301,55.46059],[-112.751063,55.461074],[-112.755485,55.442228],[-112.729838,55.419033],[-112.725416,55.381341],[-112.72011,55.370227],[-112.701538,55.351864],[-112.683851,55.312239],[-112.693579,55.29291],[-112.706845,55.282279],[-112.732491,55.289527],[-112.742219,55.287594],[-112.750179,55.273097],[-112.775825,55.266815],[-112.788206,55.259567],[-112.789091,55.241687],[-112.812969,55.22864],[-112.818275,55.219942],[-112.816506,55.203996],[-112.819159,55.173552],[-112.838615,55.157605],[-112.849228,55.126196],[-112.876643,55.10445],[-112.889024,55.077389],[-112.88018,55.067242],[-112.835962,55.045979],[-112.801472,55.048396],[-112.758138,55.039214],[-112.743988,55.027617],[-112.715688,54.986059],[-112.736029,54.973978],[-112.787322,54.969146],[-112.8112,54.972045],[-112.835078,54.964314],[-112.875759,54.96528],[-112.904058,54.970596],[-112.904058,55.024234],[-113.361276,55.023751]]}},{"type":"Feature","properties":{},"geometry":{"type":"LineString","coordinates":[[-113.361276,55.023751],[-113.514271,55.023751],[-113.519578,55.110249],[-113.546109,55.110249],[-113.546109,55.160022],[-113.54434,55.247486],[-113.54434,55.46059],[-113.573524,55.46059],[-113.574408,55.63552],[-113.685838,55.63552],[-113.880399,55.636003],[-113.937883,55.63552],[-114.080266,55.636003],[-114.31197,55.63552],[-114.310201,55.809965],[-114.543674,55.809482],[-114.938102,55.809482],[-114.938102,55.977163],[-114.938986,56.16079],[-114.949598,56.160307],[-114.949598,56.333303],[-114.949598,56.458943],[-114.639186,56.458943],[-114.082035,56.456527],[-114.078497,56.804452],[-114.398638,56.806385],[-114.620614,56.807351],[-114.958442,56.807835],[-114.958442,56.855674],[-114.965517,56.855674],[-114.967286,57.00016],[-114.970823,57.204566],[-114.978782,57.206016],[-114.975245,57.380462],[-114.554286,57.381428],[-114.304011,57.380945],[-113.999789,57.381428],[-113.999789,57.499819],[-113.999789,57.690695],[-113.999789,57.896068],[-113.999789,58.081145],[-113.999789,58.249792],[-113.999789,58.500105],[-113.999789,58.664403],[-113.924617,58.689048],[-113.723866,58.689048],[-113.723866,58.765398],[-113.999789,58.765398],[-113.999789,58.999764],[-113.999789,59.149565],[-113.999789,59.373301],[-113.999789,59.474779],[-114.387141,59.475745],[-114.672792,59.474779],[-115.044226,59.473812],[-115.194568,59.474779],[-115.336951,59.473812],[-115.555389,59.475745],[-115.552736,59.648258],[-115.569539,59.648742],[-115.567771,59.850248],[-115.566886,60.000049]]}},{"type":"Feature","properties":{},"geometry":{"type":"LineString","coordinates":[[-120.000216,54.587395],[-120.000216,54.797599],[-119.999332,55.054194],[-120.000216,55.11943],[-120.000216,55.40212],[-120.001985,55.505531],[-120.000216,55.548538],[-120.0011,55.607009],[-120.000216,55.636003],[-120.000216,55.778556],[-120.000216,55.999875],[-120.0011,56.072359],[-120.000216,56.151126],[-120.002869,56.217328],[-120.0011,56.249221],[-120.000216,56.426083],[-120.000216,56.656101],[-120.000216,56.803969],[-120.000216,57.00016],[-120.000216,57.208432],[-120.000216,57.380462],[-120.000216,57.593083],[-120.000216,57.750132],[-120.000216,57.911048],[-120.000216,58.079695]]}},{"type":"Feature","properties":{},"geometry":{"type":"LineString","coordinates":[[-120.000216,58.079695],[-119.564223,58.079212],[-119.047753,58.079695],[-118.724959,58.079695],[-118.266857,58.078729],[-117.94937,58.081145],[-117.62127,58.080661],[-117.302014,58.079212],[-116.942076,58.079695],[-116.95092,58.068581],[-116.975682,58.054084],[-117.026976,58.051668],[-117.038472,58.043936],[-117.058813,58.045386],[-117.092419,58.034755],[-117.109222,58.009627],[-117.108337,57.991747],[-117.134868,57.973384],[-117.133984,57.959371],[-117.144596,57.935209],[-117.12514,57.91443],[-117.077384,57.886886],[-117.05616,57.87094],[-117.020785,57.852577],[-117.012826,57.837597],[-117.03405,57.82455],[-117.080038,57.8231],[-117.113643,57.812469],[-117.11895,57.795073],[-117.09684,57.786375],[-117.057928,57.785891],[-117.018132,57.779609],[-116.99337,57.767529],[-116.990716,57.751099],[-117.004866,57.738052],[-117.028744,57.734669],[-117.060581,57.7453],[-117.093303,57.749166],[-117.114528,57.742401],[-117.119834,57.725004],[-117.055275,57.702293],[-117.041125,57.689729],[-117.044663,57.676198],[-117.073847,57.656869],[-117.093303,57.63464],[-117.095956,57.624493],[-117.081806,57.609029],[-117.026976,57.591633],[-117.004866,57.597915],[-116.951804,57.592116],[-116.92262,57.576653],[-116.913777,57.563123],[-116.924389,57.541377],[-116.950036,57.531713],[-116.97922,57.52978],[-117.025207,57.532196],[-117.110106,57.519632],[-117.122487,57.504168],[-117.113643,57.497403],[-117.06235,57.491121],[-117.029629,57.475175],[-117.026091,57.441349],[-117.037588,57.429751],[-117.072963,57.415254],[-117.09065,57.397858],[-117.120718,57.361616],[-117.130446,57.345669],[-117.123371,57.321024],[-117.140174,57.310877],[-117.150787,57.293964],[-117.120718,57.286232],[-117.075616,57.283333],[-117.061466,57.260621],[-117.067656,57.249023],[-117.092419,57.231144],[-117.102147,57.197801],[-117.095072,57.192969],[-117.091534,57.163008],[-117.100378,57.148995],[-117.140174,57.134015],[-117.189699,57.127733],[-117.225074,57.126766],[-117.256911,57.120484],[-117.271061,57.111786],[-117.270176,57.101155],[-117.253373,57.093907],[-117.210039,57.097289],[-117.183508,57.095356],[-117.158746,57.089557],[-117.150787,57.081826],[-117.162284,57.066846],[-117.174665,57.068295],[-117.211808,57.058148],[-117.217114,57.032053],[-117.211808,57.023355],[-117.224189,56.975999],[-117.218883,56.966817],[-117.223305,56.948454],[-117.241877,56.936374],[-117.249836,56.918977],[-117.241877,56.898682],[-117.25072,56.882252],[-117.263101,56.876453],[-117.298476,56.875487],[-117.315279,56.870654],[-117.305551,56.855191],[-117.25868,56.846493],[-117.247183,56.831513],[-117.274598,56.809284],[-117.271945,56.797687],[-117.256026,56.779324],[-117.256026,56.76821],[-117.269292,56.754196],[-117.256026,56.741149],[-117.203849,56.752746],[-117.185277,56.75323],[-117.164937,56.742115],[-117.166705,56.731968],[-117.187046,56.720853],[-117.214461,56.721337],[-117.234802,56.716504],[-117.233917,56.697175],[-117.174665,56.67253],[-117.160515,56.662866],[-117.133984,56.655617],[-117.122487,56.648369],[-117.120718,56.630489],[-117.137521,56.615509],[-117.148134,56.598113],[-117.128678,56.5812],[-117.100378,56.580717],[-117.080038,56.576368],[-117.077384,56.559938],[-117.089766,56.544958],[-117.091534,56.500017],[-117.095956,56.481171],[-117.111875,56.459426],[-117.117181,56.441547],[-117.135753,56.430432],[-117.15963,56.408204],[-117.165821,56.390807],[-117.164937,56.371478],[-117.197658,56.34925],[-117.247183,56.337652],[-117.267523,56.317357],[-117.26487,56.296578],[-117.278136,56.269034],[-117.298476,56.256953],[-117.320585,56.25647],[-117.320585,56.248255],[-117.425825,56.247771],[-117.610657,56.247288],[-118.000663,56.247288],[-118.000663,56.159824],[-118.313729,56.159824],[-118.505636,56.159824],[-118.783328,56.159824],[-118.783328,56.13083],[-118.902717,56.130347],[-118.886798,56.11295],[-118.887683,56.094588],[-118.928364,56.06946],[-118.930132,56.059312],[-118.911561,56.041916],[-118.88503,56.031285],[-118.858499,56.030318],[-118.82843,56.021137],[-118.821355,56.013405],[-118.817818,55.99166],[-118.805437,55.9617],[-118.786865,55.945753],[-118.767409,55.941404],[-118.722306,55.937055],[-118.69666,55.929806],[-118.645366,55.927873],[-118.627679,55.922558],[-118.627679,55.898396],[-118.470262,55.897913],[-118.470262,55.810449],[-118.466724,55.810449],[-118.46584,55.722984],[-118.621489,55.722984],[-118.621489,55.461557],[-118.415431,55.46204],[-118.3606,55.461557],[-118.363253,55.527276],[-118.310191,55.527759],[-118.29781,55.533558],[-118.29781,55.543223],[-118.273048,55.543706],[-118.273048,55.55627],[-118.258898,55.563035],[-118.207605,55.563518],[-118.206721,55.548538],[-118.187265,55.550954],[-118.145699,55.545156],[-118.094406,55.545156],[-118.070528,55.549505],[-118.055494,55.573183],[-118.021004,55.573183],[-117.984745,55.581398],[-117.970595,55.575599],[-117.974132,55.565451],[-117.94937,55.557236],[-117.925492,55.564485],[-117.895424,55.552887],[-117.879505,55.550954],[-117.856511,55.554337],[-117.826443,55.549505],[-117.782225,55.553371],[-117.756578,55.558686],[-117.733584,55.55772],[-117.701747,55.563518],[-117.692019,55.570767],[-117.695557,55.580915],[-117.71855,55.598794],[-117.71236,55.615224],[-117.689366,55.620056],[-117.665488,55.610875],[-117.648685,55.608459],[-117.623923,55.620056],[-117.615964,55.644218],[-117.630114,55.668862],[-117.623039,55.67901],[-117.606236,55.676111],[-117.587664,55.68046],[-117.569092,55.670312],[-117.570861,55.530176],[-117.570861,55.461557],[-117.539908,55.461557],[-117.539024,55.375059],[-117.360382,55.374576],[-117.360382,55.287111],[-117.360382,55.114598],[-117.36215,55.030516],[-117.50984,55.030516],[-117.510724,54.964797],[-117.508955,54.765223],[-117.50984,54.588844]]}},{"type":"Feature","properties":{},"geometry":{"type":"LineString","coordinates":[[-117.50984,54.588844],[-117.985629,54.587395],[-118.205836,54.590294],[-118.400397,54.588844],[-118.680741,54.587878],[-119.069862,54.588844],[-119.536808,54.587878],[-119.783546,54.587878],[-120.000216,54.587395]]}},{"type":"Feature","properties":{},"geometry":{"type":"LineString","coordinates":[[-112.95093,53.524289],[-112.95093,53.628667],[-112.927052,53.628667],[-112.926168,53.643647],[-112.90229,53.643164],[-112.90229,53.657661],[-112.877527,53.657661],[-112.877527,53.716132],[-112.926168,53.716132],[-112.926168,53.774119],[-112.95093,53.774119],[-112.951814,53.893477]]}},{"type":"Feature","properties":{},"geometry":{"type":"LineString","coordinates":[[-112.951814,53.893477],[-112.912018,53.912323],[-112.860724,53.9418],[-112.84569,53.959196],[-112.843921,53.978042],[-113.12515,53.978042],[-113.34801,53.978042],[-113.347126,54.022982]]}},{"type":"Feature","properties":{},"geometry":{"type":"LineString","coordinates":[[-113.347126,54.022982],[-113.349779,54.094017],[-113.374541,54.094017],[-113.375426,54.268463],[-113.300255,54.268463],[-113.303792,54.298906],[-113.300255,54.326934],[-113.600055,54.326451],[-113.600939,54.340947],[-113.61332,54.340947],[-113.61332,54.363176],[-113.675226,54.363176],[-113.67611,54.413432],[-113.685838,54.413432],[-113.685838,54.514427],[-113.689376,54.674376],[-113.694682,54.742028],[-113.691145,54.76184],[-113.664614,54.762324],[-113.666382,54.796633],[-113.665498,54.93677],[-113.361276,54.937253],[-113.361276,55.023751]]}},{"type":"Feature","properties":{},"geometry":{"type":"LineString","coordinates":[[-115.023885,53.062322],[-115.001776,53.061355],[-114.861162,53.061355],[-114.610886,53.061839],[-114.440203,53.061355],[-114.363263,53.061839],[-114.362379,53.135773],[-114.395985,53.135773],[-114.395985,53.145921],[-114.440203,53.145921],[-114.440203,53.192311],[-114.488843,53.192311],[-114.488843,53.221304],[-114.538368,53.221304],[-114.537483,53.250781],[-114.560477,53.250298],[-114.562246,53.312152],[-114.546327,53.314568],[-114.520681,53.309735],[-114.505646,53.315051],[-114.48,53.340179],[-114.446394,53.344528],[-114.414557,53.343562],[-114.398638,53.349844],[-114.397754,53.362407],[-114.419863,53.363374],[-114.400407,53.385119],[-114.389794,53.38222],[-114.36061,53.407348],[-114.372991,53.422328],[-114.315507,53.421361],[-114.29163,53.406381],[-114.300473,53.396234],[-114.278364,53.382703],[-114.273058,53.370139],[-114.255371,53.372072],[-114.22088,53.358058],[-114.161628,53.355159],[-114.125369,53.345494],[-114.089994,53.350327],[-114.059926,53.348394],[-114.045776,53.325682],[-114.01836,53.327132],[-113.997135,53.324716],[-113.98387,53.328581],[-113.968836,53.341145],[-113.921964,53.336313],[-113.875093,53.342595],[-113.831759,53.360958],[-113.804344,53.354676],[-113.782234,53.364824],[-113.763663,53.357092],[-113.74686,53.371589],[-113.706179,53.370139],[-113.70441,53.356125],[-113.695566,53.354193]]}},{"type":"Feature","properties":{},"geometry":{"type":"LineString","coordinates":[[-113.344473,53.366757],[-113.049979,53.366757],[-113.049979,53.363857]]}},{"type":"Feature","properties":{},"geometry":{"type":"LineString","coordinates":[[-113.088891,52.755954],[-113.229505,52.755471],[-113.248961,52.757887],[-113.254268,52.748706],[-113.245424,52.738558],[-113.277261,52.728893],[-113.296717,52.730343],[-113.340051,52.741941],[-113.388691,52.742424],[-113.39046,52.71198],[-113.463862,52.712464],[-113.463862,52.719229],[-113.486856,52.719229],[-113.485972,52.778666],[-113.502775,52.778183],[-113.462978,52.814425],[-113.510734,52.814425],[-113.523115,52.828922],[-113.547877,52.828439],[-113.546993,52.843419],[-113.788425,52.843419],[-114.050197,52.843419],[-114.051082,52.857916],[-114.062579,52.865164],[-114.098838,52.865164],[-114.098838,52.872413],[-114.146593,52.872413],[-114.146593,52.887876],[-114.195234,52.88691],[-114.533946,52.887393],[-114.533062,52.843902],[-114.582586,52.843902]]}},{"type":"Feature","properties":{},"geometry":{"type":"LineString","coordinates":[[-114.582586,52.843902],[-114.726738,52.843902],[-114.965517,52.843902],[-115.015926,52.843419],[-115.015926,52.931367],[-115.015926,53.018348],[-115.024769,53.018348],[-115.023885,53.062322]]}},{"type":"Feature","properties":{},"geometry":{"type":"LineString","coordinates":[[-112.21779,49.611096],[-112.307995,49.611096],[-112.307995,49.567605],[-112.555618,49.567122],[-112.555618,49.523631],[-112.578611,49.523148],[-112.578611,49.538128],[-112.735144,49.537645],[-112.735144,49.552142],[-112.805009,49.552142],[-112.806778,49.56084],[-112.832425,49.565672]]}},{"type":"Feature","properties":{},"geometry":{"type":"LineString","coordinates":[[-114.951367,54.123011],[-114.952251,54.06454],[-114.969054,54.06454],[-114.969054,54.04956],[-115.018579,54.04956],[-115.018579,53.817127],[-115.019463,53.809878],[-115.043341,53.809878],[-115.043341,53.789099],[-114.975245,53.788133],[-114.969939,53.778468],[-114.944292,53.761072],[-114.943408,53.74126],[-114.923952,53.741743],[-114.908917,53.728696],[-114.916877,53.716132],[-114.812522,53.716615],[-114.812522,53.605955],[-114.801909,53.59919],[-114.770956,53.609821],[-114.776262,53.621419],[-114.757691,53.628184],[-114.687826,53.629633],[-114.689595,53.613687],[-114.569321,53.613687],[-114.518027,53.61417],[-114.379182,53.613687]]}},{"type":"Feature","properties":{},"geometry":{"type":"LineString","coordinates":[[-114.379182,53.613687],[-114.247411,53.613687],[-114.247411,53.59919],[-114.122716,53.59919],[-114.124484,53.657178],[-114.099722,53.657661],[-113.910468,53.657661],[-113.909583,53.628667],[-113.836181,53.62915],[-113.836181,53.599673],[-113.757472,53.599673],[-113.76101,53.582277],[-113.734479,53.585176],[-113.713254,53.592425]]}},{"type":"Feature","properties":{},"geometry":{"type":"LineString","coordinates":[[-115.023885,53.062322],[-115.043341,53.058939],[-115.078716,53.068604],[-115.086675,53.055557],[-115.1079,53.053141],[-115.140622,53.057006],[-115.159193,53.052174],[-115.194568,53.055073],[-115.209602,53.050724],[-115.226405,53.033328],[-115.204296,53.006267],[-115.214024,52.995153],[-115.21314,52.983072],[-115.201643,52.977757],[-115.198105,52.965193],[-115.208718,52.954078],[-115.206949,52.938132],[-115.221099,52.928467],[-115.226405,52.913487],[-115.199874,52.89899],[-115.177765,52.895608],[-115.179534,52.880144],[-115.147696,52.857433],[-115.160962,52.851151],[-115.145043,52.842936],[-115.28212,52.842936],[-115.281236,52.858882],[-115.503212,52.858399],[-115.502327,52.843419],[-115.596955,52.843419],[-115.596955,52.923635],[-115.604914,52.934749],[-115.595186,52.939582],[-115.604914,52.967126],[-115.597839,52.973891],[-115.597839,53.018831],[-115.611105,53.019314],[-115.611105,53.192311],[-115.611105,53.366757],[-115.703079,53.36724],[-115.91798,53.366757],[-115.91798,53.541202],[-115.96662,53.541202],[-115.96662,53.613204],[-115.988729,53.62915],[-116.163834,53.628184],[-116.162949,53.699702],[-116.139071,53.704051],[-116.132881,53.728212],[-116.132881,53.791515],[-116.167371,53.803596],[-116.229277,53.803113],[-116.23193,53.832107],[-116.231046,53.894927],[-116.231046,53.977076]]}},{"type":"Feature","properties":{},"geometry":{"type":"LineString","coordinates":[[-116.231046,53.977076],[-116.037369,53.977076],[-115.868455,53.977559],[-115.862265,53.964995],[-115.84723,53.950498],[-115.862265,53.945666],[-115.87553,53.924404],[-115.857843,53.912806],[-115.872877,53.90894],[-115.859612,53.898792],[-115.871993,53.890577],[-115.785325,53.890094],[-115.785325,53.819059],[-115.711038,53.818093],[-115.487293,53.819059],[-115.486409,53.803113],[-115.336951,53.80263],[-115.339604,53.814227],[-115.339604,54.021049],[-115.336951,54.064057],[-115.200758,54.06454],[-115.201643,54.152005],[-115.001776,54.152005],[-115.00266,54.122528],[-114.951367,54.123011]]}},{"type":"Feature","properties":{},"geometry":{"type":"LineString","coordinates":[[-120.000216,58.079695],[-120.000216,58.249792],[-120.000216,58.482225],[-120.000216,58.749934],[-120.000216,58.935495],[-120.000216,59.089162],[-120.000216,59.332709],[-120.000216,59.499907],[-120.000216,59.75022],[-120.000216,60.000049]]}},{"type":"Feature","properties":{},"geometry":{"type":"LineString","coordinates":[[-120.000216,60.000049],[-119.74994,60.000049],[-119.499665,60.000049],[-119.250273,60.000049],[-118.999997,60.000049],[-118.749722,60.000049],[-118.50033,60.000049],[-118.250055,60.000049],[-117.999779,60.000049],[-117.750387,60.000049],[-117.500112,60.000049],[-117.249836,60.000049],[-116.99956,60.000049],[-116.750169,60.000049],[-116.499893,60.000049],[-116.249617,60.000049],[-116.000226,60.000049],[-115.566886,60.000049]]}},{"type":"Feature","properties":{},"geometry":{"type":"LineString","coordinates":[[-113.347126,54.022982],[-113.371888,54.022016],[-113.570871,54.021533],[-113.570871,54.007519],[-113.66992,54.007519],[-113.66992,53.992539],[-113.78135,53.993022],[-113.78135,53.963545],[-113.806112,53.963545],[-113.806112,53.920054],[-113.868018,53.920054],[-113.868018,53.904591],[-113.979448,53.905074],[-113.991829,53.912323],[-113.991829,53.92682],[-114.051082,53.92682],[-114.051082,53.853852],[-114.150131,53.853852],[-114.151015,53.890094],[-114.287208,53.890094],[-114.287208,53.919088],[-114.299589,53.919571],[-114.299589,53.934068],[-114.349998,53.934068],[-114.349113,53.977559],[-114.428706,53.977559],[-114.430475,53.964512],[-114.449047,53.964995],[-114.487959,53.949531],[-114.509184,53.953881],[-114.540137,53.94035],[-114.555171,53.937451],[-114.571089,53.942766],[-114.593199,53.939384],[-114.603811,53.933102],[-114.627689,53.941317],[-114.64007,53.931652],[-114.650682,53.933585],[-114.706398,53.919088],[-114.728507,53.92537],[-114.73116,53.933585],[-114.733813,53.977076],[-114.795719,53.975626],[-114.793065,54.035063],[-114.820481,54.035063],[-114.819596,54.065023],[-114.827556,54.065023],[-114.826671,54.123011],[-114.951367,54.123011]]}},{"type":"Feature","properties":{},"geometry":{"type":"LineString","coordinates":[[-116.231046,53.977076],[-116.527308,53.977559],[-116.528193,54.065507],[-116.701529,54.066473],[-116.698875,54.122044],[-116.732481,54.114313],[-116.750169,54.100299],[-116.771394,54.065023],[-116.773162,54.045211],[-116.780237,54.039412],[-116.808537,54.03603],[-116.837721,54.017184],[-116.836837,54.006069],[-116.881939,54.000271],[-116.905817,54.007519],[-116.919083,54.006069],[-116.941192,54.016217],[-117.001329,54.002687],[-117.030513,54.003653],[-117.033166,53.993505],[-117.050853,53.992539],[-117.057928,53.977076],[-117.081806,53.985774],[-117.097725,53.973693],[-117.112759,53.975143],[-117.117181,53.995922],[-117.132215,53.984807],[-117.16759,53.982391],[-117.161399,53.996405],[-117.17378,54.000271],[-117.188815,53.990606],[-117.21623,53.996405],[-117.202964,54.011385],[-117.226842,54.008485],[-117.242761,53.990606],[-117.254258,53.985774],[-117.289632,54.006553],[-117.277251,54.032164],[-117.246298,54.035546],[-117.263986,54.051976],[-117.315279,54.047627],[-117.328545,54.051493],[-117.340926,54.039895],[-117.334735,54.023466],[-117.361266,54.022499],[-117.380722,54.027331],[-117.396641,54.024915],[-117.423172,54.029264],[-117.482424,54.034097],[-117.499227,54.045211],[-117.511608,54.043761],[-117.510724,54.104648],[-117.510724,54.3308],[-117.50984,54.588844]]}},{"type":"Feature","properties":{},"geometry":{"type":"LineString","coordinates":[[-113.093313,52.317665],[-113.112769,52.322014],[-113.15964,52.316699],[-113.179096,52.322014],[-113.196784,52.314282],[-113.21624,52.314766],[-113.253383,52.296886],[-113.260458,52.282873],[-113.248961,52.268376],[-113.269302,52.262094],[-113.278145,52.250013],[-113.309983,52.252912],[-113.320595,52.245181],[-113.349779,52.24663],[-113.363929,52.251463],[-113.378079,52.241798],[-113.407263,52.238899],[-113.427603,52.241798],[-113.455903,52.235033],[-113.479781,52.23455],[-113.501006,52.239382],[-113.520462,52.252912],[-113.538149,52.258711],[-113.585905,52.26451],[-113.600939,52.277557],[-113.631892,52.276591],[-113.670804,52.289638],[-113.681417,52.297369],[-113.685838,52.317182],[-113.695566,52.325397],[-113.689376,52.335545],[-113.708832,52.352458],[-113.723866,52.347142],[-113.757472,52.357773],[-113.787541,52.354874],[-113.794616,52.339894],[-113.851215,52.337961],[-113.865365,52.317665],[-113.897202,52.317665],[-113.897202,52.303651],[-113.885705,52.29592],[-113.860943,52.296403],[-113.862712,52.268376],[-113.889243,52.253396],[-113.88659,52.237932],[-113.901624,52.226335],[-113.916658,52.197341],[-113.927271,52.187193],[-113.933461,52.169797],[-113.950264,52.165931],[-113.965298,52.149018],[-113.965298,52.12389],[-113.987407,52.117125],[-113.991829,52.094896],[-113.978564,52.07605],[-113.980333,52.049956],[-113.90074,52.049956],[-113.922849,52.027244],[-113.861827,52.026761],[-113.647811,52.026761],[-113.647811,51.968773],[-113.642504,51.954276]]}},{"type":"Feature","properties":{},"geometry":{"type":"LineString","coordinates":[[-113.661961,51.590888],[-113.943189,51.590404],[-114.119178,51.590888],[-114.119178,51.576391],[-114.49415,51.576874],[-114.49415,51.614566],[-114.497687,51.622298],[-114.497687,51.705413],[-114.48619,51.731991],[-114.48619,51.787562],[-114.497687,51.789495],[-114.497687,51.96974],[-114.501224,51.96974],[-114.501224,52.072184],[-114.572858,52.072184],[-114.571974,52.130172],[-114.429591,52.129689],[-114.430475,52.275141],[-114.441088,52.275624],[-114.441088,52.319115],[-114.45789,52.319115],[-114.457006,52.377586],[-114.481768,52.377586],[-114.481768,52.399814],[-114.493265,52.399814],[-114.49415,52.434607],[-114.529524,52.449104],[-114.529524,52.508541],[-114.464965,52.509024],[-114.46585,52.566528],[-114.505646,52.567012],[-114.505646,52.581508],[-114.57728,52.581025],[-114.578164,52.595522],[-114.649798,52.595039],[-114.649798,52.66849],[-114.655104,52.66849],[-114.655989,52.712947],[-114.583471,52.712464],[-114.583471,52.785915],[-114.582586,52.843902]]}},{"type":"Feature","properties":{},"geometry":{"type":"LineString","coordinates":[[-113.29318,53.673124],[-113.287873,53.679406],[-113.246308,53.698252],[-113.215355,53.716132],[-113.210049,53.725313],[-113.17379,53.749474],[-113.166715,53.767837],[-113.126034,53.790549],[-113.112769,53.806979],[-113.111,53.821476],[-113.081816,53.834523],[-113.066782,53.862067],[-113.058823,53.866899],[-113.032292,53.869799],[-112.988073,53.879946],[-112.951814,53.893477]]}},{"type":"Feature","properties":{},"geometry":{"type":"LineString","coordinates":[[-114.726738,50.160528],[-114.732929,50.169226],[-114.724969,50.190005],[-114.739119,50.202569],[-114.74531,50.222381],[-114.762997,50.234462],[-114.770072,50.249926],[-114.763881,50.265389],[-114.7515,50.275053],[-114.755038,50.299215],[-114.781569,50.301631],[-114.780684,50.315162],[-114.797487,50.326276],[-114.792181,50.33594],[-114.766534,50.350921],[-114.768303,50.358652],[-114.789528,50.358169],[-114.819596,50.369283],[-114.81429,50.381847],[-114.824903,50.393445],[-114.85674,50.392478],[-114.865584,50.39876],[-114.863815,50.417123],[-114.872658,50.43017],[-114.887693,50.435486],[-114.912455,50.451432],[-114.931911,50.473661],[-114.977898,50.529715],[-115.013273,50.57079],[-115.020348,50.584804],[-115.049532,50.575139],[-115.07341,50.58867],[-115.084906,50.589636],[-115.117628,50.569824],[-115.1362,50.574173],[-115.173343,50.567407],[-115.177765,50.558226],[-115.19103,50.553877],[-115.183955,50.544212],[-115.19103,50.535031],[-115.216677,50.536481],[-115.230827,50.544696],[-115.229943,50.559193],[-115.242324,50.571273],[-115.229943,50.577555],[-115.239671,50.589153],[-115.271508,50.597851],[-115.293617,50.610898],[-115.298039,50.624912],[-115.31042,50.627328],[-115.312189,50.638442],[-115.285658,50.638925],[-115.28212,50.663087],[-115.298039,50.683383],[-115.301576,50.700779],[-115.313957,50.715276],[-115.314842,50.725907],[-115.354638,50.722524],[-115.390897,50.706578],[-115.413891,50.71141],[-115.412122,50.733638],[-115.436,50.755867],[-115.481103,50.755384],[-115.481987,50.768431],[-115.497906,50.782445],[-115.517362,50.780028],[-115.538586,50.796458],[-115.550968,50.796941],[-115.566886,50.814821],[-115.560696,50.826418],[-115.578383,50.840432],[-115.607567,50.843815],[-115.627023,50.833667],[-115.642942,50.842365],[-115.649132,50.874258],[-115.592533,50.892621],[-115.577499,50.888272],[-115.562464,50.894071],[-115.584574,50.915816],[-115.599608,50.917749],[-115.61022,50.926447],[-115.596955,50.939977],[-115.614642,50.951092],[-115.621717,50.965589],[-115.649132,50.997482],[-115.669473,50.999415],[-115.703963,51.02116],[-115.726957,51.018744],[-115.766753,51.039523],[-115.773828,51.057885],[-115.788862,51.072382],[-115.803012,51.069483],[-115.816278,51.084946],[-115.833081,51.075765],[-115.857843,51.079148],[-115.867571,51.089295],[-115.923286,51.083013],[-115.93213,51.096544],[-115.948933,51.099443],[-115.956892,51.11539],[-115.985192,51.126021],[-116.004648,51.124571],[-116.01526,51.138102],[-116.017913,51.155981],[-116.036485,51.169995],[-116.024104,51.176277],[-116.021451,51.186908],[-116.000226,51.194156],[-116.007301,51.222184],[-116.026757,51.219767],[-116.048866,51.227499],[-116.064785,51.247795],[-116.081588,51.251661],[-116.111656,51.253593],[-116.144378,51.264708],[-116.159412,51.275822],[-116.151453,51.286936],[-116.163834,51.297567],[-116.179752,51.295634],[-116.188596,51.301433],[-116.218664,51.294668],[-116.227508,51.301433],[-116.243427,51.301433],[-116.268189,51.312064],[-116.27438,51.328011],[-116.282339,51.331393]]}},{"type":"Feature","properties":{},"geometry":{"type":"LineString","coordinates":[[-116.282339,51.331393],[-116.290298,51.342991],[-116.277033,51.354588],[-116.293836,51.364736],[-116.311523,51.385032],[-116.282339,51.406777],[-116.293836,51.429972],[-116.285876,51.435288],[-116.292067,51.461865],[-116.338054,51.464282],[-116.360163,51.471047],[-116.393769,51.505839],[-116.395538,51.525652],[-116.383157,51.532417],[-116.391116,51.545464],[-116.414994,51.553196],[-116.453022,51.560444],[-116.464518,51.56576],[-116.473362,51.582673],[-116.466287,51.59427],[-116.471593,51.604901],[-116.491049,51.61215],[-116.499893,51.623264],[-116.529961,51.631479],[-116.569758,51.646942],[-116.595405,51.661922],[-116.581255,51.697198],[-116.598942,51.723776],[-116.630779,51.731508],[-116.628126,51.745038],[-116.650235,51.753736],[-116.65112,51.766783],[-116.64316,51.786596],[-116.654657,51.801093],[-116.682073,51.812207],[-116.694454,51.803509],[-116.715678,51.798676],[-116.725406,51.804958],[-116.743978,51.806408],[-116.773162,51.774998],[-116.791734,51.763884],[-116.818265,51.735373],[-116.797925,51.723776],[-116.809421,51.705413],[-116.836837,51.70348],[-116.85364,51.708313],[-116.887246,51.702997],[-116.920852,51.709762],[-116.926158,51.729091],[-116.943845,51.733924],[-116.960648,51.751803],[-116.976567,51.760018],[-116.963301,51.774032],[-116.964185,51.794811],[-116.988948,51.81124],[-116.988063,51.822838],[-116.97922,51.833469],[-117.005751,51.835885],[-117.019016,51.843134],[-117.03405,51.860047],[-117.019901,51.891457],[-117.080038,51.930598],[-117.097725,51.93978],[-117.103031,51.956693],[-117.119834,51.955726],[-117.133099,51.96829],[-117.177318,51.974572],[-117.197658,51.980371],[-117.20208,51.992935],[-117.21623,51.997284],[-117.232149,52.016613],[-117.214461,52.028694],[-117.232149,52.041258],[-117.248067,52.034976],[-117.270176,52.048989],[-117.268408,52.055755],[-117.294939,52.064936],[-117.304667,52.074117],[-117.292285,52.085232],[-117.298476,52.094413],[-117.317048,52.193958],[-117.326776,52.190092],[-117.333851,52.148535],[-117.381607,52.137904],[-117.500112,52.144186],[-117.50984,52.157716],[-117.523105,52.158199],[-117.611542,52.144186],[-117.629229,52.174629],[-117.663719,52.197824],[-117.743312,52.193958],[-117.741544,52.20314],[-117.818484,52.226335],[-117.822021,52.24663],[-117.839708,52.274174],[-117.796374,52.292537],[-117.777803,52.319115],[-117.75304,52.316215],[-117.722972,52.355357],[-117.706169,52.365505],[-117.730047,52.382418],[-117.766306,52.417694],[-117.839708,52.421076],[-117.88658,52.425908],[-117.967057,52.469882],[-117.988282,52.500326],[-118.003316,52.492594],[-118.021888,52.472299],[-118.021004,52.455386],[-118.042228,52.458768],[-118.052841,52.449587],[-118.030732,52.437989],[-118.04046,52.41866],[-118.043997,52.398364],[-118.13774,52.407546],[-118.181958,52.382901],[-118.18019,52.372753],[-118.212911,52.370337],[-118.226177,52.380485]]}},{"type":"Feature","properties":{},"geometry":{"type":"LineString","coordinates":[[-118.226177,52.380485],[-118.22087,52.397398],[-118.244748,52.408029],[-118.239442,52.426875],[-118.255361,52.449587],[-118.193455,52.477614],[-118.235905,52.490178],[-118.288967,52.538501],[-118.273048,52.566045],[-118.332301,52.580059],[-118.333185,52.606153],[-118.352641,52.610502],[-118.35441,52.633697],[-118.301348,52.653993],[-118.289851,52.677671],[-118.342913,52.709081],[-118.342913,52.738558],[-118.422506,52.775767],[-118.412778,52.80621],[-118.399512,52.824573],[-118.40305,52.850667],[-118.444615,52.852117],[-118.458765,52.859365],[-118.461418,52.869513],[-118.448153,52.88546],[-118.476452,52.900923],[-118.50033,52.906239],[-118.522439,52.898024],[-118.543664,52.908655],[-118.562236,52.901406],[-118.569311,52.888842],[-118.586998,52.882077],[-118.613529,52.883527],[-118.614414,52.899957],[-118.620604,52.916387],[-118.613529,52.936199],[-118.660401,52.963743],[-118.670129,52.983555],[-118.640945,52.999502],[-118.652441,53.018348],[-118.655094,53.034778],[-118.66836,53.042509],[-118.695775,53.032845],[-118.700197,53.044442],[-118.726728,53.060389],[-118.746184,53.052174],[-118.758565,53.03816],[-118.776253,53.045409],[-118.75945,53.065705],[-118.770062,53.074403],[-118.748837,53.088416],[-118.748837,53.097114],[-118.729381,53.115477],[-118.732034,53.119343],[-118.772715,53.132873],[-118.784212,53.144954],[-118.786865,53.159451],[-118.823124,53.172981],[-118.831083,53.183129],[-118.862036,53.190861],[-118.879724,53.205841],[-118.915983,53.21164],[-118.923058,53.22517],[-118.94782,53.238701],[-118.975235,53.2416],[-119.023875,53.231935],[-119.018569,53.219372],[-118.999113,53.212606],[-118.999113,53.192794],[-119.029182,53.164283],[-118.999997,53.14882],[-119.02476,53.134806],[-119.02476,53.126591],[-119.047753,53.126591],[-119.046869,53.144954],[-119.088434,53.165733],[-119.119387,53.161867],[-119.141496,53.18168],[-119.145918,53.191344],[-119.175986,53.184579],[-119.196327,53.185545],[-119.21932,53.194244],[-119.23347,53.19376],[-119.232586,53.18168],[-119.257348,53.176847],[-119.251158,53.199076],[-119.288301,53.24015],[-119.290954,53.249815],[-119.325444,53.269627],[-119.340479,53.287024],[-119.329866,53.296688],[-119.356397,53.312152],[-119.346669,53.326165],[-119.355513,53.340179],[-119.405922,53.368206],[-119.436875,53.357575],[-119.458984,53.357092],[-119.517352,53.370139],[-119.548305,53.367723],[-119.604904,53.38367],[-119.598714,53.36579],[-119.625245,53.363374],[-119.637626,53.369173],[-119.668579,53.367723],[-119.682728,53.384153],[-119.69511,53.390435],[-119.725178,53.388985],[-119.739328,53.411697],[-119.758784,53.426194],[-119.758784,53.440207],[-119.771165,53.446006],[-119.790621,53.479349],[-119.780009,53.491913],[-119.800349,53.500128],[-119.81273,53.500128],[-119.830418,53.514625],[-119.846336,53.511725],[-119.854296,53.500128],[-119.87552,53.50641],[-119.899398,53.518974],[-119.900283,53.532988],[-119.862255,53.548451],[-119.863139,53.561498],[-119.872867,53.571163],[-119.891439,53.577445],[-119.910895,53.601123],[-119.930351,53.610304],[-119.902936,53.619969],[-119.879058,53.617069],[-119.854296,53.607888],[-119.829533,53.608855],[-119.793274,53.602573],[-119.776471,53.590975],[-119.749056,53.593391],[-119.739328,53.602089],[-119.713681,53.614653],[-119.737559,53.636882],[-119.734906,53.662976],[-119.755247,53.664909],[-119.768512,53.675057],[-119.787084,53.701151],[-119.797696,53.707917],[-119.839261,53.697286],[-119.844568,53.714682],[-119.870214,53.714682],[-119.908242,53.710816],[-119.901167,53.722897],[-119.902051,53.73836],[-119.887017,53.749958],[-119.892323,53.757689],[-119.886133,53.76832],[-119.887901,53.779435],[-119.942732,53.776052],[-119.959535,53.780884],[-120.000216,53.806012],[-120.000216,53.937451],[-120.000216,54.213858],[-120.000216,54.490749],[-120.000216,54.587395]]}},{"type":"Feature","properties":{},"geometry":{"type":"LineString","coordinates":[[-122.679847,49.083892],[-122.647125,49.08196],[-122.637397,49.089691]]}},{"type":"Feature","properties":{},"geometry":{"type":"LineString","coordinates":[[-122.637397,49.089691],[-122.625016,49.074711],[-122.560457,49.074711],[-122.492361,49.059731],[-122.492361,49.101772],[-122.460524,49.089208]]}},{"type":"Feature","properties":{},"geometry":{"type":"LineString","coordinates":[[-122.460524,49.089208],[-122.381815,49.057798],[-122.370319,49.060697],[-122.314603,49.060214],[-122.276576,49.057315],[-122.265079,49.030254],[-122.265079,49.002227]]}},{"type":"Feature","properties":{},"geometry":{"type":"LineString","coordinates":[[-122.681616,49.002227],[-122.679847,49.016724],[-122.679847,49.083892]]}},{"type":"Feature","properties":{},"geometry":{"type":"LineString","coordinates":[[-123.023866,49.232244],[-123.023866,49.258338]]}},{"type":"Feature","properties":{},"geometry":{"type":"LineString","coordinates":[[-123.023866,49.258338],[-123.023866,49.265587]]}},{"type":"Feature","properties":{},"geometry":{"type":"LineString","coordinates":[[-123.023866,49.265587],[-122.977878,49.264137],[-122.938082,49.253989],[-122.936313,49.274285],[-122.91332,49.26607],[-122.892979,49.26607]]}},{"type":"Feature","properties":{},"geometry":{"type":"LineString","coordinates":[[-122.892979,49.26607],[-122.892979,49.249157]]}},{"type":"Feature","properties":{},"geometry":{"type":"LineString","coordinates":[[-122.892979,49.249157],[-122.932776,49.236593],[-122.954885,49.235627],[-122.931891,49.216781],[-122.938082,49.213398]]}},{"type":"Feature","properties":{},"geometry":{"type":"LineString","coordinates":[[-122.938082,49.213398],[-122.949579,49.21823],[-122.979647,49.222096],[-123.023866,49.222096],[-123.023866,49.232244]]}},{"type":"Feature","properties":{},"geometry":{"type":"LineString","coordinates":[[-123.023866,49.265587],[-123.022981,49.294581],[-123.0389,49.295547]]}},{"type":"Feature","properties":{},"geometry":{"type":"LineString","coordinates":[[-123.0389,49.295547],[-123.038015,49.313427],[-123.054818,49.313427],[-123.05305,49.335655],[-123.038015,49.337105],[-123.035362,49.407656],[-122.948694,49.409589],[-122.89917,49.414422],[-122.869101,49.413938]]}},{"type":"Feature","properties":{},"geometry":{"type":"LineString","coordinates":[[-122.869101,49.413938],[-122.878829,49.382045]]}},{"type":"Feature","properties":{},"geometry":{"type":"LineString","coordinates":[[-122.878829,49.382045],[-122.892979,49.3574],[-122.928354,49.333239],[-122.946041,49.296997],[-122.89917,49.289265],[-122.892979,49.26607]]}},{"type":"Feature","properties":{},"geometry":{"type":"LineString","coordinates":[[-125.575263,51.913202],[-125.574379,51.931565],[-125.589413,51.942679],[-125.585876,51.95186],[-125.604447,51.96829],[-125.615944,51.987619],[-125.602679,52.006465],[-125.600025,52.022895],[-125.591182,52.026761],[-125.579685,52.055755],[-125.606216,52.057204],[-125.623019,52.048989],[-125.644244,52.051889],[-125.659278,52.060587],[-125.665469,52.072668],[-125.661931,52.100212],[-125.674312,52.109393],[-125.669006,52.121957],[-125.646013,52.13742],[-125.630094,52.139837],[-125.599141,52.158683],[-125.573494,52.158199],[-125.57261,52.173179],[-125.545195,52.167381],[-125.482405,52.177528],[-125.462949,52.18671],[-125.451452,52.204589],[-125.457642,52.214254],[-125.485942,52.227784],[-125.502745,52.229234],[-125.510704,52.247114],[-125.490364,52.24953],[-125.477098,52.279973],[-125.454989,52.287222],[-125.439071,52.276107],[-125.420499,52.280456],[-125.419615,52.288671],[-125.400159,52.308484],[-125.378049,52.317665],[-125.382471,52.329746],[-125.34975,52.336994],[-125.343559,52.344726],[-125.359478,52.366471],[-125.358593,52.380485],[-125.38424,52.395948],[-125.406349,52.395465],[-125.429343,52.404646],[-125.451452,52.404646],[-125.466486,52.398848],[-125.485058,52.408512],[-125.48948,52.43219],[-125.471792,52.455386],[-125.457642,52.458285],[-125.455874,52.471332],[-125.471792,52.48148],[-125.494786,52.480513],[-125.53016,52.496943],[-125.568188,52.504192],[-125.595604,52.504675],[-125.620366,52.510957],[-125.67785,52.492594],[-125.699959,52.492111],[-125.735334,52.48003],[-125.758327,52.486795],[-125.745946,52.497426],[-125.753905,52.508058],[-125.778668,52.51144],[-125.799008,52.525454],[-125.790164,52.533669],[-125.808736,52.540434],[-125.826423,52.55783],[-125.82377,52.577159],[-125.850301,52.576676],[-125.856492,52.581992],[-125.86622,52.610502],[-125.848532,52.624516],[-125.870642,52.633697],[-125.884792,52.628382],[-125.937854,52.6221],[-125.958194,52.602771],[-125.988262,52.6192],[-126.010372,52.613885],[-126.006834,52.602287],[-126.046631,52.581508],[-126.066971,52.579576],[-126.083774,52.591656],[-126.118264,52.588274],[-126.135952,52.576676],[-126.13772,52.550099],[-126.153639,52.545749],[-126.183707,52.520621],[-126.197857,52.499843],[-126.219966,52.49646],[-126.244729,52.524971],[-126.261532,52.530286],[-126.270375,52.5414],[-126.300444,52.545266],[-126.312825,52.532702],[-126.318131,52.518205],[-126.344662,52.524487],[-126.358812,52.535118],[-126.384459,52.568461],[-126.384459,52.578126],[-126.410105,52.593106],[-126.395955,52.602771],[-126.412758,52.614851],[-126.429561,52.63708],[-126.44548,52.653993],[-126.416296,52.661725],[-126.41099,52.688785],[-126.378268,52.695067],[-126.361465,52.707148],[-126.346431,52.702316],[-126.349084,52.731793],[-126.333165,52.751605],[-126.335818,52.829405],[-126.370309,52.823123],[-126.403915,52.798962],[-126.416296,52.794129],[-126.443711,52.795579],[-126.454324,52.784465],[-126.476433,52.785915],[-126.486161,52.779633],[-126.530379,52.775284],[-126.556026,52.792197],[-126.55072,52.799928],[-126.553373,52.815392],[-126.572829,52.818774],[-126.601128,52.812975],[-126.612625,52.834238],[-126.639156,52.845835],[-126.611741,52.868547],[-126.586979,52.879178],[-126.597591,52.913487],[-126.611741,52.917353],[-126.624122,52.935233],[-126.646231,52.941998],[-126.624122,52.971475],[-126.635619,52.984039],[-126.609088,53.000469],[-126.250035,52.999985],[-126.000644,52.999985],[-125.750368,53.000469],[-125.308184,53.000952],[-125.000425,53.000469],[-125.000425,53.190378],[-125.004847,53.234835],[-124.996003,53.2416],[-125.001309,53.376904],[-125.001309,53.446973],[-124.983622,53.431509],[-124.96505,53.436342],[-124.942941,53.434409],[-124.934097,53.438758],[-124.898723,53.435375],[-124.855389,53.396234],[-124.805864,53.369173],[-124.779333,53.361924],[-124.736884,53.354676],[-124.719196,53.359991],[-124.697087,53.377871],[-124.681169,53.384153],[-124.687359,53.399616],[-124.660828,53.408798],[-124.647563,53.407348],[-124.628991,53.386086],[-124.605997,53.386086],[-124.554704,53.393334],[-124.515792,53.394784],[-124.522867,53.402516],[-124.537017,53.436342],[-124.521098,53.450355],[-124.552051,53.462436],[-124.552051,53.470651],[-124.518445,53.476933],[-124.509601,53.501578],[-124.537017,53.524773],[-124.528173,53.531055],[-124.500758,53.528638],[-124.504295,53.553283],[-124.495452,53.555699],[-124.498989,53.574545],[-124.499873,53.660077],[-124.496336,53.702118],[-124.502526,53.70695],[-124.499873,53.822442],[-124.499873,53.894927],[-124.494567,53.896859],[-124.436199,53.896376],[-124.436199,53.998338],[-124.366334,53.998338],[-124.368103,54.03458],[-124.353069,54.070339],[-124.367218,54.128326],[-124.466267,54.128326],[-124.466267,54.232704],[-124.444158,54.224972],[-124.423818,54.232704],[-124.413205,54.258798],[-124.39994,54.269429],[-124.368103,54.268946],[-124.348647,54.26508],[-124.338034,54.271846],[-124.30885,54.268946],[-124.310619,54.280061],[-124.272591,54.292624],[-124.198304,54.293591],[-124.167352,54.288275],[-124.147011,54.273779],[-124.069187,54.246718],[-124.036465,54.240436],[-123.964832,54.209509],[-123.941838,54.204193],[-123.926804,54.211925],[-123.905579,54.203227],[-123.879048,54.200328],[-123.86932,54.20371],[-123.842789,54.197911],[-123.821564,54.204193],[-123.79238,54.193562],[-123.742856,54.180032],[-123.699522,54.181482],[-123.665916,54.166502],[-123.637616,54.166985],[-123.574826,54.158287],[-123.543873,54.159253],[-123.519995,54.154421]]}},{"type":"Feature","properties":{},"geometry":{"type":"LineString","coordinates":[[-123.519995,54.154421],[-123.535914,54.137991],[-123.531492,54.12881],[-123.55537,54.120595],[-123.565982,54.105615],[-123.519995,54.096433],[-123.483736,54.083869],[-123.484621,54.071305],[-123.497886,54.065023],[-123.515573,54.068889],[-123.536798,54.062124],[-123.553601,54.065023],[-123.553601,54.076621],[-123.573942,54.074688],[-123.587207,54.058258],[-123.609316,54.055842],[-123.616391,54.041345],[-123.581901,54.038929],[-123.584554,54.023949],[-123.571288,54.017667],[-123.535029,53.987223],[-123.491695,54.002687],[-123.465164,53.996405],[-123.448361,53.983841],[-123.423599,53.975143],[-123.370537,53.967411],[-123.314822,53.974176],[-123.303325,53.980941],[-123.273257,53.987223],[-123.24761,53.981908],[-123.238767,53.971277],[-123.236998,53.957263],[-123.258223,53.940833],[-123.258223,53.924404],[-123.235229,53.91039],[-123.205161,53.915705],[-123.172439,53.91039],[-123.160058,53.901692],[-123.124683,53.902658],[-123.096384,53.884779],[-123.086656,53.859651],[-123.067199,53.851436],[-123.053934,53.855785],[-123.042437,53.869315],[-123.001756,53.876081],[-122.985838,53.882363],[-122.962844,53.900242],[-122.946041,53.906524],[-122.958422,53.917155],[-122.940735,53.932135],[-122.969035,53.938417],[-122.950463,53.950015],[-122.93366,53.967411],[-122.908898,53.965961],[-122.910667,53.976592],[-122.877061,53.978042],[-122.814271,53.945666],[-122.79393,53.938417],[-122.781549,53.92392],[-122.781549,53.902658],[-122.747943,53.890577],[-122.761209,53.88043],[-122.746174,53.859651],[-122.747943,53.83404],[-122.729371,53.822442],[-122.735562,53.806979],[-122.71699,53.791515],[-122.708147,53.775086],[-122.715222,53.749474],[-122.709915,53.722414],[-122.714337,53.709366],[-122.704609,53.690037],[-122.722296,53.683272],[-122.726718,53.674574],[-122.701072,53.662976],[-122.699303,53.653795],[-122.671003,53.644614],[-122.685153,53.613687],[-122.675425,53.59774],[-122.666581,53.594841],[-122.595832,53.594358],[-122.491477,53.591942],[-122.39685,53.591458],[-122.395081,53.561498],[-122.3827,53.541686],[-122.357053,53.524289],[-122.339366,53.543135],[-122.319025,53.545552],[-122.273923,53.527189],[-122.258888,53.532021],[-122.21467,53.524289],[-122.182833,53.525256],[-122.18018,53.516558],[-122.192561,53.49143],[-122.173105,53.480316],[-122.163377,53.467268],[-122.162492,53.456637],[-121.930788,53.456154],[-121.814052,53.45712],[-121.571736,53.452771],[-121.555817,53.439241],[-121.287854,53.445523],[-121.283432,53.43006],[-121.263976,53.402999],[-121.228601,53.384636],[-121.197648,53.378837],[-121.173771,53.396234],[-121.159621,53.381253],[-121.142818,53.379804],[-121.134858,53.394784],[-121.110981,53.3972],[-121.073837,53.393334],[-121.054381,53.400583],[-121.024313,53.427643],[-121.008394,53.430543],[-120.998666,53.383186],[-121.018122,53.329548],[-120.980094,53.313601],[-120.975672,53.30442],[-120.977441,53.284124],[-120.972135,53.278809],[-120.945604,53.281708],[-120.938529,53.287024],[-120.937645,53.300554],[-120.92261,53.306836],[-120.885467,53.298138],[-120.86778,53.286057],[-120.852745,53.281708],[-120.81118,53.28799],[-120.799683,53.266728],[-120.787302,53.25658],[-120.767846,53.255614],[-120.714784,53.264312],[-120.694444,53.25658],[-120.627232,53.214056],[-120.600701,53.189895],[-120.575054,53.192794],[-120.52553,53.170565],[-120.47689,53.156068],[-120.466277,53.149303],[-120.46274,53.124659],[-120.456549,53.118377],[-120.429134,53.110162],[-120.416753,53.100014],[-120.416753,53.082134],[-120.425596,53.067637],[-120.474237,53.065705],[-120.488386,53.05459],[-120.457434,52.999502],[-120.43444,52.972441],[-120.411447,52.964226],[-120.376956,52.96471],[-120.338044,52.927501],[-120.300901,52.921219],[-120.269064,52.928951],[-120.247839,52.921219],[-120.227498,52.918319],[-120.200967,52.932333],[-120.187702,52.924118],[-120.170014,52.925085],[-120.165593,52.898507],[-120.142599,52.876762]]}},{"type":"Feature","properties":{},"geometry":{"type":"LineString","coordinates":[[-120.142599,52.876762],[-120.165593,52.861782],[-120.177089,52.859849],[-120.212464,52.876278],[-120.22573,52.872896],[-120.232804,52.863715],[-120.259335,52.859849],[-120.282329,52.868547],[-120.313282,52.858882],[-120.334507,52.833271],[-120.302669,52.814908],[-120.339813,52.788331],[-120.334507,52.781565],[-120.307976,52.780116],[-120.290288,52.771901],[-120.293826,52.763686],[-120.273485,52.745806],[-120.293826,52.725511],[-120.269064,52.712947],[-120.286751,52.705215],[-120.254029,52.677188],[-120.289404,52.657859],[-120.235458,52.634664],[-120.238111,52.62065],[-120.251376,52.619684],[-120.268179,52.608086],[-120.293826,52.607603],[-120.291173,52.587307],[-120.315935,52.566528],[-120.333622,52.566528],[-120.341582,52.552515],[-120.362806,52.528353],[-120.389337,52.537051],[-120.407909,52.534635],[-120.441515,52.517239],[-120.509611,52.494527],[-120.532605,52.479064],[-120.542333,52.466017],[-120.521992,52.453936],[-120.508727,52.451036],[-120.492808,52.439439],[-120.459202,52.421076],[-120.460087,52.411895],[-120.49104,52.400297],[-120.521108,52.379518],[-120.527299,52.350041],[-120.517571,52.343759],[-120.535258,52.329263],[-120.507842,52.324914],[-120.466277,52.304618],[-120.491924,52.288671],[-120.421175,52.209905],[-120.395528,52.204106],[-120.386684,52.178495],[-120.401719,52.166414],[-120.407909,52.144186],[-120.375188,52.134038],[-120.347772,52.155783],[-120.320357,52.153367],[-120.307976,52.14032],[-120.316819,52.120991],[-120.302669,52.105044],[-120.293826,52.082815],[-120.316819,52.064453],[-120.320357,52.039325],[-120.316819,52.027727],[-120.28852,52.019512],[-120.306207,52.012747],[-120.330085,51.994868],[-120.3292,51.98472],[-120.345119,51.975538],[-120.330969,51.96829],[-120.315935,51.976022],[-120.298248,51.968773],[-120.277907,51.977955],[-120.268179,51.950894],[-120.250492,51.940263],[-120.247839,51.912235],[-120.273485,51.892423],[-120.26022,51.883242],[-120.257567,51.872611],[-120.223961,51.866812],[-120.229267,51.850865],[-120.219539,51.835402],[-120.226614,51.825254],[-120.276138,51.832019],[-120.307976,51.827187],[-120.319472,51.819939],[-120.317704,51.810757],[-120.321241,51.783696],[-120.336275,51.771132],[-120.376072,51.769683],[-120.379609,51.762434],[-120.349541,51.75277],[-120.338928,51.732957],[-120.346003,51.727642],[-120.372534,51.721843],[-120.379609,51.709279],[-120.391106,51.703963],[-120.432671,51.712178],[-120.459202,51.709762],[-120.503421,51.696715],[-120.529067,51.685118],[-120.53172,51.678836],[-120.56002,51.661439],[-120.561789,51.59427],[-120.557367,51.466698],[-120.560904,51.434805],[-120.619273,51.433355],[-120.721859,51.434321],[-120.7422,51.433355],[-120.833289,51.435288],[-120.896079,51.442053],[-120.948257,51.444952],[-120.960638,51.439637],[-121.001319,51.439154],[-121.001319,51.429006],[-121.047306,51.429972],[-121.063225,51.435771],[-121.133974,51.439637],[-121.172002,51.430939],[-121.217989,51.410643],[-121.224179,51.405811],[-121.282548,51.376817],[-121.332957,51.3773],[-121.362141,51.3802],[-121.420509,51.377783],[-121.419624,51.401462],[-121.426699,51.401462],[-121.425815,51.436737],[-121.473571,51.436254],[-121.47534,51.445919],[-121.508946,51.446402],[-121.524864,51.451234],[-121.526633,51.54788],[-121.630104,51.547397],[-121.630988,51.563827],[-121.885686,51.566243],[-121.885686,51.51792],[-122.000653,51.51647],[-122.281882,51.515987],[-122.296032,51.522269],[-122.330522,51.524202],[-122.359706,51.517437],[-122.381815,51.518403],[-122.427802,51.509705],[-122.456102,51.495208],[-122.469368,51.482161],[-122.559573,51.48506],[-122.559573,51.435288],[-122.572839,51.434321],[-122.617057,51.419341],[-122.637397,51.406777],[-122.637397,51.400495],[-122.613519,51.372468],[-122.617941,51.361837],[-122.632091,51.354588],[-122.650663,51.318829],[-122.664813,51.316897],[-122.675425,51.3024],[-122.670119,51.288386],[-122.674541,51.274372],[-122.631207,51.248761],[-122.614404,51.244895],[-122.598485,51.248761],[-122.57107,51.247795],[-122.552498,51.237647],[-122.551614,51.229915],[-122.530389,51.209136],[-122.547192,51.201888],[-122.557804,51.184492],[-122.568417,51.178693],[-122.589642,51.17676],[-122.602907,51.142451],[-122.586988,51.127471],[-122.595832,51.117806],[-122.579029,51.103309],[-122.603791,51.086396],[-122.625901,51.080114],[-122.675425,51.098477],[-122.707262,51.125054],[-122.713453,51.147766],[-122.726718,51.157914],[-122.742637,51.15888],[-122.776243,51.137618],[-122.791277,51.148733],[-122.82223,51.144867],[-122.888557,51.177243],[-122.90536,51.184008],[-122.969919,51.194156],[-123.033594,51.200438],[-123.068084,51.220251],[-123.080465,51.212519],[-123.05924,51.181109],[-123.058356,51.159847],[-123.050397,51.149699],[-123.088424,51.132786],[-123.109649,51.139551],[-123.146792,51.122638],[-123.162711,51.093644],[-123.182167,51.072382],[-123.200739,51.071899],[-123.235229,51.057885],[-123.252916,51.041456],[-123.25557,51.025509],[-123.243188,51.000381],[-123.294482,50.994582],[-123.313938,50.981052],[-123.325435,50.9912],[-123.359925,50.990233],[-123.371422,51.002797],[-123.383803,51.004247],[-123.402374,50.9883],[-123.434212,50.985401],[-123.451899,50.980569],[-123.51292,50.953991],[-123.515573,50.947226],[-123.535914,50.939494],[-123.552717,50.927897],[-123.577479,50.931279],[-123.594282,50.922098],[-123.606663,50.901802],[-123.628772,50.89552],[-123.655303,50.901319],[-123.664147,50.896004],[-123.662378,50.88054],[-123.736665,50.887305],[-123.75789,50.88344]]}},{"type":"Feature","properties":{},"geometry":{"type":"LineString","coordinates":[[-123.75789,50.88344],[-123.758774,50.905185],[-123.804761,50.910984],[-123.823333,50.904218],[-123.83483,50.912917],[-123.82687,50.924031],[-123.838367,50.934179],[-123.864898,50.939977],[-123.881701,50.948676],[-123.894082,50.939977],[-123.910001,50.944327],[-123.916191,50.937078],[-123.936532,50.936112],[-123.943607,50.946259],[-123.963947,50.952058],[-123.982519,50.962689],[-123.995784,50.962689],[-124.027622,50.944327],[-124.060343,50.958823],[-124.073609,50.984918],[-124.090412,50.991683],[-124.086874,51.009563],[-124.11429,51.014878],[-124.137283,51.030825],[-124.15497,51.036623],[-124.173542,51.061268],[-124.160277,51.077698],[-124.170005,51.088329],[-124.174426,51.118289],[-124.168236,51.126021],[-124.185039,51.135202],[-124.245176,51.148733],[-124.269054,51.139068],[-124.297353,51.137618],[-124.3513,51.1468],[-124.376062,51.142451],[-124.376062,51.173377],[-124.366334,51.196089],[-124.402593,51.187874],[-124.430008,51.169028],[-124.42028,51.157431],[-124.433546,51.148249],[-124.498105,51.166612],[-124.524636,51.169995],[-124.544976,51.179659],[-124.581235,51.181109],[-124.603344,51.187874],[-124.612188,51.195606],[-124.655522,51.207203],[-124.676747,51.219284],[-124.686475,51.204304],[-124.714774,51.225566],[-124.761646,51.23813],[-124.766952,51.243446],[-124.781986,51.288869],[-124.799674,51.305299],[-124.840355,51.310615],[-124.862464,51.319313],[-124.879267,51.320762],[-124.88811,51.330427],[-124.912873,51.33236],[-124.93056,51.328494],[-124.96505,51.328011],[-124.974778,51.341541],[-124.994234,51.342991],[-125.009269,51.349756],[-125.04199,51.352172],[-125.062331,51.357488],[-125.075596,51.352656],[-125.094168,51.359421],[-125.131311,51.364253],[-125.160495,51.375851],[-125.177298,51.398562],[-125.197639,51.399529],[-125.214442,51.39228],[-125.250701,51.39373],[-125.266619,51.376817],[-125.314375,51.389864],[-125.338253,51.409193],[-125.34179,51.426106],[-125.331178,51.43867],[-125.326756,51.453651],[-125.311722,51.459449],[-125.345328,51.478778],[-125.338253,51.485544],[-125.289613,51.475396],[-125.279,51.48651],[-125.288728,51.504873],[-125.259544,51.511638],[-125.248932,51.510672],[-125.240973,51.523719],[-125.252469,51.527101],[-125.266619,51.540632],[-125.263082,51.552229],[-125.235666,51.561411],[-125.23832,51.572042],[-125.269272,51.577357],[-125.295803,51.589438],[-125.292266,51.60925],[-125.233013,51.64066],[-125.228591,51.646942],[-125.245394,51.664822],[-125.247163,51.679802],[-125.234782,51.700098],[-125.256891,51.723293],[-125.255122,51.732474],[-125.237435,51.748421],[-125.255122,51.76485],[-125.274579,51.772582],[-125.289613,51.771616],[-125.327641,51.780314],[-125.348865,51.790462],[-125.379818,51.789495],[-125.416962,51.826704],[-125.406349,51.838301],[-125.427574,51.841684],[-125.462949,51.840234],[-125.459411,51.850382],[-125.466486,51.864396],[-125.513358,51.868262],[-125.500976,51.878409],[-125.487711,51.915618],[-125.515126,51.933981],[-125.528392,51.938813],[-125.539004,51.933014],[-125.53016,51.92045],[-125.54431,51.910302],[-125.55846,51.915618],[-125.575263,51.913202]]}},{"type":"Feature","properties":{},"geometry":{"type":"LineString","coordinates":[[-122.229704,50.110272],[-122.175758,50.109789],[-122.153649,50.114621],[-122.116505,50.107373],[-122.096165,50.124769],[-122.083784,50.120903],[-122.069634,50.126219],[-122.057253,50.109306],[-122.023647,50.085627],[-121.981197,50.080312],[-121.959088,50.084661],[-121.948476,50.078379],[-121.920176,50.071614],[-121.910448,50.054701],[-121.895414,50.049868],[-121.851195,50.052768],[-121.849427,50.07548],[-121.800786,50.085144],[-121.793712,50.089977],[-121.758337,50.091909],[-121.715003,50.086111],[-121.702622,50.074996],[-121.666363,50.080795],[-121.654866,50.071131],[-121.661057,50.064849],[-121.63541,50.0576],[-121.609763,50.041654],[-121.590307,50.049385],[-121.564661,50.052285],[-121.315269,50.052285],[-121.328535,50.037788],[-121.317922,50.028123],[-121.290507,50.01121],[-121.292276,50.000096],[-121.273704,49.988498],[-121.269282,49.962404],[-121.280779,49.960954],[-121.287854,49.946941],[-121.286969,49.927128],[-121.300235,49.911182],[-121.312616,49.912631],[-121.324113,49.899584],[-121.317922,49.882671],[-121.299351,49.883638],[-121.286085,49.87204],[-121.263092,49.871557],[-121.257785,49.876872],[-121.23037,49.882188],[-121.219758,49.894269],[-121.19588,49.88702],[-121.164043,49.881221],[-121.172886,49.861892],[-121.14724,49.859959],[-121.097715,49.87349],[-121.092409,49.856577],[-121.117171,49.845946],[-121.103021,49.835315],[-121.124246,49.82565],[-121.155199,49.821301],[-121.179961,49.821784],[-121.18792,49.813086],[-121.18792,49.798589],[-121.20207,49.790374],[-121.211798,49.77926],[-121.210914,49.770079],[-121.196764,49.754615],[-121.194111,49.736252],[-121.185267,49.726588],[-121.155199,49.715957],[-121.155199,49.709192],[-121.133974,49.693728],[-121.126015,49.680681],[-121.132205,49.667634],[-121.171117,49.648305],[-121.168464,49.634291],[-121.156083,49.617378],[-121.134858,49.622694],[-121.119824,49.61013],[-121.099484,49.625593],[-121.063225,49.627043],[-121.051728,49.636707],[-121.019006,49.63719],[-121.00751,49.644439],[-121.00751,49.658453],[-120.9854,49.658453],[-120.9854,49.673433],[-120.962407,49.673433]]}},{"type":"Feature","properties":{},"geometry":{"type":"LineString","coordinates":[[-120.962407,49.673433],[-120.957101,49.67005],[-120.964176,49.650721],[-120.959754,49.642023],[-120.970366,49.628492],[-120.962407,49.613995],[-120.983632,49.612062],[-121.002203,49.597082],[-121.037578,49.586935],[-121.042884,49.576787],[-121.034925,49.567605],[-121.037578,49.548759],[-121.047306,49.546826],[-121.047306,49.531846],[-121.0703,49.525081],[-121.081796,49.513967],[-121.073837,49.495604],[-121.064993,49.489805],[-121.053497,49.471443],[-121.080028,49.465644],[-121.080028,49.458395],[-121.099484,49.440999],[-121.097715,49.354018],[-121.102137,49.348702],[-121.080912,49.329373],[-121.063225,49.333722],[-121.045537,49.330823],[-121.029619,49.307145],[-121.021659,49.303762],[-121.000435,49.310044],[-121.001319,49.278151],[-120.980979,49.271386],[-120.935876,49.276218],[-120.918189,49.299896],[-120.905807,49.305695],[-120.869548,49.303279],[-120.858936,49.29603],[-120.823561,49.295064],[-120.812065,49.284433],[-120.820908,49.268969],[-120.820908,49.247224],[-120.843902,49.241909],[-120.847439,49.21968],[-120.868664,49.204217],[-120.891658,49.20615],[-120.894311,49.189237],[-120.882814,49.176189],[-120.903154,49.175223],[-120.878392,49.157343],[-120.858052,49.134148],[-120.86778,49.122551],[-120.896964,49.112886],[-120.914651,49.117235],[-120.942067,49.104671],[-120.965944,49.103705],[-120.963291,49.095007],[-120.927032,49.085825],[-120.911998,49.078577],[-120.895195,49.078094],[-120.868664,49.052483],[-120.851861,49.044268],[-120.832405,49.042335],[-120.82533,49.025422],[-120.848324,49.000294]]}},{"type":"Feature","properties":{},"geometry":{"type":"LineString","coordinates":[[-122.116505,49.002227],[-122.11739,49.01624],[-122.094396,49.016724],[-122.094396,49.038469],[-122.072287,49.045717],[-122.080246,49.060214],[-122.080246,49.106121],[-122.098818,49.1269],[-122.099702,49.139464],[-122.112968,49.148645],[-122.066981,49.149612],[-122.0546,49.152994],[-122.021878,49.181505],[-121.995347,49.185854],[-121.975891,49.205666],[-121.936979,49.217747],[-121.934326,49.224512],[-121.864461,49.220646],[-121.868883,49.229828],[-121.842352,49.246258],[-121.786637,49.244325],[-121.779562,49.267037],[-121.766296,49.280567],[-121.771602,49.309561],[-121.799018,49.31391],[-121.763643,49.334205],[-121.765412,49.359333],[-121.710581,49.361266],[-121.689356,49.360783],[-121.699969,49.382045],[-121.71854,49.39171],[-121.6982,49.407173],[-121.695547,49.42167],[-121.68405,49.424086],[-121.646022,49.452113],[-121.660172,49.46806],[-121.646907,49.473859],[-121.618607,49.501886],[-121.59296,49.490289],[-121.57262,49.486423],[-121.571736,49.506235],[-121.561123,49.516383],[-121.559354,49.53233],[-121.562892,49.557941],[-121.539014,49.575337],[-121.546089,49.582585],[-121.550511,49.601915],[-121.593845,49.611096],[-121.618607,49.623177],[-121.646022,49.62366],[-121.671669,49.615928],[-121.684934,49.631875],[-121.686703,49.645889],[-121.702622,49.668117],[-121.68405,49.690346],[-121.701737,49.70146],[-121.699084,49.715474],[-121.733575,49.735769],[-121.710581,49.745434],[-121.713234,49.770562],[-121.704391,49.774428],[-121.709697,49.793757],[-121.729153,49.797623],[-121.730922,49.813086],[-121.71235,49.823717],[-121.728268,49.837247],[-121.731806,49.850295],[-121.758337,49.852228],[-121.755684,49.864308],[-121.772487,49.871074],[-121.777793,49.85706],[-121.793712,49.841113],[-121.813168,49.853677],[-121.84412,49.858993],[-121.837046,49.867691],[-121.85827,49.880255],[-121.875958,49.870107],[-121.906026,49.87349],[-121.926367,49.867691],[-121.931673,49.860442],[-121.947591,49.856093],[-121.959972,49.860442],[-121.972354,49.849811],[-121.968816,49.836281],[-121.987388,49.832415],[-121.99181,49.820334],[-122.020109,49.815985],[-122.039565,49.816952],[-122.051947,49.837731],[-122.069634,49.831449],[-122.105009,49.848362],[-122.130655,49.87349],[-122.135077,49.884121],[-122.163377,49.909249],[-122.181064,49.908282],[-122.207595,49.912148],[-122.23501,49.926162],[-122.240317,49.940659],[-122.27127,49.962887],[-122.265079,49.974968],[-122.24916,49.9798],[-122.261541,50.002995],[-122.255351,50.035372],[-122.260657,50.043103],[-122.288957,50.051318],[-122.274807,50.084178],[-122.244739,50.093842],[-122.229704,50.110272]]}},{"type":"Feature","properties":{},"geometry":{"type":"LineString","coordinates":[[-122.817808,49.104671],[-122.823114,49.126417]]}},{"type":"Feature","properties":{},"geometry":{"type":"LineString","coordinates":[[-122.823114,49.126417],[-122.78774,49.126417],[-122.775358,49.131732],[-122.75944,49.130283],[-122.738215,49.139464],[-122.734678,49.148162],[-122.678963,49.148162]]}},{"type":"Feature","properties":{},"geometry":{"type":"LineString","coordinates":[[-122.678963,49.148162],[-122.679847,49.113853],[-122.647125,49.114819],[-122.637397,49.108054],[-122.637397,49.089691]]}},{"type":"Feature","properties":{},"geometry":{"type":"LineString","coordinates":[[-122.679847,49.083892],[-122.679847,49.104188],[-122.817808,49.104671]]}},{"type":"Feature","properties":{},"geometry":{"type":"LineString","coordinates":[[-117.516915,49.435684],[-117.482424,49.435684],[-117.48154,49.451147],[-117.508071,49.451147],[-117.515146,49.460812],[-117.516915,49.479658],[-117.545214,49.481107],[-117.542561,49.508651],[-117.555827,49.524115],[-117.554942,49.540544],[-117.527527,49.556974],[-117.51603,49.556974],[-117.502765,49.574854],[-117.474465,49.573404],[-117.433784,49.588867],[-117.417866,49.584035],[-117.416981,49.598532],[-117.429362,49.609646],[-117.402831,49.621727],[-117.394872,49.634291],[-117.3763,49.624143],[-117.36215,49.627043],[-117.342694,49.620761],[-117.322354,49.624143],[-117.314395,49.650721],[-117.317048,49.678265],[-117.286095,49.688896],[-117.269292,49.691312],[-117.255142,49.684547],[-117.231264,49.699044],[-117.210924,49.700977],[-117.190583,49.698077],[-117.197658,49.722239],[-117.192352,49.743984],[-117.202964,49.751716],[-117.225074,49.759931],[-117.197658,49.777327],[-117.196774,49.783126],[-117.212692,49.814536],[-117.228611,49.8242],[-117.228611,49.843529],[-117.211808,49.858993],[-117.204733,49.85851],[-117.180855,49.871074],[-117.18793,49.879772],[-117.174665,49.895718],[-117.18174,49.908765],[-117.174665,49.921813],[-117.131331,49.931477],[-117.128678,49.947907],[-117.132215,49.968203],[-117.143712,49.982216],[-117.183508,49.992847],[-117.189699,50.025224],[-117.203849,50.034405],[-117.213577,50.05905],[-117.206502,50.074996],[-117.190583,50.082728],[-117.193236,50.08901],[-117.17378,50.094326],[-117.164937,50.122353],[-117.166705,50.128635],[-117.208271,50.134434],[-117.232149,50.1354],[-117.226842,50.155213],[-117.201196,50.186622],[-117.218883,50.195321],[-117.245414,50.195321],[-117.275483,50.208851],[-117.26487,50.218999],[-117.259564,50.237845],[-117.234802,50.235429],[-117.221536,50.253308],[-117.240992,50.256208],[-117.233917,50.267805],[-117.235686,50.294383],[-117.27902,50.290517],[-117.290517,50.280369],[-117.310857,50.27747],[-117.317048,50.265872],[-117.339157,50.259107],[-117.36215,50.265389],[-117.368341,50.278436],[-117.361266,50.325793],[-117.393103,50.343189],[-117.400178,50.35382],[-117.374532,50.359619],[-117.3763,50.372666],[-117.358613,50.396344],[-117.364804,50.406975],[-117.412559,50.424855],[-117.420519,50.420989],[-117.454125,50.425338],[-117.49569,50.450466],[-117.500112,50.457231]]}},{"type":"Feature","properties":{},"geometry":{"type":"LineString","coordinates":[[-117.500112,50.457231],[-117.50188,50.469795],[-117.493921,50.489124],[-117.473581,50.49444],[-117.451471,50.493473],[-117.435553,50.484292],[-117.365688,50.486225],[-117.342694,50.483325],[-117.32147,50.487191],[-117.281673,50.504588],[-117.278136,50.511353],[-117.243645,50.519568],[-117.245414,50.535031],[-117.286095,50.562092],[-117.30732,50.57224],[-117.306435,50.577555],[-117.273714,50.597851],[-117.267523,50.613797],[-117.229495,50.63216],[-117.229495,50.648107],[-117.254258,50.654389],[-117.273714,50.670819],[-117.263101,50.692564],[-117.266639,50.720108],[-117.253373,50.730739],[-117.252489,50.741853],[-117.275483,50.744269],[-117.284326,50.737504],[-117.323238,50.723974],[-117.353307,50.721074],[-117.366572,50.708027],[-117.393103,50.708994],[-117.392219,50.722041],[-117.381607,50.746202],[-117.405484,50.779545],[-117.431131,50.784861],[-117.4329,50.796941],[-117.455009,50.797908],[-117.466506,50.810955],[-117.45324,50.829318],[-117.470043,50.866043],[-117.490384,50.881023],[-117.46739,50.902286],[-117.459431,50.899386],[-117.425825,50.903735],[-117.417866,50.909051],[-117.417866,50.923064],[-117.431131,50.925964],[-117.438206,50.936595],[-117.430247,50.948192],[-117.411675,50.959307],[-117.397525,50.96124],[-117.401947,50.978636],[-117.387797,50.990717],[-117.39045,50.999898],[-117.358613,51.022126],[-117.348885,51.032758],[-117.331198,51.038073],[-117.315279,51.03759],[-117.304667,51.05112],[-117.224189,51.059335],[-117.210924,51.0661],[-117.198543,51.054986],[-117.162284,51.044355],[-117.164052,51.026476],[-117.137521,51.027925],[-117.130446,51.018261],[-117.13929,51.005213],[-117.164937,50.991683],[-117.155209,50.975736],[-117.143712,50.972837],[-117.122487,50.977669],[-117.109222,50.967522],[-117.095072,50.970904],[-117.070309,50.970421],[-117.033166,50.957857],[-117.0482,50.94481],[-117.068541,50.920165],[-117.063235,50.910017],[-117.075616,50.896004],[-117.069425,50.891654],[-117.083575,50.86556],[-117.065003,50.852996],[-117.043778,50.858795],[-117.049969,50.832217],[-117.038472,50.814821],[-117.019016,50.81917],[-116.987179,50.808539],[-116.964185,50.810472],[-116.935001,50.798391],[-116.921736,50.773746],[-116.913777,50.770364],[-116.880171,50.770364],[-116.860715,50.756833],[-116.836837,50.761666],[-116.820918,50.736055],[-116.809421,50.72639],[-116.78289,50.737021],[-116.789965,50.745719],[-116.774931,50.751035],[-116.772278,50.766498],[-116.745747,50.77133],[-116.7484,50.795975],[-116.737788,50.813371],[-116.745747,50.816271],[-116.764319,50.847197],[-116.723638,50.853963],[-116.733366,50.876191],[-116.713025,50.880057],[-116.692685,50.890205],[-116.672344,50.889722],[-116.640507,50.908568],[-116.629011,50.920648],[-116.536152,50.921131],[-116.535268,50.935145],[-116.499893,50.935145],[-116.488396,50.940461],[-116.443294,50.935145],[-116.444178,50.949642],[-116.318598,50.949159],[-116.33717,50.975253],[-116.380504,50.999415],[-116.384925,51.011979],[-116.403497,51.020194],[-116.418531,51.036623],[-116.391116,51.055469],[-116.339823,51.064167],[-116.340707,51.068033],[-116.318598,51.095577],[-116.261998,51.126504],[-116.256692,51.141001],[-116.282339,51.149699],[-116.289414,51.157431],[-116.297373,51.180143],[-116.331863,51.180626],[-116.34336,51.192223],[-116.346898,51.207687],[-116.327442,51.214452],[-116.300911,51.208653],[-116.263767,51.2217],[-116.261998,51.242962],[-116.296489,51.261808],[-116.290298,51.290802],[-116.300911,51.3024],[-116.305332,51.325595],[-116.282339,51.331393]]}},{"type":"Feature","properties":{},"geometry":{"type":"LineString","coordinates":[[-117.721203,49.000777],[-117.722088,49.014307],[-117.711475,49.029771],[-117.725625,49.029771],[-117.725625,49.044268],[-117.737122,49.044268],[-117.737122,49.058765],[-117.759231,49.059248],[-117.759231,49.080993],[-117.728278,49.096456],[-117.747734,49.098873],[-117.748619,49.120135],[-117.736238,49.118685],[-117.737122,49.14043],[-117.722088,49.162176],[-117.708822,49.197935],[-117.683176,49.208566],[-117.674332,49.207599],[-117.674332,49.175223],[-117.584126,49.17474],[-117.493921,49.175706],[-117.491268,49.349186],[-117.554942,49.348702],[-117.554942,49.355951],[-117.525758,49.39171],[-117.515146,49.392193],[-117.516915,49.435684]]}},{"type":"Feature","properties":{},"geometry":{"type":"LineString","coordinates":[[-122.804543,49.219197],[-122.807196,49.23756],[-122.795699,49.248674],[-122.790393,49.273802],[-122.801889,49.277184],[-122.801889,49.29603],[-122.783318,49.332756],[-122.769168,49.332756],[-122.775358,49.351118],[-122.823114,49.351602],[-122.831958,49.365132],[-122.825767,49.374797],[-122.833727,49.382045],[-122.878829,49.382045]]}},{"type":"Feature","properties":{},"geometry":{"type":"LineString","coordinates":[[-122.869101,49.413938],[-122.859373,49.43665],[-122.88502,49.467094],[-122.883251,49.487872],[-122.902707,49.509618],[-122.897401,49.5159],[-122.912435,49.541994],[-122.924816,49.554075]]}},{"type":"Feature","properties":{},"geometry":{"type":"LineString","coordinates":[[-122.924816,49.554075],[-122.945157,49.570505],[-122.877945,49.572921],[-122.816039,49.572438]]}},{"type":"Feature","properties":{},"geometry":{"type":"LineString","coordinates":[[-122.816039,49.572438],[-122.77978,49.574371],[-122.700187,49.573404],[-122.683384,49.553592],[-122.655085,49.539578],[-122.608213,49.541511],[-122.602023,49.524598],[-122.581682,49.490772],[-122.533042,49.472409],[-122.527736,49.457912],[-122.54277,49.431818],[-122.555151,49.415871],[-122.563111,49.391227],[-122.59141,49.358367],[-122.620594,49.350635],[-122.651547,49.335172],[-122.675425,49.316809],[-122.676309,49.305212],[-122.660391,49.297963],[-122.663044,49.291198],[-122.699303,49.28105],[-122.723181,49.252056],[-122.755902,49.238043],[-122.767399,49.230311],[-122.751481,49.215814]]}},{"type":"Feature","properties":{},"geometry":{"type":"LineString","coordinates":[[-122.751481,49.215814],[-122.770052,49.213398],[-122.804543,49.219197]]}},{"type":"Feature","properties":{},"geometry":{"type":"LineString","coordinates":[[-124.045309,49.438583],[-124.038234,49.402341],[-124.040003,49.365132]]}},{"type":"Feature","properties":{},"geometry":{"type":"LineString","coordinates":[[-124.040003,49.365132],[-124.056806,49.268486],[-124.078031,49.258338],[-124.056806,49.251573],[-124.036465,49.251573],[-124.024969,49.245774],[-124.020547,49.234177],[-124.064765,49.23466],[-124.072724,49.228378],[-124.073609,49.211948],[-124.081568,49.199384],[-124.135514,49.200351],[-124.158508,49.202767],[-124.177964,49.200351],[-124.184155,49.213398],[-124.213339,49.223546],[-124.226604,49.224029],[-124.224835,49.246741],[-124.240754,49.241425],[-124.24606,49.226445],[-124.307081,49.226445],[-124.292047,49.218714],[-124.307081,49.208566],[-124.326538,49.230311],[-124.388443,49.230794],[-124.447696,49.23611],[-124.446811,49.223063],[-124.492798,49.230794],[-124.52552,49.240942],[-124.529057,49.25254],[-124.559126,49.256889],[-124.569738,49.262204],[-124.569738,49.272835],[-124.589194,49.272835],[-124.589194,49.28105],[-124.605113,49.28395],[-124.60246,49.268003],[-124.620147,49.273802],[-124.643141,49.271869],[-124.64491,49.28105],[-124.662597,49.281533],[-124.64491,49.250123],[-124.633413,49.23611],[-124.633413,49.224512],[-124.648447,49.224512],[-124.655522,49.235627],[-124.668787,49.231278],[-124.692665,49.205666],[-124.697087,49.191169],[-124.688243,49.171357],[-124.656406,49.173773],[-124.640488,49.17184],[-124.628991,49.15831],[-124.590079,49.15976],[-124.590079,49.14188],[-124.582119,49.139947]]}},{"type":"Feature","properties":{},"geometry":{"type":"LineString","coordinates":[[-124.582119,49.139947],[-124.577698,49.124001],[-124.582119,49.103705],[-124.595385,49.096456],[-124.607766,49.103222],[-124.628991,49.09694],[-124.636066,49.075194],[-124.63076,49.051516],[-124.615725,49.048134],[-124.605997,49.035086],[-124.606882,49.009958],[-124.637835,49.014307],[-124.53967,48.934575],[-124.549398,48.932642],[-124.544976,48.910413],[-124.550282,48.900748],[-124.571507,48.889634],[-124.615725,48.876587],[-124.63695,48.864023],[-124.651984,48.868372],[-124.654638,48.854842],[-124.649331,48.844211],[-124.681169,48.823915],[-124.6794,48.813284],[-124.69355,48.795888],[-124.720081,48.779458],[-124.738652,48.758679],[-124.741305,48.744665],[-124.773143,48.731618],[-124.788177,48.717121],[-124.802327,48.696342],[-124.820014,48.689577],[-124.855389,48.683295],[-124.855389,48.662516],[-124.844776,48.547508]]}},{"type":"Feature","properties":{},"geometry":{"type":"LineString","coordinates":[[-126.614394,49.540544],[-126.558679,49.541511],[-126.506501,49.540544],[-126.47378,49.570505],[-126.458745,49.57727],[-126.434868,49.578236],[-126.403915,49.570021],[-126.398609,49.561807],[-126.383574,49.56084],[-126.376499,49.569055],[-126.35439,49.578236],[-126.346431,49.598532],[-126.334934,49.60578],[-126.318131,49.604331],[-126.283641,49.574371],[-126.260647,49.573404],[-126.249151,49.555041],[-126.220851,49.559874],[-126.206701,49.551176],[-126.174864,49.555041],[-126.179286,49.568089],[-126.14568,49.572438],[-126.122686,49.565189],[-126.112074,49.570505],[-126.094386,49.569055],[-126.082005,49.556974],[-126.064318,49.551176],[-126.046631,49.558907],[-126.043977,49.567605],[-126.025406,49.576787],[-126.01214,49.570505],[-125.969691,49.585002],[-125.953772,49.581136],[-125.946697,49.570988],[-125.902479,49.558424],[-125.888329,49.546826],[-125.836151,49.54441],[-125.807852,49.539578],[-125.784858,49.540061],[-125.756558,49.513484],[-125.736218,49.523631],[-125.715877,49.520732],[-125.704381,49.513],[-125.656625,49.512034],[-125.643359,49.518799],[-125.634516,49.511551],[-125.632747,49.49802],[-125.618597,49.49947],[-125.584991,49.496571],[-125.553154,49.498504],[-125.551385,49.488839],[-125.500092,49.478208],[-125.493017,49.500436],[-125.483289,49.5159],[-125.469139,49.527981],[-125.446146,49.534746],[-125.430227,49.555525],[-125.411655,49.545377],[-125.379818,49.547793],[-125.391315,49.57582],[-125.395737,49.594183],[-125.424037,49.626559],[-125.42669,49.642506],[-125.233898,49.491255],[-125.199407,49.494638],[-125.187026,49.490289],[-125.166686,49.491738],[-125.172876,49.510101],[-125.141039,49.511551],[-125.126005,49.514933],[-125.117161,49.53233],[-125.151652,49.553592],[-125.16138,49.563256],[-125.148998,49.570988],[-125.114508,49.572921],[-125.108318,49.585968],[-125.130427,49.595633],[-125.130427,49.604331],[-125.110086,49.607713],[-125.066752,49.606264],[-125.067637,49.62511],[-125.080902,49.625593],[-125.080018,49.646855],[-125.088862,49.65507],[-125.026072,49.65362],[-125.009269,49.651204],[-125.011037,49.6715],[-125.020765,49.687446],[-125.003078,49.692762],[-124.976547,49.680681],[-124.955322,49.664734],[-124.93056,49.669084],[-124.927022,49.657969],[-124.893417,49.652654],[-124.827089,49.653137],[-124.77668,49.65652],[-124.694434,49.666184],[-124.652869,49.637674],[-124.626338,49.623177],[-124.562663,49.59225],[-124.529942,49.574854],[-124.500758,49.550209],[-124.362797,49.550209],[-124.335381,49.543927],[-124.305313,49.540544],[-124.269054,49.528464],[-124.235448,49.523148],[-124.195651,49.510101],[-124.161161,49.486906],[-124.142589,49.46806],[-124.121364,49.439066],[-124.045309,49.438583]]}},{"type":"Feature","properties":{},"geometry":{"type":"LineString","coordinates":[[-124.582119,49.139947],[-124.580351,49.148645],[-124.550282,49.14188],[-124.548514,49.127866],[-124.528173,49.124001],[-124.531711,49.10902],[-124.527289,49.080027],[-124.516676,49.068429],[-124.515792,49.051033],[-124.490145,49.056348],[-124.463614,49.050066],[-124.488377,49.042335],[-124.479533,49.021556],[-124.416743,49.025422],[-124.401709,49.013824],[-124.39994,49.003193],[-124.384906,48.981931],[-124.364565,48.982414],[-124.340687,48.975649],[-124.332728,48.965501],[-124.318578,48.966951],[-124.318578,48.977582],[-124.303544,48.982414],[-124.2947,48.973716],[-124.262863,48.967917],[-124.238985,48.95777],[-124.215107,48.95487],[-124.19742,48.943756],[-124.195651,48.958253],[-124.181501,48.954387],[-124.149664,48.939407],[-124.139052,48.945689],[-124.099255,48.952454],[-124.095718,48.962602],[-124.055037,48.952937],[-124.044425,48.945689],[-124.019662,48.947622],[-124.020547,48.936507],[-123.975444,48.936991],[-123.968369,48.920078],[-123.898504,48.918628],[-123.892314,48.912346],[-123.849864,48.916212],[-123.84898,48.90848],[-123.801224,48.910413],[-123.799455,48.894466],[-123.783536,48.900265],[-123.783536,48.936507],[-123.688025,48.935541],[-123.734896,48.985797],[-123.740202,49.056832],[-123.644691,49.028321],[-123.606663,48.999811]]}},{"type":"Feature","properties":{},"geometry":{"type":"LineString","coordinates":[[-123.606663,48.999811],[-123.612854,48.989179],[-123.629657,48.981931],[-123.611969,48.940857],[-123.611969,48.919111],[-123.625235,48.889634],[-123.595166,48.864989],[-123.577479,48.846144],[-123.574826,48.820532],[-123.558907,48.804586],[-123.552717,48.778008],[-123.570404,48.766411],[-123.565098,48.75433],[-123.52088,48.713255],[-123.51292,48.701658],[-123.499655,48.637872],[-123.499655,48.575535]]}},{"type":"Feature","properties":{},"geometry":{"type":"LineString","coordinates":[[-123.499655,48.575535],[-123.512036,48.561038],[-123.493464,48.558139],[-123.488158,48.544125],[-123.473124,48.53736],[-123.472239,48.522863],[-123.45809,48.514648],[-123.456321,48.493386],[-123.481083,48.496285],[-123.497002,48.48952],[-123.497886,48.475506],[-123.467818,48.448929],[-123.497002,48.44458],[-123.513805,48.436365],[-123.511152,48.415103],[-123.518226,48.402539],[-123.556254,48.410754],[-123.565098,48.422834],[-123.580132,48.424767],[-123.645575,48.424284],[-123.645575,48.42815],[-123.706597,48.42815],[-123.718978,48.442164],[-123.742856,48.457144],[-123.744624,48.418969],[-123.785305,48.406405],[-123.837483,48.388042],[-123.866667,48.389975],[-123.865783,48.403022],[-123.88966,48.402539],[-123.940069,48.405921],[-123.971022,48.403988],[-123.981635,48.416552],[-124.01524,48.418969],[-124.01524,48.430083],[-124.0515,48.430566],[-124.070071,48.453278],[-124.078915,48.438781],[-124.097487,48.435398],[-124.175311,48.356149]]}},{"type":"Feature","properties":{},"geometry":{"type":"LineString","coordinates":[[-123.299788,49.103705],[-123.245842,49.125933],[-123.229039,49.130766],[-123.193664,49.119651],[-123.145024,49.10902],[-123.126452,49.088725],[-123.096384,49.090174],[-123.085771,49.118202],[-123.075159,49.122068],[-123.034478,49.146712],[-122.988491,49.155894],[-122.9823,49.163625],[-122.956654,49.175223]]}},{"type":"Feature","properties":{},"geometry":{"type":"LineString","coordinates":[[-122.956654,49.175223],[-122.938082,49.181505],[-122.920395,49.194552],[-122.912435,49.194069]]}},{"type":"Feature","properties":{},"geometry":{"type":"LineString","coordinates":[[-122.912435,49.194069],[-122.923048,49.177156],[-122.890326,49.177156],[-122.890326,49.163142]]}},{"type":"Feature","properties":{},"geometry":{"type":"LineString","coordinates":[[-122.890326,49.163142],[-122.890326,49.119168],[-122.873523,49.119168],[-122.868217,49.108054]]}},{"type":"Feature","properties":{},"geometry":{"type":"LineString","coordinates":[[-122.868217,49.108054],[-122.874408,49.09404],[-122.889442,49.093074],[-122.890326,49.062147],[-122.959307,49.009475],[-122.959307,49.002227]]}},{"type":"Feature","properties":{},"geometry":{"type":"LineString","coordinates":[[-123.19897,49.002227],[-123.351966,49.08196],[-123.299788,49.103705]]}},{"type":"Feature","properties":{},"geometry":{"type":"LineString","coordinates":[[-123.499655,48.575535],[-123.474892,48.579884],[-123.474008,48.561038],[-123.447477,48.555723],[-123.436865,48.527695],[-123.416524,48.514648],[-123.405912,48.503051],[-123.390878,48.496769],[-123.38115,48.467775],[-123.364347,48.470191],[-123.351081,48.450378]]}},{"type":"Feature","properties":{},"geometry":{"type":"LineString","coordinates":[[-123.351081,48.450378],[-123.379381,48.446996],[-123.392646,48.442164],[-123.388225,48.424284],[-123.395299,48.411237],[-123.430674,48.249838]]}},{"type":"Feature","properties":{},"geometry":{"type":"LineString","coordinates":[[-122.823114,49.126417],[-122.823114,49.163142]]}},{"type":"Feature","properties":{},"geometry":{"type":"LineString","coordinates":[[-122.823114,49.163142],[-122.812502,49.162659],[-122.812502,49.198901],[-122.797468,49.200834]]}},{"type":"Feature","properties":{},"geometry":{"type":"LineString","coordinates":[[-122.797468,49.200834],[-122.78774,49.194552],[-122.678078,49.167008],[-122.678963,49.148162]]}},{"type":"Feature","properties":{},"geometry":{"type":"LineString","coordinates":[[-117.500112,50.457231],[-117.523105,50.473178],[-117.550521,50.484292],[-117.549636,50.496856],[-117.570861,50.505071],[-117.582358,50.503138],[-117.605351,50.523434],[-117.615964,50.543729],[-117.638073,50.548561],[-117.645148,50.535514],[-117.670794,50.532615],[-117.703516,50.547595],[-117.740659,50.55436],[-117.762769,50.550978],[-117.792837,50.550494],[-117.818484,50.54083],[-117.850321,50.542279],[-117.857396,50.527783],[-117.902498,50.528266],[-117.97767,50.532615],[-117.994473,50.548078],[-118.007738,50.608965],[-118.005085,50.629744],[-118.013929,50.652939],[-118.039575,50.663087],[-118.068759,50.666469],[-118.069644,50.688215],[-118.076719,50.693047],[-118.12359,50.68145],[-118.168693,50.683383],[-118.207605,50.690148],[-118.20053,50.698846],[-118.208489,50.713343],[-118.205836,50.738954],[-118.227061,50.743303],[-118.242095,50.755384],[-118.252708,50.781961],[-118.261551,50.784861],[-118.261551,50.799358],[-118.275701,50.824002],[-118.268626,50.838499],[-118.286314,50.84913],[-118.294273,50.864594],[-118.321688,50.856862],[-118.331416,50.848647],[-118.364138,50.838982],[-118.375635,50.832217],[-118.415431,50.83415],[-118.434003,50.825935],[-118.428697,50.809989],[-118.43135,50.795009],[-118.456112,50.772297],[-118.441078,50.753934],[-118.43135,50.752001],[-118.43135,50.728323],[-118.407472,50.720591],[-118.408356,50.711893],[-118.427812,50.698846],[-118.420737,50.689664],[-118.426043,50.674201],[-118.4172,50.666469],[-118.426928,50.651489],[-118.434887,50.65004],[-118.450806,50.63361],[-118.474684,50.628778],[-118.488834,50.607999],[-118.488834,50.595435],[-118.475568,50.58432],[-118.473799,50.571756],[-118.481759,50.556776],[-118.510943,50.549528],[-118.532167,50.53793],[-118.556045,50.53793],[-118.558698,50.527783],[-118.584345,50.514252],[-118.587883,50.497822],[-118.578155,50.487675],[-118.768293,50.487675],[-119.001766,50.488158],[-119.000882,50.473661],[-119.011494,50.473178],[-119.011494,50.459647],[-119.060134,50.458681],[-119.05925,50.444667],[-119.07959,50.442251],[-119.138843,50.442251],[-119.160952,50.438868],[-119.177755,50.427271],[-119.194558,50.437902],[-119.217552,50.436452],[-119.216667,50.446117],[-119.230817,50.458681],[-119.258232,50.46303],[-119.266192,50.456748],[-119.297145,50.471245],[-119.328982,50.469795],[-119.329866,50.484775],[-119.344016,50.485258],[-119.345785,50.473661],[-119.359935,50.460614],[-119.364356,50.448533],[-119.364356,50.426304],[-119.351975,50.416157],[-119.445718,50.416157],[-119.446603,50.430653],[-119.506739,50.432103],[-119.525311,50.431137],[-119.526196,50.44515],[-119.581911,50.445634],[-119.581911,50.430653],[-119.605789,50.431137],[-119.605789,50.416157],[-119.628782,50.41664],[-119.628782,50.402143],[-119.644701,50.402143]]}},{"type":"Feature","properties":{},"geometry":{"type":"LineString","coordinates":[[-119.644701,50.402143],[-119.673885,50.402143],[-119.674769,50.387163],[-119.71545,50.387163],[-119.720756,50.372666],[-119.788852,50.372183],[-119.789737,50.357686],[-119.947154,50.358652],[-120.09219,50.357686],[-120.090421,50.371216],[-120.224845,50.371216],[-120.22573,50.385713],[-120.317704,50.385713],[-120.334507,50.391995],[-120.340697,50.40166],[-120.342466,50.43162],[-120.338928,50.502655],[-120.339813,50.575139],[-120.3575,50.575139],[-120.3575,50.618147],[-120.336275,50.629744],[-120.359269,50.650523],[-120.354847,50.661637],[-120.330085,50.661637],[-120.324779,50.680483],[-120.295595,50.674684],[-120.292057,50.680966],[-120.26641,50.681933],[-120.199199,50.670819],[-120.15498,50.671785],[-120.124912,50.664053],[-120.067428,50.657288],[-120.0294,50.658738],[-119.999332,50.649556],[-119.962188,50.654389],[-119.911779,50.646174],[-119.865792,50.66502],[-119.85518,50.672751],[-119.839261,50.674684],[-119.82688,50.686765],[-119.79858,50.703195],[-119.791506,50.713826],[-119.768512,50.72639],[-119.758784,50.749585],[-119.780009,50.769881],[-119.767628,50.778096],[-119.760553,50.791143],[-119.760553,50.817237],[-119.753478,50.837533],[-119.7013,50.8356],[-119.698647,50.827385],[-119.644701,50.848164],[-119.61021,50.869909],[-119.627898,50.878607],[-119.650007,50.858795],[-119.664157,50.867493],[-119.664157,50.925481],[-119.689803,50.962206],[-119.704838,50.967038],[-119.730484,50.983951],[-119.605789,50.984918],[-119.536808,50.983468],[-119.537692,50.999898],[-119.548305,51.011012],[-119.521774,51.032758],[-119.509393,51.05402],[-119.506739,51.066584],[-119.525311,51.106692],[-119.508508,51.118772],[-119.509393,51.143417],[-119.483746,51.173861],[-119.474018,51.179176],[-119.439528,51.182075],[-119.445718,51.213969],[-119.440412,51.2217],[-119.408575,51.231848],[-119.386466,51.241029],[-119.370547,51.255526],[-119.32456,51.25311],[-119.293607,51.246345],[-119.275035,51.257459],[-119.237008,51.26809],[-119.224627,51.279688],[-119.221089,51.311098],[-119.20517,51.311098],[-119.192789,51.31738],[-119.187483,51.354588],[-119.153877,51.358454],[-119.108775,51.376334],[-119.091087,51.39518],[-119.076053,51.389381],[-119.058366,51.39518],[-119.029182,51.422724],[-118.999997,51.430455],[-118.953126,51.461382],[-118.952242,51.47153],[-118.964623,51.490859],[-118.950473,51.507289],[-118.964623,51.529034],[-118.984079,51.542565],[-118.981426,51.553679],[-118.966391,51.574941],[-118.972582,51.595237],[-118.957548,51.601036],[-118.960201,51.609734],[-118.983194,51.635345],[-118.970813,51.652258],[-118.994691,51.669654],[-119.009725,51.68705],[-118.978773,51.692366],[-118.961085,51.701547],[-118.917751,51.70348],[-118.915983,51.719427],[-118.885914,51.732957],[-118.888567,51.747937],[-118.897411,51.763401],[-118.886798,51.774998],[-118.888567,51.785629],[-118.906255,51.786112],[-118.923942,51.794327],[-118.941629,51.793361],[-118.961085,51.810757],[-118.964623,51.824288],[-118.949589,51.831053],[-118.950473,51.849416],[-118.990269,51.864396],[-118.972582,51.872611],[-118.966391,51.887107],[-118.987616,51.931081],[-118.977004,51.934464],[-118.944282,51.927699],[-118.908908,51.928182],[-118.89122,51.954276],[-118.915983,51.965874],[-118.931017,51.96684],[-118.971698,51.976988],[-118.971698,51.988102],[-118.949589,52.006948],[-118.944282,52.026278],[-118.91952,52.039325],[-118.909792,52.036425],[-118.855846,52.045607],[-118.847886,52.058171],[-118.868227,52.067835],[-118.872649,52.07605],[-118.854961,52.088131],[-118.866458,52.102628],[-118.850539,52.127273],[-118.849655,52.13742],[-118.838158,52.146119],[-118.833736,52.164481],[-118.802784,52.177045]]}},{"type":"Feature","properties":{},"geometry":{"type":"LineString","coordinates":[[-118.802784,52.177045],[-118.793056,52.176562],[-118.752375,52.18526],[-118.733803,52.176562],[-118.730266,52.164965],[-118.716116,52.161582],[-118.694007,52.166897],[-118.6887,52.1553],[-118.676319,52.151434],[-118.666591,52.163998],[-118.64006,52.169314],[-118.628563,52.182844],[-118.582576,52.192992],[-118.569311,52.224402],[-118.555161,52.239865],[-118.56312,52.258228],[-118.541011,52.272725],[-118.501215,52.281906],[-118.488834,52.299302],[-118.493255,52.31235],[-118.46584,52.317665],[-118.456112,52.324914],[-118.440193,52.32443],[-118.426043,52.336028],[-118.395091,52.335061],[-118.380056,52.350041],[-118.353525,52.365988],[-118.317266,52.367921],[-118.289851,52.338927],[-118.273048,52.346176],[-118.254476,52.348109],[-118.240326,52.374686],[-118.226177,52.380485]]}},{"type":"Feature","properties":{},"geometry":{"type":"LineString","coordinates":[[-123.72959,50.842848],[-123.717209,50.851063],[-123.718093,50.871359],[-123.727821,50.876191],[-123.746393,50.872809],[-123.75789,50.88344]]}},{"type":"Feature","properties":{},"geometry":{"type":"LineString","coordinates":[[-120.142599,52.876762],[-120.115184,52.861782],[-120.111646,52.842936],[-120.089537,52.835687],[-120.081578,52.827956],[-120.061237,52.82409],[-120.060353,52.808626],[-120.042666,52.794613],[-120.024978,52.757404],[-120.002869,52.74484],[-119.973685,52.737108],[-119.951576,52.710048],[-119.920623,52.719229],[-119.906473,52.708598],[-119.890555,52.706665],[-119.871983,52.684436],[-119.849874,52.691202],[-119.836608,52.688302],[-119.817152,52.674289],[-119.768512,52.660275],[-119.751709,52.679121],[-119.742865,52.68202],[-119.708375,52.678154],[-119.677422,52.695551],[-119.660619,52.700866],[-119.61817,52.706182],[-119.616401,52.689269],[-119.603135,52.671872],[-119.587217,52.660758],[-119.578373,52.648194],[-119.544767,52.656892],[-119.531502,52.631764],[-119.505855,52.631281],[-119.465174,52.649161],[-119.442181,52.63853],[-119.428031,52.63853],[-119.412997,52.646261],[-119.369663,52.655926],[-119.361703,52.65351],[-119.364356,52.632731],[-119.269729,52.630798],[-119.243198,52.63418],[-119.221089,52.631281],[-119.192789,52.63708],[-119.154762,52.633697],[-119.055713,52.633214],[-119.033603,52.594556],[-119.015916,52.594072],[-118.999997,52.599871],[-118.992922,52.590207],[-118.963738,52.578126],[-118.948704,52.577643],[-118.927479,52.568944],[-118.935439,52.55638],[-118.931901,52.545749],[-118.908908,52.531253],[-118.902717,52.518689],[-118.904486,52.498876],[-118.885914,52.482446],[-118.885914,52.474231],[-118.923942,52.463117],[-118.941629,52.439922],[-118.921289,52.422043],[-118.931017,52.412861],[-118.926595,52.404163],[-118.94782,52.391116],[-118.938092,52.380485],[-118.926595,52.353424],[-118.909792,52.345209],[-118.868227,52.344243],[-118.792171,52.317182],[-118.787749,52.305101],[-118.813396,52.299302],[-118.824008,52.291087],[-118.845233,52.284805],[-118.852308,52.276107],[-118.882377,52.264027],[-118.890336,52.245664],[-118.875302,52.238899],[-118.839927,52.232617],[-118.832852,52.221502],[-118.847886,52.217637],[-118.847002,52.207005],[-118.82843,52.201207],[-118.802784,52.177045]]}},{"type":"Feature","properties":{},"geometry":{"type":"LineString","coordinates":[[-119.644701,50.402143],[-119.65266,50.392962],[-119.633204,50.376048],[-119.646469,50.363485],[-119.664157,50.353337],[-119.684497,50.348504],[-119.665925,50.333041],[-119.717219,50.319027],[-119.69511,50.306947],[-119.681844,50.305014],[-119.697763,50.285201],[-119.681844,50.262973],[-119.697763,50.25814],[-119.738444,50.262006],[-119.751709,50.25959],[-119.768512,50.216583],[-119.780893,50.205952],[-119.805655,50.203536],[-119.808309,50.195321],[-119.827765,50.179857],[-119.81273,50.176958],[-119.79858,50.149897],[-119.780009,50.147964],[-119.777356,50.119937],[-119.764975,50.123319],[-119.741097,50.116071],[-119.747287,50.089493],[-119.764975,50.085144],[-119.761437,50.073064],[-119.766743,50.063399],[-119.759668,50.05615]]}},{"type":"Feature","properties":{},"geometry":{"type":"LineString","coordinates":[[-119.759668,50.05615],[-119.769396,50.043103],[-119.796812,50.038754],[-119.810077,50.031023],[-119.800349,50.017009],[-119.818921,50.000579],[-119.827765,49.997196],[-119.832186,49.980283],[-119.862255,49.969169],[-119.893208,49.963854],[-119.915317,49.950806],[-119.927698,49.936793],[-119.935657,49.93631],[-119.950692,49.920363],[-119.977223,49.931477],[-119.997563,49.928095],[-120.0294,49.911665],[-120.027631,49.894752],[-120.040897,49.877356],[-120.053278,49.873006],[-120.055047,49.85561]]}},{"type":"Feature","properties":{},"geometry":{"type":"LineString","coordinates":[[-120.055047,49.85561],[-120.068312,49.839664],[-120.079809,49.834348],[-120.094843,49.844496],[-120.130218,49.845946],[-120.161171,49.865275],[-120.180627,49.856093],[-120.213348,49.860442],[-120.214233,49.886054],[-120.228383,49.895718],[-120.258451,49.894269],[-120.268179,49.887987],[-120.307976,49.900067],[-120.330085,49.912148],[-120.361922,49.903933],[-120.363691,49.891369],[-120.390222,49.873973],[-120.388453,49.849328],[-120.396412,49.837731],[-120.407909,49.837247],[-120.423828,49.817918],[-120.445052,49.81067],[-120.485733,49.772011],[-120.573286,49.772978],[-120.603354,49.770562],[-120.604238,49.749783],[-120.759887,49.749783],[-120.771384,49.763313],[-120.832405,49.763797],[-120.834174,49.759931],[-120.948257,49.760414],[-120.959754,49.743984],[-120.954448,49.712091],[-120.961523,49.696144],[-120.962407,49.673433]]}},{"type":"Feature","properties":{},"geometry":{"type":"LineString","coordinates":[[-122.229704,50.110272],[-122.226167,50.126219],[-122.258004,50.123319]]}},{"type":"Feature","properties":{},"geometry":{"type":"LineString","coordinates":[[-122.258004,50.123319],[-122.286304,50.152313],[-122.298685,50.173575],[-122.313719,50.172126],[-122.316372,50.187106],[-122.303107,50.198703],[-122.278344,50.203536],[-122.274807,50.224314],[-122.301338,50.22963],[-122.353516,50.23108],[-122.357937,50.235429],[-122.347325,50.250892],[-122.373856,50.261523],[-122.371203,50.271188],[-122.357937,50.287617],[-122.366781,50.311779],[-122.385353,50.318544],[-122.408346,50.333041],[-122.438415,50.335457],[-122.470252,50.358652],[-122.477327,50.383297],[-122.499436,50.392962],[-122.517123,50.387646],[-122.525083,50.414707],[-122.504742,50.417606],[-122.49413,50.425821],[-122.505627,50.440801],[-122.485286,50.443701],[-122.446374,50.43017],[-122.414537,50.398277],[-122.39685,50.411324],[-122.371203,50.410841],[-122.335828,50.416157],[-122.304875,50.431137],[-122.303991,50.46303],[-122.287188,50.475594],[-122.31195,50.494923],[-122.337597,50.520534],[-122.360591,50.5244],[-122.418959,50.552427],[-122.450796,50.558226],[-122.426918,50.574173],[-122.409231,50.591569],[-122.429571,50.601717],[-122.43134,50.616214],[-122.448143,50.619596],[-122.449912,50.601717],[-122.466715,50.591086],[-122.466715,50.578038],[-122.478211,50.566441],[-122.503858,50.566441],[-122.537464,50.580455],[-122.550729,50.579971],[-122.58522,50.593502],[-122.609982,50.599784],[-122.612635,50.61573],[-122.609098,50.634093],[-122.629438,50.652939],[-122.678078,50.651973],[-122.703725,50.643758],[-122.729371,50.656322],[-122.777127,50.654872],[-122.801005,50.646174],[-122.832842,50.646174],[-122.861142,50.619596],[-122.888557,50.614281],[-122.907129,50.60365],[-122.928354,50.601233],[-122.931007,50.584804],[-122.941619,50.562575],[-122.940735,50.552911],[-122.956654,50.548561],[-123.018559,50.601233],[-123.0389,50.601233],[-123.043322,50.594951],[-123.031825,50.58432],[-123.044206,50.577072],[-123.081349,50.593985],[-123.104343,50.61718],[-123.132643,50.632643],[-123.163595,50.634576],[-123.167133,50.642791],[-123.157405,50.653422],[-123.180398,50.656805],[-123.198086,50.675168],[-123.199854,50.688698],[-123.220195,50.710927],[-123.236113,50.723007],[-123.275026,50.732672],[-123.307747,50.729773],[-123.321013,50.731222],[-123.337816,50.749585],[-123.358156,50.761182],[-123.360809,50.791626],[-123.369653,50.795975],[-123.407681,50.780512],[-123.438633,50.796458],[-123.469586,50.794042],[-123.503192,50.780028],[-123.525301,50.797908],[-123.544757,50.801291],[-123.562445,50.797425],[-123.606663,50.776646],[-123.629657,50.792592],[-123.675644,50.801291],[-123.706597,50.792592],[-123.719862,50.801291],[-123.725168,50.813371],[-123.725168,50.839949],[-123.72959,50.842848]]}},{"type":"Feature","properties":{},"geometry":{"type":"LineString","coordinates":[[-118.510058,49.812603],[-118.512711,49.795206],[-118.509174,49.775394],[-118.496793,49.773461],[-118.496793,49.759931],[-118.505636,49.739152],[-118.531283,49.738185],[-118.545433,49.719823],[-118.568427,49.704359],[-118.570195,49.694695],[-118.55693,49.685997],[-118.575501,49.676332],[-118.565773,49.664251],[-118.586114,49.65652],[-118.579039,49.633325],[-118.590536,49.627526],[-118.594073,49.616412],[-118.583461,49.60578],[-118.586114,49.591284],[-118.602917,49.594183],[-118.61972,49.562773],[-118.636523,49.56084],[-118.64802,49.546343],[-118.658632,49.542961],[-118.655094,49.529913],[-118.665707,49.519282],[-118.68251,49.513484],[-118.701966,49.490772],[-118.684279,49.472892],[-118.6887,49.456946],[-118.712578,49.448731],[-118.712578,49.426502],[-118.704619,49.416354],[-118.717,49.400408],[-118.709041,49.383495],[-118.716116,49.37673],[-119.033603,49.355951],[-119.206939,49.34387],[-119.236123,49.341454],[-119.260001,49.350152],[-119.251158,49.368998],[-119.26177,49.382045],[-119.282995,49.387361],[-119.300682,49.385911],[-119.300682,49.503819],[-119.302451,49.521699],[-119.321907,49.530397],[-119.33871,49.556974],[-119.336941,49.570988],[-119.348438,49.592733],[-119.361703,49.5937],[-119.351091,49.609163],[-119.358166,49.616412],[-119.350207,49.636224],[-119.3732,49.654103],[-119.375853,49.679231]]}},{"type":"Feature","properties":{},"geometry":{"type":"LineString","coordinates":[[-119.375853,49.679231],[-119.331635,49.698561],[-119.325444,49.697111],[-119.295376,49.71499],[-119.286532,49.726105],[-119.271498,49.730454],[-119.262654,49.744951],[-119.228164,49.735286],[-119.206939,49.737219],[-119.201633,49.753166],[-119.185714,49.757998],[-119.163605,49.757998],[-119.160952,49.771528],[-119.199864,49.798589],[-119.208708,49.816469],[-119.242314,49.835315],[-119.245851,49.845462],[-119.26177,49.841113],[-119.284763,49.843046],[-119.357282,49.841113],[-119.386466,49.851261],[-119.394425,49.87204],[-119.416534,49.879288],[-119.434221,49.875423],[-119.443065,49.860442],[-119.458984,49.848845],[-119.485515,49.856093],[-119.482862,49.883638],[-119.512046,49.879288],[-119.518236,49.903933],[-119.48463,49.941142],[-119.479324,49.966753],[-119.47048,49.980767],[-119.462521,50.004445]]}},{"type":"Feature","properties":{},"geometry":{"type":"LineString","coordinates":[[-119.462521,50.004445],[-119.423609,50.005895],[-119.396194,50.004445],[-119.385581,50.019908],[-119.374969,50.019908],[-119.375853,49.960471],[-119.368778,49.945491],[-119.377622,49.940175],[-119.370547,49.923746],[-119.351975,49.917947],[-119.331635,49.917947],[-119.330751,49.874939],[-119.320138,49.862375],[-119.291838,49.858993],[-119.248504,49.859476],[-119.230817,49.864792],[-119.198096,49.863825],[-119.154762,49.867691],[-119.126462,49.860926],[-119.089318,49.837731],[-119.085781,49.8271],[-119.085781,49.799072],[-119.065441,49.798106],[-119.055713,49.81212],[-118.703735,49.812603],[-118.510058,49.812603]]}},{"type":"Feature","properties":{},"geometry":{"type":"LineString","coordinates":[[-122.811618,49.21968],[-122.804543,49.219197]]}},{"type":"Feature","properties":{},"geometry":{"type":"LineString","coordinates":[[-122.751481,49.215814],[-122.713453,49.209049],[-122.686922,49.199868],[-122.664813,49.196485],[-122.624132,49.210015],[-122.602023,49.209049],[-122.574607,49.183921],[-122.541001,49.170874],[-122.517123,49.167008],[-122.461408,49.171357]]}},{"type":"Feature","properties":{},"geometry":{"type":"LineString","coordinates":[[-122.461408,49.171357],[-122.460524,49.089208]]}},{"type":"Feature","properties":{},"geometry":{"type":"LineString","coordinates":[[-122.797468,49.200834],[-122.811618,49.21968]]}},{"type":"Feature","properties":{},"geometry":{"type":"LineString","coordinates":[[-122.461408,49.171357],[-122.426034,49.168941],[-122.395081,49.148162],[-122.381815,49.135598],[-122.34025,49.127866],[-122.337597,49.176673],[-122.31991,49.180538],[-122.279229,49.180538],[-122.269501,49.18682],[-122.27127,49.263654],[-122.273038,49.282983],[-122.292494,49.302312],[-122.298685,49.312943],[-122.294263,49.324058],[-122.301338,49.355951],[-122.285419,49.39026],[-122.282766,49.415871],[-122.266848,49.430851],[-122.219092,49.459362],[-122.145689,49.455979],[-122.146574,49.469026],[-122.139499,49.482074],[-122.127118,49.487389],[-122.134193,49.500436],[-122.130655,49.512517],[-122.112084,49.529913],[-122.080246,49.541994],[-122.081131,49.559874],[-122.071403,49.581136],[-122.094396,49.595633],[-122.10324,49.609163],[-122.130655,49.601915],[-122.165146,49.606747],[-122.193445,49.590317],[-122.236779,49.586451],[-122.250045,49.5908],[-122.253582,49.599982],[-122.279229,49.603364],[-122.292494,49.610613],[-122.293379,49.619794],[-122.281882,49.643956],[-122.282766,49.657486],[-122.296916,49.663285],[-122.333175,49.663768],[-122.349094,49.659419],[-122.34025,49.634774],[-122.344672,49.621244],[-122.365897,49.621727],[-122.38889,49.627043],[-122.40304,49.64009],[-122.44549,49.636224],[-122.454333,49.641056],[-122.462293,49.667634],[-122.475558,49.676815],[-122.466715,49.68503],[-122.474674,49.694695],[-122.467599,49.706292],[-122.45168,49.715474],[-122.424265,49.713541],[-122.41719,49.720306],[-122.432224,49.733836],[-122.418074,49.748333],[-122.43134,49.757515],[-122.453449,49.749783],[-122.485286,49.77781],[-122.517123,49.784575],[-122.525967,49.778777],[-122.551614,49.782159],[-122.584335,49.782643],[-122.602907,49.776844],[-122.639166,49.775394],[-122.648894,49.787475],[-122.637397,49.805838],[-122.641819,49.81212],[-122.664813,49.823717],[-122.651547,49.836764],[-122.616173,49.834831],[-122.608213,49.860926],[-122.579029,49.870107],[-122.586104,49.877839],[-122.639166,49.872523],[-122.677194,49.873973],[-122.699303,49.879772],[-122.719643,49.891852],[-122.746174,49.891369],[-122.751481,49.913598],[-122.767399,49.932927]]}},{"type":"Feature","properties":{},"geometry":{"type":"LineString","coordinates":[[-122.767399,49.932927],[-122.761209,49.947907],[-122.724065,49.954189],[-122.686922,49.973035],[-122.680731,49.98125],[-122.686922,50.002512],[-122.679847,50.022808],[-122.721412,50.024257],[-122.740868,50.017009],[-122.764746,50.023291],[-122.77359,50.036821],[-122.792161,50.04117],[-122.801889,50.055184],[-122.805427,50.087077],[-122.793046,50.10544],[-122.788624,50.131051],[-122.768284,50.1383],[-122.762093,50.133467],[-122.733793,50.151347],[-122.71699,50.152796],[-122.707262,50.145548],[-122.659506,50.143132],[-122.658622,50.134917],[-122.638282,50.123319],[-122.550729,50.123803],[-122.405693,50.123319],[-122.357053,50.124286],[-122.258004,50.123319]]}},{"type":"Feature","properties":{},"geometry":{"type":"LineString","coordinates":[[-124.040003,49.365132],[-123.917076,49.349669],[-123.870204,49.341937],[-123.783536,49.323574],[-123.693331,49.300863],[-123.651766,49.287332],[-123.614622,49.273319],[-123.547411,49.242875],[-123.511152,49.223063],[-123.488158,49.205183],[-123.467818,49.183438],[-123.377612,49.036053],[-123.357272,49.00271]]}},{"type":"Feature","properties":{},"geometry":{"type":"LineString","coordinates":[[-123.357272,49.00271],[-123.40149,49.004643],[-123.505845,49.010925],[-123.568635,49.018173],[-123.591629,49.013824],[-123.606663,48.999811]]}},{"type":"Feature","properties":{},"geometry":{"type":"LineString","coordinates":[[-122.956654,49.175223],[-122.957538,49.190203]]}},{"type":"Feature","properties":{},"geometry":{"type":"LineString","coordinates":[[-122.957538,49.190203],[-122.960191,49.201317],[-122.938082,49.213398]]}},{"type":"Feature","properties":{},"geometry":{"type":"LineString","coordinates":[[-122.892979,49.249157],[-122.852298,49.249157],[-122.852298,49.231761],[-122.875292,49.234177],[-122.876176,49.220163]]}},{"type":"Feature","properties":{},"geometry":{"type":"LineString","coordinates":[[-122.876176,49.220163],[-122.885904,49.217747],[-122.912435,49.194069]]}},{"type":"Feature","properties":{},"geometry":{"type":"LineString","coordinates":[[-123.72959,50.842848],[-123.769387,50.840915],[-123.795033,50.833667],[-123.823333,50.839949],[-123.828639,50.828835],[-123.811836,50.81917],[-123.801224,50.796941],[-123.811836,50.795009],[-123.837483,50.777129],[-123.847211,50.761182],[-123.867551,50.747652],[-123.84898,50.740887],[-123.816258,50.710443],[-123.788843,50.722524],[-123.766733,50.721558],[-123.735781,50.708027],[-123.727821,50.697396],[-123.736665,50.676134],[-123.753468,50.653906],[-123.761427,50.634093],[-123.756121,50.615247],[-123.76408,50.600267],[-123.755237,50.594951],[-123.744624,50.571273],[-123.74374,50.53793],[-123.763196,50.528749],[-123.788843,50.530199],[-123.802108,50.540347],[-123.818911,50.533098],[-123.841905,50.528749],[-123.886123,50.530682],[-123.912654,50.521984],[-123.925035,50.531648],[-123.955988,50.520051],[-123.982519,50.513769],[-123.998438,50.505554],[-124.003744,50.496856],[-123.996669,50.473661],[-123.976328,50.478493],[-123.962178,50.473661],[-123.948913,50.457714],[-123.936532,50.451432],[-123.939185,50.435002],[-123.951566,50.421955],[-123.944491,50.408425],[-123.923266,50.39876],[-123.924151,50.381847],[-123.910001,50.359619],[-123.962178,50.339323],[-123.978981,50.348988],[-124.000206,50.346571],[-124.01524,50.361068],[-124.040887,50.346571],[-124.063881,50.363485],[-124.075377,50.366384],[-124.102793,50.361552],[-124.11429,50.350921],[-124.136399,50.352853],[-124.159392,50.333524],[-124.15497,50.297765],[-124.165583,50.284718],[-124.16912,50.270221],[-124.144358,50.255724],[-124.165583,50.235429],[-124.172658,50.218999],[-124.154086,50.218999],[-124.119596,50.209817],[-124.077146,50.209817],[-124.073609,50.196287],[-124.09218,50.193871],[-124.090412,50.174059],[-124.069187,50.15038],[-124.085105,50.139266],[-124.107215,50.142165],[-124.137283,50.1354],[-124.136399,50.118487],[-124.146127,50.115588],[-124.154086,50.094809],[-124.138167,50.079345],[-124.150549,50.060983],[-124.131977,50.048902],[-124.109868,50.04117],[-124.113405,50.017492],[-124.096602,50.016526],[-124.078915,50.000096],[-124.067418,50.000579],[-124.069187,49.96482],[-124.060343,49.962887],[-124.062996,49.93341],[-124.033812,49.928095],[-124.045309,49.867691],[-124.024969,49.840147],[-124.025853,49.825167],[-124.034697,49.805354],[-124.090412,49.784575],[-124.137283,49.769595],[-124.220414,49.757031],[-124.237217,49.748333],[-124.292047,49.70146],[-124.254019,49.659902],[-124.198304,49.632358],[-124.131093,49.5908],[-124.09218,49.556008],[-124.079799,49.53233],[-124.072724,49.49947],[-124.061228,49.481107],[-124.045309,49.438583]]}},{"type":"Feature","properties":{},"geometry":{"type":"LineString","coordinates":[[-129.08443,50.965589],[-128.844767,50.991683],[-128.499864,51.028892],[-127.994006,51.08108],[-127.91176,51.200438],[-127.862235,51.311581],[-127.841895,51.383582],[-127.836589,51.440603],[-127.843664,51.508739],[-127.898494,51.619398],[-127.923257,51.675936],[-127.937406,51.730541],[-127.951556,51.793361],[-127.944481,51.856181],[-127.932985,51.927699],[-127.926794,51.997284],[-127.497876,52.001633],[-127.20692,52.003566],[-126.891201,52.004532],[-126.552488,52.005016],[-126.210238,52.004049],[-126.000644,52.002116],[-125.777783,52.000666],[-125.739755,52.012264],[-125.721184,52.008398],[-125.708803,51.994868],[-125.702612,51.975538],[-125.678734,51.943162],[-125.661931,51.933498],[-125.656625,51.924316],[-125.624788,51.911752],[-125.611522,51.903054],[-125.584991,51.903054],[-125.575263,51.913202]]}},{"type":"Feature","properties":{},"geometry":{"type":"LineString","coordinates":[[-123.0389,49.295547],[-123.102574,49.297963]]}},{"type":"Feature","properties":{},"geometry":{"type":"LineString","coordinates":[[-123.102574,49.297963],[-123.137949,49.315843]]}},{"type":"Feature","properties":{},"geometry":{"type":"LineString","coordinates":[[-123.137949,49.315843],[-123.156521,49.324541],[-123.168017,49.325024],[-123.168017,49.344353],[-123.117608,49.332756],[-123.118493,49.37673],[-123.123799,49.379629],[-123.123799,49.406207],[-123.133527,49.410072],[-123.10788,49.435684],[-123.106996,49.449214],[-123.121146,49.482557],[-123.102574,49.482074],[-123.102574,49.547793],[-122.923932,49.548276],[-122.924816,49.554075]]}},{"type":"Feature","properties":{},"geometry":{"type":"LineString","coordinates":[[-119.759668,50.05615],[-119.522658,50.037788],[-119.474018,50.040687],[-119.462521,50.004445]]}},{"type":"Feature","properties":{},"geometry":{"type":"LineString","coordinates":[[-119.375853,49.679231],[-119.405922,49.684064],[-119.427146,49.675366],[-119.446603,49.691312],[-119.453677,49.702426],[-119.458984,49.725621],[-119.485515,49.7464],[-119.501433,49.730454],[-119.515583,49.728038],[-119.519121,49.752682],[-119.556264,49.753166],[-119.556264,49.760414],[-119.660619,49.758964],[-119.696878,49.760897],[-119.697763,49.775394],[-119.719872,49.765246],[-119.736675,49.743501],[-119.741981,49.73142],[-119.738444,49.719823],[-119.697763,49.685513],[-119.673885,49.657969],[-119.642932,49.633325],[-119.625245,49.609163],[-119.625245,49.601915],[-119.603135,49.573887],[-119.603135,49.555525],[-119.646469,49.557941],[-119.663272,49.563256],[-119.682728,49.561323],[-119.692456,49.549243],[-119.711028,49.550209],[-119.713681,49.566639],[-119.722525,49.580653],[-119.734906,49.585485],[-119.753478,49.583552],[-119.753478,49.566156],[-119.776471,49.565672],[-119.777356,49.514933],[-119.767628,49.50092],[-119.749056,49.500436],[-119.74994,49.479174],[-119.739328,49.471443],[-119.900283,49.471926],[-119.907358,49.486423],[-119.908242,49.499953],[-119.920623,49.516866],[-119.927698,49.516383],[-119.949807,49.528947],[-119.989604,49.507202],[-120.0011,49.505752],[-120.032938,49.521699],[-120.034706,49.539578],[-120.022325,49.552625],[-120.032938,49.566156],[-120.048856,49.572921],[-120.034706,49.585002],[-120.031169,49.594666],[-120.048856,49.61013],[-120.059469,49.611579],[-120.065659,49.624626],[-120.099265,49.646372],[-120.074503,49.660385],[-120.060353,49.664251],[-120.052394,49.678265],[-120.030285,49.67005],[-120.007291,49.6715],[-119.989604,49.664734],[-119.975454,49.667634],[-119.975454,49.696144],[-120.003754,49.696628],[-119.998447,49.711125],[-119.979876,49.710158],[-119.979876,49.772978],[-119.984297,49.789408],[-119.96661,49.81212],[-119.968379,49.819368],[-119.991372,49.833865],[-120.013482,49.83918],[-120.039128,49.856577],[-120.055047,49.85561]]}},{"type":"Feature","properties":{},"geometry":{"type":"LineString","coordinates":[[-122.816039,49.572438],[-122.835495,49.599498],[-122.849645,49.613512],[-122.827536,49.613029],[-122.811618,49.619311],[-122.82842,49.642989],[-122.831074,49.657969],[-122.854067,49.666184],[-122.852298,49.6715],[-122.815155,49.696144],[-122.814271,49.711125],[-122.824883,49.715957],[-122.834611,49.72997],[-122.854951,49.743501],[-122.855836,49.756065],[-122.871754,49.770562],[-122.867333,49.775877],[-122.886789,49.79424],[-122.890326,49.801972],[-122.873523,49.818402],[-122.880598,49.8271],[-122.901823,49.824683],[-122.924816,49.831932],[-122.964613,49.834831],[-122.984953,49.857543],[-123.002641,49.856093],[-122.973457,49.882671],[-122.96196,49.902483],[-122.936313,49.917464],[-122.915973,49.913115],[-122.896517,49.894752],[-122.869986,49.90345],[-122.861142,49.916014],[-122.85053,49.91843],[-122.809849,49.91843],[-122.800121,49.920363],[-122.795699,49.93631],[-122.767399,49.932927]]}},{"type":"Feature","properties":{},"geometry":{"type":"LineString","coordinates":[[-122.811618,49.21968],[-122.876176,49.220163]]}},{"type":"Feature","properties":{},"geometry":{"type":"LineString","coordinates":[[-127.725158,60.000049],[-127.499645,60.000049],[-127.250254,60.000049],[-126.999978,60.000049],[-126.749702,60.000049],[-126.500311,60.000049],[-126.250035,60.000049],[-125.999759,60.000049],[-125.750368,60.000049],[-125.500092,60.000049],[-125.249816,60.000049],[-125.000425,60.000049],[-124.750149,60.000049],[-124.499873,60.000049],[-124.249598,60.000049],[-124.000206,60.000049],[-123.789727,60.000049]]}},{"type":"Feature","properties":{},"geometry":{"type":"LineString","coordinates":[[-123.789727,60.000049],[-123.499655,60.000049],[-123.250263,60.000049],[-122.999988,60.000049],[-122.749712,60.000049],[-122.50032,60.000049],[-122.250045,60.000049],[-121.999769,60.000049],[-121.750378,60.000049],[-121.500102,60.000049],[-121.249826,60.000049],[-121.000435,60.000049],[-120.750159,60.000049],[-120.499883,60.000049],[-120.249607,60.000049],[-120.000216,60.000049]]}},{"type":"Feature","properties":{},"geometry":{"type":"LineString","coordinates":[[-123.519995,54.154421],[-123.52088,54.252516],[-123.552717,54.270396],[-123.537683,54.279094],[-123.532376,54.289725],[-123.554485,54.306155],[-123.586323,54.317752],[-123.619929,54.320652],[-123.644691,54.330316],[-123.716325,54.322585],[-123.741087,54.321618],[-123.782652,54.336115],[-123.819795,54.336598],[-123.853401,54.37574],[-123.878164,54.378639],[-123.905579,54.374774],[-123.928573,54.361243],[-123.932994,54.379606],[-123.969253,54.411499],[-123.969253,54.424063],[-123.986056,54.429378],[-123.951566,54.449674],[-123.95245,54.458855],[-123.880817,54.492198],[-123.877279,54.498964],[-123.848095,54.512494],[-123.864898,54.517326],[-123.860476,54.525541],[-123.842789,54.530857],[-123.821564,54.544387],[-123.833061,54.554052],[-123.819795,54.561783],[-123.819795,54.580629],[-123.795918,54.577247],[-123.779999,54.59271],[-123.808299,54.605274],[-123.77823,54.613006],[-123.78619,54.627019],[-123.77823,54.658913],[-123.793264,54.674859],[-123.795918,54.692739],[-123.841905,54.696121],[-123.880817,54.719799],[-123.880817,54.738162],[-123.90381,54.743961],[-123.926804,54.758941],[-123.948029,54.767639],[-123.925919,54.806781],[-123.915307,54.815962],[-123.919729,54.831909],[-123.895851,54.853654],[-123.904695,54.864768],[-123.926804,54.862352],[-123.990478,54.866218],[-124.005512,54.862352],[-124.0232,54.868151],[-124.014356,54.882165],[-123.9949,54.882165],[-123.9949,54.892796],[-124.033812,54.902943],[-124.034697,54.916957],[-124.0515,54.930488],[-124.0515,54.950783],[-124.021431,54.953199],[-124.013472,54.959965],[-124.011703,54.98171],[-123.999322,54.986542],[-123.999322,55.025201],[-123.979866,55.012153],[-123.94626,55.01167],[-123.904695,55.019402],[-123.888776,55.037765],[-123.863129,55.046946],[-123.830408,55.04453],[-123.810952,55.037765],[-123.816258,54.997656],[-123.794149,54.99524],[-123.761427,54.974461],[-123.758774,54.964314],[-123.726937,54.955132],[-123.720746,54.943052],[-123.690678,54.923239],[-123.657956,54.92034],[-123.633194,54.935803],[-123.63231,54.949334],[-123.619929,54.955132],[-123.58986,54.946434],[-123.56156,54.95175],[-123.550064,54.958032],[-123.537683,54.986059],[-123.515573,55.016986],[-123.495233,55.019885],[-123.454552,55.01457],[-123.433327,55.020852],[-123.41564,55.032932],[-123.406796,55.057577],[-123.41564,55.071107],[-123.413871,55.086088],[-123.396184,55.103001],[-123.417409,55.121847],[-123.418293,55.147941],[-123.392646,55.171136],[-123.413871,55.202063],[-123.418293,55.218976],[-123.412987,55.234922],[-123.430674,55.241687],[-123.457205,55.270198],[-123.461627,55.286628],[-123.494349,55.314172],[-123.534145,55.327702],[-123.549179,55.318038],[-123.568635,55.312722],[-123.609316,55.310789],[-123.645575,55.30644],[-123.711903,55.290494],[-123.741971,55.287594],[-123.772924,55.299192],[-123.796802,55.32432],[-123.851633,55.3393],[-123.860476,55.346548],[-123.862245,55.365394],[-123.874626,55.400187],[-123.906463,55.429181],[-123.894967,55.46494],[-123.901157,55.483302],[-123.885239,55.49345],[-123.884354,55.503598],[-123.910885,55.527759],[-123.928573,55.554337],[-123.994016,55.549988],[-124.018778,55.535974],[-124.050615,55.54129],[-124.093065,55.568834],[-124.123133,55.639869],[-124.153202,55.64905],[-124.167352,55.668862],[-124.181501,55.670795],[-124.192114,55.683359],[-124.23191,55.684326],[-124.247829,55.689158],[-124.267285,55.686742],[-124.297353,55.69544],[-124.307966,55.706071],[-124.322116,55.733615],[-124.334497,55.74038],[-124.327422,55.753911],[-124.346878,55.768891],[-124.35749,55.78677],[-124.349531,55.817214],[-124.333612,55.832194],[-124.33715,55.843308],[-124.360143,55.869886],[-124.374293,55.879067],[-124.381368,55.89598],[-124.376946,55.903229],[-124.383137,55.918209],[-124.400824,55.938505],[-124.399056,55.950585],[-124.431777,55.954934],[-124.430893,55.968948],[-124.444158,55.987311],[-124.440621,55.998908],[-124.484839,56.042882],[-124.49722,56.067044],[-124.492798,56.089272],[-124.478649,56.107152],[-124.475111,56.118749],[-124.483955,56.129863],[-124.504295,56.13228],[-124.531711,56.126964],[-124.590079,56.122132],[-124.623685,56.116333],[-124.660828,56.116333],[-124.715659,56.133729],[-124.768721,56.170455],[-124.795252,56.199932],[-124.83328,56.22361],[-124.894301,56.242456],[-124.923485,56.244389],[-124.946479,56.24004],[-124.980084,56.229409],[-124.985391,56.215395],[-124.998656,56.210563],[-125.04199,56.203314],[-125.060562,56.207663],[-125.053487,56.228926],[-125.064099,56.263235],[-125.09063,56.276765],[-125.11893,56.303826],[-125.157842,56.300444],[-125.188795,56.294645],[-125.234782,56.265168],[-125.245394,56.250671],[-125.292266,56.247288],[-125.313491,56.248738],[-125.324987,56.243906],[-125.378049,56.253087],[-125.403696,56.253087],[-125.457642,56.233275],[-125.574379,56.169005],[-125.608869,56.153058],[-125.6354,56.151126],[-125.64955,56.157408],[-125.653087,56.169005],[-125.646897,56.197032],[-125.645128,56.226026],[-125.656625,56.228442],[-125.737987,56.19075],[-125.804314,56.169488],[-125.865335,56.145327],[-125.931663,56.14726],[-125.955541,56.142911],[-125.971459,56.166106],[-125.972344,56.185918],[-125.982956,56.214429],[-125.980303,56.245839],[-126.043093,56.254537],[-126.098808,56.265651],[-126.116496,56.271933],[-126.19432,56.342485],[-126.196089,56.350216],[-126.162483,56.36568],[-126.133299,56.376311],[-126.100577,56.39274],[-126.090849,56.403855],[-126.101461,56.4256],[-126.182823,56.464742],[-126.196089,56.47344],[-126.193435,56.481171],[-126.142142,56.529494],[-126.142142,56.539159],[-126.158945,56.554622],[-126.160714,56.56332],[-126.143027,56.576851],[-126.142142,56.583616],[-126.15983,56.591831],[-126.170442,56.612127],[-126.189014,56.625174],[-126.231463,56.647402],[-126.296022,56.671081],[-126.331397,56.677363],[-126.378268,56.671081],[-126.418065,56.654651],[-126.449017,56.655134],[-126.48793,56.664799],[-126.57106,56.713605],[-126.674531,56.771592],[-126.693103,56.774975],[-126.71698,56.766277],[-126.766505,56.724719],[-126.811608,56.680262],[-126.85671,56.677363],[-126.902697,56.692343],[-126.92746,56.684611],[-126.930997,56.667698],[-126.992903,56.632422],[-127.038006,56.617925],[-127.066305,56.613093],[-127.100796,56.613576],[-127.129095,56.626624],[-127.152973,56.652718],[-127.188348,56.696692],[-127.207804,56.730035],[-127.221954,56.745981],[-127.268825,56.732934],[-127.333384,56.705873],[-127.362568,56.689927],[-127.405018,56.676396],[-127.41563,56.676879],[-127.454542,56.693309],[-127.532367,56.740666],[-127.513795,56.75033],[-127.523523,56.773042],[-127.566857,56.803969],[-127.574816,56.821365],[-127.603116,56.833929],[-127.61815,56.846493],[-127.611075,56.853258],[-127.572163,56.853741],[-127.564204,56.861473],[-127.604,56.889017],[-127.59781,56.901098],[-127.544748,56.931541],[-127.535904,56.95377],[-127.54121,56.969233],[-127.561551,56.976965],[-127.605769,56.978415],[-127.677403,56.976965],[-127.706587,56.990979],[-127.733118,57.019489],[-127.738424,57.035436],[-127.738424,57.06153],[-127.730465,57.109853],[-127.716315,57.132565],[-127.696859,57.14078],[-127.602231,57.151411],[-127.558013,57.160109],[-127.521754,57.17074],[-127.476651,57.195868],[-127.466923,57.209882],[-127.47842,57.261587],[-127.490801,57.303628],[-127.489033,57.322474],[-127.480189,57.335521],[-127.411208,57.382878],[-127.374065,57.418154],[-127.34665,57.424436],[-127.312159,57.438932],[-127.303316,57.446664],[-127.305084,57.462128],[-127.325425,57.482423],[-127.297125,57.492088],[-127.293588,57.49837],[-127.328962,57.509484],[-127.343112,57.531229],[-127.342228,57.549109],[-127.305084,57.580036],[-127.283859,57.575686],[-127.272363,57.587767],[-127.271478,57.603231],[-127.246716,57.605647],[-127.181273,57.597432],[-127.145014,57.577619],[-127.137939,57.562639],[-127.15032,57.536062],[-127.134402,57.530746],[-127.092836,57.52833],[-127.076033,57.512383],[-127.057462,57.507068],[-127.022087,57.5148],[-126.987597,57.52978],[-126.969909,57.534129],[-126.877051,57.549109],[-126.837254,57.558773],[-126.796573,57.566022],[-126.784192,57.57617],[-126.80188,57.5926],[-126.83637,57.610962],[-126.868207,57.633191],[-126.869976,57.639956],[-126.849635,57.65397],[-126.83637,57.667983],[-126.839907,57.679581],[-126.852289,57.688279],[-126.918616,57.69891],[-126.938072,57.707125],[-126.945147,57.716306],[-126.953991,57.744334],[-126.981406,57.760763],[-126.979637,57.77816],[-126.959297,57.797006],[-126.93365,57.797489],[-126.869092,57.785408],[-126.851404,57.79169],[-126.85671,57.805221],[-126.87882,57.829865],[-126.887663,57.867557],[-126.915963,57.891235],[-126.934535,57.898001],[-126.93365,57.906216],[-126.970794,57.933276],[-126.969909,57.949223],[-126.979637,57.961304],[-126.953991,57.975801],[-126.951338,57.989331],[-126.907119,57.994647],[-126.868207,58.003345],[-126.81603,58.009143],[-126.772696,58.011076],[-126.732015,58.018325],[-126.702831,58.027023],[-126.692218,58.023157],[-126.683375,58.006244],[-126.663034,57.990781],[-126.603782,57.960337],[-126.558679,57.952122],[-126.517998,57.941008],[-126.498542,57.942458],[-126.434868,57.934726],[-126.422486,57.923612],[-126.385343,57.926028],[-126.365887,57.91443],[-126.316362,57.861758],[-126.288947,57.85451],[-126.268607,57.855476],[-126.25711,57.867074],[-126.243844,57.901383],[-126.229694,57.911531],[-126.22881,57.93376],[-126.213776,57.943424],[-126.182823,57.944391],[-126.163367,57.938592],[-126.140373,57.922162],[-126.077583,57.913464],[-126.053706,57.930377],[-126.06874,57.952122],[-126.043977,57.967102],[-125.9918,57.971452],[-125.974997,57.967102],[-125.916629,57.980633],[-125.890098,57.979666],[-125.875948,57.973868],[-125.837036,57.979183],[-125.806967,57.973868],[-125.797239,57.966136],[-125.798124,57.943424],[-125.784858,57.931343],[-125.78928,57.922645],[-125.767171,57.908148],[-125.766286,57.889786],[-125.747715,57.865624],[-125.736218,57.862242],[-125.699959,57.86804],[-125.674312,57.888336],[-125.656625,57.895101],[-125.664584,57.902833],[-125.653087,57.922162],[-125.620366,57.937142],[-125.608869,57.932793],[-125.593835,57.91443],[-125.563766,57.918296],[-125.488595,57.941008],[-125.491248,57.94874],[-125.463833,57.96082],[-125.451452,57.971452],[-125.386893,57.988848],[-125.329409,57.994647],[-125.250701,58.005278],[-125.203829,58.022191],[-125.145461,58.02364],[-125.095052,58.019291],[-125.034031,58.001895],[-125.004847,57.987398],[-124.982738,57.981599],[-124.924369,57.984499],[-124.962397,58.006727],[-124.968588,58.016392],[-124.956207,58.025573],[-124.927022,58.02364],[-124.917294,58.030406],[-124.927022,58.053601],[-124.919063,58.073896],[-124.875729,58.103856],[-124.860695,58.125119],[-124.87396,58.139615],[-124.883689,58.16426],[-124.874845,58.174408],[-124.850083,58.185039],[-124.830627,58.198569],[-124.829742,58.207268],[-124.849198,58.221281],[-124.880151,58.223214],[-124.892532,58.230463],[-124.898723,58.24351],[-124.91641,58.256074],[-124.926138,58.253174],[-124.951785,58.230946],[-124.992466,58.232879],[-125.038453,58.241577],[-125.057024,58.235295],[-125.119814,58.238678],[-125.141924,58.236261],[-125.160495,58.243993],[-125.201176,58.239161],[-125.218863,58.256074],[-125.263966,58.282168],[-125.275463,58.300531],[-125.288728,58.302947],[-125.328525,58.277819],[-125.356825,58.279269],[-125.354172,58.2899],[-125.377165,58.298598],[-125.390431,58.315028],[-125.439071,58.341122],[-125.462064,58.335323],[-125.480636,58.308746],[-125.517779,58.308746],[-125.55227,58.319377],[-125.584991,58.312612],[-125.610638,58.313095],[-125.650434,58.303913],[-125.717646,58.307296],[-125.750368,58.323726],[-125.77513,58.321793],[-125.784858,58.345954],[-125.824655,58.35272],[-125.835267,58.360935],[-125.822886,58.369633],[-125.835267,58.38123],[-125.844995,58.400559],[-125.857376,58.41264],[-125.89452,58.412157],[-125.909554,58.402009],[-125.930779,58.395244],[-125.999759,58.406841],[-126.014793,58.406358],[-126.059896,58.420372],[-126.070508,58.449366],[-126.110305,58.460963],[-126.13772,58.464829],[-126.178401,58.484158],[-126.207585,58.49334],[-126.231463,58.512669],[-126.250035,58.52185],[-126.284525,58.549394],[-126.303097,58.572106],[-126.303097,58.5982],[-126.332281,58.609798],[-126.40303,58.596751],[-126.44548,58.603516],[-126.468473,58.600133],[-126.487045,58.604966],[-126.551604,58.579354],[-126.58521,58.580321],[-126.60555,58.585153],[-126.637387,58.603516],[-126.666572,58.628161],[-126.700178,58.648939],[-126.743511,58.667302],[-126.793036,58.668269],[-126.835486,58.662953],[-126.873513,58.636859],[-126.897391,58.630577],[-126.914194,58.638792],[-126.907119,58.66102],[-126.887663,58.677933],[-126.87086,58.685182],[-126.839907,58.707893],[-126.834601,58.721907],[-126.879704,58.761049],[-126.895623,58.777962],[-126.931882,58.796808],[-126.948685,58.808888],[-126.970794,58.814204],[-127.0044,58.804539],[-127.021203,58.806472],[-127.050387,58.834016],[-127.05923,58.850446],[-127.052155,58.862527],[-127.034468,58.872192],[-126.992019,58.9094],[-126.943378,58.971737],[-126.952222,58.980435],[-126.944263,59.000247],[-126.951338,59.024892],[-126.976984,59.043738],[-126.978753,59.05002],[-126.966372,59.075148],[-126.975216,59.085296],[-126.972562,59.103175],[-126.988481,59.118639],[-127.027393,59.133136],[-127.068074,59.133619],[-127.098143,59.120572],[-127.113177,59.120572],[-127.170661,59.140384],[-127.193654,59.15923],[-127.19277,59.182425],[-127.208688,59.208036],[-127.222838,59.217217],[-127.22726,59.242345],[-127.279438,59.28197],[-127.291819,59.304682],[-127.333384,59.346723],[-127.342228,59.378616],[-127.369643,59.400361],[-127.414746,59.447718],[-127.428011,59.45545],[-127.444814,59.479128],[-127.446583,59.488793],[-127.483726,59.514887],[-127.494339,59.529867],[-127.532367,59.534216],[-127.546516,59.556928],[-127.573047,59.569975],[-127.592503,59.597036],[-127.677403,59.612983],[-127.727812,59.629896],[-127.751689,59.655507],[-127.752574,59.666621],[-127.777336,59.675319],[-127.797676,59.695132],[-127.785295,59.701414],[-127.799445,59.711078],[-127.80033,59.731857],[-127.810942,59.759401],[-127.787064,59.771965],[-127.802983,59.785495],[-127.761417,59.799509],[-127.75788,59.811107],[-127.769377,59.82802],[-127.758764,59.842517],[-127.735771,59.842517],[-127.70924,59.848315],[-127.672981,59.850731],[-127.6606,59.855081],[-127.655293,59.880208],[-127.677403,59.893256],[-127.728696,59.895672],[-127.730465,59.993284],[-127.725158,60.000049]]}},{"type":"Feature","properties":{},"geometry":{"type":"LineString","coordinates":[[-123.30421,49.142363],[-123.299788,49.259305]]}},{"type":"Feature","properties":{},"geometry":{"type":"LineString","coordinates":[[-123.299788,49.259305],[-123.256454,49.256405],[-123.252916,49.25109],[-123.221964,49.237076],[-123.226385,49.228861],[-123.180398,49.215814],[-123.163595,49.213398],[-123.139718,49.219197]]}},{"type":"Feature","properties":{},"geometry":{"type":"LineString","coordinates":[[-123.139718,49.219197],[-123.116724,49.219197],[-123.117608,49.203733]]}},{"type":"Feature","properties":{},"geometry":{"type":"LineString","coordinates":[[-123.117608,49.203733],[-123.125568,49.200351],[-123.114071,49.184404],[-123.114071,49.170391],[-123.13618,49.170391],[-123.137064,49.140914],[-123.30421,49.142363]]}},{"type":"Feature","properties":{},"geometry":{"type":"LineString","coordinates":[[-123.117608,49.203733],[-123.091077,49.205183]]}},{"type":"Feature","properties":{},"geometry":{"type":"LineString","coordinates":[[-123.091077,49.205183],[-123.076043,49.208083],[-123.019444,49.198901],[-122.986722,49.182955],[-122.969919,49.181988],[-122.957538,49.190203]]}},{"type":"Feature","properties":{},"geometry":{"type":"LineString","coordinates":[[-123.299788,49.103705],[-123.305094,49.104188],[-123.30421,49.142363]]}},{"type":"Feature","properties":{},"geometry":{"type":"LineString","coordinates":[[-123.357272,49.00271],[-123.31836,49.000294]]}},{"type":"Feature","properties":{},"geometry":{"type":"LineString","coordinates":[[-123.189242,48.503051],[-123.343122,48.503534],[-123.309516,48.499185],[-123.298904,48.48952],[-123.303325,48.47309],[-123.332509,48.468741],[-123.333394,48.447962],[-123.351081,48.450378]]}},{"type":"Feature","properties":{},"geometry":{"type":"LineString","coordinates":[[-118.510058,49.812603],[-118.304885,49.81212],[-118.31196,49.823717],[-118.286314,49.819851],[-118.264204,49.804388],[-118.266857,49.786992],[-118.257129,49.784575],[-118.255361,49.762347],[-118.236789,49.754615],[-118.236789,49.734803],[-118.230598,49.718373],[-118.212027,49.709675],[-118.194339,49.711608],[-118.190802,49.727554],[-118.155427,49.726588],[-118.113862,49.713057],[-118.099712,49.70291],[-118.077603,49.708225],[-118.066991,49.697594],[-118.021004,49.692279],[-118.003316,49.692279],[-117.987398,49.679231],[-117.987398,49.664734],[-118.005969,49.652654],[-118.000663,49.629942],[-118.001548,49.612062],[-118.010391,49.597566],[-118.015697,49.570505],[-117.998894,49.559874],[-117.975901,49.552142],[-117.960867,49.552142],[-117.952907,49.540544],[-117.93522,49.532813],[-117.903383,49.529913],[-117.885695,49.532813],[-117.868893,49.546343],[-117.846783,49.539095],[-117.822905,49.508651],[-117.794606,49.504785],[-117.783109,49.498987],[-117.752156,49.49802],[-117.727394,49.479658],[-117.722088,49.455496],[-117.692019,49.433268],[-117.692019,49.418287],[-117.601814,49.418287],[-117.581473,49.42167],[-117.581473,49.4352],[-117.562902,49.439066],[-117.518683,49.440033],[-117.516915,49.435684]]}},{"type":"Feature","properties":{},"geometry":{"type":"LineString","coordinates":[[-139.052126,60.000049],[-138.749673,60.000049],[-138.500281,60.000049],[-138.250005,60.000049],[-137.99973,60.000049],[-137.750338,60.000049],[-137.500063,60.000049],[-137.249787,60.000049],[-137.000395,60.000049],[-136.75012,60.000049],[-136.499844,60.000049],[-136.249568,60.000049],[-136.000177,60.000049],[-135.749901,60.000049],[-135.499625,60.000049],[-135.250234,60.000049],[-134.999958,60.000049],[-134.749682,60.000049],[-134.500291,60.000049],[-134.250015,60.000049],[-133.99974,60.000049],[-133.750348,60.000049],[-133.500072,60.000049],[-133.249797,60.000049],[-133.000405,60.000049],[-132.75013,60.000049],[-132.499854,60.000049],[-132.249578,60.000049],[-132.000187,60.000049],[-131.749911,60.000049],[-131.499635,60.000049],[-131.250244,60.000049],[-130.999968,60.000049],[-130.749692,60.000049],[-130.500301,60.000049],[-130.250025,60.000049],[-129.999749,60.000049],[-129.750358,60.000049],[-129.500082,60.000049],[-129.249806,60.000049],[-129.000415,60.000049],[-128.750139,60.000049],[-128.499864,60.000049],[-128.249588,60.000049],[-128.000196,60.000049],[-127.725158,60.000049]]}},{"type":"Feature","properties":{},"geometry":{"type":"LineString","coordinates":[[-122.868217,49.108054],[-122.841686,49.108054],[-122.817808,49.104671]]}},{"type":"Feature","properties":{},"geometry":{"type":"LineString","coordinates":[[-122.823114,49.163142],[-122.890326,49.163142]]}},{"type":"Feature","properties":{},"geometry":{"type":"LineString","coordinates":[[-123.16448,49.2825],[-123.162711,49.316809],[-123.137949,49.315843]]}},{"type":"Feature","properties":{},"geometry":{"type":"LineString","coordinates":[[-123.102574,49.297963],[-123.110533,49.281533],[-123.104343,49.269453]]}},{"type":"Feature","properties":{},"geometry":{"type":"LineString","coordinates":[[-123.104343,49.269453],[-123.129105,49.269936],[-123.149446,49.282017]]}},{"type":"Feature","properties":{},"geometry":{"type":"LineString","coordinates":[[-123.149446,49.282017],[-123.16448,49.2825]]}},{"type":"Feature","properties":{},"geometry":{"type":"LineString","coordinates":[[-123.023866,49.258338],[-123.100805,49.256405]]}},{"type":"Feature","properties":{},"geometry":{"type":"LineString","coordinates":[[-123.100805,49.256405],[-123.104343,49.269453]]}},{"type":"Feature","properties":{},"geometry":{"type":"LineString","coordinates":[[-123.091077,49.205183],[-123.091077,49.225479]]}},{"type":"Feature","properties":{},"geometry":{"type":"LineString","coordinates":[[-123.091077,49.225479],[-123.076928,49.232727],[-123.023866,49.232244]]}},{"type":"Feature","properties":{},"geometry":{"type":"LineString","coordinates":[[-123.100805,49.256405],[-123.10169,49.225479],[-123.091077,49.225479]]}},{"type":"Feature","properties":{},"geometry":{"type":"LineString","coordinates":[[-123.139718,49.219197],[-123.139718,49.234177],[-123.155636,49.23466],[-123.149446,49.282017]]}},{"type":"Feature","properties":{},"geometry":{"type":"LineString","coordinates":[[-123.299788,49.259305],[-123.298904,49.284433],[-123.16448,49.2825]]}},{"type":"Feature","properties":{},"geometry":{"type":"LineString","coordinates":[[-141.010114,69.689286],[-140.699701,69.650628],[-140.49099,69.627433],[-140.314117,69.62695],[-140.230102,69.636614],[-140.130169,69.64338],[-140.041732,69.653044],[-139.967445,69.652561],[-139.851593,69.639031],[-139.716285,69.617768],[-139.481928,69.583942],[-139.413832,69.586358],[-139.356348,69.591674],[-139.314783,69.604238],[-139.19274,69.654977],[-139.131719,69.668991],[-139.056548,69.674306],[-138.991105,69.666091],[-138.920355,69.653044],[-138.831034,69.62695],[-138.777972,69.59699],[-138.762054,69.575727],[-138.808925,69.552532],[-138.894709,69.543834],[-138.956614,69.527404],[-138.984914,69.507592],[-138.970764,69.48633],[-138.94158,69.460236],[-138.868178,69.428826],[-138.717835,69.383885],[-138.617902,69.345227],[-138.539193,69.324448],[-138.455179,69.322998],[-138.372932,69.312851],[-138.290686,69.284823],[-138.221706,69.251964],[-138.172181,69.217171],[-138.09082,69.177546],[-137.980274,69.139371],[-137.654827,69.060605],[-137.375367,69.013731],[-137.241828,69.005516],[-137.171078,68.996818],[-137.056995,68.976523],[-136.953524,68.942213],[-136.902231,68.930133],[-136.832366,68.908871],[-136.747467,68.905005],[-136.672295,68.9253],[-136.613927,68.934482],[-136.468891,68.894374],[-136.468007,68.729592],[-136.466238,68.479279],[-136.465354,68.303384],[-136.461816,68.065635],[-136.458279,67.812906],[-136.448551,67.649574],[-136.415829,67.63991],[-136.377801,67.639426],[-136.35923,67.628312],[-136.290249,67.634111],[-136.279637,67.621064],[-136.241609,67.610916],[-136.200044,67.561626],[-136.218615,67.531183],[-136.218615,67.513303],[-136.169975,67.503639],[-136.201812,67.481894],[-136.178819,67.457732],[-136.204466,67.439369],[-136.201812,67.41859],[-136.222153,67.405543],[-136.186778,67.393463],[-136.169091,67.377999],[-136.139907,67.366402],[-136.146097,67.34514],[-136.135485,67.330159],[-136.086845,67.300682],[-136.110723,67.288602],[-136.127526,67.273622],[-136.137254,67.232547],[-136.235418,67.172627],[-136.221268,67.153781],[-136.1912,67.144116],[-136.232765,67.106907],[-136.200044,67.061484],[-136.215962,67.050853],[-136.181472,67.034906],[-136.164669,67.000114],[-135.749901,67.000114],[-135.287377,67.000114],[-134.924787,67.000114],[-134.512672,67.000114],[-134.12532,67.000114],[-133.829941,67.000114],[-133.846744,66.983684],[-133.901575,66.981751],[-134.013889,66.985617],[-134.066951,66.974986],[-134.118245,66.957106],[-134.091714,66.936811],[-134.000624,66.909266],[-133.94314,66.905401],[-133.890078,66.883655],[-133.889194,66.869158],[-133.850282,66.855145],[-133.852935,66.842098],[-133.832594,66.826151],[-133.787492,66.81697],[-133.760076,66.801023],[-133.775995,66.765264],[-133.80341,66.743035],[-133.832594,66.733854],[-133.846744,66.72274],[-133.805179,66.705344],[-133.761845,66.692296],[-133.747695,66.678766],[-133.761845,66.664269],[-133.793682,66.649289],[-133.761845,66.634309],[-133.717627,66.625127],[-133.696402,66.59565],[-133.676946,66.583086],[-133.637149,66.576321],[-133.582319,66.562308],[-133.588509,66.549744],[-133.690211,66.527998],[-133.693749,66.503354],[-133.609734,66.436185],[-133.638918,66.429903],[-133.73443,66.440534],[-133.766267,66.417822],[-133.768036,66.366116],[-133.811369,66.340988],[-133.835247,66.31731],[-133.821982,66.302813],[-133.785723,66.295565],[-133.626537,66.298464],[-133.58055,66.2859],[-133.553134,66.256906],[-133.5664,66.236128],[-133.568169,66.209067],[-133.548713,66.169925],[-133.570822,66.149629],[-133.601775,66.134166],[-133.65749,66.121602],[-133.679599,66.097441],[-133.691096,66.071346],[-133.681368,66.059266],[-133.638034,66.060232],[-133.598237,66.056366],[-133.602659,66.038003],[-133.634496,65.994513],[-133.662796,65.981466],[-133.658374,65.95972],[-133.621231,65.941841],[-133.5947,65.936042],[-133.555788,65.951989],[-133.525719,65.954405],[-133.486807,65.942324],[-133.44701,65.933626],[-133.405445,65.938941],[-133.323199,65.970351],[-133.268368,65.995962],[-133.19585,66.007077],[-133.152516,66.019641],[-133.127754,66.030755],[-133.05612,66.019157],[-133.004827,66.016741],[-132.920812,66.020607],[-132.911969,66.001761],[-132.962378,65.960687],[-133.02163,65.918646],[-132.996868,65.908498],[-132.909316,65.883853],[-132.836797,65.900283],[-132.80496,65.920579],[-132.799654,65.950539],[-132.705911,65.989197],[-132.656387,66.015775],[-132.61659,66.02254],[-132.56795,66.023023],[-132.540535,66.014808],[-132.51931,65.998862],[-132.494548,65.971801],[-132.460057,65.9747],[-132.426451,65.982432],[-132.377811,65.989197],[-132.350396,65.952472],[-132.460942,65.930726],[-132.530807,65.906082],[-132.577678,65.875638],[-132.59625,65.856792],[-132.563528,65.830215],[-132.51931,65.819584],[-132.48482,65.801221],[-132.41407,65.788657],[-132.375158,65.766428],[-132.354818,65.747099],[-132.313252,65.739851],[-132.283184,65.704575],[-132.298218,65.685729],[-132.244272,65.666883],[-132.199169,65.61856],[-132.168216,65.602614],[-132.19121,65.574586],[-132.215088,65.553324],[-132.283184,65.500652],[-132.275225,65.457645],[-132.315021,65.447014],[-132.349511,65.429617],[-132.376042,65.402557],[-132.445907,65.38806],[-132.504276,65.36873],[-132.536997,65.350368],[-132.554685,65.315092],[-132.566181,65.284165],[-132.657271,65.278366],[-132.669652,65.259521],[-132.747476,65.227144],[-132.706796,65.199117],[-132.764279,65.196701],[-132.773123,65.18317],[-132.727136,65.158526],[-132.656387,65.140646],[-132.59625,65.146445],[-132.554685,65.17109],[-132.509582,65.173506],[-132.534344,65.121317],[-132.542303,65.089907],[-132.51931,65.081692],[-132.459173,65.081209],[-132.336246,65.060913],[-132.338015,65.038201],[-132.405227,65.010174],[-132.41407,64.984563],[-132.490126,64.962334],[-132.49101,64.935757],[-132.46271,64.901447],[-132.481282,64.884051],[-132.511351,64.866172],[-132.586522,64.834762],[-132.628087,64.829446],[-132.559106,64.796103],[-132.545841,64.770009],[-132.512235,64.774358],[-132.464479,64.788855],[-132.42203,64.777741],[-132.356586,64.783056],[-132.299103,64.761311],[-132.215972,64.742948],[-132.123998,64.703806],[-132.03733,64.696558],[-131.981615,64.631805],[-131.938281,64.590248],[-131.896716,64.566086],[-131.830388,64.54869],[-131.855151,64.538059],[-131.838348,64.525495],[-131.80651,64.53371],[-131.684468,64.521146],[-131.707461,64.508098],[-131.675624,64.485387],[-131.716305,64.475722],[-131.825082,64.4245],[-131.82862,64.401305],[-131.858688,64.381492],[-131.808279,64.368928],[-131.765829,64.380043],[-131.721611,64.370378],[-131.676508,64.377143],[-131.623446,64.353465],[-131.578344,64.369895],[-131.559772,64.383425],[-131.518207,64.379076],[-131.503173,64.389707],[-131.450995,64.39164],[-131.420042,64.411453],[-131.431539,64.43803],[-131.372286,64.451077],[-131.380246,64.435614],[-131.295346,64.446728],[-131.225481,64.4216],[-131.147657,64.403721],[-131.110514,64.37666],[-131.068064,64.361197],[-131.062758,64.328337],[-131.026499,64.304659],[-131.078677,64.284846],[-131.07337,64.272766],[-130.982281,64.250537],[-130.946906,64.222993],[-130.938062,64.200281],[-130.944253,64.185784],[-130.87085,64.185784],[-130.859354,64.171771],[-130.905341,64.14616],[-130.953097,64.140844],[-130.968131,64.130213],[-130.95575,64.1133],[-130.883232,64.08189],[-130.869966,64.032117],[-130.808945,64.040332],[-130.723161,64.026802],[-130.771801,64.008922],[-130.775339,63.976063],[-130.717855,63.963499],[-130.688671,63.946102],[-130.630303,63.947552],[-130.592275,63.921941],[-130.5569,63.916625],[-130.538329,63.925807],[-130.442817,63.891014],[-130.411864,63.869752],[-130.394177,63.852839],[-130.369415,63.84849],[-130.339346,63.813214],[-130.308393,63.822879],[-130.245603,63.836409],[-130.240297,63.855739],[-130.218188,63.869269],[-130.185466,63.854289],[-130.143901,63.861537],[-130.109411,63.839309],[-130.132404,63.829161],[-130.129751,63.810798],[-130.137711,63.799201],[-130.105873,63.78712],[-130.101452,63.75426],[-130.121792,63.743146],[-130.189888,63.74218],[-130.215535,63.718018],[-130.269481,63.713669],[-130.318121,63.713669],[-130.339346,63.690957],[-130.309278,63.67791],[-130.307509,63.665346],[-130.268597,63.644567],[-130.232338,63.647467],[-130.105873,63.688541],[-130.072267,63.682742],[-130.091723,63.660514],[-130.099683,63.632486],[-130.081111,63.607842],[-130.043083,63.604459],[-130.010362,63.613157],[-129.962606,63.609775],[-129.928116,63.591895],[-129.959953,63.565801],[-129.897163,63.552754],[-129.870632,63.521827],[-129.784848,63.44596],[-129.874169,63.457557],[-129.885666,63.435812],[-129.90866,63.417449],[-129.86621,63.367193],[-129.923694,63.344482],[-129.990021,63.327569],[-130.04043,63.329985],[-130.058118,63.304374],[-130.108526,63.305823],[-130.14567,63.28891],[-130.129751,63.266682],[-130.158051,63.24252],[-130.104105,63.24397],[-130.04839,63.252185],[-130.013899,63.236238],[-129.987368,63.199029],[-129.942266,63.183083],[-129.910428,63.192264],[-129.895394,63.178251],[-129.870632,63.171969],[-129.868863,63.157472],[-129.844985,63.131861],[-129.813148,63.103833],[-129.821107,63.082571],[-129.773352,63.076772],[-129.74063,63.060343],[-129.673418,63.061792],[-129.613281,63.072907],[-129.588519,63.04198],[-129.607975,63.010087],[-129.637159,62.97916],[-129.64954,62.953066],[-129.678724,62.940985],[-129.675187,62.926488],[-129.709677,62.907642],[-129.68403,62.875749],[-129.750358,62.881064],[-129.743283,62.83854],[-129.701718,62.82211],[-129.665459,62.814379],[-129.665459,62.795533],[-129.607975,62.749626],[-129.590288,62.70082],[-129.56641,62.681007],[-129.530151,62.681974],[-129.526613,62.668927],[-129.485048,62.662645],[-129.505388,62.640416],[-129.462054,62.620604],[-129.464708,62.594992],[-129.485048,62.584845],[-129.523076,62.57518],[-129.522191,62.551985],[-129.482395,62.551019],[-129.453211,62.564549],[-129.439061,62.578079],[-129.386883,62.571314],[-129.356815,62.552951],[-129.324093,62.524441],[-129.274569,62.514293],[-129.212663,62.504629],[-129.186132,62.479501],[-129.159601,62.478534],[-129.173751,62.445191],[-129.222391,62.441325],[-129.243616,62.430694],[-129.23831,62.414265],[-129.285181,62.399768],[-129.263072,62.374157],[-129.18967,62.361593],[-129.214432,62.352411],[-129.255997,62.327766],[-129.264841,62.299739],[-129.246269,62.282343],[-129.269263,62.258181],[-129.221507,62.236436],[-129.204704,62.209375],[-129.163139,62.20406],[-129.194091,62.168301],[-129.237425,62.150904],[-129.235657,62.137857],[-129.199398,62.139307],[-129.176404,62.123844],[-129.128648,62.099682],[-129.072933,62.098232],[-129.034021,62.111763],[-128.998646,62.107897],[-128.972115,62.117078],[-128.9447,62.119011],[-128.920822,62.095333],[-128.851841,62.099199],[-128.820004,62.087601],[-128.809392,62.04846],[-128.730683,62.043144],[-128.719187,62.069239],[-128.687349,62.086635],[-128.668778,62.108863],[-128.635172,62.118045],[-128.598028,62.107414],[-128.549388,62.116112],[-128.51136,62.100165],[-128.437074,62.054742],[-128.410543,62.042661],[-128.388433,62.019949],[-128.347753,62.014634],[-128.356596,61.990955],[-128.350406,61.973559],[-128.307072,61.96776],[-128.304419,61.948914],[-128.248703,61.936834],[-128.208023,61.887061],[-128.188567,61.82859],[-128.149654,61.837772],[-128.10632,61.831006],[-128.054143,61.832456],[-128.020537,61.823758],[-128.014346,61.804912],[-127.986047,61.791382],[-128.017884,61.76722],[-128.012578,61.753206],[-128.047068,61.728562],[-127.982509,61.701984],[-127.961284,61.689903],[-127.91176,61.669608],[-127.881691,61.667675],[-127.833051,61.6295],[-127.766724,61.594224],[-127.718968,61.584076],[-127.668559,61.582626],[-127.628762,61.546867],[-127.622572,61.532371],[-127.56951,61.523672],[-127.469576,61.485014],[-127.422705,61.496612],[-127.389099,61.496612],[-127.363452,61.491296],[-127.316581,61.499994],[-127.237872,61.499994],[-127.202498,61.489846],[-127.191885,61.461336],[-127.168007,61.45602],[-127.102564,61.457953],[-127.093721,61.437658],[-127.084877,61.387402],[-127.091068,61.368072],[-127.029162,61.361307],[-127.021203,61.338112],[-127.033584,61.322649],[-127.020318,61.287856],[-126.999978,61.251131],[-126.99644,61.222137],[-126.953106,61.214889],[-126.9761,61.17768],[-126.961066,61.168015],[-127.012359,61.137572],[-126.984059,61.121625],[-127.040659,61.102779],[-127.042427,61.082001],[-127.072496,61.066537],[-127.042427,61.030778],[-127.046849,61.017248],[-126.999093,61.025946],[-126.966372,61.050107],[-126.896507,61.040926],[-126.907119,61.0071],[-126.873513,60.964576],[-126.853173,60.931716],[-126.866438,60.895957],[-126.85671,60.870346],[-126.877051,60.848117],[-126.849635,60.832654],[-126.824873,60.831688],[-126.845214,60.77515],[-126.812492,60.75872],[-126.770042,60.748572],[-126.763852,60.763069],[-126.692218,60.768868],[-126.68249,60.753888],[-126.659497,60.750988],[-126.639156,60.730693],[-126.608203,60.739874],[-126.533032,60.782398],[-126.486161,60.800278],[-126.387112,60.765485],[-126.283641,60.75872],[-126.235001,60.769351],[-126.197857,60.782398],[-126.184592,60.796895],[-126.189898,60.811875],[-126.210238,60.834587],[-126.181054,60.841835],[-126.136836,60.843768],[-126.097039,60.85005],[-126.063434,60.8515],[-126.070508,60.832171],[-126.08289,60.813808],[-126.056359,60.795445],[-125.967038,60.789163],[-125.940507,60.804627],[-125.938738,60.830238],[-125.921051,60.848601],[-125.832614,60.88146],[-125.792817,60.868413],[-125.755674,60.845218],[-125.714109,60.830721],[-125.66989,60.803177],[-125.625672,60.809942],[-125.569073,60.801727],[-125.533698,60.812358],[-125.46737,60.78868],[-125.374512,60.766452],[-125.263966,60.768385],[-125.222401,60.796412],[-125.171108,60.809459],[-125.148114,60.832654],[-125.054371,60.832654],[-124.992466,60.839903],[-124.967703,60.849084],[-124.905798,60.839903],[-124.826205,60.837003],[-124.821783,60.853433],[-124.837701,60.89934],[-124.81913,60.919152],[-124.795252,60.932683],[-124.788177,60.954428],[-124.766068,60.958294],[-124.72804,60.938965],[-124.66525,60.938481],[-124.633413,60.926884],[-124.592732,60.94573],[-124.53967,60.938481],[-124.537017,60.91432],[-124.510486,60.86503],[-124.51137,60.839419],[-124.498105,60.825889],[-124.496336,60.802694],[-124.475995,60.79158],[-124.450349,60.786747],[-124.449464,60.764519],[-124.491914,60.728276],[-124.541439,60.718129],[-124.562663,60.695417],[-124.599807,60.687685],[-124.571507,60.641295],[-124.490145,60.592006],[-124.446811,60.572677],[-124.433546,60.542233],[-124.393749,60.519038],[-124.389328,60.458634],[-124.312388,60.459118],[-124.234563,60.453802],[-124.198304,60.44607],[-124.200957,60.397264],[-124.214223,60.364405],[-124.203611,60.350391],[-124.182386,60.3069],[-124.159392,60.290954],[-124.155855,60.266792],[-124.12048,60.238765],[-124.124018,60.205905],[-124.068302,60.168697],[-124.030275,60.147918],[-124.000206,60.109259],[-123.789727,60.000049]]}},{"type":"Feature","properties":{},"geometry":{"type":"LineString","coordinates":[[-128.942931,89.999427],[-109.835306,79.999957],[-109.835306,79.000155],[-109.832653,78.630484],[-109.831769,78.499529],[-109.830884,78.313969],[-109.830884,78.089267],[-109.830884,77.957345],[-109.830884,77.535002],[-109.834422,77.000067],[-109.836191,76.764251],[-109.835306,76.499441],[-109.834422,76.264109],[-109.833537,76.041823],[-109.831769,75.8379],[-109.830884,75.546996],[-109.831769,75.31118],[-109.832653,75.160895],[-109.830884,74.960355],[-109.830884,74.762714],[-109.831769,74.568456],[-109.831769,74.274652],[-109.830884,74.169308],[-109.830884,73.932526],[-109.834422,73.548841],[-109.837959,73.279199],[-109.839728,72.999892],[-109.841497,72.845259],[-109.843266,72.606544],[-109.846803,72.323854],[-109.846803,72.078374],[-109.847687,71.871551],[-109.849456,71.697589],[-109.852109,71.452108],[-109.852994,71.283461],[-109.853878,71.089686],[-109.855647,70.881414],[-109.857415,70.619503],[-109.8583,70.472118],[-109.859184,70.305887],[-109.860953,70.121294],[-109.861837,69.99807],[-111.998467,70.000969],[-112.510515,70.001453],[-112.518475,69.847786],[-112.818275,69.847302],[-112.82535,70.002419],[-112.935011,70.001936],[-113.84414,70.000003],[-113.862712,69.99952],[-114.50034,70.000003],[-116.353973,69.99952],[-117.022554,70.000486],[-117.01371,69.956512],[-116.924389,69.879679],[-116.755475,69.786416],[-116.465403,69.702817],[-120.724512,69.575244],[-120.723628,69.563647],[-120.605123,68.623282],[-120.593626,68.348807],[-120.590973,68.249262],[-120.593626,68.192241],[-120.630769,67.780046],[-120.014366,67.608016],[-119.670347,67.509438],[-119.333404,67.411342],[-118.816934,67.263474],[-118.594073,67.198721],[-118.208489,67.132519],[-117.777803,67.057135],[-117.401063,66.989966],[-117.065888,66.929079],[-117.038472,66.920381],[-116.630779,66.79764],[-115.012388,66.286867],[-114.313739,66.054916],[-112.583033,65.447014],[-111.600502,65.448947],[-110.538378,65.446047],[-109.678773,65.097639],[-109.442647,64.999543],[-109.025226,64.831379],[-108.927062,64.776774],[-108.837741,64.732317],[-108.271746,64.700424],[-107.665071,64.664182],[-107.039823,64.624074],[-106.58349,64.592664],[-106.103279,64.559321],[-105.812322,64.538059],[-105.355989,64.503749],[-104.874894,64.466058],[-104.410601,64.425466],[-104.000255,64.388258],[-103.656237,64.356364],[-103.32283,64.323988],[-102.923097,64.284846],[-102.503023,64.241839],[-101.999818,64.189167],[-101.999818,63.98766],[-101.999818,63.831094],[-101.999818,63.574982],[-101.999818,63.368643],[-101.999818,63.106249],[-101.999818,62.874782],[-101.999818,62.587261],[-101.999818,62.331149],[-101.999818,62.18763],[-101.999818,61.943599],[-101.999818,61.762388],[-101.999818,61.643513],[-101.999818,61.45602],[-101.999818,61.231318],[-101.999818,61.062671],[-101.999818,60.875178],[-101.999818,60.71233],[-101.999818,60.575093],[-101.999818,60.368754],[-101.999818,60.256161],[-101.999818,60.000049]]}}]}
