id,turn_id,kind,era_cohort,title,narrative,mechanical_delta,source,created_at
1,,founding,confederation,Baron Elliott of Glengarry founded,"Season 1 · Baron Elliott of Glengarry is created, seated at Kingston and the Islands.","{""season"": 1, ""stats"": {""capital"": 40, ""influence"": 35, ""cohesion"": 76, ""ambition"": 1}, ""community"": ""Irish Protestant (Orange)"", ""tag"": ""Mixed""}",engine,2026-09-08 13:29:24
2,,societal,confederation,Red River Resistance,Season 3 · Baron Elliott of Glengarry meets Red River Resistance and exploits.,"{""season"": 3, ""response"": ""Exploit"", ""roll"": 4, ""personal_year"": 1869, ""magnitude"": ""Major"", ""tag"": ""Mixed""}",engine,2026-09-08 13:29:24
3,,societal,confederation,Confederation Extension (Manitoba Act),Season 4 · Baron Elliott of Glengarry meets Confederation Extension (Manitoba Act) and resists.,"{""season"": 4, ""response"": ""Resist"", ""roll"": 2, ""personal_year"": 1870, ""magnitude"": ""Major"", ""tag"": ""Mixed""}",engine,2026-09-08 13:29:24
4,,founding,confederation,Viscount Wallace of Perth founded,"Season 4 · Viscount Wallace of Perth is created, seated at Niagara West.","{""season"": 4, ""stats"": {""capital"": 55, ""influence"": 27, ""cohesion"": 65, ""ambition"": 4}, ""community"": ""Toronto Industrial and Commercial"", ""tag"": ""Outside""}",engine,2026-09-08 13:29:24
5,,societal,confederation,British Columbia Joins; Treaty 1 Signed,Season 5 · Baron Elliott of Glengarry meets British Columbia Joins; Treaty 1 Signed and exploits.,"{""season"": 5, ""response"": ""Exploit"", ""roll"": 5, ""personal_year"": 1871, ""magnitude"": ""Significant"", ""tag"": ""Mixed""}",engine,2026-09-08 13:29:24
6,,founding,confederation,Baron Stefaniuk of Emerson founded,"Season 5 · Baron Stefaniuk of Emerson is created, seated at Provencher.","{""season"": 5, ""stats"": {""capital"": 48, ""influence"": 29, ""cohesion"": 62, ""ambition"": 8}, ""community"": ""Ukrainian"", ""tag"": ""Conservative""}",engine,2026-09-08 13:29:24
7,,other,confederation,Baron Elliott of Glengarry names an heir,Season 6 · Baron Elliott of Glengarry names Mary Elliott heir.,"{""season"": 6, ""heir_age"": 37, ""role"": ""heir""}",engine,2026-09-08 13:29:24
8,,societal,confederation,Red River Resistance,Season 6 · Viscount Wallace of Perth meets Red River Resistance and resists.,"{""season"": 6, ""response"": ""Resist"", ""roll"": 3, ""personal_year"": 1869, ""magnitude"": ""Major"", ""tag"": ""Mixed""}",engine,2026-09-08 13:29:24
9,,expansion,confederation,Viscount Wallace of Perth takes Haldimand—Norfolk,Season 6 · Viscount Wallace of Perth takes Haldimand—Norfolk.,"{""season"": 6, ""riding"": ""Haldimand\u2014Norfolk"", ""roll"": 9}",engine,2026-09-08 13:29:24
10,,other,confederation,Baron Stefaniuk of Emerson names an heir,Season 6 · Baron Stefaniuk of Emerson names Kost Stefaniuk heir.,"{""season"": 6, ""heir_age"": 41, ""role"": ""heir""}",engine,2026-09-08 13:29:24
11,,societal,confederation,Pacific Scandal,Season 7 · Baron Elliott of Glengarry meets Pacific Scandal and exploits.,"{""season"": 7, ""response"": ""Exploit"", ""roll"": 4, ""personal_year"": 1873, ""magnitude"": ""Significant"", ""tag"": ""Progressive""}",engine,2026-09-08 13:29:24
12,,societal,confederation,Confederation Extension (Manitoba Act),Season 7 · Viscount Wallace of Perth meets Confederation Extension (Manitoba Act) and resists.,"{""season"": 7, ""response"": ""Resist"", ""roll"": 3, ""personal_year"": 1870, ""magnitude"": ""Major"", ""tag"": ""Mixed""}",engine,2026-09-08 13:29:24
13,,relational,confederation,Viscount Wallace of Perth corresponds with Baron Stefaniuk of Emerson,Season 7 · Viscount Wallace of Perth opens a correspondence with Baron Stefaniuk of Emerson.,"{""season"": 7, ""marker"": ""\u25ce""}",engine,2026-09-08 13:29:24
14,,societal,confederation,Red River Resistance,Season 7 · Baron Stefaniuk of Emerson meets Red River Resistance and stands aside.,"{""season"": 7, ""response"": ""Neutral"", ""roll"": 1, ""personal_year"": 1869, ""magnitude"": ""Major"", ""tag"": ""Mixed""}",engine,2026-09-08 13:29:24
15,,societal,confederation,Long Depression Reaches Canada,Season 8 · Baron Elliott of Glengarry meets Long Depression Reaches Canada and resists.,"{""season"": 8, ""response"": ""Resist"", ""roll"": 2, ""personal_year"": 1874, ""magnitude"": ""Major"", ""tag"": ""Conservative""}",engine,2026-09-08 13:29:24
16,,societal,confederation,British Columbia Joins; Treaty 1 Signed,Season 8 · Viscount Wallace of Perth meets British Columbia Joins; Treaty 1 Signed and exploits.,"{""season"": 8, ""response"": ""Exploit"", ""roll"": 5, ""personal_year"": 1871, ""magnitude"": ""Significant"", ""tag"": ""Mixed""}",engine,2026-09-08 13:29:24
17,,other,confederation,Viscount Wallace of Perth names an heir,Season 8 · Viscount Wallace of Perth names George Wallace heir.,"{""season"": 8, ""heir_age"": 14, ""role"": ""heir""}",engine,2026-09-08 13:29:24
18,,societal,confederation,Confederation Extension (Manitoba Act),Season 8 · Baron Stefaniuk of Emerson meets Confederation Extension (Manitoba Act) and leads.,"{""season"": 8, ""response"": ""Lead"", ""roll"": 6, ""personal_year"": 1870, ""magnitude"": ""Major"", ""tag"": ""Mixed""}",engine,2026-09-08 13:29:24
19,,founding,confederation,Viscount Benjamin of Bellechasse founded,"Season 8 · Viscount Benjamin of Bellechasse is created, seated at Laurentides—Labelle.","{""season"": 8, ""stats"": {""capital"": 48, ""influence"": 36, ""cohesion"": 73, ""ambition"": 4}, ""community"": ""Jewish Montr\u00e9al"", ""tag"": ""Conservative""}",engine,2026-09-08 13:29:24
20,,societal,confederation,British Columbia Joins; Treaty 1 Signed,Season 9 · Baron Stefaniuk of Emerson meets British Columbia Joins; Treaty 1 Signed and resists.,"{""season"": 9, ""response"": ""Resist"", ""roll"": 3, ""personal_year"": 1871, ""magnitude"": ""Significant"", ""tag"": ""Mixed""}",engine,2026-09-08 13:29:24
21,,expansion,confederation,Baron Stefaniuk of Emerson takes Selkirk—Interlake—Eastman,Season 9 · Baron Stefaniuk of Emerson takes Selkirk—Interlake—Eastman.,"{""season"": 9, ""riding"": ""Selkirk\u2014Interlake\u2014Eastman"", ""roll"": 9}",engine,2026-09-08 13:29:24
22,,founding,confederation,Viscount Mercier de Rimouski founded,"Season 9 · Viscount Mercier de Rimouski is created, seated at Joliette—Manawan.","{""season"": 9, ""stats"": {""capital"": 37, ""influence"": 33, ""cohesion"": 73, ""ambition"": 8}, ""community"": ""Canadien Catholic"", ""tag"": ""Progressive""}",engine,2026-09-08 13:29:24
23,,societal,confederation,Indian Act,Season 10 · Baron Elliott of Glengarry meets Indian Act and exploits.,"{""season"": 10, ""response"": ""Exploit"", ""roll"": 5, ""personal_year"": 1876, ""magnitude"": ""Major"", ""tag"": ""Conservative""}",engine,2026-09-08 13:29:24
24,,societal,confederation,Pacific Scandal,Season 10 · Viscount Wallace of Perth meets Pacific Scandal and resists.,"{""season"": 10, ""response"": ""Resist"", ""roll"": 2, ""personal_year"": 1873, ""magnitude"": ""Significant"", ""tag"": ""Progressive""}",engine,2026-09-08 13:29:24
25,,relational,confederation,Baron Stefaniuk of Emerson corresponds with Viscount Wallace of Perth,Season 10 · Baron Stefaniuk of Emerson opens a correspondence with Viscount Wallace of Perth.,"{""season"": 10, ""marker"": ""+""}",engine,2026-09-08 13:29:24
26,,societal,confederation,Red River Resistance,Season 10 · Viscount Benjamin of Bellechasse meets Red River Resistance and stands aside.,"{""season"": 10, ""response"": ""Neutral"", ""roll"": 1, ""personal_year"": 1869, ""magnitude"": ""Major"", ""tag"": ""Mixed""}",engine,2026-09-08 13:29:24
27,,founding,confederation,Viscount Bouchard de Terrebonne founded,"Season 10 · Viscount Bouchard de Terrebonne is created, seated at Louis-Saint-Laurent—Akiawenhrahk.","{""season"": 10, ""stats"": {""capital"": 38, ""influence"": 30, ""cohesion"": 79, ""ambition"": 10}, ""community"": ""Canadien Catholic"", ""tag"": ""Mixed""}",engine,2026-09-08 13:29:24
28,,societal,confederation,Long Depression Reaches Canada,Season 11 · Viscount Wallace of Perth meets Long Depression Reaches Canada and exploits.,"{""season"": 11, ""response"": ""Exploit"", ""roll"": 4, ""personal_year"": 1874, ""magnitude"": ""Major"", ""tag"": ""Conservative""}",engine,2026-09-08 13:29:24
29,,societal,confederation,Pacific Scandal,Season 11 · Baron Stefaniuk of Emerson meets Pacific Scandal and stands aside.,"{""season"": 11, ""response"": ""Neutral"", ""roll"": 1, ""personal_year"": 1873, ""magnitude"": ""Significant"", ""tag"": ""Progressive""}",engine,2026-09-08 13:29:24
30,,relational,confederation,Baron Stefaniuk of Emerson and Viscount Wallace of Perth are joined by marriage,"Season 11 · Kost Stefaniuk marries George Wallace, binding Baron Stefaniuk of Emerson to Viscount Wallace of Perth.","{""season"": 11, ""marker"": ""kin""}",engine,2026-09-08 13:29:24
31,,societal,confederation,Confederation Extension (Manitoba Act),Season 11 · Viscount Benjamin of Bellechasse meets Confederation Extension (Manitoba Act) and resists.,"{""season"": 11, ""response"": ""Resist"", ""roll"": 2, ""personal_year"": 1870, ""magnitude"": ""Major"", ""tag"": ""Mixed""}",engine,2026-09-08 13:29:24
32,,societal,confederation,Red River Resistance,Season 11 · Viscount Mercier de Rimouski meets Red River Resistance and exploits.,"{""season"": 11, ""response"": ""Exploit"", ""roll"": 5, ""personal_year"": 1869, ""magnitude"": ""Major"", ""tag"": ""Mixed""}",engine,2026-09-08 13:29:24
33,,expansion,confederation,Viscount Mercier de Rimouski takes Repentigny,Season 11 · Viscount Mercier de Rimouski takes Repentigny.,"{""season"": 11, ""riding"": ""Repentigny"", ""roll"": 8}",engine,2026-09-08 13:29:24
34,,founding,confederation,Viscount Hays of Beloeil founded,"Season 11 · Viscount Hays of Beloeil is created, seated at Notre-Dame-de-Grâce—Westmount.","{""season"": 11, ""stats"": {""capital"": 54, ""influence"": 28, ""cohesion"": 79, ""ambition"": 2}, ""community"": ""Jewish Montr\u00e9al"", ""tag"": ""Progressive""}",engine,2026-09-08 13:29:24
35,,societal,confederation,National Policy,Season 12 · Baron Elliott of Glengarry meets National Policy and resists.,"{""season"": 12, ""response"": ""Resist"", ""roll"": 2, ""personal_year"": 1878, ""magnitude"": ""Significant"", ""tag"": ""Conservative""}",engine,2026-09-08 13:29:24
36,,succession,confederation,Baron Elliott of Glengarry: clean succession,Season 12 · Mary Elliott succeeds to Baron Elliott of Glengarry.,"{""season"": 12, ""nature"": ""clean"", ""cause"": ""death""}",engine,2026-09-08 13:29:24
37,,relational,confederation,Viscount Wallace of Perth corresponds with Baron Stefaniuk of Emerson,Season 12 · Viscount Wallace of Perth opens a correspondence with Baron Stefaniuk of Emerson.,"{""season"": 12, ""marker"": ""kin""}",engine,2026-09-08 13:29:24
38,,societal,confederation,British Columbia Joins; Treaty 1 Signed,Season 12 · Viscount Benjamin of Bellechasse meets British Columbia Joins; Treaty 1 Signed and exploits.,"{""season"": 12, ""response"": ""Exploit"", ""roll"": 4, ""personal_year"": 1871, ""magnitude"": ""Significant"", ""tag"": ""Mixed""}",engine,2026-09-08 13:29:24
39,,societal,confederation,Confederation Extension (Manitoba Act),Season 12 · Viscount Mercier de Rimouski meets Confederation Extension (Manitoba Act) and resists.,"{""season"": 12, ""response"": ""Resist"", ""roll"": 3, ""personal_year"": 1870, ""magnitude"": ""Major"", ""tag"": ""Mixed""}",engine,2026-09-08 13:29:24
40,,societal,confederation,Red River Resistance,Season 12 · Viscount Bouchard de Terrebonne meets Red River Resistance and resists.,"{""season"": 12, ""response"": ""Resist"", ""roll"": 2, ""personal_year"": 1869, ""magnitude"": ""Major"", ""tag"": ""Mixed""}",engine,2026-09-08 13:29:24
41,,societal,confederation,Indian Act,Season 13 · Viscount Wallace of Perth meets Indian Act and exploits.,"{""season"": 13, ""response"": ""Exploit"", ""roll"": 5, ""personal_year"": 1876, ""magnitude"": ""Major"", ""tag"": ""Conservative""}",engine,2026-09-08 13:29:24
42,,expansion,confederation,Viscount Wallace of Perth takes St. Catharines,Season 13 · Viscount Wallace of Perth takes St. Catharines.,"{""season"": 13, ""riding"": ""St. Catharines"", ""roll"": 9}",engine,2026-09-08 13:29:24
43,,societal,confederation,Indian Act,Season 13 · Baron Stefaniuk of Emerson meets Indian Act and resists.,"{""season"": 13, ""response"": ""Resist"", ""roll"": 2, ""personal_year"": 1876, ""magnitude"": ""Major"", ""tag"": ""Conservative""}",engine,2026-09-08 13:29:24
44,,societal,confederation,British Columbia Joins; Treaty 1 Signed,Season 13 · Viscount Mercier de Rimouski meets British Columbia Joins; Treaty 1 Signed and exploits.,"{""season"": 13, ""response"": ""Exploit"", ""roll"": 5, ""personal_year"": 1871, ""magnitude"": ""Significant"", ""tag"": ""Mixed""}",engine,2026-09-08 13:29:24
45,,other,confederation,Viscount Mercier de Rimouski names an heir,Season 13 · Viscount Mercier de Rimouski names Hyacinthe Mercier heir.,"{""season"": 13, ""heir_age"": 24, ""role"": ""heir""}",engine,2026-09-08 13:29:24
46,,societal,confederation,Confederation Extension (Manitoba Act),Season 13 · Viscount Bouchard de Terrebonne meets Confederation Extension (Manitoba Act) and leads.,"{""season"": 13, ""response"": ""Lead"", ""roll"": 7, ""personal_year"": 1870, ""magnitude"": ""Major"", ""tag"": ""Mixed""}",engine,2026-09-08 13:29:24
47,,societal,confederation,Red River Resistance,Season 13 · Viscount Hays of Beloeil meets Red River Resistance and resists.,"{""season"": 13, ""response"": ""Resist"", ""roll"": 2, ""personal_year"": 1869, ""magnitude"": ""Major"", ""tag"": ""Mixed""}",engine,2026-09-08 13:29:24
48,,founding,confederation,Baron McLellan of Belfast founded,"Season 13 · Baron McLellan of Belfast is created, seated at Egmont.","{""season"": 13, ""stats"": {""capital"": 34, ""influence"": 21, ""cohesion"": 61, ""ambition"": 10}, ""community"": ""Scottish Presbyterian"", ""tag"": ""Progressive""}",engine,2026-09-08 13:29:24
49,,expansion,confederation,Baron Elliott of Glengarry takes Lanark—Frontenac,Season 14 · Baron Elliott of Glengarry takes Lanark—Frontenac.,"{""season"": 14, ""riding"": ""Lanark\u2014Frontenac"", ""roll"": 9}",engine,2026-09-08 13:29:24
50,,societal,confederation,Pacific Scandal,Season 14 · Viscount Benjamin of Bellechasse meets Pacific Scandal and resists.,"{""season"": 14, ""response"": ""Resist"", ""roll"": 2, ""personal_year"": 1873, ""magnitude"": ""Significant"", ""tag"": ""Progressive""}",engine,2026-09-08 13:29:24
51,,relational,confederation,Viscount Benjamin of Bellechasse corresponds with Baron Elliott of Glengarry,Season 14 · Viscount Benjamin of Bellechasse opens a correspondence with Baron Elliott of Glengarry.,"{""season"": 14, ""marker"": ""\u25ce""}",engine,2026-09-08 13:29:24
52,,societal,confederation,British Columbia Joins; Treaty 1 Signed,Season 14 · Viscount Bouchard de Terrebonne meets British Columbia Joins; Treaty 1 Signed and resists.,"{""season"": 14, ""response"": ""Resist"", ""roll"": 2, ""personal_year"": 1871, ""magnitude"": ""Significant"", ""tag"": ""Mixed""}",engine,2026-09-08 13:29:24
53,,societal,confederation,Confederation Extension (Manitoba Act),Season 14 · Viscount Hays of Beloeil meets Confederation Extension (Manitoba Act) and resists.,"{""season"": 14, ""response"": ""Resist"", ""roll"": 2, ""personal_year"": 1870, ""magnitude"": ""Major"", ""tag"": ""Mixed""}",engine,2026-09-08 13:29:24
54,,other,confederation,Viscount Hays of Beloeil names an heir,Season 14 · Viscount Hays of Beloeil names Lazarus Hays heir.,"{""season"": 14, ""heir_age"": 30, ""role"": ""heir""}",engine,2026-09-08 13:29:24
55,,founding,confederation,Baron Cornwall of Steveston founded,"Season 14 · Baron Cornwall of Steveston is created, seated at Victoria.","{""season"": 14, ""stats"": {""capital"": 38, ""influence"": 26, ""cohesion"": 75, ""ambition"": 1}, ""community"": ""British and Anglo-Colonial"", ""tag"": ""Mixed""}",engine,2026-09-08 13:29:24
56,,expansion,confederation,Baron Elliott of Glengarry takes Carleton,Season 15 · Baron Elliott of Glengarry takes Carleton.,"{""season"": 15, ""riding"": ""Carleton"", ""roll"": 10}",engine,2026-09-08 13:29:24
57,,societal,confederation,National Policy,Season 15 · Viscount Wallace of Perth meets National Policy and exploits.,"{""season"": 15, ""response"": ""Exploit"", ""roll"": 4, ""personal_year"": 1878, ""magnitude"": ""Significant"", ""tag"": ""Conservative""}",engine,2026-09-08 13:29:24
58,,societal,confederation,National Policy,Season 15 · Baron Stefaniuk of Emerson meets National Policy and resists.,"{""season"": 15, ""response"": ""Resist"", ""roll"": 2, ""personal_year"": 1878, ""magnitude"": ""Significant"", ""tag"": ""Conservative""}",engine,2026-09-08 13:29:24
59,,societal,confederation,Long Depression Reaches Canada,Season 15 · Viscount Benjamin of Bellechasse meets Long Depression Reaches Canada and exploits.,"{""season"": 15, ""response"": ""Exploit"", ""roll"": 5, ""personal_year"": 1874, ""magnitude"": ""Major"", ""tag"": ""Conservative""}",engine,2026-09-08 13:29:24
60,,other,confederation,Viscount Benjamin of Bellechasse endows an institution,Season 15 · Viscount Benjamin of Bellechasse endows an institution.,"{""season"": 15}",engine,2026-09-08 13:29:24
61,,societal,confederation,Pacific Scandal,Season 15 · Viscount Mercier de Rimouski meets Pacific Scandal and exploits.,"{""season"": 15, ""response"": ""Exploit"", ""roll"": 4, ""personal_year"": 1873, ""magnitude"": ""Significant"", ""tag"": ""Progressive""}",engine,2026-09-08 13:29:24
62,,societal,confederation,British Columbia Joins; Treaty 1 Signed,Season 15 · Viscount Hays of Beloeil meets British Columbia Joins; Treaty 1 Signed and exploits.,"{""season"": 15, ""response"": ""Exploit"", ""roll"": 5, ""personal_year"": 1871, ""magnitude"": ""Significant"", ""tag"": ""Mixed""}",engine,2026-09-08 13:29:24
63,,societal,confederation,Red River Resistance,Season 15 · Baron McLellan of Belfast meets Red River Resistance and resists.,"{""season"": 15, ""response"": ""Resist"", ""roll"": 3, ""personal_year"": 1869, ""magnitude"": ""Major"", ""tag"": ""Mixed""}",engine,2026-09-08 13:29:24
64,,relational,confederation,Baron McLellan of Belfast corresponds with Viscount Bouchard de Terrebonne,Season 15 · Baron McLellan of Belfast opens a correspondence with Viscount Bouchard de Terrebonne.,"{""season"": 15, ""marker"": ""\u25ce""}",engine,2026-09-08 13:29:24
65,,other,confederation,Viscount Benjamin of Bellechasse names an heir,Season 16 · Viscount Benjamin of Bellechasse names Emanuel Benjamin heir.,"{""season"": 16, ""heir_age"": 20, ""role"": ""heir""}",engine,2026-09-08 13:29:24
66,,societal,confederation,Long Depression Reaches Canada,Season 16 · Viscount Mercier de Rimouski meets Long Depression Reaches Canada and stands aside.,"{""season"": 16, ""response"": ""Neutral"", ""roll"": 1, ""personal_year"": 1874, ""magnitude"": ""Major"", ""tag"": ""Conservative""}",engine,2026-09-08 13:29:24
67,,societal,confederation,Pacific Scandal,Season 16 · Viscount Bouchard de Terrebonne meets Pacific Scandal and exploits.,"{""season"": 16, ""response"": ""Exploit"", ""roll"": 4, ""personal_year"": 1873, ""magnitude"": ""Significant"", ""tag"": ""Progressive""}",engine,2026-09-08 13:29:24
68,,expansion,confederation,Viscount Bouchard de Terrebonne takes Louis-Hébert,Season 16 · Viscount Bouchard de Terrebonne takes Louis-Hébert.,"{""season"": 16, ""riding"": ""Louis-H\u00e9bert"", ""roll"": 9}",engine,2026-09-08 13:29:24
69,,societal,confederation,Confederation Extension (Manitoba Act),Season 16 · Baron McLellan of Belfast meets Confederation Extension (Manitoba Act) and stands aside.,"{""season"": 16, ""response"": ""Neutral"", ""roll"": 1, ""personal_year"": 1870, ""magnitude"": ""Major"", ""tag"": ""Mixed""}",engine,2026-09-08 13:29:24
70,,other,confederation,Baron McLellan of Belfast names an heir,Season 16 · Baron McLellan of Belfast names Elspeth McLellan heir.,"{""season"": 16, ""heir_age"": 24, ""role"": ""heir""}",engine,2026-09-08 13:29:24
71,,societal,confederation,Red River Resistance,Season 16 · Baron Cornwall of Steveston meets Red River Resistance and leads.,"{""season"": 16, ""response"": ""Lead"", ""roll"": 6, ""personal_year"": 1869, ""magnitude"": ""Major"", ""tag"": ""Mixed""}",engine,2026-09-08 13:29:24
72,,other,confederation,Baron Elliott of Glengarry names an heir,Season 17 · Baron Elliott of Glengarry names Norah Elliott heir.,"{""season"": 17, ""heir_age"": 11, ""role"": ""heir""}",engine,2026-09-08 13:29:24
73,,expansion,confederation,Viscount Wallace of Perth takes Hamilton East—Stoney Creek,Season 17 · Viscount Wallace of Perth takes Hamilton East—Stoney Creek.,"{""season"": 17, ""riding"": ""Hamilton East\u2014Stoney Creek"", ""roll"": 11}",engine,2026-09-08 13:29:24
74,,societal,confederation,Indian Act,Season 17 · Viscount Benjamin of Bellechasse meets Indian Act and leads.,"{""season"": 17, ""response"": ""Lead"", ""roll"": 7, ""personal_year"": 1876, ""magnitude"": ""Major"", ""tag"": ""Conservative""}",engine,2026-09-08 13:29:24
75,,societal,confederation,Long Depression Reaches Canada,Season 17 · Viscount Bouchard de Terrebonne meets Long Depression Reaches Canada and resists.,"{""season"": 17, ""response"": ""Resist"", ""roll"": 3, ""personal_year"": 1874, ""magnitude"": ""Major"", ""tag"": ""Conservative""}",engine,2026-09-08 13:29:24
76,,other,confederation,Viscount Bouchard de Terrebonne names an heir,Season 17 · Viscount Bouchard de Terrebonne names Lomer Bouchard heir.,"{""season"": 17, ""heir_age"": 28, ""role"": ""heir""}",engine,2026-09-08 13:29:24
77,,societal,confederation,Pacific Scandal,Season 17 · Viscount Hays of Beloeil meets Pacific Scandal and exploits.,"{""season"": 17, ""response"": ""Exploit"", ""roll"": 5, ""personal_year"": 1873, ""magnitude"": ""Significant"", ""tag"": ""Progressive""}",engine,2026-09-08 13:29:24
78,,relational,confederation,Viscount Hays of Beloeil corresponds with Viscount Mercier de Rimouski,Season 17 · Viscount Hays of Beloeil opens a correspondence with Viscount Mercier de Rimouski.,"{""season"": 17, ""marker"": ""\u25ce""}",engine,2026-09-08 13:29:24
79,,societal,confederation,British Columbia Joins; Treaty 1 Signed,Season 17 · Baron McLellan of Belfast meets British Columbia Joins; Treaty 1 Signed and stands aside.,"{""season"": 17, ""response"": ""Neutral"", ""roll"": 1, ""personal_year"": 1871, ""magnitude"": ""Significant"", ""tag"": ""Mixed""}",engine,2026-09-08 13:29:24
80,,societal,confederation,Confederation Extension (Manitoba Act),Season 17 · Baron Cornwall of Steveston meets Confederation Extension (Manitoba Act) and exploits.,"{""season"": 17, ""response"": ""Exploit"", ""roll"": 5, ""personal_year"": 1870, ""magnitude"": ""Major"", ""tag"": ""Mixed""}",engine,2026-09-08 13:29:24
81,,founding,confederation,Baron Langelier de Charlevoix founded,"Season 17 · Baron Langelier de Charlevoix is created, seated at Lac-Saint-Jean.","{""season"": 17, ""stats"": {""capital"": 38, ""influence"": 24, ""cohesion"": 65, ""ambition"": 2}, ""community"": ""Canadien Catholic"", ""tag"": ""Progressive""}",engine,2026-09-08 13:29:24
82,,societal,confederation,Canadian Pacific Railway Chartered,Season 18 · Viscount Wallace of Perth meets Canadian Pacific Railway Chartered and exploits.,"{""season"": 18, ""response"": ""Exploit"", ""roll"": 5, ""personal_year"": 1881, ""magnitude"": ""Significant"", ""tag"": ""Mixed""}",engine,2026-09-08 13:29:24
83,,societal,confederation,Canadian Pacific Railway Chartered,Season 18 · Baron Stefaniuk of Emerson meets Canadian Pacific Railway Chartered and stands aside.,"{""season"": 18, ""response"": ""Neutral"", ""roll"": 1, ""personal_year"": 1881, ""magnitude"": ""Significant"", ""tag"": ""Mixed""}",engine,2026-09-08 13:29:24
84,,relational,confederation,Viscount Benjamin of Bellechasse corresponds with Baron Elliott of Glengarry,Season 18 · Viscount Benjamin of Bellechasse opens a correspondence with Baron Elliott of Glengarry.,"{""season"": 18, ""marker"": ""+""}",engine,2026-09-08 13:29:24
85,,societal,confederation,Indian Act,Season 18 · Viscount Mercier de Rimouski meets Indian Act and stands aside.,"{""season"": 18, ""response"": ""Neutral"", ""roll"": 0, ""personal_year"": 1876, ""magnitude"": ""Major"", ""tag"": ""Conservative""}",engine,2026-09-08 13:29:24
86,,expansion,confederation,Viscount Mercier de Rimouski takes Pierre-Boucher—Les Patriotes—Verchères,Season 18 · Viscount Mercier de Rimouski takes Pierre-Boucher—Les Patriotes—Verchères.,"{""season"": 18, ""riding"": ""Pierre-Boucher\u2014Les Patriotes\u2014Verch\u00e8res"", ""roll"": 9}",engine,2026-09-08 13:29:24
87,,societal,confederation,Long Depression Reaches Canada,Season 18 · Viscount Hays of Beloeil meets Long Depression Reaches Canada and stands aside.,"{""season"": 18, ""response"": ""Neutral"", ""roll"": 1, ""personal_year"": 1874, ""magnitude"": ""Major"", ""tag"": ""Conservative""}",engine,2026-09-08 13:29:24
88,,expansion,confederation,Viscount Hays of Beloeil takes Outremont,Season 18 · Viscount Hays of Beloeil takes Outremont.,"{""season"": 18, ""riding"": ""Outremont"", ""roll"": 8}",engine,2026-09-08 13:29:24
89,,societal,confederation,British Columbia Joins; Treaty 1 Signed,Season 18 · Baron Cornwall of Steveston meets British Columbia Joins; Treaty 1 Signed and leads.,"{""season"": 18, ""response"": ""Lead"", ""roll"": 6, ""personal_year"": 1871, ""magnitude"": ""Significant"", ""tag"": ""Mixed""}",engine,2026-09-08 13:29:24
90,,other,confederation,Baron Langelier de Charlevoix names an heir,Season 18 · Baron Langelier de Charlevoix names Clémence Langelier heir.,"{""season"": 18, ""heir_age"": 28, ""role"": ""heir""}",engine,2026-09-08 13:29:24
91,,founding,confederation,Viscount Meagher of Chatham founded,"Season 18 · Viscount Meagher of Chatham is created, seated at Kapuskasing—Timmins—Mushkegowuk.","{""season"": 18, ""stats"": {""capital"": 41, ""influence"": 45, ""cohesion"": 70, ""ambition"": 6}, ""community"": ""Irish Catholic"", ""tag"": ""Progressive""}",engine,2026-09-08 13:29:24
92,,relational,confederation,Baron Elliott of Glengarry corresponds with Viscount Hays of Beloeil,Season 19 · Baron Elliott of Glengarry opens a correspondence with Viscount Hays of Beloeil.,"{""season"": 19, ""marker"": ""\u25ce""}",engine,2026-09-08 13:29:24
93,,expansion,confederation,Baron Stefaniuk of Emerson takes Riding Mountain,Season 19 · Baron Stefaniuk of Emerson takes Riding Mountain.,"{""season"": 19, ""riding"": ""Riding Mountain"", ""roll"": 8}",engine,2026-09-08 13:29:24
94,,societal,confederation,National Policy,Season 19 · Viscount Benjamin of Bellechasse meets National Policy and leads.,"{""season"": 19, ""response"": ""Lead"", ""roll"": 7, ""personal_year"": 1878, ""magnitude"": ""Significant"", ""tag"": ""Conservative""}",engine,2026-09-08 13:29:24
95,,societal,confederation,Indian Act,Season 19 · Viscount Bouchard de Terrebonne meets Indian Act and resists.,"{""season"": 19, ""response"": ""Resist"", ""roll"": 2, ""personal_year"": 1876, ""magnitude"": ""Major"", ""tag"": ""Conservative""}",engine,2026-09-08 13:29:24
96,,societal,confederation,Pacific Scandal,Season 19 · Baron McLellan of Belfast meets Pacific Scandal and resists.,"{""season"": 19, ""response"": ""Resist"", ""roll"": 2, ""personal_year"": 1873, ""magnitude"": ""Significant"", ""tag"": ""Progressive""}",engine,2026-09-08 13:29:24
97,,societal,confederation,Red River Resistance,Season 19 · Baron Langelier de Charlevoix meets Red River Resistance and stands aside.,"{""season"": 19, ""response"": ""Neutral"", ""roll"": 1, ""personal_year"": 1869, ""magnitude"": ""Major"", ""tag"": ""Mixed""}",engine,2026-09-08 13:29:24
98,,relational,confederation,Baron Langelier de Charlevoix corresponds with Viscount Mercier de Rimouski,Season 19 · Baron Langelier de Charlevoix opens a correspondence with Viscount Mercier de Rimouski.,"{""season"": 19, ""marker"": ""\u25ce""}",engine,2026-09-08 13:29:24
99,,other,confederation,Viscount Meagher of Chatham names an heir,Season 19 · Viscount Meagher of Chatham names Josephine Meagher heir.,"{""season"": 19, ""heir_age"": 38, ""role"": ""heir""}",engine,2026-09-08 13:29:24
100,,relational,confederation,Baron Elliott of Glengarry and Viscount Benjamin of Bellechasse are joined by marriage,"Season 20 · Norah Elliott marries Emanuel Benjamin, binding Baron Elliott of Glengarry to Viscount Benjamin of Bellechasse.","{""season"": 20, ""marker"": ""kin""}",engine,2026-09-08 13:29:24
101,,societal,confederation,CPR Strike,Season 20 · Viscount Wallace of Perth meets CPR Strike and exploits.,"{""season"": 20, ""response"": ""Exploit"", ""roll"": 5, ""personal_year"": 1883, ""magnitude"": ""Significant"", ""tag"": ""Mixed""}",engine,2026-09-08 13:29:24
102,,other,confederation,Viscount Wallace of Perth endows an institution,Season 20 · Viscount Wallace of Perth endows an institution.,"{""season"": 20}",engine,2026-09-08 13:29:24
103,,societal,confederation,CPR Strike,Season 20 · Baron Stefaniuk of Emerson meets CPR Strike and resists.,"{""season"": 20, ""response"": ""Resist"", ""roll"": 2, ""personal_year"": 1883, ""magnitude"": ""Significant"", ""tag"": ""Mixed""}",engine,2026-09-08 13:29:24
104,,societal,confederation,National Policy,Season 20 · Viscount Mercier de Rimouski meets National Policy and exploits.,"{""season"": 20, ""response"": ""Exploit"", ""roll"": 5, ""personal_year"": 1878, ""magnitude"": ""Significant"", ""tag"": ""Conservative""}",engine,2026-09-08 13:29:24
105,,societal,confederation,Indian Act,Season 20 · Viscount Hays of Beloeil meets Indian Act and exploits.,"{""season"": 20, ""response"": ""Exploit"", ""roll"": 5, ""personal_year"": 1876, ""magnitude"": ""Major"", ""tag"": ""Conservative""}",engine,2026-09-08 13:29:24
106,,societal,confederation,Long Depression Reaches Canada,Season 20 · Baron McLellan of Belfast meets Long Depression Reaches Canada and resists.,"{""season"": 20, ""response"": ""Resist"", ""roll"": 3, ""personal_year"": 1874, ""magnitude"": ""Major"", ""tag"": ""Conservative""}",engine,2026-09-08 13:29:24
107,,societal,confederation,Pacific Scandal,Season 20 · Baron Cornwall of Steveston meets Pacific Scandal and exploits.,"{""season"": 20, ""response"": ""Exploit"", ""roll"": 4, ""personal_year"": 1873, ""magnitude"": ""Significant"", ""tag"": ""Progressive""}",engine,2026-09-08 13:29:24
108,,other,confederation,Baron Cornwall of Steveston names an heir,Season 20 · Baron Cornwall of Steveston names Frances Cornwall heir.,"{""season"": 20, ""heir_age"": 23, ""role"": ""heir""}",engine,2026-09-08 13:29:24
109,,societal,confederation,Confederation Extension (Manitoba Act),Season 20 · Baron Langelier de Charlevoix meets Confederation Extension (Manitoba Act) and exploits.,"{""season"": 20, ""response"": ""Exploit"", ""roll"": 4, ""personal_year"": 1870, ""magnitude"": ""Major"", ""tag"": ""Mixed""}",engine,2026-09-08 13:29:24
110,,societal,confederation,Red River Resistance,Season 20 · Viscount Meagher of Chatham meets Red River Resistance and resists.,"{""season"": 20, ""response"": ""Resist"", ""roll"": 2, ""personal_year"": 1869, ""magnitude"": ""Major"", ""tag"": ""Mixed""}",engine,2026-09-08 13:29:24
111,,founding,confederation,Baron Hoover of Simcoe founded,"Season 20 · Baron Hoover of Simcoe is created, seated at Ottawa South.","{""season"": 20, ""stats"": {""capital"": 48, ""influence"": 37, ""cohesion"": 68, ""ambition"": 1}, ""community"": ""Mennonite and Pennsylvania German"", ""tag"": ""Mixed""}",engine,2026-09-08 13:29:24
112,,relational,confederation,Baron Elliott of Glengarry corresponds with Viscount Hays of Beloeil,Season 21 · Baron Elliott of Glengarry opens a correspondence with Viscount Hays of Beloeil.,"{""season"": 21, ""marker"": ""+""}",engine,2026-09-08 13:29:24
113,,expansion,confederation,Viscount Wallace of Perth takes Niagara Falls—Niagara-on-the-Lake,Season 21 · Viscount Wallace of Perth takes Niagara Falls—Niagara-on-the-Lake.,"{""season"": 21, ""riding"": ""Niagara Falls\u2014Niagara-on-the-Lake"", ""roll"": 7}",engine,2026-09-08 13:29:24
114,,societal,confederation,National Policy,Season 21 · Viscount Bouchard de Terrebonne meets National Policy and stands aside.,"{""season"": 21, ""response"": ""Neutral"", ""roll"": 1, ""personal_year"": 1878, ""magnitude"": ""Significant"", ""tag"": ""Conservative""}",engine,2026-09-08 13:29:24
115,,succession,confederation,Viscount Bouchard de Terrebonne: clean succession,Season 21 · Lomer Bouchard succeeds to Viscount Bouchard de Terrebonne.,"{""season"": 21, ""nature"": ""clean"", ""cause"": ""death""}",engine,2026-09-08 13:29:24
116,,relational,confederation,Viscount Bouchard de Terrebonne corresponds with Baron McLellan of Belfast,Season 21 · Viscount Bouchard de Terrebonne opens a correspondence with Baron McLellan of Belfast.,"{""season"": 21, ""marker"": ""+""}",engine,2026-09-08 13:29:24
117,,societal,confederation,Long Depression Reaches Canada,Season 21 · Baron Cornwall of Steveston meets Long Depression Reaches Canada and resists.,"{""season"": 21, ""response"": ""Resist"", ""roll"": 3, ""personal_year"": 1874, ""magnitude"": ""Major"", ""tag"": ""Conservative""}",engine,2026-09-08 13:29:24
118,,societal,confederation,British Columbia Joins; Treaty 1 Signed,Season 21 · Baron Langelier de Charlevoix meets British Columbia Joins; Treaty 1 Signed and stands aside.,"{""season"": 21, ""response"": ""Neutral"", ""roll"": 1, ""personal_year"": 1871, ""magnitude"": ""Significant"", ""tag"": ""Mixed""}",engine,2026-09-08 13:29:24
119,,relational,confederation,Baron Langelier de Charlevoix corresponds with Viscount Mercier de Rimouski,Season 21 · Baron Langelier de Charlevoix opens a correspondence with Viscount Mercier de Rimouski.,"{""season"": 21, ""marker"": ""+""}",engine,2026-09-08 13:29:24
120,,societal,confederation,Confederation Extension (Manitoba Act),Season 21 · Viscount Meagher of Chatham meets Confederation Extension (Manitoba Act) and leads.,"{""season"": 21, ""response"": ""Lead"", ""roll"": 6, ""personal_year"": 1870, ""magnitude"": ""Major"", ""tag"": ""Mixed""}",engine,2026-09-08 13:29:24
121,,societal,confederation,Canadian Pacific Railway Chartered,Season 22 · Baron Elliott of Glengarry meets Canadian Pacific Railway Chartered and leads.,"{""season"": 22, ""response"": ""Lead"", ""roll"": 6, ""personal_year"": 1881, ""magnitude"": ""Significant"", ""tag"": ""Mixed""}",engine,2026-09-08 13:29:24
122,,societal,confederation,Chinese Immigration Act,Season 22 · Viscount Wallace of Perth meets Chinese Immigration Act and exploits.,"{""season"": 22, ""response"": ""Exploit"", ""roll"": 4, ""personal_year"": 1885, ""magnitude"": ""Significant"", ""tag"": ""Conservative""}",engine,2026-09-08 13:29:24
123,,societal,confederation,North-West Resistance,Season 22 · Baron Stefaniuk of Emerson meets North-West Resistance and exploits.,"{""season"": 22, ""response"": ""Exploit"", ""roll"": 5, ""personal_year"": 1885, ""magnitude"": ""Major"", ""tag"": ""Conservative""}",engine,2026-09-08 13:29:24
124,,societal,confederation,Canadian Pacific Railway Chartered,Season 22 · Viscount Benjamin of Bellechasse meets Canadian Pacific Railway Chartered and stands aside.,"{""season"": 22, ""response"": ""Neutral"", ""roll"": 1, ""personal_year"": 1881, ""magnitude"": ""Significant"", ""tag"": ""Mixed""}",engine,2026-09-08 13:29:24
125,,societal,confederation,National Policy,Season 22 · Viscount Hays of Beloeil meets National Policy and exploits.,"{""season"": 22, ""response"": ""Exploit"", ""roll"": 5, ""personal_year"": 1878, ""magnitude"": ""Significant"", ""tag"": ""Conservative""}",engine,2026-09-08 13:29:24
126,,societal,confederation,Indian Act,Season 22 · Baron McLellan of Belfast meets Indian Act and resists.,"{""season"": 22, ""response"": ""Resist"", ""roll"": 2, ""personal_year"": 1876, ""magnitude"": ""Major"", ""tag"": ""Conservative""}",engine,2026-09-08 13:29:24
127,,relational,confederation,Baron McLellan of Belfast corresponds with Viscount Mercier de Rimouski,Season 22 · Baron McLellan of Belfast opens a correspondence with Viscount Mercier de Rimouski.,"{""season"": 22, ""marker"": ""\u25ce""}",engine,2026-09-08 13:29:24
128,,societal,confederation,British Columbia Joins; Treaty 1 Signed,Season 22 · Viscount Meagher of Chatham meets British Columbia Joins; Treaty 1 Signed and leads.,"{""season"": 22, ""response"": ""Lead"", ""roll"": 6, ""personal_year"": 1871, ""magnitude"": ""Significant"", ""tag"": ""Mixed""}",engine,2026-09-08 13:29:24
129,,societal,confederation,Red River Resistance,Season 22 · Baron Hoover of Simcoe meets Red River Resistance and exploits.,"{""season"": 22, ""response"": ""Exploit"", ""roll"": 5, ""personal_year"": 1869, ""magnitude"": ""Major"", ""tag"": ""Mixed""}",engine,2026-09-08 13:29:24
130,,expansion,confederation,Viscount Wallace of Perth takes Flamborough—Glanbrook—Brant North,Season 23 · Viscount Wallace of Perth takes Flamborough—Glanbrook—Brant North.,"{""season"": 23, ""riding"": ""Flamborough\u2014Glanbrook\u2014Brant North"", ""roll"": 11}",engine,2026-09-08 13:29:24
131,,societal,confederation,Canadian Pacific Railway Chartered,Season 23 · Viscount Mercier de Rimouski meets Canadian Pacific Railway Chartered and exploits.,"{""season"": 23, ""response"": ""Exploit"", ""roll"": 5, ""personal_year"": 1881, ""magnitude"": ""Significant"", ""tag"": ""Mixed""}",engine,2026-09-08 13:29:24
132,,relational,confederation,Baron McLellan of Belfast corresponds with Viscount Mercier de Rimouski,Season 23 · Baron McLellan of Belfast opens a correspondence with Viscount Mercier de Rimouski.,"{""season"": 23, ""marker"": ""+""}",engine,2026-09-08 13:29:24
133,,societal,confederation,Indian Act,Season 23 · Baron Cornwall of Steveston meets Indian Act and leads.,"{""season"": 23, ""response"": ""Lead"", ""roll"": 6, ""personal_year"": 1876, ""magnitude"": ""Major"", ""tag"": ""Conservative""}",engine,2026-09-08 13:29:24
134,,societal,confederation,Pacific Scandal,Season 23 · Baron Langelier de Charlevoix meets Pacific Scandal and exploits.,"{""season"": 23, ""response"": ""Exploit"", ""roll"": 4, ""personal_year"": 1873, ""magnitude"": ""Significant"", ""tag"": ""Progressive""}",engine,2026-09-08 13:29:24
135,,societal,confederation,Confederation Extension (Manitoba Act),Season 23 · Baron Hoover of Simcoe meets Confederation Extension (Manitoba Act) and leads.,"{""season"": 23, ""response"": ""Lead"", ""roll"": 7, ""personal_year"": 1870, ""magnitude"": ""Major"", ""tag"": ""Mixed""}",engine,2026-09-08 13:29:24
136,,societal,confederation,CPR Strike,Season 24 · Baron Elliott of Glengarry meets CPR Strike and leads.,"{""season"": 24, ""response"": ""Lead"", ""roll"": 7, ""personal_year"": 1883, ""magnitude"": ""Significant"", ""tag"": ""Mixed""}",engine,2026-09-08 13:29:24
137,,societal,confederation,CPR Strike,Season 24 · Viscount Benjamin of Bellechasse meets CPR Strike and exploits.,"{""season"": 24, ""response"": ""Exploit"", ""roll"": 5, ""personal_year"": 1883, ""magnitude"": ""Significant"", ""tag"": ""Mixed""}",engine,2026-09-08 13:29:24
138,,expansion,confederation,Viscount Benjamin of Bellechasse takes Saint-Maurice—Champlain,Season 24 · Viscount Benjamin of Bellechasse takes Saint-Maurice—Champlain.,"{""season"": 24, ""riding"": ""Saint-Maurice\u2014Champlain"", ""roll"": 7}",engine,2026-09-08 13:29:24
139,,societal,confederation,National Policy,Season 24 · Baron McLellan of Belfast meets National Policy and resists.,"{""season"": 24, ""response"": ""Resist"", ""roll"": 2, ""personal_year"": 1878, ""magnitude"": ""Significant"", ""tag"": ""Conservative""}",engine,2026-09-08 13:29:24
140,,relational,confederation,Baron McLellan of Belfast corresponds with Viscount Mercier de Rimouski,Season 24 · Baron McLellan of Belfast opens a correspondence with Viscount Mercier de Rimouski.,"{""season"": 24, ""marker"": ""+""}",engine,2026-09-08 13:29:24
141,,societal,confederation,Long Depression Reaches Canada,Season 24 · Baron Langelier de Charlevoix meets Long Depression Reaches Canada and exploits.,"{""season"": 24, ""response"": ""Exploit"", ""roll"": 5, ""personal_year"": 1874, ""magnitude"": ""Major"", ""tag"": ""Conservative""}",engine,2026-09-08 13:29:24
142,,societal,confederation,Pacific Scandal,Season 24 · Viscount Meagher of Chatham meets Pacific Scandal and resists.,"{""season"": 24, ""response"": ""Resist"", ""roll"": 2, ""personal_year"": 1873, ""magnitude"": ""Significant"", ""tag"": ""Progressive""}",engine,2026-09-08 13:29:24
143,,societal,confederation,British Columbia Joins; Treaty 1 Signed,Season 24 · Baron Hoover of Simcoe meets British Columbia Joins; Treaty 1 Signed and resists.,"{""season"": 24, ""response"": ""Resist"", ""roll"": 2, ""personal_year"": 1871, ""magnitude"": ""Significant"", ""tag"": ""Mixed""}",engine,2026-09-08 13:29:24
144,,other,confederation,Baron Hoover of Simcoe endows an institution,Season 24 · Baron Hoover of Simcoe endows an institution.,"{""season"": 24}",engine,2026-09-08 13:29:24
145,,societal,confederation,Jesuits' Estates Act Controversy,Season 25 · Viscount Wallace of Perth meets Jesuits' Estates Act Controversy and stands aside.,"{""season"": 25, ""response"": ""Neutral"", ""roll"": 1, ""personal_year"": 1888, ""magnitude"": ""Significant"", ""tag"": ""Conservative""}",engine,2026-09-08 13:29:24
146,,societal,confederation,Jesuits' Estates Act Controversy,Season 25 · Baron Stefaniuk of Emerson meets Jesuits' Estates Act Controversy and resists.,"{""season"": 25, ""response"": ""Resist"", ""roll"": 2, ""personal_year"": 1888, ""magnitude"": ""Significant"", ""tag"": ""Conservative""}",engine,2026-09-08 13:29:24
147,,societal,confederation,CPR Strike,Season 25 · Viscount Mercier de Rimouski meets CPR Strike and exploits.,"{""season"": 25, ""response"": ""Exploit"", ""roll"": 4, ""personal_year"": 1883, ""magnitude"": ""Significant"", ""tag"": ""Mixed""}",engine,2026-09-08 13:29:24
148,,succession,confederation,Viscount Mercier de Rimouski: clean succession,Season 25 · Hyacinthe Mercier succeeds to Viscount Mercier de Rimouski.,"{""season"": 25, ""nature"": ""clean"", ""cause"": ""death""}",engine,2026-09-08 13:29:24
149,,expansion,confederation,Viscount Bouchard de Terrebonne takes Québec Centre,Season 25 · Viscount Bouchard de Terrebonne takes Québec Centre.,"{""season"": 25, ""riding"": ""Qu\u00e9bec Centre"", ""roll"": 9}",engine,2026-09-08 13:29:24
150,,societal,confederation,Canadian Pacific Railway Chartered,Season 25 · Viscount Hays of Beloeil meets Canadian Pacific Railway Chartered and leads.,"{""season"": 25, ""response"": ""Lead"", ""roll"": 6, ""personal_year"": 1881, ""magnitude"": ""Significant"", ""tag"": ""Mixed""}",engine,2026-09-08 13:29:24
151,,relational,confederation,Baron McLellan of Belfast corresponds with Viscount Benjamin of Bellechasse,Season 25 · Baron McLellan of Belfast opens a correspondence with Viscount Benjamin of Bellechasse.,"{""season"": 25, ""marker"": ""\u25ce""}",engine,2026-09-08 13:29:24
152,,societal,confederation,National Policy,Season 25 · Baron Cornwall of Steveston meets National Policy and leads.,"{""season"": 25, ""response"": ""Lead"", ""roll"": 6, ""personal_year"": 1878, ""magnitude"": ""Significant"", ""tag"": ""Conservative""}",engine,2026-09-08 13:29:24
153,,societal,confederation,Long Depression Reaches Canada,Season 25 · Viscount Meagher of Chatham meets Long Depression Reaches Canada and stands aside.,"{""season"": 25, ""response"": ""Neutral"", ""roll"": 1, ""personal_year"": 1874, ""magnitude"": ""Major"", ""tag"": ""Conservative""}",engine,2026-09-08 13:29:24
154,,relational,confederation,Viscount Meagher of Chatham corresponds with Baron Langelier de Charlevoix,Season 25 · Viscount Meagher of Chatham opens a correspondence with Baron Langelier de Charlevoix.,"{""season"": 25, ""marker"": ""\u25ce""}",engine,2026-09-08 13:29:24
155,,societal,confederation,Last Spike at Craigellachie,Season 26 · Baron Elliott of Glengarry meets Last Spike at Craigellachie and resists.,"{""season"": 26, ""response"": ""Resist"", ""roll"": 2, ""personal_year"": 1885, ""magnitude"": ""Significant"", ""tag"": ""Mixed""}",engine,2026-09-08 13:29:24
156,,relational,confederation,Viscount Wallace of Perth corresponds with Viscount Benjamin of Bellechasse,Season 26 · Viscount Wallace of Perth opens a correspondence with Viscount Benjamin of Bellechasse.,"{""season"": 26, ""marker"": ""\u25ce""}",engine,2026-09-08 13:29:24
157,,expansion,confederation,Baron Stefaniuk of Emerson takes Yorkton—Melville,Season 26 · Baron Stefaniuk of Emerson takes Yorkton—Melville.,"{""season"": 26, ""riding"": ""Yorkton\u2014Melville"", ""roll"": 8}",engine,2026-09-08 13:29:24
158,,societal,confederation,Last Spike at Craigellachie,Season 26 · Viscount Benjamin of Bellechasse meets Last Spike at Craigellachie and leads.,"{""season"": 26, ""response"": ""Lead"", ""roll"": 6, ""personal_year"": 1885, ""magnitude"": ""Significant"", ""tag"": ""Mixed""}",engine,2026-09-08 13:29:24
159,,expansion,confederation,Viscount Mercier de Rimouski takes Montcalm,Season 26 · Viscount Mercier de Rimouski takes Montcalm.,"{""season"": 26, ""riding"": ""Montcalm"", ""roll"": 7}",engine,2026-09-08 13:29:24
160,,expansion,confederation,Viscount Hays of Beloeil takes Laurier—Sainte-Marie,Season 26 · Viscount Hays of Beloeil takes Laurier—Sainte-Marie.,"{""season"": 26, ""riding"": ""Laurier\u2014Sainte-Marie"", ""roll"": 11}",engine,2026-09-08 13:29:24
161,,societal,confederation,Indian Act,Season 26 · Baron Langelier de Charlevoix meets Indian Act and resists.,"{""season"": 26, ""response"": ""Resist"", ""roll"": 3, ""personal_year"": 1876, ""magnitude"": ""Major"", ""tag"": ""Conservative""}",engine,2026-09-08 13:29:24
162,,societal,confederation,Pacific Scandal,Season 26 · Baron Hoover of Simcoe meets Pacific Scandal and exploits.,"{""season"": 26, ""response"": ""Exploit"", ""roll"": 5, ""personal_year"": 1873, ""magnitude"": ""Significant"", ""tag"": ""Progressive""}",engine,2026-09-08 13:29:24
163,,societal,confederation,Manitoba Schools Question,Season 27 · Viscount Wallace of Perth meets Manitoba Schools Question and resists.,"{""season"": 27, ""response"": ""Resist"", ""roll"": 3, ""personal_year"": 1890, ""magnitude"": ""Major"", ""tag"": ""Conservative""}",engine,2026-09-08 13:29:24
164,,societal,confederation,Manitoba Schools Question,Season 27 · Baron Stefaniuk of Emerson meets Manitoba Schools Question and resists.,"{""season"": 27, ""response"": ""Resist"", ""roll"": 3, ""personal_year"": 1890, ""magnitude"": ""Major"", ""tag"": ""Conservative""}",engine,2026-09-08 13:29:24
165,,relational,confederation,Viscount Mercier de Rimouski corresponds with Viscount Hays of Beloeil,Season 27 · Viscount Mercier de Rimouski opens a correspondence with Viscount Hays of Beloeil.,"{""season"": 27, ""marker"": ""+""}",engine,2026-09-08 13:29:24
166,,societal,confederation,CPR Strike,Season 27 · Viscount Hays of Beloeil meets CPR Strike and leads.,"{""season"": 27, ""response"": ""Lead"", ""roll"": 6, ""personal_year"": 1883, ""magnitude"": ""Significant"", ""tag"": ""Mixed""}",engine,2026-09-08 13:29:24
167,,societal,confederation,Canadian Pacific Railway Chartered,Season 27 · Baron McLellan of Belfast meets Canadian Pacific Railway Chartered and exploits.,"{""season"": 27, ""response"": ""Exploit"", ""roll"": 5, ""personal_year"": 1881, ""magnitude"": ""Significant"", ""tag"": ""Mixed""}",engine,2026-09-08 13:29:24
168,,other,confederation,Baron Langelier de Charlevoix endows an institution,Season 27 · Baron Langelier de Charlevoix endows an institution.,"{""season"": 27}",engine,2026-09-08 13:29:24
169,,societal,confederation,Indian Act,Season 27 · Viscount Meagher of Chatham meets Indian Act and resists.,"{""season"": 27, ""response"": ""Resist"", ""roll"": 3, ""personal_year"": 1876, ""magnitude"": ""Major"", ""tag"": ""Conservative""}",engine,2026-09-08 13:29:24
170,,societal,confederation,Long Depression Reaches Canada,Season 27 · Baron Hoover of Simcoe meets Long Depression Reaches Canada and resists.,"{""season"": 27, ""response"": ""Resist"", ""roll"": 3, ""personal_year"": 1874, ""magnitude"": ""Major"", ""tag"": ""Conservative""}",engine,2026-09-08 13:29:24
171,,other,confederation,Baron Hoover of Simcoe names an heir,Season 27 · Baron Hoover of Simcoe names Anna Hoover heir.,"{""season"": 27, ""heir_age"": 30, ""role"": ""heir""}",engine,2026-09-08 13:29:24
172,,societal,confederation,Death of Sir John A. Macdonald,Season 28 · Viscount Wallace of Perth meets Death of Sir John A. Macdonald and resists.,"{""season"": 28, ""response"": ""Resist"", ""roll"": 2, ""personal_year"": 1891, ""magnitude"": ""Minor"", ""tag"": ""Mixed""}",engine,2026-09-08 13:29:24
173,,societal,confederation,Death of Sir John A. Macdonald,Season 28 · Baron Stefaniuk of Emerson meets Death of Sir John A. Macdonald and leads.,"{""season"": 28, ""response"": ""Lead"", ""roll"": 6, ""personal_year"": 1891, ""magnitude"": ""Minor"", ""tag"": ""Mixed""}",engine,2026-09-08 13:29:24
174,,relational,confederation,Viscount Benjamin of Bellechasse corresponds with Viscount Wallace of Perth,Season 28 · Viscount Benjamin of Bellechasse opens a correspondence with Viscount Wallace of Perth.,"{""season"": 28, ""marker"": ""+""}",engine,2026-09-08 13:29:24
175,,relational,confederation,Viscount Hays of Beloeil corresponds with Viscount Meagher of Chatham,Season 28 · Viscount Hays of Beloeil opens a correspondence with Viscount Meagher of Chatham.,"{""season"": 28, ""marker"": ""\u25ce""}",engine,2026-09-08 13:29:24
176,,societal,confederation,Canadian Pacific Railway Chartered,Season 28 · Baron Cornwall of Steveston meets Canadian Pacific Railway Chartered and exploits.,"{""season"": 28, ""response"": ""Exploit"", ""roll"": 5, ""personal_year"": 1881, ""magnitude"": ""Significant"", ""tag"": ""Mixed""}",engine,2026-09-08 13:29:24
177,,societal,confederation,National Policy,Season 28 · Baron Langelier de Charlevoix meets National Policy and exploits.,"{""season"": 28, ""response"": ""Exploit"", ""roll"": 5, ""personal_year"": 1878, ""magnitude"": ""Significant"", ""tag"": ""Conservative""}",engine,2026-09-08 13:29:24
178,,societal,confederation,Jesuits' Estates Act Controversy,Season 29 · Baron Elliott of Glengarry meets Jesuits' Estates Act Controversy and resists.,"{""season"": 29, ""response"": ""Resist"", ""roll"": 2, ""personal_year"": 1888, ""magnitude"": ""Significant"", ""tag"": ""Conservative""}",engine,2026-09-08 13:29:24
179,,succession,confederation,Baron Stefaniuk of Emerson: clean succession,Season 29 · Kost Stefaniuk succeeds to Baron Stefaniuk of Emerson.,"{""season"": 29, ""nature"": ""clean"", ""cause"": ""death""}",engine,2026-09-08 13:29:24
180,,relational,confederation,Baron Stefaniuk of Emerson corresponds with Baron Hoover of Simcoe,Season 29 · Baron Stefaniuk of Emerson opens a correspondence with Baron Hoover of Simcoe.,"{""season"": 29, ""marker"": ""\u25ce""}",engine,2026-09-08 13:29:24
181,,societal,confederation,Jesuits' Estates Act Controversy,Season 29 · Viscount Benjamin of Bellechasse meets Jesuits' Estates Act Controversy and resists.,"{""season"": 29, ""response"": ""Resist"", ""roll"": 2, ""personal_year"": 1888, ""magnitude"": ""Significant"", ""tag"": ""Conservative""}",engine,2026-09-08 13:29:24
182,,relational,confederation,Viscount Bouchard de Terrebonne corresponds with Viscount Wallace of Perth,Season 29 · Viscount Bouchard de Terrebonne opens a correspondence with Viscount Wallace of Perth.,"{""season"": 29, ""marker"": ""\u25ce""}",engine,2026-09-08 13:29:24
183,,societal,confederation,Montréal Smallpox Epidemic,Season 29 · Viscount Hays of Beloeil meets Montréal Smallpox Epidemic and leads.,"{""season"": 29, ""response"": ""Lead"", ""roll"": 7, ""personal_year"": 1885, ""magnitude"": ""Significant"", ""tag"": ""Progressive""}",engine,2026-09-08 13:29:24
184,,societal,confederation,CPR Strike,Season 29 · Baron McLellan of Belfast meets CPR Strike and resists.,"{""season"": 29, ""response"": ""Resist"", ""roll"": 2, ""personal_year"": 1883, ""magnitude"": ""Significant"", ""tag"": ""Mixed""}",engine,2026-09-08 13:29:24
185,,expansion,confederation,Baron McLellan of Belfast takes Malpeque,Season 29 · Baron McLellan of Belfast takes Malpeque.,"{""season"": 29, ""riding"": ""Malpeque"", ""roll"": 8}",engine,2026-09-08 13:29:24
186,,expansion,confederation,Baron Cornwall of Steveston takes Esquimalt—Saanich—Sooke,Season 29 · Baron Cornwall of Steveston takes Esquimalt—Saanich—Sooke.,"{""season"": 29, ""riding"": ""Esquimalt\u2014Saanich\u2014Sooke"", ""roll"": 9}",engine,2026-09-08 13:29:24
187,,societal,confederation,National Policy,Season 29 · Viscount Meagher of Chatham meets National Policy and resists.,"{""season"": 29, ""response"": ""Resist"", ""roll"": 3, ""personal_year"": 1878, ""magnitude"": ""Significant"", ""tag"": ""Conservative""}",engine,2026-09-08 13:29:24
188,,relational,confederation,Viscount Meagher of Chatham corresponds with Viscount Hays of Beloeil,Season 29 · Viscount Meagher of Chatham opens a correspondence with Viscount Hays of Beloeil.,"{""season"": 29, ""marker"": ""+""}",engine,2026-09-08 13:29:24
189,,societal,confederation,Indian Act,Season 29 · Baron Hoover of Simcoe meets Indian Act and resists.,"{""season"": 29, ""response"": ""Resist"", ""roll"": 3, ""personal_year"": 1876, ""magnitude"": ""Major"", ""tag"": ""Conservative""}",engine,2026-09-08 13:29:24
190,,relational,confederation,Viscount Benjamin of Bellechasse gives offence to Baron McLellan of Belfast,Season 30 · a letter from Viscount Benjamin of Bellechasse gives offence to Baron McLellan of Belfast.,"{""season"": 30, ""marker"": ""Sig\u2212"", ""cause"": ""correspondence""}",engine,2026-09-08 13:29:24
191,,expansion,confederation,Viscount Mercier de Rimouski takes Longueuil—Saint-Hubert,Season 30 · Viscount Mercier de Rimouski takes Longueuil—Saint-Hubert.,"{""season"": 30, ""riding"": ""Longueuil\u2014Saint-Hubert"", ""roll"": 7}",engine,2026-09-08 13:29:24
192,,relational,confederation,Viscount Bouchard de Terrebonne corresponds with Viscount Wallace of Perth,Season 30 · Viscount Bouchard de Terrebonne opens a correspondence with Viscount Wallace of Perth.,"{""season"": 30, ""marker"": ""+""}",engine,2026-09-08 13:29:24
193,,relational,confederation,Viscount Hays of Beloeil corresponds with Baron Elliott of Glengarry,Season 30 · Viscount Hays of Beloeil opens a correspondence with Baron Elliott of Glengarry.,"{""season"": 30, ""marker"": ""+""}",engine,2026-09-08 13:29:24
194,,societal,confederation,CPR Strike,Season 30 · Baron Cornwall of Steveston meets CPR Strike and exploits.,"{""season"": 30, ""response"": ""Exploit"", ""roll"": 5, ""personal_year"": 1883, ""magnitude"": ""Significant"", ""tag"": ""Mixed""}",engine,2026-09-08 13:29:24
195,,expansion,confederation,Baron Cornwall of Steveston takes Saanich—Gulf Islands,Season 30 · Baron Cornwall of Steveston takes Saanich—Gulf Islands.,"{""season"": 30, ""riding"": ""Saanich\u2014Gulf Islands"", ""roll"": 7}",engine,2026-09-08 13:29:24
196,,succession,confederation,Baron Hoover of Simcoe: clean succession,Season 30 · Anna Hoover succeeds to Baron Hoover of Simcoe.,"{""season"": 30, ""nature"": ""clean"", ""cause"": ""death""}",engine,2026-09-08 13:29:24
197,,societal,confederation,Manitoba Schools Question,Season 31 · Baron Elliott of Glengarry meets Manitoba Schools Question and resists.,"{""season"": 31, ""response"": ""Resist"", ""roll"": 2, ""personal_year"": 1890, ""magnitude"": ""Major"", ""tag"": ""Conservative""}",engine,2026-09-08 13:29:24
198,,relational,confederation,Baron Elliott of Glengarry and Viscount Hays of Beloeil form a compact,Season 31 · Baron Elliott of Glengarry and Viscount Hays of Beloeil enter into a compact.,"{""season"": 31, ""marker"": ""\u25c9+""}",engine,2026-09-08 13:29:24
199,,relational,confederation,Baron Stefaniuk of Emerson corresponds with Baron Hoover of Simcoe,Season 31 · Baron Stefaniuk of Emerson opens a correspondence with Baron Hoover of Simcoe.,"{""season"": 31, ""marker"": ""+""}",engine,2026-09-08 13:29:24
200,,societal,confederation,Manitoba Schools Question,Season 31 · Viscount Benjamin of Bellechasse meets Manitoba Schools Question and exploits.,"{""season"": 31, ""response"": ""Exploit"", ""roll"": 4, ""personal_year"": 1890, ""magnitude"": ""Major"", ""tag"": ""Conservative""}",engine,2026-09-08 13:29:24
201,,societal,confederation,North-West Resistance,Season 31 · Baron McLellan of Belfast meets North-West Resistance and exploits.,"{""season"": 31, ""response"": ""Exploit"", ""roll"": 5, ""personal_year"": 1885, ""magnitude"": ""Major"", ""tag"": ""Conservative""}",engine,2026-09-08 13:29:24
202,,expansion,confederation,Baron McLellan of Belfast takes Central Nova,Season 31 · Baron McLellan of Belfast takes Central Nova.,"{""season"": 31, ""riding"": ""Central Nova"", ""roll"": 10}",engine,2026-09-08 13:29:24
203,,expansion,confederation,Baron Cornwall of Steveston takes West Vancouver—Sunshine Coast—Sea to Sky Country,Season 31 · Baron Cornwall of Steveston takes West Vancouver—Sunshine Coast—Sea to Sky Country.,"{""season"": 31, ""riding"": ""West Vancouver\u2014Sunshine Coast\u2014Sea to Sky Country"", ""roll"": 8}",engine,2026-09-08 13:29:24
204,,societal,confederation,Canadian Pacific Railway Chartered,Season 31 · Baron Langelier de Charlevoix meets Canadian Pacific Railway Chartered and stands aside.,"{""season"": 31, ""response"": ""Neutral"", ""roll"": 1, ""personal_year"": 1881, ""magnitude"": ""Significant"", ""tag"": ""Mixed""}",engine,2026-09-08 13:29:24
205,,relational,confederation,Baron Hoover of Simcoe corresponds with Viscount Hays of Beloeil,Season 31 · Baron Hoover of Simcoe opens a correspondence with Viscount Hays of Beloeil.,"{""season"": 31, ""marker"": ""\u25ce""}",engine,2026-09-08 13:29:24
206,,societal,confederation,Death of Sir John A. Macdonald,Season 32 · Baron Elliott of Glengarry meets Death of Sir John A. Macdonald and leads.,"{""season"": 32, ""response"": ""Lead"", ""roll"": 7, ""personal_year"": 1891, ""magnitude"": ""Minor"", ""tag"": ""Mixed""}",engine,2026-09-08 13:29:24
207,,relational,confederation,Baron Stefaniuk of Emerson corresponds with Baron Elliott of Glengarry,Season 32 · Baron Stefaniuk of Emerson opens a correspondence with Baron Elliott of Glengarry.,"{""season"": 32, ""marker"": ""\u25ce""}",engine,2026-09-08 13:29:24
208,,societal,confederation,Death of Sir John A. Macdonald,Season 32 · Viscount Benjamin of Bellechasse meets Death of Sir John A. Macdonald and leads.,"{""season"": 32, ""response"": ""Lead"", ""roll"": 6, ""personal_year"": 1891, ""magnitude"": ""Minor"", ""tag"": ""Mixed""}",engine,2026-09-08 13:29:24
209,,expansion,confederation,Viscount Bouchard de Terrebonne takes Beauport—Limoilou,Season 32 · Viscount Bouchard de Terrebonne takes Beauport—Limoilou.,"{""season"": 32, ""riding"": ""Beauport\u2014Limoilou"", ""roll"": 7}",engine,2026-09-08 13:29:24
210,,societal,confederation,Jesuits' Estates Act Controversy,Season 32 · Viscount Hays of Beloeil meets Jesuits' Estates Act Controversy and exploits.,"{""season"": 32, ""response"": ""Exploit"", ""roll"": 5, ""personal_year"": 1888, ""magnitude"": ""Significant"", ""tag"": ""Conservative""}",engine,2026-09-08 13:29:24
211,,relational,confederation,Viscount Hays of Beloeil corresponds with Baron Hoover of Simcoe,Season 32 · Viscount Hays of Beloeil opens a correspondence with Baron Hoover of Simcoe.,"{""season"": 32, ""marker"": ""+""}",engine,2026-09-08 13:29:24
212,,societal,confederation,Montréal Smallpox Epidemic,Season 32 · Baron Cornwall of Steveston meets Montréal Smallpox Epidemic and exploits.,"{""season"": 32, ""response"": ""Exploit"", ""roll"": 4, ""personal_year"": 1885, ""magnitude"": ""Significant"", ""tag"": ""Progressive""}",engine,2026-09-08 13:29:24
213,,expansion,confederation,Baron Langelier de Charlevoix takes Jonquière,Season 32 · Baron Langelier de Charlevoix takes Jonquière.,"{""season"": 32, ""riding"": ""Jonqui\u00e8re"", ""roll"": 8}",engine,2026-09-08 13:29:24
214,,societal,confederation,Canadian Pacific Railway Chartered,Season 32 · Viscount Meagher of Chatham meets Canadian Pacific Railway Chartered and leads.,"{""season"": 32, ""response"": ""Lead"", ""roll"": 6, ""personal_year"": 1881, ""magnitude"": ""Significant"", ""tag"": ""Mixed""}",engine,2026-09-08 13:29:24
215,,societal,confederation,Laurier Elected,Season 33 · Viscount Wallace of Perth meets Laurier Elected and resists.,"{""season"": 33, ""response"": ""Resist"", ""roll"": 3, ""personal_year"": 1896, ""magnitude"": ""Significant"", ""tag"": ""Progressive""}",engine,2026-09-08 13:29:24
216,,other,confederation,Baron Stefaniuk of Emerson names an heir,Season 33 · Baron Stefaniuk of Emerson names Tekla Stefaniuk heir.,"{""season"": 33, ""heir_age"": 40, ""role"": ""heir""}",engine,2026-09-08 13:29:24
217,,relational,confederation,Viscount Benjamin of Bellechasse reconciles with Baron McLellan of Belfast,Season 33 · Viscount Benjamin of Bellechasse makes peace with Baron McLellan of Belfast.,"{""season"": 33, ""marker"": ""~""}",engine,2026-09-08 13:29:24
218,,relational,confederation,Viscount Mercier de Rimouski corresponds with Baron McLellan of Belfast,Season 33 · Viscount Mercier de Rimouski opens a correspondence with Baron McLellan of Belfast.,"{""season"": 33, ""marker"": ""+""}",engine,2026-09-08 13:29:24
219,,relational,confederation,Viscount Bouchard de Terrebonne and Baron McLellan of Belfast form a compact,Season 33 · Viscount Bouchard de Terrebonne and Baron McLellan of Belfast enter into a compact.,"{""season"": 33, ""marker"": ""\u25c9+""}",engine,2026-09-08 13:29:24
220,,relational,confederation,Viscount Hays of Beloeil corresponds with Baron Elliott of Glengarry,Season 33 · Viscount Hays of Beloeil opens a correspondence with Baron Elliott of Glengarry.,"{""season"": 33, ""marker"": ""\u25c9+""}",engine,2026-09-08 13:29:24
221,,societal,confederation,CPR Strike,Season 33 · Baron Langelier de Charlevoix meets CPR Strike and leads.,"{""season"": 33, ""response"": ""Lead"", ""roll"": 6, ""personal_year"": 1883, ""magnitude"": ""Significant"", ""tag"": ""Mixed""}",engine,2026-09-08 13:29:24
222,,relational,confederation,Viscount Meagher of Chatham and Viscount Hays of Beloeil form a compact,Season 33 · Viscount Meagher of Chatham and Viscount Hays of Beloeil enter into a compact.,"{""season"": 33, ""marker"": ""\u25c9+""}",engine,2026-09-08 13:29:24
223,,societal,confederation,Klondike Gold Rush,Season 34 · Viscount Wallace of Perth meets Klondike Gold Rush and exploits.,"{""season"": 34, ""response"": ""Exploit"", ""roll"": 5, ""personal_year"": 1897, ""magnitude"": ""Significant"", ""tag"": ""Mixed""}",engine,2026-09-08 13:29:24
224,,relational,confederation,Viscount Wallace of Perth corresponds with Viscount Bouchard de Terrebonne,Season 34 · Viscount Wallace of Perth opens a correspondence with Viscount Bouchard de Terrebonne.,"{""season"": 34, ""marker"": ""+""}",engine,2026-09-08 13:29:24
225,,expansion,confederation,Viscount Benjamin of Bellechasse takes Montmorency—Charlevoix,Season 34 · Viscount Benjamin of Bellechasse takes Montmorency—Charlevoix.,"{""season"": 34, ""riding"": ""Montmorency\u2014Charlevoix"", ""roll"": 8}",engine,2026-09-08 13:29:24
226,,societal,confederation,Manitoba Schools Question,Season 34 · Viscount Hays of Beloeil meets Manitoba Schools Question and exploits.,"{""season"": 34, ""response"": ""Exploit"", ""roll"": 4, ""personal_year"": 1890, ""magnitude"": ""Major"", ""tag"": ""Conservative""}",engine,2026-09-08 13:29:24
227,,societal,confederation,Jesuits' Estates Act Controversy,Season 34 · Baron McLellan of Belfast meets Jesuits' Estates Act Controversy and resists.,"{""season"": 34, ""response"": ""Resist"", ""roll"": 3, ""personal_year"": 1888, ""magnitude"": ""Significant"", ""tag"": ""Conservative""}",engine,2026-09-08 13:29:24
228,,relational,confederation,Baron McLellan of Belfast corresponds with Viscount Hays of Beloeil,Season 34 · Baron McLellan of Belfast opens a correspondence with Viscount Hays of Beloeil.,"{""season"": 34, ""marker"": ""\u25ce""}",engine,2026-09-08 13:29:24
229,,other,confederation,Baron Cornwall of Steveston endows an institution,Season 34 · Baron Cornwall of Steveston endows an institution.,"{""season"": 34}",engine,2026-09-08 13:29:24
230,,societal,confederation,CPR Strike,Season 34 · Viscount Meagher of Chatham meets CPR Strike and stands aside.,"{""season"": 34, ""response"": ""Neutral"", ""roll"": 1, ""personal_year"": 1883, ""magnitude"": ""Significant"", ""tag"": ""Mixed""}",engine,2026-09-08 13:29:24
231,,relational,confederation,Viscount Meagher of Chatham corresponds with Baron Langelier de Charlevoix,Season 34 · Viscount Meagher of Chatham opens a correspondence with Baron Langelier de Charlevoix.,"{""season"": 34, ""marker"": ""+""}",engine,2026-09-08 13:29:24
232,,relational,confederation,Baron Hoover of Simcoe corresponds with Baron Langelier de Charlevoix,Season 34 · Baron Hoover of Simcoe opens a correspondence with Baron Langelier de Charlevoix.,"{""season"": 34, ""marker"": ""\u25ce""}",engine,2026-09-08 13:29:24
233,,founding,confederation,Earl Forbes of Preston founded,"Season 34 · Earl Forbes of Preston is created, seated at Acadie—Annapolis.","{""season"": 34, ""stats"": {""capital"": 50, ""influence"": 47, ""cohesion"": 61, ""ambition"": 5}, ""community"": ""Scottish Presbyterian"", ""tag"": ""Mixed""}",engine,2026-09-08 13:29:24
234,,relational,confederation,Viscount Wallace of Perth corresponds with Baron Elliott of Glengarry,Season 35 · Viscount Wallace of Perth opens a correspondence with Baron Elliott of Glengarry.,"{""season"": 35, ""marker"": ""\u25ce""}",engine,2026-09-08 13:29:24
235,,succession,confederation,Viscount Benjamin of Bellechasse: clean succession,Season 35 · Emanuel Benjamin succeeds to Viscount Benjamin of Bellechasse.,"{""season"": 35, ""nature"": ""clean"", ""cause"": ""death""}",engine,2026-09-08 13:29:24
236,,expansion,confederation,Viscount Benjamin of Bellechasse takes Bécancour—Nicolet—Saurel—Alnôbak,Season 35 · Viscount Benjamin of Bellechasse takes Bécancour—Nicolet—Saurel—Alnôbak.,"{""season"": 35, ""riding"": ""B\u00e9cancour\u2014Nicolet\u2014Saurel\u2014Aln\u00f4bak"", ""roll"": 7}",engine,2026-09-08 13:29:24
237,,relational,confederation,Viscount Mercier de Rimouski and Baron McLellan of Belfast form a compact,Season 35 · Viscount Mercier de Rimouski and Baron McLellan of Belfast enter into a compact.,"{""season"": 35, ""marker"": ""\u25c9+""}",engine,2026-09-08 13:29:24
238,,societal,confederation,Canadian Pacific Railway Chartered,Season 35 · Viscount Bouchard de Terrebonne meets Canadian Pacific Railway Chartered and exploits.,"{""season"": 35, ""response"": ""Exploit"", ""roll"": 4, ""personal_year"": 1881, ""magnitude"": ""Significant"", ""tag"": ""Mixed""}",engine,2026-09-08 13:29:24
239,,societal,confederation,Death of Sir John A. Macdonald,Season 35 · Viscount Hays of Beloeil meets Death of Sir John A. Macdonald and leads.,"{""season"": 35, ""response"": ""Lead"", ""roll"": 6, ""personal_year"": 1891, ""magnitude"": ""Minor"", ""tag"": ""Mixed""}",engine,2026-09-08 13:29:24
240,,relational,confederation,Baron McLellan of Belfast corresponds with Viscount Hays of Beloeil,Season 35 · Baron McLellan of Belfast opens a correspondence with Viscount Hays of Beloeil.,"{""season"": 35, ""marker"": ""+""}",engine,2026-09-08 13:29:24
241,,societal,confederation,Jesuits' Estates Act Controversy,Season 35 · Baron Cornwall of Steveston meets Jesuits' Estates Act Controversy and stands aside.,"{""season"": 35, ""response"": ""Neutral"", ""roll"": 1, ""personal_year"": 1888, ""magnitude"": ""Significant"", ""tag"": ""Conservative""}",engine,2026-09-08 13:29:24
242,,societal,confederation,Last Spike at Craigellachie,Season 35 · Baron Langelier de Charlevoix meets Last Spike at Craigellachie and resists.,"{""season"": 35, ""response"": ""Resist"", ""roll"": 3, ""personal_year"": 1885, ""magnitude"": ""Significant"", ""tag"": ""Mixed""}",engine,2026-09-08 13:29:24
243,,relational,confederation,Earl Forbes of Preston corresponds with Baron Langelier de Charlevoix,Season 35 · Earl Forbes of Preston opens a correspondence with Baron Langelier de Charlevoix.,"{""season"": 35, ""marker"": ""\u25ce""}",engine,2026-09-08 13:29:24
244,,expansion,confederation,Baron Elliott of Glengarry takes Kanata,Season 36 · Baron Elliott of Glengarry takes Kanata.,"{""season"": 36, ""riding"": ""Kanata"", ""roll"": 7}",engine,2026-09-08 13:29:24
245,,societal,confederation,South African War,Season 36 · Viscount Wallace of Perth meets South African War and resists.,"{""season"": 36, ""response"": ""Resist"", ""roll"": 3, ""personal_year"": 1899, ""magnitude"": ""Major"", ""tag"": ""Conservative""}",engine,2026-09-08 13:29:24
246,,societal,confederation,Long Depression Reaches Canada,Season 36 · Baron Stefaniuk of Emerson meets Long Depression Reaches Canada and leads.,"{""season"": 36, ""response"": ""Lead"", ""roll"": 7, ""personal_year"": 1874, ""magnitude"": ""Major"", ""tag"": ""Conservative""}",engine,2026-09-08 13:29:24
247,,other,confederation,Viscount Mercier de Rimouski names an heir,Season 36 · Viscount Mercier de Rimouski names Léocadie Mercier heir.,"{""season"": 36, ""heir_age"": 14, ""role"": ""heir""}",engine,2026-09-08 13:29:24
248,,other,confederation,Viscount Bouchard de Terrebonne names an heir,Season 36 · Viscount Bouchard de Terrebonne names Blanche Bouchard heir.,"{""season"": 36, ""heir_age"": 18, ""role"": ""heir""}",engine,2026-09-08 13:29:24
249,,succession,confederation,Viscount Hays of Beloeil: clean succession,Season 36 · Lazarus Hays succeeds to Viscount Hays of Beloeil.,"{""season"": 36, ""nature"": ""clean"", ""cause"": ""death""}",engine,2026-09-08 13:29:24
250,,societal,confederation,Manitoba Schools Question,Season 36 · Baron McLellan of Belfast meets Manitoba Schools Question and exploits.,"{""season"": 36, ""response"": ""Exploit"", ""roll"": 5, ""personal_year"": 1890, ""magnitude"": ""Major"", ""tag"": ""Conservative""}",engine,2026-09-08 13:29:24
251,,societal,confederation,Last Spike at Craigellachie,Season 36 · Viscount Meagher of Chatham meets Last Spike at Craigellachie and resists.,"{""season"": 36, ""response"": ""Resist"", ""roll"": 3, ""personal_year"": 1885, ""magnitude"": ""Significant"", ""tag"": ""Mixed""}",engine,2026-09-08 13:29:24
252,,succession,confederation,Viscount Meagher of Chatham: clean succession,Season 36 · Josephine Meagher succeeds to Viscount Meagher of Chatham.,"{""season"": 36, ""nature"": ""clean"", ""cause"": ""death""}",engine,2026-09-08 13:29:24
253,,societal,confederation,Red River Resistance,Season 36 · Earl Forbes of Preston meets Red River Resistance and resists.,"{""season"": 36, ""response"": ""Resist"", ""roll"": 2, ""personal_year"": 1869, ""magnitude"": ""Major"", ""tag"": ""Mixed""}",engine,2026-09-08 13:29:24
254,,relational,confederation,Earl Forbes of Preston corresponds with Baron Langelier de Charlevoix,Season 36 · Earl Forbes of Preston opens a correspondence with Baron Langelier de Charlevoix.,"{""season"": 36, ""marker"": ""+""}",engine,2026-09-08 13:29:24
255,,founding,confederation,Baron Rochon de Rosedale founded,"Season 36 · Baron Rochon de Rosedale is created, seated at Don Valley West.","{""season"": 36, ""stats"": {""capital"": 38, ""influence"": 38, ""cohesion"": 63, ""ambition"": 8}, ""community"": ""Franco-Ontarian"", ""tag"": ""Conservative""}",engine,2026-09-08 13:29:24
256,,societal,confederation,Laurier Elected,Season 37 · Baron Elliott of Glengarry meets Laurier Elected and exploits.,"{""season"": 37, ""response"": ""Exploit"", ""roll"": 4, ""personal_year"": 1896, ""magnitude"": ""Significant"", ""tag"": ""Progressive""}",engine,2026-09-08 13:29:24
257,,relational,confederation,Baron Stefaniuk of Emerson corresponds with Baron Elliott of Glengarry,Season 37 · Baron Stefaniuk of Emerson opens a correspondence with Baron Elliott of Glengarry.,"{""season"": 37, ""marker"": ""+""}",engine,2026-09-08 13:29:24
258,,societal,confederation,CPR Strike,Season 37 · Viscount Bouchard de Terrebonne meets CPR Strike and exploits.,"{""season"": 37, ""response"": ""Exploit"", ""roll"": 5, ""personal_year"": 1883, ""magnitude"": ""Significant"", ""tag"": ""Mixed""}",engine,2026-09-08 13:29:24
259,,succession,confederation,Viscount Hays of Beloeil: disorderly succession,Season 37 · Viscount Hays of Beloeil passes in disorder to Sarah Hays.,"{""season"": 37, ""nature"": ""disorderly"", ""cause"": ""death""}",engine,2026-09-08 13:29:24
260,,societal,confederation,Death of Sir John A. Macdonald,Season 37 · Baron McLellan of Belfast meets Death of Sir John A. Macdonald and leads.,"{""season"": 37, ""response"": ""Lead"", ""roll"": 6, ""personal_year"": 1891, ""magnitude"": ""Minor"", ""tag"": ""Mixed""}",engine,2026-09-08 13:29:24
261,,expansion,confederation,Baron McLellan of Belfast takes Cape Breton—Canso—Antigonish,Season 37 · Baron McLellan of Belfast takes Cape Breton—Canso—Antigonish.,"{""season"": 37, ""riding"": ""Cape Breton\u2014Canso\u2014Antigonish"", ""roll"": 10}",engine,2026-09-08 13:29:24
262,,societal,confederation,Manitoba Schools Question,Season 37 · Baron Cornwall of Steveston meets Manitoba Schools Question and resists.,"{""season"": 37, ""response"": ""Resist"", ""roll"": 2, ""personal_year"": 1890, ""magnitude"": ""Major"", ""tag"": ""Conservative""}",engine,2026-09-08 13:29:24
263,,relational,confederation,Viscount Meagher of Chatham corresponds with Viscount Hays of Beloeil,Season 37 · Viscount Meagher of Chatham opens a correspondence with Viscount Hays of Beloeil.,"{""season"": 37, ""marker"": ""\u25c9+""}",engine,2026-09-08 13:29:24
264,,societal,confederation,Confederation Extension (Manitoba Act),Season 37 · Earl Forbes of Preston meets Confederation Extension (Manitoba Act) and exploits.,"{""season"": 37, ""response"": ""Exploit"", ""roll"": 4, ""personal_year"": 1870, ""magnitude"": ""Major"", ""tag"": ""Mixed""}",engine,2026-09-08 13:29:24
265,,relational,confederation,Earl Forbes of Preston corresponds with Baron Langelier de Charlevoix,Season 37 · Earl Forbes of Preston opens a correspondence with Baron Langelier de Charlevoix.,"{""season"": 37, ""marker"": ""+""}",engine,2026-09-08 13:29:24
266,,other,confederation,Baron Rochon de Rosedale names an heir,Season 37 · Baron Rochon de Rosedale names Olivier Rochon heir.,"{""season"": 37, ""heir_age"": 18, ""role"": ""heir""}",engine,2026-09-08 13:29:24
267,,societal,confederation,Klondike Gold Rush,Season 38 · Baron Elliott of Glengarry meets Klondike Gold Rush and resists.,"{""season"": 38, ""response"": ""Resist"", ""roll"": 3, ""personal_year"": 1897, ""magnitude"": ""Significant"", ""tag"": ""Mixed""}",engine,2026-09-08 13:29:24
268,,relational,confederation,Baron Elliott of Glengarry corresponds with Viscount Wallace of Perth,Season 38 · Baron Elliott of Glengarry opens a correspondence with Viscount Wallace of Perth.,"{""season"": 38, ""marker"": ""+""}",engine,2026-09-08 13:29:24
269,,expansion,dominion,Viscount Wallace of Perth takes Oxford,Season 38 · Viscount Wallace of Perth takes Oxford.,"{""season"": 38, ""riding"": ""Oxford"", ""roll"": 10}",engine,2026-09-08 13:29:24
270,,relational,confederation,Viscount Benjamin of Bellechasse corresponds with Baron McLellan of Belfast,Season 38 · Viscount Benjamin of Bellechasse opens a correspondence with Baron McLellan of Belfast.,"{""season"": 38, ""marker"": ""~""}",engine,2026-09-08 13:29:24
271,,relational,confederation,Viscount Mercier de Rimouski corresponds with Baron Elliott of Glengarry,Season 38 · Viscount Mercier de Rimouski opens a correspondence with Baron Elliott of Glengarry.,"{""season"": 38, ""marker"": ""\u25ce""}",engine,2026-09-08 13:29:24
272,,relational,confederation,Viscount Bouchard de Terrebonne corresponds with Viscount Hays of Beloeil,Season 38 · Viscount Bouchard de Terrebonne opens a correspondence with Viscount Hays of Beloeil.,"{""season"": 38, ""marker"": ""\u25ce""}",engine,2026-09-08 13:29:24
273,,societal,confederation,Death of Sir John A. Macdonald,Season 38 · Baron Cornwall of Steveston meets Death of Sir John A. Macdonald and leads.,"{""season"": 38, ""response"": ""Lead"", ""roll"": 7, ""personal_year"": 1891, ""magnitude"": ""Minor"", ""tag"": ""Mixed""}",engine,2026-09-08 13:29:24
274,,expansion,confederation,Baron Cornwall of Steveston takes Kamloops—Thompson—Nicola,Season 38 · Baron Cornwall of Steveston takes Kamloops—Thompson—Nicola.,"{""season"": 38, ""riding"": ""Kamloops\u2014Thompson\u2014Nicola"", ""roll"": 7}",engine,2026-09-08 13:29:24
275,,societal,confederation,Jesuits' Estates Act Controversy,Season 38 · Baron Langelier de Charlevoix meets Jesuits' Estates Act Controversy and resists.,"{""season"": 38, ""response"": ""Resist"", ""roll"": 2, ""personal_year"": 1888, ""magnitude"": ""Significant"", ""tag"": ""Conservative""}",engine,2026-09-08 13:29:24
276,,societal,confederation,British Columbia Joins; Treaty 1 Signed,Season 38 · Earl Forbes of Preston meets British Columbia Joins; Treaty 1 Signed and exploits.,"{""season"": 38, ""response"": ""Exploit"", ""roll"": 4, ""personal_year"": 1871, ""magnitude"": ""Significant"", ""tag"": ""Mixed""}",engine,2026-09-08 13:29:24
277,,societal,confederation,Red River Resistance,Season 38 · Baron Rochon de Rosedale meets Red River Resistance and exploits.,"{""season"": 38, ""response"": ""Exploit"", ""roll"": 4, ""personal_year"": 1869, ""magnitude"": ""Major"", ""tag"": ""Mixed""}",engine,2026-09-08 13:29:24
278,,expansion,confederation,Baron Rochon de Rosedale takes Beaches—East York,Season 38 · Baron Rochon de Rosedale takes Beaches—East York.,"{""season"": 38, ""riding"": ""Beaches\u2014East York"", ""roll"": 8}",engine,2026-09-08 13:29:24
279,,relational,confederation,Viscount Benjamin of Bellechasse and Viscount Mercier de Rimouski fall out,Season 39 · Viscount Benjamin of Bellechasse and Viscount Mercier de Rimouski fall out over a boundary the two houses read differently.,"{""season"": 39, ""marker"": ""Sig\u2212"", ""cause"": ""friction"", ""grievance"": ""a boundary the two houses read differently""}",engine,2026-09-08 13:29:24
280,,expansion,confederation,Baron Stefaniuk of Emerson takes Souris—Moose Mountain,Season 39 · Baron Stefaniuk of Emerson takes Souris—Moose Mountain.,"{""season"": 39, ""riding"": ""Souris\u2014Moose Mountain"", ""roll"": 8}",engine,2026-09-08 13:29:24
281,,societal,confederation,Montréal Smallpox Epidemic,Season 39 · Viscount Bouchard de Terrebonne meets Montréal Smallpox Epidemic and resists.,"{""season"": 39, ""response"": ""Resist"", ""roll"": 3, ""personal_year"": 1885, ""magnitude"": ""Significant"", ""tag"": ""Progressive""}",engine,2026-09-08 13:29:24
282,,relational,confederation,Viscount Hays of Beloeil corresponds with Viscount Bouchard de Terrebonne,Season 39 · Viscount Hays of Beloeil opens a correspondence with Viscount Bouchard de Terrebonne.,"{""season"": 39, ""marker"": ""+""}",engine,2026-09-08 13:29:24
283,,other,confederation,Viscount Meagher of Chatham names an heir,Season 39 · Viscount Meagher of Chatham names Eileen Meagher heir.,"{""season"": 39, ""heir_age"": 24, ""role"": ""heir""}",engine,2026-09-08 13:29:24
284,,societal,confederation,Confederation Extension (Manitoba Act),Season 39 · Baron Rochon de Rosedale meets Confederation Extension (Manitoba Act) and leads.,"{""season"": 39, ""response"": ""Lead"", ""roll"": 6, ""personal_year"": 1870, ""magnitude"": ""Major"", ""tag"": ""Mixed""}",engine,2026-09-08 13:29:24
285,,societal,confederation,South African War,Season 40 · Baron Elliott of Glengarry meets South African War and stands aside.,"{""season"": 40, ""response"": ""Neutral"", ""roll"": 1, ""personal_year"": 1899, ""magnitude"": ""Major"", ""tag"": ""Conservative""}",engine,2026-09-08 13:29:24
286,,societal,dominion,Alaska Boundary Award,Season 40 · Viscount Wallace of Perth meets Alaska Boundary Award and exploits.,"{""season"": 40, ""response"": ""Exploit"", ""roll"": 5, ""personal_year"": 1903, ""magnitude"": ""Minor"", ""tag"": ""Mixed""}",engine,2026-09-08 13:29:24
287,,expansion,dominion,Viscount Wallace of Perth takes Perth—Wellington,Season 40 · Viscount Wallace of Perth takes Perth—Wellington.,"{""season"": 40, ""riding"": ""Perth\u2014Wellington"", ""roll"": 7}",engine,2026-09-08 13:29:24
288,,transfer,confederation,Viscount Mercier de Rimouski loses Longueuil—Saint-Hubert,Season 40 · Viscount Mercier de Rimouski gives up Longueuil—Saint-Hubert (cession).,"{""season"": 40, ""reason"": ""cession"", ""riding"": ""Longueuil\u2014Saint-Hubert""}",engine,2026-09-08 13:29:24
289,,relational,confederation,Viscount Mercier de Rimouski settles with Viscount Benjamin of Bellechasse,Season 40 · Viscount Mercier de Rimouski settles its grievance with Viscount Benjamin of Bellechasse by cession.,"{""season"": 40, ""marker"": ""~"", ""ceded"": ""24042""}",engine,2026-09-08 13:29:24
290,,relational,confederation,Viscount Bouchard de Terrebonne and Baron McLellan of Belfast are joined by marriage,"Season 40 · Blanche Bouchard marries Elspeth McLellan, binding Viscount Bouchard de Terrebonne to Baron McLellan of Belfast.","{""season"": 40, ""marker"": ""kin""}",engine,2026-09-08 13:29:24
291,,other,confederation,Viscount Hays of Beloeil names an heir,Season 40 · Viscount Hays of Beloeil names Harris Hays heir.,"{""season"": 40, ""heir_age"": 13, ""role"": ""heir""}",engine,2026-09-08 13:29:24
292,,expansion,confederation,Baron McLellan of Belfast takes Cumberland—Colchester,Season 40 · Baron McLellan of Belfast takes Cumberland—Colchester.,"{""season"": 40, ""riding"": ""Cumberland\u2014Colchester"", ""roll"": 7}",engine,2026-09-08 13:29:24
293,,societal,confederation,Manitoba Schools Question,Season 40 · Baron Langelier de Charlevoix meets Manitoba Schools Question and stands aside.,"{""season"": 40, ""response"": ""Neutral"", ""roll"": 1, ""personal_year"": 1890, ""magnitude"": ""Major"", ""tag"": ""Conservative""}",engine,2026-09-08 13:29:24
294,,relational,confederation,Viscount Meagher of Chatham corresponds with Viscount Wallace of Perth,Season 40 · Viscount Meagher of Chatham opens a correspondence with Viscount Wallace of Perth.,"{""season"": 40, ""marker"": ""\u25ce""}",engine,2026-09-08 13:29:24
295,,societal,confederation,Pacific Scandal,Season 40 · Earl Forbes of Preston meets Pacific Scandal and resists.,"{""season"": 40, ""response"": ""Resist"", ""roll"": 2, ""personal_year"": 1873, ""magnitude"": ""Significant"", ""tag"": ""Progressive""}",engine,2026-09-08 13:29:24
296,,other,confederation,Earl Forbes of Preston names an heir,Season 40 · Earl Forbes of Preston names Donald Forbes heir.,"{""season"": 40, ""heir_age"": 29, ""role"": ""heir""}",engine,2026-09-08 13:29:24
297,,societal,confederation,British Columbia Joins; Treaty 1 Signed,Season 40 · Baron Rochon de Rosedale meets British Columbia Joins; Treaty 1 Signed and stands aside.,"{""season"": 40, ""response"": ""Neutral"", ""roll"": 1, ""personal_year"": 1871, ""magnitude"": ""Significant"", ""tag"": ""Mixed""}",engine,2026-09-08 13:29:24
298,,founding,confederation,Baron Patterson of Kennebecasis founded,"Season 40 · Baron Patterson of Kennebecasis is created, seated at Acadie—Bathurst.","{""season"": 40, ""stats"": {""capital"": 46, ""influence"": 24, ""cohesion"": 64, ""ambition"": 4}, ""community"": ""Scottish Presbyterian"", ""tag"": ""Mixed""}",engine,2026-09-08 13:29:24
299,,relational,confederation,Baron McLellan of Belfast corresponds with Viscount Bouchard de Terrebonne,Season 41 · Baron McLellan of Belfast opens a correspondence with Viscount Bouchard de Terrebonne.,"{""season"": 41, ""marker"": ""kin""}",engine,2026-09-08 13:29:24
300,,succession,confederation,Baron Cornwall of Steveston: clean succession,Season 41 · Frances Cornwall succeeds to Baron Cornwall of Steveston.,"{""season"": 41, ""nature"": ""clean"", ""cause"": ""death""}",engine,2026-09-08 13:29:24
301,,societal,confederation,Death of Sir John A. Macdonald,Season 41 · Baron Langelier de Charlevoix meets Death of Sir John A. Macdonald and stands aside.,"{""season"": 41, ""response"": ""Neutral"", ""roll"": 1, ""personal_year"": 1891, ""magnitude"": ""Minor"", ""tag"": ""Mixed""}",engine,2026-09-08 13:29:24
302,,societal,confederation,National Policy,Season 41 · Baron Hoover of Simcoe meets National Policy and exploits.,"{""season"": 41, ""response"": ""Exploit"", ""roll"": 4, ""personal_year"": 1878, ""magnitude"": ""Significant"", ""tag"": ""Conservative""}",engine,2026-09-08 13:29:24
303,,societal,confederation,Long Depression Reaches Canada,Season 41 · Earl Forbes of Preston meets Long Depression Reaches Canada and resists.,"{""season"": 41, ""response"": ""Resist"", ""roll"": 2, ""personal_year"": 1874, ""magnitude"": ""Major"", ""tag"": ""Conservative""}",engine,2026-09-08 13:29:24
304,,relational,confederation,Earl Forbes of Preston and Baron Langelier de Charlevoix are joined by marriage,"Season 41 · Donald Forbes marries Clémence Langelier, binding Earl Forbes of Preston to Baron Langelier de Charlevoix.","{""season"": 41, ""marker"": ""kin""}",engine,2026-09-08 13:29:24
305,,other,confederation,Baron Patterson of Kennebecasis names an heir,Season 41 · Baron Patterson of Kennebecasis names Farquhar Patterson heir.,"{""season"": 41, ""heir_age"": 22, ""role"": ""heir""}",engine,2026-09-08 13:29:24
306,,founding,confederation,Viscount Cameron of Cornwall founded,"Season 41 · Viscount Cameron of Cornwall is created, seated at Richmond Hill South.","{""season"": 41, ""stats"": {""capital"": 44, ""influence"": 26, ""cohesion"": 63, ""ambition"": 6}, ""community"": ""Scots Presbyterian"", ""tag"": ""Mixed""}",engine,2026-09-08 13:29:24
307,,societal,dominion,Alberta and Saskatchewan Created,Season 42 · Viscount Wallace of Perth meets Alberta and Saskatchewan Created and exploits.,"{""season"": 42, ""response"": ""Exploit"", ""roll"": 4, ""personal_year"": 1905, ""magnitude"": ""Significant"", ""tag"": ""Progressive""}",engine,2026-09-08 13:29:24
308,,relational,confederation,Baron Stefaniuk of Emerson corresponds with Baron Elliott of Glengarry,Season 42 · Baron Stefaniuk of Emerson opens a correspondence with Baron Elliott of Glengarry.,"{""season"": 42, ""marker"": ""+""}",engine,2026-09-08 13:29:24
309,,societal,confederation,Laurier Elected,Season 42 · Viscount Bouchard de Terrebonne meets Laurier Elected and stands aside.,"{""season"": 42, ""response"": ""Neutral"", ""roll"": 1, ""personal_year"": 1896, ""magnitude"": ""Significant"", ""tag"": ""Progressive""}",engine,2026-09-08 13:29:24
310,,societal,confederation,Laurier Elected,Season 42 · Baron McLellan of Belfast meets Laurier Elected and resists.,"{""season"": 42, ""response"": ""Resist"", ""roll"": 3, ""personal_year"": 1896, ""magnitude"": ""Significant"", ""tag"": ""Progressive""}",engine,2026-09-08 13:29:24
311,,expansion,confederation,Baron Langelier de Charlevoix takes Côte-Nord—Kawawachikamach—Nitassinan,Season 42 · Baron Langelier de Charlevoix takes Côte-Nord—Kawawachikamach—Nitassinan.,"{""season"": 42, ""riding"": ""C\u00f4te-Nord\u2014Kawawachikamach\u2014Nitassinan"", ""roll"": 8}",engine,2026-09-08 13:29:24
312,,other,confederation,Baron Hoover of Simcoe names an heir,Season 42 · Baron Hoover of Simcoe names Justina Hoover heir.,"{""season"": 42, ""heir_age"": 5, ""role"": ""heir""}",engine,2026-09-08 13:29:24
313,,societal,confederation,Pacific Scandal,Season 42 · Baron Rochon de Rosedale meets Pacific Scandal and exploits.,"{""season"": 42, ""response"": ""Exploit"", ""roll"": 5, ""personal_year"": 1873, ""magnitude"": ""Significant"", ""tag"": ""Progressive""}",engine,2026-09-08 13:29:24
314,,societal,confederation,Red River Resistance,Season 42 · Baron Patterson of Kennebecasis meets Red River Resistance and leads.,"{""season"": 42, ""response"": ""Lead"", ""roll"": 7, ""personal_year"": 1869, ""magnitude"": ""Major"", ""tag"": ""Mixed""}",engine,2026-09-08 13:29:24
315,,expansion,confederation,Baron Patterson of Kennebecasis takes Gaspésie—Les Îles-de-la-Madeleine—Listuguj,Season 42 · Baron Patterson of Kennebecasis takes Gaspésie—Les Îles-de-la-Madeleine—Listuguj.,"{""season"": 42, ""riding"": ""Gasp\u00e9sie\u2014Les \u00celes-de-la-Madeleine\u2014Listuguj"", ""roll"": 12}",engine,2026-09-08 13:29:24
316,,expansion,confederation,Baron Stefaniuk of Emerson takes Moose Jaw—Lake Centre—Lanigan,Season 43 · Baron Stefaniuk of Emerson takes Moose Jaw—Lake Centre—Lanigan.,"{""season"": 43, ""riding"": ""Moose Jaw\u2014Lake Centre\u2014Lanigan"", ""roll"": 7}",engine,2026-09-08 13:29:24
317,,societal,confederation,Chinese Immigration Act,Season 43 · Viscount Benjamin of Bellechasse meets Chinese Immigration Act and resists.,"{""season"": 43, ""response"": ""Resist"", ""roll"": 2, ""personal_year"": 1885, ""magnitude"": ""Significant"", ""tag"": ""Conservative""}",engine,2026-09-08 13:29:24
318,,societal,confederation,Chinese Immigration Act,Season 43 · Viscount Mercier de Rimouski meets Chinese Immigration Act and stands aside.,"{""season"": 43, ""response"": ""Neutral"", ""roll"": 0, ""personal_year"": 1885, ""magnitude"": ""Significant"", ""tag"": ""Conservative""}",engine,2026-09-08 13:29:24
319,,relational,confederation,Viscount Mercier de Rimouski and Baron Langelier de Charlevoix form a compact,Season 43 · Viscount Mercier de Rimouski and Baron Langelier de Charlevoix enter into a compact.,"{""season"": 43, ""marker"": ""\u25c9+""}",engine,2026-09-08 13:29:24
320,,societal,confederation,Klondike Gold Rush,Season 43 · Viscount Bouchard de Terrebonne meets Klondike Gold Rush and leads.,"{""season"": 43, ""response"": ""Lead"", ""roll"": 6, ""personal_year"": 1897, ""magnitude"": ""Significant"", ""tag"": ""Mixed""}",engine,2026-09-08 13:29:24
321,,societal,confederation,Diamond Jubilee,Season 43 · Baron McLellan of Belfast meets Diamond Jubilee and resists.,"{""season"": 43, ""response"": ""Resist"", ""roll"": 3, ""personal_year"": 1897, ""magnitude"": ""Minor"", ""tag"": ""Conservative""}",engine,2026-09-08 13:29:24
322,,expansion,confederation,Baron Cornwall of Steveston takes North Vancouver—Capilano,Season 43 · Baron Cornwall of Steveston takes North Vancouver—Capilano.,"{""season"": 43, ""riding"": ""North Vancouver\u2014Capilano"", ""roll"": 8}",engine,2026-09-08 13:29:24
323,,relational,confederation,Baron Langelier de Charlevoix corresponds with Baron Hoover of Simcoe,Season 43 · Baron Langelier de Charlevoix opens a correspondence with Baron Hoover of Simcoe.,"{""season"": 43, ""marker"": ""+""}",engine,2026-09-08 13:29:24
324,,relational,confederation,Viscount Meagher of Chatham and Viscount Hays of Beloeil are joined by marriage,"Season 43 · Eileen Meagher marries Harris Hays, binding Viscount Meagher of Chatham to Viscount Hays of Beloeil.","{""season"": 43, ""marker"": ""kin""}",engine,2026-09-08 13:29:24
325,,societal,confederation,Long Depression Reaches Canada,Season 43 · Baron Rochon de Rosedale meets Long Depression Reaches Canada and resists.,"{""season"": 43, ""response"": ""Resist"", ""roll"": 3, ""personal_year"": 1874, ""magnitude"": ""Major"", ""tag"": ""Conservative""}",engine,2026-09-08 13:29:24
326,,relational,confederation,Baron Rochon de Rosedale corresponds with Baron Patterson of Kennebecasis,Season 43 · Baron Rochon de Rosedale opens a correspondence with Baron Patterson of Kennebecasis.,"{""season"": 43, ""marker"": ""\u25ce""}",engine,2026-09-08 13:29:24
327,,societal,confederation,Confederation Extension (Manitoba Act),Season 43 · Baron Patterson of Kennebecasis meets Confederation Extension (Manitoba Act) and resists.,"{""season"": 43, ""response"": ""Resist"", ""roll"": 2, ""personal_year"": 1870, ""magnitude"": ""Major"", ""tag"": ""Mixed""}",engine,2026-09-08 13:29:24
328,,societal,confederation,Red River Resistance,Season 43 · Viscount Cameron of Cornwall meets Red River Resistance and leads.,"{""season"": 43, ""response"": ""Lead"", ""roll"": 6, ""personal_year"": 1869, ""magnitude"": ""Major"", ""tag"": ""Mixed""}",engine,2026-09-08 13:29:24
329,,relational,confederation,Viscount Cameron of Cornwall corresponds with Baron Hoover of Simcoe,Season 43 · Viscount Cameron of Cornwall opens a correspondence with Baron Hoover of Simcoe.,"{""season"": 43, ""marker"": ""\u25ce""}",engine,2026-09-08 13:29:24
330,,relational,confederation,Viscount Benjamin of Bellechasse and Baron Langelier de Charlevoix fall out,Season 44 · Viscount Benjamin of Bellechasse and Baron Langelier de Charlevoix fall out over the water rights of a shared river.,"{""season"": 44, ""marker"": ""Sig\u2212"", ""cause"": ""friction"", ""grievance"": ""the water rights of a shared river""}",engine,2026-09-08 13:29:24
331,,societal,dominion,Alaska Boundary Award,Season 44 · Baron Elliott of Glengarry meets Alaska Boundary Award and resists.,"{""season"": 44, ""response"": ""Resist"", ""roll"": 3, ""personal_year"": 1903, ""magnitude"": ""Minor"", ""tag"": ""Mixed""}",engine,2026-09-08 13:29:24
332,,relational,dominion,Baron Elliott of Glengarry corresponds with Viscount Mercier de Rimouski,Season 44 · Baron Elliott of Glengarry opens a correspondence with Viscount Mercier de Rimouski.,"{""season"": 44, ""marker"": ""+""}",engine,2026-09-08 13:29:24
333,,societal,dominion,Vancouver Anti-Asian Riots,Season 44 · Viscount Wallace of Perth meets Vancouver Anti-Asian Riots and stands aside.,"{""season"": 44, ""response"": ""Neutral"", ""roll"": 1, ""personal_year"": 1907, ""magnitude"": ""Significant"", ""tag"": ""Conservative""}",engine,2026-09-08 13:29:24
334,,relational,dominion,Viscount Wallace of Perth corresponds with Viscount Meagher of Chatham,Season 44 · Viscount Wallace of Perth opens a correspondence with Viscount Meagher of Chatham.,"{""season"": 44, ""marker"": ""+""}",engine,2026-09-08 13:29:24
335,,relational,confederation,Baron Stefaniuk of Emerson corresponds with Baron Langelier de Charlevoix,Season 44 · Baron Stefaniuk of Emerson opens a correspondence with Baron Langelier de Charlevoix.,"{""season"": 44, ""marker"": ""\u25ce""}",engine,2026-09-08 13:29:24
336,,other,confederation,Viscount Benjamin of Bellechasse names an heir,Season 44 · Viscount Benjamin of Bellechasse names Bertha Benjamin heir.,"{""season"": 44, ""heir_age"": 20, ""role"": ""heir""}",engine,2026-09-08 13:29:24
337,,expansion,confederation,Viscount Bouchard de Terrebonne takes Portneuf—Jacques-Cartier,Season 44 · Viscount Bouchard de Terrebonne takes Portneuf—Jacques-Cartier.,"{""season"": 44, ""riding"": ""Portneuf\u2014Jacques-Cartier"", ""roll"": 11}",engine,2026-09-08 13:29:24
338,,relational,confederation,Viscount Hays of Beloeil corresponds with Viscount Meagher of Chatham,Season 44 · Viscount Hays of Beloeil opens a correspondence with Viscount Meagher of Chatham.,"{""season"": 44, ""marker"": ""kin""}",engine,2026-09-08 13:29:24
339,,relational,confederation,Baron Langelier de Charlevoix corresponds with Baron Stefaniuk of Emerson,Season 44 · Baron Langelier de Charlevoix opens a correspondence with Baron Stefaniuk of Emerson.,"{""season"": 44, ""marker"": ""+""}",engine,2026-09-08 13:29:24
340,,relational,confederation,Viscount Meagher of Chatham corresponds with Viscount Cameron of Cornwall,Season 44 · Viscount Meagher of Chatham opens a correspondence with Viscount Cameron of Cornwall.,"{""season"": 44, ""marker"": ""\u25ce""}",engine,2026-09-08 13:29:24
341,,societal,confederation,Canadian Pacific Railway Chartered,Season 44 · Baron Hoover of Simcoe meets Canadian Pacific Railway Chartered and leads.,"{""season"": 44, ""response"": ""Lead"", ""roll"": 6, ""personal_year"": 1881, ""magnitude"": ""Significant"", ""tag"": ""Mixed""}",engine,2026-09-08 13:29:24
342,,relational,confederation,Baron Hoover of Simcoe and Baron Stefaniuk of Emerson are joined by marriage,"Season 44 · Justina Hoover marries Tekla Stefaniuk, binding Baron Hoover of Simcoe to Baron Stefaniuk of Emerson.","{""season"": 44, ""marker"": ""kin""}",engine,2026-09-08 13:29:24
343,,societal,confederation,British Columbia Joins; Treaty 1 Signed,Season 44 · Baron Patterson of Kennebecasis meets British Columbia Joins; Treaty 1 Signed and leads.,"{""season"": 44, ""response"": ""Lead"", ""roll"": 7, ""personal_year"": 1871, ""magnitude"": ""Significant"", ""tag"": ""Mixed""}",engine,2026-09-08 13:29:24
344,,societal,confederation,Confederation Extension (Manitoba Act),Season 44 · Viscount Cameron of Cornwall meets Confederation Extension (Manitoba Act) and leads.,"{""season"": 44, ""response"": ""Lead"", ""roll"": 6, ""personal_year"": 1870, ""magnitude"": ""Major"", ""tag"": ""Mixed""}",engine,2026-09-08 13:29:24
345,,other,confederation,Viscount Cameron of Cornwall names an heir,Season 44 · Viscount Cameron of Cornwall names Isabella Cameron heir.,"{""season"": 44, ""heir_age"": 31, ""role"": ""heir""}",engine,2026-09-08 13:29:24
346,,founding,confederation,Baron Bird of Winnipeg founded,"Season 44 · Baron Bird of Winnipeg is created, seated at Winnipeg Centre.","{""season"": 44, ""stats"": {""capital"": 34, ""influence"": 31, ""cohesion"": 78, ""ambition"": 9}, ""community"": ""Cree and Saulteaux"", ""tag"": ""Conservative""}",engine,2026-09-08 13:29:24
347,,relational,dominion,Baron Elliott of Glengarry and Viscount Wallace of Perth form a compact,Season 45 · Baron Elliott of Glengarry and Viscount Wallace of Perth enter into a compact.,"{""season"": 45, ""marker"": ""\u25c9+""}",engine,2026-09-08 13:29:24
348,,societal,confederation,South African War,Season 45 · Viscount Bouchard de Terrebonne meets South African War and exploits.,"{""season"": 45, ""response"": ""Exploit"", ""roll"": 4, ""personal_year"": 1899, ""magnitude"": ""Major"", ""tag"": ""Conservative""}",engine,2026-09-08 13:29:24
349,,expansion,confederation,Viscount Bouchard de Terrebonne takes Charlesbourg—Haute-Saint-Charles,Season 45 · Viscount Bouchard de Terrebonne takes Charlesbourg—Haute-Saint-Charles.,"{""season"": 45, ""riding"": ""Charlesbourg\u2014Haute-Saint-Charles"", ""roll"": 7}",engine,2026-09-08 13:29:24
350,,societal,confederation,South African War,Season 45 · Baron McLellan of Belfast meets South African War and resists.,"{""season"": 45, ""response"": ""Resist"", ""roll"": 3, ""personal_year"": 1899, ""magnitude"": ""Major"", ""tag"": ""Conservative""}",engine,2026-09-08 13:29:24
351,,other,confederation,Baron Cornwall of Steveston names an heir,Season 45 · Baron Cornwall of Steveston names Eleanor Cornwall heir.,"{""season"": 45, ""heir_age"": 12, ""role"": ""heir""}",engine,2026-09-08 13:29:24
352,,societal,confederation,CPR Strike,Season 45 · Baron Hoover of Simcoe meets CPR Strike and leads.,"{""season"": 45, ""response"": ""Lead"", ""roll"": 7, ""personal_year"": 1883, ""magnitude"": ""Significant"", ""tag"": ""Mixed""}",engine,2026-09-08 13:29:24
353,,societal,confederation,Indian Act,Season 45 · Baron Rochon de Rosedale meets Indian Act and leads.,"{""season"": 45, ""response"": ""Lead"", ""roll"": 6, ""personal_year"": 1876, ""magnitude"": ""Major"", ""tag"": ""Conservative""}",engine,2026-09-08 13:29:24
354,,societal,confederation,British Columbia Joins; Treaty 1 Signed,Season 45 · Viscount Cameron of Cornwall meets British Columbia Joins; Treaty 1 Signed and resists.,"{""season"": 45, ""response"": ""Resist"", ""roll"": 3, ""personal_year"": 1871, ""magnitude"": ""Significant"", ""tag"": ""Mixed""}",engine,2026-09-08 13:29:24
355,,other,confederation,Baron Bird of Winnipeg names an heir,Season 45 · Baron Bird of Winnipeg names Thomas Bird heir.,"{""season"": 45, ""heir_age"": 28, ""role"": ""heir""}",engine,2026-09-08 13:29:24
356,,societal,dominion,Alberta and Saskatchewan Created,Season 46 · Baron Elliott of Glengarry meets Alberta and Saskatchewan Created and leads.,"{""season"": 46, ""response"": ""Lead"", ""roll"": 6, ""personal_year"": 1905, ""magnitude"": ""Significant"", ""tag"": ""Progressive""}",engine,2026-09-08 13:29:24
357,,relational,confederation,Baron Stefaniuk of Emerson corresponds with Baron Hoover of Simcoe,Season 46 · Baron Stefaniuk of Emerson opens a correspondence with Baron Hoover of Simcoe.,"{""season"": 46, ""marker"": ""kin""}",engine,2026-09-08 13:29:24
358,,expansion,confederation,Viscount Benjamin of Bellechasse takes Côte-du-Sud—Rivière-du-Loup—Kataskomiq—Témiscouata,Season 46 · Viscount Benjamin of Bellechasse takes Côte-du-Sud—Rivière-du-Loup—Kataskomiq—Témiscouata.,"{""season"": 46, ""riding"": ""C\u00f4te-du-Sud\u2014Rivi\u00e8re-du-Loup\u2014Kataskomiq\u2014T\u00e9miscouata"", ""roll"": 8}",engine,2026-09-08 13:29:24
359,,societal,confederation,Jesuits' Estates Act Controversy,Season 46 · Viscount Mercier de Rimouski meets Jesuits' Estates Act Controversy and resists.,"{""season"": 46, ""response"": ""Resist"", ""roll"": 3, ""personal_year"": 1888, ""magnitude"": ""Significant"", ""tag"": ""Conservative""}",engine,2026-09-08 13:29:24
360,,relational,confederation,Viscount Mercier de Rimouski corresponds with Baron Bird of Winnipeg,Season 46 · Viscount Mercier de Rimouski opens a correspondence with Baron Bird of Winnipeg.,"{""season"": 46, ""marker"": ""\u25ce""}",engine,2026-09-08 13:29:24
361,,relational,dominion,Viscount Bouchard de Terrebonne corresponds with Baron McLellan of Belfast,Season 46 · Viscount Bouchard de Terrebonne opens a correspondence with Baron McLellan of Belfast.,"{""season"": 46, ""marker"": ""kin""}",engine,2026-09-08 13:29:24
362,,societal,confederation,Laurier Elected,Season 46 · Baron Langelier de Charlevoix meets Laurier Elected and leads.,"{""season"": 46, ""response"": ""Lead"", ""roll"": 7, ""personal_year"": 1896, ""magnitude"": ""Significant"", ""tag"": ""Progressive""}",engine,2026-09-08 13:29:24
363,,societal,confederation,Laurier Elected,Season 46 · Earl Forbes of Preston meets Laurier Elected and leads.,"{""season"": 46, ""response"": ""Lead"", ""roll"": 6, ""personal_year"": 1896, ""magnitude"": ""Significant"", ""tag"": ""Progressive""}",engine,2026-09-08 13:29:24
364,,expansion,confederation,Earl Forbes of Preston takes Kings—Hants,Season 46 · Earl Forbes of Preston takes Kings—Hants.,"{""season"": 46, ""riding"": ""Kings\u2014Hants"", ""roll"": 7}",engine,2026-09-08 13:29:24
365,,societal,confederation,Pacific Scandal,Season 46 · Baron Patterson of Kennebecasis meets Pacific Scandal and exploits.,"{""season"": 46, ""response"": ""Exploit"", ""roll"": 5, ""personal_year"": 1873, ""magnitude"": ""Significant"", ""tag"": ""Progressive""}",engine,2026-09-08 13:29:24
366,,societal,confederation,Red River Resistance,Season 46 · Baron Bird of Winnipeg meets Red River Resistance and stands aside.,"{""season"": 46, ""response"": ""Neutral"", ""roll"": 1, ""personal_year"": 1869, ""magnitude"": ""Major"", ""tag"": ""Mixed""}",engine,2026-09-08 13:29:24
367,,founding,confederation,Baron Cardinal of Steinbach founded,"Season 46 · Baron Cardinal of Steinbach is created, seated at Winnipeg South.","{""season"": 46, ""stats"": {""capital"": 48, ""influence"": 30, ""cohesion"": 80, ""ambition"": 5}, ""community"": ""Cree and Saulteaux"", ""tag"": ""Mixed""}",engine,2026-09-08 13:29:24
368,,societal,dominion,Naval Service Act,Season 47 · Viscount Wallace of Perth meets Naval Service Act and stands aside.,"{""season"": 47, ""response"": ""Neutral"", ""roll"": 1, ""personal_year"": 1910, ""magnitude"": ""Significant"", ""tag"": ""Mixed""}",engine,2026-09-08 13:29:24
369,,societal,confederation,Chinese Immigration Act,Season 47 · Baron Stefaniuk of Emerson meets Chinese Immigration Act and resists.,"{""season"": 47, ""response"": ""Resist"", ""roll"": 3, ""personal_year"": 1885, ""magnitude"": ""Significant"", ""tag"": ""Conservative""}",engine,2026-09-08 13:29:24
370,,succession,confederation,Baron Stefaniuk of Emerson: clean succession,Season 47 · Tekla Stefaniuk succeeds to Baron Stefaniuk of Emerson.,"{""season"": 47, ""nature"": ""clean"", ""cause"": ""death""}",engine,2026-09-08 13:29:24
371,,societal,confederation,Diamond Jubilee,Season 47 · Baron Langelier de Charlevoix meets Diamond Jubilee and resists.,"{""season"": 47, ""response"": ""Resist"", ""roll"": 2, ""personal_year"": 1897, ""magnitude"": ""Minor"", ""tag"": ""Conservative""}",engine,2026-09-08 13:29:24
372,,societal,confederation,North-West Resistance,Season 47 · Baron Hoover of Simcoe meets North-West Resistance and exploits.,"{""season"": 47, ""response"": ""Exploit"", ""roll"": 4, ""personal_year"": 1885, ""magnitude"": ""Major"", ""tag"": ""Conservative""}",engine,2026-09-08 13:29:24
373,,expansion,confederation,Baron Hoover of Simcoe takes Ottawa—Vanier—Gloucester,Season 47 · Baron Hoover of Simcoe takes Ottawa—Vanier—Gloucester.,"{""season"": 47, ""riding"": ""Ottawa\u2014Vanier\u2014Gloucester"", ""roll"": 8}",engine,2026-09-08 13:29:24
374,,societal,confederation,Klondike Gold Rush,Season 47 · Earl Forbes of Preston meets Klondike Gold Rush and leads.,"{""season"": 47, ""response"": ""Lead"", ""roll"": 6, ""personal_year"": 1897, ""magnitude"": ""Significant"", ""tag"": ""Mixed""}",engine,2026-09-08 13:29:24
375,,societal,confederation,National Policy,Season 47 · Baron Rochon de Rosedale meets National Policy and leads.,"{""season"": 47, ""response"": ""Lead"", ""roll"": 7, ""personal_year"": 1878, ""magnitude"": ""Significant"", ""tag"": ""Conservative""}",engine,2026-09-08 13:29:24
376,,relational,confederation,Baron Rochon de Rosedale gives offence to Baron Patterson of Kennebecasis,Season 47 · a letter from Baron Rochon de Rosedale gives offence to Baron Patterson of Kennebecasis.,"{""season"": 47, ""marker"": ""Sig\u2212"", ""cause"": ""correspondence""}",engine,2026-09-08 13:29:24
377,,societal,confederation,Long Depression Reaches Canada,Season 47 · Baron Patterson of Kennebecasis meets Long Depression Reaches Canada and resists.,"{""season"": 47, ""response"": ""Resist"", ""roll"": 3, ""personal_year"": 1874, ""magnitude"": ""Major"", ""tag"": ""Conservative""}",engine,2026-09-08 13:29:24
378,,societal,confederation,Pacific Scandal,Season 47 · Viscount Cameron of Cornwall meets Pacific Scandal and resists.,"{""season"": 47, ""response"": ""Resist"", ""roll"": 3, ""personal_year"": 1873, ""magnitude"": ""Significant"", ""tag"": ""Progressive""}",engine,2026-09-08 13:29:24
379,,expansion,confederation,Viscount Cameron of Cornwall takes Markham—Unionville,Season 47 · Viscount Cameron of Cornwall takes Markham—Unionville.,"{""season"": 47, ""riding"": ""Markham\u2014Unionville"", ""roll"": 11}",engine,2026-09-08 13:29:24
380,,societal,confederation,Confederation Extension (Manitoba Act),Season 47 · Baron Bird of Winnipeg meets Confederation Extension (Manitoba Act) and leads.,"{""season"": 47, ""response"": ""Lead"", ""roll"": 6, ""personal_year"": 1870, ""magnitude"": ""Major"", ""tag"": ""Mixed""}",engine,2026-09-08 13:29:24
381,,founding,confederation,Baron Rouleau de LaSalle founded,"Season 47 · Baron Rouleau de LaSalle is created, seated at Dorval—Lachine—LaSalle.","{""season"": 47, ""stats"": {""capital"": 44, ""influence"": 36, ""cohesion"": 65, ""ambition"": 10}, ""community"": ""Canadien Catholic"", ""tag"": ""Progressive""}",engine,2026-09-08 13:29:24
382,,societal,dominion,Vancouver Anti-Asian Riots,Season 48 · Baron Elliott of Glengarry meets Vancouver Anti-Asian Riots and exploits.,"{""season"": 48, ""response"": ""Exploit"", ""roll"": 4, ""personal_year"": 1907, ""magnitude"": ""Significant"", ""tag"": ""Conservative""}",engine,2026-09-08 13:29:24
383,,societal,dominion,Reciprocity Election,Season 48 · Viscount Wallace of Perth meets Reciprocity Election and exploits.,"{""season"": 48, ""response"": ""Exploit"", ""roll"": 4, ""personal_year"": 1911, ""magnitude"": ""Significant"", ""tag"": ""Conservative""}",engine,2026-09-08 13:29:24
384,,societal,confederation,Manitoba Schools Question,Season 48 · Viscount Mercier de Rimouski meets Manitoba Schools Question and resists.,"{""season"": 48, ""response"": ""Resist"", ""roll"": 2, ""personal_year"": 1890, ""magnitude"": ""Major"", ""tag"": ""Conservative""}",engine,2026-09-08 13:29:24
385,,expansion,confederation,Viscount Hays of Beloeil takes Hochelaga—Rosemont-Est,Season 48 · Viscount Hays of Beloeil takes Hochelaga—Rosemont-Est.,"{""season"": 48, ""riding"": ""Hochelaga\u2014Rosemont-Est"", ""roll"": 7}",engine,2026-09-08 13:29:24
386,,succession,dominion,Baron McLellan of Belfast: clean succession,Season 48 · Elspeth McLellan succeeds to Baron McLellan of Belfast.,"{""season"": 48, ""nature"": ""clean"", ""cause"": ""death""}",engine,2026-09-08 13:29:24
387,,relational,confederation,Viscount Meagher of Chatham corresponds with Viscount Cameron of Cornwall,Season 48 · Viscount Meagher of Chatham opens a correspondence with Viscount Cameron of Cornwall.,"{""season"": 48, ""marker"": ""+""}",engine,2026-09-08 13:29:24
388,,relational,confederation,Baron Hoover of Simcoe corresponds with Viscount Cameron of Cornwall,Season 48 · Baron Hoover of Simcoe opens a correspondence with Viscount Cameron of Cornwall.,"{""season"": 48, ""marker"": ""+""}",engine,2026-09-08 13:29:24
389,,transfer,confederation,Viscount Cameron of Cornwall loses Markham—Unionville,Season 48 · Viscount Cameron of Cornwall gives up Markham—Unionville (contraction sale).,"{""season"": 48, ""reason"": ""contraction sale"", ""riding"": ""Markham\u2014Unionville""}",engine,2026-09-08 13:29:24
390,,societal,confederation,Long Depression Reaches Canada,Season 48 · Viscount Cameron of Cornwall meets Long Depression Reaches Canada and stands aside.,"{""season"": 48, ""response"": ""Neutral"", ""roll"": 1, ""personal_year"": 1874, ""magnitude"": ""Major"", ""tag"": ""Conservative""}",engine,2026-09-08 13:29:24
391,,societal,confederation,British Columbia Joins; Treaty 1 Signed,Season 48 · Baron Bird of Winnipeg meets British Columbia Joins; Treaty 1 Signed and exploits.,"{""season"": 48, ""response"": ""Exploit"", ""roll"": 5, ""personal_year"": 1871, ""magnitude"": ""Significant"", ""tag"": ""Mixed""}",engine,2026-09-08 13:29:24
392,,societal,confederation,Red River Resistance,Season 48 · Baron Cardinal of Steinbach meets Red River Resistance and leads.,"{""season"": 48, ""response"": ""Lead"", ""roll"": 6, ""personal_year"": 1869, ""magnitude"": ""Major"", ""tag"": ""Mixed""}",engine,2026-09-08 13:29:24
393,,other,confederation,Baron Rouleau de LaSalle names an heir,Season 48 · Baron Rouleau de LaSalle names Octavien Rouleau heir.,"{""season"": 48, ""heir_age"": 33, ""role"": ""heir""}",engine,2026-09-08 13:29:24
394,,societal,dominion,Regulation 17,Season 49 · Viscount Wallace of Perth meets Regulation 17 and exploits.,"{""season"": 49, ""response"": ""Exploit"", ""roll"": 5, ""personal_year"": 1912, ""magnitude"": ""Major"", ""tag"": ""Conservative""}",engine,2026-09-08 13:29:24
395,,expansion,dominion,Viscount Wallace of Perth takes Hamilton Centre,Season 49 · Viscount Wallace of Perth takes Hamilton Centre.,"{""season"": 49, ""riding"": ""Hamilton Centre"", ""roll"": 7}",engine,2026-09-08 13:29:24
396,,societal,confederation,Death of Sir John A. Macdonald,Season 49 · Viscount Mercier de Rimouski meets Death of Sir John A. Macdonald and leads.,"{""season"": 49, ""response"": ""Lead"", ""roll"": 6, ""personal_year"": 1891, ""magnitude"": ""Minor"", ""tag"": ""Mixed""}",engine,2026-09-08 13:29:24
397,,societal,dominion,Alaska Boundary Award,Season 49 · Viscount Bouchard de Terrebonne meets Alaska Boundary Award and exploits.,"{""season"": 49, ""response"": ""Exploit"", ""roll"": 5, ""personal_year"": 1903, ""magnitude"": ""Minor"", ""tag"": ""Mixed""}",engine,2026-09-08 13:29:24
398,,expansion,dominion,Viscount Bouchard de Terrebonne takes Lévis—Lotbinière,Season 49 · Viscount Bouchard de Terrebonne takes Lévis—Lotbinière.,"{""season"": 49, ""riding"": ""L\u00e9vis\u2014Lotbini\u00e8re"", ""roll"": 9}",engine,2026-09-08 13:29:24
399,,relational,confederation,Viscount Hays of Beloeil corresponds with Baron Bird of Winnipeg,Season 49 · Viscount Hays of Beloeil opens a correspondence with Baron Bird of Winnipeg.,"{""season"": 49, ""marker"": ""\u25ce""}",engine,2026-09-08 13:29:24
400,,societal,confederation,South African War,Season 49 · Baron Langelier de Charlevoix meets South African War and exploits.,"{""season"": 49, ""response"": ""Exploit"", ""roll"": 5, ""personal_year"": 1899, ""magnitude"": ""Major"", ""tag"": ""Conservative""}",engine,2026-09-08 13:29:24
401,,relational,confederation,Baron Hoover of Simcoe corresponds with Baron Langelier de Charlevoix,Season 49 · Baron Hoover of Simcoe opens a correspondence with Baron Langelier de Charlevoix.,"{""season"": 49, ""marker"": ""+""}",engine,2026-09-08 13:29:24
402,,societal,confederation,South African War,Season 49 · Earl Forbes of Preston meets South African War and exploits.,"{""season"": 49, ""response"": ""Exploit"", ""roll"": 5, ""personal_year"": 1899, ""magnitude"": ""Major"", ""tag"": ""Conservative""}",engine,2026-09-08 13:29:24
403,,succession,confederation,Earl Forbes of Preston: clean succession,Season 49 · Donald Forbes succeeds to Earl Forbes of Preston.,"{""season"": 49, ""nature"": ""clean"", ""cause"": ""death""}",engine,2026-09-08 13:29:24
404,,societal,confederation,Indian Act,Season 49 · Baron Patterson of Kennebecasis meets Indian Act and exploits.,"{""season"": 49, ""response"": ""Exploit"", ""roll"": 4, ""personal_year"": 1876, ""magnitude"": ""Major"", ""tag"": ""Conservative""}",engine,2026-09-08 13:29:24
405,,expansion,confederation,Baron Bird of Winnipeg takes Winnipeg West,Season 49 · Baron Bird of Winnipeg takes Winnipeg West.,"{""season"": 49, ""riding"": ""Winnipeg West"", ""roll"": 12}",engine,2026-09-08 13:29:24
406,,societal,confederation,Confederation Extension (Manitoba Act),Season 49 · Baron Cardinal of Steinbach meets Confederation Extension (Manitoba Act) and leads.,"{""season"": 49, ""response"": ""Lead"", ""roll"": 7, ""personal_year"": 1870, ""magnitude"": ""Major"", ""tag"": ""Mixed""}",engine,2026-09-08 13:29:24
407,,expansion,confederation,Baron Cardinal of Steinbach takes Winnipeg South Centre,Season 49 · Baron Cardinal of Steinbach takes Winnipeg South Centre.,"{""season"": 49, ""riding"": ""Winnipeg South Centre"", ""roll"": 7}",engine,2026-09-08 13:29:24
408,,societal,confederation,Red River Resistance,Season 49 · Baron Rouleau de LaSalle meets Red River Resistance and exploits.,"{""season"": 49, ""response"": ""Exploit"", ""roll"": 5, ""personal_year"": 1869, ""magnitude"": ""Major"", ""tag"": ""Mixed""}",engine,2026-09-08 13:29:24
409,,founding,confederation,Viscount Hendrie of Brampton founded,"Season 49 · Viscount Hendrie of Brampton is created, seated at Brampton Centre.","{""season"": 49, ""stats"": {""capital"": 49, ""influence"": 42, ""cohesion"": 68, ""ambition"": 1}, ""community"": ""Toronto Industrial and Commercial"", ""tag"": ""Progressive""}",engine,2026-09-08 13:29:24
410,,succession,dominion,Baron Elliott of Glengarry: clean succession,Season 50 · Norah Elliott succeeds to Baron Elliott of Glengarry.,"{""season"": 50, ""nature"": ""clean"", ""cause"": ""death""}",engine,2026-09-08 13:29:24
411,,relational,confederation,Baron Elliott of Glengarry corresponds with Baron Hoover of Simcoe,Season 50 · Baron Elliott of Glengarry opens a correspondence with Baron Hoover of Simcoe.,"{""season"": 50, ""marker"": ""\u25ce""}",engine,2026-09-08 13:29:24
412,,succession,dominion,Viscount Wallace of Perth: clean succession,Season 50 · George Wallace succeeds to Viscount Wallace of Perth.,"{""season"": 50, ""nature"": ""clean"", ""cause"": ""death""}",engine,2026-09-08 13:29:24
413,,relational,confederation,Viscount Mercier de Rimouski corresponds with Baron Bird of Winnipeg,Season 50 · Viscount Mercier de Rimouski opens a correspondence with Baron Bird of Winnipeg.,"{""season"": 50, ""marker"": ""+""}",engine,2026-09-08 13:29:24
414,,succession,dominion,Viscount Bouchard de Terrebonne: clean succession,Season 50 · Blanche Bouchard succeeds to Viscount Bouchard de Terrebonne.,"{""season"": 50, ""nature"": ""clean"", ""cause"": ""death""}",engine,2026-09-08 13:29:24
415,,relational,dominion,Baron Langelier de Charlevoix corresponds with Baron Elliott of Glengarry,Season 50 · Baron Langelier de Charlevoix opens a correspondence with Baron Elliott of Glengarry.,"{""season"": 50, ""marker"": ""\u25ce""}",engine,2026-09-08 13:29:24
416,,societal,confederation,Jesuits' Estates Act Controversy,Season 50 · Baron Hoover of Simcoe meets Jesuits' Estates Act Controversy and stands aside.,"{""season"": 50, ""response"": ""Neutral"", ""roll"": 1, ""personal_year"": 1888, ""magnitude"": ""Significant"", ""tag"": ""Conservative""}",engine,2026-09-08 13:29:24
417,,societal,confederation,Canadian Pacific Railway Chartered,Season 50 · Baron Rochon de Rosedale meets Canadian Pacific Railway Chartered and stands aside.,"{""season"": 50, ""response"": ""Neutral"", ""roll"": 1, ""personal_year"": 1881, ""magnitude"": ""Significant"", ""tag"": ""Mixed""}",engine,2026-09-08 13:29:24
418,,succession,confederation,Baron Patterson of Kennebecasis: clean succession,Season 50 · Farquhar Patterson succeeds to Baron Patterson of Kennebecasis.,"{""season"": 50, ""nature"": ""clean"", ""cause"": ""death""}",engine,2026-09-08 13:29:24
419,,societal,confederation,Indian Act,Season 50 · Viscount Cameron of Cornwall meets Indian Act and resists.,"{""season"": 50, ""response"": ""Resist"", ""roll"": 3, ""personal_year"": 1876, ""magnitude"": ""Major"", ""tag"": ""Conservative""}",engine,2026-09-08 13:29:24
420,,societal,confederation,Pacific Scandal,Season 50 · Baron Bird of Winnipeg meets Pacific Scandal and stands aside.,"{""season"": 50, ""response"": ""Neutral"", ""roll"": 1, ""personal_year"": 1873, ""magnitude"": ""Significant"", ""tag"": ""Progressive""}",engine,2026-09-08 13:29:24
421,,relational,confederation,Baron Bird of Winnipeg and Viscount Mercier de Rimouski are joined by marriage,"Season 50 · Thomas Bird marries Léocadie Mercier, binding Baron Bird of Winnipeg to Viscount Mercier de Rimouski.","{""season"": 50, ""marker"": ""kin""}",engine,2026-09-08 13:29:24
422,,societal,confederation,British Columbia Joins; Treaty 1 Signed,Season 50 · Baron Cardinal of Steinbach meets British Columbia Joins; Treaty 1 Signed and leads.,"{""season"": 50, ""response"": ""Lead"", ""roll"": 7, ""personal_year"": 1871, ""magnitude"": ""Significant"", ""tag"": ""Mixed""}",engine,2026-09-08 13:29:24
423,,societal,confederation,Confederation Extension (Manitoba Act),Season 50 · Baron Rouleau de LaSalle meets Confederation Extension (Manitoba Act) and resists.,"{""season"": 50, ""response"": ""Resist"", ""roll"": 3, ""personal_year"": 1870, ""magnitude"": ""Major"", ""tag"": ""Mixed""}",engine,2026-09-08 13:29:24
424,,expansion,confederation,Baron Rouleau de LaSalle takes La Prairie—Atateken,Season 50 · Baron Rouleau de LaSalle takes La Prairie—Atateken.,"{""season"": 50, ""riding"": ""La Prairie\u2014Atateken"", ""roll"": 12}",engine,2026-09-08 13:29:24
425,,relational,dominion,Baron Langelier de Charlevoix corresponds with Baron Elliott of Glengarry,Season 51 · Baron Langelier de Charlevoix opens a correspondence with Baron Elliott of Glengarry.,"{""season"": 51, ""marker"": ""+""}",engine,2026-09-08 13:29:24
426,,relational,confederation,Viscount Meagher of Chatham corresponds with Viscount Cameron of Cornwall,Season 51 · Viscount Meagher of Chatham opens a correspondence with Viscount Cameron of Cornwall.,"{""season"": 51, ""marker"": ""+""}",engine,2026-09-08 13:29:24
427,,relational,confederation,Viscount Cameron of Cornwall corresponds with Baron Rochon de Rosedale,Season 51 · Viscount Cameron of Cornwall opens a correspondence with Baron Rochon de Rosedale.,"{""season"": 51, ""marker"": ""\u25ce""}",engine,2026-09-08 13:29:24
428,,societal,confederation,British Columbia Joins; Treaty 1 Signed,Season 51 · Baron Rouleau de LaSalle meets British Columbia Joins; Treaty 1 Signed and exploits.,"{""season"": 51, ""response"": ""Exploit"", ""roll"": 4, ""personal_year"": 1871, ""magnitude"": ""Significant"", ""tag"": ""Mixed""}",engine,2026-09-08 13:29:24
429,,societal,confederation,Red River Resistance,Season 51 · Viscount Hendrie of Brampton meets Red River Resistance and leads.,"{""season"": 51, ""response"": ""Lead"", ""roll"": 6, ""personal_year"": 1869, ""magnitude"": ""Major"", ""tag"": ""Mixed""}",engine,2026-09-08 13:29:24
430,,relational,confederation,Baron Stefaniuk of Emerson and Baron Elliott of Glengarry form a compact,Season 52 · Baron Stefaniuk of Emerson and Baron Elliott of Glengarry enter into a compact.,"{""season"": 52, ""marker"": ""\u25c9+""}",engine,2026-09-08 13:29:24
431,,relational,confederation,Viscount Benjamin of Bellechasse wins a dispute with Baron Langelier de Charlevoix,Season 52 · Viscount Benjamin of Bellechasse carries a dispute against Baron Langelier de Charlevoix.,"{""season"": 52, ""outcome"": ""won"", ""marker"": ""~""}",engine,2026-09-08 13:29:24
432,,expansion,confederation,Viscount Mercier de Rimouski takes Rivière-du-Nord,Season 52 · Viscount Mercier de Rimouski takes Rivière-du-Nord.,"{""season"": 52, ""riding"": ""Rivi\u00e8re-du-Nord"", ""roll"": 8}",engine,2026-09-08 13:29:24
433,,relational,dominion,Baron Langelier de Charlevoix and Viscount Meagher of Chatham form a compact,Season 52 · Baron Langelier de Charlevoix and Viscount Meagher of Chatham enter into a compact.,"{""season"": 52, ""marker"": ""\u25c9+""}",engine,2026-09-08 13:29:24
434,,relational,confederation,Viscount Meagher of Chatham corresponds with Viscount Hays of Beloeil,Season 52 · Viscount Meagher of Chatham opens a correspondence with Viscount Hays of Beloeil.,"{""season"": 52, ""marker"": ""kin""}",engine,2026-09-08 13:29:24
435,,societal,confederation,Manitoba Schools Question,Season 52 · Baron Hoover of Simcoe meets Manitoba Schools Question and exploits.,"{""season"": 52, ""response"": ""Exploit"", ""roll"": 5, ""personal_year"": 1890, ""magnitude"": ""Major"", ""tag"": ""Conservative""}",engine,2026-09-08 13:29:24
436,,expansion,confederation,Earl Forbes of Preston takes South Shore—St. Margarets,Season 52 · Earl Forbes of Preston takes South Shore—St. Margarets.,"{""season"": 52, ""riding"": ""South Shore\u2014St. Margarets"", ""roll"": 8}",engine,2026-09-08 13:29:24
437,,societal,confederation,CPR Strike,Season 52 · Baron Rochon de Rosedale meets CPR Strike and leads.,"{""season"": 52, ""response"": ""Lead"", ""roll"": 6, ""personal_year"": 1883, ""magnitude"": ""Significant"", ""tag"": ""Mixed""}",engine,2026-09-08 13:29:24
438,,expansion,confederation,Baron Patterson of Kennebecasis takes Madawaska—Restigouche,Season 52 · Baron Patterson of Kennebecasis takes Madawaska—Restigouche.,"{""season"": 52, ""riding"": ""Madawaska\u2014Restigouche"", ""roll"": 7}",engine,2026-09-08 13:29:24
439,,societal,confederation,National Policy,Season 52 · Viscount Cameron of Cornwall meets National Policy and exploits.,"{""season"": 52, ""response"": ""Exploit"", ""roll"": 4, ""personal_year"": 1878, ""magnitude"": ""Significant"", ""tag"": ""Conservative""}",engine,2026-09-08 13:29:24
440,,expansion,confederation,Viscount Cameron of Cornwall takes King—Vaughan,Season 52 · Viscount Cameron of Cornwall takes King—Vaughan.,"{""season"": 52, ""riding"": ""King\u2014Vaughan"", ""roll"": 12}",engine,2026-09-08 13:29:24
441,,expansion,confederation,Baron Bird of Winnipeg takes Elmwood—Transcona,Season 52 · Baron Bird of Winnipeg takes Elmwood—Transcona.,"{""season"": 52, ""riding"": ""Elmwood\u2014Transcona"", ""roll"": 11}",engine,2026-09-08 13:29:24
442,,societal,confederation,Pacific Scandal,Season 52 · Baron Cardinal of Steinbach meets Pacific Scandal and resists.,"{""season"": 52, ""response"": ""Resist"", ""roll"": 2, ""personal_year"": 1873, ""magnitude"": ""Significant"", ""tag"": ""Progressive""}",engine,2026-09-08 13:29:24
443,,societal,confederation,Confederation Extension (Manitoba Act),Season 52 · Viscount Hendrie of Brampton meets Confederation Extension (Manitoba Act) and exploits.,"{""season"": 52, ""response"": ""Exploit"", ""roll"": 4, ""personal_year"": 1870, ""magnitude"": ""Major"", ""tag"": ""Mixed""}",engine,2026-09-08 13:29:24
444,,founding,confederation,Viscount Bhullar of Nanaimo founded,"Season 52 · Viscount Bhullar of Nanaimo is created, seated at Nanaimo—Ladysmith.","{""season"": 52, ""stats"": {""capital"": 36, ""influence"": 31, ""cohesion"": 69, ""ambition"": 10}, ""community"": ""Punjabi Sikh"", ""tag"": ""Progressive""}",engine,2026-09-08 13:29:24
445,,societal,dominion,Alaska Boundary Award,Season 53 · Viscount Benjamin of Bellechasse meets Alaska Boundary Award and resists.,"{""season"": 53, ""response"": ""Resist"", ""roll"": 2, ""personal_year"": 1903, ""magnitude"": ""Minor"", ""tag"": ""Mixed""}",engine,2026-09-08 13:29:24
446,,relational,confederation,Viscount Mercier de Rimouski corresponds with Viscount Bouchard de Terrebonne,Season 53 · Viscount Mercier de Rimouski opens a correspondence with Viscount Bouchard de Terrebonne.,"{""season"": 53, ""marker"": ""\u25ce""}",engine,2026-09-08 13:29:24
447,,succession,confederation,Viscount Hays of Beloeil: clean succession,Season 53 · Harris Hays succeeds to Viscount Hays of Beloeil.,"{""season"": 53, ""nature"": ""clean"", ""cause"": ""death""}",engine,2026-09-08 13:29:24
448,,expansion,confederation,Baron McLellan of Belfast takes Charlottetown,Season 53 · Baron McLellan of Belfast takes Charlottetown.,"{""season"": 53, ""riding"": ""Charlottetown"", ""roll"": 9}",engine,2026-09-08 13:29:24
449,,relational,confederation,Baron Cornwall of Steveston corresponds with Viscount Bhullar of Nanaimo,Season 53 · Baron Cornwall of Steveston opens a correspondence with Viscount Bhullar of Nanaimo.,"{""season"": 53, ""marker"": ""\u25ce""}",engine,2026-09-08 13:29:24
450,,societal,dominion,Alaska Boundary Award,Season 53 · Baron Langelier de Charlevoix meets Alaska Boundary Award and exploits.,"{""season"": 53, ""response"": ""Exploit"", ""roll"": 5, ""personal_year"": 1903, ""magnitude"": ""Minor"", ""tag"": ""Mixed""}",engine,2026-09-08 13:29:24
451,,other,dominion,Baron Langelier de Charlevoix endows an institution,Season 53 · Baron Langelier de Charlevoix endows an institution.,"{""season"": 53}",engine,2026-09-08 13:29:24
452,,societal,confederation,Death of Sir John A. Macdonald,Season 53 · Baron Hoover of Simcoe meets Death of Sir John A. Macdonald and leads.,"{""season"": 53, ""response"": ""Lead"", ""roll"": 6, ""personal_year"": 1891, ""magnitude"": ""Minor"", ""tag"": ""Mixed""}",engine,2026-09-08 13:29:24
453,,expansion,confederation,Earl Forbes of Preston takes Sackville—Bedford—Preston,Season 53 · Earl Forbes of Preston takes Sackville—Bedford—Preston.,"{""season"": 53, ""riding"": ""Sackville\u2014Bedford\u2014Preston"", ""roll"": 8}",engine,2026-09-08 13:29:24
454,,societal,confederation,Long Depression Reaches Canada,Season 53 · Baron Cardinal of Steinbach meets Long Depression Reaches Canada and leads.,"{""season"": 53, ""response"": ""Lead"", ""roll"": 6, ""personal_year"": 1874, ""magnitude"": ""Major"", ""tag"": ""Conservative""}",engine,2026-09-08 13:29:24
455,,societal,confederation,Pacific Scandal,Season 53 · Baron Rouleau de LaSalle meets Pacific Scandal and exploits.,"{""season"": 53, ""response"": ""Exploit"", ""roll"": 5, ""personal_year"": 1873, ""magnitude"": ""Significant"", ""tag"": ""Progressive""}",engine,2026-09-08 13:29:24
456,,expansion,confederation,Baron Rouleau de LaSalle takes Châteauguay—Les Jardins-de-Napierville,Season 53 · Baron Rouleau de LaSalle takes Châteauguay—Les Jardins-de-Napierville.,"{""season"": 53, ""riding"": ""Ch\u00e2teauguay\u2014Les Jardins-de-Napierville"", ""roll"": 10}",engine,2026-09-08 13:29:24
457,,societal,confederation,British Columbia Joins; Treaty 1 Signed,Season 53 · Viscount Hendrie of Brampton meets British Columbia Joins; Treaty 1 Signed and leads.,"{""season"": 53, ""response"": ""Lead"", ""roll"": 6, ""personal_year"": 1871, ""magnitude"": ""Significant"", ""tag"": ""Mixed""}",engine,2026-09-08 13:29:24
458,,founding,confederation,Baron Cousineau de Wiarton founded,"Season 53 · Baron Cousineau de Wiarton is created, seated at Bruce—Grey—Owen Sound.","{""season"": 53, ""stats"": {""capital"": 46, ""influence"": 35, ""cohesion"": 63, ""ambition"": 7}, ""community"": ""Franco-Ontarian"", ""tag"": ""Conservative""}",engine,2026-09-08 13:29:24
459,,relational,dominion,Viscount Benjamin of Bellechasse corresponds with Baron McLellan of Belfast,Season 54 · Viscount Benjamin of Bellechasse opens a correspondence with Baron McLellan of Belfast.,"{""season"": 54, ""marker"": ""~""}",engine,2026-09-08 13:29:24
460,,societal,confederation,Laurier Elected,Season 54 · Viscount Mercier de Rimouski meets Laurier Elected and leads.,"{""season"": 54, ""response"": ""Lead"", ""roll"": 7, ""personal_year"": 1896, ""magnitude"": ""Significant"", ""tag"": ""Progressive""}",engine,2026-09-08 13:29:24
461,,relational,confederation,Viscount Mercier de Rimouski and Viscount Hays of Beloeil form a compact,Season 54 · Viscount Mercier de Rimouski and Viscount Hays of Beloeil enter into a compact.,"{""season"": 54, ""marker"": ""\u25c9+""}",engine,2026-09-08 13:29:24
462,,societal,confederation,Montréal Smallpox Epidemic,Season 54 · Viscount Meagher of Chatham meets Montréal Smallpox Epidemic and resists.,"{""season"": 54, ""response"": ""Resist"", ""roll"": 3, ""personal_year"": 1885, ""magnitude"": ""Significant"", ""tag"": ""Progressive""}",engine,2026-09-08 13:29:24
463,,succession,confederation,Viscount Meagher of Chatham: clean succession,Season 54 · Eileen Meagher succeeds to Viscount Meagher of Chatham.,"{""season"": 54, ""nature"": ""clean"", ""cause"": ""death""}",engine,2026-09-08 13:29:24
464,,relational,confederation,Baron Hoover of Simcoe corresponds with Baron Elliott of Glengarry,Season 54 · Baron Hoover of Simcoe opens a correspondence with Baron Elliott of Glengarry.,"{""season"": 54, ""marker"": ""+""}",engine,2026-09-08 13:29:24
465,,societal,confederation,Chinese Immigration Act,Season 54 · Baron Rochon de Rosedale meets Chinese Immigration Act and exploits.,"{""season"": 54, ""response"": ""Exploit"", ""roll"": 5, ""personal_year"": 1885, ""magnitude"": ""Significant"", ""tag"": ""Conservative""}",engine,2026-09-08 13:29:24
466,,expansion,confederation,Baron Rochon de Rosedale takes Toronto—Danforth,Season 54 · Baron Rochon de Rosedale takes Toronto—Danforth.,"{""season"": 54, ""riding"": ""Toronto\u2014Danforth"", ""roll"": 10}",engine,2026-09-08 13:29:24
467,,relational,confederation,Baron Patterson of Kennebecasis reconciles with Baron Rochon de Rosedale,Season 54 · Baron Patterson of Kennebecasis makes peace with Baron Rochon de Rosedale.,"{""season"": 54, ""marker"": ""~""}",engine,2026-09-08 13:29:24
468,,societal,confederation,Laurier Elected,Season 54 · Baron Bird of Winnipeg meets Laurier Elected and stands aside.,"{""season"": 54, ""response"": ""Neutral"", ""roll"": 1, ""personal_year"": 1896, ""magnitude"": ""Significant"", ""tag"": ""Progressive""}",engine,2026-09-08 13:29:24
469,,relational,confederation,Baron Cardinal of Steinbach corresponds with Viscount Hays of Beloeil,Season 54 · Baron Cardinal of Steinbach opens a correspondence with Viscount Hays of Beloeil.,"{""season"": 54, ""marker"": ""\u25ce""}",engine,2026-09-08 13:29:24
470,,societal,confederation,Long Depression Reaches Canada,Season 54 · Baron Rouleau de LaSalle meets Long Depression Reaches Canada and stands aside.,"{""season"": 54, ""response"": ""Neutral"", ""roll"": 0, ""personal_year"": 1874, ""magnitude"": ""Major"", ""tag"": ""Conservative""}",engine,2026-09-08 13:29:24
471,,relational,confederation,Baron Rouleau de LaSalle corresponds with Baron Patterson of Kennebecasis,Season 54 · Baron Rouleau de LaSalle opens a correspondence with Baron Patterson of Kennebecasis.,"{""season"": 54, ""marker"": ""\u25ce""}",engine,2026-09-08 13:29:24
472,,other,confederation,Viscount Hendrie of Brampton names an heir,Season 54 · Viscount Hendrie of Brampton names Jane Hendrie heir.,"{""season"": 54, ""heir_age"": 18, ""role"": ""heir""}",engine,2026-09-08 13:29:24
473,,societal,confederation,Red River Resistance,Season 54 · Viscount Bhullar of Nanaimo meets Red River Resistance and exploits.,"{""season"": 54, ""response"": ""Exploit"", ""roll"": 5, ""personal_year"": 1869, ""magnitude"": ""Major"", ""tag"": ""Mixed""}",engine,2026-09-08 13:29:24
474,,other,confederation,Viscount Bhullar of Nanaimo names an heir,Season 54 · Viscount Bhullar of Nanaimo names Inder Bhullar heir.,"{""season"": 54, ""heir_age"": 33, ""role"": ""heir""}",engine,2026-09-08 13:29:24
475,,expansion,confederation,Baron Cousineau de Wiarton takes Parry Sound—Muskoka,Season 54 · Baron Cousineau de Wiarton takes Parry Sound—Muskoka.,"{""season"": 54, ""riding"": ""Parry Sound\u2014Muskoka"", ""roll"": 8}",engine,2026-09-08 13:29:24
476,,founding,confederation,Baron Pegahmagabow of Wawa founded,"Season 54 · Baron Pegahmagabow of Wawa is created, seated at Sault Ste. Marie—Algoma.","{""season"": 54, ""stats"": {""capital"": 34, ""influence"": 37, ""cohesion"": 73, ""ambition"": 1}, ""community"": ""Anishinaabe"", ""tag"": ""Mixed""}",engine,2026-09-08 13:29:24
477,,societal,dominion,Alberta and Saskatchewan Created,Season 55 · Viscount Benjamin of Bellechasse meets Alberta and Saskatchewan Created and exploits.,"{""season"": 55, ""response"": ""Exploit"", ""roll"": 4, ""personal_year"": 1905, ""magnitude"": ""Significant"", ""tag"": ""Progressive""}",engine,2026-09-08 13:29:24
478,,societal,confederation,Diamond Jubilee,Season 55 · Viscount Mercier de Rimouski meets Diamond Jubilee and exploits.,"{""season"": 55, ""response"": ""Exploit"", ""roll"": 5, ""personal_year"": 1897, ""magnitude"": ""Minor"", ""tag"": ""Conservative""}",engine,2026-09-08 13:29:24
479,,societal,dominion,Alberta and Saskatchewan Created,Season 55 · Baron Langelier de Charlevoix meets Alberta and Saskatchewan Created and leads.,"{""season"": 55, ""response"": ""Lead"", ""roll"": 6, ""personal_year"": 1905, ""magnitude"": ""Significant"", ""tag"": ""Progressive""}",engine,2026-09-08 13:29:24
480,,succession,dominion,Baron Langelier de Charlevoix: clean succession,Season 55 · Clémence Langelier succeeds to Baron Langelier de Charlevoix.,"{""season"": 55, ""nature"": ""clean"", ""cause"": ""death""}",engine,2026-09-08 13:29:24
481,,relational,confederation,Baron Rochon de Rosedale corresponds with Viscount Cameron of Cornwall,Season 55 · Baron Rochon de Rosedale opens a correspondence with Viscount Cameron of Cornwall.,"{""season"": 55, ""marker"": ""+""}",engine,2026-09-08 13:29:24
482,,societal,confederation,Canadian Pacific Railway Chartered,Season 55 · Viscount Cameron of Cornwall meets Canadian Pacific Railway Chartered and resists.,"{""season"": 55, ""response"": ""Resist"", ""roll"": 2, ""personal_year"": 1881, ""magnitude"": ""Significant"", ""tag"": ""Mixed""}",engine,2026-09-08 13:29:24
483,,societal,confederation,Diamond Jubilee,Season 55 · Baron Bird of Winnipeg meets Diamond Jubilee and exploits.,"{""season"": 55, ""response"": ""Exploit"", ""roll"": 5, ""personal_year"": 1897, ""magnitude"": ""Minor"", ""tag"": ""Conservative""}",engine,2026-09-08 13:29:24
484,,societal,confederation,Indian Act,Season 55 · Baron Cardinal of Steinbach meets Indian Act and leads.,"{""season"": 55, ""response"": ""Lead"", ""roll"": 6, ""personal_year"": 1876, ""magnitude"": ""Major"", ""tag"": ""Conservative""}",engine,2026-09-08 13:29:24
485,,expansion,confederation,Baron Rouleau de LaSalle takes Saint-Jean,Season 55 · Baron Rouleau de LaSalle takes Saint-Jean.,"{""season"": 55, ""riding"": ""Saint-Jean"", ""roll"": 9}",engine,2026-09-08 13:29:24
486,,societal,confederation,Pacific Scandal,Season 55 · Viscount Hendrie of Brampton meets Pacific Scandal and leads.,"{""season"": 55, ""response"": ""Lead"", ""roll"": 6, ""personal_year"": 1873, ""magnitude"": ""Significant"", ""tag"": ""Progressive""}",engine,2026-09-08 13:29:24
487,,societal,confederation,Confederation Extension (Manitoba Act),Season 55 · Viscount Bhullar of Nanaimo meets Confederation Extension (Manitoba Act) and leads.,"{""season"": 55, ""response"": ""Lead"", ""roll"": 6, ""personal_year"": 1870, ""magnitude"": ""Major"", ""tag"": ""Mixed""}",engine,2026-09-08 13:29:24
488,,societal,confederation,Red River Resistance,Season 55 · Baron Cousineau de Wiarton meets Red River Resistance and resists.,"{""season"": 55, ""response"": ""Resist"", ""roll"": 3, ""personal_year"": 1869, ""magnitude"": ""Major"", ""tag"": ""Mixed""}",engine,2026-09-08 13:29:24
489,,other,confederation,Baron Pegahmagabow of Wawa names an heir,Season 55 · Baron Pegahmagabow of Wawa names Joseph Pegahmagabow heir.,"{""season"": 55, ""heir_age"": 12, ""role"": ""heir""}",engine,2026-09-08 13:29:24
490,,other,confederation,Viscount Wallace of Perth names an heir,Season 56 · Viscount Wallace of Perth names Sarah Wallace heir.,"{""season"": 56, ""heir_age"": 30, ""role"": ""heir""}",engine,2026-09-08 13:29:24
491,,relational,dominion,Viscount Benjamin of Bellechasse corresponds with Baron Stefaniuk of Emerson,Season 56 · Viscount Benjamin of Bellechasse opens a correspondence with Baron Stefaniuk of Emerson.,"{""season"": 56, ""marker"": ""\u25ce""}",engine,2026-09-08 13:29:24
492,,succession,confederation,Viscount Hays of Beloeil: disorderly succession,Season 56 · Viscount Hays of Beloeil passes in disorder to Joseph Hays.,"{""season"": 56, ""nature"": ""disorderly"", ""cause"": ""death""}",engine,2026-09-08 13:29:24
493,,transfer,confederation,Viscount Hays of Beloeil loses Hochelaga—Rosemont-Est,Season 56 · Viscount Hays of Beloeil gives up Hochelaga—Rosemont-Est (disorderly succession).,"{""season"": 56, ""reason"": ""disorderly succession"", ""riding"": ""Hochelaga\u2014Rosemont-Est""}",engine,2026-09-08 13:29:24
494,,other,confederation,Viscount Hays of Beloeil names an heir,Season 56 · Viscount Hays of Beloeil names Rosa Hays heir.,"{""season"": 56, ""heir_age"": 22, ""role"": ""heir""}",engine,2026-09-08 13:29:24
495,,expansion,confederation,Viscount Meagher of Chatham takes Nipissing—Timiskaming,Season 56 · Viscount Meagher of Chatham takes Nipissing—Timiskaming.,"{""season"": 56, ""riding"": ""Nipissing\u2014Timiskaming"", ""roll"": 10}",engine,2026-09-08 13:29:24
496,,expansion,confederation,Baron Hoover of Simcoe takes Nepean,Season 56 · Baron Hoover of Simcoe takes Nepean.,"{""season"": 56, ""riding"": ""Nepean"", ""roll"": 8}",engine,2026-09-08 13:29:24
497,,expansion,confederation,Baron Bird of Winnipeg takes Winnipeg North,Season 56 · Baron Bird of Winnipeg takes Winnipeg North.,"{""season"": 56, ""riding"": ""Winnipeg North"", ""roll"": 11}",engine,2026-09-08 13:29:24
498,,other,confederation,Baron Cardinal of Steinbach names an heir,Season 56 · Baron Cardinal of Steinbach names Nancy Cardinal heir.,"{""season"": 56, ""heir_age"": 27, ""role"": ""heir""}",engine,2026-09-08 13:29:24
499,,societal,confederation,Indian Act,Season 56 · Baron Rouleau de LaSalle meets Indian Act and stands aside.,"{""season"": 56, ""response"": ""Neutral"", ""roll"": 1, ""personal_year"": 1876, ""magnitude"": ""Major"", ""tag"": ""Conservative""}",engine,2026-09-08 13:29:24
500,,societal,confederation,Long Depression Reaches Canada,Season 56 · Viscount Hendrie of Brampton meets Long Depression Reaches Canada and exploits.,"{""season"": 56, ""response"": ""Exploit"", ""roll"": 4, ""personal_year"": 1874, ""magnitude"": ""Major"", ""tag"": ""Conservative""}",engine,2026-09-08 13:29:24
501,,expansion,confederation,Viscount Hendrie of Brampton takes Brampton South,Season 56 · Viscount Hendrie of Brampton takes Brampton South.,"{""season"": 56, ""riding"": ""Brampton South"", ""roll"": 9}",engine,2026-09-08 13:29:24
502,,societal,confederation,British Columbia Joins; Treaty 1 Signed,Season 56 · Viscount Bhullar of Nanaimo meets British Columbia Joins; Treaty 1 Signed and exploits.,"{""season"": 56, ""response"": ""Exploit"", ""roll"": 4, ""personal_year"": 1871, ""magnitude"": ""Significant"", ""tag"": ""Mixed""}",engine,2026-09-08 13:29:24
503,,expansion,confederation,Viscount Bhullar of Nanaimo takes Cowichan—Malahat—Langford,Season 56 · Viscount Bhullar of Nanaimo takes Cowichan—Malahat—Langford.,"{""season"": 56, ""riding"": ""Cowichan\u2014Malahat\u2014Langford"", ""roll"": 8}",engine,2026-09-08 13:29:24
504,,societal,confederation,Confederation Extension (Manitoba Act),Season 56 · Baron Cousineau de Wiarton meets Confederation Extension (Manitoba Act) and leads.,"{""season"": 56, ""response"": ""Lead"", ""roll"": 6, ""personal_year"": 1870, ""magnitude"": ""Major"", ""tag"": ""Mixed""}",engine,2026-09-08 13:29:24
505,,relational,confederation,Baron Cousineau de Wiarton corresponds with Baron Cardinal of Steinbach,Season 56 · Baron Cousineau de Wiarton opens a correspondence with Baron Cardinal of Steinbach.,"{""season"": 56, ""marker"": ""\u25ce""}",engine,2026-09-08 13:29:24
506,,societal,confederation,Red River Resistance,Season 56 · Baron Pegahmagabow of Wawa meets Red River Resistance and leads.,"{""season"": 56, ""response"": ""Lead"", ""roll"": 7, ""personal_year"": 1869, ""magnitude"": ""Major"", ""tag"": ""Mixed""}",engine,2026-09-08 13:29:24
507,,relational,confederation,Baron Pegahmagabow of Wawa corresponds with Baron Rouleau de LaSalle,Season 56 · Baron Pegahmagabow of Wawa opens a correspondence with Baron Rouleau de LaSalle.,"{""season"": 56, ""marker"": ""\u25ce""}",engine,2026-09-08 13:29:24
508,,founding,confederation,Baron Byrne of Cooksville founded,"Season 56 · Baron Byrne of Cooksville is created, seated at Mississauga East—Cooksville.","{""season"": 56, ""stats"": {""capital"": 49, ""influence"": 35, ""cohesion"": 66, ""ambition"": 2}, ""community"": ""Irish Catholic"", ""tag"": ""Mixed""}",engine,2026-09-08 13:29:24
509,,societal,dominion,Vancouver Anti-Asian Riots,Season 57 · Viscount Benjamin of Bellechasse meets Vancouver Anti-Asian Riots and leads.,"{""season"": 57, ""response"": ""Lead"", ""roll"": 6, ""personal_year"": 1907, ""magnitude"": ""Significant"", ""tag"": ""Conservative""}",engine,2026-09-08 13:29:24
510,,societal,confederation,South African War,Season 57 · Viscount Mercier de Rimouski meets South African War and resists.,"{""season"": 57, ""response"": ""Resist"", ""roll"": 3, ""personal_year"": 1899, ""magnitude"": ""Major"", ""tag"": ""Conservative""}",engine,2026-09-08 13:29:24
511,,relational,confederation,Baron Langelier de Charlevoix corresponds with Baron Patterson of Kennebecasis,Season 57 · Baron Langelier de Charlevoix opens a correspondence with Baron Patterson of Kennebecasis.,"{""season"": 57, ""marker"": ""\u25ce""}",engine,2026-09-08 13:29:24
512,,relational,confederation,Baron Hoover of Simcoe corresponds with Baron Rochon de Rosedale,Season 57 · Baron Hoover of Simcoe opens a correspondence with Baron Rochon de Rosedale.,"{""season"": 57, ""marker"": ""\u25ce""}",engine,2026-09-08 13:29:24
513,,societal,confederation,Jesuits' Estates Act Controversy,Season 57 · Baron Rochon de Rosedale meets Jesuits' Estates Act Controversy and exploits.,"{""season"": 57, ""response"": ""Exploit"", ""roll"": 4, ""personal_year"": 1888, ""magnitude"": ""Significant"", ""tag"": ""Conservative""}",engine,2026-09-08 13:29:24
514,,relational,confederation,Baron Rochon de Rosedale corresponds with Baron Hoover of Simcoe,Season 57 · Baron Rochon de Rosedale opens a correspondence with Baron Hoover of Simcoe.,"{""season"": 57, ""marker"": ""+""}",engine,2026-09-08 13:29:24
515,,societal,confederation,CPR Strike,Season 57 · Viscount Cameron of Cornwall meets CPR Strike and resists.,"{""season"": 57, ""response"": ""Resist"", ""roll"": 3, ""personal_year"": 1883, ""magnitude"": ""Significant"", ""tag"": ""Mixed""}",engine,2026-09-08 13:29:24
516,,relational,confederation,Viscount Cameron of Cornwall and Baron Rochon de Rosedale are joined by marriage,"Season 57 · Isabella Cameron marries Olivier Rochon, binding Viscount Cameron of Cornwall to Baron Rochon de Rosedale.","{""season"": 57, ""marker"": ""kin""}",engine,2026-09-08 13:29:24
517,,societal,confederation,South African War,Season 57 · Baron Bird of Winnipeg meets South African War and leads.,"{""season"": 57, ""response"": ""Lead"", ""roll"": 6, ""personal_year"": 1899, ""magnitude"": ""Major"", ""tag"": ""Conservative""}",engine,2026-09-08 13:29:24
518,,societal,confederation,National Policy,Season 57 · Baron Cardinal of Steinbach meets National Policy and resists.,"{""season"": 57, ""response"": ""Resist"", ""roll"": 3, ""personal_year"": 1878, ""magnitude"": ""Significant"", ""tag"": ""Conservative""}",engine,2026-09-08 13:29:24
519,,societal,confederation,British Columbia Joins; Treaty 1 Signed,Season 57 · Baron Cousineau de Wiarton meets British Columbia Joins; Treaty 1 Signed and resists.,"{""season"": 57, ""response"": ""Resist"", ""roll"": 3, ""personal_year"": 1871, ""magnitude"": ""Significant"", ""tag"": ""Mixed""}",engine,2026-09-08 13:29:24
520,,societal,confederation,Confederation Extension (Manitoba Act),Season 57 · Baron Pegahmagabow of Wawa meets Confederation Extension (Manitoba Act) and exploits.,"{""season"": 57, ""response"": ""Exploit"", ""roll"": 5, ""personal_year"": 1870, ""magnitude"": ""Major"", ""tag"": ""Mixed""}",engine,2026-09-08 13:29:24
521,,relational,confederation,Baron Pegahmagabow of Wawa corresponds with Baron Rouleau de LaSalle,Season 57 · Baron Pegahmagabow of Wawa opens a correspondence with Baron Rouleau de LaSalle.,"{""season"": 57, ""marker"": ""+""}",engine,2026-09-08 13:29:24
522,,other,confederation,Baron Byrne of Cooksville names an heir,Season 57 · Baron Byrne of Cooksville names Norah Byrne heir.,"{""season"": 57, ""heir_age"": 32, ""role"": ""heir""}",engine,2026-09-08 13:29:24
523,,founding,confederation,Baron Meagher of Windsor founded,"Season 57 · Baron Meagher of Windsor is created, seated at Windsor—Tecumseh—Lakeshore.","{""season"": 57, ""stats"": {""capital"": 48, ""influence"": 38, ""cohesion"": 79, ""ambition"": 10}, ""community"": ""Irish Catholic"", ""tag"": ""Outside""}",engine,2026-09-08 13:29:24
524,,relational,dominion,Viscount Benjamin of Bellechasse and Viscount Mercier de Rimouski fall out,Season 58 · Viscount Benjamin of Bellechasse and Viscount Mercier de Rimouski fall out over the patronage of a shared riding's offices.,"{""season"": 58, ""marker"": ""Sig\u2212"", ""cause"": ""friction"", ""grievance"": ""the patronage of a shared riding's offices""}",engine,2026-09-08 13:29:24
525,,relational,confederation,Baron Elliott of Glengarry corresponds with Viscount Hays of Beloeil,Season 58 · Baron Elliott of Glengarry opens a correspondence with Viscount Hays of Beloeil.,"{""season"": 58, ""marker"": ""\u25c9+""}",engine,2026-09-08 13:29:24
526,,relational,dominion,Viscount Benjamin of Bellechasse corresponds with Baron Stefaniuk of Emerson,Season 58 · Viscount Benjamin of Bellechasse opens a correspondence with Baron Stefaniuk of Emerson.,"{""season"": 58, ""marker"": ""+""}",engine,2026-09-08 13:29:24
527,,relational,dominion,Viscount Mercier de Rimouski corresponds with Viscount Bouchard de Terrebonne,Season 58 · Viscount Mercier de Rimouski opens a correspondence with Viscount Bouchard de Terrebonne.,"{""season"": 58, ""marker"": ""+""}",engine,2026-09-08 13:29:24
528,,relational,confederation,Viscount Hays of Beloeil corresponds with Baron Bird of Winnipeg,Season 58 · Viscount Hays of Beloeil opens a correspondence with Baron Bird of Winnipeg.,"{""season"": 58, ""marker"": ""+""}",engine,2026-09-08 13:29:24
529,,other,confederation,Baron McLellan of Belfast names an heir,Season 58 · Baron McLellan of Belfast names Iain McLellan heir.,"{""season"": 58, ""heir_age"": 33, ""role"": ""heir""}",engine,2026-09-08 13:29:24
530,,expansion,confederation,Baron Langelier de Charlevoix takes Long Range Mountains,Season 58 · Baron Langelier de Charlevoix takes Long Range Mountains.,"{""season"": 58, ""riding"": ""Long Range Mountains"", ""roll"": 8}",engine,2026-09-08 13:29:24
531,,societal,confederation,Laurier Elected,Season 58 · Baron Hoover of Simcoe meets Laurier Elected and resists.,"{""season"": 58, ""response"": ""Resist"", ""roll"": 3, ""personal_year"": 1896, ""magnitude"": ""Significant"", ""tag"": ""Progressive""}",engine,2026-09-08 13:29:24
532,,societal,confederation,Indian Act,Season 58 · Earl Forbes of Preston meets Indian Act and exploits.,"{""season"": 58, ""response"": ""Exploit"", ""roll"": 4, ""personal_year"": 1876, ""magnitude"": ""Major"", ""tag"": ""Conservative""}",engine,2026-09-08 13:29:24
533,,relational,confederation,Baron Patterson of Kennebecasis corresponds with Baron Rouleau de LaSalle,Season 58 · Baron Patterson of Kennebecasis opens a correspondence with Baron Rouleau de LaSalle.,"{""season"": 58, ""marker"": ""+""}",engine,2026-09-08 13:29:24
534,,societal,confederation,National Policy,Season 58 · Baron Rouleau de LaSalle meets National Policy and resists.,"{""season"": 58, ""response"": ""Resist"", ""roll"": 3, ""personal_year"": 1878, ""magnitude"": ""Significant"", ""tag"": ""Conservative""}",engine,2026-09-08 13:29:24
535,,societal,confederation,Indian Act,Season 58 · Viscount Hendrie of Brampton meets Indian Act and resists.,"{""season"": 58, ""response"": ""Resist"", ""roll"": 2, ""personal_year"": 1876, ""magnitude"": ""Major"", ""tag"": ""Conservative""}",engine,2026-09-08 13:29:24
536,,societal,confederation,Pacific Scandal,Season 58 · Viscount Bhullar of Nanaimo meets Pacific Scandal and exploits.,"{""season"": 58, ""response"": ""Exploit"", ""roll"": 5, ""personal_year"": 1873, ""magnitude"": ""Significant"", ""tag"": ""Progressive""}",engine,2026-09-08 13:29:24
537,,expansion,confederation,Viscount Bhullar of Nanaimo takes Courtenay—Alberni,Season 58 · Viscount Bhullar of Nanaimo takes Courtenay—Alberni.,"{""season"": 58, ""riding"": ""Courtenay\u2014Alberni"", ""roll"": 8}",engine,2026-09-08 13:29:24
538,,societal,confederation,British Columbia Joins; Treaty 1 Signed,Season 58 · Baron Pegahmagabow of Wawa meets British Columbia Joins; Treaty 1 Signed and exploits.,"{""season"": 58, ""response"": ""Exploit"", ""roll"": 5, ""personal_year"": 1871, ""magnitude"": ""Significant"", ""tag"": ""Mixed""}",engine,2026-09-08 13:29:24
539,,societal,confederation,Red River Resistance,Season 58 · Baron Byrne of Cooksville meets Red River Resistance and resists.,"{""season"": 58, ""response"": ""Resist"", ""roll"": 3, ""personal_year"": 1869, ""magnitude"": ""Major"", ""tag"": ""Mixed""}",engine,2026-09-08 13:29:24
540,,relational,confederation,Baron Meagher of Windsor corresponds with Baron Langelier de Charlevoix,Season 58 · Baron Meagher of Windsor opens a correspondence with Baron Langelier de Charlevoix.,"{""season"": 58, ""marker"": ""\u25ce""}",engine,2026-09-08 13:29:24
541,,founding,confederation,Viscount Marchand de Lac-Saint-Louis founded,"Season 58 · Viscount Marchand de Lac-Saint-Louis is created, seated at Lac-Saint-Louis.","{""season"": 58, ""stats"": {""capital"": 52, ""influence"": 42, ""cohesion"": 62, ""ambition"": 4}, ""community"": ""Canadien Catholic"", ""tag"": ""Progressive""}",engine,2026-09-08 13:29:24
542,,other,confederation,Baron Elliott of Glengarry names an heir,Season 59 · Baron Elliott of Glengarry names Maureen Elliott heir.,"{""season"": 59, ""heir_age"": 18, ""role"": ""heir""}",engine,2026-09-08 13:29:24
543,,relational,confederation,Viscount Bouchard de Terrebonne and Viscount Hays of Beloeil form a compact,Season 59 · Viscount Bouchard de Terrebonne and Viscount Hays of Beloeil enter into a compact.,"{""season"": 59, ""marker"": ""\u25c9+""}",engine,2026-09-08 13:29:24
544,,societal,confederation,Chinese Immigration Act,Season 59 · Baron Cornwall of Steveston meets Chinese Immigration Act and stands aside.,"{""season"": 59, ""response"": ""Neutral"", ""roll"": 1, ""personal_year"": 1885, ""magnitude"": ""Significant"", ""tag"": ""Conservative""}",engine,2026-09-08 13:29:24
545,,relational,confederation,Baron Langelier de Charlevoix corresponds with Baron Meagher of Windsor,Season 59 · Baron Langelier de Charlevoix opens a correspondence with Baron Meagher of Windsor.,"{""season"": 59, ""marker"": ""+""}",engine,2026-09-08 13:29:24
546,,societal,confederation,Diamond Jubilee,Season 59 · Baron Hoover of Simcoe meets Diamond Jubilee and resists.,"{""season"": 59, ""response"": ""Resist"", ""roll"": 2, ""personal_year"": 1897, ""magnitude"": ""Minor"", ""tag"": ""Conservative""}",engine,2026-09-08 13:29:24
547,,relational,confederation,Earl Forbes of Preston corresponds with Viscount Bouchard de Terrebonne,Season 59 · Earl Forbes of Preston opens a correspondence with Viscount Bouchard de Terrebonne.,"{""season"": 59, ""marker"": ""\u25ce""}",engine,2026-09-08 13:29:24
548,,societal,confederation,Manitoba Schools Question,Season 59 · Baron Rochon de Rosedale meets Manitoba Schools Question and resists.,"{""season"": 59, ""response"": ""Resist"", ""roll"": 2, ""personal_year"": 1890, ""magnitude"": ""Major"", ""tag"": ""Conservative""}",engine,2026-09-08 13:29:24
549,,societal,confederation,Manitoba Schools Question,Season 59 · Viscount Cameron of Cornwall meets Manitoba Schools Question and stands aside.,"{""season"": 59, ""response"": ""Neutral"", ""roll"": 1, ""personal_year"": 1890, ""magnitude"": ""Major"", ""tag"": ""Conservative""}",engine,2026-09-08 13:29:24
550,,relational,confederation,Viscount Cameron of Cornwall corresponds with Baron Meagher of Windsor,Season 59 · Viscount Cameron of Cornwall opens a correspondence with Baron Meagher of Windsor.,"{""season"": 59, ""marker"": ""\u25ce""}",engine,2026-09-08 13:29:24
551,,expansion,dominion,Baron Bird of Winnipeg takes Kildonan—St. Paul,Season 59 · Baron Bird of Winnipeg takes Kildonan—St. Paul.,"{""season"": 59, ""riding"": ""Kildonan\u2014St. Paul"", ""roll"": 8}",engine,2026-09-08 13:29:24
552,,relational,confederation,Viscount Hendrie of Brampton corresponds with Viscount Meagher of Chatham,Season 59 · Viscount Hendrie of Brampton opens a correspondence with Viscount Meagher of Chatham.,"{""season"": 59, ""marker"": ""\u25ce""}",engine,2026-09-08 13:29:24
553,,societal,confederation,Long Depression Reaches Canada,Season 59 · Viscount Bhullar of Nanaimo meets Long Depression Reaches Canada and exploits.,"{""season"": 59, ""response"": ""Exploit"", ""roll"": 4, ""personal_year"": 1874, ""magnitude"": ""Major"", ""tag"": ""Conservative""}",engine,2026-09-08 13:29:24
554,,societal,confederation,Pacific Scandal,Season 59 · Baron Cousineau de Wiarton meets Pacific Scandal and exploits.,"{""season"": 59, ""response"": ""Exploit"", ""roll"": 5, ""personal_year"": 1873, ""magnitude"": ""Significant"", ""tag"": ""Progressive""}",engine,2026-09-08 13:29:24
555,,relational,confederation,Baron Pegahmagabow of Wawa corresponds with Baron Rochon de Rosedale,Season 59 · Baron Pegahmagabow of Wawa opens a correspondence with Baron Rochon de Rosedale.,"{""season"": 59, ""marker"": ""\u25ce""}",engine,2026-09-08 13:29:24
556,,societal,confederation,Confederation Extension (Manitoba Act),Season 59 · Baron Byrne of Cooksville meets Confederation Extension (Manitoba Act) and leads.,"{""season"": 59, ""response"": ""Lead"", ""roll"": 7, ""personal_year"": 1870, ""magnitude"": ""Major"", ""tag"": ""Mixed""}",engine,2026-09-08 13:29:24
557,,relational,confederation,Baron Byrne of Cooksville corresponds with Baron Rouleau de LaSalle,Season 59 · Baron Byrne of Cooksville opens a correspondence with Baron Rouleau de LaSalle.,"{""season"": 59, ""marker"": ""\u25ce""}",engine,2026-09-08 13:29:24
558,,societal,confederation,Red River Resistance,Season 59 · Baron Meagher of Windsor meets Red River Resistance and resists.,"{""season"": 59, ""response"": ""Resist"", ""roll"": 2, ""personal_year"": 1869, ""magnitude"": ""Major"", ""tag"": ""Mixed""}",engine,2026-09-08 13:29:24
559,,relational,confederation,Baron Elliott of Glengarry and Baron Langelier de Charlevoix form a compact,Season 60 · Baron Elliott of Glengarry and Baron Langelier de Charlevoix enter into a compact.,"{""season"": 60, ""marker"": ""\u25c9+""}",engine,2026-09-08 13:29:24
560,,societal,dominion,Naval Service Act,Season 60 · Viscount Benjamin of Bellechasse meets Naval Service Act and resists.,"{""season"": 60, ""response"": ""Resist"", ""roll"": 2, ""personal_year"": 1910, ""magnitude"": ""Significant"", ""tag"": ""Mixed""}",engine,2026-09-08 13:29:24
561,,relational,confederation,Viscount Hays of Beloeil and Baron McLellan of Belfast are joined by marriage,"Season 60 · Rosa Hays marries Iain McLellan, binding Viscount Hays of Beloeil to Baron McLellan of Belfast.","{""season"": 60, ""marker"": ""kin""}",engine,2026-09-08 13:29:24
562,,relational,confederation,Baron Langelier de Charlevoix corresponds with Baron Patterson of Kennebecasis,Season 60 · Baron Langelier de Charlevoix opens a correspondence with Baron Patterson of Kennebecasis.,"{""season"": 60, ""marker"": ""+""}",engine,2026-09-08 13:29:24
563,,societal,confederation,National Policy,Season 60 · Earl Forbes of Preston meets National Policy and exploits.,"{""season"": 60, ""response"": ""Exploit"", ""roll"": 5, ""personal_year"": 1878, ""magnitude"": ""Significant"", ""tag"": ""Conservative""}",engine,2026-09-08 13:29:24
564,,societal,confederation,Death of Sir John A. Macdonald,Season 60 · Baron Rochon de Rosedale meets Death of Sir John A. Macdonald and exploits.,"{""season"": 60, ""response"": ""Exploit"", ""roll"": 4, ""personal_year"": 1891, ""magnitude"": ""Minor"", ""tag"": ""Mixed""}",engine,2026-09-08 13:29:24
565,,expansion,confederation,Baron Rochon de Rosedale takes Scarborough Centre—Don Valley East,Season 60 · Baron Rochon de Rosedale takes Scarborough Centre—Don Valley East.,"{""season"": 60, ""riding"": ""Scarborough Centre\u2014Don Valley East"", ""roll"": 8}",engine,2026-09-08 13:29:25
566,,relational,confederation,Baron Patterson of Kennebecasis gives offence to Baron Hoover of Simcoe,Season 60 · a letter from Baron Patterson of Kennebecasis gives offence to Baron Hoover of Simcoe.,"{""season"": 60, ""marker"": ""Sig\u2212"", ""cause"": ""correspondence""}",engine,2026-09-08 13:29:25
567,,societal,confederation,Death of Sir John A. Macdonald,Season 60 · Viscount Cameron of Cornwall meets Death of Sir John A. Macdonald and leads.,"{""season"": 60, ""response"": ""Lead"", ""roll"": 6, ""personal_year"": 1891, ""magnitude"": ""Minor"", ""tag"": ""Mixed""}",engine,2026-09-08 13:29:25
568,,societal,confederation,Canadian Pacific Railway Chartered,Season 60 · Baron Cardinal of Steinbach meets Canadian Pacific Railway Chartered and resists.,"{""season"": 60, ""response"": ""Resist"", ""roll"": 3, ""personal_year"": 1881, ""magnitude"": ""Significant"", ""tag"": ""Mixed""}",engine,2026-09-08 13:29:25
569,,societal,confederation,National Policy,Season 60 · Viscount Hendrie of Brampton meets National Policy and stands aside.,"{""season"": 60, ""response"": ""Neutral"", ""roll"": 0, ""personal_year"": 1878, ""magnitude"": ""Significant"", ""tag"": ""Conservative""}",engine,2026-09-08 13:29:25
570,,expansion,confederation,Viscount Bhullar of Nanaimo takes North Island—Powell River,Season 60 · Viscount Bhullar of Nanaimo takes North Island—Powell River.,"{""season"": 60, ""riding"": ""North Island\u2014Powell River"", ""roll"": 10}",engine,2026-09-08 13:29:25
571,,societal,confederation,Long Depression Reaches Canada,Season 60 · Baron Cousineau de Wiarton meets Long Depression Reaches Canada and resists.,"{""season"": 60, ""response"": ""Resist"", ""roll"": 2, ""personal_year"": 1874, ""magnitude"": ""Major"", ""tag"": ""Conservative""}",engine,2026-09-08 13:29:25
572,,succession,confederation,Baron Cousineau de Wiarton extinct,Season 60 · Baron Cousineau de Wiarton fails; its ridings return to the Crown.,"{""season"": 60, ""nature"": ""extinction"", ""reason"": ""no successor""}",engine,2026-09-08 13:29:25
573,,societal,confederation,Pacific Scandal,Season 60 · Baron Pegahmagabow of Wawa meets Pacific Scandal and leads.,"{""season"": 60, ""response"": ""Lead"", ""roll"": 6, ""personal_year"": 1873, ""magnitude"": ""Significant"", ""tag"": ""Progressive""}",engine,2026-09-08 13:29:25
574,,societal,confederation,British Columbia Joins; Treaty 1 Signed,Season 60 · Baron Byrne of Cooksville meets British Columbia Joins; Treaty 1 Signed and leads.,"{""season"": 60, ""response"": ""Lead"", ""roll"": 7, ""personal_year"": 1871, ""magnitude"": ""Significant"", ""tag"": ""Mixed""}",engine,2026-09-08 13:29:25
575,,societal,confederation,Confederation Extension (Manitoba Act),Season 60 · Baron Meagher of Windsor meets Confederation Extension (Manitoba Act) and resists.,"{""season"": 60, ""response"": ""Resist"", ""roll"": 3, ""personal_year"": 1870, ""magnitude"": ""Major"", ""tag"": ""Mixed""}",engine,2026-09-08 13:29:25
576,,societal,confederation,Red River Resistance,Season 60 · Viscount Marchand de Lac-Saint-Louis meets Red River Resistance and exploits.,"{""season"": 60, ""response"": ""Exploit"", ""roll"": 4, ""personal_year"": 1869, ""magnitude"": ""Major"", ""tag"": ""Mixed""}",engine,2026-09-08 13:29:25
577,,other,confederation,Viscount Wallace of Perth names an heir,Season 61 · Viscount Wallace of Perth names Frederick Wallace second heir.,"{""season"": 61, ""heir_age"": 29, ""role"": ""heir2""}",engine,2026-09-08 13:29:25
578,,expansion,confederation,Baron Stefaniuk of Emerson takes Portage—Lisgar,Season 61 · Baron Stefaniuk of Emerson takes Portage—Lisgar.,"{""season"": 61, ""riding"": ""Portage\u2014Lisgar"", ""roll"": 12}",engine,2026-09-08 13:29:25
579,,societal,dominion,Reciprocity Election,Season 61 · Viscount Benjamin of Bellechasse meets Reciprocity Election and exploits.,"{""season"": 61, ""response"": ""Exploit"", ""roll"": 4, ""personal_year"": 1911, ""magnitude"": ""Significant"", ""tag"": ""Conservative""}",engine,2026-09-08 13:29:25
580,,other,dominion,Viscount Benjamin of Bellechasse endows an institution,Season 61 · Viscount Benjamin of Bellechasse endows an institution.,"{""season"": 61}",engine,2026-09-08 13:29:25
581,,societal,dominion,Alaska Boundary Award,Season 61 · Viscount Mercier de Rimouski meets Alaska Boundary Award and leads.,"{""season"": 61, ""response"": ""Lead"", ""roll"": 6, ""personal_year"": 1903, ""magnitude"": ""Minor"", ""tag"": ""Mixed""}",engine,2026-09-08 13:29:25
582,,elevation,confederation,Earl Hays of Beloeil elevated,Season 61 · Viscount Hays of Beloeil is raised to Earl.,"{""season"": 61, ""from"": ""Viscount"", ""to"": ""Earl""}",engine,2026-09-08 13:29:25
583,,other,confederation,Baron Langelier de Charlevoix names an heir,Season 61 · Baron Langelier de Charlevoix names Marguerite Langelier heir.,"{""season"": 61, ""heir_age"": 45, ""role"": ""heir""}",engine,2026-09-08 13:29:25
584,,societal,confederation,South African War,Season 61 · Baron Hoover of Simcoe meets South African War and exploits.,"{""season"": 61, ""response"": ""Exploit"", ""roll"": 4, ""personal_year"": 1899, ""magnitude"": ""Major"", ""tag"": ""Conservative""}",engine,2026-09-08 13:29:25
585,,expansion,confederation,Baron Rochon de Rosedale takes Eglinton—Lawrence,Season 61 · Baron Rochon de Rosedale takes Eglinton—Lawrence.,"{""season"": 61, ""riding"": ""Eglinton\u2014Lawrence"", ""roll"": 9}",engine,2026-09-08 13:29:25
586,,societal,confederation,National Policy,Season 61 · Baron Patterson of Kennebecasis meets National Policy and stands aside.,"{""season"": 61, ""response"": ""Neutral"", ""roll"": 1, ""personal_year"": 1878, ""magnitude"": ""Significant"", ""tag"": ""Conservative""}",engine,2026-09-08 13:29:25
587,,relational,confederation,Viscount Cameron of Cornwall corresponds with Baron Meagher of Windsor,Season 61 · Viscount Cameron of Cornwall opens a correspondence with Baron Meagher of Windsor.,"{""season"": 61, ""marker"": ""+""}",engine,2026-09-08 13:29:25
588,,societal,dominion,Alaska Boundary Award,Season 61 · Baron Bird of Winnipeg meets Alaska Boundary Award and resists.,"{""season"": 61, ""response"": ""Resist"", ""roll"": 2, ""personal_year"": 1903, ""magnitude"": ""Minor"", ""tag"": ""Mixed""}",engine,2026-09-08 13:29:25
589,,societal,confederation,Canadian Pacific Railway Chartered,Season 61 · Baron Rouleau de LaSalle meets Canadian Pacific Railway Chartered and resists.,"{""season"": 61, ""response"": ""Resist"", ""roll"": 2, ""personal_year"": 1881, ""magnitude"": ""Significant"", ""tag"": ""Mixed""}",engine,2026-09-08 13:29:25
590,,expansion,confederation,Baron Rouleau de LaSalle takes Beloeil—Chambly,Season 61 · Baron Rouleau de LaSalle takes Beloeil—Chambly.,"{""season"": 61, ""riding"": ""Beloeil\u2014Chambly"", ""roll"": 8}",engine,2026-09-08 13:29:25
591,,societal,confederation,Indian Act,Season 61 · Viscount Bhullar of Nanaimo meets Indian Act and exploits.,"{""season"": 61, ""response"": ""Exploit"", ""roll"": 4, ""personal_year"": 1876, ""magnitude"": ""Major"", ""tag"": ""Conservative""}",engine,2026-09-08 13:29:25
592,,expansion,confederation,Viscount Bhullar of Nanaimo takes Skeena—Bulkley Valley,Season 61 · Viscount Bhullar of Nanaimo takes Skeena—Bulkley Valley.,"{""season"": 61, ""riding"": ""Skeena\u2014Bulkley Valley"", ""roll"": 12}",engine,2026-09-08 13:29:25
593,,societal,confederation,Long Depression Reaches Canada,Season 61 · Baron Pegahmagabow of Wawa meets Long Depression Reaches Canada and stands aside.,"{""season"": 61, ""response"": ""Neutral"", ""roll"": 1, ""personal_year"": 1874, ""magnitude"": ""Major"", ""tag"": ""Conservative""}",engine,2026-09-08 13:29:25
594,,expansion,confederation,Baron Pegahmagabow of Wawa takes Thunder Bay—Superior North,Season 61 · Baron Pegahmagabow of Wawa takes Thunder Bay—Superior North.,"{""season"": 61, ""riding"": ""Thunder Bay\u2014Superior North"", ""roll"": 9}",engine,2026-09-08 13:29:25
595,,relational,confederation,Baron Byrne of Cooksville corresponds with Baron Rouleau de LaSalle,Season 61 · Baron Byrne of Cooksville opens a correspondence with Baron Rouleau de LaSalle.,"{""season"": 61, ""marker"": ""+""}",engine,2026-09-08 13:29:25
596,,societal,confederation,British Columbia Joins; Treaty 1 Signed,Season 61 · Baron Meagher of Windsor meets British Columbia Joins; Treaty 1 Signed and stands aside.,"{""season"": 61, ""response"": ""Neutral"", ""roll"": 1, ""personal_year"": 1871, ""magnitude"": ""Significant"", ""tag"": ""Mixed""}",engine,2026-09-08 13:29:25
597,,societal,confederation,Confederation Extension (Manitoba Act),Season 61 · Viscount Marchand de Lac-Saint-Louis meets Confederation Extension (Manitoba Act) and exploits.,"{""season"": 61, ""response"": ""Exploit"", ""roll"": 4, ""personal_year"": 1870, ""magnitude"": ""Major"", ""tag"": ""Mixed""}",engine,2026-09-08 13:29:25
598,,relational,dominion,Viscount Benjamin of Bellechasse and Baron Langelier de Charlevoix fall out,Season 62 · Viscount Benjamin of Bellechasse and Baron Langelier de Charlevoix fall out over a slighted marriage between the two houses.,"{""season"": 62, ""marker"": ""Sig\u2212"", ""cause"": ""friction"", ""grievance"": ""a slighted marriage between the two houses""}",engine,2026-09-08 13:29:25
599,,relational,confederation,Viscount Wallace of Perth corresponds with Baron Rochon de Rosedale,Season 62 · Viscount Wallace of Perth opens a correspondence with Baron Rochon de Rosedale.,"{""season"": 62, ""marker"": ""\u25ce""}",engine,2026-09-08 13:29:25
600,,other,confederation,Baron Stefaniuk of Emerson names an heir,Season 62 · Baron Stefaniuk of Emerson names Hryhoriy Stefaniuk heir.,"{""season"": 62, ""heir_age"": 31, ""role"": ""heir""}",engine,2026-09-08 13:29:25
601,,societal,dominion,Regulation 17,Season 62 · Viscount Benjamin of Bellechasse meets Regulation 17 and exploits.,"{""season"": 62, ""response"": ""Exploit"", ""roll"": 5, ""personal_year"": 1912, ""magnitude"": ""Major"", ""tag"": ""Conservative""}",engine,2026-09-08 13:29:25
602,,relational,confederation,Earl Hays of Beloeil corresponds with Baron Cardinal of Steinbach,Season 62 · Earl Hays of Beloeil opens a correspondence with Baron Cardinal of Steinbach.,"{""season"": 62, ""marker"": ""+""}",engine,2026-09-08 13:29:25
603,,relational,confederation,Baron Cornwall of Steveston corresponds with Viscount Bhullar of Nanaimo,Season 62 · Baron Cornwall of Steveston opens a correspondence with Viscount Bhullar of Nanaimo.,"{""season"": 62, ""marker"": ""+""}",engine,2026-09-08 13:29:25
604,,succession,dominion,Baron Hoover of Simcoe: clean succession,Season 62 · Justina Hoover succeeds to Baron Hoover of Simcoe.,"{""season"": 62, ""nature"": ""clean"", ""cause"": ""death""}",engine,2026-09-08 13:29:25
605,,expansion,confederation,Viscount Cameron of Cornwall takes Thornhill,Season 62 · Viscount Cameron of Cornwall takes Thornhill.,"{""season"": 62, ""riding"": ""Thornhill"", ""roll"": 11}",engine,2026-09-08 13:29:25
606,,societal,confederation,CPR Strike,Season 62 · Baron Cardinal of Steinbach meets CPR Strike and resists.,"{""season"": 62, ""response"": ""Resist"", ""roll"": 2, ""personal_year"": 1883, ""magnitude"": ""Significant"", ""tag"": ""Mixed""}",engine,2026-09-08 13:29:25
607,,expansion,confederation,Baron Cardinal of Steinbach takes St. Boniface—St. Vital,Season 62 · Baron Cardinal of Steinbach takes St. Boniface—St. Vital.,"{""season"": 62, ""riding"": ""St. Boniface\u2014St. Vital"", ""roll"": 9}",engine,2026-09-08 13:29:25
608,,succession,confederation,Baron Rouleau de LaSalle: clean succession,Season 62 · Octavien Rouleau succeeds to Baron Rouleau de LaSalle.,"{""season"": 62, ""nature"": ""clean"", ""cause"": ""death""}",engine,2026-09-08 13:29:25
609,,societal,confederation,Pacific Scandal,Season 62 · Baron Byrne of Cooksville meets Pacific Scandal and resists.,"{""season"": 62, ""response"": ""Resist"", ""roll"": 2, ""personal_year"": 1873, ""magnitude"": ""Significant"", ""tag"": ""Progressive""}",engine,2026-09-08 13:29:25
610,,societal,confederation,British Columbia Joins; Treaty 1 Signed,Season 62 · Viscount Marchand de Lac-Saint-Louis meets British Columbia Joins; Treaty 1 Signed and resists.,"{""season"": 62, ""response"": ""Resist"", ""roll"": 3, ""personal_year"": 1871, ""magnitude"": ""Significant"", ""tag"": ""Mixed""}",engine,2026-09-08 13:29:25
611,,founding,confederation,Baron Skye of Belleville founded,"Season 62 · Baron Skye of Belleville is created, seated at Bay of Quinte.","{""season"": 62, ""stats"": {""capital"": 37, ""influence"": 33, ""cohesion"": 69, ""ambition"": 8}, ""community"": ""Haudenosaunee"", ""tag"": ""Outside""}",engine,2026-09-08 13:29:25
612,,expansion,confederation,Baron Elliott of Glengarry takes Pontiac—Kitigan Zibi,Season 63 · Baron Elliott of Glengarry takes Pontiac—Kitigan Zibi.,"{""season"": 63, ""riding"": ""Pontiac\u2014Kitigan Zibi"", ""roll"": 7}",engine,2026-09-08 13:29:25
613,,societal,dominion,Alberta and Saskatchewan Created,Season 63 · Viscount Mercier de Rimouski meets Alberta and Saskatchewan Created and resists.,"{""season"": 63, ""response"": ""Resist"", ""roll"": 2, ""personal_year"": 1905, ""magnitude"": ""Significant"", ""tag"": ""Progressive""}",engine,2026-09-08 13:29:25
614,,expansion,dominion,Viscount Mercier de Rimouski takes Thérèse-De Blainville,Season 63 · Viscount Mercier de Rimouski takes Thérèse-De Blainville.,"{""season"": 63, ""riding"": ""Th\u00e9r\u00e8se-De Blainville"", ""roll"": 7}",engine,2026-09-08 13:29:25
615,,relational,confederation,Baron McLellan of Belfast corresponds with Baron Rouleau de LaSalle,Season 63 · Baron McLellan of Belfast opens a correspondence with Baron Rouleau de LaSalle.,"{""season"": 63, ""marker"": ""\u25ce""}",engine,2026-09-08 13:29:25
616,,other,confederation,Viscount Meagher of Chatham names an heir,Season 63 · Viscount Meagher of Chatham names Malachy Meagher heir.,"{""season"": 63, ""heir_age"": 16, ""role"": ""heir""}",engine,2026-09-08 13:29:25
617,,societal,confederation,Canadian Pacific Railway Chartered,Season 63 · Earl Forbes of Preston meets Canadian Pacific Railway Chartered and leads.,"{""season"": 63, ""response"": ""Lead"", ""roll"": 7, ""personal_year"": 1881, ""magnitude"": ""Significant"", ""tag"": ""Mixed""}",engine,2026-09-08 13:29:25
618,,relational,confederation,Earl Forbes of Preston corresponds with Viscount Bouchard de Terrebonne,Season 63 · Earl Forbes of Preston opens a correspondence with Viscount Bouchard de Terrebonne.,"{""season"": 63, ""marker"": ""+""}",engine,2026-09-08 13:29:25
619,,succession,confederation,Viscount Cameron of Cornwall: clean succession,Season 63 · Isabella Cameron succeeds to Viscount Cameron of Cornwall.,"{""season"": 63, ""nature"": ""clean"", ""cause"": ""death""}",engine,2026-09-08 13:29:25
620,,societal,dominion,Alberta and Saskatchewan Created,Season 63 · Baron Bird of Winnipeg meets Alberta and Saskatchewan Created and resists.,"{""season"": 63, ""response"": ""Resist"", ""roll"": 2, ""personal_year"": 1905, ""magnitude"": ""Significant"", ""tag"": ""Progressive""}",engine,2026-09-08 13:29:25
621,,societal,confederation,Canadian Pacific Railway Chartered,Season 63 · Viscount Hendrie of Brampton meets Canadian Pacific Railway Chartered and exploits.,"{""season"": 63, ""response"": ""Exploit"", ""roll"": 4, ""personal_year"": 1881, ""magnitude"": ""Significant"", ""tag"": ""Mixed""}",engine,2026-09-08 13:29:25
622,,societal,confederation,National Policy,Season 63 · Viscount Bhullar of Nanaimo meets National Policy and resists.,"{""season"": 63, ""response"": ""Resist"", ""roll"": 3, ""personal_year"": 1878, ""magnitude"": ""Significant"", ""tag"": ""Conservative""}",engine,2026-09-08 13:29:25
623,,succession,confederation,Viscount Bhullar of Nanaimo: clean succession,Season 63 · Inder Bhullar succeeds to Viscount Bhullar of Nanaimo.,"{""season"": 63, ""nature"": ""clean"", ""cause"": ""death""}",engine,2026-09-08 13:29:25
624,,societal,confederation,Indian Act,Season 63 · Baron Pegahmagabow of Wawa meets Indian Act and leads.,"{""season"": 63, ""response"": ""Lead"", ""roll"": 6, ""personal_year"": 1876, ""magnitude"": ""Major"", ""tag"": ""Conservative""}",engine,2026-09-08 13:29:25
625,,societal,confederation,Long Depression Reaches Canada,Season 63 · Baron Byrne of Cooksville meets Long Depression Reaches Canada and exploits.,"{""season"": 63, ""response"": ""Exploit"", ""roll"": 5, ""personal_year"": 1874, ""magnitude"": ""Major"", ""tag"": ""Conservative""}",engine,2026-09-08 13:29:25
626,,other,confederation,Baron Byrne of Cooksville endows an institution,Season 63 · Baron Byrne of Cooksville endows an institution.,"{""season"": 63}",engine,2026-09-08 13:29:25
627,,societal,confederation,Pacific Scandal,Season 63 · Baron Meagher of Windsor meets Pacific Scandal and leads.,"{""season"": 63, ""response"": ""Lead"", ""roll"": 6, ""personal_year"": 1873, ""magnitude"": ""Significant"", ""tag"": ""Progressive""}",engine,2026-09-08 13:29:25
628,,other,confederation,Baron Meagher of Windsor names an heir,Season 63 · Baron Meagher of Windsor names Brendan Meagher heir.,"{""season"": 63, ""heir_age"": 15, ""role"": ""heir""}",engine,2026-09-08 13:29:25
629,,other,confederation,Baron Skye of Belleville names an heir,Season 63 · Baron Skye of Belleville names Deborah Skye heir.,"{""season"": 63, ""heir_age"": 6, ""role"": ""heir""}",engine,2026-09-08 13:29:25
630,,relational,confederation,Baron Stefaniuk of Emerson corresponds with Viscount Benjamin of Bellechasse,Season 64 · Baron Stefaniuk of Emerson opens a correspondence with Viscount Benjamin of Bellechasse.,"{""season"": 64, ""marker"": ""+""}",engine,2026-09-08 13:29:25
631,,societal,dominion,Komagata Maru,Season 64 · Viscount Benjamin of Bellechasse meets Komagata Maru and leads.,"{""season"": 64, ""response"": ""Lead"", ""roll"": 7, ""personal_year"": 1914, ""magnitude"": ""Major"", ""tag"": ""Conservative""}",engine,2026-09-08 13:29:25
632,,relational,dominion,Viscount Mercier de Rimouski and Viscount Bouchard de Terrebonne form a compact,Season 64 · Viscount Mercier de Rimouski and Viscount Bouchard de Terrebonne enter into a compact.,"{""season"": 64, ""marker"": ""\u25c9+""}",engine,2026-09-08 13:29:25
633,,other,confederation,Viscount Bouchard de Terrebonne names an heir,Season 64 · Viscount Bouchard de Terrebonne names Télesphore Bouchard heir.,"{""season"": 64, ""heir_age"": 14, ""role"": ""heir""}",engine,2026-09-08 13:29:25
634,,societal,confederation,Canadian Pacific Railway Chartered,Season 64 · Baron Patterson of Kennebecasis meets Canadian Pacific Railway Chartered and exploits.,"{""season"": 64, ""response"": ""Exploit"", ""roll"": 4, ""personal_year"": 1881, ""magnitude"": ""Significant"", ""tag"": ""Mixed""}",engine,2026-09-08 13:29:25
635,,relational,confederation,Viscount Cameron of Cornwall corresponds with Viscount Hendrie of Brampton,Season 64 · Viscount Cameron of Cornwall opens a correspondence with Viscount Hendrie of Brampton.,"{""season"": 64, ""marker"": ""\u25ce""}",engine,2026-09-08 13:29:25
636,,societal,confederation,North-West Resistance,Season 64 · Baron Cardinal of Steinbach meets North-West Resistance and exploits.,"{""season"": 64, ""response"": ""Exploit"", ""roll"": 5, ""personal_year"": 1885, ""magnitude"": ""Major"", ""tag"": ""Conservative""}",engine,2026-09-08 13:29:25
637,,succession,confederation,Baron Cardinal of Steinbach: clean succession,Season 64 · Nancy Cardinal succeeds to Baron Cardinal of Steinbach.,"{""season"": 64, ""nature"": ""clean"", ""cause"": ""death""}",engine,2026-09-08 13:29:25
638,,expansion,confederation,Baron Rouleau de LaSalle takes Vaudreuil,Season 64 · Baron Rouleau de LaSalle takes Vaudreuil.,"{""season"": 64, ""riding"": ""Vaudreuil"", ""roll"": 8}",engine,2026-09-08 13:29:25
639,,relational,confederation,Baron Pegahmagabow of Wawa gives offence to Baron Rochon de Rosedale,Season 64 · a letter from Baron Pegahmagabow of Wawa gives offence to Baron Rochon de Rosedale.,"{""season"": 64, ""marker"": ""Sig\u2212"", ""cause"": ""correspondence""}",engine,2026-09-08 13:29:25
640,,societal,confederation,Long Depression Reaches Canada,Season 64 · Baron Meagher of Windsor meets Long Depression Reaches Canada and exploits.,"{""season"": 64, ""response"": ""Exploit"", ""roll"": 4, ""personal_year"": 1874, ""magnitude"": ""Major"", ""tag"": ""Conservative""}",engine,2026-09-08 13:29:25
641,,relational,confederation,Baron Meagher of Windsor corresponds with Viscount Cameron of Cornwall,Season 64 · Baron Meagher of Windsor opens a correspondence with Viscount Cameron of Cornwall.,"{""season"": 64, ""marker"": ""+""}",engine,2026-09-08 13:29:25
642,,societal,confederation,Pacific Scandal,Season 64 · Viscount Marchand de Lac-Saint-Louis meets Pacific Scandal and exploits.,"{""season"": 64, ""response"": ""Exploit"", ""roll"": 5, ""personal_year"": 1873, ""magnitude"": ""Significant"", ""tag"": ""Progressive""}",engine,2026-09-08 13:29:25
643,,expansion,confederation,Viscount Marchand de Lac-Saint-Louis takes Pierrefonds—Dollard,Season 64 · Viscount Marchand de Lac-Saint-Louis takes Pierrefonds—Dollard.,"{""season"": 64, ""riding"": ""Pierrefonds\u2014Dollard"", ""roll"": 8}",engine,2026-09-08 13:29:25
644,,societal,confederation,Red River Resistance,Season 64 · Baron Skye of Belleville meets Red River Resistance and stands aside.,"{""season"": 64, ""response"": ""Neutral"", ""roll"": 1, ""personal_year"": 1869, ""magnitude"": ""Major"", ""tag"": ""Mixed""}",engine,2026-09-08 13:29:25
645,,founding,confederation,Baron Proulx de Cumberland founded,"Season 64 · Baron Proulx de Cumberland is created, seated at Prescott—Russell—Cumberland.","{""season"": 64, ""stats"": {""capital"": 37, ""influence"": 21, ""cohesion"": 78, ""ambition"": 4}, ""community"": ""Franco-Ontarian"", ""tag"": ""Mixed""}",engine,2026-09-08 13:29:25
646,,relational,confederation,Baron Elliott of Glengarry corresponds with Baron Pegahmagabow of Wawa,Season 65 · Baron Elliott of Glengarry opens a correspondence with Baron Pegahmagabow of Wawa.,"{""season"": 65, ""marker"": ""\u25ce""}",engine,2026-09-08 13:29:25
647,,societal,confederation,Last Spike at Craigellachie,Season 65 · Baron Stefaniuk of Emerson meets Last Spike at Craigellachie and resists.,"{""season"": 65, ""response"": ""Resist"", ""roll"": 2, ""personal_year"": 1885, ""magnitude"": ""Significant"", ""tag"": ""Mixed""}",engine,2026-09-08 13:29:25
648,,succession,confederation,Baron Stefaniuk of Emerson: clean succession,Season 65 · Hryhoriy Stefaniuk succeeds to Baron Stefaniuk of Emerson.,"{""season"": 65, ""nature"": ""clean"", ""cause"": ""death""}",engine,2026-09-08 13:29:25
649,,relational,dominion,Viscount Benjamin of Bellechasse and Viscount Wallace of Perth are joined by marriage,"Season 65 · Bertha Benjamin marries Sarah Wallace, binding Viscount Benjamin of Bellechasse to Viscount Wallace of Perth.","{""season"": 65, ""marker"": ""kin""}",engine,2026-09-08 13:29:25
650,,societal,dominion,Vancouver Anti-Asian Riots,Season 65 · Viscount Mercier de Rimouski meets Vancouver Anti-Asian Riots and resists.,"{""season"": 65, ""response"": ""Resist"", ""roll"": 2, ""personal_year"": 1907, ""magnitude"": ""Significant"", ""tag"": ""Conservative""}",engine,2026-09-08 13:29:25
651,,relational,confederation,Baron Cornwall of Steveston corresponds with Viscount Bhullar of Nanaimo,Season 65 · Baron Cornwall of Steveston opens a correspondence with Viscount Bhullar of Nanaimo.,"{""season"": 65, ""marker"": ""+""}",engine,2026-09-08 13:29:25
652,,expansion,confederation,Baron Langelier de Charlevoix takes Labrador,Season 65 · Baron Langelier de Charlevoix takes Labrador.,"{""season"": 65, ""riding"": ""Labrador"", ""roll"": 10}",engine,2026-09-08 13:29:25
653,,societal,confederation,CPR Strike,Season 65 · Earl Forbes of Preston meets CPR Strike and exploits.,"{""season"": 65, ""response"": ""Exploit"", ""roll"": 4, ""personal_year"": 1883, ""magnitude"": ""Significant"", ""tag"": ""Mixed""}",engine,2026-09-08 13:29:25
654,,relational,confederation,Earl Forbes of Preston corresponds with Baron Rouleau de LaSalle,Season 65 · Earl Forbes of Preston opens a correspondence with Baron Rouleau de LaSalle.,"{""season"": 65, ""marker"": ""\u25ce""}",engine,2026-09-08 13:29:25
655,,societal,confederation,Laurier Elected,Season 65 · Baron Rochon de Rosedale meets Laurier Elected and stands aside.,"{""season"": 65, ""response"": ""Neutral"", ""roll"": 0, ""personal_year"": 1896, ""magnitude"": ""Significant"", ""tag"": ""Progressive""}",engine,2026-09-08 13:29:25
656,,other,confederation,Viscount Cameron of Cornwall names an heir,Season 65 · Viscount Cameron of Cornwall names Alexander Cameron heir.,"{""season"": 65, ""heir_age"": 16, ""role"": ""heir""}",engine,2026-09-08 13:29:25
657,,societal,dominion,Vancouver Anti-Asian Riots,Season 65 · Baron Bird of Winnipeg meets Vancouver Anti-Asian Riots and exploits.,"{""season"": 65, ""response"": ""Exploit"", ""roll"": 4, ""personal_year"": 1907, ""magnitude"": ""Significant"", ""tag"": ""Conservative""}",engine,2026-09-08 13:29:25
658,,societal,confederation,CPR Strike,Season 65 · Viscount Hendrie of Brampton meets CPR Strike and resists.,"{""season"": 65, ""response"": ""Resist"", ""roll"": 2, ""personal_year"": 1883, ""magnitude"": ""Significant"", ""tag"": ""Mixed""}",engine,2026-09-08 13:29:25
659,,relational,confederation,Viscount Hendrie of Brampton corresponds with Viscount Cameron of Cornwall,Season 65 · Viscount Hendrie of Brampton opens a correspondence with Viscount Cameron of Cornwall.,"{""season"": 65, ""marker"": ""+""}",engine,2026-09-08 13:29:25
660,,societal,confederation,National Policy,Season 65 · Baron Pegahmagabow of Wawa meets National Policy and leads.,"{""season"": 65, ""response"": ""Lead"", ""roll"": 6, ""personal_year"": 1878, ""magnitude"": ""Significant"", ""tag"": ""Conservative""}",engine,2026-09-08 13:29:25
661,,relational,confederation,Baron Pegahmagabow of Wawa reconciles with Baron Rochon de Rosedale,Season 65 · Baron Pegahmagabow of Wawa makes peace with Baron Rochon de Rosedale.,"{""season"": 65, ""marker"": ""~""}",engine,2026-09-08 13:29:25
662,,societal,confederation,Indian Act,Season 65 · Baron Byrne of Cooksville meets Indian Act and resists.,"{""season"": 65, ""response"": ""Resist"", ""roll"": 3, ""personal_year"": 1876, ""magnitude"": ""Major"", ""tag"": ""Conservative""}",engine,2026-09-08 13:29:25
663,,societal,confederation,Long Depression Reaches Canada,Season 65 · Viscount Marchand de Lac-Saint-Louis meets Long Depression Reaches Canada and stands aside.,"{""season"": 65, ""response"": ""Neutral"", ""roll"": 1, ""personal_year"": 1874, ""magnitude"": ""Major"", ""tag"": ""Conservative""}",engine,2026-09-08 13:29:25
664,,societal,confederation,Confederation Extension (Manitoba Act),Season 65 · Baron Skye of Belleville meets Confederation Extension (Manitoba Act) and stands aside.,"{""season"": 65, ""response"": ""Neutral"", ""roll"": 1, ""personal_year"": 1870, ""magnitude"": ""Major"", ""tag"": ""Mixed""}",engine,2026-09-08 13:29:25
665,,relational,confederation,Baron Proulx de Cumberland corresponds with Baron Cardinal of Steinbach,Season 65 · Baron Proulx de Cumberland opens a correspondence with Baron Cardinal of Steinbach.,"{""season"": 65, ""marker"": ""\u25ce""}",engine,2026-09-08 13:29:25
666,,founding,confederation,Viscount Worts of Milton founded,"Season 65 · Viscount Worts of Milton is created, seated at Milton East—Halton Hills South.","{""season"": 65, ""stats"": {""capital"": 47, ""influence"": 30, ""cohesion"": 74, ""ambition"": 1}, ""community"": ""Toronto Industrial and Commercial"", ""tag"": ""Conservative""}",engine,2026-09-08 13:29:25
667,,relational,confederation,Baron Elliott of Glengarry corresponds with Baron Pegahmagabow of Wawa,Season 66 · Baron Elliott of Glengarry opens a correspondence with Baron Pegahmagabow of Wawa.,"{""season"": 66, ""marker"": ""+""}",engine,2026-09-08 13:29:25
668,,societal,dominion,Prairie Women's Suffrage,Season 66 · Viscount Wallace of Perth meets Prairie Women's Suffrage and stands aside.,"{""season"": 66, ""response"": ""Neutral"", ""roll"": 1, ""personal_year"": 1916, ""magnitude"": ""Significant"", ""tag"": ""Progressive""}",engine,2026-09-08 13:29:25
669,,societal,dominion,Prairie Women's Suffrage,Season 66 · Viscount Benjamin of Bellechasse meets Prairie Women's Suffrage and exploits.,"{""season"": 66, ""response"": ""Exploit"", ""roll"": 5, ""personal_year"": 1916, ""magnitude"": ""Significant"", ""tag"": ""Progressive""}",engine,2026-09-08 13:29:25
670,,relational,confederation,Viscount Bouchard de Terrebonne and Viscount Wallace of Perth are joined by marriage,"Season 66 · Télesphore Bouchard marries Frederick Wallace, binding Viscount Bouchard de Terrebonne to Viscount Wallace of Perth.","{""season"": 66, ""marker"": ""kin""}",engine,2026-09-08 13:29:25
671,,societal,confederation,North-West Resistance,Season 66 · Earl Hays of Beloeil meets North-West Resistance and stands aside.,"{""season"": 66, ""response"": ""Neutral"", ""roll"": 1, ""personal_year"": 1885, ""magnitude"": ""Major"", ""tag"": ""Conservative""}",engine,2026-09-08 13:29:25
672,,societal,confederation,Montréal Smallpox Epidemic,Season 66 · Baron McLellan of Belfast meets Montréal Smallpox Epidemic and resists.,"{""season"": 66, ""response"": ""Resist"", ""roll"": 2, ""personal_year"": 1885, ""magnitude"": ""Significant"", ""tag"": ""Progressive""}",engine,2026-09-08 13:29:25
673,,expansion,confederation,Baron McLellan of Belfast takes Cardigan,Season 66 · Baron McLellan of Belfast takes Cardigan.,"{""season"": 66, ""riding"": ""Cardigan"", ""roll"": 8}",engine,2026-09-08 13:29:25
674,,relational,confederation,Viscount Meagher of Chatham and Viscount Cameron of Cornwall form a compact,Season 66 · Viscount Meagher of Chatham and Viscount Cameron of Cornwall enter into a compact.,"{""season"": 66, ""marker"": ""\u25c9+""}",engine,2026-09-08 13:29:25
675,,relational,confederation,Baron Hoover of Simcoe corresponds with Viscount Wallace of Perth,Season 66 · Baron Hoover of Simcoe opens a correspondence with Viscount Wallace of Perth.,"{""season"": 66, ""marker"": ""\u25ce""}",engine,2026-09-08 13:29:25
676,,expansion,confederation,Earl Forbes of Preston takes Halifax West,Season 66 · Earl Forbes of Preston takes Halifax West.,"{""season"": 66, ""riding"": ""Halifax West"", ""roll"": 8}",engine,2026-09-08 13:29:25
677,,societal,confederation,Diamond Jubilee,Season 66 · Baron Rochon de Rosedale meets Diamond Jubilee and resists.,"{""season"": 66, ""response"": ""Resist"", ""roll"": 3, ""personal_year"": 1897, ""magnitude"": ""Minor"", ""tag"": ""Conservative""}",engine,2026-09-08 13:29:25
678,,societal,confederation,CPR Strike,Season 66 · Baron Patterson of Kennebecasis meets CPR Strike and resists.,"{""season"": 66, ""response"": ""Resist"", ""roll"": 2, ""personal_year"": 1883, ""magnitude"": ""Significant"", ""tag"": ""Mixed""}",engine,2026-09-08 13:29:25
679,,societal,confederation,Indian Act,Season 66 · Baron Meagher of Windsor meets Indian Act and leads.,"{""season"": 66, ""response"": ""Lead"", ""roll"": 6, ""personal_year"": 1876, ""magnitude"": ""Major"", ""tag"": ""Conservative""}",engine,2026-09-08 13:29:25
680,,societal,confederation,British Columbia Joins; Treaty 1 Signed,Season 66 · Baron Skye of Belleville meets British Columbia Joins; Treaty 1 Signed and exploits.,"{""season"": 66, ""response"": ""Exploit"", ""roll"": 5, ""personal_year"": 1871, ""magnitude"": ""Significant"", ""tag"": ""Mixed""}",engine,2026-09-08 13:29:25
681,,societal,confederation,Red River Resistance,Season 66 · Baron Proulx de Cumberland meets Red River Resistance and exploits.,"{""season"": 66, ""response"": ""Exploit"", ""roll"": 4, ""personal_year"": 1869, ""magnitude"": ""Major"", ""tag"": ""Mixed""}",engine,2026-09-08 13:29:25
682,,expansion,confederation,Baron Proulx de Cumberland takes Beauharnois—Salaberry—Soulanges—Huntingdon,Season 66 · Baron Proulx de Cumberland takes Beauharnois—Salaberry—Soulanges—Huntingdon.,"{""season"": 66, ""riding"": ""Beauharnois\u2014Salaberry\u2014Soulanges\u2014Huntingdon"", ""roll"": 7}",engine,2026-09-08 13:29:25
683,,societal,dominion,Halifax Explosion,Season 67 · Viscount Wallace of Perth meets Halifax Explosion and exploits.,"{""season"": 67, ""response"": ""Exploit"", ""roll"": 5, ""personal_year"": 1917, ""magnitude"": ""Major"", ""tag"": ""Mixed""}",engine,2026-09-08 13:29:25
684,,expansion,dominion,Viscount Wallace of Perth takes Kitchener—Conestoga,Season 67 · Viscount Wallace of Perth takes Kitchener—Conestoga.,"{""season"": 67, ""riding"": ""Kitchener\u2014Conestoga"", ""roll"": 7}",engine,2026-09-08 13:29:25
685,,relational,confederation,Baron Stefaniuk of Emerson corresponds with Viscount Mercier de Rimouski,Season 67 · Baron Stefaniuk of Emerson opens a correspondence with Viscount Mercier de Rimouski.,"{""season"": 67, ""marker"": ""\u25ce""}",engine,2026-09-08 13:29:25
686,,societal,dominion,Halifax Explosion,Season 67 · Viscount Benjamin of Bellechasse meets Halifax Explosion and exploits.,"{""season"": 67, ""response"": ""Exploit"", ""roll"": 5, ""personal_year"": 1917, ""magnitude"": ""Major"", ""tag"": ""Mixed""}",engine,2026-09-08 13:29:25
687,,relational,dominion,Viscount Mercier de Rimouski gives offence to Baron Stefaniuk of Emerson,Season 67 · a letter from Viscount Mercier de Rimouski gives offence to Baron Stefaniuk of Emerson.,"{""season"": 67, ""marker"": ""Sig\u2212"", ""cause"": ""correspondence""}",engine,2026-09-08 13:29:25
688,,societal,dominion,Halifax Explosion,Season 67 · Viscount Bouchard de Terrebonne meets Halifax Explosion and resists.,"{""season"": 67, ""response"": ""Resist"", ""roll"": 3, ""personal_year"": 1917, ""magnitude"": ""Major"", ""tag"": ""Mixed""}",engine,2026-09-08 13:29:25
689,,societal,confederation,Last Spike at Craigellachie,Season 67 · Earl Forbes of Preston meets Last Spike at Craigellachie and exploits.,"{""season"": 67, ""response"": ""Exploit"", ""roll"": 5, ""personal_year"": 1885, ""magnitude"": ""Significant"", ""tag"": ""Mixed""}",engine,2026-09-08 13:29:25
690,,relational,confederation,Viscount Cameron of Cornwall corresponds with Baron Rochon de Rosedale,Season 67 · Viscount Cameron of Cornwall opens a correspondence with Baron Rochon de Rosedale.,"{""season"": 67, ""marker"": ""kin""}",engine,2026-09-08 13:29:25
691,,relational,confederation,Baron Cardinal of Steinbach corresponds with Baron Proulx de Cumberland,Season 67 · Baron Cardinal of Steinbach opens a correspondence with Baron Proulx de Cumberland.,"{""season"": 67, ""marker"": ""+""}",engine,2026-09-08 13:29:25
692,,societal,confederation,Last Spike at Craigellachie,Season 67 · Viscount Hendrie of Brampton meets Last Spike at Craigellachie and resists.,"{""season"": 67, ""response"": ""Resist"", ""roll"": 2, ""personal_year"": 1885, ""magnitude"": ""Significant"", ""tag"": ""Mixed""}",engine,2026-09-08 13:29:25
693,,relational,confederation,Viscount Hendrie of Brampton corresponds with Viscount Meagher of Chatham,Season 67 · Viscount Hendrie of Brampton opens a correspondence with Viscount Meagher of Chatham.,"{""season"": 67, ""marker"": ""+""}",engine,2026-09-08 13:29:25
694,,other,confederation,Viscount Bhullar of Nanaimo names an heir,Season 67 · Viscount Bhullar of Nanaimo names Jaswant Bhullar heir.,"{""season"": 67, ""heir_age"": 17, ""role"": ""heir""}",engine,2026-09-08 13:29:25
695,,relational,confederation,Baron Pegahmagabow of Wawa corresponds with Viscount Wallace of Perth,Season 67 · Baron Pegahmagabow of Wawa opens a correspondence with Viscount Wallace of Perth.,"{""season"": 67, ""marker"": ""\u25ce""}",engine,2026-09-08 13:29:25
696,,societal,confederation,National Policy,Season 67 · Baron Byrne of Cooksville meets National Policy and stands aside.,"{""season"": 67, ""response"": ""Neutral"", ""roll"": 1, ""personal_year"": 1878, ""magnitude"": ""Significant"", ""tag"": ""Conservative""}",engine,2026-09-08 13:29:25
697,,societal,confederation,Indian Act,Season 67 · Viscount Marchand de Lac-Saint-Louis meets Indian Act and exploits.,"{""season"": 67, ""response"": ""Exploit"", ""roll"": 4, ""personal_year"": 1876, ""magnitude"": ""Major"", ""tag"": ""Conservative""}",engine,2026-09-08 13:29:25
698,,expansion,confederation,Baron Skye of Belleville takes Hastings—Lennox and Addington—Tyendinaga,Season 67 · Baron Skye of Belleville takes Hastings—Lennox and Addington—Tyendinaga.,"{""season"": 67, ""riding"": ""Hastings\u2014Lennox and Addington\u2014Tyendinaga"", ""roll"": 8}",engine,2026-09-08 13:29:25
699,,societal,confederation,Confederation Extension (Manitoba Act),Season 67 · Baron Proulx de Cumberland meets Confederation Extension (Manitoba Act) and leads.,"{""season"": 67, ""response"": ""Lead"", ""roll"": 6, ""personal_year"": 1870, ""magnitude"": ""Major"", ""tag"": ""Mixed""}",engine,2026-09-08 13:29:25
700,,other,confederation,Baron Proulx de Cumberland names an heir,Season 67 · Baron Proulx de Cumberland names Léocadie Proulx heir.,"{""season"": 67, ""heir_age"": 22, ""role"": ""heir""}",engine,2026-09-08 13:29:25
701,,societal,confederation,Red River Resistance,Season 67 · Viscount Worts of Milton meets Red River Resistance and resists.,"{""season"": 67, ""response"": ""Resist"", ""roll"": 3, ""personal_year"": 1869, ""magnitude"": ""Major"", ""tag"": ""Mixed""}",engine,2026-09-08 13:29:25
702,,societal,confederation,Montréal Smallpox Epidemic,Season 68 · Baron Elliott of Glengarry meets Montréal Smallpox Epidemic and exploits.,"{""season"": 68, ""response"": ""Exploit"", ""roll"": 4, ""personal_year"": 1885, ""magnitude"": ""Significant"", ""tag"": ""Progressive""}",engine,2026-09-08 13:29:25
703,,elevation,confederation,Viscount Elliott of Glengarry elevated,Season 68 · Baron Elliott of Glengarry is raised to Viscount.,"{""season"": 68, ""from"": ""Baron"", ""to"": ""Viscount""}",engine,2026-09-08 13:29:25
704,,societal,dominion,Spanish Influenza,Season 68 · Viscount Wallace of Perth meets Spanish Influenza and resists.,"{""season"": 68, ""response"": ""Resist"", ""roll"": 3, ""personal_year"": 1918, ""magnitude"": ""Significant"", ""tag"": ""Global""}",engine,2026-09-08 13:29:25
705,,societal,dominion,Spanish Influenza,Season 68 · Viscount Benjamin of Bellechasse meets Spanish Influenza and resists.,"{""season"": 68, ""response"": ""Resist"", ""roll"": 2, ""personal_year"": 1918, ""magnitude"": ""Significant"", ""tag"": ""Global""}",engine,2026-09-08 13:29:25
706,,transfer,dominion,Viscount Benjamin of Bellechasse buys Beauport—Limoilou from Viscount Bouchard de Terrebonne,Season 68 · Viscount Benjamin of Bellechasse buys Beauport—Limoilou from Viscount Bouchard de Terrebonne.,"{""season"": 68, ""riding"": ""Beauport\u2014Limoilou"", ""price"": 40}",engine,2026-09-08 13:29:25
707,,societal,dominion,Naval Service Act,Season 68 · Viscount Mercier de Rimouski meets Naval Service Act and stands aside.,"{""season"": 68, ""response"": ""Neutral"", ""roll"": 1, ""personal_year"": 1910, ""magnitude"": ""Significant"", ""tag"": ""Mixed""}",engine,2026-09-08 13:29:25
708,,societal,dominion,Spanish Influenza,Season 68 · Viscount Bouchard de Terrebonne meets Spanish Influenza and exploits.,"{""season"": 68, ""response"": ""Exploit"", ""roll"": 4, ""personal_year"": 1918, ""magnitude"": ""Significant"", ""tag"": ""Global""}",engine,2026-09-08 13:29:25
709,,relational,dominion,Viscount Bouchard de Terrebonne corresponds with Viscount Wallace of Perth,Season 68 · Viscount Bouchard de Terrebonne opens a correspondence with Viscount Wallace of Perth.,"{""season"": 68, ""marker"": ""kin""}",engine,2026-09-08 13:29:25
710,,relational,confederation,Earl Hays of Beloeil and Baron Hoover of Simcoe form a compact,Season 68 · Earl Hays of Beloeil and Baron Hoover of Simcoe enter into a compact.,"{""season"": 68, ""marker"": ""\u25c9+""}",engine,2026-09-08 13:29:25
711,,succession,confederation,Baron Langelier de Charlevoix: clean succession,Season 68 · Marguerite Langelier succeeds to Baron Langelier de Charlevoix.,"{""season"": 68, ""nature"": ""clean"", ""cause"": ""death""}",engine,2026-09-08 13:29:25
712,,relational,confederation,Baron Langelier de Charlevoix loses a dispute with Viscount Benjamin of Bellechasse,Season 68 · Baron Langelier de Charlevoix presses a claim against Viscount Benjamin of Bellechasse and is rebuffed.,"{""season"": 68, ""outcome"": ""lost""}",engine,2026-09-08 13:29:25
713,,relational,confederation,Baron Hoover of Simcoe corresponds with Viscount Wallace of Perth,Season 68 · Baron Hoover of Simcoe opens a correspondence with Viscount Wallace of Perth.,"{""season"": 68, ""marker"": ""+""}",engine,2026-09-08 13:29:25
714,,societal,confederation,South African War,Season 68 · Baron Rochon de Rosedale meets South African War and leads.,"{""season"": 68, ""response"": ""Lead"", ""roll"": 7, ""personal_year"": 1899, ""magnitude"": ""Major"", ""tag"": ""Conservative""}",engine,2026-09-08 13:29:25
715,,societal,confederation,Chinese Immigration Act,Season 68 · Baron Patterson of Kennebecasis meets Chinese Immigration Act and resists.,"{""season"": 68, ""response"": ""Resist"", ""roll"": 2, ""personal_year"": 1885, ""magnitude"": ""Significant"", ""tag"": ""Conservative""}",engine,2026-09-08 13:29:25
716,,societal,dominion,Naval Service Act,Season 68 · Baron Bird of Winnipeg meets Naval Service Act and stands aside.,"{""season"": 68, ""response"": ""Neutral"", ""roll"": 1, ""personal_year"": 1910, ""magnitude"": ""Significant"", ""tag"": ""Mixed""}",engine,2026-09-08 13:29:25
717,,relational,confederation,Viscount Hendrie of Brampton corresponds with Viscount Cameron of Cornwall,Season 68 · Viscount Hendrie of Brampton opens a correspondence with Viscount Cameron of Cornwall.,"{""season"": 68, ""marker"": ""+""}",engine,2026-09-08 13:29:25
718,,societal,confederation,Canadian Pacific Railway Chartered,Season 68 · Baron Pegahmagabow of Wawa meets Canadian Pacific Railway Chartered and leads.,"{""season"": 68, ""response"": ""Lead"", ""roll"": 7, ""personal_year"": 1881, ""magnitude"": ""Significant"", ""tag"": ""Mixed""}",engine,2026-09-08 13:29:25
719,,societal,confederation,National Policy,Season 68 · Baron Meagher of Windsor meets National Policy and resists.,"{""season"": 68, ""response"": ""Resist"", ""roll"": 2, ""personal_year"": 1878, ""magnitude"": ""Significant"", ""tag"": ""Conservative""}",engine,2026-09-08 13:29:25
720,,societal,confederation,Pacific Scandal,Season 68 · Baron Skye of Belleville meets Pacific Scandal and resists.,"{""season"": 68, ""response"": ""Resist"", ""roll"": 2, ""personal_year"": 1873, ""magnitude"": ""Significant"", ""tag"": ""Progressive""}",engine,2026-09-08 13:29:25
721,,societal,confederation,British Columbia Joins; Treaty 1 Signed,Season 68 · Baron Proulx de Cumberland meets British Columbia Joins; Treaty 1 Signed and exploits.,"{""season"": 68, ""response"": ""Exploit"", ""roll"": 4, ""personal_year"": 1871, ""magnitude"": ""Significant"", ""tag"": ""Mixed""}",engine,2026-09-08 13:29:25
722,,relational,confederation,Baron Proulx de Cumberland corresponds with Viscount Cameron of Cornwall,Season 68 · Baron Proulx de Cumberland opens a correspondence with Viscount Cameron of Cornwall.,"{""season"": 68, ""marker"": ""\u25ce""}",engine,2026-09-08 13:29:25
723,,societal,confederation,Confederation Extension (Manitoba Act),Season 68 · Viscount Worts of Milton meets Confederation Extension (Manitoba Act) and resists.,"{""season"": 68, ""response"": ""Resist"", ""roll"": 3, ""personal_year"": 1870, ""magnitude"": ""Major"", ""tag"": ""Mixed""}",engine,2026-09-08 13:29:25
724,,expansion,confederation,Viscount Worts of Milton takes Brampton North—Caledon,Season 68 · Viscount Worts of Milton takes Brampton North—Caledon.,"{""season"": 68, ""riding"": ""Brampton North\u2014Caledon"", ""roll"": 8}",engine,2026-09-08 13:29:25
725,,founding,confederation,Viscount Colby of Trois-Rivières founded,"Season 68 · Viscount Colby of Trois-Rivières is created, seated at Trois-Rivières.","{""season"": 68, ""stats"": {""capital"": 51, ""influence"": 33, ""cohesion"": 64, ""ambition"": 2}, ""community"": ""Eastern Townships Loyalist"", ""tag"": ""Progressive""}",engine,2026-09-08 13:29:25
726,,relational,confederation,Viscount Elliott of Glengarry and Viscount Mercier de Rimouski form a compact,Season 69 · Viscount Elliott of Glengarry and Viscount Mercier de Rimouski enter into a compact.,"{""season"": 69, ""marker"": ""\u25c9+""}",engine,2026-09-08 13:29:25
727,,societal,dominion,Winnipeg General Strike,Season 69 · Viscount Wallace of Perth meets Winnipeg General Strike and resists.,"{""season"": 69, ""response"": ""Resist"", ""roll"": 2, ""personal_year"": 1919, ""magnitude"": ""Major"", ""tag"": ""Mixed""}",engine,2026-09-08 13:29:25
728,,relational,confederation,Baron Stefaniuk of Emerson reconciles with Viscount Mercier de Rimouski,Season 69 · Baron Stefaniuk of Emerson makes peace with Viscount Mercier de Rimouski.,"{""season"": 69, ""marker"": ""~""}",engine,2026-09-08 13:29:25
729,,societal,dominion,Winnipeg General Strike,Season 69 · Viscount Benjamin of Bellechasse meets Winnipeg General Strike and stands aside.,"{""season"": 69, ""response"": ""Neutral"", ""roll"": 1, ""personal_year"": 1919, ""magnitude"": ""Major"", ""tag"": ""Mixed""}",engine,2026-09-08 13:29:25
730,,relational,dominion,Viscount Benjamin of Bellechasse corresponds with Viscount Elliott of Glengarry,Season 69 · Viscount Benjamin of Bellechasse opens a correspondence with Viscount Elliott of Glengarry.,"{""season"": 69, ""marker"": ""kin""}",engine,2026-09-08 13:29:25
731,,societal,dominion,Reciprocity Election,Season 69 · Viscount Mercier de Rimouski meets Reciprocity Election and resists.,"{""season"": 69, ""response"": ""Resist"", ""roll"": 2, ""personal_year"": 1911, ""magnitude"": ""Significant"", ""tag"": ""Conservative""}",engine,2026-09-08 13:29:25
732,,relational,dominion,Viscount Mercier de Rimouski loses a dispute with Viscount Benjamin of Bellechasse,Season 69 · Viscount Mercier de Rimouski presses a claim against Viscount Benjamin of Bellechasse and is rebuffed.,"{""season"": 69, ""outcome"": ""lost""}",engine,2026-09-08 13:29:25
733,,societal,dominion,Winnipeg General Strike,Season 69 · Viscount Bouchard de Terrebonne meets Winnipeg General Strike and resists.,"{""season"": 69, ""response"": ""Resist"", ""roll"": 3, ""personal_year"": 1919, ""magnitude"": ""Major"", ""tag"": ""Mixed""}",engine,2026-09-08 13:29:25
734,,other,dominion,Viscount Bouchard de Terrebonne endows an institution,Season 69 · Viscount Bouchard de Terrebonne endows an institution.,"{""season"": 69}",engine,2026-09-08 13:29:25
735,,relational,confederation,Baron Patterson of Kennebecasis corresponds with Viscount Mercier de Rimouski,Season 69 · Baron Patterson of Kennebecasis opens a correspondence with Viscount Mercier de Rimouski.,"{""season"": 69, ""marker"": ""\u25ce""}",engine,2026-09-08 13:29:25
736,,societal,dominion,Reciprocity Election,Season 69 · Baron Bird of Winnipeg meets Reciprocity Election and exploits.,"{""season"": 69, ""response"": ""Exploit"", ""roll"": 4, ""personal_year"": 1911, ""magnitude"": ""Significant"", ""tag"": ""Conservative""}",engine,2026-09-08 13:29:25
737,,relational,confederation,Viscount Hendrie of Brampton and Viscount Meagher of Chatham form a compact,Season 69 · Viscount Hendrie of Brampton and Viscount Meagher of Chatham enter into a compact.,"{""season"": 69, ""marker"": ""\u25c9+""}",engine,2026-09-08 13:29:25
738,,expansion,confederation,Viscount Bhullar of Nanaimo takes Prince George—Peace River—Northern Rockies,Season 69 · Viscount Bhullar of Nanaimo takes Prince George—Peace River—Northern Rockies.,"{""season"": 69, ""riding"": ""Prince George\u2014Peace River\u2014Northern Rockies"", ""roll"": 8}",engine,2026-09-08 13:29:25
739,,societal,confederation,National Policy,Season 69 · Viscount Marchand de Lac-Saint-Louis meets National Policy and stands aside.,"{""season"": 69, ""response"": ""Neutral"", ""roll"": 0, ""personal_year"": 1878, ""magnitude"": ""Significant"", ""tag"": ""Conservative""}",engine,2026-09-08 13:29:25
740,,societal,confederation,Long Depression Reaches Canada,Season 69 · Baron Skye of Belleville meets Long Depression Reaches Canada and exploits.,"{""season"": 69, ""response"": ""Exploit"", ""roll"": 5, ""personal_year"": 1874, ""magnitude"": ""Major"", ""tag"": ""Conservative""}",engine,2026-09-08 13:29:25
741,,relational,confederation,Baron Proulx de Cumberland and Baron Cardinal of Steinbach form a compact,Season 69 · Baron Proulx de Cumberland and Baron Cardinal of Steinbach enter into a compact.,"{""season"": 69, ""marker"": ""\u25c9+""}",engine,2026-09-08 13:29:25
742,,societal,confederation,British Columbia Joins; Treaty 1 Signed,Season 69 · Viscount Worts of Milton meets British Columbia Joins; Treaty 1 Signed and stands aside.,"{""season"": 69, ""response"": ""Neutral"", ""roll"": 1, ""personal_year"": 1871, ""magnitude"": ""Significant"", ""tag"": ""Mixed""}",engine,2026-09-08 13:29:25
743,,other,confederation,Viscount Worts of Milton names an heir,Season 69 · Viscount Worts of Milton names Ellen Worts heir.,"{""season"": 69, ""heir_age"": 21, ""role"": ""heir""}",engine,2026-09-08 13:29:25
744,,other,confederation,Viscount Colby of Trois-Rivières names an heir,Season 69 · Viscount Colby of Trois-Rivières names Samuel Colby heir.,"{""season"": 69, ""heir_age"": 28, ""role"": ""heir""}",engine,2026-09-08 13:29:25
745,,relational,confederation,Earl Forbes of Preston and Baron McLellan of Belfast fall out,Season 70 · Earl Forbes of Preston and Baron McLellan of Belfast fall out over the water rights of a shared river.,"{""season"": 70, ""marker"": ""Sig\u2212"", ""cause"": ""friction"", ""grievance"": ""the water rights of a shared river""}",engine,2026-09-08 13:29:25
746,,relational,dominion,Viscount Benjamin of Bellechasse and Baron Stefaniuk of Emerson form a compact,Season 70 · Viscount Benjamin of Bellechasse and Baron Stefaniuk of Emerson enter into a compact.,"{""season"": 70, ""marker"": ""\u25c9+""}",engine,2026-09-08 13:29:25
747,,societal,dominion,Regulation 17,Season 70 · Viscount Mercier de Rimouski meets Regulation 17 and stands aside.,"{""season"": 70, ""response"": ""Neutral"", ""roll"": 0, ""personal_year"": 1912, ""magnitude"": ""Major"", ""tag"": ""Conservative""}",engine,2026-09-08 13:29:25
748,,relational,dominion,Viscount Mercier de Rimouski corresponds with Baron Patterson of Kennebecasis,Season 70 · Viscount Mercier de Rimouski opens a correspondence with Baron Patterson of Kennebecasis.,"{""season"": 70, ""marker"": ""+""}",engine,2026-09-08 13:29:25
749,,societal,confederation,Laurier Elected,Season 70 · Baron Cornwall of Steveston meets Laurier Elected and resists.,"{""season"": 70, ""response"": ""Resist"", ""roll"": 2, ""personal_year"": 1896, ""magnitude"": ""Significant"", ""tag"": ""Progressive""}",engine,2026-09-08 13:29:25
750,,societal,confederation,Jesuits' Estates Act Controversy,Season 70 · Earl Forbes of Preston meets Jesuits' Estates Act Controversy and exploits.,"{""season"": 70, ""response"": ""Exploit"", ""roll"": 4, ""personal_year"": 1888, ""magnitude"": ""Significant"", ""tag"": ""Conservative""}",engine,2026-09-08 13:29:25
751,,societal,dominion,Regulation 17,Season 70 · Baron Bird of Winnipeg meets Regulation 17 and exploits.,"{""season"": 70, ""response"": ""Exploit"", ""roll"": 5, ""personal_year"": 1912, ""magnitude"": ""Major"", ""tag"": ""Conservative""}",engine,2026-09-08 13:29:25
752,,other,dominion,Baron Bird of Winnipeg endows an institution,Season 70 · Baron Bird of Winnipeg endows an institution.,"{""season"": 70}",engine,2026-09-08 13:29:25
753,,societal,confederation,Jesuits' Estates Act Controversy,Season 70 · Viscount Hendrie of Brampton meets Jesuits' Estates Act Controversy and stands aside.,"{""season"": 70, ""response"": ""Neutral"", ""roll"": 0, ""personal_year"": 1888, ""magnitude"": ""Significant"", ""tag"": ""Conservative""}",engine,2026-09-08 13:29:25
754,,expansion,confederation,Viscount Hendrie of Brampton takes Mississauga—Malton,Season 70 · Viscount Hendrie of Brampton takes Mississauga—Malton.,"{""season"": 70, ""riding"": ""Mississauga\u2014Malton"", ""roll"": 7}",engine,2026-09-08 13:29:25
755,,societal,confederation,CPR Strike,Season 70 · Baron Pegahmagabow of Wawa meets CPR Strike and leads.,"{""season"": 70, ""response"": ""Lead"", ""roll"": 6, ""personal_year"": 1883, ""magnitude"": ""Significant"", ""tag"": ""Mixed""}",engine,2026-09-08 13:29:25
756,,societal,confederation,Canadian Pacific Railway Chartered,Season 70 · Baron Byrne of Cooksville meets Canadian Pacific Railway Chartered and exploits.,"{""season"": 70, ""response"": ""Exploit"", ""roll"": 5, ""personal_year"": 1881, ""magnitude"": ""Significant"", ""tag"": ""Mixed""}",engine,2026-09-08 13:29:25
757,,expansion,confederation,Baron Byrne of Cooksville takes Mississauga—Lakeshore,Season 70 · Baron Byrne of Cooksville takes Mississauga—Lakeshore.,"{""season"": 70, ""riding"": ""Mississauga\u2014Lakeshore"", ""roll"": 8}",engine,2026-09-08 13:29:25
758,,other,confederation,Viscount Marchand de Lac-Saint-Louis endows an institution,Season 70 · Viscount Marchand de Lac-Saint-Louis endows an institution.,"{""season"": 70}",engine,2026-09-08 13:29:25
759,,relational,confederation,Baron Skye of Belleville corresponds with Baron Bird of Winnipeg,Season 70 · Baron Skye of Belleville opens a correspondence with Baron Bird of Winnipeg.,"{""season"": 70, ""marker"": ""\u25ce""}",engine,2026-09-08 13:29:25
760,,societal,confederation,Pacific Scandal,Season 70 · Baron Proulx de Cumberland meets Pacific Scandal and leads.,"{""season"": 70, ""response"": ""Lead"", ""roll"": 6, ""personal_year"": 1873, ""magnitude"": ""Significant"", ""tag"": ""Progressive""}",engine,2026-09-08 13:29:25
761,,societal,confederation,Red River Resistance,Season 70 · Viscount Colby of Trois-Rivières meets Red River Resistance and resists.,"{""season"": 70, ""response"": ""Resist"", ""roll"": 2, ""personal_year"": 1869, ""magnitude"": ""Major"", ""tag"": ""Mixed""}",engine,2026-09-08 13:29:25
762,,founding,confederation,Baron Gillies of Woburn founded,"Season 70 · Baron Gillies of Woburn is created, seated at Scarborough—Woburn.","{""season"": 70, ""stats"": {""capital"": 42, ""influence"": 35, ""cohesion"": 66, ""ambition"": 5}, ""community"": ""Scots Presbyterian"", ""tag"": ""Conservative""}",engine,2026-09-08 13:29:25
763,,societal,dominion,Progressives and the First Woman MP,Season 71 · Viscount Wallace of Perth meets Progressives and the First Woman MP and exploits.,"{""season"": 71, ""response"": ""Exploit"", ""roll"": 5, ""personal_year"": 1921, ""magnitude"": ""Significant"", ""tag"": ""Progressive""}",engine,2026-09-08 13:29:25
764,,societal,dominion,Progressives and the First Woman MP,Season 71 · Viscount Benjamin of Bellechasse meets Progressives and the First Woman MP and resists.,"{""season"": 71, ""response"": ""Resist"", ""roll"": 2, ""personal_year"": 1921, ""magnitude"": ""Significant"", ""tag"": ""Progressive""}",engine,2026-09-08 13:29:25
765,,societal,dominion,Progressives and the First Woman MP,Season 71 · Viscount Bouchard de Terrebonne meets Progressives and the First Woman MP and exploits.,"{""season"": 71, ""response"": ""Exploit"", ""roll"": 5, ""personal_year"": 1921, ""magnitude"": ""Significant"", ""tag"": ""Progressive""}",engine,2026-09-08 13:29:25
766,,relational,confederation,Earl Hays of Beloeil corresponds with Baron Langelier de Charlevoix,Season 71 · Earl Hays of Beloeil opens a correspondence with Baron Langelier de Charlevoix.,"{""season"": 71, ""marker"": ""\u25ce""}",engine,2026-09-08 13:29:25
767,,societal,confederation,Diamond Jubilee,Season 71 · Baron Cornwall of Steveston meets Diamond Jubilee and resists.,"{""season"": 71, ""response"": ""Resist"", ""roll"": 2, ""personal_year"": 1897, ""magnitude"": ""Minor"", ""tag"": ""Conservative""}",engine,2026-09-08 13:29:25
768,,relational,confederation,Baron Langelier de Charlevoix loses a dispute with Viscount Benjamin of Bellechasse,Season 71 · Baron Langelier de Charlevoix presses a claim against Viscount Benjamin of Bellechasse and is rebuffed.,"{""season"": 71, ""outcome"": ""lost""}",engine,2026-09-08 13:29:25
769,,expansion,confederation,Earl Forbes of Preston takes Halifax,Season 71 · Earl Forbes of Preston takes Halifax.,"{""season"": 71, ""riding"": ""Halifax"", ""roll"": 11}",engine,2026-09-08 13:29:25
770,,societal,confederation,Jesuits' Estates Act Controversy,Season 71 · Baron Patterson of Kennebecasis meets Jesuits' Estates Act Controversy and leads.,"{""season"": 71, ""response"": ""Lead"", ""roll"": 6, ""personal_year"": 1888, ""magnitude"": ""Significant"", ""tag"": ""Conservative""}",engine,2026-09-08 13:29:25
771,,relational,confederation,Baron Cardinal of Steinbach corresponds with Viscount Worts of Milton,Season 71 · Baron Cardinal of Steinbach opens a correspondence with Viscount Worts of Milton.,"{""season"": 71, ""marker"": ""\u25ce""}",engine,2026-09-08 13:29:25
772,,relational,confederation,Viscount Hendrie of Brampton corresponds with Viscount Benjamin of Bellechasse,Season 71 · Viscount Hendrie of Brampton opens a correspondence with Viscount Benjamin of Bellechasse.,"{""season"": 71, ""marker"": ""\u25ce""}",engine,2026-09-08 13:29:25
773,,relational,confederation,Viscount Bhullar of Nanaimo corresponds with Baron Cornwall of Steveston,Season 71 · Viscount Bhullar of Nanaimo opens a correspondence with Baron Cornwall of Steveston.,"{""season"": 71, ""marker"": ""+""}",engine,2026-09-08 13:29:25
774,,relational,confederation,Baron Pegahmagabow of Wawa and Viscount Elliott of Glengarry are joined by marriage,"Season 71 · Joseph Pegahmagabow marries Maureen Elliott, binding Baron Pegahmagabow of Wawa to Viscount Elliott of Glengarry.","{""season"": 71, ""marker"": ""kin""}",engine,2026-09-08 13:29:25
775,,societal,confederation,Canadian Pacific Railway Chartered,Season 71 · Baron Meagher of Windsor meets Canadian Pacific Railway Chartered and exploits.,"{""season"": 71, ""response"": ""Exploit"", ""roll"": 4, ""personal_year"": 1881, ""magnitude"": ""Significant"", ""tag"": ""Mixed""}",engine,2026-09-08 13:29:25
776,,expansion,confederation,Baron Meagher of Windsor takes Windsor West,Season 71 · Baron Meagher of Windsor takes Windsor West.,"{""season"": 71, ""riding"": ""Windsor West"", ""roll"": 9}",engine,2026-09-08 13:29:25
777,,other,confederation,Viscount Marchand de Lac-Saint-Louis names an heir,Season 71 · Viscount Marchand de Lac-Saint-Louis names Cyrille Marchand heir.,"{""season"": 71, ""heir_age"": 31, ""role"": ""heir""}",engine,2026-09-08 13:29:25
778,,societal,confederation,Indian Act,Season 71 · Baron Skye of Belleville meets Indian Act and resists.,"{""season"": 71, ""response"": ""Resist"", ""roll"": 2, ""personal_year"": 1876, ""magnitude"": ""Major"", ""tag"": ""Conservative""}",engine,2026-09-08 13:29:25
779,,relational,confederation,Baron Skye of Belleville corresponds with Baron Bird of Winnipeg,Season 71 · Baron Skye of Belleville opens a correspondence with Baron Bird of Winnipeg.,"{""season"": 71, ""marker"": ""+""}",engine,2026-09-08 13:29:25
780,,societal,confederation,Long Depression Reaches Canada,Season 71 · Baron Proulx de Cumberland meets Long Depression Reaches Canada and exploits.,"{""season"": 71, ""response"": ""Exploit"", ""roll"": 4, ""personal_year"": 1874, ""magnitude"": ""Major"", ""tag"": ""Conservative""}",engine,2026-09-08 13:29:25
781,,societal,confederation,Pacific Scandal,Season 71 · Viscount Worts of Milton meets Pacific Scandal and stands aside.,"{""season"": 71, ""response"": ""Neutral"", ""roll"": 1, ""personal_year"": 1873, ""magnitude"": ""Significant"", ""tag"": ""Progressive""}",engine,2026-09-08 13:29:25
782,,societal,confederation,Confederation Extension (Manitoba Act),Season 71 · Viscount Colby of Trois-Rivières meets Confederation Extension (Manitoba Act) and exploits.,"{""season"": 71, ""response"": ""Exploit"", ""roll"": 5, ""personal_year"": 1870, ""magnitude"": ""Major"", ""tag"": ""Mixed""}",engine,2026-09-08 13:29:25
783,,expansion,confederation,Viscount Colby of Trois-Rivières takes Berthier—Maskinongé,Season 71 · Viscount Colby of Trois-Rivières takes Berthier—Maskinongé.,"{""season"": 71, ""riding"": ""Berthier\u2014Maskinong\u00e9"", ""roll"": 8}",engine,2026-09-08 13:29:25
784,,founding,confederation,Baron Fairbanks of Edmonton Griesbach founded,"Season 71 · Baron Fairbanks of Edmonton Griesbach is created, seated at Edmonton Griesbach.","{""season"": 71, ""stats"": {""capital"": 49, ""influence"": 32, ""cohesion"": 77, ""ambition"": 9}, ""community"": ""Ontario-British Settler"", ""tag"": ""Mixed""}",engine,2026-09-08 13:29:25
785,,relational,confederation,Baron Cardinal of Steinbach and Baron Stefaniuk of Emerson fall out,Season 72 · Baron Cardinal of Steinbach and Baron Stefaniuk of Emerson fall out over a boundary the two houses read differently.,"{""season"": 72, ""marker"": ""Sig\u2212"", ""cause"": ""friction"", ""grievance"": ""a boundary the two houses read differently""}",engine,2026-09-08 13:29:25
786,,expansion,dominion,Viscount Wallace of Perth takes Kitchener South—Hespeler,Season 72 · Viscount Wallace of Perth takes Kitchener South—Hespeler.,"{""season"": 72, ""riding"": ""Kitchener South\u2014Hespeler"", ""roll"": 8}",engine,2026-09-08 13:29:25
787,,societal,dominion,The Great War,Season 72 · Viscount Mercier de Rimouski meets The Great War and stands aside.,"{""season"": 72, ""response"": ""Neutral"", ""roll"": 1, ""personal_year"": 1914, ""magnitude"": ""Major"", ""tag"": ""Global""}",engine,2026-09-08 13:29:25
788,,relational,dominion,Viscount Mercier de Rimouski and Baron Patterson of Kennebecasis form a compact,Season 72 · Viscount Mercier de Rimouski and Baron Patterson of Kennebecasis enter into a compact.,"{""season"": 72, ""marker"": ""\u25c9+""}",engine,2026-09-08 13:29:25
789,,relational,confederation,Earl Hays of Beloeil corresponds with Baron Langelier de Charlevoix,Season 72 · Earl Hays of Beloeil opens a correspondence with Baron Langelier de Charlevoix.,"{""season"": 72, ""marker"": ""+""}",engine,2026-09-08 13:29:25
790,,other,confederation,Baron Langelier de Charlevoix names an heir,Season 72 · Baron Langelier de Charlevoix names Louis Langelier heir.,"{""season"": 72, ""heir_age"": 17, ""role"": ""heir""}",engine,2026-09-08 13:29:25
791,,societal,confederation,Chinese Immigration Act,Season 72 · Viscount Meagher of Chatham meets Chinese Immigration Act and stands aside.,"{""season"": 72, ""response"": ""Neutral"", ""roll"": 0, ""personal_year"": 1885, ""magnitude"": ""Significant"", ""tag"": ""Conservative""}",engine,2026-09-08 13:29:25
792,,relational,confederation,Baron Hoover of Simcoe corresponds with Baron Skye of Belleville,Season 72 · Baron Hoover of Simcoe opens a correspondence with Baron Skye of Belleville.,"{""season"": 72, ""marker"": ""\u25ce""}",engine,2026-09-08 13:29:25
793,,societal,confederation,Manitoba Schools Question,Season 72 · Earl Forbes of Preston meets Manitoba Schools Question and exploits.,"{""season"": 72, ""response"": ""Exploit"", ""roll"": 5, ""personal_year"": 1890, ""magnitude"": ""Major"", ""tag"": ""Conservative""}",engine,2026-09-08 13:29:25
794,,expansion,confederation,Earl Forbes of Preston takes Dartmouth—Cole Harbour,Season 72 · Earl Forbes of Preston takes Dartmouth—Cole Harbour.,"{""season"": 72, ""riding"": ""Dartmouth\u2014Cole Harbour"", ""roll"": 10}",engine,2026-09-08 13:29:25
795,,societal,dominion,Alaska Boundary Award,Season 72 · Baron Rochon de Rosedale meets Alaska Boundary Award and leads.,"{""season"": 72, ""response"": ""Lead"", ""roll"": 6, ""personal_year"": 1903, ""magnitude"": ""Minor"", ""tag"": ""Mixed""}",engine,2026-09-08 13:29:25
796,,relational,dominion,Baron Rochon de Rosedale corresponds with Viscount Wallace of Perth,Season 72 · Baron Rochon de Rosedale opens a correspondence with Viscount Wallace of Perth.,"{""season"": 72, ""marker"": ""+""}",engine,2026-09-08 13:29:25
797,,societal,dominion,Komagata Maru,Season 72 · Baron Bird of Winnipeg meets Komagata Maru and exploits.,"{""season"": 72, ""response"": ""Exploit"", ""roll"": 5, ""personal_year"": 1914, ""magnitude"": ""Major"", ""tag"": ""Conservative""}",engine,2026-09-08 13:29:25
798,,relational,dominion,Baron Bird of Winnipeg corresponds with Baron Gillies of Woburn,Season 72 · Baron Bird of Winnipeg opens a correspondence with Baron Gillies of Woburn.,"{""season"": 72, ""marker"": ""\u25ce""}",engine,2026-09-08 13:29:25
799,,other,confederation,Baron Cardinal of Steinbach endows an institution,Season 72 · Baron Cardinal of Steinbach endows an institution.,"{""season"": 72}",engine,2026-09-08 13:29:25
800,,other,confederation,Baron Rouleau de LaSalle names an heir,Season 72 · Baron Rouleau de LaSalle names Octavien Rouleau heir.,"{""season"": 72, ""heir_age"": 29, ""role"": ""heir""}",engine,2026-09-08 13:29:25
801,,societal,confederation,Manitoba Schools Question,Season 72 · Viscount Hendrie of Brampton meets Manitoba Schools Question and resists.,"{""season"": 72, ""response"": ""Resist"", ""roll"": 2, ""personal_year"": 1890, ""magnitude"": ""Major"", ""tag"": ""Conservative""}",engine,2026-09-08 13:29:25
802,,relational,confederation,Viscount Bhullar of Nanaimo and Baron Cornwall of Steveston are joined by marriage,"Season 72 · Jaswant Bhullar marries Eleanor Cornwall, binding Viscount Bhullar of Nanaimo to Baron Cornwall of Steveston.","{""season"": 72, ""marker"": ""kin""}",engine,2026-09-08 13:29:25
803,,societal,confederation,CPR Strike,Season 72 · Baron Byrne of Cooksville meets CPR Strike and leads.,"{""season"": 72, ""response"": ""Lead"", ""roll"": 6, ""personal_year"": 1883, ""magnitude"": ""Significant"", ""tag"": ""Mixed""}",engine,2026-09-08 13:29:25
804,,societal,confederation,Canadian Pacific Railway Chartered,Season 72 · Viscount Marchand de Lac-Saint-Louis meets Canadian Pacific Railway Chartered and resists.,"{""season"": 72, ""response"": ""Resist"", ""roll"": 3, ""personal_year"": 1881, ""magnitude"": ""Significant"", ""tag"": ""Mixed""}",engine,2026-09-08 13:29:25
805,,expansion,confederation,Viscount Marchand de Lac-Saint-Louis takes Laval—Les Îles,Season 72 · Viscount Marchand de Lac-Saint-Louis takes Laval—Les Îles.,"{""season"": 72, ""riding"": ""Laval\u2014Les \u00celes"", ""roll"": 7}",engine,2026-09-08 13:29:25
806,,societal,confederation,Long Depression Reaches Canada,Season 72 · Viscount Worts of Milton meets Long Depression Reaches Canada and resists.,"{""season"": 72, ""response"": ""Resist"", ""roll"": 3, ""personal_year"": 1874, ""magnitude"": ""Major"", ""tag"": ""Conservative""}",engine,2026-09-08 13:29:25
807,,expansion,confederation,Viscount Worts of Milton takes Brampton—Chinguacousy Park,Season 72 · Viscount Worts of Milton takes Brampton—Chinguacousy Park.,"{""season"": 72, ""riding"": ""Brampton\u2014Chinguacousy Park"", ""roll"": 9}",engine,2026-09-08 13:29:25
808,,societal,confederation,British Columbia Joins; Treaty 1 Signed,Season 72 · Viscount Colby of Trois-Rivières meets British Columbia Joins; Treaty 1 Signed and leads.,"{""season"": 72, ""response"": ""Lead"", ""roll"": 6, ""personal_year"": 1871, ""magnitude"": ""Significant"", ""tag"": ""Mixed""}",engine,2026-09-08 13:29:25
809,,societal,confederation,Red River Resistance,Season 72 · Baron Gillies of Woburn meets Red River Resistance and exploits.,"{""season"": 72, ""response"": ""Exploit"", ""roll"": 5, ""personal_year"": 1869, ""magnitude"": ""Major"", ""tag"": ""Mixed""}",engine,2026-09-08 13:29:25
810,,founding,confederation,Baron Lucas of Oakville founded,"Season 72 · Baron Lucas of Oakville is created, seated at Oakville West.","{""season"": 72, ""stats"": {""capital"": 39, ""influence"": 31, ""cohesion"": 69, ""ambition"": 6}, ""community"": ""Black Underground Railroad Descent"", ""tag"": ""Mixed""}",engine,2026-09-08 13:29:25
811,,societal,dominion,Chinese Exclusion Act,Season 73 · Viscount Wallace of Perth meets Chinese Exclusion Act and stands aside.,"{""season"": 73, ""response"": ""Neutral"", ""roll"": 1, ""personal_year"": 1923, ""magnitude"": ""Significant"", ""tag"": ""Conservative""}",engine,2026-09-08 13:29:25
812,,relational,confederation,Baron Stefaniuk of Emerson wins a dispute with Baron Cardinal of Steinbach,Season 73 · Baron Stefaniuk of Emerson carries a dispute against Baron Cardinal of Steinbach.,"{""season"": 73, ""outcome"": ""won"", ""marker"": ""~""}",engine,2026-09-08 13:29:25
813,,societal,dominion,Chinese Exclusion Act,Season 73 · Viscount Benjamin of Bellechasse meets Chinese Exclusion Act and resists.,"{""season"": 73, ""response"": ""Resist"", ""roll"": 3, ""personal_year"": 1923, ""magnitude"": ""Significant"", ""tag"": ""Conservative""}",engine,2026-09-08 13:29:25
814,,succession,dominion,Viscount Mercier de Rimouski: clean succession,Season 73 · Léocadie Mercier succeeds to Viscount Mercier de Rimouski.,"{""season"": 73, ""nature"": ""clean"", ""cause"": ""death""}",engine,2026-09-08 13:29:25
815,,societal,dominion,Chinese Exclusion Act,Season 73 · Viscount Bouchard de Terrebonne meets Chinese Exclusion Act and stands aside.,"{""season"": 73, ""response"": ""Neutral"", ""roll"": 1, ""personal_year"": 1923, ""magnitude"": ""Significant"", ""tag"": ""Conservative""}",engine,2026-09-08 13:29:25
816,,relational,confederation,Earl Hays of Beloeil and Baron Cardinal of Steinbach form a compact,Season 73 · Earl Hays of Beloeil and Baron Cardinal of Steinbach enter into a compact.,"{""season"": 73, ""marker"": ""\u25c9+""}",engine,2026-09-08 13:29:25
817,,societal,confederation,South African War,Season 73 · Baron Cornwall of Steveston meets South African War and stands aside.,"{""season"": 73, ""response"": ""Neutral"", ""roll"": 1, ""personal_year"": 1899, ""magnitude"": ""Major"", ""tag"": ""Conservative""}",engine,2026-09-08 13:29:25
818,,societal,confederation,Death of Sir John A. Macdonald,Season 73 · Earl Forbes of Preston meets Death of Sir John A. Macdonald and resists.,"{""season"": 73, ""response"": ""Resist"", ""roll"": 3, ""personal_year"": 1891, ""magnitude"": ""Minor"", ""tag"": ""Mixed""}",engine,2026-09-08 13:29:25
819,,succession,confederation,Earl Forbes of Preston: disorderly succession,Season 73 · Earl Forbes of Preston passes in disorder to Rachel Forbes.,"{""season"": 73, ""nature"": ""disorderly"", ""cause"": ""death""}",engine,2026-09-08 13:29:25
820,,relational,confederation,Earl Forbes of Preston falls out with Baron McLellan of Belfast,,"{""season"": 73, ""marker"": ""Sig\u2212"", ""cause"": ""disorderly succession""}",engine,2026-09-08 13:29:25
821,,succession,dominion,Baron Rochon de Rosedale: clean succession,Season 73 · Olivier Rochon succeeds to Baron Rochon de Rosedale.,"{""season"": 73, ""nature"": ""clean"", ""cause"": ""death""}",engine,2026-09-08 13:29:25
822,,expansion,confederation,Baron Rochon de Rosedale takes York Centre,Season 73 · Baron Rochon de Rosedale takes York Centre.,"{""season"": 73, ""riding"": ""York Centre"", ""roll"": 10}",engine,2026-09-08 13:29:25
823,,societal,confederation,Manitoba Schools Question,Season 73 · Baron Patterson of Kennebecasis meets Manitoba Schools Question and resists.,"{""season"": 73, ""response"": ""Resist"", ""roll"": 2, ""personal_year"": 1890, ""magnitude"": ""Major"", ""tag"": ""Conservative""}",engine,2026-09-08 13:29:25
824,,elevation,confederation,Viscount Patterson of Kennebecasis elevated,Season 73 · Baron Patterson of Kennebecasis is raised to Viscount.,"{""season"": 73, ""from"": ""Baron"", ""to"": ""Viscount""}",engine,2026-09-08 13:29:25
825,,societal,confederation,Death of Sir John A. Macdonald,Season 73 · Viscount Hendrie of Brampton meets Death of Sir John A. Macdonald and leads.,"{""season"": 73, ""response"": ""Lead"", ""roll"": 6, ""personal_year"": 1891, ""magnitude"": ""Minor"", ""tag"": ""Mixed""}",engine,2026-09-08 13:29:25
826,,relational,confederation,Viscount Hendrie of Brampton and Viscount Meagher of Chatham are joined by marriage,"Season 73 · Jane Hendrie marries Malachy Meagher, binding Viscount Hendrie of Brampton to Viscount Meagher of Chatham.","{""season"": 73, ""marker"": ""kin""}",engine,2026-09-08 13:29:25
827,,societal,confederation,South African War,Season 73 · Viscount Bhullar of Nanaimo meets South African War and exploits.,"{""season"": 73, ""response"": ""Exploit"", ""roll"": 5, ""personal_year"": 1899, ""magnitude"": ""Major"", ""tag"": ""Conservative""}",engine,2026-09-08 13:29:25
828,,societal,confederation,Manitoba Schools Question,Season 73 · Baron Pegahmagabow of Wawa meets Manitoba Schools Question and resists.,"{""season"": 73, ""response"": ""Resist"", ""roll"": 2, ""personal_year"": 1890, ""magnitude"": ""Major"", ""tag"": ""Conservative""}",engine,2026-09-08 13:29:25
829,,relational,confederation,Baron Byrne of Cooksville and Baron Rouleau de LaSalle are joined by marriage,"Season 73 · Norah Byrne marries Octavien Rouleau, binding Baron Byrne of Cooksville to Baron Rouleau de LaSalle.","{""season"": 73, ""marker"": ""kin""}",engine,2026-09-08 13:29:25
830,,societal,confederation,CPR Strike,Season 73 · Baron Meagher of Windsor meets CPR Strike and exploits.,"{""season"": 73, ""response"": ""Exploit"", ""roll"": 4, ""personal_year"": 1883, ""magnitude"": ""Significant"", ""tag"": ""Mixed""}",engine,2026-09-08 13:29:25
831,,societal,confederation,National Policy,Season 73 · Baron Skye of Belleville meets National Policy and leads.,"{""season"": 73, ""response"": ""Lead"", ""roll"": 6, ""personal_year"": 1878, ""magnitude"": ""Significant"", ""tag"": ""Conservative""}",engine,2026-09-08 13:29:25
832,,societal,confederation,Indian Act,Season 73 · Baron Proulx de Cumberland meets Indian Act and stands aside.,"{""season"": 73, ""response"": ""Neutral"", ""roll"": 1, ""personal_year"": 1876, ""magnitude"": ""Major"", ""tag"": ""Conservative""}",engine,2026-09-08 13:29:25
833,,expansion,confederation,Baron Proulx de Cumberland takes Stormont—Dundas—Glengarry,Season 73 · Baron Proulx de Cumberland takes Stormont—Dundas—Glengarry.,"{""season"": 73, ""riding"": ""Stormont\u2014Dundas\u2014Glengarry"", ""roll"": 8}",engine,2026-09-08 13:29:25
834,,societal,confederation,Confederation Extension (Manitoba Act),Season 73 · Baron Gillies of Woburn meets Confederation Extension (Manitoba Act) and stands aside.,"{""season"": 73, ""response"": ""Neutral"", ""roll"": 1, ""personal_year"": 1870, ""magnitude"": ""Major"", ""tag"": ""Mixed""}",engine,2026-09-08 13:29:25
835,,societal,confederation,Red River Resistance,Season 73 · Baron Fairbanks of Edmonton Griesbach meets Red River Resistance and leads.,"{""season"": 73, ""response"": ""Lead"", ""roll"": 6, ""personal_year"": 1869, ""magnitude"": ""Major"", ""tag"": ""Mixed""}",engine,2026-09-08 13:29:25
836,,other,confederation,Baron Lucas of Oakville names an heir,Season 73 · Baron Lucas of Oakville names Anne Lucas heir.,"{""season"": 73, ""heir_age"": 32, ""role"": ""heir""}",engine,2026-09-08 13:29:25
837,,relational,dominion,Baron Bird of Winnipeg and Baron Cardinal of Steinbach fall out,Season 74 · Baron Bird of Winnipeg and Baron Cardinal of Steinbach fall out over a slighted marriage between the two houses.,"{""season"": 74, ""marker"": ""Sig\u2212"", ""cause"": ""friction"", ""grievance"": ""a slighted marriage between the two houses""}",engine,2026-09-08 13:29:25
838,,relational,dominion,Baron Bird of Winnipeg and Baron Stefaniuk of Emerson fall out,Season 74 · Baron Bird of Winnipeg and Baron Stefaniuk of Emerson fall out over a slighted marriage between the two houses.,"{""season"": 74, ""marker"": ""Sig\u2212"", ""cause"": ""friction"", ""grievance"": ""a slighted marriage between the two houses""}",engine,2026-09-08 13:29:25
839,,relational,confederation,Viscount Elliott of Glengarry corresponds with Baron Skye of Belleville,Season 74 · Viscount Elliott of Glengarry opens a correspondence with Baron Skye of Belleville.,"{""season"": 74, ""marker"": ""\u25ce""}",engine,2026-09-08 13:29:25
840,,expansion,dominion,Baron Cornwall of Steveston takes Kamloops—Shuswap—Central Rockies,Season 74 · Baron Cornwall of Steveston takes Kamloops—Shuswap—Central Rockies.,"{""season"": 74, ""riding"": ""Kamloops\u2014Shuswap\u2014Central Rockies"", ""roll"": 10}",engine,2026-09-08 13:29:25
841,,societal,confederation,Death of Sir John A. Macdonald,Season 74 · Viscount Patterson of Kennebecasis meets Death of Sir John A. Macdonald and exploits.,"{""season"": 74, ""response"": ""Exploit"", ""roll"": 4, ""personal_year"": 1891, ""magnitude"": ""Minor"", ""tag"": ""Mixed""}",engine,2026-09-08 13:29:25
842,,expansion,confederation,Viscount Cameron of Cornwall takes Markham—Unionville,Season 74 · Viscount Cameron of Cornwall takes Markham—Unionville.,"{""season"": 74, ""riding"": ""Markham\u2014Unionville"", ""roll"": 7}",engine,2026-09-08 13:29:25
843,,societal,dominion,Prairie Women's Suffrage,Season 74 · Baron Bird of Winnipeg meets Prairie Women's Suffrage and stands aside.,"{""season"": 74, ""response"": ""Neutral"", ""roll"": 0, ""personal_year"": 1916, ""magnitude"": ""Significant"", ""tag"": ""Progressive""}",engine,2026-09-08 13:29:25
844,,other,confederation,Baron Cardinal of Steinbach names an heir,Season 74 · Baron Cardinal of Steinbach names Simon Cardinal heir.,"{""season"": 74, ""heir_age"": 11, ""role"": ""heir""}",engine,2026-09-08 13:29:25
845,,societal,confederation,Last Spike at Craigellachie,Season 74 · Baron Rouleau de LaSalle meets Last Spike at Craigellachie and exploits.,"{""season"": 74, ""response"": ""Exploit"", ""roll"": 5, ""personal_year"": 1885, ""magnitude"": ""Significant"", ""tag"": ""Mixed""}",engine,2026-09-08 13:29:25
846,,relational,confederation,Viscount Hendrie of Brampton corresponds with Viscount Benjamin of Bellechasse,Season 74 · Viscount Hendrie of Brampton opens a correspondence with Viscount Benjamin of Bellechasse.,"{""season"": 74, ""marker"": ""+""}",engine,2026-09-08 13:29:25
847,,societal,confederation,Death of Sir John A. Macdonald,Season 74 · Baron Pegahmagabow of Wawa meets Death of Sir John A. Macdonald and exploits.,"{""season"": 74, ""response"": ""Exploit"", ""roll"": 5, ""personal_year"": 1891, ""magnitude"": ""Minor"", ""tag"": ""Mixed""}",engine,2026-09-08 13:29:25
848,,societal,confederation,Chinese Immigration Act,Season 74 · Baron Byrne of Cooksville meets Chinese Immigration Act and resists.,"{""season"": 74, ""response"": ""Resist"", ""roll"": 2, ""personal_year"": 1885, ""magnitude"": ""Significant"", ""tag"": ""Conservative""}",engine,2026-09-08 13:29:25
849,,societal,confederation,CPR Strike,Season 74 · Viscount Marchand de Lac-Saint-Louis meets CPR Strike and resists.,"{""season"": 74, ""response"": ""Resist"", ""roll"": 2, ""personal_year"": 1883, ""magnitude"": ""Significant"", ""tag"": ""Mixed""}",engine,2026-09-08 13:29:25
850,,relational,confederation,Viscount Marchand de Lac-Saint-Louis corresponds with Viscount Patterson of Kennebecasis,Season 74 · Viscount Marchand de Lac-Saint-Louis opens a correspondence with Viscount Patterson of Kennebecasis.,"{""season"": 74, ""marker"": ""\u25ce""}",engine,2026-09-08 13:29:25
851,,relational,confederation,Baron Proulx de Cumberland corresponds with Viscount Cameron of Cornwall,Season 74 · Baron Proulx de Cumberland opens a correspondence with Viscount Cameron of Cornwall.,"{""season"": 74, ""marker"": ""+""}",engine,2026-09-08 13:29:25
852,,societal,confederation,Indian Act,Season 74 · Viscount Worts of Milton meets Indian Act and resists.,"{""season"": 74, ""response"": ""Resist"", ""roll"": 2, ""personal_year"": 1876, ""magnitude"": ""Major"", ""tag"": ""Conservative""}",engine,2026-09-08 13:29:25
853,,societal,confederation,Pacific Scandal,Season 74 · Viscount Colby of Trois-Rivières meets Pacific Scandal and resists.,"{""season"": 74, ""response"": ""Resist"", ""roll"": 3, ""personal_year"": 1873, ""magnitude"": ""Significant"", ""tag"": ""Progressive""}",engine,2026-09-08 13:29:25
854,,societal,confederation,British Columbia Joins; Treaty 1 Signed,Season 74 · Baron Gillies of Woburn meets British Columbia Joins; Treaty 1 Signed and stands aside.,"{""season"": 74, ""response"": ""Neutral"", ""roll"": 1, ""personal_year"": 1871, ""magnitude"": ""Significant"", ""tag"": ""Mixed""}",engine,2026-09-08 13:29:25
855,,relational,confederation,Baron Gillies of Woburn corresponds with Baron Bird of Winnipeg,Season 74 · Baron Gillies of Woburn opens a correspondence with Baron Bird of Winnipeg.,"{""season"": 74, ""marker"": ""+""}",engine,2026-09-08 13:29:25
856,,societal,confederation,Confederation Extension (Manitoba Act),Season 74 · Baron Fairbanks of Edmonton Griesbach meets Confederation Extension (Manitoba Act) and resists.,"{""season"": 74, ""response"": ""Resist"", ""roll"": 2, ""personal_year"": 1870, ""magnitude"": ""Major"", ""tag"": ""Mixed""}",engine,2026-09-08 13:29:25
857,,societal,confederation,Red River Resistance,Season 74 · Baron Lucas of Oakville meets Red River Resistance and leads.,"{""season"": 74, ""response"": ""Lead"", ""roll"": 6, ""personal_year"": 1869, ""magnitude"": ""Major"", ""tag"": ""Mixed""}",engine,2026-09-08 13:29:25
858,,founding,confederation,Viscount Dawes of Bourassa founded,"Season 74 · Viscount Dawes of Bourassa is created, seated at Bourassa.","{""season"": 74, ""stats"": {""capital"": 39, ""influence"": 31, ""cohesion"": 78, ""ambition"": 1}, ""community"": ""Anglo-Scots Montr\u00e9al Commercial"", ""tag"": ""Mixed""}",engine,2026-09-08 13:29:25
859,,relational,dominion,Viscount Benjamin of Bellechasse and Viscount Mercier de Rimouski fall out,Season 75 · Viscount Benjamin of Bellechasse and Viscount Mercier de Rimouski fall out over the patronage of a shared riding's offices.,"{""season"": 75, ""marker"": ""Sig\u2212"", ""cause"": ""friction"", ""grievance"": ""the patronage of a shared riding's offices""}",engine,2026-09-08 13:29:25
860,,relational,confederation,Viscount Elliott of Glengarry and Baron Hoover of Simcoe form a compact,Season 75 · Viscount Elliott of Glengarry and Baron Hoover of Simcoe enter into a compact.,"{""season"": 75, ""marker"": ""\u25c9+""}",engine,2026-09-08 13:29:25
861,,societal,dominion,United Church Formed,Season 75 · Viscount Wallace of Perth meets United Church Formed and leads.,"{""season"": 75, ""response"": ""Lead"", ""roll"": 6, ""personal_year"": 1925, ""magnitude"": ""Minor"", ""tag"": ""Progressive""}",engine,2026-09-08 13:29:25
862,,societal,dominion,United Church Formed,Season 75 · Viscount Benjamin of Bellechasse meets United Church Formed and stands aside.,"{""season"": 75, ""response"": ""Neutral"", ""roll"": 0, ""personal_year"": 1925, ""magnitude"": ""Minor"", ""tag"": ""Progressive""}",engine,2026-09-08 13:29:25
863,,societal,dominion,United Church Formed,Season 75 · Viscount Bouchard de Terrebonne meets United Church Formed and exploits.,"{""season"": 75, ""response"": ""Exploit"", ""roll"": 5, ""personal_year"": 1925, ""magnitude"": ""Minor"", ""tag"": ""Progressive""}",engine,2026-09-08 13:29:25
864,,relational,dominion,Viscount Bouchard de Terrebonne corresponds with Viscount Dawes of Bourassa,Season 75 · Viscount Bouchard de Terrebonne opens a correspondence with Viscount Dawes of Bourassa.,"{""season"": 75, ""marker"": ""\u25ce""}",engine,2026-09-08 13:29:25
865,,relational,confederation,Earl Hays of Beloeil and Baron Langelier de Charlevoix form a compact,Season 75 · Earl Hays of Beloeil and Baron Langelier de Charlevoix enter into a compact.,"{""season"": 75, ""marker"": ""\u25c9+""}",engine,2026-09-08 13:29:25
866,,succession,confederation,Baron McLellan of Belfast: clean succession,Season 75 · Iain McLellan succeeds to Baron McLellan of Belfast.,"{""season"": 75, ""nature"": ""clean"", ""cause"": ""death""}",engine,2026-09-08 13:29:25
867,,relational,confederation,Baron McLellan of Belfast loses a dispute with Earl Forbes of Preston,Season 75 · Baron McLellan of Belfast presses a claim against Earl Forbes of Preston and is rebuffed.,"{""season"": 75, ""outcome"": ""lost""}",engine,2026-09-08 13:29:25
868,,relational,confederation,Baron Rochon de Rosedale corresponds with Viscount Cameron of Cornwall,Season 75 · Baron Rochon de Rosedale opens a correspondence with Viscount Cameron of Cornwall.,"{""season"": 75, ""marker"": ""kin""}",engine,2026-09-08 13:29:25
869,,societal,dominion,Conscription Crisis,Season 75 · Baron Bird of Winnipeg meets Conscription Crisis and leads.,"{""season"": 75, ""response"": ""Lead"", ""roll"": 6, ""personal_year"": 1917, ""magnitude"": ""Major"", ""tag"": ""Mixed""}",engine,2026-09-08 13:29:25
870,,succession,dominion,Baron Bird of Winnipeg: clean succession,Season 75 · Thomas Bird succeeds to Baron Bird of Winnipeg.,"{""season"": 75, ""nature"": ""clean"", ""cause"": ""death""}",engine,2026-09-08 13:29:25
871,,relational,confederation,Baron Bird of Winnipeg and Baron Gillies of Woburn form a compact,Season 75 · Baron Bird of Winnipeg and Baron Gillies of Woburn enter into a compact.,"{""season"": 75, ""marker"": ""\u25c9+""}",engine,2026-09-08 13:29:25
872,,relational,confederation,Baron Cardinal of Steinbach and Baron Proulx de Cumberland are joined by marriage,"Season 75 · Simon Cardinal marries Léocadie Proulx, binding Baron Cardinal of Steinbach to Baron Proulx de Cumberland.","{""season"": 75, ""marker"": ""kin""}",engine,2026-09-08 13:29:25
873,,relational,confederation,Baron Rouleau de LaSalle corresponds with Earl Forbes of Preston,Season 75 · Baron Rouleau de LaSalle opens a correspondence with Earl Forbes of Preston.,"{""season"": 75, ""marker"": ""+""}",engine,2026-09-08 13:29:25
874,,relational,confederation,Viscount Hendrie of Brampton corresponds with Baron Rouleau de LaSalle,Season 75 · Viscount Hendrie of Brampton opens a correspondence with Baron Rouleau de LaSalle.,"{""season"": 75, ""marker"": ""\u25ce""}",engine,2026-09-08 13:29:25
875,,societal,confederation,North-West Resistance,Season 75 · Baron Meagher of Windsor meets North-West Resistance and exploits.,"{""season"": 75, ""response"": ""Exploit"", ""roll"": 4, ""personal_year"": 1885, ""magnitude"": ""Major"", ""tag"": ""Conservative""}",engine,2026-09-08 13:29:25
876,,relational,confederation,Viscount Marchand de Lac-Saint-Louis corresponds with Viscount Patterson of Kennebecasis,Season 75 · Viscount Marchand de Lac-Saint-Louis opens a correspondence with Viscount Patterson of Kennebecasis.,"{""season"": 75, ""marker"": ""+""}",engine,2026-09-08 13:29:25
877,,societal,confederation,National Policy,Season 75 · Baron Proulx de Cumberland meets National Policy and exploits.,"{""season"": 75, ""response"": ""Exploit"", ""roll"": 4, ""personal_year"": 1878, ""magnitude"": ""Significant"", ""tag"": ""Conservative""}",engine,2026-09-08 13:29:25
878,,societal,confederation,Long Depression Reaches Canada,Season 75 · Viscount Colby of Trois-Rivières meets Long Depression Reaches Canada and stands aside.,"{""season"": 75, ""response"": ""Neutral"", ""roll"": 0, ""personal_year"": 1874, ""magnitude"": ""Major"", ""tag"": ""Conservative""}",engine,2026-09-08 13:29:25
879,,societal,confederation,British Columbia Joins; Treaty 1 Signed,Season 75 · Baron Fairbanks of Edmonton Griesbach meets British Columbia Joins; Treaty 1 Signed and resists.,"{""season"": 75, ""response"": ""Resist"", ""roll"": 2, ""personal_year"": 1871, ""magnitude"": ""Significant"", ""tag"": ""Mixed""}",engine,2026-09-08 13:29:25
880,,expansion,confederation,Baron Fairbanks of Edmonton Griesbach takes Edmonton Northwest,Season 75 · Baron Fairbanks of Edmonton Griesbach takes Edmonton Northwest.,"{""season"": 75, ""riding"": ""Edmonton Northwest"", ""roll"": 10}",engine,2026-09-08 13:29:25
881,,societal,confederation,Confederation Extension (Manitoba Act),Season 75 · Baron Lucas of Oakville meets Confederation Extension (Manitoba Act) and leads.,"{""season"": 75, ""response"": ""Lead"", ""roll"": 7, ""personal_year"": 1870, ""magnitude"": ""Major"", ""tag"": ""Mixed""}",engine,2026-09-08 13:29:25
882,,founding,dominion,Baron Wallace of Hespeler founded by partition from Viscount Wallace of Perth,Season 76 · Baron Wallace of Hespeler is founded by partition from Viscount Wallace of Perth.,"{""season"": 76, ""nature"": ""partition"", ""parent"": ""Wallace""}",engine,2026-09-08 13:29:25
883,,succession,dominion,Viscount Wallace of Perth: clean succession,Season 76 · Sarah Wallace succeeds to Viscount Wallace of Perth.,"{""season"": 76, ""nature"": ""clean"", ""cause"": ""death""}",engine,2026-09-08 13:29:25
884,,other,confederation,Viscount Wallace of Perth names an heir,Season 76 · Viscount Wallace of Perth names Edwin Wallace heir.,"{""season"": 76, ""heir_age"": 21, ""role"": ""heir""}",engine,2026-09-08 13:29:25
885,,expansion,confederation,Baron Stefaniuk of Emerson takes Prince Albert,Season 76 · Baron Stefaniuk of Emerson takes Prince Albert.,"{""season"": 76, ""riding"": ""Prince Albert"", ""roll"": 7}",engine,2026-09-08 13:29:25
886,,relational,dominion,Viscount Benjamin of Bellechasse reconciles with Viscount Mercier de Rimouski,Season 76 · Viscount Benjamin of Bellechasse makes peace with Viscount Mercier de Rimouski.,"{""season"": 76, ""marker"": ""~""}",engine,2026-09-08 13:29:25
887,,succession,confederation,Earl Hays of Beloeil: clean succession,Season 76 · Rosa Hays succeeds to Earl Hays of Beloeil.,"{""season"": 76, ""nature"": ""clean"", ""cause"": ""death""}",engine,2026-09-08 13:29:25
888,,relational,confederation,Baron McLellan of Belfast corresponds with Baron Rouleau de LaSalle,Season 76 · Baron McLellan of Belfast opens a correspondence with Baron Rouleau de LaSalle.,"{""season"": 76, ""marker"": ""+""}",engine,2026-09-08 13:29:25
889,,expansion,confederation,Baron Hoover of Simcoe takes Gatineau,Season 76 · Baron Hoover of Simcoe takes Gatineau.,"{""season"": 76, ""riding"": ""Gatineau"", ""roll"": 8}",engine,2026-09-08 13:29:25
890,,relational,confederation,Earl Forbes of Preston and Viscount Bouchard de Terrebonne form a compact,Season 76 · Earl Forbes of Preston and Viscount Bouchard de Terrebonne enter into a compact.,"{""season"": 76, ""marker"": ""\u25c9+""}",engine,2026-09-08 13:29:25
891,,other,confederation,Baron Bird of Winnipeg names an heir,Season 76 · Baron Bird of Winnipeg names Ruth Bird heir.,"{""season"": 76, ""heir_age"": 28, ""role"": ""heir""}",engine,2026-09-08 13:29:25
892,,succession,confederation,Viscount Hendrie of Brampton: clean succession,Season 76 · Jane Hendrie succeeds to Viscount Hendrie of Brampton.,"{""season"": 76, ""nature"": ""clean"", ""cause"": ""death""}",engine,2026-09-08 13:29:25
893,,expansion,confederation,Baron Byrne of Cooksville takes Mississauga—Erin Mills,Season 76 · Baron Byrne of Cooksville takes Mississauga—Erin Mills.,"{""season"": 76, ""riding"": ""Mississauga\u2014Erin Mills"", ""roll"": 7}",engine,2026-09-08 13:29:25
894,,societal,confederation,Chinese Immigration Act,Season 76 · Viscount Marchand de Lac-Saint-Louis meets Chinese Immigration Act and exploits.,"{""season"": 76, ""response"": ""Exploit"", ""roll"": 4, ""personal_year"": 1885, ""magnitude"": ""Significant"", ""tag"": ""Conservative""}",engine,2026-09-08 13:29:25
895,,societal,confederation,Canadian Pacific Railway Chartered,Season 76 · Baron Skye of Belleville meets Canadian Pacific Railway Chartered and resists.,"{""season"": 76, ""response"": ""Resist"", ""roll"": 3, ""personal_year"": 1881, ""magnitude"": ""Significant"", ""tag"": ""Mixed""}",engine,2026-09-08 13:29:25
896,,societal,confederation,National Policy,Season 76 · Viscount Worts of Milton meets National Policy and leads.,"{""season"": 76, ""response"": ""Lead"", ""roll"": 7, ""personal_year"": 1878, ""magnitude"": ""Significant"", ""tag"": ""Conservative""}",engine,2026-09-08 13:29:25
897,,relational,confederation,Viscount Worts of Milton corresponds with Baron Cardinal of Steinbach,Season 76 · Viscount Worts of Milton opens a correspondence with Baron Cardinal of Steinbach.,"{""season"": 76, ""marker"": ""+""}",engine,2026-09-08 13:29:25
898,,societal,confederation,Pacific Scandal,Season 76 · Baron Gillies of Woburn meets Pacific Scandal and resists.,"{""season"": 76, ""response"": ""Resist"", ""roll"": 2, ""personal_year"": 1873, ""magnitude"": ""Significant"", ""tag"": ""Progressive""}",engine,2026-09-08 13:29:25
899,,societal,confederation,British Columbia Joins; Treaty 1 Signed,Season 76 · Baron Lucas of Oakville meets British Columbia Joins; Treaty 1 Signed and resists.,"{""season"": 76, ""response"": ""Resist"", ""roll"": 2, ""personal_year"": 1871, ""magnitude"": ""Significant"", ""tag"": ""Mixed""}",engine,2026-09-08 13:29:25
900,,societal,confederation,Red River Resistance,Season 76 · Viscount Dawes of Bourassa meets Red River Resistance and resists.,"{""season"": 76, ""response"": ""Resist"", ""roll"": 2, ""personal_year"": 1869, ""magnitude"": ""Major"", ""tag"": ""Mixed""}",engine,2026-09-08 13:29:25
901,,other,confederation,Viscount Dawes of Bourassa names an heir,Season 76 · Viscount Dawes of Bourassa names Alasdair Dawes heir.,"{""season"": 76, ""heir_age"": 22, ""role"": ""heir""}",engine,2026-09-08 13:29:25
902,,other,confederation,Viscount Mercier de Rimouski names an heir,Season 77 · Viscount Mercier de Rimouski names Clémence Mercier heir.,"{""season"": 77, ""heir_age"": 22, ""role"": ""heir""}",engine,2026-09-08 13:29:25
903,,relational,confederation,Earl Hays of Beloeil corresponds with Viscount Elliott of Glengarry,Season 77 · Earl Hays of Beloeil opens a correspondence with Viscount Elliott of Glengarry.,"{""season"": 77, ""marker"": ""\u25c9+""}",engine,2026-09-08 13:29:25
904,,societal,dominion,Alaska Boundary Award,Season 77 · Baron Cornwall of Steveston meets Alaska Boundary Award and exploits.,"{""season"": 77, ""response"": ""Exploit"", ""roll"": 4, ""personal_year"": 1903, ""magnitude"": ""Minor"", ""tag"": ""Mixed""}",engine,2026-09-08 13:29:25
905,,other,confederation,Baron Rochon de Rosedale names an heir,Season 77 · Baron Rochon de Rosedale names Cyrille Rochon heir.,"{""season"": 77, ""heir_age"": 25, ""role"": ""heir""}",engine,2026-09-08 13:29:25
906,,other,confederation,Viscount Patterson of Kennebecasis names an heir,Season 77 · Viscount Patterson of Kennebecasis names Farquhar Patterson heir.,"{""season"": 77, ""heir_age"": 19, ""role"": ""heir""}",engine,2026-09-08 13:29:25
907,,transfer,confederation,Baron Cardinal of Steinbach loses St. Boniface—St. Vital,Season 77 · Baron Cardinal of Steinbach gives up St. Boniface—St. Vital (cession).,"{""season"": 77, ""reason"": ""cession"", ""riding"": ""St. Boniface\u2014St. Vital""}",engine,2026-09-08 13:29:25
908,,relational,confederation,Baron Cardinal of Steinbach settles with Baron Bird of Winnipeg,Season 77 · Baron Cardinal of Steinbach settles its grievance with Baron Bird of Winnipeg by cession.,"{""season"": 77, ""marker"": ""~"", ""ceded"": ""46008""}",engine,2026-09-08 13:29:25
909,,societal,confederation,Jesuits' Estates Act Controversy,Season 77 · Baron Rouleau de LaSalle meets Jesuits' Estates Act Controversy and stands aside.,"{""season"": 77, ""response"": ""Neutral"", ""roll"": 0, ""personal_year"": 1888, ""magnitude"": ""Significant"", ""tag"": ""Conservative""}",engine,2026-09-08 13:29:25
910,,societal,dominion,Alaska Boundary Award,Season 77 · Viscount Bhullar of Nanaimo meets Alaska Boundary Award and exploits.,"{""season"": 77, ""response"": ""Exploit"", ""roll"": 5, ""personal_year"": 1903, ""magnitude"": ""Minor"", ""tag"": ""Mixed""}",engine,2026-09-08 13:29:25
911,,societal,confederation,Jesuits' Estates Act Controversy,Season 77 · Baron Byrne of Cooksville meets Jesuits' Estates Act Controversy and exploits.,"{""season"": 77, ""response"": ""Exploit"", ""roll"": 4, ""personal_year"": 1888, ""magnitude"": ""Significant"", ""tag"": ""Conservative""}",engine,2026-09-08 13:29:25
912,,societal,confederation,Indian Act,Season 77 · Viscount Colby of Trois-Rivières meets Indian Act and resists.,"{""season"": 77, ""response"": ""Resist"", ""roll"": 3, ""personal_year"": 1876, ""magnitude"": ""Major"", ""tag"": ""Conservative""}",engine,2026-09-08 13:29:25
913,,relational,confederation,Viscount Colby of Trois-Rivières corresponds with Earl Hays of Beloeil,Season 77 · Viscount Colby of Trois-Rivières opens a correspondence with Earl Hays of Beloeil.,"{""season"": 77, ""marker"": ""\u25ce""}",engine,2026-09-08 13:29:25
914,,societal,confederation,Long Depression Reaches Canada,Season 77 · Baron Gillies of Woburn meets Long Depression Reaches Canada and resists.,"{""season"": 77, ""response"": ""Resist"", ""roll"": 2, ""personal_year"": 1874, ""magnitude"": ""Major"", ""tag"": ""Conservative""}",engine,2026-09-08 13:29:25
915,,relational,confederation,Baron Gillies of Woburn corresponds with Baron Pegahmagabow of Wawa,Season 77 · Baron Gillies of Woburn opens a correspondence with Baron Pegahmagabow of Wawa.,"{""season"": 77, ""marker"": ""\u25ce""}",engine,2026-09-08 13:29:25
916,,societal,confederation,Pacific Scandal,Season 77 · Baron Fairbanks of Edmonton Griesbach meets Pacific Scandal and exploits.,"{""season"": 77, ""response"": ""Exploit"", ""roll"": 4, ""personal_year"": 1873, ""magnitude"": ""Significant"", ""tag"": ""Progressive""}",engine,2026-09-08 13:29:25
917,,societal,confederation,Confederation Extension (Manitoba Act),Season 77 · Viscount Dawes of Bourassa meets Confederation Extension (Manitoba Act) and exploits.,"{""season"": 77, ""response"": ""Exploit"", ""roll"": 5, ""personal_year"": 1870, ""magnitude"": ""Major"", ""tag"": ""Mixed""}",engine,2026-09-08 13:29:25
918,,founding,confederation,Baron Turgeon de St.-Jerome founded,"Season 77 · Baron Turgeon de St.-Jerome is created, seated at Terrebonne.","{""season"": 77, ""stats"": {""capital"": 42, ""influence"": 21, ""cohesion"": 75, ""ambition"": 9}, ""community"": ""Canadien Catholic"", ""tag"": ""Progressive""}",engine,2026-09-08 13:29:25
919,,relational,confederation,Viscount Elliott of Glengarry corresponds with Baron Skye of Belleville,Season 78 · Viscount Elliott of Glengarry opens a correspondence with Baron Skye of Belleville.,"{""season"": 78, ""marker"": ""+""}",engine,2026-09-08 13:29:25
920,,succession,confederation,Baron Stefaniuk of Emerson: disorderly succession,Season 78 · Baron Stefaniuk of Emerson passes in disorder to Domka Stefaniuk.,"{""season"": 78, ""nature"": ""disorderly"", ""cause"": ""death""}",engine,2026-09-08 13:29:25
921,,relational,confederation,Baron Stefaniuk of Emerson falls out with Baron Bird of Winnipeg,,"{""season"": 78, ""marker"": ""Sig\u2212"", ""cause"": ""disorderly succession""}",engine,2026-09-08 13:29:25
922,,other,confederation,Baron Stefaniuk of Emerson names an heir,Season 78 · Baron Stefaniuk of Emerson names Fedir Stefaniuk heir.,"{""season"": 78, ""heir_age"": 23, ""role"": ""heir""}",engine,2026-09-08 13:29:25
923,,other,confederation,Baron McLellan of Belfast names an heir,Season 78 · Baron McLellan of Belfast names Roderick McLellan heir.,"{""season"": 78, ""heir_age"": 24, ""role"": ""heir""}",engine,2026-09-08 13:29:25
924,,expansion,dominion,Baron Cornwall of Steveston takes Pitt Meadows—Maple Ridge,Season 78 · Baron Cornwall of Steveston takes Pitt Meadows—Maple Ridge.,"{""season"": 78, ""riding"": ""Pitt Meadows\u2014Maple Ridge"", ""roll"": 9}",engine,2026-09-08 13:29:25
925,,elevation,confederation,Viscount Langelier de Charlevoix elevated,Season 78 · Baron Langelier de Charlevoix is raised to Viscount.,"{""season"": 78, ""from"": ""Baron"", ""to"": ""Viscount""}",engine,2026-09-08 13:29:25
926,,societal,confederation,Laurier Elected,Season 78 · Viscount Meagher of Chatham meets Laurier Elected and exploits.,"{""season"": 78, ""response"": ""Exploit"", ""roll"": 5, ""personal_year"": 1896, ""magnitude"": ""Significant"", ""tag"": ""Progressive""}",engine,2026-09-08 13:29:25
927,,relational,confederation,Viscount Patterson of Kennebecasis corresponds with Earl Forbes of Preston,Season 78 · Viscount Patterson of Kennebecasis opens a correspondence with Earl Forbes of Preston.,"{""season"": 78, ""marker"": ""\u25ce""}",engine,2026-09-08 13:29:25
928,,societal,confederation,Canadian Pacific Railway Chartered,Season 78 · Baron Bird of Winnipeg meets Canadian Pacific Railway Chartered and exploits.,"{""season"": 78, ""response"": ""Exploit"", ""roll"": 5, ""personal_year"": 1881, ""magnitude"": ""Significant"", ""tag"": ""Mixed""}",engine,2026-09-08 13:29:25
929,,relational,confederation,Baron Bird of Winnipeg corresponds with Baron Byrne of Cooksville,Season 78 · Baron Bird of Winnipeg opens a correspondence with Baron Byrne of Cooksville.,"{""season"": 78, ""marker"": ""\u25ce""}",engine,2026-09-08 13:29:25
930,,expansion,dominion,Viscount Bhullar of Nanaimo takes Yukon,Season 78 · Viscount Bhullar of Nanaimo takes Yukon.,"{""season"": 78, ""riding"": ""Yukon"", ""roll"": 9}",engine,2026-09-08 13:29:25
931,,succession,confederation,Baron Byrne of Cooksville: clean succession,Season 78 · Norah Byrne succeeds to Baron Byrne of Cooksville.,"{""season"": 78, ""nature"": ""clean"", ""cause"": ""death""}",engine,2026-09-08 13:29:25
932,,societal,confederation,Jesuits' Estates Act Controversy,Season 78 · Baron Meagher of Windsor meets Jesuits' Estates Act Controversy and exploits.,"{""season"": 78, ""response"": ""Exploit"", ""roll"": 4, ""personal_year"": 1888, ""magnitude"": ""Significant"", ""tag"": ""Conservative""}",engine,2026-09-08 13:29:25
933,,societal,confederation,CPR Strike,Season 78 · Baron Skye of Belleville meets CPR Strike and resists.,"{""season"": 78, ""response"": ""Resist"", ""roll"": 2, ""personal_year"": 1883, ""magnitude"": ""Significant"", ""tag"": ""Mixed""}",engine,2026-09-08 13:29:25
934,,societal,confederation,Canadian Pacific Railway Chartered,Season 78 · Baron Proulx de Cumberland meets Canadian Pacific Railway Chartered and exploits.,"{""season"": 78, ""response"": ""Exploit"", ""roll"": 4, ""personal_year"": 1881, ""magnitude"": ""Significant"", ""tag"": ""Mixed""}",engine,2026-09-08 13:29:25
935,,expansion,confederation,Baron Proulx de Cumberland takes Argenteuil—La Petite-Nation,Season 78 · Baron Proulx de Cumberland takes Argenteuil—La Petite-Nation.,"{""season"": 78, ""riding"": ""Argenteuil\u2014La Petite-Nation"", ""roll"": 7}",engine,2026-09-08 13:29:25
936,,relational,confederation,Viscount Worts of Milton corresponds with Viscount Dawes of Bourassa,Season 78 · Viscount Worts of Milton opens a correspondence with Viscount Dawes of Bourassa.,"{""season"": 78, ""marker"": ""\u25ce""}",engine,2026-09-08 13:29:25
937,,societal,confederation,Long Depression Reaches Canada,Season 78 · Baron Fairbanks of Edmonton Griesbach meets Long Depression Reaches Canada and exploits.,"{""season"": 78, ""response"": ""Exploit"", ""roll"": 5, ""personal_year"": 1874, ""magnitude"": ""Major"", ""tag"": ""Conservative""}",engine,2026-09-08 13:29:25
938,,societal,confederation,Pacific Scandal,Season 78 · Baron Lucas of Oakville meets Pacific Scandal and leads.,"{""season"": 78, ""response"": ""Lead"", ""roll"": 6, ""personal_year"": 1873, ""magnitude"": ""Significant"", ""tag"": ""Progressive""}",engine,2026-09-08 13:29:25
939,,societal,confederation,British Columbia Joins; Treaty 1 Signed,Season 78 · Viscount Dawes of Bourassa meets British Columbia Joins; Treaty 1 Signed and resists.,"{""season"": 78, ""response"": ""Resist"", ""roll"": 2, ""personal_year"": 1871, ""magnitude"": ""Significant"", ""tag"": ""Mixed""}",engine,2026-09-08 13:29:25
940,,societal,confederation,Red River Resistance,Season 78 · Baron Wallace of Hespeler meets Red River Resistance and exploits.,"{""season"": 78, ""response"": ""Exploit"", ""roll"": 5, ""personal_year"": 1869, ""magnitude"": ""Major"", ""tag"": ""Mixed""}",engine,2026-09-08 13:29:25
941,,expansion,confederation,Baron Turgeon de St.-Jerome takes Alfred-Pellan,Season 78 · Baron Turgeon de St.-Jerome takes Alfred-Pellan.,"{""season"": 78, ""riding"": ""Alfred-Pellan"", ""roll"": 8}",engine,2026-09-08 13:29:25
942,,relational,dominion,Viscount Benjamin of Bellechasse and Viscount Bouchard de Terrebonne fall out,Season 79 · Viscount Benjamin of Bellechasse and Viscount Bouchard de Terrebonne fall out over a church and school dispute in the border townships.,"{""season"": 79, ""marker"": ""Sig\u2212"", ""cause"": ""friction"", ""grievance"": ""a church and school dispute in the border townships""}",engine,2026-09-08 13:29:25
943,,relational,confederation,Viscount Wallace of Perth corresponds with Baron Pegahmagabow of Wawa,Season 79 · Viscount Wallace of Perth opens a correspondence with Baron Pegahmagabow of Wawa.,"{""season"": 79, ""marker"": ""+""}",engine,2026-09-08 13:29:25
944,,relational,confederation,Baron Stefaniuk of Emerson reconciles with Baron Bird of Winnipeg,Season 79 · Baron Stefaniuk of Emerson makes peace with Baron Bird of Winnipeg.,"{""season"": 79, ""marker"": ""~""}",engine,2026-09-08 13:29:25
945,,societal,dominion,The Persons Case,Season 79 · Viscount Benjamin of Bellechasse meets The Persons Case and resists.,"{""season"": 79, ""response"": ""Resist"", ""roll"": 2, ""personal_year"": 1929, ""magnitude"": ""Significant"", ""tag"": ""Progressive""}",engine,2026-09-08 13:29:25
946,,relational,dominion,Viscount Benjamin of Bellechasse reconciles with Viscount Bouchard de Terrebonne,Season 79 · Viscount Benjamin of Bellechasse makes peace with Viscount Bouchard de Terrebonne.,"{""season"": 79, ""marker"": ""~""}",engine,2026-09-08 13:29:25
947,,relational,confederation,Viscount Mercier de Rimouski corresponds with Earl Hays of Beloeil,Season 79 · Viscount Mercier de Rimouski opens a correspondence with Earl Hays of Beloeil.,"{""season"": 79, ""marker"": ""\u25c9+""}",engine,2026-09-08 13:29:25
948,,societal,dominion,The Persons Case,Season 79 · Viscount Bouchard de Terrebonne meets The Persons Case and exploits.,"{""season"": 79, ""response"": ""Exploit"", ""roll"": 4, ""personal_year"": 1929, ""magnitude"": ""Significant"", ""tag"": ""Progressive""}",engine,2026-09-08 13:29:25
949,,relational,confederation,Baron McLellan of Belfast and Viscount Mercier de Rimouski are joined by marriage,"Season 79 · Roderick McLellan marries Clémence Mercier, binding Baron McLellan of Belfast to Viscount Mercier de Rimouski.","{""season"": 79, ""marker"": ""kin""}",engine,2026-09-08 13:29:25
950,,societal,dominion,Alberta and Saskatchewan Created,Season 79 · Baron Cornwall of Steveston meets Alberta and Saskatchewan Created and stands aside.,"{""season"": 79, ""response"": ""Neutral"", ""roll"": 1, ""personal_year"": 1905, ""magnitude"": ""Significant"", ""tag"": ""Progressive""}",engine,2026-09-08 13:29:25
951,,societal,confederation,Klondike Gold Rush,Season 79 · Viscount Meagher of Chatham meets Klondike Gold Rush and exploits.,"{""season"": 79, ""response"": ""Exploit"", ""roll"": 5, ""personal_year"": 1897, ""magnitude"": ""Significant"", ""tag"": ""Mixed""}",engine,2026-09-08 13:29:25
952,,other,confederation,Baron Hoover of Simcoe endows an institution,Season 79 · Baron Hoover of Simcoe endows an institution.,"{""season"": 79}",engine,2026-09-08 13:29:25
953,,societal,confederation,Laurier Elected,Season 79 · Viscount Patterson of Kennebecasis meets Laurier Elected and leads.,"{""season"": 79, ""response"": ""Lead"", ""roll"": 6, ""personal_year"": 1896, ""magnitude"": ""Significant"", ""tag"": ""Progressive""}",engine,2026-09-08 13:29:25
954,,expansion,confederation,Viscount Patterson of Kennebecasis takes Tobique—Mactaquac,Season 79 · Viscount Patterson of Kennebecasis takes Tobique—Mactaquac.,"{""season"": 79, ""riding"": ""Tobique\u2014Mactaquac"", ""roll"": 9}",engine,2026-09-08 13:29:25
955,,relational,confederation,Baron Cardinal of Steinbach corresponds with Baron Hoover of Simcoe,Season 79 · Baron Cardinal of Steinbach opens a correspondence with Baron Hoover of Simcoe.,"{""season"": 79, ""marker"": ""\u25ce""}",engine,2026-09-08 13:29:25
956,,societal,confederation,Manitoba Schools Question,Season 79 · Baron Rouleau de LaSalle meets Manitoba Schools Question and exploits.,"{""season"": 79, ""response"": ""Exploit"", ""roll"": 4, ""personal_year"": 1890, ""magnitude"": ""Major"", ""tag"": ""Conservative""}",engine,2026-09-08 13:29:25
957,,societal,dominion,Alberta and Saskatchewan Created,Season 79 · Viscount Bhullar of Nanaimo meets Alberta and Saskatchewan Created and exploits.,"{""season"": 79, ""response"": ""Exploit"", ""roll"": 5, ""personal_year"": 1905, ""magnitude"": ""Significant"", ""tag"": ""Progressive""}",engine,2026-09-08 13:29:25
958,,societal,confederation,Laurier Elected,Season 79 · Baron Pegahmagabow of Wawa meets Laurier Elected and exploits.,"{""season"": 79, ""response"": ""Exploit"", ""roll"": 5, ""personal_year"": 1896, ""magnitude"": ""Significant"", ""tag"": ""Progressive""}",engine,2026-09-08 13:29:25
959,,expansion,confederation,Baron Meagher of Windsor takes Essex,Season 79 · Baron Meagher of Windsor takes Essex.,"{""season"": 79, ""riding"": ""Essex"", ""roll"": 7}",engine,2026-09-08 13:29:25
960,,societal,confederation,Jesuits' Estates Act Controversy,Season 79 · Viscount Marchand de Lac-Saint-Louis meets Jesuits' Estates Act Controversy and stands aside.,"{""season"": 79, ""response"": ""Neutral"", ""roll"": 1, ""personal_year"": 1888, ""magnitude"": ""Significant"", ""tag"": ""Conservative""}",engine,2026-09-08 13:29:25
961,,societal,confederation,Canadian Pacific Railway Chartered,Season 79 · Viscount Worts of Milton meets Canadian Pacific Railway Chartered and stands aside.,"{""season"": 79, ""response"": ""Neutral"", ""roll"": 1, ""personal_year"": 1881, ""magnitude"": ""Significant"", ""tag"": ""Mixed""}",engine,2026-09-08 13:29:25
962,,societal,confederation,National Policy,Season 79 · Viscount Colby of Trois-Rivières meets National Policy and stands aside.,"{""season"": 79, ""response"": ""Neutral"", ""roll"": 0, ""personal_year"": 1878, ""magnitude"": ""Significant"", ""tag"": ""Conservative""}",engine,2026-09-08 13:29:25
963,,societal,confederation,Indian Act,Season 79 · Baron Gillies of Woburn meets Indian Act and exploits.,"{""season"": 79, ""response"": ""Exploit"", ""roll"": 5, ""personal_year"": 1876, ""magnitude"": ""Major"", ""tag"": ""Conservative""}",engine,2026-09-08 13:29:25
964,,societal,confederation,Long Depression Reaches Canada,Season 79 · Baron Lucas of Oakville meets Long Depression Reaches Canada and exploits.,"{""season"": 79, ""response"": ""Exploit"", ""roll"": 5, ""personal_year"": 1874, ""magnitude"": ""Major"", ""tag"": ""Conservative""}",engine,2026-09-08 13:29:25
965,,expansion,confederation,Viscount Dawes of Bourassa takes Ahuntsic-Cartierville,Season 79 · Viscount Dawes of Bourassa takes Ahuntsic-Cartierville.,"{""season"": 79, ""riding"": ""Ahuntsic-Cartierville"", ""roll"": 8}",engine,2026-09-08 13:29:25
966,,societal,confederation,Confederation Extension (Manitoba Act),Season 79 · Baron Wallace of Hespeler meets Confederation Extension (Manitoba Act) and exploits.,"{""season"": 79, ""response"": ""Exploit"", ""roll"": 5, ""personal_year"": 1870, ""magnitude"": ""Major"", ""tag"": ""Mixed""}",engine,2026-09-08 13:29:25
967,,expansion,confederation,Baron Wallace of Hespeler takes Middlesex—London,Season 79 · Baron Wallace of Hespeler takes Middlesex—London.,"{""season"": 79, ""riding"": ""Middlesex\u2014London"", ""roll"": 7}",engine,2026-09-08 13:29:25
968,,societal,confederation,Red River Resistance,Season 79 · Baron Turgeon de St.-Jerome meets Red River Resistance and stands aside.,"{""season"": 79, ""response"": ""Neutral"", ""roll"": 1, ""personal_year"": 1869, ""magnitude"": ""Major"", ""tag"": ""Mixed""}",engine,2026-09-08 13:29:25
969,,relational,confederation,Baron Turgeon de St.-Jerome corresponds with Viscount Bouchard de Terrebonne,Season 79 · Baron Turgeon de St.-Jerome opens a correspondence with Viscount Bouchard de Terrebonne.,"{""season"": 79, ""marker"": ""\u25ce""}",engine,2026-09-08 13:29:25
970,,societal,confederation,Diamond Jubilee,Season 80 · Viscount Elliott of Glengarry meets Diamond Jubilee and exploits.,"{""season"": 80, ""response"": ""Exploit"", ""roll"": 5, ""personal_year"": 1897, ""magnitude"": ""Minor"", ""tag"": ""Conservative""}",engine,2026-09-08 13:29:25
971,,societal,late,The Long Contraction,Season 80 · Viscount Benjamin of Bellechasse meets The Long Contraction and resists.,"{""season"": 80, ""response"": ""Resist"", ""roll"": 2, ""personal_year"": 1930, ""magnitude"": ""Major"", ""tag"": ""Conservative""}",engine,2026-09-08 13:29:25
972,,societal,late,The Long Contraction,Season 80 · Viscount Bouchard de Terrebonne meets The Long Contraction and resists.,"{""season"": 80, ""response"": ""Resist"", ""roll"": 2, ""personal_year"": 1930, ""magnitude"": ""Major"", ""tag"": ""Conservative""}",engine,2026-09-08 13:29:25
973,,relational,late,Viscount Bouchard de Terrebonne corresponds with Baron Turgeon de St.-Jerome,Season 80 · Viscount Bouchard de Terrebonne opens a correspondence with Baron Turgeon de St.-Jerome.,"{""season"": 80, ""marker"": ""+""}",engine,2026-09-08 13:29:25
974,,relational,confederation,Baron McLellan of Belfast corresponds with Viscount Colby of Trois-Rivières,Season 80 · Baron McLellan of Belfast opens a correspondence with Viscount Colby of Trois-Rivières.,"{""season"": 80, ""marker"": ""\u25ce""}",engine,2026-09-08 13:29:25
975,,relational,dominion,Baron Cornwall of Steveston corresponds with Viscount Bhullar of Nanaimo,Season 80 · Baron Cornwall of Steveston opens a correspondence with Viscount Bhullar of Nanaimo.,"{""season"": 80, ""marker"": ""kin""}",engine,2026-09-08 13:29:25
976,,relational,confederation,Viscount Langelier de Charlevoix corresponds with Baron Rouleau de LaSalle,Season 80 · Viscount Langelier de Charlevoix opens a correspondence with Baron Rouleau de LaSalle.,"{""season"": 80, ""marker"": ""\u25ce""}",engine,2026-09-08 13:29:25
977,,expansion,confederation,Viscount Meagher of Chatham takes Sudbury East—Manitoulin—Nickel Belt,Season 80 · Viscount Meagher of Chatham takes Sudbury East—Manitoulin—Nickel Belt.,"{""season"": 80, ""riding"": ""Sudbury East\u2014Manitoulin\u2014Nickel Belt"", ""roll"": 11}",engine,2026-09-08 13:29:25
978,,societal,confederation,Last Spike at Craigellachie,Season 80 · Baron Hoover of Simcoe meets Last Spike at Craigellachie and resists.,"{""season"": 80, ""response"": ""Resist"", ""roll"": 2, ""personal_year"": 1885, ""magnitude"": ""Significant"", ""tag"": ""Mixed""}",engine,2026-09-08 13:29:25
979,,relational,confederation,Baron Rochon de Rosedale and Baron Hoover of Simcoe form a compact,Season 80 · Baron Rochon de Rosedale and Baron Hoover of Simcoe enter into a compact.,"{""season"": 80, ""marker"": ""\u25c9+""}",engine,2026-09-08 13:29:25
980,,societal,confederation,Klondike Gold Rush,Season 80 · Viscount Patterson of Kennebecasis meets Klondike Gold Rush and exploits.,"{""season"": 80, ""response"": ""Exploit"", ""roll"": 5, ""personal_year"": 1897, ""magnitude"": ""Significant"", ""tag"": ""Mixed""}",engine,2026-09-08 13:29:25
981,,relational,confederation,Viscount Patterson of Kennebecasis and Viscount Langelier de Charlevoix are joined by marriage,"Season 80 · Farquhar Patterson marries Louis Langelier, binding Viscount Patterson of Kennebecasis to Viscount Langelier de Charlevoix.","{""season"": 80, ""marker"": ""kin""}",engine,2026-09-08 13:29:25
982,,societal,confederation,CPR Strike,Season 80 · Baron Bird of Winnipeg meets CPR Strike and leads.,"{""season"": 80, ""response"": ""Lead"", ""roll"": 6, ""personal_year"": 1883, ""magnitude"": ""Significant"", ""tag"": ""Mixed""}",engine,2026-09-08 13:29:25
983,,societal,confederation,Death of Sir John A. Macdonald,Season 80 · Baron Rouleau de LaSalle meets Death of Sir John A. Macdonald and exploits.,"{""season"": 80, ""response"": ""Exploit"", ""roll"": 5, ""personal_year"": 1891, ""magnitude"": ""Minor"", ""tag"": ""Mixed""}",engine,2026-09-08 13:29:25
984,,expansion,confederation,Baron Rouleau de LaSalle takes Saint-Laurent,Season 80 · Baron Rouleau de LaSalle takes Saint-Laurent.,"{""season"": 80, ""riding"": ""Saint-Laurent"", ""roll"": 8}",engine,2026-09-08 13:29:25
985,,societal,confederation,Klondike Gold Rush,Season 80 · Baron Pegahmagabow of Wawa meets Klondike Gold Rush and leads.,"{""season"": 80, ""response"": ""Lead"", ""roll"": 7, ""personal_year"": 1897, ""magnitude"": ""Significant"", ""tag"": ""Mixed""}",engine,2026-09-08 13:29:25
986,,expansion,confederation,Baron Byrne of Cooksville takes Etobicoke—Lakeshore,Season 80 · Baron Byrne of Cooksville takes Etobicoke—Lakeshore.,"{""season"": 80, ""riding"": ""Etobicoke\u2014Lakeshore"", ""roll"": 7}",engine,2026-09-08 13:29:25
987,,societal,confederation,Manitoba Schools Question,Season 80 · Baron Meagher of Windsor meets Manitoba Schools Question and resists.,"{""season"": 80, ""response"": ""Resist"", ""roll"": 2, ""personal_year"": 1890, ""magnitude"": ""Major"", ""tag"": ""Conservative""}",engine,2026-09-08 13:29:25
988,,relational,confederation,Viscount Marchand de Lac-Saint-Louis corresponds with Viscount Dawes of Bourassa,Season 80 · Viscount Marchand de Lac-Saint-Louis opens a correspondence with Viscount Dawes of Bourassa.,"{""season"": 80, ""marker"": ""\u25ce""}",engine,2026-09-08 13:29:25
989,,societal,confederation,Montréal Smallpox Epidemic,Season 80 · Baron Skye of Belleville meets Montréal Smallpox Epidemic and resists.,"{""season"": 80, ""response"": ""Resist"", ""roll"": 2, ""personal_year"": 1885, ""magnitude"": ""Significant"", ""tag"": ""Progressive""}",engine,2026-09-08 13:29:25
990,,societal,confederation,CPR Strike,Season 80 · Baron Proulx de Cumberland meets CPR Strike and leads.,"{""season"": 80, ""response"": ""Lead"", ""roll"": 7, ""personal_year"": 1883, ""magnitude"": ""Significant"", ""tag"": ""Mixed""}",engine,2026-09-08 13:29:25
991,,expansion,confederation,Baron Proulx de Cumberland takes Leeds—Grenville—Thousand Islands—Rideau Lakes,Season 80 · Baron Proulx de Cumberland takes Leeds—Grenville—Thousand Islands—Rideau Lakes.,"{""season"": 80, ""riding"": ""Leeds\u2014Grenville\u2014Thousand Islands\u2014Rideau Lakes"", ""roll"": 8}",engine,2026-09-08 13:29:25
992,,other,confederation,Baron Gillies of Woburn names an heir,Season 80 · Baron Gillies of Woburn names Mary Gillies heir.,"{""season"": 80, ""heir_age"": 33, ""role"": ""heir""}",engine,2026-09-08 13:29:25
993,,societal,confederation,Indian Act,Season 80 · Baron Fairbanks of Edmonton Griesbach meets Indian Act and leads.,"{""season"": 80, ""response"": ""Lead"", ""roll"": 6, ""personal_year"": 1876, ""magnitude"": ""Major"", ""tag"": ""Conservative""}",engine,2026-09-08 13:29:25
994,,expansion,confederation,Baron Fairbanks of Edmonton Griesbach takes Sherwood Park—Fort Saskatchewan,Season 80 · Baron Fairbanks of Edmonton Griesbach takes Sherwood Park—Fort Saskatchewan.,"{""season"": 80, ""riding"": ""Sherwood Park\u2014Fort Saskatchewan"", ""roll"": 7}",engine,2026-09-08 13:29:25
995,,societal,confederation,Pacific Scandal,Season 80 · Viscount Dawes of Bourassa meets Pacific Scandal and stands aside.,"{""season"": 80, ""response"": ""Neutral"", ""roll"": 1, ""personal_year"": 1873, ""magnitude"": ""Significant"", ""tag"": ""Progressive""}",engine,2026-09-08 13:29:25
996,,societal,confederation,British Columbia Joins; Treaty 1 Signed,Season 80 · Baron Wallace of Hespeler meets British Columbia Joins; Treaty 1 Signed and exploits.,"{""season"": 80, ""response"": ""Exploit"", ""roll"": 5, ""personal_year"": 1871, ""magnitude"": ""Significant"", ""tag"": ""Mixed""}",engine,2026-09-08 13:29:25
997,,societal,confederation,Confederation Extension (Manitoba Act),Season 80 · Baron Turgeon de St.-Jerome meets Confederation Extension (Manitoba Act) and resists.,"{""season"": 80, ""response"": ""Resist"", ""roll"": 3, ""personal_year"": 1870, ""magnitude"": ""Major"", ""tag"": ""Mixed""}",engine,2026-09-08 13:29:25
998,,relational,confederation,Baron Turgeon de St.-Jerome corresponds with Viscount Cameron of Cornwall,Season 80 · Baron Turgeon de St.-Jerome opens a correspondence with Viscount Cameron of Cornwall.,"{""season"": 80, ""marker"": ""\u25ce""}",engine,2026-09-08 13:29:25
999,,relational,confederation,Viscount Wallace of Perth and Baron Rochon de Rosedale are joined by marriage,"Season 81 · Edwin Wallace marries Cyrille Rochon, binding Viscount Wallace of Perth to Baron Rochon de Rosedale.","{""season"": 81, ""marker"": ""kin""}",engine,2026-09-08 13:29:25
1000,,relational,confederation,Earl Hays of Beloeil corresponds with Viscount Colby of Trois-Rivières,Season 81 · Earl Hays of Beloeil opens a correspondence with Viscount Colby of Trois-Rivières.,"{""season"": 81, ""marker"": ""+""}",engine,2026-09-08 13:29:25
1001,,societal,dominion,Vancouver Anti-Asian Riots,Season 81 · Baron Cornwall of Steveston meets Vancouver Anti-Asian Riots and exploits.,"{""season"": 81, ""response"": ""Exploit"", ""roll"": 5, ""personal_year"": 1907, ""magnitude"": ""Significant"", ""tag"": ""Conservative""}",engine,2026-09-08 13:29:25
1002,,relational,dominion,Baron Cornwall of Steveston corresponds with Baron Fairbanks of Edmonton Griesbach,Season 81 · Baron Cornwall of Steveston opens a correspondence with Baron Fairbanks of Edmonton Griesbach.,"{""season"": 81, ""marker"": ""\u25ce""}",engine,2026-09-08 13:29:25
1003,,societal,confederation,South African War,Season 81 · Viscount Meagher of Chatham meets South African War and resists.,"{""season"": 81, ""response"": ""Resist"", ""roll"": 2, ""personal_year"": 1899, ""magnitude"": ""Major"", ""tag"": ""Conservative""}",engine,2026-09-08 13:29:25
1004,,relational,confederation,Baron Hoover of Simcoe corresponds with Baron Cardinal of Steinbach,Season 81 · Baron Hoover of Simcoe opens a correspondence with Baron Cardinal of Steinbach.,"{""season"": 81, ""marker"": ""+""}",engine,2026-09-08 13:29:25
1005,,other,confederation,Earl Forbes of Preston names an heir,Season 81 · Earl Forbes of Preston names Alexander Forbes heir.,"{""season"": 81, ""heir_age"": 26, ""role"": ""heir""}",engine,2026-09-08 13:29:25
1006,,relational,confederation,Baron Rochon de Rosedale corresponds with Baron Wallace of Hespeler,Season 81 · Baron Rochon de Rosedale opens a correspondence with Baron Wallace of Hespeler.,"{""season"": 81, ""marker"": ""\u25ce""}",engine,2026-09-08 13:29:25
1007,,relational,confederation,Viscount Patterson of Kennebecasis and Baron Rouleau de LaSalle form a compact,Season 81 · Viscount Patterson of Kennebecasis and Baron Rouleau de LaSalle enter into a compact.,"{""season"": 81, ""marker"": ""\u25c9+""}",engine,2026-09-08 13:29:25
1008,,societal,confederation,Montréal Smallpox Epidemic,Season 81 · Viscount Cameron of Cornwall meets Montréal Smallpox Epidemic and resists.,"{""season"": 81, ""response"": ""Resist"", ""roll"": 2, ""personal_year"": 1885, ""magnitude"": ""Significant"", ""tag"": ""Progressive""}",engine,2026-09-08 13:29:25
1009,,elevation,confederation,Viscount Bird of Winnipeg elevated,Season 81 · Baron Bird of Winnipeg is raised to Viscount.,"{""season"": 81, ""from"": ""Baron"", ""to"": ""Viscount""}",engine,2026-09-08 13:29:25
1010,,expansion,confederation,Viscount Hendrie of Brampton takes Etobicoke North,Season 81 · Viscount Hendrie of Brampton takes Etobicoke North.,"{""season"": 81, ""riding"": ""Etobicoke North"", ""roll"": 10}",engine,2026-09-08 13:29:25
1011,,societal,dominion,Vancouver Anti-Asian Riots,Season 81 · Viscount Bhullar of Nanaimo meets Vancouver Anti-Asian Riots and stands aside.,"{""season"": 81, ""response"": ""Neutral"", ""roll"": 1, ""personal_year"": 1907, ""magnitude"": ""Significant"", ""tag"": ""Conservative""}",engine,2026-09-08 13:29:25
1012,,succession,confederation,Baron Pegahmagabow of Wawa: clean succession,Season 81 · Joseph Pegahmagabow succeeds to Baron Pegahmagabow of Wawa.,"{""season"": 81, ""nature"": ""clean"", ""cause"": ""death""}",engine,2026-09-08 13:29:25
1013,,societal,confederation,Death of Sir John A. Macdonald,Season 81 · Baron Meagher of Windsor meets Death of Sir John A. Macdonald and exploits.,"{""season"": 81, ""response"": ""Exploit"", ""roll"": 4, ""personal_year"": 1891, ""magnitude"": ""Minor"", ""tag"": ""Mixed""}",engine,2026-09-08 13:29:25
1014,,societal,confederation,Manitoba Schools Question,Season 81 · Viscount Marchand de Lac-Saint-Louis meets Manitoba Schools Question and resists.,"{""season"": 81, ""response"": ""Resist"", ""roll"": 3, ""personal_year"": 1890, ""magnitude"": ""Major"", ""tag"": ""Conservative""}",engine,2026-09-08 13:29:25
1015,,relational,confederation,Viscount Marchand de Lac-Saint-Louis corresponds with Viscount Dawes of Bourassa,Season 81 · Viscount Marchand de Lac-Saint-Louis opens a correspondence with Viscount Dawes of Bourassa.,"{""season"": 81, ""marker"": ""+""}",engine,2026-09-08 13:29:25
1016,,societal,confederation,CPR Strike,Season 81 · Viscount Worts of Milton meets CPR Strike and leads.,"{""season"": 81, ""response"": ""Lead"", ""roll"": 6, ""personal_year"": 1883, ""magnitude"": ""Significant"", ""tag"": ""Mixed""}",engine,2026-09-08 13:29:25
1017,,societal,confederation,National Policy,Season 81 · Baron Gillies of Woburn meets National Policy and exploits.,"{""season"": 81, ""response"": ""Exploit"", ""roll"": 4, ""personal_year"": 1878, ""magnitude"": ""Significant"", ""tag"": ""Conservative""}",engine,2026-09-08 13:29:25
1018,,relational,confederation,Baron Fairbanks of Edmonton Griesbach corresponds with Baron Cornwall of Steveston,Season 81 · Baron Fairbanks of Edmonton Griesbach opens a correspondence with Baron Cornwall of Steveston.,"{""season"": 81, ""marker"": ""+""}",engine,2026-09-08 13:29:25
1019,,societal,confederation,Indian Act,Season 81 · Baron Lucas of Oakville meets Indian Act and exploits.,"{""season"": 81, ""response"": ""Exploit"", ""roll"": 5, ""personal_year"": 1876, ""magnitude"": ""Major"", ""tag"": ""Conservative""}",engine,2026-09-08 13:29:25
1020,,transfer,confederation,Viscount Dawes of Bourassa loses Ahuntsic-Cartierville,Season 81 · Viscount Dawes of Bourassa gives up Ahuntsic-Cartierville (contraction sale).,"{""season"": 81, ""reason"": ""contraction sale"", ""riding"": ""Ahuntsic-Cartierville""}",engine,2026-09-08 13:29:25
1021,,societal,confederation,Long Depression Reaches Canada,Season 81 · Viscount Dawes of Bourassa meets Long Depression Reaches Canada and resists.,"{""season"": 81, ""response"": ""Resist"", ""roll"": 2, ""personal_year"": 1874, ""magnitude"": ""Major"", ""tag"": ""Conservative""}",engine,2026-09-08 13:29:25
1022,,societal,confederation,British Columbia Joins; Treaty 1 Signed,Season 81 · Baron Turgeon de St.-Jerome meets British Columbia Joins; Treaty 1 Signed and resists.,"{""season"": 81, ""response"": ""Resist"", ""roll"": 3, ""personal_year"": 1871, ""magnitude"": ""Significant"", ""tag"": ""Mixed""}",engine,2026-09-08 13:29:25
1023,,expansion,confederation,Viscount Elliott of Glengarry takes Abitibi—Baie-James—Nunavik—Eeyou,Season 82 · Viscount Elliott of Glengarry takes Abitibi—Baie-James—Nunavik—Eeyou.,"{""season"": 82, ""riding"": ""Abitibi\u2014Baie-James\u2014Nunavik\u2014Eeyou"", ""roll"": 7}",engine,2026-09-08 13:29:25
1024,,societal,late,Founding of the CCF,Season 82 · Viscount Benjamin of Bellechasse meets Founding of the CCF and resists.,"{""season"": 82, ""response"": ""Resist"", ""roll"": 2, ""personal_year"": 1932, ""magnitude"": ""Major"", ""tag"": ""Progressive""}",engine,2026-09-08 13:29:25
1025,,societal,late,Founding of the CCF,Season 82 · Viscount Bouchard de Terrebonne meets Founding of the CCF and leads.,"{""season"": 82, ""response"": ""Lead"", ""roll"": 6, ""personal_year"": 1932, ""magnitude"": ""Major"", ""tag"": ""Progressive""}",engine,2026-09-08 13:29:25
1026,,expansion,late,Viscount Bouchard de Terrebonne takes Bellechasse—Les Etchemins—Lévis,Season 82 · Viscount Bouchard de Terrebonne takes Bellechasse—Les Etchemins—Lévis.,"{""season"": 82, ""riding"": ""Bellechasse\u2014Les Etchemins\u2014L\u00e9vis"", ""roll"": 7}",engine,2026-09-08 13:29:25
1027,,relational,confederation,Viscount Langelier de Charlevoix corresponds with Baron Rouleau de LaSalle,Season 82 · Viscount Langelier de Charlevoix opens a correspondence with Baron Rouleau de LaSalle.,"{""season"": 82, ""marker"": ""+""}",engine,2026-09-08 13:29:25
1028,,relational,confederation,Baron Hoover of Simcoe corresponds with Baron Skye of Belleville,Season 82 · Baron Hoover of Simcoe opens a correspondence with Baron Skye of Belleville.,"{""season"": 82, ""marker"": ""+""}",engine,2026-09-08 13:29:25
1029,,transfer,confederation,Earl Forbes of Preston loses Dartmouth—Cole Harbour,Season 82 · Earl Forbes of Preston gives up Dartmouth—Cole Harbour (cession).,"{""season"": 82, ""reason"": ""cession"", ""riding"": ""Dartmouth\u2014Cole Harbour""}",engine,2026-09-08 13:29:25
1030,,relational,confederation,Earl Forbes of Preston settles with Baron McLellan of Belfast,Season 82 · Earl Forbes of Preston settles its grievance with Baron McLellan of Belfast by cession.,"{""season"": 82, ""marker"": ""~"", ""ceded"": ""12005""}",engine,2026-09-08 13:29:25
1031,,societal,confederation,South African War,Season 82 · Viscount Patterson of Kennebecasis meets South African War and resists.,"{""season"": 82, ""response"": ""Resist"", ""roll"": 2, ""personal_year"": 1899, ""magnitude"": ""Major"", ""tag"": ""Conservative""}",engine,2026-09-08 13:29:25
1032,,societal,confederation,Chinese Immigration Act,Season 82 · Viscount Bird of Winnipeg meets Chinese Immigration Act and exploits.,"{""season"": 82, ""response"": ""Exploit"", ""roll"": 4, ""personal_year"": 1885, ""magnitude"": ""Significant"", ""tag"": ""Conservative""}",engine,2026-09-08 13:29:25
1033,,societal,confederation,Chinese Immigration Act,Season 82 · Baron Cardinal of Steinbach meets Chinese Immigration Act and resists.,"{""season"": 82, ""response"": ""Resist"", ""roll"": 3, ""personal_year"": 1885, ""magnitude"": ""Significant"", ""tag"": ""Conservative""}",engine,2026-09-08 13:29:25
1034,,relational,confederation,Baron Rouleau de LaSalle corresponds with Viscount Hendrie of Brampton,Season 82 · Baron Rouleau de LaSalle opens a correspondence with Viscount Hendrie of Brampton.,"{""season"": 82, ""marker"": ""+""}",engine,2026-09-08 13:29:25
1035,,other,dominion,Viscount Bhullar of Nanaimo endows an institution,Season 82 · Viscount Bhullar of Nanaimo endows an institution.,"{""season"": 82}",engine,2026-09-08 13:29:25
1036,,societal,confederation,Death of Sir John A. Macdonald,Season 82 · Viscount Marchand de Lac-Saint-Louis meets Death of Sir John A. Macdonald and stands aside.,"{""season"": 82, ""response"": ""Neutral"", ""roll"": 1, ""personal_year"": 1891, ""magnitude"": ""Minor"", ""tag"": ""Mixed""}",engine,2026-09-08 13:29:25
1037,,relational,confederation,Viscount Marchand de Lac-Saint-Louis corresponds with Baron Byrne of Cooksville,Season 82 · Viscount Marchand de Lac-Saint-Louis opens a correspondence with Baron Byrne of Cooksville.,"{""season"": 82, ""marker"": ""\u25ce""}",engine,2026-09-08 13:29:25
1038,,societal,confederation,North-West Resistance,Season 82 · Baron Proulx de Cumberland meets North-West Resistance and exploits.,"{""season"": 82, ""response"": ""Exploit"", ""roll"": 4, ""personal_year"": 1885, ""magnitude"": ""Major"", ""tag"": ""Conservative""}",engine,2026-09-08 13:29:25
1039,,relational,confederation,Viscount Worts of Milton corresponds with Viscount Dawes of Bourassa,Season 82 · Viscount Worts of Milton opens a correspondence with Viscount Dawes of Bourassa.,"{""season"": 82, ""marker"": ""+""}",engine,2026-09-08 13:29:25
1040,,societal,confederation,Canadian Pacific Railway Chartered,Season 82 · Viscount Colby of Trois-Rivières meets Canadian Pacific Railway Chartered and resists.,"{""season"": 82, ""response"": ""Resist"", ""roll"": 2, ""personal_year"": 1881, ""magnitude"": ""Significant"", ""tag"": ""Mixed""}",engine,2026-09-08 13:29:25
1041,,expansion,confederation,Baron Gillies of Woburn takes Scarborough North,Season 82 · Baron Gillies of Woburn takes Scarborough North.,"{""season"": 82, ""riding"": ""Scarborough North"", ""roll"": 9}",engine,2026-09-08 13:29:25
1042,,societal,confederation,National Policy,Season 82 · Baron Fairbanks of Edmonton Griesbach meets National Policy and resists.,"{""season"": 82, ""response"": ""Resist"", ""roll"": 2, ""personal_year"": 1878, ""magnitude"": ""Significant"", ""tag"": ""Conservative""}",engine,2026-09-08 13:29:25
1043,,expansion,confederation,Baron Lucas of Oakville takes Oakville East,Season 82 · Baron Lucas of Oakville takes Oakville East.,"{""season"": 82, ""riding"": ""Oakville East"", ""roll"": 8}",engine,2026-09-08 13:29:25
1044,,societal,confederation,Pacific Scandal,Season 82 · Baron Wallace of Hespeler meets Pacific Scandal and resists.,"{""season"": 82, ""response"": ""Resist"", ""roll"": 3, ""personal_year"": 1873, ""magnitude"": ""Significant"", ""tag"": ""Progressive""}",engine,2026-09-08 13:29:25
1045,,relational,late,Viscount Benjamin of Bellechasse and Viscount Langelier de Charlevoix fall out,Season 83 · Viscount Benjamin of Bellechasse and Viscount Langelier de Charlevoix fall out over a church and school dispute in the border townships.,"{""season"": 83, ""marker"": ""Sig\u2212"", ""cause"": ""friction"", ""grievance"": ""a church and school dispute in the border townships""}",engine,2026-09-08 13:29:25
1046,,relational,confederation,Baron Cardinal of Steinbach and Baron Stefaniuk of Emerson fall out,Season 83 · Baron Cardinal of Steinbach and Baron Stefaniuk of Emerson fall out over a boundary the two houses read differently.,"{""season"": 83, ""marker"": ""Sig\u2212"", ""cause"": ""friction"", ""grievance"": ""a boundary the two houses read differently""}",engine,2026-09-08 13:29:25
1047,,relational,dominion,Viscount Elliott of Glengarry corresponds with Viscount Mercier de Rimouski,Season 83 · Viscount Elliott of Glengarry opens a correspondence with Viscount Mercier de Rimouski.,"{""season"": 83, ""marker"": ""\u25c9+""}",engine,2026-09-08 13:29:25
1048,,relational,confederation,Baron Stefaniuk of Emerson corresponds with Viscount Wallace of Perth,Season 83 · Baron Stefaniuk of Emerson opens a correspondence with Viscount Wallace of Perth.,"{""season"": 83, ""marker"": ""kin""}",engine,2026-09-08 13:29:25
1049,,succession,late,Viscount Benjamin of Bellechasse: clean succession,Season 83 · Bertha Benjamin succeeds to Viscount Benjamin of Bellechasse.,"{""season"": 83, ""nature"": ""clean"", ""cause"": ""death""}",engine,2026-09-08 13:29:25
1050,,relational,late,Viscount Bouchard de Terrebonne corresponds with Viscount Dawes of Bourassa,Season 83 · Viscount Bouchard de Terrebonne opens a correspondence with Viscount Dawes of Bourassa.,"{""season"": 83, ""marker"": ""+""}",engine,2026-09-08 13:29:25
1051,,expansion,confederation,Earl Hays of Beloeil takes Mount Royal,Season 83 · Earl Hays of Beloeil takes Mount Royal.,"{""season"": 83, ""riding"": ""Mount Royal"", ""roll"": 8}",engine,2026-09-08 13:29:25
1052,,relational,confederation,Baron McLellan of Belfast corresponds with Viscount Colby of Trois-Rivières,Season 83 · Baron McLellan of Belfast opens a correspondence with Viscount Colby of Trois-Rivières.,"{""season"": 83, ""marker"": ""+""}",engine,2026-09-08 13:29:25
1053,,relational,confederation,Baron Rochon de Rosedale corresponds with Baron Wallace of Hespeler,Season 83 · Baron Rochon de Rosedale opens a correspondence with Baron Wallace of Hespeler.,"{""season"": 83, ""marker"": ""+""}",engine,2026-09-08 13:29:25
1054,,relational,dominion,Viscount Patterson of Kennebecasis corresponds with Earl Forbes of Preston,Season 83 · Viscount Patterson of Kennebecasis opens a correspondence with Earl Forbes of Preston.,"{""season"": 83, ""marker"": ""+""}",engine,2026-09-08 13:29:25
1055,,relational,confederation,Baron Rouleau de LaSalle corresponds with Baron Proulx de Cumberland,Season 83 · Baron Rouleau de LaSalle opens a correspondence with Baron Proulx de Cumberland.,"{""season"": 83, ""marker"": ""\u25ce""}",engine,2026-09-08 13:29:25
1056,,relational,confederation,Baron Pegahmagabow of Wawa corresponds with Baron Gillies of Woburn,Season 83 · Baron Pegahmagabow of Wawa opens a correspondence with Baron Gillies of Woburn.,"{""season"": 83, ""marker"": ""+""}",engine,2026-09-08 13:29:25
1057,,relational,confederation,Baron Byrne of Cooksville corresponds with Viscount Bird of Winnipeg,Season 83 · Baron Byrne of Cooksville opens a correspondence with Viscount Bird of Winnipeg.,"{""season"": 83, ""marker"": ""+""}",engine,2026-09-08 13:29:25
1058,,societal,confederation,Jesuits' Estates Act Controversy,Season 83 · Baron Skye of Belleville meets Jesuits' Estates Act Controversy and resists.,"{""season"": 83, ""response"": ""Resist"", ""roll"": 3, ""personal_year"": 1888, ""magnitude"": ""Significant"", ""tag"": ""Conservative""}",engine,2026-09-08 13:29:25
1059,,societal,confederation,North-West Resistance,Season 83 · Viscount Worts of Milton meets North-West Resistance and exploits.,"{""season"": 83, ""response"": ""Exploit"", ""roll"": 5, ""personal_year"": 1885, ""magnitude"": ""Major"", ""tag"": ""Conservative""}",engine,2026-09-08 13:29:25
1060,,societal,confederation,National Policy,Season 83 · Baron Lucas of Oakville meets National Policy and resists.,"{""season"": 83, ""response"": ""Resist"", ""roll"": 2, ""personal_year"": 1878, ""magnitude"": ""Significant"", ""tag"": ""Conservative""}",engine,2026-09-08 13:29:25
1061,,succession,confederation,Baron Lucas of Oakville: clean succession,Season 83 · Anne Lucas succeeds to Baron Lucas of Oakville.,"{""season"": 83, ""nature"": ""clean"", ""cause"": ""death""}",engine,2026-09-08 13:29:25
1062,,societal,confederation,Indian Act,Season 83 · Viscount Dawes of Bourassa meets Indian Act and exploits.,"{""season"": 83, ""response"": ""Exploit"", ""roll"": 4, ""personal_year"": 1876, ""magnitude"": ""Major"", ""tag"": ""Conservative""}",engine,2026-09-08 13:29:25
1063,,societal,confederation,Long Depression Reaches Canada,Season 83 · Baron Wallace of Hespeler meets Long Depression Reaches Canada and stands aside.,"{""season"": 83, ""response"": ""Neutral"", ""roll"": 1, ""personal_year"": 1874, ""magnitude"": ""Major"", ""tag"": ""Conservative""}",engine,2026-09-08 13:29:25
1064,,other,confederation,Baron Wallace of Hespeler names an heir,Season 83 · Baron Wallace of Hespeler names Albert Wallace heir.,"{""season"": 83, ""heir_age"": 18, ""role"": ""heir""}",engine,2026-09-08 13:29:25
1065,,societal,confederation,Pacific Scandal,Season 83 · Baron Turgeon de St.-Jerome meets Pacific Scandal and exploits.,"{""season"": 83, ""response"": ""Exploit"", ""roll"": 4, ""personal_year"": 1873, ""magnitude"": ""Significant"", ""tag"": ""Progressive""}",engine,2026-09-08 13:29:25
1066,,relational,confederation,Baron Turgeon de St.-Jerome corresponds with Viscount Cameron of Cornwall,Season 83 · Baron Turgeon de St.-Jerome opens a correspondence with Viscount Cameron of Cornwall.,"{""season"": 83, ""marker"": ""+""}",engine,2026-09-08 13:29:25
1067,,other,confederation,Viscount Benjamin of Bellechasse names an heir,Season 84 · Viscount Benjamin of Bellechasse names Rachel Benjamin heir.,"{""season"": 84, ""heir_age"": 28, ""role"": ""heir""}",engine,2026-09-08 13:29:25
1068,,expansion,confederation,Viscount Mercier de Rimouski takes La Pointe-de-l'Île,Season 84 · Viscount Mercier de Rimouski takes La Pointe-de-l'Île.,"{""season"": 84, ""riding"": ""La Pointe-de-l'\u00cele"", ""roll"": 10}",engine,2026-09-08 13:29:25
1069,,expansion,confederation,Baron McLellan of Belfast takes Beauséjour,Season 84 · Baron McLellan of Belfast takes Beauséjour.,"{""season"": 84, ""riding"": ""Beaus\u00e9jour"", ""roll"": 8}",engine,2026-09-08 13:29:25
1070,,societal,dominion,Naval Service Act,Season 84 · Baron Cornwall of Steveston meets Naval Service Act and resists.,"{""season"": 84, ""response"": ""Resist"", ""roll"": 2, ""personal_year"": 1910, ""magnitude"": ""Significant"", ""tag"": ""Mixed""}",engine,2026-09-08 13:29:25
1071,,expansion,dominion,Viscount Langelier de Charlevoix takes Nunavut,Season 84 · Viscount Langelier de Charlevoix takes Nunavut.,"{""season"": 84, ""riding"": ""Nunavut"", ""roll"": 7}",engine,2026-09-08 13:29:25
1072,,societal,confederation,Jesuits' Estates Act Controversy,Season 84 · Viscount Cameron of Cornwall meets Jesuits' Estates Act Controversy and resists.,"{""season"": 84, ""response"": ""Resist"", ""roll"": 2, ""personal_year"": 1888, ""magnitude"": ""Significant"", ""tag"": ""Conservative""}",engine,2026-09-08 13:29:25
1073,,relational,confederation,Baron Cardinal of Steinbach and Baron Hoover of Simcoe form a compact,Season 84 · Baron Cardinal of Steinbach and Baron Hoover of Simcoe enter into a compact.,"{""season"": 84, ""marker"": ""\u25c9+""}",engine,2026-09-08 13:29:25
1074,,societal,dominion,Naval Service Act,Season 84 · Viscount Bhullar of Nanaimo meets Naval Service Act and resists.,"{""season"": 84, ""response"": ""Resist"", ""roll"": 3, ""personal_year"": 1910, ""magnitude"": ""Significant"", ""tag"": ""Mixed""}",engine,2026-09-08 13:29:25
1075,,expansion,confederation,Baron Pegahmagabow of Wawa takes Thunder Bay—Rainy River,Season 84 · Baron Pegahmagabow of Wawa takes Thunder Bay—Rainy River.,"{""season"": 84, ""riding"": ""Thunder Bay\u2014Rainy River"", ""roll"": 7}",engine,2026-09-08 13:29:25
1076,,relational,confederation,Baron Meagher of Windsor corresponds with Viscount Cameron of Cornwall,Season 84 · Baron Meagher of Windsor opens a correspondence with Viscount Cameron of Cornwall.,"{""season"": 84, ""marker"": ""+""}",engine,2026-09-08 13:29:25
1077,,expansion,confederation,Baron Skye of Belleville takes Peterborough,Season 84 · Baron Skye of Belleville takes Peterborough.,"{""season"": 84, ""riding"": ""Peterborough"", ""roll"": 10}",engine,2026-09-08 13:29:25
1078,,expansion,confederation,Baron Proulx de Cumberland takes Orléans,Season 84 · Baron Proulx de Cumberland takes Orléans.,"{""season"": 84, ""riding"": ""Orl\u00e9ans"", ""roll"": 8}",engine,2026-09-08 13:29:25
1079,,societal,confederation,CPR Strike,Season 84 · Viscount Colby of Trois-Rivières meets CPR Strike and exploits.,"{""season"": 84, ""response"": ""Exploit"", ""roll"": 4, ""personal_year"": 1883, ""magnitude"": ""Significant"", ""tag"": ""Mixed""}",engine,2026-09-08 13:29:25
1080,,societal,confederation,Canadian Pacific Railway Chartered,Season 84 · Baron Gillies of Woburn meets Canadian Pacific Railway Chartered and resists.,"{""season"": 84, ""response"": ""Resist"", ""roll"": 2, ""personal_year"": 1881, ""magnitude"": ""Significant"", ""tag"": ""Mixed""}",engine,2026-09-08 13:29:25
1081,,relational,confederation,Baron Gillies of Woburn corresponds with Viscount Hendrie of Brampton,Season 84 · Baron Gillies of Woburn opens a correspondence with Viscount Hendrie of Brampton.,"{""season"": 84, ""marker"": ""\u25ce""}",engine,2026-09-08 13:29:25
1082,,other,confederation,Baron Fairbanks of Edmonton Griesbach names an heir,Season 84 · Baron Fairbanks of Edmonton Griesbach names Francis Fairbanks heir.,"{""season"": 84, ""heir_age"": 22, ""role"": ""heir""}",engine,2026-09-08 13:29:25
1083,,expansion,confederation,Baron Lucas of Oakville takes Burlington,Season 84 · Baron Lucas of Oakville takes Burlington.,"{""season"": 84, ""riding"": ""Burlington"", ""roll"": 8}",engine,2026-09-08 13:29:25
1084,,expansion,confederation,Viscount Dawes of Bourassa takes Honoré-Mercier,Season 84 · Viscount Dawes of Bourassa takes Honoré-Mercier.,"{""season"": 84, ""riding"": ""Honor\u00e9-Mercier"", ""roll"": 8}",engine,2026-09-08 13:29:25
1085,,societal,confederation,Long Depression Reaches Canada,Season 84 · Baron Turgeon de St.-Jerome meets Long Depression Reaches Canada and stands aside.,"{""season"": 84, ""response"": ""Neutral"", ""roll"": 0, ""personal_year"": 1874, ""magnitude"": ""Major"", ""tag"": ""Conservative""}",engine,2026-09-08 13:29:25
1086,,other,confederation,Baron Turgeon de St.-Jerome names an heir,Season 84 · Baron Turgeon de St.-Jerome names Télesphore Turgeon heir.,"{""season"": 84, ""heir_age"": 33, ""role"": ""heir""}",engine,2026-09-08 13:29:25
1087,,relational,confederation,Viscount Hendrie of Brampton and Viscount Worts of Milton fall out,Season 85 · Viscount Hendrie of Brampton and Viscount Worts of Milton fall out over the water rights of a shared river.,"{""season"": 85, ""marker"": ""Sig\u2212"", ""cause"": ""friction"", ""grievance"": ""the water rights of a shared river""}",engine,2026-09-08 13:29:25
1088,,relational,confederation,Baron Stefaniuk of Emerson loses a dispute with Baron Cardinal of Steinbach,Season 85 · Baron Stefaniuk of Emerson presses a claim against Baron Cardinal of Steinbach and is rebuffed.,"{""season"": 85, ""outcome"": ""lost""}",engine,2026-09-08 13:29:25
1089,,relational,confederation,Viscount Benjamin of Bellechasse gives offence to Viscount Colby of Trois-Rivières,Season 85 · a letter from Viscount Benjamin of Bellechasse gives offence to Viscount Colby of Trois-Rivières.,"{""season"": 85, ""marker"": ""Sig\u2212"", ""cause"": ""correspondence""}",engine,2026-09-08 13:29:25
1090,,societal,late,Bank of Canada Opens,Season 85 · Viscount Bouchard de Terrebonne meets Bank of Canada Opens and resists.,"{""season"": 85, ""response"": ""Resist"", ""roll"": 2, ""personal_year"": 1935, ""magnitude"": ""Minor"", ""tag"": ""Mixed""}",engine,2026-09-08 13:29:25
1091,,elevation,confederation,Viscount McLellan of Belfast elevated,Season 85 · Baron McLellan of Belfast is raised to Viscount.,"{""season"": 85, ""from"": ""Baron"", ""to"": ""Viscount""}",engine,2026-09-08 13:29:25
1092,,societal,dominion,Reciprocity Election,Season 85 · Baron Cornwall of Steveston meets Reciprocity Election and leads.,"{""season"": 85, ""response"": ""Lead"", ""roll"": 6, ""personal_year"": 1911, ""magnitude"": ""Significant"", ""tag"": ""Conservative""}",engine,2026-09-08 13:29:25
1093,,relational,dominion,Baron Cornwall of Steveston corresponds with Viscount Bhullar of Nanaimo,Season 85 · Baron Cornwall of Steveston opens a correspondence with Viscount Bhullar of Nanaimo.,"{""season"": 85, ""marker"": ""kin""}",engine,2026-09-08 13:29:25
1094,,societal,dominion,Alaska Boundary Award,Season 85 · Viscount Meagher of Chatham meets Alaska Boundary Award and exploits.,"{""season"": 85, ""response"": ""Exploit"", ""roll"": 4, ""personal_year"": 1903, ""magnitude"": ""Minor"", ""tag"": ""Mixed""}",engine,2026-09-08 13:29:25
1095,,succession,confederation,Baron Rochon de Rosedale: clean succession,Season 85 · Cyrille Rochon succeeds to Baron Rochon de Rosedale.,"{""season"": 85, ""nature"": ""clean"", ""cause"": ""death""}",engine,2026-09-08 13:29:25
1096,,societal,confederation,Jesuits' Estates Act Controversy,Season 85 · Viscount Bird of Winnipeg meets Jesuits' Estates Act Controversy and resists.,"{""season"": 85, ""response"": ""Resist"", ""roll"": 3, ""personal_year"": 1888, ""magnitude"": ""Significant"", ""tag"": ""Conservative""}",engine,2026-09-08 13:29:25
1097,,other,confederation,Viscount Bird of Winnipeg endows an institution,Season 85 · Viscount Bird of Winnipeg endows an institution.,"{""season"": 85}",engine,2026-09-08 13:29:25
1098,,societal,confederation,Jesuits' Estates Act Controversy,Season 85 · Baron Cardinal of Steinbach meets Jesuits' Estates Act Controversy and resists.,"{""season"": 85, ""response"": ""Resist"", ""roll"": 2, ""personal_year"": 1888, ""magnitude"": ""Significant"", ""tag"": ""Conservative""}",engine,2026-09-08 13:29:25
1099,,societal,confederation,Laurier Elected,Season 85 · Baron Rouleau de LaSalle meets Laurier Elected and leads.,"{""season"": 85, ""response"": ""Lead"", ""roll"": 6, ""personal_year"": 1896, ""magnitude"": ""Significant"", ""tag"": ""Progressive""}",engine,2026-09-08 13:29:25
1100,,relational,confederation,Baron Rouleau de LaSalle corresponds with Baron Proulx de Cumberland,Season 85 · Baron Rouleau de LaSalle opens a correspondence with Baron Proulx de Cumberland.,"{""season"": 85, ""marker"": ""+""}",engine,2026-09-08 13:29:25
1101,,societal,dominion,Reciprocity Election,Season 85 · Viscount Bhullar of Nanaimo meets Reciprocity Election and resists.,"{""season"": 85, ""response"": ""Resist"", ""roll"": 2, ""personal_year"": 1911, ""magnitude"": ""Significant"", ""tag"": ""Conservative""}",engine,2026-09-08 13:29:25
1102,,relational,confederation,Baron Pegahmagabow of Wawa and Baron Rouleau de LaSalle form a compact,Season 85 · Baron Pegahmagabow of Wawa and Baron Rouleau de LaSalle enter into a compact.,"{""season"": 85, ""marker"": ""\u25c9+""}",engine,2026-09-08 13:29:25
1103,,relational,confederation,Baron Byrne of Cooksville corresponds with Viscount Marchand de Lac-Saint-Louis,Season 85 · Baron Byrne of Cooksville opens a correspondence with Viscount Marchand de Lac-Saint-Louis.,"{""season"": 85, ""marker"": ""+""}",engine,2026-09-08 13:29:25
1104,,expansion,confederation,Baron Meagher of Windsor takes Sarnia—Lambton—Bkejwanong,Season 85 · Baron Meagher of Windsor takes Sarnia—Lambton—Bkejwanong.,"{""season"": 85, ""riding"": ""Sarnia\u2014Lambton\u2014Bkejwanong"", ""roll"": 7}",engine,2026-09-08 13:29:25
1105,,societal,confederation,Manitoba Schools Question,Season 85 · Baron Skye of Belleville meets Manitoba Schools Question and stands aside.,"{""season"": 85, ""response"": ""Neutral"", ""roll"": 1, ""personal_year"": 1890, ""magnitude"": ""Major"", ""tag"": ""Conservative""}",engine,2026-09-08 13:29:25
1106,,societal,confederation,Jesuits' Estates Act Controversy,Season 85 · Baron Proulx de Cumberland meets Jesuits' Estates Act Controversy and resists.,"{""season"": 85, ""response"": ""Resist"", ""roll"": 3, ""personal_year"": 1888, ""magnitude"": ""Significant"", ""tag"": ""Conservative""}",engine,2026-09-08 13:29:25
1107,,expansion,confederation,Baron Gillies of Woburn takes Scarborough—Agincourt,Season 85 · Baron Gillies of Woburn takes Scarborough—Agincourt.,"{""season"": 85, ""riding"": ""Scarborough\u2014Agincourt"", ""roll"": 7}",engine,2026-09-08 13:29:25
1108,,societal,confederation,Canadian Pacific Railway Chartered,Season 85 · Baron Fairbanks of Edmonton Griesbach meets Canadian Pacific Railway Chartered and resists.,"{""season"": 85, ""response"": ""Resist"", ""roll"": 3, ""personal_year"": 1881, ""magnitude"": ""Significant"", ""tag"": ""Mixed""}",engine,2026-09-08 13:29:25
1109,,societal,confederation,National Policy,Season 85 · Viscount Dawes of Bourassa meets National Policy and exploits.,"{""season"": 85, ""response"": ""Exploit"", ""roll"": 5, ""personal_year"": 1878, ""magnitude"": ""Significant"", ""tag"": ""Conservative""}",engine,2026-09-08 13:29:25
1110,,societal,confederation,Indian Act,Season 85 · Baron Wallace of Hespeler meets Indian Act and leads.,"{""season"": 85, ""response"": ""Lead"", ""roll"": 6, ""personal_year"": 1876, ""magnitude"": ""Major"", ""tag"": ""Conservative""}",engine,2026-09-08 13:29:25
1111,,relational,confederation,Baron Turgeon de St.-Jerome and Viscount Cameron of Cornwall are joined by marriage,"Season 85 · Télesphore Turgeon marries Alexander Cameron, binding Baron Turgeon de St.-Jerome to Viscount Cameron of Cornwall.","{""season"": 85, ""marker"": ""kin""}",engine,2026-09-08 13:29:25
1112,,succession,dominion,Viscount Elliott of Glengarry: clean succession,Season 86 · Maureen Elliott succeeds to Viscount Elliott of Glengarry.,"{""season"": 86, ""nature"": ""clean"", ""cause"": ""death""}",engine,2026-09-08 13:29:25
1113,,other,confederation,Earl Hays of Beloeil names an heir,Season 86 · Earl Hays of Beloeil names Moses Hays heir.,"{""season"": 86, ""heir_age"": 26, ""role"": ""heir""}",engine,2026-09-08 13:29:25
1114,,societal,dominion,Regulation 17,Season 86 · Baron Cornwall of Steveston meets Regulation 17 and exploits.,"{""season"": 86, ""response"": ""Exploit"", ""roll"": 5, ""personal_year"": 1912, ""magnitude"": ""Major"", ""tag"": ""Conservative""}",engine,2026-09-08 13:29:25
1115,,elevation,dominion,Earl Langelier de Charlevoix elevated,Season 86 · Viscount Langelier de Charlevoix is raised to Earl.,"{""season"": 86, ""from"": ""Viscount"", ""to"": ""Earl""}",engine,2026-09-08 13:29:25
1116,,elevation,dominion,Earl Meagher of Chatham elevated,Season 86 · Viscount Meagher of Chatham is raised to Earl.,"{""season"": 86, ""from"": ""Viscount"", ""to"": ""Earl""}",engine,2026-09-08 13:29:25
1117,,societal,dominion,Alaska Boundary Award,Season 86 · Viscount Patterson of Kennebecasis meets Alaska Boundary Award and resists.,"{""season"": 86, ""response"": ""Resist"", ""roll"": 2, ""personal_year"": 1903, ""magnitude"": ""Minor"", ""tag"": ""Mixed""}",engine,2026-09-08 13:29:25
1118,,relational,dominion,Viscount Patterson of Kennebecasis corresponds with Viscount McLellan of Belfast,Season 86 · Viscount Patterson of Kennebecasis opens a correspondence with Viscount McLellan of Belfast.,"{""season"": 86, ""marker"": ""\u25ce""}",engine,2026-09-08 13:29:25
1119,,expansion,confederation,Viscount Cameron of Cornwall takes Markham—Stouffville,Season 86 · Viscount Cameron of Cornwall takes Markham—Stouffville.,"{""season"": 86, ""riding"": ""Markham\u2014Stouffville"", ""roll"": 8}",engine,2026-09-08 13:29:25
1120,,relational,confederation,Viscount Bird of Winnipeg and Baron Skye of Belleville are joined by marriage,"Season 86 · Ruth Bird marries Deborah Skye, binding Viscount Bird of Winnipeg to Baron Skye of Belleville.","{""season"": 86, ""marker"": ""kin""}",engine,2026-09-08 13:29:25
1121,,societal,confederation,Klondike Gold Rush,Season 86 · Baron Rouleau de LaSalle meets Klondike Gold Rush and leads.,"{""season"": 86, ""response"": ""Lead"", ""roll"": 6, ""personal_year"": 1897, ""magnitude"": ""Significant"", ""tag"": ""Mixed""}",engine,2026-09-08 13:29:25
1122,,societal,dominion,Regulation 17,Season 86 · Viscount Bhullar of Nanaimo meets Regulation 17 and resists.,"{""season"": 86, ""response"": ""Resist"", ""roll"": 3, ""personal_year"": 1912, ""magnitude"": ""Major"", ""tag"": ""Conservative""}",engine,2026-09-08 13:29:25
1123,,other,confederation,Baron Byrne of Cooksville names an heir,Season 86 · Baron Byrne of Cooksville names Owen Byrne heir.,"{""season"": 86, ""heir_age"": 21, ""role"": ""heir""}",engine,2026-09-08 13:29:25
1124,,societal,confederation,Laurier Elected,Season 86 · Baron Meagher of Windsor meets Laurier Elected and exploits.,"{""season"": 86, ""response"": ""Exploit"", ""roll"": 4, ""personal_year"": 1896, ""magnitude"": ""Significant"", ""tag"": ""Progressive""}",engine,2026-09-08 13:29:25
1125,,societal,confederation,Death of Sir John A. Macdonald,Season 86 · Baron Skye of Belleville meets Death of Sir John A. Macdonald and leads.,"{""season"": 86, ""response"": ""Lead"", ""roll"": 6, ""personal_year"": 1891, ""magnitude"": ""Minor"", ""tag"": ""Mixed""}",engine,2026-09-08 13:29:25
1126,,societal,confederation,Jesuits' Estates Act Controversy,Season 86 · Viscount Worts of Milton meets Jesuits' Estates Act Controversy and resists.,"{""season"": 86, ""response"": ""Resist"", ""roll"": 2, ""personal_year"": 1888, ""magnitude"": ""Significant"", ""tag"": ""Conservative""}",engine,2026-09-08 13:29:25
1127,,relational,confederation,Viscount Worts of Milton reconciles with Viscount Hendrie of Brampton,Season 86 · Viscount Worts of Milton makes peace with Viscount Hendrie of Brampton.,"{""season"": 86, ""marker"": ""~""}",engine,2026-09-08 13:29:25
1128,,societal,confederation,North-West Resistance,Season 86 · Viscount Colby of Trois-Rivières meets North-West Resistance and exploits.,"{""season"": 86, ""response"": ""Exploit"", ""roll"": 5, ""personal_year"": 1885, ""magnitude"": ""Major"", ""tag"": ""Conservative""}",engine,2026-09-08 13:29:25
1129,,societal,confederation,CPR Strike,Season 86 · Baron Gillies of Woburn meets CPR Strike and exploits.,"{""season"": 86, ""response"": ""Exploit"", ""roll"": 5, ""personal_year"": 1883, ""magnitude"": ""Significant"", ""tag"": ""Mixed""}",engine,2026-09-08 13:29:25
1130,,societal,confederation,Manitoba Schools Question,Season 86 · Baron Turgeon de St.-Jerome meets Manitoba Schools Question and exploits.,"{""season"": 86, ""response"": ""Exploit"", ""roll"": 5, ""personal_year"": 1890, ""magnitude"": ""Major"", ""tag"": ""Conservative""}",engine,2026-09-08 13:29:25
1131,,relational,confederation,Baron Turgeon de St.-Jerome corresponds with Viscount Dawes of Bourassa,Season 86 · Baron Turgeon de St.-Jerome opens a correspondence with Viscount Dawes of Bourassa.,"{""season"": 86, ""marker"": ""\u25ce""}",engine,2026-09-08 13:29:25
1132,,founding,confederation,Baron Gillies of Aurora founded,"Season 86 · Baron Gillies of Aurora is created, seated at Aurora—Oak Ridges—Richmond Hill.","{""season"": 86, ""stats"": {""capital"": 48, ""influence"": 31, ""cohesion"": 67, ""ambition"": 10}, ""community"": ""Scots Presbyterian"", ""tag"": ""Progressive""}",engine,2026-09-08 13:29:25
1133,,other,confederation,Viscount Elliott of Glengarry names an heir,Season 87 · Viscount Elliott of Glengarry names Annie Elliott heir.,"{""season"": 87, ""heir_age"": 19, ""role"": ""heir""}",engine,2026-09-08 13:29:25
1134,,relational,confederation,Viscount Benjamin of Bellechasse corresponds with Viscount Worts of Milton,Season 87 · Viscount Benjamin of Bellechasse opens a correspondence with Viscount Worts of Milton.,"{""season"": 87, ""marker"": ""\u25ce""}",engine,2026-09-08 13:29:25
1135,,relational,confederation,Viscount Mercier de Rimouski corresponds with Baron Meagher of Windsor,Season 87 · Viscount Mercier de Rimouski opens a correspondence with Baron Meagher of Windsor.,"{""season"": 87, ""marker"": ""\u25ce""}",engine,2026-09-08 13:29:25
1136,,relational,confederation,Viscount McLellan of Belfast and Baron Rouleau de LaSalle form a compact,Season 87 · Viscount McLellan of Belfast and Baron Rouleau de LaSalle enter into a compact.,"{""season"": 87, ""marker"": ""\u25c9+""}",engine,2026-09-08 13:29:25
1137,,relational,dominion,Baron Cornwall of Steveston corresponds with Baron Fairbanks of Edmonton Griesbach,Season 87 · Baron Cornwall of Steveston opens a correspondence with Baron Fairbanks of Edmonton Griesbach.,"{""season"": 87, ""marker"": ""+""}",engine,2026-09-08 13:29:25
1138,,societal,dominion,Alberta and Saskatchewan Created,Season 87 · Earl Meagher of Chatham meets Alberta and Saskatchewan Created and leads.,"{""season"": 87, ""response"": ""Lead"", ""roll"": 6, ""personal_year"": 1905, ""magnitude"": ""Significant"", ""tag"": ""Progressive""}",engine,2026-09-08 13:29:25
1139,,succession,confederation,Baron Hoover of Simcoe: disorderly succession,Season 87 · Baron Hoover of Simcoe passes in disorder to Isaac Hoover.,"{""season"": 87, ""nature"": ""disorderly"", ""cause"": ""death""}",engine,2026-09-08 13:29:25
1140,,societal,confederation,Manitoba Schools Question,Season 87 · Baron Cardinal of Steinbach meets Manitoba Schools Question and resists.,"{""season"": 87, ""response"": ""Resist"", ""roll"": 2, ""personal_year"": 1890, ""magnitude"": ""Major"", ""tag"": ""Conservative""}",engine,2026-09-08 13:29:25
1141,,relational,confederation,Baron Cardinal of Steinbach loses a dispute with Baron Stefaniuk of Emerson,Season 87 · Baron Cardinal of Steinbach presses a claim against Baron Stefaniuk of Emerson and is rebuffed.,"{""season"": 87, ""outcome"": ""lost""}",engine,2026-09-08 13:29:25
1142,,societal,confederation,Diamond Jubilee,Season 87 · Baron Meagher of Windsor meets Diamond Jubilee and exploits.,"{""season"": 87, ""response"": ""Exploit"", ""roll"": 4, ""personal_year"": 1897, ""magnitude"": ""Minor"", ""tag"": ""Conservative""}",engine,2026-09-08 13:29:25
1143,,relational,confederation,Baron Meagher of Windsor corresponds with Viscount Mercier de Rimouski,Season 87 · Baron Meagher of Windsor opens a correspondence with Viscount Mercier de Rimouski.,"{""season"": 87, ""marker"": ""+""}",engine,2026-09-08 13:29:25
1144,,societal,confederation,Laurier Elected,Season 87 · Viscount Marchand de Lac-Saint-Louis meets Laurier Elected and resists.,"{""season"": 87, ""response"": ""Resist"", ""roll"": 3, ""personal_year"": 1896, ""magnitude"": ""Significant"", ""tag"": ""Progressive""}",engine,2026-09-08 13:29:25
1145,,societal,confederation,Manitoba Schools Question,Season 87 · Baron Proulx de Cumberland meets Manitoba Schools Question and resists.,"{""season"": 87, ""response"": ""Resist"", ""roll"": 3, ""personal_year"": 1890, ""magnitude"": ""Major"", ""tag"": ""Conservative""}",engine,2026-09-08 13:29:25
1146,,relational,confederation,Viscount Worts of Milton and Baron Cardinal of Steinbach form a compact,Season 87 · Viscount Worts of Milton and Baron Cardinal of Steinbach enter into a compact.,"{""season"": 87, ""marker"": ""\u25c9+""}",engine,2026-09-08 13:29:25
1147,,relational,confederation,Viscount Colby of Trois-Rivières and Earl Hays of Beloeil form a compact,Season 87 · Viscount Colby of Trois-Rivières and Earl Hays of Beloeil enter into a compact.,"{""season"": 87, ""marker"": ""\u25c9+""}",engine,2026-09-08 13:29:25
1148,,societal,confederation,CPR Strike,Season 87 · Baron Fairbanks of Edmonton Griesbach meets CPR Strike and exploits.,"{""season"": 87, ""response"": ""Exploit"", ""roll"": 5, ""personal_year"": 1883, ""magnitude"": ""Significant"", ""tag"": ""Mixed""}",engine,2026-09-08 13:29:25
1149,,societal,confederation,National Policy,Season 87 · Baron Wallace of Hespeler meets National Policy and stands aside.,"{""season"": 87, ""response"": ""Neutral"", ""roll"": 1, ""personal_year"": 1878, ""magnitude"": ""Significant"", ""tag"": ""Conservative""}",engine,2026-09-08 13:29:25
1150,,societal,confederation,Death of Sir John A. Macdonald,Season 87 · Baron Turgeon de St.-Jerome meets Death of Sir John A. Macdonald and stands aside.,"{""season"": 87, ""response"": ""Neutral"", ""roll"": 1, ""personal_year"": 1891, ""magnitude"": ""Minor"", ""tag"": ""Mixed""}",engine,2026-09-08 13:29:25
1151,,expansion,confederation,Baron Turgeon de St.-Jerome takes Marc-Aurèle-Fortin,Season 87 · Baron Turgeon de St.-Jerome takes Marc-Aurèle-Fortin.,"{""season"": 87, ""riding"": ""Marc-Aur\u00e8le-Fortin"", ""roll"": 9}",engine,2026-09-08 13:29:25
1152,,relational,confederation,Viscount Benjamin of Bellechasse and Viscount Mercier de Rimouski fall out,Season 88 · Viscount Benjamin of Bellechasse and Viscount Mercier de Rimouski fall out over a boundary the two houses read differently.,"{""season"": 88, ""marker"": ""Sig\u2212"", ""cause"": ""friction"", ""grievance"": ""a boundary the two houses read differently""}",engine,2026-09-08 13:29:25
1153,,expansion,confederation,Viscount Elliott of Glengarry takes Algonquin—Renfrew—Pembroke,Season 88 · Viscount Elliott of Glengarry takes Algonquin—Renfrew—Pembroke.,"{""season"": 88, ""riding"": ""Algonquin\u2014Renfrew\u2014Pembroke"", ""roll"": 7}",engine,2026-09-08 13:29:25
1154,,societal,dominion,The Great War,Season 88 · Baron Cornwall of Steveston meets The Great War and exploits.,"{""season"": 88, ""response"": ""Exploit"", ""roll"": 4, ""personal_year"": 1914, ""magnitude"": ""Major"", ""tag"": ""Global""}",engine,2026-09-08 13:29:25
1155,,expansion,dominion,Baron Cornwall of Steveston takes Richmond Centre—Marpole,Season 88 · Baron Cornwall of Steveston takes Richmond Centre—Marpole.,"{""season"": 88, ""riding"": ""Richmond Centre\u2014Marpole"", ""roll"": 10}",engine,2026-09-08 13:29:25
1156,,relational,dominion,Earl Langelier de Charlevoix loses a dispute with Viscount Benjamin of Bellechasse,Season 88 · Earl Langelier de Charlevoix presses a claim against Viscount Benjamin of Bellechasse and is rebuffed.,"{""season"": 88, ""outcome"": ""lost""}",engine,2026-09-08 13:29:25
1157,,societal,dominion,Alberta and Saskatchewan Created,Season 88 · Viscount Patterson of Kennebecasis meets Alberta and Saskatchewan Created and leads.,"{""season"": 88, ""response"": ""Lead"", ""roll"": 6, ""personal_year"": 1905, ""magnitude"": ""Significant"", ""tag"": ""Progressive""}",engine,2026-09-08 13:29:25
1158,,societal,confederation,Death of Sir John A. Macdonald,Season 88 · Baron Cardinal of Steinbach meets Death of Sir John A. Macdonald and resists.,"{""season"": 88, ""response"": ""Resist"", ""roll"": 2, ""personal_year"": 1891, ""magnitude"": ""Minor"", ""tag"": ""Mixed""}",engine,2026-09-08 13:29:25
1159,,relational,confederation,Baron Cardinal of Steinbach loses a dispute with Baron Stefaniuk of Emerson,Season 88 · Baron Cardinal of Steinbach presses a claim against Baron Stefaniuk of Emerson and is rebuffed.,"{""season"": 88, ""outcome"": ""lost""}",engine,2026-09-08 13:29:25
1160,,societal,confederation,South African War,Season 88 · Baron Rouleau de LaSalle meets South African War and resists.,"{""season"": 88, ""response"": ""Resist"", ""roll"": 3, ""personal_year"": 1899, ""magnitude"": ""Major"", ""tag"": ""Conservative""}",engine,2026-09-08 13:29:25
1161,,expansion,confederation,Viscount Hendrie of Brampton takes Etobicoke Centre,Season 88 · Viscount Hendrie of Brampton takes Etobicoke Centre.,"{""season"": 88, ""riding"": ""Etobicoke Centre"", ""roll"": 10}",engine,2026-09-08 13:29:25
1162,,societal,dominion,Komagata Maru,Season 88 · Viscount Bhullar of Nanaimo meets Komagata Maru and stands aside.,"{""season"": 88, ""response"": ""Neutral"", ""roll"": 1, ""personal_year"": 1914, ""magnitude"": ""Major"", ""tag"": ""Conservative""}",engine,2026-09-08 13:29:25
1163,,relational,dominion,Viscount Bhullar of Nanaimo corresponds with Baron Fairbanks of Edmonton Griesbach,Season 88 · Viscount Bhullar of Nanaimo opens a correspondence with Baron Fairbanks of Edmonton Griesbach.,"{""season"": 88, ""marker"": ""\u25ce""}",engine,2026-09-08 13:29:25
1164,,relational,confederation,Baron Meagher of Windsor gives offence to Baron Skye of Belleville,Season 88 · a letter from Baron Meagher of Windsor gives offence to Baron Skye of Belleville.,"{""season"": 88, ""marker"": ""Sig\u2212"", ""cause"": ""correspondence""}",engine,2026-09-08 13:29:25
1165,,societal,confederation,Klondike Gold Rush,Season 88 · Viscount Marchand de Lac-Saint-Louis meets Klondike Gold Rush and resists.,"{""season"": 88, ""response"": ""Resist"", ""roll"": 2, ""personal_year"": 1897, ""magnitude"": ""Significant"", ""tag"": ""Mixed""}",engine,2026-09-08 13:29:25
1166,,relational,confederation,Viscount Marchand de Lac-Saint-Louis corresponds with Viscount Wallace of Perth,Season 88 · Viscount Marchand de Lac-Saint-Louis opens a correspondence with Viscount Wallace of Perth.,"{""season"": 88, ""marker"": ""\u25ce""}",engine,2026-09-08 13:29:25
1167,,societal,confederation,Death of Sir John A. Macdonald,Season 88 · Baron Proulx de Cumberland meets Death of Sir John A. Macdonald and resists.,"{""season"": 88, ""response"": ""Resist"", ""roll"": 2, ""personal_year"": 1891, ""magnitude"": ""Minor"", ""tag"": ""Mixed""}",engine,2026-09-08 13:29:25
1168,,societal,confederation,Manitoba Schools Question,Season 88 · Viscount Worts of Milton meets Manitoba Schools Question and exploits.,"{""season"": 88, ""response"": ""Exploit"", ""roll"": 4, ""personal_year"": 1890, ""magnitude"": ""Major"", ""tag"": ""Conservative""}",engine,2026-09-08 13:29:25
1169,,expansion,confederation,Viscount Worts of Milton takes Burlington North—Milton West,Season 88 · Viscount Worts of Milton takes Burlington North—Milton West.,"{""season"": 88, ""riding"": ""Burlington North\u2014Milton West"", ""roll"": 7}",engine,2026-09-08 13:29:25
1170,,transfer,confederation,Viscount Colby of Trois-Rivières loses Berthier—Maskinongé,Season 88 · Viscount Colby of Trois-Rivières gives up Berthier—Maskinongé (cession).,"{""season"": 88, ""reason"": ""cession"", ""riding"": ""Berthier\u2014Maskinong\u00e9""}",engine,2026-09-08 13:29:25
1171,,relational,confederation,Viscount Colby of Trois-Rivières settles with Viscount Benjamin of Bellechasse,Season 88 · Viscount Colby of Trois-Rivières settles its grievance with Viscount Benjamin of Bellechasse by cession.,"{""season"": 88, ""marker"": ""~"", ""ceded"": ""24012""}",engine,2026-09-08 13:29:25
1172,,societal,confederation,Chinese Immigration Act,Season 88 · Baron Gillies of Woburn meets Chinese Immigration Act and resists.,"{""season"": 88, ""response"": ""Resist"", ""roll"": 3, ""personal_year"": 1885, ""magnitude"": ""Significant"", ""tag"": ""Conservative""}",engine,2026-09-08 13:29:25
1173,,societal,confederation,Canadian Pacific Railway Chartered,Season 88 · Viscount Dawes of Bourassa meets Canadian Pacific Railway Chartered and resists.,"{""season"": 88, ""response"": ""Resist"", ""roll"": 2, ""personal_year"": 1881, ""magnitude"": ""Significant"", ""tag"": ""Mixed""}",engine,2026-09-08 13:29:25
1174,,other,confederation,Viscount Dawes of Bourassa endows an institution,Season 88 · Viscount Dawes of Bourassa endows an institution.,"{""season"": 88}",engine,2026-09-08 13:29:25
1175,,relational,confederation,Baron Wallace of Hespeler corresponds with Viscount Wallace of Perth,Season 88 · Baron Wallace of Hespeler opens a correspondence with Viscount Wallace of Perth.,"{""season"": 88, ""marker"": ""kin""}",engine,2026-09-08 13:29:25
1176,,societal,confederation,Red River Resistance,Season 88 · Baron Gillies of Aurora meets Red River Resistance and leads.,"{""season"": 88, ""response"": ""Lead"", ""roll"": 6, ""personal_year"": 1869, ""magnitude"": ""Major"", ""tag"": ""Mixed""}",engine,2026-09-08 13:29:25
1177,,transfer,confederation,Viscount Mercier de Rimouski loses La Pointe-de-l'Île,Season 89 · Viscount Mercier de Rimouski gives up La Pointe-de-l'Île (cession).,"{""season"": 89, ""reason"": ""cession"", ""riding"": ""La Pointe-de-l'\u00cele""}",engine,2026-09-08 13:29:26
1178,,relational,confederation,Viscount Mercier de Rimouski settles with Viscount Benjamin of Bellechasse,Season 89 · Viscount Mercier de Rimouski settles its grievance with Viscount Benjamin of Bellechasse by cession.,"{""season"": 89, ""marker"": ""~"", ""ceded"": ""24031""}",engine,2026-09-08 13:29:26
1179,,societal,late,The Second World War,Season 89 · Viscount Bouchard de Terrebonne meets The Second World War and resists.,"{""season"": 89, ""response"": ""Resist"", ""roll"": 2, ""personal_year"": 1939, ""magnitude"": ""Major"", ""tag"": ""Global""}",engine,2026-09-08 13:29:26
1180,,expansion,confederation,Viscount McLellan of Belfast takes Miramichi—Grand Lake,Season 89 · Viscount McLellan of Belfast takes Miramichi—Grand Lake.,"{""season"": 89, ""riding"": ""Miramichi\u2014Grand Lake"", ""roll"": 8}",engine,2026-09-08 13:29:26
1181,,relational,dominion,Earl Langelier de Charlevoix reconciles with Viscount Benjamin of Bellechasse,Season 89 · Earl Langelier de Charlevoix makes peace with Viscount Benjamin of Bellechasse.,"{""season"": 89, ""marker"": ""~""}",engine,2026-09-08 13:29:26
1182,,societal,dominion,Vancouver Anti-Asian Riots,Season 89 · Earl Meagher of Chatham meets Vancouver Anti-Asian Riots and resists.,"{""season"": 89, ""response"": ""Resist"", ""roll"": 2, ""personal_year"": 1907, ""magnitude"": ""Significant"", ""tag"": ""Conservative""}",engine,2026-09-08 13:29:26
1183,,relational,dominion,Earl Meagher of Chatham corresponds with Viscount Wallace of Perth,Season 89 · Earl Meagher of Chatham opens a correspondence with Viscount Wallace of Perth.,"{""season"": 89, ""marker"": ""+""}",engine,2026-09-08 13:29:26
1184,,relational,confederation,Viscount Cameron of Cornwall and Baron Meagher of Windsor form a compact,Season 89 · Viscount Cameron of Cornwall and Baron Meagher of Windsor enter into a compact.,"{""season"": 89, ""marker"": ""\u25c9+""}",engine,2026-09-08 13:29:26
1185,,relational,confederation,Baron Cardinal of Steinbach corresponds with Baron Gillies of Aurora,Season 89 · Baron Cardinal of Steinbach opens a correspondence with Baron Gillies of Aurora.,"{""season"": 89, ""marker"": ""\u25ce""}",engine,2026-09-08 13:29:26
1186,,relational,confederation,Baron Pegahmagabow of Wawa corresponds with Viscount Patterson of Kennebecasis,Season 89 · Baron Pegahmagabow of Wawa opens a correspondence with Viscount Patterson of Kennebecasis.,"{""season"": 89, ""marker"": ""\u25ce""}",engine,2026-09-08 13:29:26
1187,,societal,confederation,South African War,Season 89 · Baron Meagher of Windsor meets South African War and stands aside.,"{""season"": 89, ""response"": ""Neutral"", ""roll"": 1, ""personal_year"": 1899, ""magnitude"": ""Major"", ""tag"": ""Conservative""}",engine,2026-09-08 13:29:26
1188,,societal,confederation,Death of Sir John A. Macdonald,Season 89 · Viscount Worts of Milton meets Death of Sir John A. Macdonald and leads.,"{""season"": 89, ""response"": ""Lead"", ""roll"": 6, ""personal_year"": 1891, ""magnitude"": ""Minor"", ""tag"": ""Mixed""}",engine,2026-09-08 13:29:26
1189,,succession,confederation,Viscount Worts of Milton: clean succession,Season 89 · Ellen Worts succeeds to Viscount Worts of Milton.,"{""season"": 89, ""nature"": ""clean"", ""cause"": ""death""}",engine,2026-09-08 13:29:26
1190,,expansion,confederation,Viscount Worts of Milton takes Brampton East,Season 89 · Viscount Worts of Milton takes Brampton East.,"{""season"": 89, ""riding"": ""Brampton East"", ""roll"": 9}",engine,2026-09-08 13:29:26
1191,,societal,confederation,Jesuits' Estates Act Controversy,Season 89 · Viscount Colby of Trois-Rivières meets Jesuits' Estates Act Controversy and resists.,"{""season"": 89, ""response"": ""Resist"", ""roll"": 2, ""personal_year"": 1888, ""magnitude"": ""Significant"", ""tag"": ""Conservative""}",engine,2026-09-08 13:29:26
1192,,succession,confederation,Viscount Colby of Trois-Rivières: clean succession,Season 89 · Samuel Colby succeeds to Viscount Colby of Trois-Rivières.,"{""season"": 89, ""nature"": ""clean"", ""cause"": ""death""}",engine,2026-09-08 13:29:26
1193,,relational,confederation,Viscount Colby of Trois-Rivières corresponds with Viscount Worts of Milton,Season 89 · Viscount Colby of Trois-Rivières opens a correspondence with Viscount Worts of Milton.,"{""season"": 89, ""marker"": ""\u25ce""}",engine,2026-09-08 13:29:26
1194,,expansion,confederation,Baron Gillies of Woburn takes Scarborough—Guildwood—Rouge Park,Season 89 · Baron Gillies of Woburn takes Scarborough—Guildwood—Rouge Park.,"{""season"": 89, ""riding"": ""Scarborough\u2014Guildwood\u2014Rouge Park"", ""roll"": 8}",engine,2026-09-08 13:29:26
1195,,societal,confederation,Chinese Immigration Act,Season 89 · Baron Fairbanks of Edmonton Griesbach meets Chinese Immigration Act and exploits.,"{""season"": 89, ""response"": ""Exploit"", ""roll"": 5, ""personal_year"": 1885, ""magnitude"": ""Significant"", ""tag"": ""Conservative""}",engine,2026-09-08 13:29:26
1196,,expansion,confederation,Baron Fairbanks of Edmonton Griesbach takes Leduc—Wetaskiwin,Season 89 · Baron Fairbanks of Edmonton Griesbach takes Leduc—Wetaskiwin.,"{""season"": 89, ""riding"": ""Leduc\u2014Wetaskiwin"", ""roll"": 9}",engine,2026-09-08 13:29:26
1197,,societal,confederation,Confederation Extension (Manitoba Act),Season 89 · Baron Gillies of Aurora meets Confederation Extension (Manitoba Act) and leads.,"{""season"": 89, ""response"": ""Lead"", ""roll"": 6, ""personal_year"": 1870, ""magnitude"": ""Major"", ""tag"": ""Mixed""}",engine,2026-09-08 13:29:26
1198,,relational,confederation,Viscount Wallace of Perth corresponds with Viscount Marchand de Lac-Saint-Louis,Season 90 · Viscount Wallace of Perth opens a correspondence with Viscount Marchand de Lac-Saint-Louis.,"{""season"": 90, ""marker"": ""+""}",engine,2026-09-08 13:29:26
1199,,other,confederation,Viscount Benjamin of Bellechasse names an heir,Season 90 · Viscount Benjamin of Bellechasse names Jacob Benjamin second heir.,"{""season"": 90, ""heir_age"": 33, ""role"": ""heir2""}",engine,2026-09-08 13:29:26
1200,,succession,confederation,Viscount McLellan of Belfast: clean succession,Season 90 · Roderick McLellan succeeds to Viscount McLellan of Belfast.,"{""season"": 90, ""nature"": ""clean"", ""cause"": ""death""}",engine,2026-09-08 13:29:26
1201,,societal,dominion,Prairie Women's Suffrage,Season 90 · Baron Cornwall of Steveston meets Prairie Women's Suffrage and stands aside.,"{""season"": 90, ""response"": ""Neutral"", ""roll"": 1, ""personal_year"": 1916, ""magnitude"": ""Significant"", ""tag"": ""Progressive""}",engine,2026-09-08 13:29:26
1202,,societal,dominion,Vancouver Anti-Asian Riots,Season 90 · Earl Langelier de Charlevoix meets Vancouver Anti-Asian Riots and exploits.,"{""season"": 90, ""response"": ""Exploit"", ""roll"": 4, ""personal_year"": 1907, ""magnitude"": ""Significant"", ""tag"": ""Conservative""}",engine,2026-09-08 13:29:26
1203,,societal,dominion,Vancouver Anti-Asian Riots,Season 90 · Viscount Patterson of Kennebecasis meets Vancouver Anti-Asian Riots and leads.,"{""season"": 90, ""response"": ""Lead"", ""roll"": 6, ""personal_year"": 1907, ""magnitude"": ""Significant"", ""tag"": ""Conservative""}",engine,2026-09-08 13:29:26
1204,,expansion,dominion,Viscount Patterson of Kennebecasis takes Saint John—St. Croix,Season 90 · Viscount Patterson of Kennebecasis takes Saint John—St. Croix.,"{""season"": 90, ""riding"": ""Saint John\u2014St. Croix"", ""roll"": 12}",engine,2026-09-08 13:29:26
1205,,relational,confederation,Baron Cardinal of Steinbach corresponds with Baron Gillies of Aurora,Season 90 · Baron Cardinal of Steinbach opens a correspondence with Baron Gillies of Aurora.,"{""season"": 90, ""marker"": ""+""}",engine,2026-09-08 13:29:26
1206,,relational,dominion,Baron Rouleau de LaSalle and Viscount Hendrie of Brampton form a compact,Season 90 · Baron Rouleau de LaSalle and Viscount Hendrie of Brampton enter into a compact.,"{""season"": 90, ""marker"": ""\u25c9+""}",engine,2026-09-08 13:29:26
1207,,other,confederation,Viscount Hendrie of Brampton names an heir,Season 90 · Viscount Hendrie of Brampton names Edith Hendrie heir.,"{""season"": 90, ""heir_age"": 27, ""role"": ""heir""}",engine,2026-09-08 13:29:26
1208,,societal,dominion,Prairie Women's Suffrage,Season 90 · Viscount Bhullar of Nanaimo meets Prairie Women's Suffrage and resists.,"{""season"": 90, ""response"": ""Resist"", ""roll"": 2, ""personal_year"": 1916, ""magnitude"": ""Significant"", ""tag"": ""Progressive""}",engine,2026-09-08 13:29:26
1209,,relational,dominion,Viscount Bhullar of Nanaimo corresponds with Baron Fairbanks of Edmonton Griesbach,Season 90 · Viscount Bhullar of Nanaimo opens a correspondence with Baron Fairbanks of Edmonton Griesbach.,"{""season"": 90, ""marker"": ""+""}",engine,2026-09-08 13:29:26
1210,,relational,confederation,Baron Pegahmagabow of Wawa corresponds with Viscount Patterson of Kennebecasis,Season 90 · Baron Pegahmagabow of Wawa opens a correspondence with Viscount Patterson of Kennebecasis.,"{""season"": 90, ""marker"": ""+""}",engine,2026-09-08 13:29:26
1211,,relational,confederation,Baron Byrne of Cooksville corresponds with Baron Lucas of Oakville,Season 90 · Baron Byrne of Cooksville opens a correspondence with Baron Lucas of Oakville.,"{""season"": 90, ""marker"": ""\u25ce""}",engine,2026-09-08 13:29:26
1212,,expansion,dominion,Baron Meagher of Windsor takes Chatham-Kent—Leamington,Season 90 · Baron Meagher of Windsor takes Chatham-Kent—Leamington.,"{""season"": 90, ""riding"": ""Chatham-Kent\u2014Leamington"", ""roll"": 8}",engine,2026-09-08 13:29:26
1213,,societal,confederation,South African War,Season 90 · Viscount Marchand de Lac-Saint-Louis meets South African War and resists.,"{""season"": 90, ""response"": ""Resist"", ""roll"": 2, ""personal_year"": 1899, ""magnitude"": ""Major"", ""tag"": ""Conservative""}",engine,2026-09-08 13:29:26
1214,,other,confederation,Viscount Colby of Trois-Rivières names an heir,Season 90 · Viscount Colby of Trois-Rivières names John Colby heir.,"{""season"": 90, ""heir_age"": 11, ""role"": ""heir""}",engine,2026-09-08 13:29:26
1215,,relational,confederation,Baron Gillies of Woburn corresponds with Viscount Hendrie of Brampton,Season 90 · Baron Gillies of Woburn opens a correspondence with Viscount Hendrie of Brampton.,"{""season"": 90, ""marker"": ""+""}",engine,2026-09-08 13:29:26
1216,,relational,confederation,Baron Lucas of Oakville corresponds with Baron Byrne of Cooksville,Season 90 · Baron Lucas of Oakville opens a correspondence with Baron Byrne of Cooksville.,"{""season"": 90, ""marker"": ""+""}",engine,2026-09-08 13:29:26
1217,,societal,confederation,CPR Strike,Season 90 · Viscount Dawes of Bourassa meets CPR Strike and exploits.,"{""season"": 90, ""response"": ""Exploit"", ""roll"": 4, ""personal_year"": 1883, ""magnitude"": ""Significant"", ""tag"": ""Mixed""}",engine,2026-09-08 13:29:26
1218,,relational,confederation,Viscount Dawes of Bourassa corresponds with Baron Turgeon de St.-Jerome,Season 90 · Viscount Dawes of Bourassa opens a correspondence with Baron Turgeon de St.-Jerome.,"{""season"": 90, ""marker"": ""+""}",engine,2026-09-08 13:29:26
1219,,societal,confederation,Canadian Pacific Railway Chartered,Season 90 · Baron Wallace of Hespeler meets Canadian Pacific Railway Chartered and exploits.,"{""season"": 90, ""response"": ""Exploit"", ""roll"": 4, ""personal_year"": 1881, ""magnitude"": ""Significant"", ""tag"": ""Mixed""}",engine,2026-09-08 13:29:26
1220,,expansion,confederation,Baron Wallace of Hespeler takes Cambridge,Season 90 · Baron Wallace of Hespeler takes Cambridge.,"{""season"": 90, ""riding"": ""Cambridge"", ""roll"": 10}",engine,2026-09-08 13:29:26
1221,,societal,confederation,British Columbia Joins; Treaty 1 Signed,Season 90 · Baron Gillies of Aurora meets British Columbia Joins; Treaty 1 Signed and resists.,"{""season"": 90, ""response"": ""Resist"", ""roll"": 2, ""personal_year"": 1871, ""magnitude"": ""Significant"", ""tag"": ""Mixed""}",engine,2026-09-08 13:29:26
1222,,societal,confederation,Last Spike at Craigellachie,Season 91 · Viscount Wallace of Perth meets Last Spike at Craigellachie and resists.,"{""season"": 91, ""response"": ""Resist"", ""roll"": 3, ""personal_year"": 1885, ""magnitude"": ""Significant"", ""tag"": ""Mixed""}",engine,2026-09-08 13:29:26
1223,,expansion,confederation,Viscount Wallace of Perth takes Wellington—Halton Hills North,Season 91 · Viscount Wallace of Perth takes Wellington—Halton Hills North.,"{""season"": 91, ""riding"": ""Wellington\u2014Halton Hills North"", ""roll"": 7}",engine,2026-09-08 13:29:26
1224,,societal,dominion,Conscription Crisis,Season 91 · Baron Cornwall of Steveston meets Conscription Crisis and leads.,"{""season"": 91, ""response"": ""Lead"", ""roll"": 7, ""personal_year"": 1917, ""magnitude"": ""Major"", ""tag"": ""Mixed""}",engine,2026-09-08 13:29:26
1225,,relational,dominion,Earl Langelier de Charlevoix corresponds with Baron Hoover of Simcoe,Season 91 · Earl Langelier de Charlevoix opens a correspondence with Baron Hoover of Simcoe.,"{""season"": 91, ""marker"": ""+""}",engine,2026-09-08 13:29:26
1226,,relational,dominion,Earl Meagher of Chatham corresponds with Baron Wallace of Hespeler,Season 91 · Earl Meagher of Chatham opens a correspondence with Baron Wallace of Hespeler.,"{""season"": 91, ""marker"": ""\u25ce""}",engine,2026-09-08 13:29:26
1227,,societal,confederation,Montréal Smallpox Epidemic,Season 91 · Earl Forbes of Preston meets Montréal Smallpox Epidemic and exploits.,"{""season"": 91, ""response"": ""Exploit"", ""roll"": 5, ""personal_year"": 1885, ""magnitude"": ""Significant"", ""tag"": ""Progressive""}",engine,2026-09-08 13:29:26
1228,,relational,dominion,Viscount Patterson of Kennebecasis and Viscount Marchand de Lac-Saint-Louis form a compact,Season 91 · Viscount Patterson of Kennebecasis and Viscount Marchand de Lac-Saint-Louis enter into a compact.,"{""season"": 91, ""marker"": ""\u25c9+""}",engine,2026-09-08 13:29:26
1229,,relational,confederation,Baron Cardinal of Steinbach loses a dispute with Baron Stefaniuk of Emerson,Season 91 · Baron Cardinal of Steinbach presses a claim against Baron Stefaniuk of Emerson and is rebuffed.,"{""season"": 91, ""outcome"": ""lost""}",engine,2026-09-08 13:29:26
1230,,societal,dominion,Conscription Crisis,Season 91 · Viscount Bhullar of Nanaimo meets Conscription Crisis and resists.,"{""season"": 91, ""response"": ""Resist"", ""roll"": 2, ""personal_year"": 1917, ""magnitude"": ""Major"", ""tag"": ""Mixed""}",engine,2026-09-08 13:29:26
1231,,other,confederation,Baron Pegahmagabow of Wawa names an heir,Season 91 · Baron Pegahmagabow of Wawa names Elizabeth Pegahmagabow heir.,"{""season"": 91, ""heir_age"": 17, ""role"": ""heir""}",engine,2026-09-08 13:29:26
1232,,expansion,confederation,Baron Byrne of Cooksville takes Mississauga—Streetsville,Season 91 · Baron Byrne of Cooksville takes Mississauga—Streetsville.,"{""season"": 91, ""riding"": ""Mississauga\u2014Streetsville"", ""roll"": 12}",engine,2026-09-08 13:29:26
1233,,relational,dominion,Baron Meagher of Windsor reconciles with Baron Skye of Belleville,Season 91 · Baron Meagher of Windsor makes peace with Baron Skye of Belleville.,"{""season"": 91, ""marker"": ""~""}",engine,2026-09-08 13:29:26
1234,,societal,confederation,Laurier Elected,Season 91 · Baron Skye of Belleville meets Laurier Elected and leads.,"{""season"": 91, ""response"": ""Lead"", ""roll"": 6, ""personal_year"": 1896, ""magnitude"": ""Significant"", ""tag"": ""Progressive""}",engine,2026-09-08 13:29:26
1235,,societal,confederation,Jesuits' Estates Act Controversy,Season 91 · Baron Gillies of Woburn meets Jesuits' Estates Act Controversy and leads.,"{""season"": 91, ""response"": ""Lead"", ""roll"": 6, ""personal_year"": 1888, ""magnitude"": ""Significant"", ""tag"": ""Conservative""}",engine,2026-09-08 13:29:26
1236,,relational,confederation,Baron Fairbanks of Edmonton Griesbach corresponds with Viscount Bird of Winnipeg,Season 91 · Baron Fairbanks of Edmonton Griesbach opens a correspondence with Viscount Bird of Winnipeg.,"{""season"": 91, ""marker"": ""\u25ce""}",engine,2026-09-08 13:29:26
1237,,other,confederation,Baron Lucas of Oakville names an heir,Season 91 · Baron Lucas of Oakville names Charlotte Lucas heir.,"{""season"": 91, ""heir_age"": 10, ""role"": ""heir""}",engine,2026-09-08 13:29:26
1238,,expansion,confederation,Baron Gillies of Aurora takes Newmarket—Aurora,Season 91 · Baron Gillies of Aurora takes Newmarket—Aurora.,"{""season"": 91, ""riding"": ""Newmarket\u2014Aurora"", ""roll"": 11}",engine,2026-09-08 13:29:26
1239,,relational,confederation,Earl Forbes of Preston and Viscount McLellan of Belfast fall out,Season 92 · Earl Forbes of Preston and Viscount McLellan of Belfast fall out over a boundary the two houses read differently.,"{""season"": 92, ""marker"": ""Sig\u2212"", ""cause"": ""friction"", ""grievance"": ""a boundary the two houses read differently""}",engine,2026-09-08 13:29:26
1240,,societal,late,Japanese-Canadian Internment,Season 92 · Viscount Bouchard de Terrebonne meets Japanese-Canadian Internment and leads.,"{""season"": 92, ""response"": ""Lead"", ""roll"": 6, ""personal_year"": 1942, ""magnitude"": ""Major"", ""tag"": ""Conservative""}",engine,2026-09-08 13:29:26
1241,,societal,dominion,Spanish Influenza,Season 92 · Baron Cornwall of Steveston meets Spanish Influenza and stands aside.,"{""season"": 92, ""response"": ""Neutral"", ""roll"": 1, ""personal_year"": 1918, ""magnitude"": ""Significant"", ""tag"": ""Global""}",engine,2026-09-08 13:29:26
1242,,relational,dominion,Baron Cornwall of Steveston and Baron Fairbanks of Edmonton Griesbach form a compact,Season 92 · Baron Cornwall of Steveston and Baron Fairbanks of Edmonton Griesbach enter into a compact.,"{""season"": 92, ""marker"": ""\u25c9+""}",engine,2026-09-08 13:29:26
1243,,societal,dominion,Naval Service Act,Season 92 · Earl Meagher of Chatham meets Naval Service Act and resists.,"{""season"": 92, ""response"": ""Resist"", ""roll"": 3, ""personal_year"": 1910, ""magnitude"": ""Significant"", ""tag"": ""Mixed""}",engine,2026-09-08 13:29:26
1244,,societal,confederation,Laurier Elected,Season 92 · Viscount Cameron of Cornwall meets Laurier Elected and leads.,"{""season"": 92, ""response"": ""Lead"", ""roll"": 6, ""personal_year"": 1896, ""magnitude"": ""Significant"", ""tag"": ""Progressive""}",engine,2026-09-08 13:29:26
1245,,societal,confederation,Klondike Gold Rush,Season 92 · Viscount Bird of Winnipeg meets Klondike Gold Rush and exploits.,"{""season"": 92, ""response"": ""Exploit"", ""roll"": 4, ""personal_year"": 1897, ""magnitude"": ""Significant"", ""tag"": ""Mixed""}",engine,2026-09-08 13:29:26
1246,,societal,dominion,Alaska Boundary Award,Season 92 · Baron Rouleau de LaSalle meets Alaska Boundary Award and leads.,"{""season"": 92, ""response"": ""Lead"", ""roll"": 6, ""personal_year"": 1903, ""magnitude"": ""Minor"", ""tag"": ""Mixed""}",engine,2026-09-08 13:29:26
1247,,expansion,dominion,Baron Rouleau de LaSalle takes Brome—Missisquoi,Season 92 · Baron Rouleau de LaSalle takes Brome—Missisquoi.,"{""season"": 92, ""riding"": ""Brome\u2014Missisquoi"", ""roll"": 8}",engine,2026-09-08 13:29:26
1248,,societal,dominion,Spanish Influenza,Season 92 · Viscount Bhullar of Nanaimo meets Spanish Influenza and exploits.,"{""season"": 92, ""response"": ""Exploit"", ""roll"": 4, ""personal_year"": 1918, ""magnitude"": ""Significant"", ""tag"": ""Global""}",engine,2026-09-08 13:29:26
1249,,succession,dominion,Viscount Bhullar of Nanaimo: clean succession,Season 92 · Jaswant Bhullar succeeds to Viscount Bhullar of Nanaimo.,"{""season"": 92, ""nature"": ""clean"", ""cause"": ""death""}",engine,2026-09-08 13:29:26
1250,,expansion,confederation,Viscount Bhullar of Nanaimo takes Grande Prairie,Season 92 · Viscount Bhullar of Nanaimo takes Grande Prairie.,"{""season"": 92, ""riding"": ""Grande Prairie"", ""roll"": 12}",engine,2026-09-08 13:29:26
1251,,societal,confederation,Klondike Gold Rush,Season 92 · Baron Skye of Belleville meets Klondike Gold Rush and resists.,"{""season"": 92, ""response"": ""Resist"", ""roll"": 3, ""personal_year"": 1897, ""magnitude"": ""Significant"", ""tag"": ""Mixed""}",engine,2026-09-08 13:29:26
1252,,relational,confederation,Baron Skye of Belleville and Viscount Elliott of Glengarry form a compact,Season 92 · Baron Skye of Belleville and Viscount Elliott of Glengarry enter into a compact.,"{""season"": 92, ""marker"": ""\u25c9+""}",engine,2026-09-08 13:29:26
1253,,relational,confederation,Viscount Colby of Trois-Rivières corresponds with Viscount Worts of Milton,Season 92 · Viscount Colby of Trois-Rivières opens a correspondence with Viscount Worts of Milton.,"{""season"": 92, ""marker"": ""+""}",engine,2026-09-08 13:29:26
1254,,relational,confederation,Baron Gillies of Woburn and Baron Pegahmagabow of Wawa are joined by marriage,"Season 92 · Mary Gillies marries Elizabeth Pegahmagabow, binding Baron Gillies of Woburn to Baron Pegahmagabow of Wawa.","{""season"": 92, ""marker"": ""kin""}",engine,2026-09-08 13:29:26
1255,,societal,confederation,Jesuits' Estates Act Controversy,Season 92 · Baron Fairbanks of Edmonton Griesbach meets Jesuits' Estates Act Controversy and resists.,"{""season"": 92, ""response"": ""Resist"", ""roll"": 3, ""personal_year"": 1888, ""magnitude"": ""Significant"", ""tag"": ""Conservative""}",engine,2026-09-08 13:29:26
1256,,relational,confederation,Baron Fairbanks of Edmonton Griesbach corresponds with Viscount Bird of Winnipeg,Season 92 · Baron Fairbanks of Edmonton Griesbach opens a correspondence with Viscount Bird of Winnipeg.,"{""season"": 92, ""marker"": ""+""}",engine,2026-09-08 13:29:26
1257,,societal,confederation,Last Spike at Craigellachie,Season 92 · Viscount Dawes of Bourassa meets Last Spike at Craigellachie and leads.,"{""season"": 92, ""response"": ""Lead"", ""roll"": 6, ""personal_year"": 1885, ""magnitude"": ""Significant"", ""tag"": ""Mixed""}",engine,2026-09-08 13:29:26
1258,,societal,confederation,CPR Strike,Season 92 · Baron Wallace of Hespeler meets CPR Strike and resists.,"{""season"": 92, ""response"": ""Resist"", ""roll"": 3, ""personal_year"": 1883, ""magnitude"": ""Significant"", ""tag"": ""Mixed""}",engine,2026-09-08 13:29:26
1259,,societal,confederation,Laurier Elected,Season 92 · Baron Turgeon de St.-Jerome meets Laurier Elected and exploits.,"{""season"": 92, ""response"": ""Exploit"", ""roll"": 5, ""personal_year"": 1896, ""magnitude"": ""Significant"", ""tag"": ""Progressive""}",engine,2026-09-08 13:29:26
1260,,relational,confederation,Baron Turgeon de St.-Jerome corresponds with Earl Meagher of Chatham,Season 92 · Baron Turgeon de St.-Jerome opens a correspondence with Earl Meagher of Chatham.,"{""season"": 92, ""marker"": ""\u25ce""}",engine,2026-09-08 13:29:26
1261,,societal,confederation,Pacific Scandal,Season 92 · Baron Gillies of Aurora meets Pacific Scandal and exploits.,"{""season"": 92, ""response"": ""Exploit"", ""roll"": 5, ""personal_year"": 1873, ""magnitude"": ""Significant"", ""tag"": ""Progressive""}",engine,2026-09-08 13:29:26
1262,,founding,confederation,Baron Furlong of Émard founded,"Season 92 · Baron Furlong of Émard is created, seated at LaSalle—Émard—Verdun.","{""season"": 92, ""stats"": {""capital"": 45, ""influence"": 33, ""cohesion"": 75, ""ambition"": 9}, ""community"": ""Irish Catholic"", ""tag"": ""Conservative""}",engine,2026-09-08 13:29:26
1263,,relational,confederation,Viscount Elliott of Glengarry corresponds with Baron Pegahmagabow of Wawa,Season 93 · Viscount Elliott of Glengarry opens a correspondence with Baron Pegahmagabow of Wawa.,"{""season"": 93, ""marker"": ""kin""}",engine,2026-09-08 13:29:26
1264,,relational,confederation,Viscount Benjamin of Bellechasse corresponds with Viscount Worts of Milton,Season 93 · Viscount Benjamin of Bellechasse opens a correspondence with Viscount Worts of Milton.,"{""season"": 93, ""marker"": ""+""}",engine,2026-09-08 13:29:26
1265,,relational,confederation,Earl Hays of Beloeil corresponds with Baron Byrne of Cooksville,Season 93 · Earl Hays of Beloeil opens a correspondence with Baron Byrne of Cooksville.,"{""season"": 93, ""marker"": ""\u25ce""}",engine,2026-09-08 13:29:26
1266,,societal,dominion,Winnipeg General Strike,Season 93 · Baron Cornwall of Steveston meets Winnipeg General Strike and resists.,"{""season"": 93, ""response"": ""Resist"", ""roll"": 3, ""personal_year"": 1919, ""magnitude"": ""Major"", ""tag"": ""Mixed""}",engine,2026-09-08 13:29:26
1267,,succession,dominion,Baron Cornwall of Steveston: clean succession,Season 93 · Eleanor Cornwall succeeds to Baron Cornwall of Steveston.,"{""season"": 93, ""nature"": ""clean"", ""cause"": ""death""}",engine,2026-09-08 13:29:26
1268,,societal,dominion,Naval Service Act,Season 93 · Earl Langelier de Charlevoix meets Naval Service Act and stands aside.,"{""season"": 93, ""response"": ""Neutral"", ""roll"": 1, ""personal_year"": 1910, ""magnitude"": ""Significant"", ""tag"": ""Mixed""}",engine,2026-09-08 13:29:26
1269,,societal,dominion,Reciprocity Election,Season 93 · Earl Meagher of Chatham meets Reciprocity Election and resists.,"{""season"": 93, ""response"": ""Resist"", ""roll"": 3, ""personal_year"": 1911, ""magnitude"": ""Significant"", ""tag"": ""Conservative""}",engine,2026-09-08 13:29:26
1270,,succession,dominion,Earl Meagher of Chatham: clean succession,Season 93 · Malachy Meagher succeeds to Earl Meagher of Chatham.,"{""season"": 93, ""nature"": ""clean"", ""cause"": ""death""}",engine,2026-09-08 13:29:26
1271,,societal,dominion,Naval Service Act,Season 93 · Viscount Patterson of Kennebecasis meets Naval Service Act and exploits.,"{""season"": 93, ""response"": ""Exploit"", ""roll"": 5, ""personal_year"": 1910, ""magnitude"": ""Significant"", ""tag"": ""Mixed""}",engine,2026-09-08 13:29:26
1272,,societal,confederation,Klondike Gold Rush,Season 93 · Viscount Cameron of Cornwall meets Klondike Gold Rush and exploits.,"{""season"": 93, ""response"": ""Exploit"", ""roll"": 5, ""personal_year"": 1897, ""magnitude"": ""Significant"", ""tag"": ""Mixed""}",engine,2026-09-08 13:29:26
1273,,succession,confederation,Viscount Cameron of Cornwall: clean succession,Season 93 · Alexander Cameron succeeds to Viscount Cameron of Cornwall.,"{""season"": 93, ""nature"": ""clean"", ""cause"": ""death""}",engine,2026-09-08 13:29:26
1274,,societal,confederation,Laurier Elected,Season 93 · Baron Cardinal of Steinbach meets Laurier Elected and exploits.,"{""season"": 93, ""response"": ""Exploit"", ""roll"": 4, ""personal_year"": 1896, ""magnitude"": ""Significant"", ""tag"": ""Progressive""}",engine,2026-09-08 13:29:26
1275,,societal,dominion,Alaska Boundary Award,Season 93 · Baron Meagher of Windsor meets Alaska Boundary Award and leads.,"{""season"": 93, ""response"": ""Lead"", ""roll"": 6, ""personal_year"": 1903, ""magnitude"": ""Minor"", ""tag"": ""Mixed""}",engine,2026-09-08 13:29:26
1276,,relational,dominion,Baron Meagher of Windsor corresponds with Baron Gillies of Woburn,Season 93 · Baron Meagher of Windsor opens a correspondence with Baron Gillies of Woburn.,"{""season"": 93, ""marker"": ""\u25ce""}",engine,2026-09-08 13:29:26
1277,,succession,dominion,Viscount Marchand de Lac-Saint-Louis: clean succession,Season 93 · Cyrille Marchand succeeds to Viscount Marchand de Lac-Saint-Louis.,"{""season"": 93, ""nature"": ""clean"", ""cause"": ""death""}",engine,2026-09-08 13:29:26
1278,,other,confederation,Viscount Marchand de Lac-Saint-Louis names an heir,Season 93 · Viscount Marchand de Lac-Saint-Louis names Wilfrid Marchand heir.,"{""season"": 93, ""heir_age"": 26, ""role"": ""heir""}",engine,2026-09-08 13:29:26
1279,,succession,confederation,Baron Skye of Belleville: clean succession,Season 93 · Deborah Skye succeeds to Baron Skye of Belleville.,"{""season"": 93, ""nature"": ""clean"", ""cause"": ""death""}",engine,2026-09-08 13:29:26
1280,,societal,confederation,Laurier Elected,Season 93 · Baron Proulx de Cumberland meets Laurier Elected and stands aside.,"{""season"": 93, ""response"": ""Neutral"", ""roll"": 1, ""personal_year"": 1896, ""magnitude"": ""Significant"", ""tag"": ""Progressive""}",engine,2026-09-08 13:29:26
1281,,relational,confederation,Viscount Colby of Trois-Rivières corresponds with Baron Rouleau de LaSalle,Season 93 · Viscount Colby of Trois-Rivières opens a correspondence with Baron Rouleau de LaSalle.,"{""season"": 93, ""marker"": ""\u25ce""}",engine,2026-09-08 13:29:26
1282,,societal,confederation,Manitoba Schools Question,Season 93 · Baron Gillies of Woburn meets Manitoba Schools Question and leads.,"{""season"": 93, ""response"": ""Lead"", ""roll"": 6, ""personal_year"": 1890, ""magnitude"": ""Major"", ""tag"": ""Conservative""}",engine,2026-09-08 13:29:26
1283,,relational,confederation,Baron Fairbanks of Edmonton Griesbach and Viscount Bhullar of Nanaimo form a compact,Season 93 · Baron Fairbanks of Edmonton Griesbach and Viscount Bhullar of Nanaimo enter into a compact.,"{""season"": 93, ""marker"": ""\u25c9+""}",engine,2026-09-08 13:29:26
1284,,expansion,confederation,Viscount Dawes of Bourassa takes Saint-Léonard—Saint-Michel,Season 93 · Viscount Dawes of Bourassa takes Saint-Léonard—Saint-Michel.,"{""season"": 93, ""riding"": ""Saint-L\u00e9onard\u2014Saint-Michel"", ""roll"": 8}",engine,2026-09-08 13:29:26
1285,,societal,confederation,Klondike Gold Rush,Season 93 · Baron Turgeon de St.-Jerome meets Klondike Gold Rush and resists.,"{""season"": 93, ""response"": ""Resist"", ""roll"": 2, ""personal_year"": 1897, ""magnitude"": ""Significant"", ""tag"": ""Mixed""}",engine,2026-09-08 13:29:26
1286,,societal,confederation,Long Depression Reaches Canada,Season 93 · Baron Gillies of Aurora meets Long Depression Reaches Canada and stands aside.,"{""season"": 93, ""response"": ""Neutral"", ""roll"": 1, ""personal_year"": 1874, ""magnitude"": ""Major"", ""tag"": ""Conservative""}",engine,2026-09-08 13:29:26
1287,,relational,confederation,Viscount Benjamin of Bellechasse corresponds with Viscount Worts of Milton,Season 94 · Viscount Benjamin of Bellechasse opens a correspondence with Viscount Worts of Milton.,"{""season"": 94, ""marker"": ""+""}",engine,2026-09-08 13:29:26
1288,,societal,late,CCF Government in Saskatchewan,Season 94 · Viscount Bouchard de Terrebonne meets CCF Government in Saskatchewan and resists.,"{""season"": 94, ""response"": ""Resist"", ""roll"": 3, ""personal_year"": 1944, ""magnitude"": ""Significant"", ""tag"": ""Progressive""}",engine,2026-09-08 13:29:26
1289,,succession,late,Viscount Bouchard de Terrebonne: clean succession,Season 94 · Télesphore Bouchard succeeds to Viscount Bouchard de Terrebonne.,"{""season"": 94, ""nature"": ""clean"", ""cause"": ""death""}",engine,2026-09-08 13:29:26
1290,,relational,confederation,Viscount Bouchard de Terrebonne corresponds with Baron Turgeon de St.-Jerome,Season 94 · Viscount Bouchard de Terrebonne opens a correspondence with Baron Turgeon de St.-Jerome.,"{""season"": 94, ""marker"": ""+""}",engine,2026-09-08 13:29:26
1291,,societal,confederation,Last Spike at Craigellachie,Season 94 · Earl Hays of Beloeil meets Last Spike at Craigellachie and resists.,"{""season"": 94, ""response"": ""Resist"", ""roll"": 2, ""personal_year"": 1885, ""magnitude"": ""Significant"", ""tag"": ""Mixed""}",engine,2026-09-08 13:29:26
1292,,relational,confederation,Viscount McLellan of Belfast loses a dispute with Earl Forbes of Preston,Season 94 · Viscount McLellan of Belfast presses a claim against Earl Forbes of Preston and is rebuffed.,"{""season"": 94, ""outcome"": ""lost""}",engine,2026-09-08 13:29:26
1293,,societal,dominion,Reciprocity Election,Season 94 · Earl Langelier de Charlevoix meets Reciprocity Election and stands aside.,"{""season"": 94, ""response"": ""Neutral"", ""roll"": 1, ""personal_year"": 1911, ""magnitude"": ""Significant"", ""tag"": ""Conservative""}",engine,2026-09-08 13:29:26
1294,,expansion,confederation,Baron Hoover of Simcoe takes Ottawa Centre,Season 94 · Baron Hoover of Simcoe takes Ottawa Centre.,"{""season"": 94, ""riding"": ""Ottawa Centre"", ""roll"": 10}",engine,2026-09-08 13:29:26
1295,,societal,dominion,Reciprocity Election,Season 94 · Viscount Patterson of Kennebecasis meets Reciprocity Election and resists.,"{""season"": 94, ""response"": ""Resist"", ""roll"": 2, ""personal_year"": 1911, ""magnitude"": ""Significant"", ""tag"": ""Conservative""}",engine,2026-09-08 13:29:26
1296,,other,confederation,Viscount Cameron of Cornwall names an heir,Season 94 · Viscount Cameron of Cornwall names Norman Cameron heir.,"{""season"": 94, ""heir_age"": 9, ""role"": ""heir""}",engine,2026-09-08 13:29:26
1297,,relational,confederation,Viscount Bird of Winnipeg and Baron Byrne of Cooksville form a compact,Season 94 · Viscount Bird of Winnipeg and Baron Byrne of Cooksville enter into a compact.,"{""season"": 94, ""marker"": ""\u25c9+""}",engine,2026-09-08 13:29:26
1298,,societal,confederation,Klondike Gold Rush,Season 94 · Baron Cardinal of Steinbach meets Klondike Gold Rush and leads.,"{""season"": 94, ""response"": ""Lead"", ""roll"": 6, ""personal_year"": 1897, ""magnitude"": ""Significant"", ""tag"": ""Mixed""}",engine,2026-09-08 13:29:26
1299,,societal,dominion,Alberta and Saskatchewan Created,Season 94 · Baron Rouleau de LaSalle meets Alberta and Saskatchewan Created and leads.,"{""season"": 94, ""response"": ""Lead"", ""roll"": 7, ""personal_year"": 1905, ""magnitude"": ""Significant"", ""tag"": ""Progressive""}",engine,2026-09-08 13:29:26
1300,,other,dominion,Baron Rouleau de LaSalle names an heir,Season 94 · Baron Rouleau de LaSalle names Corinne Rouleau second heir.,"{""season"": 94, ""heir_age"": 45, ""role"": ""heir2""}",engine,2026-09-08 13:29:26
1301,,societal,confederation,North-West Resistance,Season 94 · Viscount Hendrie of Brampton meets North-West Resistance and resists.,"{""season"": 94, ""response"": ""Resist"", ""roll"": 3, ""personal_year"": 1885, ""magnitude"": ""Major"", ""tag"": ""Conservative""}",engine,2026-09-08 13:29:26
1302,,expansion,confederation,Viscount Hendrie of Brampton takes Mississauga Centre,Season 94 · Viscount Hendrie of Brampton takes Mississauga Centre.,"{""season"": 94, ""riding"": ""Mississauga Centre"", ""roll"": 8}",engine,2026-09-08 13:29:26
1303,,expansion,confederation,Baron Pegahmagabow of Wawa takes Kenora—Kiiwetinoong,Season 94 · Baron Pegahmagabow of Wawa takes Kenora—Kiiwetinoong.,"{""season"": 94, ""riding"": ""Kenora\u2014Kiiwetinoong"", ""roll"": 10}",engine,2026-09-08 13:29:26
1304,,relational,dominion,Baron Meagher of Windsor and Viscount Cameron of Cornwall are joined by marriage,"Season 94 · Brendan Meagher marries Norman Cameron, binding Baron Meagher of Windsor to Viscount Cameron of Cornwall.","{""season"": 94, ""marker"": ""kin""}",engine,2026-09-08 13:29:26
1305,,expansion,confederation,Baron Skye of Belleville takes Northumberland—Clarke,Season 94 · Baron Skye of Belleville takes Northumberland—Clarke.,"{""season"": 94, ""riding"": ""Northumberland\u2014Clarke"", ""roll"": 9}",engine,2026-09-08 13:29:26
1306,,societal,confederation,Diamond Jubilee,Season 94 · Baron Proulx de Cumberland meets Diamond Jubilee and exploits.,"{""season"": 94, ""response"": ""Exploit"", ""roll"": 5, ""personal_year"": 1897, ""magnitude"": ""Minor"", ""tag"": ""Conservative""}",engine,2026-09-08 13:29:26
1307,,expansion,confederation,Baron Proulx de Cumberland takes Mirabel,Season 94 · Baron Proulx de Cumberland takes Mirabel.,"{""season"": 94, ""riding"": ""Mirabel"", ""roll"": 10}",engine,2026-09-08 13:29:26
1308,,societal,confederation,Death of Sir John A. Macdonald,Season 94 · Baron Gillies of Woburn meets Death of Sir John A. Macdonald and resists.,"{""season"": 94, ""response"": ""Resist"", ""roll"": 3, ""personal_year"": 1891, ""magnitude"": ""Minor"", ""tag"": ""Mixed""}",engine,2026-09-08 13:29:26
1309,,societal,confederation,Manitoba Schools Question,Season 94 · Baron Fairbanks of Edmonton Griesbach meets Manitoba Schools Question and exploits.,"{""season"": 94, ""response"": ""Exploit"", ""roll"": 4, ""personal_year"": 1890, ""magnitude"": ""Major"", ""tag"": ""Conservative""}",engine,2026-09-08 13:29:26
1310,,societal,confederation,North-West Resistance,Season 94 · Baron Wallace of Hespeler meets North-West Resistance and stands aside.,"{""season"": 94, ""response"": ""Neutral"", ""roll"": 1, ""personal_year"": 1885, ""magnitude"": ""Major"", ""tag"": ""Conservative""}",engine,2026-09-08 13:29:26
1311,,relational,confederation,Baron Wallace of Hespeler corresponds with Earl Meagher of Chatham,Season 94 · Baron Wallace of Hespeler opens a correspondence with Earl Meagher of Chatham.,"{""season"": 94, ""marker"": ""+""}",engine,2026-09-08 13:29:26
1312,,relational,confederation,Baron Gillies of Aurora corresponds with Baron Stefaniuk of Emerson,Season 94 · Baron Gillies of Aurora opens a correspondence with Baron Stefaniuk of Emerson.,"{""season"": 94, ""marker"": ""\u25ce""}",engine,2026-09-08 13:29:26
1313,,societal,confederation,Red River Resistance,Season 94 · Baron Furlong of Émard meets Red River Resistance and exploits.,"{""season"": 94, ""response"": ""Exploit"", ""roll"": 4, ""personal_year"": 1869, ""magnitude"": ""Major"", ""tag"": ""Mixed""}",engine,2026-09-08 13:29:26
1314,,relational,confederation,Viscount Benjamin of Bellechasse and Viscount Colby of Trois-Rivières fall out,Season 95 · Viscount Benjamin of Bellechasse and Viscount Colby of Trois-Rivières fall out over a boundary the two houses read differently.,"{""season"": 95, ""marker"": ""Sig\u2212"", ""cause"": ""friction"", ""grievance"": ""a boundary the two houses read differently""}",engine,2026-09-08 13:29:26
1315,,relational,confederation,Viscount Bouchard de Terrebonne corresponds with Baron Gillies of Aurora,Season 95 · Viscount Bouchard de Terrebonne opens a correspondence with Baron Gillies of Aurora.,"{""season"": 95, ""marker"": ""\u25ce""}",engine,2026-09-08 13:29:26
1316,,transfer,confederation,Viscount McLellan of Belfast loses Miramichi—Grand Lake,Season 95 · Viscount McLellan of Belfast gives up Miramichi—Grand Lake (cession).,"{""season"": 95, ""reason"": ""cession"", ""riding"": ""Miramichi\u2014Grand Lake""}",engine,2026-09-08 13:29:26
1317,,relational,confederation,Viscount McLellan of Belfast settles with Earl Forbes of Preston,Season 95 · Viscount McLellan of Belfast settles its grievance with Earl Forbes of Preston by cession.,"{""season"": 95, ""marker"": ""~"", ""ceded"": ""13006""}",engine,2026-09-08 13:29:26
1318,,societal,dominion,Regulation 17,Season 95 · Earl Langelier de Charlevoix meets Regulation 17 and exploits.,"{""season"": 95, ""response"": ""Exploit"", ""roll"": 5, ""personal_year"": 1912, ""magnitude"": ""Major"", ""tag"": ""Conservative""}",engine,2026-09-08 13:29:26
1319,,societal,dominion,Regulation 17,Season 95 · Viscount Patterson of Kennebecasis meets Regulation 17 and resists.,"{""season"": 95, ""response"": ""Resist"", ""roll"": 2, ""personal_year"": 1912, ""magnitude"": ""Major"", ""tag"": ""Conservative""}",engine,2026-09-08 13:29:26
1320,,societal,dominion,Alberta and Saskatchewan Created,Season 95 · Viscount Cameron of Cornwall meets Alberta and Saskatchewan Created and exploits.,"{""season"": 95, ""response"": ""Exploit"", ""roll"": 5, ""personal_year"": 1905, ""magnitude"": ""Significant"", ""tag"": ""Progressive""}",engine,2026-09-08 13:29:26
1321,,relational,dominion,Viscount Cameron of Cornwall corresponds with Baron Lucas of Oakville,Season 95 · Viscount Cameron of Cornwall opens a correspondence with Baron Lucas of Oakville.,"{""season"": 95, ""marker"": ""\u25ce""}",engine,2026-09-08 13:29:26
1322,,expansion,confederation,Baron Byrne of Cooksville takes Taiaiako'n—Parkdale—High Park,Season 95 · Baron Byrne of Cooksville takes Taiaiako'n—Parkdale—High Park.,"{""season"": 95, ""riding"": ""Taiaiako'n\u2014Parkdale\u2014High Park"", ""roll"": 7}",engine,2026-09-08 13:29:26
1323,,societal,dominion,Alberta and Saskatchewan Created,Season 95 · Baron Meagher of Windsor meets Alberta and Saskatchewan Created and exploits.,"{""season"": 95, ""response"": ""Exploit"", ""roll"": 4, ""personal_year"": 1905, ""magnitude"": ""Significant"", ""tag"": ""Progressive""}",engine,2026-09-08 13:29:26
1324,,relational,dominion,Baron Meagher of Windsor corresponds with Baron Gillies of Woburn,Season 95 · Baron Meagher of Windsor opens a correspondence with Baron Gillies of Woburn.,"{""season"": 95, ""marker"": ""+""}",engine,2026-09-08 13:29:26
1325,,relational,confederation,Viscount Marchand de Lac-Saint-Louis corresponds with Baron Meagher of Windsor,Season 95 · Viscount Marchand de Lac-Saint-Louis opens a correspondence with Baron Meagher of Windsor.,"{""season"": 95, ""marker"": ""\u25ce""}",engine,2026-09-08 13:29:26
1326,,relational,confederation,Baron Skye of Belleville corresponds with Earl Meagher of Chatham,Season 95 · Baron Skye of Belleville opens a correspondence with Earl Meagher of Chatham.,"{""season"": 95, ""marker"": ""\u25ce""}",engine,2026-09-08 13:29:26
1327,,other,confederation,Viscount Worts of Milton names an heir,Season 95 · Viscount Worts of Milton names Herbert Worts heir.,"{""season"": 95, ""heir_age"": 15, ""role"": ""heir""}",engine,2026-09-08 13:29:26
1328,,societal,confederation,Death of Sir John A. Macdonald,Season 95 · Baron Fairbanks of Edmonton Griesbach meets Death of Sir John A. Macdonald and resists.,"{""season"": 95, ""response"": ""Resist"", ""roll"": 2, ""personal_year"": 1891, ""magnitude"": ""Minor"", ""tag"": ""Mixed""}",engine,2026-09-08 13:29:26
1329,,societal,confederation,Jesuits' Estates Act Controversy,Season 95 · Viscount Dawes of Bourassa meets Jesuits' Estates Act Controversy and resists.,"{""season"": 95, ""response"": ""Resist"", ""roll"": 2, ""personal_year"": 1888, ""magnitude"": ""Significant"", ""tag"": ""Conservative""}",engine,2026-09-08 13:29:26
1330,,societal,confederation,South African War,Season 95 · Baron Turgeon de St.-Jerome meets South African War and exploits.,"{""season"": 95, ""response"": ""Exploit"", ""roll"": 4, ""personal_year"": 1899, ""magnitude"": ""Major"", ""tag"": ""Conservative""}",engine,2026-09-08 13:29:26
1331,,succession,confederation,Baron Turgeon de St.-Jerome: clean succession,Season 95 · Télesphore Turgeon succeeds to Baron Turgeon de St.-Jerome.,"{""season"": 95, ""nature"": ""clean"", ""cause"": ""death""}",engine,2026-09-08 13:29:26
1332,,expansion,confederation,Baron Turgeon de St.-Jerome takes Vimy,Season 95 · Baron Turgeon de St.-Jerome takes Vimy.,"{""season"": 95, ""riding"": ""Vimy"", ""roll"": 8}",engine,2026-09-08 13:29:26
1333,,societal,confederation,Indian Act,Season 95 · Baron Gillies of Aurora meets Indian Act and exploits.,"{""season"": 95, ""response"": ""Exploit"", ""roll"": 5, ""personal_year"": 1876, ""magnitude"": ""Major"", ""tag"": ""Conservative""}",engine,2026-09-08 13:29:26
1334,,societal,confederation,Confederation Extension (Manitoba Act),Season 95 · Baron Furlong of Émard meets Confederation Extension (Manitoba Act) and leads.,"{""season"": 95, ""response"": ""Lead"", ""roll"": 6, ""personal_year"": 1870, ""magnitude"": ""Major"", ""tag"": ""Mixed""}",engine,2026-09-08 13:29:26
1335,,other,confederation,Baron Furlong of Émard names an heir,Season 95 · Baron Furlong of Émard names Margaret Furlong heir.,"{""season"": 95, ""heir_age"": 10, ""role"": ""heir""}",engine,2026-09-08 13:29:26
1336,,societal,confederation,Montréal Smallpox Epidemic,Season 96 · Baron Stefaniuk of Emerson meets Montréal Smallpox Epidemic and stands aside.,"{""season"": 96, ""response"": ""Neutral"", ""roll"": 0, ""personal_year"": 1885, ""magnitude"": ""Significant"", ""tag"": ""Progressive""}",engine,2026-09-08 13:29:26
1337,,relational,confederation,Baron Stefaniuk of Emerson corresponds with Baron Gillies of Aurora,Season 96 · Baron Stefaniuk of Emerson opens a correspondence with Baron Gillies of Aurora.,"{""season"": 96, ""marker"": ""+""}",engine,2026-09-08 13:29:26
1338,,relational,dominion,Earl Langelier de Charlevoix corresponds with Viscount Colby of Trois-Rivières,Season 96 · Earl Langelier de Charlevoix opens a correspondence with Viscount Colby of Trois-Rivières.,"{""season"": 96, ""marker"": ""\u25ce""}",engine,2026-09-08 13:29:26
1339,,expansion,confederation,Earl Meagher of Chatham takes Parry Sound—Muskoka,Season 96 · Earl Meagher of Chatham takes Parry Sound—Muskoka.,"{""season"": 96, ""riding"": ""Parry Sound\u2014Muskoka"", ""roll"": 7}",engine,2026-09-08 13:29:26
1340,,elevation,confederation,Marquis Forbes of Preston elevated,Season 96 · Earl Forbes of Preston is raised to Marquis.,"{""season"": 96, ""from"": ""Earl"", ""to"": ""Marquis""}",engine,2026-09-08 13:29:26
1341,,relational,dominion,Viscount Bird of Winnipeg and Baron Fairbanks of Edmonton Griesbach form a compact,Season 96 · Viscount Bird of Winnipeg and Baron Fairbanks of Edmonton Griesbach enter into a compact.,"{""season"": 96, ""marker"": ""\u25c9+""}",engine,2026-09-08 13:29:26
1342,,societal,confederation,South African War,Season 96 · Baron Cardinal of Steinbach meets South African War and resists.,"{""season"": 96, ""response"": ""Resist"", ""roll"": 2, ""personal_year"": 1899, ""magnitude"": ""Major"", ""tag"": ""Conservative""}",engine,2026-09-08 13:29:26
1343,,societal,dominion,Vancouver Anti-Asian Riots,Season 96 · Baron Rouleau de LaSalle meets Vancouver Anti-Asian Riots and resists.,"{""season"": 96, ""response"": ""Resist"", ""roll"": 2, ""personal_year"": 1907, ""magnitude"": ""Significant"", ""tag"": ""Conservative""}",engine,2026-09-08 13:29:26
1344,,relational,dominion,Baron Rouleau de LaSalle corresponds with Viscount Colby of Trois-Rivières,Season 96 · Baron Rouleau de LaSalle opens a correspondence with Viscount Colby of Trois-Rivières.,"{""season"": 96, ""marker"": ""+""}",engine,2026-09-08 13:29:26
1345,,societal,confederation,Last Spike at Craigellachie,Season 96 · Baron Byrne of Cooksville meets Last Spike at Craigellachie and exploits.,"{""season"": 96, ""response"": ""Exploit"", ""roll"": 4, ""personal_year"": 1885, ""magnitude"": ""Significant"", ""tag"": ""Mixed""}",engine,2026-09-08 13:29:26
1346,,expansion,confederation,Baron Byrne of Cooksville takes Davenport,Season 96 · Baron Byrne of Cooksville takes Davenport.,"{""season"": 96, ""riding"": ""Davenport"", ""roll"": 8}",engine,2026-09-08 13:29:26
1347,,societal,confederation,South African War,Season 96 · Baron Proulx de Cumberland meets South African War and leads.,"{""season"": 96, ""response"": ""Lead"", ""roll"": 6, ""personal_year"": 1899, ""magnitude"": ""Major"", ""tag"": ""Conservative""}",engine,2026-09-08 13:29:26
1348,,expansion,confederation,Viscount Worts of Milton takes Dufferin—Caledon,Season 96 · Viscount Worts of Milton takes Dufferin—Caledon.,"{""season"": 96, ""riding"": ""Dufferin\u2014Caledon"", ""roll"": 8}",engine,2026-09-08 13:29:26
1349,,expansion,confederation,Baron Fairbanks of Edmonton Griesbach takes Lakeland,Season 96 · Baron Fairbanks of Edmonton Griesbach takes Lakeland.,"{""season"": 96, ""riding"": ""Lakeland"", ""roll"": 9}",engine,2026-09-08 13:29:26
1350,,relational,confederation,Baron Wallace of Hespeler corresponds with Baron Turgeon de St.-Jerome,Season 96 · Baron Wallace of Hespeler opens a correspondence with Baron Turgeon de St.-Jerome.,"{""season"": 96, ""marker"": ""\u25ce""}",engine,2026-09-08 13:29:26
1351,,societal,confederation,British Columbia Joins; Treaty 1 Signed,Season 96 · Baron Furlong of Émard meets British Columbia Joins; Treaty 1 Signed and exploits.,"{""season"": 96, ""response"": ""Exploit"", ""roll"": 5, ""personal_year"": 1871, ""magnitude"": ""Significant"", ""tag"": ""Mixed""}",engine,2026-09-08 13:29:26
1352,,relational,confederation,Baron Furlong of Émard corresponds with Baron Gillies of Aurora,Season 96 · Baron Furlong of Émard opens a correspondence with Baron Gillies of Aurora.,"{""season"": 96, ""marker"": ""\u25ce""}",engine,2026-09-08 13:29:26
1353,,relational,confederation,Viscount Elliott of Glengarry corresponds with Baron Hoover of Simcoe,Season 97 · Viscount Elliott of Glengarry opens a correspondence with Baron Hoover of Simcoe.,"{""season"": 97, ""marker"": ""\u25c9+""}",engine,2026-09-08 13:29:26
1354,,societal,confederation,Laurier Elected,Season 97 · Viscount Benjamin of Bellechasse meets Laurier Elected and exploits.,"{""season"": 97, ""response"": ""Exploit"", ""roll"": 4, ""personal_year"": 1896, ""magnitude"": ""Significant"", ""tag"": ""Progressive""}",engine,2026-09-08 13:29:26
1355,,expansion,confederation,Viscount Benjamin of Bellechasse takes Mégantic—L’Érable—Lotbinière,Season 97 · Viscount Benjamin of Bellechasse takes Mégantic—L’Érable—Lotbinière.,"{""season"": 97, ""riding"": ""M\u00e9gantic\u2014L\u2019\u00c9rable\u2014Lotbini\u00e8re"", ""roll"": 10}",engine,2026-09-08 13:29:26
1356,,societal,dominion,Komagata Maru,Season 97 · Earl Langelier de Charlevoix meets Komagata Maru and exploits.,"{""season"": 97, ""response"": ""Exploit"", ""roll"": 5, ""personal_year"": 1914, ""magnitude"": ""Major"", ""tag"": ""Conservative""}",engine,2026-09-08 13:29:26
1357,,other,confederation,Earl Meagher of Chatham names an heir,Season 97 · Earl Meagher of Chatham names Kathleen Meagher heir.,"{""season"": 97, ""heir_age"": 19, ""role"": ""heir""}",engine,2026-09-08 13:29:26
1358,,relational,confederation,Marquis Forbes of Preston corresponds with Baron Rouleau de LaSalle,Season 97 · Marquis Forbes of Preston opens a correspondence with Baron Rouleau de LaSalle.,"{""season"": 97, ""marker"": ""+""}",engine,2026-09-08 13:29:26
1359,,societal,dominion,Komagata Maru,Season 97 · Viscount Patterson of Kennebecasis meets Komagata Maru and leads.,"{""season"": 97, ""response"": ""Lead"", ""roll"": 6, ""personal_year"": 1914, ""magnitude"": ""Major"", ""tag"": ""Conservative""}",engine,2026-09-08 13:29:26
1360,,societal,dominion,Vancouver Anti-Asian Riots,Season 97 · Viscount Cameron of Cornwall meets Vancouver Anti-Asian Riots and leads.,"{""season"": 97, ""response"": ""Lead"", ""roll"": 6, ""personal_year"": 1907, ""magnitude"": ""Significant"", ""tag"": ""Conservative""}",engine,2026-09-08 13:29:26
1361,,relational,dominion,Baron Cardinal of Steinbach corresponds with Viscount Bouchard de Terrebonne,Season 97 · Baron Cardinal of Steinbach opens a correspondence with Viscount Bouchard de Terrebonne.,"{""season"": 97, ""marker"": ""\u25ce""}",engine,2026-09-08 13:29:26
1362,,relational,confederation,Viscount Hendrie of Brampton corresponds with Baron Skye of Belleville,Season 97 · Viscount Hendrie of Brampton opens a correspondence with Baron Skye of Belleville.,"{""season"": 97, ""marker"": ""\u25ce""}",engine,2026-09-08 13:29:26
1363,,societal,dominion,Vancouver Anti-Asian Riots,Season 97 · Baron Meagher of Windsor meets Vancouver Anti-Asian Riots and resists.,"{""season"": 97, ""response"": ""Resist"", ""roll"": 2, ""personal_year"": 1907, ""magnitude"": ""Significant"", ""tag"": ""Conservative""}",engine,2026-09-08 13:29:26
1364,,relational,dominion,Baron Meagher of Windsor corresponds with Viscount Marchand de Lac-Saint-Louis,Season 97 · Baron Meagher of Windsor opens a correspondence with Viscount Marchand de Lac-Saint-Louis.,"{""season"": 97, ""marker"": ""+""}",engine,2026-09-08 13:29:26
1365,,expansion,confederation,Viscount Worts of Milton takes Vaughan—Woodbridge,Season 97 · Viscount Worts of Milton takes Vaughan—Woodbridge.,"{""season"": 97, ""riding"": ""Vaughan\u2014Woodbridge"", ""roll"": 10}",engine,2026-09-08 13:29:26
1366,,societal,confederation,Canadian Pacific Railway Chartered,Season 97 · Baron Lucas of Oakville meets Canadian Pacific Railway Chartered and exploits.,"{""season"": 97, ""response"": ""Exploit"", ""roll"": 5, ""personal_year"": 1881, ""magnitude"": ""Significant"", ""tag"": ""Mixed""}",engine,2026-09-08 13:29:26
1367,,societal,confederation,Manitoba Schools Question,Season 97 · Viscount Dawes of Bourassa meets Manitoba Schools Question and resists.,"{""season"": 97, ""response"": ""Resist"", ""roll"": 3, ""personal_year"": 1890, ""magnitude"": ""Major"", ""tag"": ""Conservative""}",engine,2026-09-08 13:29:26
1368,,relational,confederation,Viscount Dawes of Bourassa corresponds with Viscount Worts of Milton,Season 97 · Viscount Dawes of Bourassa opens a correspondence with Viscount Worts of Milton.,"{""season"": 97, ""marker"": ""+""}",engine,2026-09-08 13:29:26
1369,,societal,confederation,Jesuits' Estates Act Controversy,Season 97 · Baron Wallace of Hespeler meets Jesuits' Estates Act Controversy and exploits.,"{""season"": 97, ""response"": ""Exploit"", ""roll"": 4, ""personal_year"": 1888, ""magnitude"": ""Significant"", ""tag"": ""Conservative""}",engine,2026-09-08 13:29:26
1370,,societal,confederation,National Policy,Season 97 · Baron Gillies of Aurora meets National Policy and exploits.,"{""season"": 97, ""response"": ""Exploit"", ""roll"": 5, ""personal_year"": 1878, ""magnitude"": ""Significant"", ""tag"": ""Conservative""}",engine,2026-09-08 13:29:26
1371,,relational,confederation,Baron Gillies of Aurora corresponds with Viscount Bouchard de Terrebonne,Season 97 · Baron Gillies of Aurora opens a correspondence with Viscount Bouchard de Terrebonne.,"{""season"": 97, ""marker"": ""+""}",engine,2026-09-08 13:29:26
1372,,relational,confederation,Baron Stefaniuk of Emerson corresponds with Viscount Mercier de Rimouski,Season 98 · Baron Stefaniuk of Emerson opens a correspondence with Viscount Mercier de Rimouski.,"{""season"": 98, ""marker"": ""~""}",engine,2026-09-08 13:29:26
1373,,societal,confederation,Diamond Jubilee,Season 98 · Viscount Benjamin of Bellechasse meets Diamond Jubilee and resists.,"{""season"": 98, ""response"": ""Resist"", ""roll"": 2, ""personal_year"": 1897, ""magnitude"": ""Minor"", ""tag"": ""Conservative""}",engine,2026-09-08 13:29:26
1374,,societal,confederation,Klondike Gold Rush,Season 98 · Viscount Mercier de Rimouski meets Klondike Gold Rush and exploits.,"{""season"": 98, ""response"": ""Exploit"", ""roll"": 5, ""personal_year"": 1897, ""magnitude"": ""Significant"", ""tag"": ""Mixed""}",engine,2026-09-08 13:29:26
1375,,relational,confederation,Baron Hoover of Simcoe and Baron Skye of Belleville form a compact,Season 98 · Baron Hoover of Simcoe and Baron Skye of Belleville enter into a compact.,"{""season"": 98, ""marker"": ""\u25c9+""}",engine,2026-09-08 13:29:26
1376,,expansion,confederation,Viscount Bhullar of Nanaimo takes Northwest Territories,Season 98 · Viscount Bhullar of Nanaimo takes Northwest Territories.,"{""season"": 98, ""riding"": ""Northwest Territories"", ""roll"": 7}",engine,2026-09-08 13:29:26
1377,,succession,confederation,Baron Byrne of Cooksville: clean succession,Season 98 · Owen Byrne succeeds to Baron Byrne of Cooksville.,"{""season"": 98, ""nature"": ""clean"", ""cause"": ""death""}",engine,2026-09-08 13:29:26
1378,,succession,dominion,Baron Meagher of Windsor: clean succession,Season 98 · Brendan Meagher succeeds to Baron Meagher of Windsor.,"{""season"": 98, ""nature"": ""clean"", ""cause"": ""death""}",engine,2026-09-08 13:29:26
1379,,other,confederation,Baron Meagher of Windsor names an heir,Season 98 · Baron Meagher of Windsor names Catherine Meagher heir.,"{""season"": 98, ""heir_age"": 23, ""role"": ""heir""}",engine,2026-09-08 13:29:26
1380,,relational,confederation,Viscount Worts of Milton corresponds with Viscount Colby of Trois-Rivières,Season 98 · Viscount Worts of Milton opens a correspondence with Viscount Colby of Trois-Rivières.,"{""season"": 98, ""marker"": ""+""}",engine,2026-09-08 13:29:26
1381,,relational,confederation,Viscount Colby of Trois-Rivières and Earl Hays of Beloeil are joined by marriage,"Season 98 · John Colby marries Moses Hays, binding Viscount Colby of Trois-Rivières to Earl Hays of Beloeil.","{""season"": 98, ""marker"": ""kin""}",engine,2026-09-08 13:29:26
1382,,other,confederation,Baron Lucas of Oakville endows an institution,Season 98 · Baron Lucas of Oakville endows an institution.,"{""season"": 98}",engine,2026-09-08 13:29:26
1383,,societal,confederation,Death of Sir John A. Macdonald,Season 98 · Viscount Dawes of Bourassa meets Death of Sir John A. Macdonald and resists.,"{""season"": 98, ""response"": ""Resist"", ""roll"": 3, ""personal_year"": 1891, ""magnitude"": ""Minor"", ""tag"": ""Mixed""}",engine,2026-09-08 13:29:26
1384,,expansion,confederation,Baron Wallace of Hespeler takes Bruce—Grey—Owen Sound,Season 98 · Baron Wallace of Hespeler takes Bruce—Grey—Owen Sound.,"{""season"": 98, ""riding"": ""Bruce\u2014Grey\u2014Owen Sound"", ""roll"": 7}",engine,2026-09-08 13:29:26
1385,,expansion,confederation,Baron Turgeon de St.-Jerome takes Rivière-des-Mille-Îles,Season 98 · Baron Turgeon de St.-Jerome takes Rivière-des-Mille-Îles.,"{""season"": 98, ""riding"": ""Rivi\u00e8re-des-Mille-\u00celes"", ""roll"": 10}",engine,2026-09-08 13:29:26
1386,,societal,confederation,Pacific Scandal,Season 98 · Baron Furlong of Émard meets Pacific Scandal and exploits.,"{""season"": 98, ""response"": ""Exploit"", ""roll"": 4, ""personal_year"": 1873, ""magnitude"": ""Significant"", ""tag"": ""Progressive""}",engine,2026-09-08 13:29:26
1387,,relational,confederation,Viscount Benjamin of Bellechasse and Earl Langelier de Charlevoix fall out,Season 99 · Viscount Benjamin of Bellechasse and Earl Langelier de Charlevoix fall out over a boundary the two houses read differently.,"{""season"": 99, ""marker"": ""Sig\u2212"", ""cause"": ""friction"", ""grievance"": ""a boundary the two houses read differently""}",engine,2026-09-08 13:29:26
1388,,other,confederation,Viscount Bouchard de Terrebonne names an heir,Season 99 · Viscount Bouchard de Terrebonne names Blanche Bouchard heir.,"{""season"": 99, ""heir_age"": 19, ""role"": ""heir""}",engine,2026-09-08 13:29:26
1389,,succession,confederation,Viscount McLellan of Belfast: disorderly succession,Season 99 · Viscount McLellan of Belfast passes in disorder to Flora McLellan.,"{""season"": 99, ""nature"": ""disorderly"", ""cause"": ""death""}",engine,2026-09-08 13:29:26
1390,,relational,confederation,Viscount McLellan of Belfast falls out with Marquis Forbes of Preston,,"{""season"": 99, ""marker"": ""Sig\u2212"", ""cause"": ""disorderly succession""}",engine,2026-09-08 13:29:26
1391,,societal,dominion,Prairie Women's Suffrage,Season 99 · Earl Langelier de Charlevoix meets Prairie Women's Suffrage and leads.,"{""season"": 99, ""response"": ""Lead"", ""roll"": 7, ""personal_year"": 1916, ""magnitude"": ""Significant"", ""tag"": ""Progressive""}",engine,2026-09-08 13:29:26
1392,,relational,dominion,Earl Langelier de Charlevoix loses a dispute with Viscount Benjamin of Bellechasse,Season 99 · Earl Langelier de Charlevoix presses a claim against Viscount Benjamin of Bellechasse and is rebuffed.,"{""season"": 99, ""outcome"": ""lost""}",engine,2026-09-08 13:29:26
1393,,other,confederation,Baron Hoover of Simcoe names an heir,Season 99 · Baron Hoover of Simcoe names Wilhelm Hoover heir.,"{""season"": 99, ""heir_age"": 35, ""role"": ""heir""}",engine,2026-09-08 13:29:26
1394,,societal,dominion,Prairie Women's Suffrage,Season 99 · Viscount Patterson of Kennebecasis meets Prairie Women's Suffrage and stands aside.,"{""season"": 99, ""response"": ""Neutral"", ""roll"": 1, ""personal_year"": 1916, ""magnitude"": ""Significant"", ""tag"": ""Progressive""}",engine,2026-09-08 13:29:26
1395,,relational,dominion,Viscount Patterson of Kennebecasis corresponds with Viscount McLellan of Belfast,Season 99 · Viscount Patterson of Kennebecasis opens a correspondence with Viscount McLellan of Belfast.,"{""season"": 99, ""marker"": ""+""}",engine,2026-09-08 13:29:26
1396,,relational,dominion,Viscount Bird of Winnipeg corresponds with Baron Lucas of Oakville,Season 99 · Viscount Bird of Winnipeg opens a correspondence with Baron Lucas of Oakville.,"{""season"": 99, ""marker"": ""\u25ce""}",engine,2026-09-08 13:29:26
1397,,societal,dominion,Naval Service Act,Season 99 · Baron Rouleau de LaSalle meets Naval Service Act and leads.,"{""season"": 99, ""response"": ""Lead"", ""roll"": 6, ""personal_year"": 1910, ""magnitude"": ""Significant"", ""tag"": ""Mixed""}",engine,2026-09-08 13:29:26
1398,,relational,confederation,Baron Pegahmagabow of Wawa corresponds with Baron Turgeon de St.-Jerome,Season 99 · Baron Pegahmagabow of Wawa opens a correspondence with Baron Turgeon de St.-Jerome.,"{""season"": 99, ""marker"": ""\u25ce""}",engine,2026-09-08 13:29:26
1399,,succession,confederation,Baron Byrne of Cooksville: disorderly succession,Season 99 · Baron Byrne of Cooksville passes in disorder to Johanna Byrne.,"{""season"": 99, ""nature"": ""disorderly"", ""cause"": ""death""}",engine,2026-09-08 13:29:26
1400,,relational,confederation,Baron Meagher of Windsor corresponds with Baron Rouleau de LaSalle,Season 99 · Baron Meagher of Windsor opens a correspondence with Baron Rouleau de LaSalle.,"{""season"": 99, ""marker"": ""\u25ce""}",engine,2026-09-08 13:29:26
1401,,relational,confederation,Viscount Marchand de Lac-Saint-Louis corresponds with Baron Wallace of Hespeler,Season 99 · Viscount Marchand de Lac-Saint-Louis opens a correspondence with Baron Wallace of Hespeler.,"{""season"": 99, ""marker"": ""\u25ce""}",engine,2026-09-08 13:29:26
1402,,societal,confederation,Manitoba Schools Question,Season 99 · Viscount Colby of Trois-Rivières meets Manitoba Schools Question and exploits.,"{""season"": 99, ""response"": ""Exploit"", ""roll"": 5, ""personal_year"": 1890, ""magnitude"": ""Major"", ""tag"": ""Conservative""}",engine,2026-09-08 13:29:26
1403,,relational,confederation,Viscount Colby of Trois-Rivières corresponds with Earl Langelier de Charlevoix,Season 99 · Viscount Colby of Trois-Rivières opens a correspondence with Earl Langelier de Charlevoix.,"{""season"": 99, ""marker"": ""+""}",engine,2026-09-08 13:29:26
1404,,societal,confederation,Laurier Elected,Season 99 · Baron Gillies of Woburn meets Laurier Elected and stands aside.,"{""season"": 99, ""response"": ""Neutral"", ""roll"": 0, ""personal_year"": 1896, ""magnitude"": ""Significant"", ""tag"": ""Progressive""}",engine,2026-09-08 13:29:26
1405,,societal,confederation,CPR Strike,Season 99 · Baron Lucas of Oakville meets CPR Strike and exploits.,"{""season"": 99, ""response"": ""Exploit"", ""roll"": 4, ""personal_year"": 1883, ""magnitude"": ""Significant"", ""tag"": ""Mixed""}",engine,2026-09-08 13:29:26
1406,,societal,confederation,Manitoba Schools Question,Season 99 · Baron Wallace of Hespeler meets Manitoba Schools Question and resists.,"{""season"": 99, ""response"": ""Resist"", ""roll"": 2, ""personal_year"": 1890, ""magnitude"": ""Major"", ""tag"": ""Conservative""}",engine,2026-09-08 13:29:26
1407,,societal,confederation,Long Depression Reaches Canada,Season 99 · Baron Furlong of Émard meets Long Depression Reaches Canada and exploits.,"{""season"": 99, ""response"": ""Exploit"", ""roll"": 5, ""personal_year"": 1874, ""magnitude"": ""Major"", ""tag"": ""Conservative""}",engine,2026-09-08 13:29:26
1408,,relational,confederation,Baron Stefaniuk of Emerson corresponds with Baron Proulx de Cumberland,Season 100 · Baron Stefaniuk of Emerson opens a correspondence with Baron Proulx de Cumberland.,"{""season"": 100, ""marker"": ""\u25ce""}",engine,2026-09-08 13:29:26
1409,,societal,confederation,South African War,Season 100 · Viscount Benjamin of Bellechasse meets South African War and resists.,"{""season"": 100, ""response"": ""Resist"", ""roll"": 2, ""personal_year"": 1899, ""magnitude"": ""Major"", ""tag"": ""Conservative""}",engine,2026-09-08 13:29:26
1410,,relational,confederation,Viscount Mercier de Rimouski corresponds with Baron Gillies of Woburn,Season 100 · Viscount Mercier de Rimouski opens a correspondence with Baron Gillies of Woburn.,"{""season"": 100, ""marker"": ""\u25ce""}",engine,2026-09-08 13:29:26
1411,,elevation,confederation,Earl Bouchard de Terrebonne elevated,Season 100 · Viscount Bouchard de Terrebonne is raised to Earl.,"{""season"": 100, ""from"": ""Viscount"", ""to"": ""Earl""}",engine,2026-09-08 13:29:26
1412,,relational,confederation,Viscount McLellan of Belfast and Viscount Colby of Trois-Rivières form a compact,Season 100 · Viscount McLellan of Belfast and Viscount Colby of Trois-Rivières enter into a compact.,"{""season"": 100, ""marker"": ""\u25c9+""}",engine,2026-09-08 13:29:26
1413,,relational,confederation,Baron Cornwall of Steveston corresponds with Viscount Bhullar of Nanaimo,Season 100 · Baron Cornwall of Steveston opens a correspondence with Viscount Bhullar of Nanaimo.,"{""season"": 100, ""marker"": ""kin""}",engine,2026-09-08 13:29:26
1414,,societal,dominion,Halifax Explosion,Season 100 · Earl Langelier de Charlevoix meets Halifax Explosion and exploits.,"{""season"": 100, ""response"": ""Exploit"", ""roll"": 5, ""personal_year"": 1917, ""magnitude"": ""Major"", ""tag"": ""Mixed""}",engine,2026-09-08 13:29:26
1415,,other,dominion,Earl Langelier de Charlevoix endows an institution,Season 100 · Earl Langelier de Charlevoix endows an institution.,"{""season"": 100}",engine,2026-09-08 13:29:26
1416,,relational,confederation,Marquis Forbes of Preston and Earl Bouchard de Terrebonne are joined by marriage,"Season 100 · Alexander Forbes marries Blanche Bouchard, binding Marquis Forbes of Preston to Earl Bouchard de Terrebonne.","{""season"": 100, ""marker"": ""kin""}",engine,2026-09-08 13:29:26
1417,,elevation,confederation,Viscount Rochon de Rosedale elevated,Season 100 · Baron Rochon de Rosedale is raised to Viscount.,"{""season"": 100, ""from"": ""Baron"", ""to"": ""Viscount""}",engine,2026-09-08 13:29:26
1418,,societal,dominion,Conscription Crisis,Season 100 · Viscount Patterson of Kennebecasis meets Conscription Crisis and resists.,"{""season"": 100, ""response"": ""Resist"", ""roll"": 2, ""personal_year"": 1917, ""magnitude"": ""Major"", ""tag"": ""Mixed""}",engine,2026-09-08 13:29:26
1419,,elevation,dominion,Earl Patterson of Kennebecasis elevated,Season 100 · Viscount Patterson of Kennebecasis is raised to Earl.,"{""season"": 100, ""from"": ""Viscount"", ""to"": ""Earl""}",engine,2026-09-08 13:29:26
1420,,societal,dominion,Naval Service Act,Season 100 · Viscount Cameron of Cornwall meets Naval Service Act and leads.,"{""season"": 100, ""response"": ""Lead"", ""roll"": 6, ""personal_year"": 1910, ""magnitude"": ""Significant"", ""tag"": ""Mixed""}",engine,2026-09-08 13:29:26
1421,,societal,dominion,Alaska Boundary Award,Season 100 · Baron Cardinal of Steinbach meets Alaska Boundary Award and resists.,"{""season"": 100, ""response"": ""Resist"", ""roll"": 2, ""personal_year"": 1903, ""magnitude"": ""Minor"", ""tag"": ""Mixed""}",engine,2026-09-08 13:29:26
1422,,societal,dominion,Reciprocity Election,Season 100 · Baron Rouleau de LaSalle meets Reciprocity Election and exploits.,"{""season"": 100, ""response"": ""Exploit"", ""roll"": 4, ""personal_year"": 1911, ""magnitude"": ""Significant"", ""tag"": ""Conservative""}",engine,2026-09-08 13:29:26
1423,,relational,confederation,Viscount Hendrie of Brampton and Viscount Cameron of Cornwall form a compact,Season 100 · Viscount Hendrie of Brampton and Viscount Cameron of Cornwall enter into a compact.,"{""season"": 100, ""marker"": ""\u25c9+""}",engine,2026-09-08 13:29:26
1424,,societal,confederation,Diamond Jubilee,Season 100 · Baron Pegahmagabow of Wawa meets Diamond Jubilee and stands aside.,"{""season"": 100, ""response"": ""Neutral"", ""roll"": 1, ""personal_year"": 1897, ""magnitude"": ""Minor"", ""tag"": ""Conservative""}",engine,2026-09-08 13:29:26
1425,,relational,confederation,Viscount Marchand de Lac-Saint-Louis corresponds with Baron Wallace of Hespeler,Season 100 · Viscount Marchand de Lac-Saint-Louis opens a correspondence with Baron Wallace of Hespeler.,"{""season"": 100, ""marker"": ""+""}",engine,2026-09-08 13:29:26
1426,,societal,dominion,Alaska Boundary Award,Season 100 · Baron Proulx de Cumberland meets Alaska Boundary Award and exploits.,"{""season"": 100, ""response"": ""Exploit"", ""roll"": 4, ""personal_year"": 1903, ""magnitude"": ""Minor"", ""tag"": ""Mixed""}",engine,2026-09-08 13:29:26
1427,,societal,confederation,Death of Sir John A. Macdonald,Season 100 · Viscount Colby of Trois-Rivières meets Death of Sir John A. Macdonald and resists.,"{""season"": 100, ""response"": ""Resist"", ""roll"": 3, ""personal_year"": 1891, ""magnitude"": ""Minor"", ""tag"": ""Mixed""}",engine,2026-09-08 13:29:26
1428,,societal,confederation,Klondike Gold Rush,Season 100 · Baron Gillies of Woburn meets Klondike Gold Rush and exploits.,"{""season"": 100, ""response"": ""Exploit"", ""roll"": 4, ""personal_year"": 1897, ""magnitude"": ""Significant"", ""tag"": ""Mixed""}",engine,2026-09-08 13:29:26
1429,,societal,confederation,Laurier Elected,Season 100 · Baron Fairbanks of Edmonton Griesbach meets Laurier Elected and resists.,"{""season"": 100, ""response"": ""Resist"", ""roll"": 2, ""personal_year"": 1896, ""magnitude"": ""Significant"", ""tag"": ""Progressive""}",engine,2026-09-08 13:29:26
1430,,societal,confederation,Death of Sir John A. Macdonald,Season 100 · Baron Wallace of Hespeler meets Death of Sir John A. Macdonald and exploits.,"{""season"": 100, ""response"": ""Exploit"", ""roll"": 4, ""personal_year"": 1891, ""magnitude"": ""Minor"", ""tag"": ""Mixed""}",engine,2026-09-08 13:29:26
1431,,societal,confederation,Canadian Pacific Railway Chartered,Season 100 · Baron Gillies of Aurora meets Canadian Pacific Railway Chartered and exploits.,"{""season"": 100, ""response"": ""Exploit"", ""roll"": 5, ""personal_year"": 1881, ""magnitude"": ""Significant"", ""tag"": ""Mixed""}",engine,2026-09-08 13:29:26
1432,,founding,confederation,Earl Beauvais of Charles-LeMoyne founded,"Season 100 · Earl Beauvais of Charles-LeMoyne is created, seated at Longueuil—Charles-LeMoyne.","{""season"": 100, ""stats"": {""capital"": 47, ""influence"": 48, ""cohesion"": 68, ""ambition"": 8}, ""community"": ""Huron-Wendat and Kanien'keh\u00e1:ka"", ""tag"": ""Progressive""}",engine,2026-09-08 13:29:26
1433,,relational,dominion,Viscount Benjamin of Bellechasse and Baron Turgeon de St.-Jerome fall out,Season 101 · Viscount Benjamin of Bellechasse and Baron Turgeon de St.-Jerome fall out over a slighted marriage between the two houses.,"{""season"": 101, ""marker"": ""Sig\u2212"", ""cause"": ""friction"", ""grievance"": ""a slighted marriage between the two houses""}",engine,2026-09-08 13:29:26
1434,,relational,confederation,Viscount Wallace of Perth corresponds with Baron Wallace of Hespeler,Season 101 · Viscount Wallace of Perth opens a correspondence with Baron Wallace of Hespeler.,"{""season"": 101, ""marker"": ""kin""}",engine,2026-09-08 13:29:26
1435,,relational,confederation,Baron Stefaniuk of Emerson corresponds with Baron Proulx de Cumberland,Season 101 · Baron Stefaniuk of Emerson opens a correspondence with Baron Proulx de Cumberland.,"{""season"": 101, ""marker"": ""+""}",engine,2026-09-08 13:29:26
1436,,societal,dominion,Spanish Influenza,Season 101 · Earl Langelier de Charlevoix meets Spanish Influenza and resists.,"{""season"": 101, ""response"": ""Resist"", ""roll"": 3, ""personal_year"": 1918, ""magnitude"": ""Significant"", ""tag"": ""Global""}",engine,2026-09-08 13:29:26
1437,,societal,dominion,Spanish Influenza,Season 101 · Earl Patterson of Kennebecasis meets Spanish Influenza and exploits.,"{""season"": 101, ""response"": ""Exploit"", ""roll"": 5, ""personal_year"": 1918, ""magnitude"": ""Significant"", ""tag"": ""Global""}",engine,2026-09-08 13:29:26
1438,,succession,dominion,Earl Patterson of Kennebecasis: clean succession,Season 101 · Farquhar Patterson succeeds to Earl Patterson of Kennebecasis.,"{""season"": 101, ""nature"": ""clean"", ""cause"": ""death""}",engine,2026-09-08 13:29:26
1439,,relational,confederation,Earl Patterson of Kennebecasis corresponds with Viscount Worts of Milton,Season 101 · Earl Patterson of Kennebecasis opens a correspondence with Viscount Worts of Milton.,"{""season"": 101, ""marker"": ""\u25ce""}",engine,2026-09-08 13:29:26
1440,,societal,dominion,Reciprocity Election,Season 101 · Viscount Cameron of Cornwall meets Reciprocity Election and exploits.,"{""season"": 101, ""response"": ""Exploit"", ""roll"": 5, ""personal_year"": 1911, ""magnitude"": ""Significant"", ""tag"": ""Conservative""}",engine,2026-09-08 13:29:26
1441,,expansion,dominion,Viscount Cameron of Cornwall takes Pickering—Brooklin,Season 101 · Viscount Cameron of Cornwall takes Pickering—Brooklin.,"{""season"": 101, ""riding"": ""Pickering\u2014Brooklin"", ""roll"": 9}",engine,2026-09-08 13:29:26
1442,,societal,dominion,Regulation 17,Season 101 · Baron Rouleau de LaSalle meets Regulation 17 and stands aside.,"{""season"": 101, ""response"": ""Neutral"", ""roll"": 1, ""personal_year"": 1912, ""magnitude"": ""Major"", ""tag"": ""Conservative""}",engine,2026-09-08 13:29:26
1443,,relational,confederation,Baron Meagher of Windsor corresponds with Baron Rouleau de LaSalle,Season 101 · Baron Meagher of Windsor opens a correspondence with Baron Rouleau de LaSalle.,"{""season"": 101, ""marker"": ""+""}",engine,2026-09-08 13:29:26
1444,,relational,confederation,Viscount Marchand de Lac-Saint-Louis and Viscount Dawes of Bourassa form a compact,Season 101 · Viscount Marchand de Lac-Saint-Louis and Viscount Dawes of Bourassa enter into a compact.,"{""season"": 101, ""marker"": ""\u25c9+""}",engine,2026-09-08 13:29:26
1445,,societal,confederation,Klondike Gold Rush,Season 101 · Baron Fairbanks of Edmonton Griesbach meets Klondike Gold Rush and resists.,"{""season"": 101, ""response"": ""Resist"", ""roll"": 3, ""personal_year"": 1897, ""magnitude"": ""Significant"", ""tag"": ""Mixed""}",engine,2026-09-08 13:29:26
1446,,relational,confederation,Baron Fairbanks of Edmonton Griesbach corresponds with Viscount Bhullar of Nanaimo,Season 101 · Baron Fairbanks of Edmonton Griesbach opens a correspondence with Viscount Bhullar of Nanaimo.,"{""season"": 101, ""marker"": ""\u25c9+""}",engine,2026-09-08 13:29:26
1447,,societal,confederation,Chinese Immigration Act,Season 101 · Baron Lucas of Oakville meets Chinese Immigration Act and exploits.,"{""season"": 101, ""response"": ""Exploit"", ""roll"": 4, ""personal_year"": 1885, ""magnitude"": ""Significant"", ""tag"": ""Conservative""}",engine,2026-09-08 13:29:26
1448,,relational,confederation,Baron Lucas of Oakville corresponds with Viscount Bird of Winnipeg,Season 101 · Baron Lucas of Oakville opens a correspondence with Viscount Bird of Winnipeg.,"{""season"": 101, ""marker"": ""+""}",engine,2026-09-08 13:29:26
1449,,relational,confederation,Viscount Dawes of Bourassa corresponds with Baron Lucas of Oakville,Season 101 · Viscount Dawes of Bourassa opens a correspondence with Baron Lucas of Oakville.,"{""season"": 101, ""marker"": ""\u25ce""}",engine,2026-09-08 13:29:26
1450,,other,confederation,Baron Gillies of Aurora names an heir,Season 101 · Baron Gillies of Aurora names Jean Gillies heir.,"{""season"": 101, ""heir_age"": 50, ""role"": ""heir""}",engine,2026-09-08 13:29:26
1451,,societal,confederation,Indian Act,Season 101 · Baron Furlong of Émard meets Indian Act and exploits.,"{""season"": 101, ""response"": ""Exploit"", ""roll"": 5, ""personal_year"": 1876, ""magnitude"": ""Major"", ""tag"": ""Conservative""}",engine,2026-09-08 13:29:26
1452,,other,confederation,Baron Furlong of Émard endows an institution,Season 101 · Baron Furlong of Émard endows an institution.,"{""season"": 101}",engine,2026-09-08 13:29:26
1453,,founding,confederation,Viscount Smoke of Barrie founded,"Season 101 · Viscount Smoke of Barrie is created, seated at Barrie South—Innisfil.","{""season"": 101, ""stats"": {""capital"": 51, ""influence"": 45, ""cohesion"": 70, ""ambition"": 7}, ""community"": ""Haudenosaunee"", ""tag"": ""Progressive""}",engine,2026-09-08 13:29:26
1454,,expansion,confederation,Baron Stefaniuk of Emerson takes Regina—Wascana,Season 102 · Baron Stefaniuk of Emerson takes Regina—Wascana.,"{""season"": 102, ""riding"": ""Regina\u2014Wascana"", ""roll"": 9}",engine,2026-09-08 13:29:26
1455,,other,confederation,Baron Cornwall of Steveston names an heir,Season 102 · Baron Cornwall of Steveston names Anne Cornwall heir.,"{""season"": 102, ""heir_age"": 36, ""role"": ""heir""}",engine,2026-09-08 13:29:26
1456,,societal,dominion,Winnipeg General Strike,Season 102 · Earl Langelier de Charlevoix meets Winnipeg General Strike and exploits.,"{""season"": 102, ""response"": ""Exploit"", ""roll"": 5, ""personal_year"": 1919, ""magnitude"": ""Major"", ""tag"": ""Mixed""}",engine,2026-09-08 13:29:26
1457,,succession,dominion,Earl Langelier de Charlevoix: clean succession,Season 102 · Louis Langelier succeeds to Earl Langelier de Charlevoix.,"{""season"": 102, ""nature"": ""clean"", ""cause"": ""death""}",engine,2026-09-08 13:29:26
1458,,expansion,confederation,Earl Langelier de Charlevoix takes Central Newfoundland,Season 102 · Earl Langelier de Charlevoix takes Central Newfoundland.,"{""season"": 102, ""riding"": ""Central Newfoundland"", ""roll"": 9}",engine,2026-09-08 13:29:26
1459,,expansion,confederation,Viscount Rochon de Rosedale takes Humber River—Black Creek,Season 102 · Viscount Rochon de Rosedale takes Humber River—Black Creek.,"{""season"": 102, ""riding"": ""Humber River\u2014Black Creek"", ""roll"": 8}",engine,2026-09-08 13:29:26
1460,,relational,confederation,Earl Patterson of Kennebecasis corresponds with Viscount Worts of Milton,Season 102 · Earl Patterson of Kennebecasis opens a correspondence with Viscount Worts of Milton.,"{""season"": 102, ""marker"": ""+""}",engine,2026-09-08 13:29:26
1461,,societal,dominion,Regulation 17,Season 102 · Viscount Cameron of Cornwall meets Regulation 17 and leads.,"{""season"": 102, ""response"": ""Lead"", ""roll"": 6, ""personal_year"": 1912, ""magnitude"": ""Major"", ""tag"": ""Conservative""}",engine,2026-09-08 13:29:26
1462,,societal,dominion,Alberta and Saskatchewan Created,Season 102 · Baron Cardinal of Steinbach meets Alberta and Saskatchewan Created and leads.,"{""season"": 102, ""response"": ""Lead"", ""roll"": 6, ""personal_year"": 1905, ""magnitude"": ""Significant"", ""tag"": ""Progressive""}",engine,2026-09-08 13:29:26
1463,,societal,confederation,South African War,Season 102 · Baron Pegahmagabow of Wawa meets South African War and stands aside.,"{""season"": 102, ""response"": ""Neutral"", ""roll"": 1, ""personal_year"": 1899, ""magnitude"": ""Major"", ""tag"": ""Conservative""}",engine,2026-09-08 13:29:26
1464,,succession,confederation,Baron Pegahmagabow of Wawa: clean succession,Season 102 · Elizabeth Pegahmagabow succeeds to Baron Pegahmagabow of Wawa.,"{""season"": 102, ""nature"": ""clean"", ""cause"": ""death""}",engine,2026-09-08 13:29:26
1465,,relational,confederation,Viscount Marchand de Lac-Saint-Louis corresponds with Viscount Benjamin of Bellechasse,Season 102 · Viscount Marchand de Lac-Saint-Louis opens a correspondence with Viscount Benjamin of Bellechasse.,"{""season"": 102, ""marker"": ""\u25ce""}",engine,2026-09-08 13:29:26
1466,,societal,dominion,Alberta and Saskatchewan Created,Season 102 · Baron Proulx de Cumberland meets Alberta and Saskatchewan Created and exploits.,"{""season"": 102, ""response"": ""Exploit"", ""roll"": 4, ""personal_year"": 1905, ""magnitude"": ""Significant"", ""tag"": ""Progressive""}",engine,2026-09-08 13:29:26
1467,,societal,confederation,South African War,Season 102 · Baron Gillies of Woburn meets South African War and exploits.,"{""season"": 102, ""response"": ""Exploit"", ""roll"": 5, ""personal_year"": 1899, ""magnitude"": ""Major"", ""tag"": ""Conservative""}",engine,2026-09-08 13:29:26
1468,,societal,confederation,CPR Strike,Season 102 · Baron Gillies of Aurora meets CPR Strike and resists.,"{""season"": 102, ""response"": ""Resist"", ""roll"": 3, ""personal_year"": 1883, ""magnitude"": ""Significant"", ""tag"": ""Mixed""}",engine,2026-09-08 13:29:26
1469,,expansion,confederation,Baron Gillies of Aurora takes York—Durham,Season 102 · Baron Gillies of Aurora takes York—Durham.,"{""season"": 102, ""riding"": ""York\u2014Durham"", ""roll"": 10}",engine,2026-09-08 13:29:26
1470,,societal,confederation,Red River Resistance,Season 102 · Earl Beauvais of Charles-LeMoyne meets Red River Resistance and leads.,"{""season"": 102, ""response"": ""Lead"", ""roll"": 6, ""personal_year"": 1869, ""magnitude"": ""Major"", ""tag"": ""Mixed""}",engine,2026-09-08 13:29:26
1471,,expansion,confederation,Earl Beauvais of Charles-LeMoyne takes Brossard—Saint-Lambert,Season 102 · Earl Beauvais of Charles-LeMoyne takes Brossard—Saint-Lambert.,"{""season"": 102, ""riding"": ""Brossard\u2014Saint-Lambert"", ""roll"": 8}",engine,2026-09-08 13:29:26
1472,,societal,confederation,Diamond Jubilee,Season 103 · Viscount Wallace of Perth meets Diamond Jubilee and exploits.,"{""season"": 103, ""response"": ""Exploit"", ""roll"": 4, ""personal_year"": 1897, ""magnitude"": ""Minor"", ""tag"": ""Conservative""}",engine,2026-09-08 13:29:26
1473,,societal,confederation,Diamond Jubilee,Season 103 · Earl Bouchard de Terrebonne meets Diamond Jubilee and stands aside.,"{""season"": 103, ""response"": ""Neutral"", ""roll"": 1, ""personal_year"": 1897, ""magnitude"": ""Minor"", ""tag"": ""Conservative""}",engine,2026-09-08 13:29:26
1474,,relational,confederation,Earl Bouchard de Terrebonne corresponds with Baron Cardinal of Steinbach,Season 103 · Earl Bouchard de Terrebonne opens a correspondence with Baron Cardinal of Steinbach.,"{""season"": 103, ""marker"": ""+""}",engine,2026-09-08 13:29:26
1475,,relational,confederation,Viscount McLellan of Belfast loses a dispute with Marquis Forbes of Preston,Season 103 · Viscount McLellan of Belfast presses a claim against Marquis Forbes of Preston and is rebuffed.,"{""season"": 103, ""outcome"": ""lost""}",engine,2026-09-08 13:29:26
1476,,relational,confederation,Baron Hoover of Simcoe corresponds with Viscount Wallace of Perth,Season 103 · Baron Hoover of Simcoe opens a correspondence with Viscount Wallace of Perth.,"{""season"": 103, ""marker"": ""+""}",engine,2026-09-08 13:29:26
1477,,societal,confederation,Diamond Jubilee,Season 103 · Marquis Forbes of Preston meets Diamond Jubilee and resists.,"{""season"": 103, ""response"": ""Resist"", ""roll"": 3, ""personal_year"": 1897, ""magnitude"": ""Minor"", ""tag"": ""Conservative""}",engine,2026-09-08 13:29:26
1478,,societal,confederation,Last Spike at Craigellachie,Season 103 · Viscount Rochon de Rosedale meets Last Spike at Craigellachie and resists.,"{""season"": 103, ""response"": ""Resist"", ""roll"": 3, ""personal_year"": 1885, ""magnitude"": ""Significant"", ""tag"": ""Mixed""}",engine,2026-09-08 13:29:26
1479,,relational,confederation,Earl Patterson of Kennebecasis and Marquis Forbes of Preston form a compact,Season 103 · Earl Patterson of Kennebecasis and Marquis Forbes of Preston enter into a compact.,"{""season"": 103, ""marker"": ""\u25c9+""}",engine,2026-09-08 13:29:26
1480,,relational,dominion,Viscount Cameron of Cornwall corresponds with Baron Lucas of Oakville,Season 103 · Viscount Cameron of Cornwall opens a correspondence with Baron Lucas of Oakville.,"{""season"": 103, ""marker"": ""+""}",engine,2026-09-08 13:29:26
1481,,societal,dominion,Komagata Maru,Season 103 · Baron Rouleau de LaSalle meets Komagata Maru and stands aside.,"{""season"": 103, ""response"": ""Neutral"", ""roll"": 1, ""personal_year"": 1914, ""magnitude"": ""Major"", ""tag"": ""Conservative""}",engine,2026-09-08 13:29:26
1482,,societal,confederation,South African War,Season 103 · Baron Fairbanks of Edmonton Griesbach meets South African War and resists.,"{""season"": 103, ""response"": ""Resist"", ""roll"": 3, ""personal_year"": 1899, ""magnitude"": ""Major"", ""tag"": ""Conservative""}",engine,2026-09-08 13:29:26
1483,,relational,confederation,Baron Fairbanks of Edmonton Griesbach corresponds with Baron Stefaniuk of Emerson,Season 103 · Baron Fairbanks of Edmonton Griesbach opens a correspondence with Baron Stefaniuk of Emerson.,"{""season"": 103, ""marker"": ""\u25ce""}",engine,2026-09-08 13:29:26
1484,,societal,confederation,Laurier Elected,Season 103 · Viscount Dawes of Bourassa meets Laurier Elected and exploits.,"{""season"": 103, ""response"": ""Exploit"", ""roll"": 5, ""personal_year"": 1896, ""magnitude"": ""Significant"", ""tag"": ""Progressive""}",engine,2026-09-08 13:29:26
1485,,expansion,confederation,Baron Wallace of Hespeler takes London Centre,Season 103 · Baron Wallace of Hespeler takes London Centre.,"{""season"": 103, ""riding"": ""London Centre"", ""roll"": 10}",engine,2026-09-08 13:29:26
1486,,relational,confederation,Baron Turgeon de St.-Jerome corresponds with Baron Pegahmagabow of Wawa,Season 103 · Baron Turgeon de St.-Jerome opens a correspondence with Baron Pegahmagabow of Wawa.,"{""season"": 103, ""marker"": ""+""}",engine,2026-09-08 13:29:26
1487,,succession,confederation,Baron Gillies of Aurora: clean succession,Season 103 · Jean Gillies succeeds to Baron Gillies of Aurora.,"{""season"": 103, ""nature"": ""clean"", ""cause"": ""death""}",engine,2026-09-08 13:29:26
1488,,other,confederation,Baron Gillies of Aurora names an heir,Season 103 · Baron Gillies of Aurora names Sarah Gillies heir.,"{""season"": 103, ""heir_age"": 25, ""role"": ""heir""}",engine,2026-09-08 13:29:26
1489,,societal,confederation,National Policy,Season 103 · Baron Furlong of Émard meets National Policy and exploits.,"{""season"": 103, ""response"": ""Exploit"", ""roll"": 5, ""personal_year"": 1878, ""magnitude"": ""Significant"", ""tag"": ""Conservative""}",engine,2026-09-08 13:29:26
1490,,societal,confederation,Confederation Extension (Manitoba Act),Season 103 · Earl Beauvais of Charles-LeMoyne meets Confederation Extension (Manitoba Act) and resists.,"{""season"": 103, ""response"": ""Resist"", ""roll"": 2, ""personal_year"": 1870, ""magnitude"": ""Major"", ""tag"": ""Mixed""}",engine,2026-09-08 13:29:26
1491,,societal,confederation,Red River Resistance,Season 103 · Viscount Smoke of Barrie meets Red River Resistance and exploits.,"{""season"": 103, ""response"": ""Exploit"", ""roll"": 4, ""personal_year"": 1869, ""magnitude"": ""Major"", ""tag"": ""Mixed""}",engine,2026-09-08 13:29:26
1492,,relational,confederation,Baron Furlong of Émard and Earl Hays of Beloeil fall out,Season 104 · Baron Furlong of Émard and Earl Hays of Beloeil fall out over the water rights of a shared river.,"{""season"": 104, ""marker"": ""Sig\u2212"", ""cause"": ""friction"", ""grievance"": ""the water rights of a shared river""}",engine,2026-09-08 13:29:26
1493,,relational,confederation,Baron Furlong of Émard and Baron Rouleau de LaSalle fall out,Season 104 · Baron Furlong of Émard and Baron Rouleau de LaSalle fall out over the patronage of a shared riding's offices.,"{""season"": 104, ""marker"": ""Sig\u2212"", ""cause"": ""friction"", ""grievance"": ""the patronage of a shared riding's offices""}",engine,2026-09-08 13:29:26
1494,,relational,dominion,Viscount Mercier de Rimouski and Baron Turgeon de St.-Jerome fall out,Season 104 · Viscount Mercier de Rimouski and Baron Turgeon de St.-Jerome fall out over the water rights of a shared river.,"{""season"": 104, ""marker"": ""Sig\u2212"", ""cause"": ""friction"", ""grievance"": ""the water rights of a shared river""}",engine,2026-09-08 13:29:26
1495,,societal,confederation,Chinese Immigration Act,Season 104 · Viscount Elliott of Glengarry meets Chinese Immigration Act and stands aside.,"{""season"": 104, ""response"": ""Neutral"", ""roll"": 1, ""personal_year"": 1885, ""magnitude"": ""Significant"", ""tag"": ""Conservative""}",engine,2026-09-08 13:29:26
1496,,expansion,confederation,Viscount Elliott of Glengarry takes Abitibi—Témiscamingue,Season 104 · Viscount Elliott of Glengarry takes Abitibi—Témiscamingue.,"{""season"": 104, ""riding"": ""Abitibi\u2014T\u00e9miscamingue"", ""roll"": 10}",engine,2026-09-08 13:29:26
1497,,expansion,confederation,Viscount Wallace of Perth takes Hamilton West—Ancaster—Dundas,Season 104 · Viscount Wallace of Perth takes Hamilton West—Ancaster—Dundas.,"{""season"": 104, ""riding"": ""Hamilton West\u2014Ancaster\u2014Dundas"", ""roll"": 10}",engine,2026-09-08 13:29:26
1498,,relational,dominion,Viscount Benjamin of Bellechasse wins a dispute with Earl Langelier de Charlevoix,Season 104 · Viscount Benjamin of Bellechasse carries a dispute against Earl Langelier de Charlevoix.,"{""season"": 104, ""outcome"": ""won"", ""marker"": ""~""}",engine,2026-09-08 13:29:26
1499,,succession,dominion,Viscount Mercier de Rimouski: clean succession,Season 104 · Clémence Mercier succeeds to Viscount Mercier de Rimouski.,"{""season"": 104, ""nature"": ""clean"", ""cause"": ""death""}",engine,2026-09-08 13:29:26
1500,,relational,confederation,Viscount Mercier de Rimouski loses a dispute with Baron Turgeon de St.-Jerome,Season 104 · Viscount Mercier de Rimouski presses a claim against Baron Turgeon de St.-Jerome and is rebuffed.,"{""season"": 104, ""outcome"": ""lost""}",engine,2026-09-08 13:29:26
1501,,relational,confederation,Viscount McLellan of Belfast corresponds with Earl Langelier de Charlevoix,Season 104 · Viscount McLellan of Belfast opens a correspondence with Earl Langelier de Charlevoix.,"{""season"": 104, ""marker"": ""\u25ce""}",engine,2026-09-08 13:29:26
1502,,societal,dominion,The Great War,Season 104 · Viscount Cameron of Cornwall meets The Great War and stands aside.,"{""season"": 104, ""response"": ""Neutral"", ""roll"": 1, ""personal_year"": 1914, ""magnitude"": ""Major"", ""tag"": ""Global""}",engine,2026-09-08 13:29:26
1503,,societal,dominion,Vancouver Anti-Asian Riots,Season 104 · Baron Cardinal of Steinbach meets Vancouver Anti-Asian Riots and exploits.,"{""season"": 104, ""response"": ""Exploit"", ""roll"": 4, ""personal_year"": 1907, ""magnitude"": ""Significant"", ""tag"": ""Conservative""}",engine,2026-09-08 13:29:26
1504,,relational,dominion,Baron Cardinal of Steinbach corresponds with Viscount Rochon de Rosedale,Season 104 · Baron Cardinal of Steinbach opens a correspondence with Viscount Rochon de Rosedale.,"{""season"": 104, ""marker"": ""\u25ce""}",engine,2026-09-08 13:29:26
1505,,other,confederation,Baron Pegahmagabow of Wawa endows an institution,Season 104 · Baron Pegahmagabow of Wawa endows an institution.,"{""season"": 104}",engine,2026-09-08 13:29:26
1506,,relational,confederation,Baron Meagher of Windsor corresponds with Baron Lucas of Oakville,Season 104 · Baron Meagher of Windsor opens a correspondence with Baron Lucas of Oakville.,"{""season"": 104, ""marker"": ""\u25ce""}",engine,2026-09-08 13:29:26
1507,,societal,dominion,Vancouver Anti-Asian Riots,Season 104 · Baron Proulx de Cumberland meets Vancouver Anti-Asian Riots and leads.,"{""season"": 104, ""response"": ""Lead"", ""roll"": 6, ""personal_year"": 1907, ""magnitude"": ""Significant"", ""tag"": ""Conservative""}",engine,2026-09-08 13:29:26
1508,,succession,dominion,Baron Proulx de Cumberland: clean succession,Season 104 · Léocadie Proulx succeeds to Baron Proulx de Cumberland.,"{""season"": 104, ""nature"": ""clean"", ""cause"": ""death""}",engine,2026-09-08 13:29:26
1509,,relational,confederation,Viscount Worts of Milton corresponds with Baron Pegahmagabow of Wawa,Season 104 · Viscount Worts of Milton opens a correspondence with Baron Pegahmagabow of Wawa.,"{""season"": 104, ""marker"": ""\u25ce""}",engine,2026-09-08 13:29:26
1510,,other,confederation,Viscount Colby of Trois-Rivières endows an institution,Season 104 · Viscount Colby of Trois-Rivières endows an institution.,"{""season"": 104}",engine,2026-09-08 13:29:26
1511,,succession,dominion,Baron Gillies of Woburn: clean succession,Season 104 · Mary Gillies succeeds to Baron Gillies of Woburn.,"{""season"": 104, ""nature"": ""clean"", ""cause"": ""death""}",engine,2026-09-08 13:29:26
1512,,relational,confederation,Baron Gillies of Woburn corresponds with Viscount Mercier de Rimouski,Season 104 · Baron Gillies of Woburn opens a correspondence with Viscount Mercier de Rimouski.,"{""season"": 104, ""marker"": ""+""}",engine,2026-09-08 13:29:26
1513,,relational,dominion,Baron Fairbanks of Edmonton Griesbach and Baron Cornwall of Steveston are joined by marriage,"Season 104 · Francis Fairbanks marries Anne Cornwall, binding Baron Fairbanks of Edmonton Griesbach to Baron Cornwall of Steveston.","{""season"": 104, ""marker"": ""kin""}",engine,2026-09-08 13:29:26
1514,,societal,confederation,Jesuits' Estates Act Controversy,Season 104 · Baron Lucas of Oakville meets Jesuits' Estates Act Controversy and leads.,"{""season"": 104, ""response"": ""Lead"", ""roll"": 6, ""personal_year"": 1888, ""magnitude"": ""Significant"", ""tag"": ""Conservative""}",engine,2026-09-08 13:29:26
1515,,societal,confederation,Diamond Jubilee,Season 104 · Viscount Dawes of Bourassa meets Diamond Jubilee and exploits.,"{""season"": 104, ""response"": ""Exploit"", ""roll"": 4, ""personal_year"": 1897, ""magnitude"": ""Minor"", ""tag"": ""Conservative""}",engine,2026-09-08 13:29:26
1516,,relational,confederation,Viscount Dawes of Bourassa corresponds with Baron Lucas of Oakville,Season 104 · Viscount Dawes of Bourassa opens a correspondence with Baron Lucas of Oakville.,"{""season"": 104, ""marker"": ""+""}",engine,2026-09-08 13:29:26
1517,,other,confederation,Baron Wallace of Hespeler names an heir,Season 104 · Baron Wallace of Hespeler names William Wallace second heir.,"{""season"": 104, ""heir_age"": 37, ""role"": ""heir2""}",engine,2026-09-08 13:29:26
1518,,societal,confederation,Indian Act,Season 104 · Baron Turgeon de St.-Jerome meets Indian Act and resists.,"{""season"": 104, ""response"": ""Resist"", ""roll"": 2, ""personal_year"": 1876, ""magnitude"": ""Major"", ""tag"": ""Conservative""}",engine,2026-09-08 13:29:26
1519,,expansion,confederation,Baron Furlong of Émard takes Ville-Marie—Le Sud-Ouest—Île-des-Soeurs,Season 104 · Baron Furlong of Émard takes Ville-Marie—Le Sud-Ouest—Île-des-Soeurs.,"{""season"": 104, ""riding"": ""Ville-Marie\u2014Le Sud-Ouest\u2014\u00cele-des-Soeurs"", ""roll"": 11}",engine,2026-09-08 13:29:26
1520,,societal,confederation,British Columbia Joins; Treaty 1 Signed,Season 104 · Earl Beauvais of Charles-LeMoyne meets British Columbia Joins; Treaty 1 Signed and stands aside.,"{""season"": 104, ""response"": ""Neutral"", ""roll"": 1, ""personal_year"": 1871, ""magnitude"": ""Significant"", ""tag"": ""Mixed""}",engine,2026-09-08 13:29:26
1521,,societal,confederation,Confederation Extension (Manitoba Act),Season 104 · Viscount Smoke of Barrie meets Confederation Extension (Manitoba Act) and stands aside.,"{""season"": 104, ""response"": ""Neutral"", ""roll"": 1, ""personal_year"": 1870, ""magnitude"": ""Major"", ""tag"": ""Mixed""}",engine,2026-09-08 13:29:26
1522,,other,confederation,Viscount Smoke of Barrie names an heir,Season 104 · Viscount Smoke of Barrie names Rachel Smoke heir.,"{""season"": 104, ""heir_age"": 14, ""role"": ""heir""}",engine,2026-09-08 13:29:26
1523,,relational,confederation,Viscount Elliott of Glengarry corresponds with Baron Gillies of Aurora,Season 105 · Viscount Elliott of Glengarry opens a correspondence with Baron Gillies of Aurora.,"{""season"": 105, ""marker"": ""\u25ce""}",engine,2026-09-08 13:29:26
1524,,relational,confederation,Baron Stefaniuk of Emerson corresponds with Baron Fairbanks of Edmonton Griesbach,Season 105 · Baron Stefaniuk of Emerson opens a correspondence with Baron Fairbanks of Edmonton Griesbach.,"{""season"": 105, ""marker"": ""+""}",engine,2026-09-08 13:29:26
1525,,founding,dominion,Baron Benjamin of La Pointe-de-l'Île founded by partition from Viscount Benjamin of Bellechasse,Season 105 · Baron Benjamin of La Pointe-de-l'Île is founded by partition from Viscount Benjamin of Bellechasse.,"{""season"": 105, ""nature"": ""partition"", ""parent"": ""Benjamin""}",engine,2026-09-08 13:29:26
1526,,succession,dominion,Viscount Benjamin of Bellechasse: clean succession,Season 105 · Rachel Benjamin succeeds to Viscount Benjamin of Bellechasse.,"{""season"": 105, ""nature"": ""clean"", ""cause"": ""death""}",engine,2026-09-08 13:29:26
1527,,expansion,confederation,Viscount Mercier de Rimouski takes Les Pays-d'en-Haut,Season 105 · Viscount Mercier de Rimouski takes Les Pays-d'en-Haut.,"{""season"": 105, ""riding"": ""Les Pays-d'en-Haut"", ""roll"": 12}",engine,2026-09-08 13:29:26
1528,,societal,confederation,Laurier Elected,Season 105 · Earl Hays of Beloeil meets Laurier Elected and exploits.,"{""season"": 105, ""response"": ""Exploit"", ""roll"": 4, ""personal_year"": 1896, ""magnitude"": ""Significant"", ""tag"": ""Progressive""}",engine,2026-09-08 13:29:26
1529,,elevation,dominion,Viscount Cornwall of Steveston elevated,Season 105 · Baron Cornwall of Steveston is raised to Viscount.,"{""season"": 105, ""from"": ""Baron"", ""to"": ""Viscount""}",engine,2026-09-08 13:29:26
1530,,societal,confederation,Chinese Immigration Act,Season 105 · Baron Hoover of Simcoe meets Chinese Immigration Act and resists.,"{""season"": 105, ""response"": ""Resist"", ""roll"": 3, ""personal_year"": 1885, ""magnitude"": ""Significant"", ""tag"": ""Conservative""}",engine,2026-09-08 13:29:26
1531,,relational,dominion,Viscount Bird of Winnipeg and Baron Lucas of Oakville form a compact,Season 105 · Viscount Bird of Winnipeg and Baron Lucas of Oakville enter into a compact.,"{""season"": 105, ""marker"": ""\u25c9+""}",engine,2026-09-08 13:29:26
1532,,societal,dominion,Prairie Women's Suffrage,Season 105 · Baron Rouleau de LaSalle meets Prairie Women's Suffrage and leads.,"{""season"": 105, ""response"": ""Lead"", ""roll"": 6, ""personal_year"": 1916, ""magnitude"": ""Significant"", ""tag"": ""Progressive""}",engine,2026-09-08 13:29:26
1533,,relational,dominion,Baron Rouleau de LaSalle reconciles with Baron Furlong of Émard,Season 105 · Baron Rouleau de LaSalle makes peace with Baron Furlong of Émard.,"{""season"": 105, ""marker"": ""~""}",engine,2026-09-08 13:29:26
1534,,societal,confederation,Laurier Elected,Season 105 · Viscount Hendrie of Brampton meets Laurier Elected and exploits.,"{""season"": 105, ""response"": ""Exploit"", ""roll"": 4, ""personal_year"": 1896, ""magnitude"": ""Significant"", ""tag"": ""Progressive""}",engine,2026-09-08 13:29:26
1535,,relational,confederation,Baron Meagher of Windsor and Baron Rouleau de LaSalle are joined by marriage,"Season 105 · Catherine Meagher marries Corinne Rouleau, binding Baron Meagher of Windsor to Baron Rouleau de LaSalle.","{""season"": 105, ""marker"": ""kin""}",engine,2026-09-08 13:29:26
1536,,relational,confederation,Viscount Marchand de Lac-Saint-Louis corresponds with Viscount Benjamin of Bellechasse,Season 105 · Viscount Marchand de Lac-Saint-Louis opens a correspondence with Viscount Benjamin of Bellechasse.,"{""season"": 105, ""marker"": ""+""}",engine,2026-09-08 13:29:26
1537,,other,confederation,Baron Proulx de Cumberland names an heir,Season 105 · Baron Proulx de Cumberland names Delphine Proulx heir.,"{""season"": 105, ""heir_age"": 26, ""role"": ""heir""}",engine,2026-09-08 13:29:26
1538,,relational,confederation,Viscount Worts of Milton corresponds with Baron Pegahmagabow of Wawa,Season 105 · Viscount Worts of Milton opens a correspondence with Baron Pegahmagabow of Wawa.,"{""season"": 105, ""marker"": ""+""}",engine,2026-09-08 13:29:26
1539,,societal,confederation,Laurier Elected,Season 105 · Viscount Colby of Trois-Rivières meets Laurier Elected and exploits.,"{""season"": 105, ""response"": ""Exploit"", ""roll"": 4, ""personal_year"": 1896, ""magnitude"": ""Significant"", ""tag"": ""Progressive""}",engine,2026-09-08 13:29:26
1540,,expansion,confederation,Baron Gillies of Woburn takes Don Valley North,Season 105 · Baron Gillies of Woburn takes Don Valley North.,"{""season"": 105, ""riding"": ""Don Valley North"", ""roll"": 8}",engine,2026-09-08 13:29:26
1541,,succession,dominion,Baron Fairbanks of Edmonton Griesbach: clean succession,Season 105 · Francis Fairbanks succeeds to Baron Fairbanks of Edmonton Griesbach.,"{""season"": 105, ""nature"": ""clean"", ""cause"": ""death""}",engine,2026-09-08 13:29:26
1542,,succession,confederation,Viscount Dawes of Bourassa: clean succession,Season 105 · Alasdair Dawes succeeds to Viscount Dawes of Bourassa.,"{""season"": 105, ""nature"": ""clean"", ""cause"": ""death""}",engine,2026-09-08 13:29:26
1543,,other,confederation,Viscount Dawes of Bourassa names an heir,Season 105 · Viscount Dawes of Bourassa names Marjory Dawes heir.,"{""season"": 105, ""heir_age"": 11, ""role"": ""heir""}",engine,2026-09-08 13:29:26
1544,,societal,confederation,Laurier Elected,Season 105 · Baron Wallace of Hespeler meets Laurier Elected and exploits.,"{""season"": 105, ""response"": ""Exploit"", ""roll"": 4, ""personal_year"": 1896, ""magnitude"": ""Significant"", ""tag"": ""Progressive""}",engine,2026-09-08 13:29:26
1545,,relational,confederation,Baron Gillies of Aurora and Baron Stefaniuk of Emerson are joined by marriage,"Season 105 · Sarah Gillies marries Fedir Stefaniuk, binding Baron Gillies of Aurora to Baron Stefaniuk of Emerson.","{""season"": 105, ""marker"": ""kin""}",engine,2026-09-08 13:29:26
1546,,other,confederation,Earl Beauvais of Charles-LeMoyne names an heir,Season 105 · Earl Beauvais of Charles-LeMoyne names Jacob Beauvais heir.,"{""season"": 105, ""heir_age"": 42, ""role"": ""heir""}",engine,2026-09-08 13:29:26
1547,,societal,confederation,British Columbia Joins; Treaty 1 Signed,Season 105 · Viscount Smoke of Barrie meets British Columbia Joins; Treaty 1 Signed and leads.,"{""season"": 105, ""response"": ""Lead"", ""roll"": 6, ""personal_year"": 1871, ""magnitude"": ""Significant"", ""tag"": ""Mixed""}",engine,2026-09-08 13:29:26
1548,,founding,confederation,Viscount Chapais de Saint-Hyacinthe founded,"Season 105 · Viscount Chapais de Saint-Hyacinthe is created, seated at Saint-Hyacinthe—Bagot—Acton.","{""season"": 105, ""stats"": {""capital"": 38, ""influence"": 34, ""cohesion"": 61, ""ambition"": 6}, ""community"": ""Canadien Catholic"", ""tag"": ""Outside""}",engine,2026-09-08 13:29:26
1549,,relational,confederation,Viscount Hendrie of Brampton and Viscount Worts of Milton fall out,Season 106 · Viscount Hendrie of Brampton and Viscount Worts of Milton fall out over a church and school dispute in the border townships.,"{""season"": 106, ""marker"": ""Sig\u2212"", ""cause"": ""friction"", ""grievance"": ""a church and school dispute in the border townships""}",engine,2026-09-08 13:29:26
1550,,other,confederation,Viscount Benjamin of Bellechasse names an heir,Season 106 · Viscount Benjamin of Bellechasse names David Benjamin heir.,"{""season"": 106, ""heir_age"": 19, ""role"": ""heir""}",engine,2026-09-08 13:29:26
1551,,societal,confederation,Klondike Gold Rush,Season 106 · Earl Hays of Beloeil meets Klondike Gold Rush and exploits.,"{""season"": 106, ""response"": ""Exploit"", ""roll"": 4, ""personal_year"": 1897, ""magnitude"": ""Significant"", ""tag"": ""Mixed""}",engine,2026-09-08 13:29:26
1552,,relational,confederation,Viscount McLellan of Belfast wins a dispute with Marquis Forbes of Preston,Season 106 · Viscount McLellan of Belfast carries a dispute against Marquis Forbes of Preston.,"{""season"": 106, ""outcome"": ""won"", ""marker"": ""~""}",engine,2026-09-08 13:29:26
1553,,societal,dominion,Prairie Women's Suffrage,Season 106 · Viscount Cameron of Cornwall meets Prairie Women's Suffrage and exploits.,"{""season"": 106, ""response"": ""Exploit"", ""roll"": 4, ""personal_year"": 1916, ""magnitude"": ""Significant"", ""tag"": ""Progressive""}",engine,2026-09-08 13:29:26
1554,,succession,dominion,Viscount Bird of Winnipeg: clean succession,Season 106 · Ruth Bird succeeds to Viscount Bird of Winnipeg.,"{""season"": 106, ""nature"": ""clean"", ""cause"": ""death""}",engine,2026-09-08 13:29:26
1555,,societal,dominion,Conscription Crisis,Season 106 · Baron Rouleau de LaSalle meets Conscription Crisis and exploits.,"{""season"": 106, ""response"": ""Exploit"", ""roll"": 4, ""personal_year"": 1917, ""magnitude"": ""Major"", ""tag"": ""Mixed""}",engine,2026-09-08 13:29:26
1556,,societal,confederation,Diamond Jubilee,Season 106 · Viscount Hendrie of Brampton meets Diamond Jubilee and stands aside.,"{""season"": 106, ""response"": ""Neutral"", ""roll"": 1, ""personal_year"": 1897, ""magnitude"": ""Minor"", ""tag"": ""Conservative""}",engine,2026-09-08 13:29:26
1557,,societal,confederation,Canadian Pacific Railway Chartered,Season 106 · Viscount Bhullar of Nanaimo meets Canadian Pacific Railway Chartered and leads.,"{""season"": 106, ""response"": ""Lead"", ""roll"": 6, ""personal_year"": 1881, ""magnitude"": ""Significant"", ""tag"": ""Mixed""}",engine,2026-09-08 13:29:26
1558,,other,confederation,Viscount Bhullar of Nanaimo names an heir,Season 106 · Viscount Bhullar of Nanaimo names Swaran Bhullar heir.,"{""season"": 106, ""heir_age"": 24, ""role"": ""heir""}",engine,2026-09-08 13:29:26
1559,,relational,confederation,Baron Pegahmagabow of Wawa corresponds with Baron Lucas of Oakville,Season 106 · Baron Pegahmagabow of Wawa opens a correspondence with Baron Lucas of Oakville.,"{""season"": 106, ""marker"": ""\u25ce""}",engine,2026-09-08 13:29:26
1560,,societal,dominion,Conscription Crisis,Season 106 · Baron Meagher of Windsor meets Conscription Crisis and exploits.,"{""season"": 106, ""response"": ""Exploit"", ""roll"": 5, ""personal_year"": 1917, ""magnitude"": ""Major"", ""tag"": ""Mixed""}",engine,2026-09-08 13:29:26
1561,,other,confederation,Baron Skye of Belleville names an heir,Season 106 · Baron Skye of Belleville names Sarah Skye heir.,"{""season"": 106, ""heir_age"": 11, ""role"": ""heir""}",engine,2026-09-08 13:29:26
1562,,relational,confederation,Viscount Worts of Milton loses a dispute with Viscount Hendrie of Brampton,Season 106 · Viscount Worts of Milton presses a claim against Viscount Hendrie of Brampton and is rebuffed.,"{""season"": 106, ""outcome"": ""lost""}",engine,2026-09-08 13:29:26
1563,,societal,confederation,Klondike Gold Rush,Season 106 · Viscount Colby of Trois-Rivières meets Klondike Gold Rush and stands aside.,"{""season"": 106, ""response"": ""Neutral"", ""roll"": 1, ""personal_year"": 1897, ""magnitude"": ""Significant"", ""tag"": ""Mixed""}",engine,2026-09-08 13:29:26
1564,,succession,confederation,Viscount Colby of Trois-Rivières: clean succession,Season 106 · John Colby succeeds to Viscount Colby of Trois-Rivières.,"{""season"": 106, ""nature"": ""clean"", ""cause"": ""death""}",engine,2026-09-08 13:29:26
1565,,other,confederation,Viscount Colby of Trois-Rivières endows an institution,Season 106 · Viscount Colby of Trois-Rivières endows an institution.,"{""season"": 106}",engine,2026-09-08 13:29:26
1566,,societal,confederation,Manitoba Schools Question,Season 106 · Baron Lucas of Oakville meets Manitoba Schools Question and resists.,"{""season"": 106, ""response"": ""Resist"", ""roll"": 3, ""personal_year"": 1890, ""magnitude"": ""Major"", ""tag"": ""Conservative""}",engine,2026-09-08 13:29:26
1567,,other,confederation,Baron Lucas of Oakville endows an institution,Season 106 · Baron Lucas of Oakville endows an institution.,"{""season"": 106}",engine,2026-09-08 13:29:26
1568,,societal,confederation,Diamond Jubilee,Season 106 · Baron Wallace of Hespeler meets Diamond Jubilee and resists.,"{""season"": 106, ""response"": ""Resist"", ""roll"": 3, ""personal_year"": 1897, ""magnitude"": ""Minor"", ""tag"": ""Conservative""}",engine,2026-09-08 13:29:26
1569,,societal,confederation,National Policy,Season 106 · Baron Turgeon de St.-Jerome meets National Policy and stands aside.,"{""season"": 106, ""response"": ""Neutral"", ""roll"": 1, ""personal_year"": 1878, ""magnitude"": ""Significant"", ""tag"": ""Conservative""}",engine,2026-09-08 13:29:26
1570,,succession,confederation,Baron Gillies of Aurora: clean succession,Season 106 · Sarah Gillies succeeds to Baron Gillies of Aurora.,"{""season"": 106, ""nature"": ""clean"", ""cause"": ""death""}",engine,2026-09-08 13:29:26
1571,,relational,confederation,Baron Gillies of Aurora corresponds with Baron Furlong of Émard,Season 106 · Baron Gillies of Aurora opens a correspondence with Baron Furlong of Émard.,"{""season"": 106, ""marker"": ""+""}",engine,2026-09-08 13:29:26
1572,,societal,confederation,Canadian Pacific Railway Chartered,Season 106 · Baron Furlong of Émard meets Canadian Pacific Railway Chartered and leads.,"{""season"": 106, ""response"": ""Lead"", ""roll"": 6, ""personal_year"": 1881, ""magnitude"": ""Significant"", ""tag"": ""Mixed""}",engine,2026-09-08 13:29:26
1573,,societal,confederation,Pacific Scandal,Season 106 · Earl Beauvais of Charles-LeMoyne meets Pacific Scandal and exploits.,"{""season"": 106, ""response"": ""Exploit"", ""roll"": 4, ""personal_year"": 1873, ""magnitude"": ""Significant"", ""tag"": ""Progressive""}",engine,2026-09-08 13:29:26
1574,,relational,confederation,Earl Hays of Beloeil and Baron Rouleau de LaSalle fall out,Season 107 · Earl Hays of Beloeil and Baron Rouleau de LaSalle fall out over the water rights of a shared river.,"{""season"": 107, ""marker"": ""Sig\u2212"", ""cause"": ""friction"", ""grievance"": ""the water rights of a shared river""}",engine,2026-09-08 13:29:26
1575,,relational,dominion,Baron Rouleau de LaSalle and Baron Turgeon de St.-Jerome fall out,Season 107 · Baron Rouleau de LaSalle and Baron Turgeon de St.-Jerome fall out over the water rights of a shared river.,"{""season"": 107, ""marker"": ""Sig\u2212"", ""cause"": ""friction"", ""grievance"": ""the water rights of a shared river""}",engine,2026-09-08 13:29:26
1576,,expansion,confederation,Viscount Elliott of Glengarry takes Hull—Aylmer,Season 107 · Viscount Elliott of Glengarry takes Hull—Aylmer.,"{""season"": 107, ""riding"": ""Hull\u2014Aylmer"", ""roll"": 7}",engine,2026-09-08 13:29:26
1577,,societal,confederation,Laurier Elected,Season 107 · Baron Stefaniuk of Emerson meets Laurier Elected and exploits.,"{""season"": 107, ""response"": ""Exploit"", ""roll"": 5, ""personal_year"": 1896, ""magnitude"": ""Significant"", ""tag"": ""Progressive""}",engine,2026-09-08 13:29:26
1578,,relational,confederation,Baron Stefaniuk of Emerson and Baron Proulx de Cumberland form a compact,Season 107 · Baron Stefaniuk of Emerson and Baron Proulx de Cumberland enter into a compact.,"{""season"": 107, ""marker"": ""\u25c9+""}",engine,2026-09-08 13:29:26
1579,,expansion,confederation,Viscount Benjamin of Bellechasse takes Richmond—Arthabaska,Season 107 · Viscount Benjamin of Bellechasse takes Richmond—Arthabaska.,"{""season"": 107, ""riding"": ""Richmond\u2014Arthabaska"", ""roll"": 7}",engine,2026-09-08 13:29:26
1580,,elevation,confederation,Earl Mercier de Rimouski elevated,Season 107 · Viscount Mercier de Rimouski is raised to Earl.,"{""season"": 107, ""from"": ""Viscount"", ""to"": ""Earl""}",engine,2026-09-08 13:29:26
1581,,elevation,dominion,Earl Cornwall of Steveston elevated,Season 107 · Viscount Cornwall of Steveston is raised to Earl.,"{""season"": 107, ""from"": ""Viscount"", ""to"": ""Earl""}",engine,2026-09-08 13:29:26
1582,,other,dominion,Earl Langelier de Charlevoix names an heir,Season 107 · Earl Langelier de Charlevoix names Clémence Langelier heir.,"{""season"": 107, ""heir_age"": 23, ""role"": ""heir""}",engine,2026-09-08 13:29:26
1583,,other,confederation,Viscount Rochon de Rosedale names an heir,Season 107 · Viscount Rochon de Rosedale names Marie Rochon heir.,"{""season"": 107, ""heir_age"": 26, ""role"": ""heir""}",engine,2026-09-08 13:29:26
1584,,relational,confederation,Earl Patterson of Kennebecasis corresponds with Earl Bouchard de Terrebonne,Season 107 · Earl Patterson of Kennebecasis opens a correspondence with Earl Bouchard de Terrebonne.,"{""season"": 107, ""marker"": ""\u25ce""}",engine,2026-09-08 13:29:26
1585,,societal,dominion,Halifax Explosion,Season 107 · Viscount Cameron of Cornwall meets Halifax Explosion and exploits.,"{""season"": 107, ""response"": ""Exploit"", ""roll"": 4, ""personal_year"": 1917, ""magnitude"": ""Major"", ""tag"": ""Mixed""}",engine,2026-09-08 13:29:26
1586,,expansion,dominion,Viscount Cameron of Cornwall takes Ajax,Season 107 · Viscount Cameron of Cornwall takes Ajax.,"{""season"": 107, ""riding"": ""Ajax"", ""roll"": 10}",engine,2026-09-08 13:29:26
1587,,societal,dominion,Naval Service Act,Season 107 · Baron Cardinal of Steinbach meets Naval Service Act and resists.,"{""season"": 107, ""response"": ""Resist"", ""roll"": 3, ""personal_year"": 1910, ""magnitude"": ""Significant"", ""tag"": ""Mixed""}",engine,2026-09-08 13:29:26
1588,,societal,dominion,Spanish Influenza,Season 107 · Baron Rouleau de LaSalle meets Spanish Influenza and resists.,"{""season"": 107, ""response"": ""Resist"", ""roll"": 2, ""personal_year"": 1918, ""magnitude"": ""Significant"", ""tag"": ""Global""}",engine,2026-09-08 13:29:26
1589,,founding,dominion,Baron Rouleau de Chambly founded by partition from Baron Rouleau de LaSalle,Season 107 · Baron Rouleau de Chambly is founded by partition from Baron Rouleau de LaSalle.,"{""season"": 107, ""nature"": ""partition"", ""parent"": ""Rouleau""}",engine,2026-09-08 13:29:26
1590,,succession,dominion,Baron Rouleau de LaSalle: clean succession,Season 107 · Octavien Rouleau succeeds to Baron Rouleau de LaSalle.,"{""season"": 107, ""nature"": ""clean"", ""cause"": ""death""}",engine,2026-09-08 13:29:26
1591,,expansion,confederation,Baron Rouleau de LaSalle takes Papineau,Season 107 · Baron Rouleau de LaSalle takes Papineau.,"{""season"": 107, ""riding"": ""Papineau"", ""roll"": 9}",engine,2026-09-08 13:29:26
1592,,succession,confederation,Viscount Hendrie of Brampton: clean succession,Season 107 · Edith Hendrie succeeds to Viscount Hendrie of Brampton.,"{""season"": 107, ""nature"": ""clean"", ""cause"": ""death""}",engine,2026-09-08 13:29:26
1593,,relational,confederation,Viscount Bhullar of Nanaimo corresponds with Earl Cornwall of Steveston,Season 107 · Viscount Bhullar of Nanaimo opens a correspondence with Earl Cornwall of Steveston.,"{""season"": 107, ""marker"": ""kin""}",engine,2026-09-08 13:29:26
1594,,societal,dominion,Spanish Influenza,Season 107 · Baron Meagher of Windsor meets Spanish Influenza and resists.,"{""season"": 107, ""response"": ""Resist"", ""roll"": 3, ""personal_year"": 1918, ""magnitude"": ""Significant"", ""tag"": ""Global""}",engine,2026-09-08 13:29:26
1595,,societal,confederation,Last Spike at Craigellachie,Season 107 · Viscount Worts of Milton meets Last Spike at Craigellachie and resists.,"{""season"": 107, ""response"": ""Resist"", ""roll"": 2, ""personal_year"": 1885, ""magnitude"": ""Significant"", ""tag"": ""Mixed""}",engine,2026-09-08 13:29:26
1596,,relational,confederation,Viscount Worts of Milton and Baron Pegahmagabow of Wawa form a compact,Season 107 · Viscount Worts of Milton and Baron Pegahmagabow of Wawa enter into a compact.,"{""season"": 107, ""marker"": ""\u25c9+""}",engine,2026-09-08 13:29:26
1597,,relational,confederation,Baron Gillies of Woburn corresponds with Baron Lucas of Oakville,Season 107 · Baron Gillies of Woburn opens a correspondence with Baron Lucas of Oakville.,"{""season"": 107, ""marker"": ""\u25ce""}",engine,2026-09-08 13:29:26
1598,,societal,confederation,Death of Sir John A. Macdonald,Season 107 · Baron Lucas of Oakville meets Death of Sir John A. Macdonald and leads.,"{""season"": 107, ""response"": ""Lead"", ""roll"": 7, ""personal_year"": 1891, ""magnitude"": ""Minor"", ""tag"": ""Mixed""}",engine,2026-09-08 13:29:26
1599,,succession,confederation,Baron Lucas of Oakville: clean succession,Season 107 · Charlotte Lucas succeeds to Baron Lucas of Oakville.,"{""season"": 107, ""nature"": ""clean"", ""cause"": ""death""}",engine,2026-09-08 13:29:26
1600,,expansion,confederation,Baron Wallace of Hespeler takes Kitchener Centre,Season 107 · Baron Wallace of Hespeler takes Kitchener Centre.,"{""season"": 107, ""riding"": ""Kitchener Centre"", ""roll"": 10}",engine,2026-09-08 13:29:26
1601,,other,confederation,Baron Turgeon de St.-Jerome names an heir,Season 107 · Baron Turgeon de St.-Jerome names Corinne Turgeon heir.,"{""season"": 107, ""heir_age"": 30, ""role"": ""heir""}",engine,2026-09-08 13:29:26
1602,,other,confederation,Baron Gillies of Aurora endows an institution,Season 107 · Baron Gillies of Aurora endows an institution.,"{""season"": 107}",engine,2026-09-08 13:29:26
1603,,societal,confederation,Long Depression Reaches Canada,Season 107 · Earl Beauvais of Charles-LeMoyne meets Long Depression Reaches Canada and stands aside.,"{""season"": 107, ""response"": ""Neutral"", ""roll"": 0, ""personal_year"": 1874, ""magnitude"": ""Major"", ""tag"": ""Conservative""}",engine,2026-09-08 13:29:26
1604,,societal,confederation,Pacific Scandal,Season 107 · Viscount Smoke of Barrie meets Pacific Scandal and exploits.,"{""season"": 107, ""response"": ""Exploit"", ""roll"": 4, ""personal_year"": 1873, ""magnitude"": ""Significant"", ""tag"": ""Progressive""}",engine,2026-09-08 13:29:26
1605,,societal,confederation,Red River Resistance,Season 107 · Baron Benjamin of La Pointe-de-l'Île meets Red River Resistance and stands aside.,"{""season"": 107, ""response"": ""Neutral"", ""roll"": 1, ""personal_year"": 1869, ""magnitude"": ""Major"", ""tag"": ""Mixed""}",engine,2026-09-08 13:29:26
1606,,societal,confederation,Red River Resistance,Season 107 · Viscount Chapais de Saint-Hyacinthe meets Red River Resistance and exploits.,"{""season"": 107, ""response"": ""Exploit"", ""roll"": 4, ""personal_year"": 1869, ""magnitude"": ""Major"", ""tag"": ""Mixed""}",engine,2026-09-08 13:29:26
1607,,relational,confederation,Viscount Elliott of Glengarry corresponds with Baron Gillies of Aurora,Season 108 · Viscount Elliott of Glengarry opens a correspondence with Baron Gillies of Aurora.,"{""season"": 108, ""marker"": ""+""}",engine,2026-09-08 13:29:26
1608,,relational,dominion,Viscount Wallace of Perth corresponds with Viscount Smoke of Barrie,Season 108 · Viscount Wallace of Perth opens a correspondence with Viscount Smoke of Barrie.,"{""season"": 108, ""marker"": ""\u25ce""}",engine,2026-09-08 13:29:26
1609,,societal,confederation,Klondike Gold Rush,Season 108 · Baron Stefaniuk of Emerson meets Klondike Gold Rush and exploits.,"{""season"": 108, ""response"": ""Exploit"", ""roll"": 4, ""personal_year"": 1897, ""magnitude"": ""Significant"", ""tag"": ""Mixed""}",engine,2026-09-08 13:29:26
1610,,societal,confederation,South African War,Season 108 · Earl Hays of Beloeil meets South African War and resists.,"{""season"": 108, ""response"": ""Resist"", ""roll"": 2, ""personal_year"": 1899, ""magnitude"": ""Major"", ""tag"": ""Conservative""}",engine,2026-09-08 13:29:26
1611,,other,confederation,Earl Hays of Beloeil endows an institution,Season 108 · Earl Hays of Beloeil endows an institution.,"{""season"": 108}",engine,2026-09-08 13:29:26
1612,,relational,dominion,Earl Langelier de Charlevoix and Baron Hoover of Simcoe are joined by marriage,"Season 108 · Clémence Langelier marries Wilhelm Hoover, binding Earl Langelier de Charlevoix to Baron Hoover of Simcoe.","{""season"": 108, ""marker"": ""kin""}",engine,2026-09-08 13:29:26
1613,,societal,dominion,Vancouver Anti-Asian Riots,Season 108 · Baron Hoover of Simcoe meets Vancouver Anti-Asian Riots and exploits.,"{""season"": 108, ""response"": ""Exploit"", ""roll"": 4, ""personal_year"": 1907, ""magnitude"": ""Significant"", ""tag"": ""Conservative""}",engine,2026-09-08 13:29:26
1614,,relational,confederation,Viscount Rochon de Rosedale corresponds with Baron Cardinal of Steinbach,Season 108 · Viscount Rochon de Rosedale opens a correspondence with Baron Cardinal of Steinbach.,"{""season"": 108, ""marker"": ""+""}",engine,2026-09-08 13:29:26
1615,,relational,confederation,Earl Patterson of Kennebecasis corresponds with Earl Bouchard de Terrebonne,Season 108 · Earl Patterson of Kennebecasis opens a correspondence with Earl Bouchard de Terrebonne.,"{""season"": 108, ""marker"": ""+""}",engine,2026-09-08 13:29:26
1616,,societal,dominion,Spanish Influenza,Season 108 · Viscount Cameron of Cornwall meets Spanish Influenza and resists.,"{""season"": 108, ""response"": ""Resist"", ""roll"": 3, ""personal_year"": 1918, ""magnitude"": ""Significant"", ""tag"": ""Global""}",engine,2026-09-08 13:29:26
1617,,societal,dominion,Reciprocity Election,Season 108 · Baron Cardinal of Steinbach meets Reciprocity Election and stands aside.,"{""season"": 108, ""response"": ""Neutral"", ""roll"": 1, ""personal_year"": 1911, ""magnitude"": ""Significant"", ""tag"": ""Conservative""}",engine,2026-09-08 13:29:26
1618,,relational,confederation,Baron Rouleau de LaSalle corresponds with Baron Turgeon de St.-Jerome,Season 108 · Baron Rouleau de LaSalle opens a correspondence with Baron Turgeon de St.-Jerome.,"{""season"": 108, ""marker"": ""Sig\u2212""}",engine,2026-09-08 13:29:26
1619,,relational,confederation,Viscount Hendrie of Brampton reconciles with Viscount Worts of Milton,Season 108 · Viscount Hendrie of Brampton makes peace with Viscount Worts of Milton.,"{""season"": 108, ""marker"": ""~""}",engine,2026-09-08 13:29:26
1620,,societal,confederation,CPR Strike,Season 108 · Viscount Bhullar of Nanaimo meets CPR Strike and leads.,"{""season"": 108, ""response"": ""Lead"", ""roll"": 6, ""personal_year"": 1883, ""magnitude"": ""Significant"", ""tag"": ""Mixed""}",engine,2026-09-08 13:29:26
1621,,relational,confederation,Viscount Bhullar of Nanaimo corresponds with Baron Fairbanks of Edmonton Griesbach,Season 108 · Viscount Bhullar of Nanaimo opens a correspondence with Baron Fairbanks of Edmonton Griesbach.,"{""season"": 108, ""marker"": ""\u25c9+""}",engine,2026-09-08 13:29:26
1622,,societal,dominion,Winnipeg General Strike,Season 108 · Baron Meagher of Windsor meets Winnipeg General Strike and exploits.,"{""season"": 108, ""response"": ""Exploit"", ""roll"": 5, ""personal_year"": 1919, ""magnitude"": ""Major"", ""tag"": ""Mixed""}",engine,2026-09-08 13:29:26
1623,,relational,confederation,Viscount Marchand de Lac-Saint-Louis and Viscount Dawes of Bourassa are joined by marriage,"Season 108 · Wilfrid Marchand marries Marjory Dawes, binding Viscount Marchand de Lac-Saint-Louis to Viscount Dawes of Bourassa.","{""season"": 108, ""marker"": ""kin""}",engine,2026-09-08 13:29:26
1624,,expansion,confederation,Baron Skye of Belleville takes Haliburton—Kawartha Lakes,Season 108 · Baron Skye of Belleville takes Haliburton—Kawartha Lakes.,"{""season"": 108, ""riding"": ""Haliburton\u2014Kawartha Lakes"", ""roll"": 8}",engine,2026-09-08 13:29:26
1625,,relational,confederation,Baron Proulx de Cumberland and Baron Rouleau de LaSalle form a compact,Season 108 · Baron Proulx de Cumberland and Baron Rouleau de LaSalle enter into a compact.,"{""season"": 108, ""marker"": ""\u25c9+""}",engine,2026-09-08 13:29:26
1626,,relational,confederation,Baron Gillies of Woburn corresponds with Baron Lucas of Oakville,Season 108 · Baron Gillies of Woburn opens a correspondence with Baron Lucas of Oakville.,"{""season"": 108, ""marker"": ""+""}",engine,2026-09-08 13:29:26
1627,,succession,confederation,Baron Fairbanks of Edmonton Griesbach extinct,Season 108 · Baron Fairbanks of Edmonton Griesbach fails; its ridings return to the Crown.,"{""season"": 108, ""nature"": ""extinction"", ""reason"": ""no successor""}",engine,2026-09-08 13:29:26
1628,,expansion,confederation,Viscount Dawes of Bourassa takes Hochelaga—Rosemont-Est,Season 108 · Viscount Dawes of Bourassa takes Hochelaga—Rosemont-Est.,"{""season"": 108, ""riding"": ""Hochelaga\u2014Rosemont-Est"", ""roll"": 8}",engine,2026-09-08 13:29:26
1629,,societal,confederation,South African War,Season 108 · Baron Wallace of Hespeler meets South African War and resists.,"{""season"": 108, ""response"": ""Resist"", ""roll"": 3, ""personal_year"": 1899, ""magnitude"": ""Major"", ""tag"": ""Conservative""}",engine,2026-09-08 13:29:26
1630,,relational,confederation,Baron Turgeon de St.-Jerome wins a dispute with Earl Mercier de Rimouski,Season 108 · Baron Turgeon de St.-Jerome carries a dispute against Earl Mercier de Rimouski.,"{""season"": 108, ""outcome"": ""won"", ""marker"": ""~""}",engine,2026-09-08 13:29:26
1631,,expansion,confederation,Baron Gillies of Aurora takes Simcoe North,Season 108 · Baron Gillies of Aurora takes Simcoe North.,"{""season"": 108, ""riding"": ""Simcoe North"", ""roll"": 8}",engine,2026-09-08 13:29:26
1632,,societal,confederation,CPR Strike,Season 108 · Baron Furlong of Émard meets CPR Strike and exploits.,"{""season"": 108, ""response"": ""Exploit"", ""roll"": 4, ""personal_year"": 1883, ""magnitude"": ""Significant"", ""tag"": ""Mixed""}",engine,2026-09-08 13:29:26
1633,,societal,confederation,Long Depression Reaches Canada,Season 108 · Viscount Smoke of Barrie meets Long Depression Reaches Canada and resists.,"{""season"": 108, ""response"": ""Resist"", ""roll"": 2, ""personal_year"": 1874, ""magnitude"": ""Major"", ""tag"": ""Conservative""}",engine,2026-09-08 13:29:26
1634,,expansion,confederation,Viscount Smoke of Barrie takes Simcoe—Grey,Season 108 · Viscount Smoke of Barrie takes Simcoe—Grey.,"{""season"": 108, ""riding"": ""Simcoe\u2014Grey"", ""roll"": 8}",engine,2026-09-08 13:29:26
1635,,societal,confederation,Confederation Extension (Manitoba Act),Season 108 · Baron Benjamin of La Pointe-de-l'Île meets Confederation Extension (Manitoba Act) and exploits.,"{""season"": 108, ""response"": ""Exploit"", ""roll"": 4, ""personal_year"": 1870, ""magnitude"": ""Major"", ""tag"": ""Mixed""}",engine,2026-09-08 13:29:26
1636,,relational,confederation,Baron Benjamin of La Pointe-de-l'Île corresponds with Viscount Worts of Milton,Season 108 · Baron Benjamin of La Pointe-de-l'Île opens a correspondence with Viscount Worts of Milton.,"{""season"": 108, ""marker"": ""\u25ce""}",engine,2026-09-08 13:29:26
1637,,societal,confederation,Confederation Extension (Manitoba Act),Season 108 · Viscount Chapais de Saint-Hyacinthe meets Confederation Extension (Manitoba Act) and resists.,"{""season"": 108, ""response"": ""Resist"", ""roll"": 3, ""personal_year"": 1870, ""magnitude"": ""Major"", ""tag"": ""Mixed""}",engine,2026-09-08 13:29:26
1638,,expansion,confederation,Viscount Chapais de Saint-Hyacinthe takes Shefford,Season 108 · Viscount Chapais de Saint-Hyacinthe takes Shefford.,"{""season"": 108, ""riding"": ""Shefford"", ""roll"": 11}",engine,2026-09-08 13:29:26
1639,,relational,confederation,Baron Rouleau de Chambly corresponds with Earl Meagher of Chatham,Season 108 · Baron Rouleau de Chambly opens a correspondence with Earl Meagher of Chatham.,"{""season"": 108, ""marker"": ""\u25ce""}",engine,2026-09-08 13:29:26
1640,,relational,confederation,Viscount Benjamin of Bellechasse and Earl Bouchard de Terrebonne fall out,Season 109 · Viscount Benjamin of Bellechasse and Earl Bouchard de Terrebonne fall out over the water rights of a shared river.,"{""season"": 109, ""marker"": ""Sig\u2212"", ""cause"": ""friction"", ""grievance"": ""the water rights of a shared river""}",engine,2026-09-08 13:29:26
1641,,relational,confederation,Viscount Elliott of Glengarry corresponds with Earl Bouchard de Terrebonne,Season 109 · Viscount Elliott of Glengarry opens a correspondence with Earl Bouchard de Terrebonne.,"{""season"": 109, ""marker"": ""\u25ce""}",engine,2026-09-08 13:29:26
1642,,relational,confederation,Viscount Benjamin of Bellechasse and Viscount Worts of Milton are joined by marriage,"Season 109 · David Benjamin marries Herbert Worts, binding Viscount Benjamin of Bellechasse to Viscount Worts of Milton.","{""season"": 109, ""marker"": ""kin""}",engine,2026-09-08 13:29:26
1643,,relational,dominion,Earl Bouchard de Terrebonne loses a dispute with Viscount Benjamin of Bellechasse,Season 109 · Earl Bouchard de Terrebonne presses a claim against Viscount Benjamin of Bellechasse and is rebuffed.,"{""season"": 109, ""outcome"": ""lost""}",engine,2026-09-08 13:29:26
1644,,societal,dominion,Alaska Boundary Award,Season 109 · Viscount McLellan of Belfast meets Alaska Boundary Award and resists.,"{""season"": 109, ""response"": ""Resist"", ""roll"": 3, ""personal_year"": 1903, ""magnitude"": ""Minor"", ""tag"": ""Mixed""}",engine,2026-09-08 13:29:26
1645,,expansion,dominion,Earl Langelier de Charlevoix takes Chicoutimi—Le Fjord,Season 109 · Earl Langelier de Charlevoix takes Chicoutimi—Le Fjord.,"{""season"": 109, ""riding"": ""Chicoutimi\u2014Le Fjord"", ""roll"": 11}",engine,2026-09-08 13:29:26
1646,,societal,dominion,Alaska Boundary Award,Season 109 · Marquis Forbes of Preston meets Alaska Boundary Award and leads.,"{""season"": 109, ""response"": ""Lead"", ""roll"": 7, ""personal_year"": 1903, ""magnitude"": ""Minor"", ""tag"": ""Mixed""}",engine,2026-09-08 13:29:26
1647,,relational,dominion,Marquis Forbes of Preston and Baron Rouleau de LaSalle form a compact,Season 109 · Marquis Forbes of Preston and Baron Rouleau de LaSalle enter into a compact.,"{""season"": 109, ""marker"": ""\u25c9+""}",engine,2026-09-08 13:29:26
1648,,societal,dominion,Nickle Resolution Defeated,Season 109 · Viscount Cameron of Cornwall meets Nickle Resolution Defeated and resists.,"{""season"": 109, ""response"": ""Resist"", ""roll"": 2, ""personal_year"": 1919, ""magnitude"": ""Minor"", ""tag"": ""Mixed""}",engine,2026-09-08 13:29:26
1649,,societal,dominion,Regulation 17,Season 109 · Baron Cardinal of Steinbach meets Regulation 17 and exploits.,"{""season"": 109, ""response"": ""Exploit"", ""roll"": 5, ""personal_year"": 1912, ""magnitude"": ""Major"", ""tag"": ""Conservative""}",engine,2026-09-08 13:29:26
1650,,other,confederation,Viscount Bhullar of Nanaimo names an heir,Season 109 · Viscount Bhullar of Nanaimo names Balbir Bhullar second heir.,"{""season"": 109, ""heir_age"": 23, ""role"": ""heir2""}",engine,2026-09-08 13:29:26
1651,,relational,confederation,Baron Skye of Belleville and Viscount Elliott of Glengarry are joined by marriage,"Season 109 · Sarah Skye marries Annie Elliott, binding Baron Skye of Belleville to Viscount Elliott of Glengarry.","{""season"": 109, ""marker"": ""kin""}",engine,2026-09-08 13:29:26
1652,,relational,dominion,Baron Wallace of Hespeler and Earl Meagher of Chatham are joined by marriage,"Season 109 · Albert Wallace marries Kathleen Meagher, binding Baron Wallace of Hespeler to Earl Meagher of Chatham.","{""season"": 109, ""marker"": ""kin""}",engine,2026-09-08 13:29:26
1653,,societal,confederation,Canadian Pacific Railway Chartered,Season 109 · Baron Turgeon de St.-Jerome meets Canadian Pacific Railway Chartered and exploits.,"{""season"": 109, ""response"": ""Exploit"", ""roll"": 4, ""personal_year"": 1881, ""magnitude"": ""Significant"", ""tag"": ""Mixed""}",engine,2026-09-08 13:29:26
1654,,relational,confederation,Baron Furlong of Émard wins a dispute with Earl Hays of Beloeil,Season 109 · Baron Furlong of Émard carries a dispute against Earl Hays of Beloeil.,"{""season"": 109, ""outcome"": ""won"", ""marker"": ""~""}",engine,2026-09-08 13:29:26
1655,,societal,confederation,Indian Act,Season 109 · Earl Beauvais of Charles-LeMoyne meets Indian Act and resists.,"{""season"": 109, ""response"": ""Resist"", ""roll"": 2, ""personal_year"": 1876, ""magnitude"": ""Major"", ""tag"": ""Conservative""}",engine,2026-09-08 13:29:26
1656,,succession,confederation,Earl Beauvais of Charles-LeMoyne: clean succession,Season 109 · Jacob Beauvais succeeds to Earl Beauvais of Charles-LeMoyne.,"{""season"": 109, ""nature"": ""clean"", ""cause"": ""death""}",engine,2026-09-08 13:29:26
1657,,expansion,confederation,Viscount Smoke of Barrie takes New Tecumseth—Gwillimbury,Season 109 · Viscount Smoke of Barrie takes New Tecumseth—Gwillimbury.,"{""season"": 109, ""riding"": ""New Tecumseth\u2014Gwillimbury"", ""roll"": 7}",engine,2026-09-08 13:29:26
1658,,societal,confederation,British Columbia Joins; Treaty 1 Signed,Season 109 · Baron Benjamin of La Pointe-de-l'Île meets British Columbia Joins; Treaty 1 Signed and stands aside.,"{""season"": 109, ""response"": ""Neutral"", ""roll"": 1, ""personal_year"": 1871, ""magnitude"": ""Significant"", ""tag"": ""Mixed""}",engine,2026-09-08 13:29:26
1659,,relational,confederation,Baron Benjamin of La Pointe-de-l'Île corresponds with Viscount Worts of Milton,Season 109 · Baron Benjamin of La Pointe-de-l'Île opens a correspondence with Viscount Worts of Milton.,"{""season"": 109, ""marker"": ""+""}",engine,2026-09-08 13:29:26
1660,,societal,confederation,British Columbia Joins; Treaty 1 Signed,Season 109 · Viscount Chapais de Saint-Hyacinthe meets British Columbia Joins; Treaty 1 Signed and exploits.,"{""season"": 109, ""response"": ""Exploit"", ""roll"": 5, ""personal_year"": 1871, ""magnitude"": ""Significant"", ""tag"": ""Mixed""}",engine,2026-09-08 13:29:26
1661,,relational,confederation,Viscount Chapais de Saint-Hyacinthe corresponds with Earl Hays of Beloeil,Season 109 · Viscount Chapais de Saint-Hyacinthe opens a correspondence with Earl Hays of Beloeil.,"{""season"": 109, ""marker"": ""\u25ce""}",engine,2026-09-08 13:29:26
1662,,societal,confederation,Red River Resistance,Season 109 · Baron Rouleau de Chambly meets Red River Resistance and exploits.,"{""season"": 109, ""response"": ""Exploit"", ""roll"": 5, ""personal_year"": 1869, ""magnitude"": ""Major"", ""tag"": ""Mixed""}",engine,2026-09-08 13:29:26
1663,,founding,confederation,Baron Dickson of Moncton founded,"Season 109 · Baron Dickson of Moncton is created, seated at Fundy Royal.","{""season"": 109, ""stats"": {""capital"": 35, ""influence"": 22, ""cohesion"": 76, ""ambition"": 2}, ""community"": ""Scottish Presbyterian"", ""tag"": ""Progressive""}",engine,2026-09-08 13:29:26
1664,,relational,dominion,Baron Furlong of Émard and Baron Rouleau de LaSalle fall out,Season 110 · Baron Furlong of Émard and Baron Rouleau de LaSalle fall out over a slighted marriage between the two houses.,"{""season"": 110, ""marker"": ""Sig\u2212"", ""cause"": ""friction"", ""grievance"": ""a slighted marriage between the two houses""}",engine,2026-09-08 13:29:27
1665,,societal,confederation,South African War,Season 110 · Baron Stefaniuk of Emerson meets South African War and resists.,"{""season"": 110, ""response"": ""Resist"", ""roll"": 2, ""personal_year"": 1899, ""magnitude"": ""Major"", ""tag"": ""Conservative""}",engine,2026-09-08 13:29:27
1666,,relational,confederation,Baron Stefaniuk of Emerson corresponds with Viscount Marchand de Lac-Saint-Louis,Season 110 · Baron Stefaniuk of Emerson opens a correspondence with Viscount Marchand de Lac-Saint-Louis.,"{""season"": 110, ""marker"": ""\u25ce""}",engine,2026-09-08 13:29:27
1667,,transfer,confederation,Viscount Benjamin of Bellechasse loses Richmond—Arthabaska,Season 110 · Viscount Benjamin of Bellechasse gives up Richmond—Arthabaska (cession).,"{""season"": 110, ""reason"": ""cession"", ""riding"": ""Richmond\u2014Arthabaska""}",engine,2026-09-08 13:29:27
1668,,relational,confederation,Viscount Benjamin of Bellechasse settles with Earl Bouchard de Terrebonne,Season 110 · Viscount Benjamin of Bellechasse settles its grievance with Earl Bouchard de Terrebonne by cession.,"{""season"": 110, ""marker"": ""~"", ""ceded"": ""24061""}",engine,2026-09-08 13:29:27
1669,,expansion,dominion,Viscount McLellan of Belfast takes Moncton—Dieppe,Season 110 · Viscount McLellan of Belfast takes Moncton—Dieppe.,"{""season"": 110, ""riding"": ""Moncton\u2014Dieppe"", ""roll"": 8}",engine,2026-09-08 13:29:27
1670,,other,dominion,Earl Cornwall of Steveston names an heir,Season 110 · Earl Cornwall of Steveston names Reginald Cornwall second heir.,"{""season"": 110, ""heir_age"": 51, ""role"": ""heir2""}",engine,2026-09-08 13:29:27
1671,,expansion,dominion,Earl Meagher of Chatham takes Sudbury,Season 110 · Earl Meagher of Chatham takes Sudbury.,"{""season"": 110, ""riding"": ""Sudbury"", ""roll"": 7}",engine,2026-09-08 13:29:27
1672,,relational,dominion,Marquis Forbes of Preston corresponds with Viscount Colby of Trois-Rivières,Season 110 · Marquis Forbes of Preston opens a correspondence with Viscount Colby of Trois-Rivières.,"{""season"": 110, ""marker"": ""\u25ce""}",engine,2026-09-08 13:29:27
1673,,relational,confederation,Earl Patterson of Kennebecasis and Baron Pegahmagabow of Wawa form a compact,Season 110 · Earl Patterson of Kennebecasis and Baron Pegahmagabow of Wawa enter into a compact.,"{""season"": 110, ""marker"": ""\u25c9+""}",engine,2026-09-08 13:29:27
1674,,relational,confederation,Viscount Bird of Winnipeg corresponds with Viscount Wallace of Perth,Season 110 · Viscount Bird of Winnipeg opens a correspondence with Viscount Wallace of Perth.,"{""season"": 110, ""marker"": ""\u25ce""}",engine,2026-09-08 13:29:27
1675,,other,confederation,Viscount Hendrie of Brampton names an heir,Season 110 · Viscount Hendrie of Brampton names Louisa Hendrie heir.,"{""season"": 110, ""heir_age"": 15, ""role"": ""heir""}",engine,2026-09-08 13:29:27
1676,,societal,confederation,Last Spike at Craigellachie,Season 110 · Viscount Bhullar of Nanaimo meets Last Spike at Craigellachie and leads.,"{""season"": 110, ""response"": ""Lead"", ""roll"": 6, ""personal_year"": 1885, ""magnitude"": ""Significant"", ""tag"": ""Mixed""}",engine,2026-09-08 13:29:27
1677,,expansion,confederation,Viscount Bhullar of Nanaimo takes Yellowhead,Season 110 · Viscount Bhullar of Nanaimo takes Yellowhead.,"{""season"": 110, ""riding"": ""Yellowhead"", ""roll"": 9}",engine,2026-09-08 13:29:27
1678,,elevation,confederation,Viscount Byrne of Cooksville elevated,Season 110 · Baron Byrne of Cooksville is raised to Viscount.,"{""season"": 110, ""from"": ""Baron"", ""to"": ""Viscount""}",engine,2026-09-08 13:29:27
1679,,societal,dominion,Progressives and the First Woman MP,Season 110 · Baron Meagher of Windsor meets Progressives and the First Woman MP and stands aside.,"{""season"": 110, ""response"": ""Neutral"", ""roll"": 1, ""personal_year"": 1921, ""magnitude"": ""Significant"", ""tag"": ""Progressive""}",engine,2026-09-08 13:29:27
1680,,expansion,dominion,Baron Meagher of Windsor takes Huron—Bruce,Season 110 · Baron Meagher of Windsor takes Huron—Bruce.,"{""season"": 110, ""riding"": ""Huron\u2014Bruce"", ""roll"": 7}",engine,2026-09-08 13:29:27
1681,,relational,confederation,Baron Lucas of Oakville corresponds with Baron Meagher of Windsor,Season 110 · Baron Lucas of Oakville opens a correspondence with Baron Meagher of Windsor.,"{""season"": 110, ""marker"": ""+""}",engine,2026-09-08 13:29:27
1682,,other,dominion,Baron Furlong of Émard endows an institution,Season 110 · Baron Furlong of Émard endows an institution.,"{""season"": 110}",engine,2026-09-08 13:29:27
1683,,societal,confederation,Indian Act,Season 110 · Viscount Smoke of Barrie meets Indian Act and stands aside.,"{""season"": 110, ""response"": ""Neutral"", ""roll"": 0, ""personal_year"": 1876, ""magnitude"": ""Major"", ""tag"": ""Conservative""}",engine,2026-09-08 13:29:27
1684,,societal,confederation,Confederation Extension (Manitoba Act),Season 110 · Baron Rouleau de Chambly meets Confederation Extension (Manitoba Act) and leads.,"{""season"": 110, ""response"": ""Lead"", ""roll"": 6, ""personal_year"": 1870, ""magnitude"": ""Major"", ""tag"": ""Mixed""}",engine,2026-09-08 13:29:27
1685,,founding,confederation,Baron Langelier de Rosemont founded,"Season 110 · Baron Langelier de Rosemont is created, seated at Rosemont—La Petite-Patrie.","{""season"": 110, ""stats"": {""capital"": 45, ""influence"": 32, ""cohesion"": 65, ""ambition"": 5}, ""community"": ""Canadien Catholic"", ""tag"": ""Mixed""}",engine,2026-09-08 13:29:27
1686,,relational,confederation,Viscount Elliott of Glengarry corresponds with Earl Bouchard de Terrebonne,Season 111 · Viscount Elliott of Glengarry opens a correspondence with Earl Bouchard de Terrebonne.,"{""season"": 111, ""marker"": ""+""}",engine,2026-09-08 13:29:27
1687,,relational,dominion,Viscount Wallace of Perth corresponds with Viscount Bird of Winnipeg,Season 111 · Viscount Wallace of Perth opens a correspondence with Viscount Bird of Winnipeg.,"{""season"": 111, ""marker"": ""+""}",engine,2026-09-08 13:29:27
1688,,societal,dominion,Alberta and Saskatchewan Created,Season 111 · Earl Bouchard de Terrebonne meets Alberta and Saskatchewan Created and leads.,"{""season"": 111, ""response"": ""Lead"", ""roll"": 6, ""personal_year"": 1905, ""magnitude"": ""Significant"", ""tag"": ""Progressive""}",engine,2026-09-08 13:29:27
1689,,succession,dominion,Earl Hays of Beloeil: clean succession,Season 111 · Moses Hays succeeds to Earl Hays of Beloeil.,"{""season"": 111, ""nature"": ""clean"", ""cause"": ""death""}",engine,2026-09-08 13:29:27
1690,,societal,dominion,Alberta and Saskatchewan Created,Season 111 · Viscount McLellan of Belfast meets Alberta and Saskatchewan Created and resists.,"{""season"": 111, ""response"": ""Resist"", ""roll"": 2, ""personal_year"": 1905, ""magnitude"": ""Significant"", ""tag"": ""Progressive""}",engine,2026-09-08 13:29:27
1691,,societal,dominion,Naval Service Act,Season 111 · Baron Hoover of Simcoe meets Naval Service Act and exploits.,"{""season"": 111, ""response"": ""Exploit"", ""roll"": 4, ""personal_year"": 1910, ""magnitude"": ""Significant"", ""tag"": ""Mixed""}",engine,2026-09-08 13:29:27
1692,,expansion,dominion,Baron Hoover of Simcoe takes Ottawa West—Nepean,Season 111 · Baron Hoover of Simcoe takes Ottawa West—Nepean.,"{""season"": 111, ""riding"": ""Ottawa West\u2014Nepean"", ""roll"": 11}",engine,2026-09-08 13:29:27
1693,,societal,dominion,Alberta and Saskatchewan Created,Season 111 · Marquis Forbes of Preston meets Alberta and Saskatchewan Created and stands aside.,"{""season"": 111, ""response"": ""Neutral"", ""roll"": 1, ""personal_year"": 1905, ""magnitude"": ""Significant"", ""tag"": ""Progressive""}",engine,2026-09-08 13:29:27
1694,,expansion,dominion,Marquis Forbes of Preston takes Fredericton—Oromocto,Season 111 · Marquis Forbes of Preston takes Fredericton—Oromocto.,"{""season"": 111, ""riding"": ""Fredericton\u2014Oromocto"", ""roll"": 7}",engine,2026-09-08 13:29:27
1695,,relational,confederation,Viscount Rochon de Rosedale corresponds with Viscount Cameron of Cornwall,Season 111 · Viscount Rochon de Rosedale opens a correspondence with Viscount Cameron of Cornwall.,"{""season"": 111, ""marker"": ""kin""}",engine,2026-09-08 13:29:27
1696,,societal,dominion,Progressives and the First Woman MP,Season 111 · Viscount Cameron of Cornwall meets Progressives and the First Woman MP and resists.,"{""season"": 111, ""response"": ""Resist"", ""roll"": 3, ""personal_year"": 1921, ""magnitude"": ""Significant"", ""tag"": ""Progressive""}",engine,2026-09-08 13:29:27
1697,,societal,dominion,The Great War,Season 111 · Baron Cardinal of Steinbach meets The Great War and exploits.,"{""season"": 111, ""response"": ""Exploit"", ""roll"": 4, ""personal_year"": 1914, ""magnitude"": ""Major"", ""tag"": ""Global""}",engine,2026-09-08 13:29:27
1698,,succession,confederation,Viscount Hendrie of Brampton: clean succession,Season 111 · Louisa Hendrie succeeds to Viscount Hendrie of Brampton.,"{""season"": 111, ""nature"": ""clean"", ""cause"": ""death""}",engine,2026-09-08 13:29:27
1699,,expansion,confederation,Viscount Hendrie of Brampton takes Brampton West,Season 111 · Viscount Hendrie of Brampton takes Brampton West.,"{""season"": 111, ""riding"": ""Brampton West"", ""roll"": 9}",engine,2026-09-08 13:29:27
1700,,relational,confederation,Viscount Byrne of Cooksville and Viscount Marchand de Lac-Saint-Louis form a compact,Season 111 · Viscount Byrne of Cooksville and Viscount Marchand de Lac-Saint-Louis enter into a compact.,"{""season"": 111, ""marker"": ""\u25c9+""}",engine,2026-09-08 13:29:27
1701,,societal,confederation,Last Spike at Craigellachie,Season 111 · Viscount Marchand de Lac-Saint-Louis meets Last Spike at Craigellachie and exploits.,"{""season"": 111, ""response"": ""Exploit"", ""roll"": 5, ""personal_year"": 1885, ""magnitude"": ""Significant"", ""tag"": ""Mixed""}",engine,2026-09-08 13:29:27
1702,,relational,confederation,Viscount Marchand de Lac-Saint-Louis corresponds with Baron Stefaniuk of Emerson,Season 111 · Viscount Marchand de Lac-Saint-Louis opens a correspondence with Baron Stefaniuk of Emerson.,"{""season"": 111, ""marker"": ""+""}",engine,2026-09-08 13:29:27
1703,,relational,confederation,Viscount Colby of Trois-Rivières corresponds with Marquis Forbes of Preston,Season 111 · Viscount Colby of Trois-Rivières opens a correspondence with Marquis Forbes of Preston.,"{""season"": 111, ""marker"": ""+""}",engine,2026-09-08 13:29:27
1704,,relational,confederation,Baron Lucas of Oakville corresponds with Baron Pegahmagabow of Wawa,Season 111 · Baron Lucas of Oakville opens a correspondence with Baron Pegahmagabow of Wawa.,"{""season"": 111, ""marker"": ""+""}",engine,2026-09-08 13:29:27
1705,,societal,confederation,North-West Resistance,Season 111 · Viscount Dawes of Bourassa meets North-West Resistance and exploits.,"{""season"": 111, ""response"": ""Exploit"", ""roll"": 4, ""personal_year"": 1885, ""magnitude"": ""Major"", ""tag"": ""Conservative""}",engine,2026-09-08 13:29:27
1706,,societal,confederation,CPR Strike,Season 111 · Baron Turgeon de St.-Jerome meets CPR Strike and stands aside.,"{""season"": 111, ""response"": ""Neutral"", ""roll"": 1, ""personal_year"": 1883, ""magnitude"": ""Significant"", ""tag"": ""Mixed""}",engine,2026-09-08 13:29:27
1707,,relational,confederation,Baron Gillies of Aurora and Earl Bouchard de Terrebonne form a compact,Season 111 · Baron Gillies of Aurora and Earl Bouchard de Terrebonne enter into a compact.,"{""season"": 111, ""marker"": ""\u25c9+""}",engine,2026-09-08 13:29:27
1708,,expansion,confederation,Earl Beauvais of Charles-LeMoyne takes Mont-Saint-Bruno—L’Acadie,Season 111 · Earl Beauvais of Charles-LeMoyne takes Mont-Saint-Bruno—L’Acadie.,"{""season"": 111, ""riding"": ""Mont-Saint-Bruno\u2014L\u2019Acadie"", ""roll"": 7}",engine,2026-09-08 13:29:27
1709,,relational,confederation,Viscount Smoke of Barrie corresponds with Viscount Wallace of Perth,Season 111 · Viscount Smoke of Barrie opens a correspondence with Viscount Wallace of Perth.,"{""season"": 111, ""marker"": ""+""}",engine,2026-09-08 13:29:27
1710,,societal,confederation,Pacific Scandal,Season 111 · Baron Benjamin of La Pointe-de-l'Île meets Pacific Scandal and stands aside.,"{""season"": 111, ""response"": ""Neutral"", ""roll"": 0, ""personal_year"": 1873, ""magnitude"": ""Significant"", ""tag"": ""Progressive""}",engine,2026-09-08 13:29:27
1711,,societal,confederation,Pacific Scandal,Season 111 · Viscount Chapais de Saint-Hyacinthe meets Pacific Scandal and stands aside.,"{""season"": 111, ""response"": ""Neutral"", ""roll"": 1, ""personal_year"": 1873, ""magnitude"": ""Significant"", ""tag"": ""Progressive""}",engine,2026-09-08 13:29:27
1712,,societal,confederation,British Columbia Joins; Treaty 1 Signed,Season 111 · Baron Rouleau de Chambly meets British Columbia Joins; Treaty 1 Signed and exploits.,"{""season"": 111, ""response"": ""Exploit"", ""roll"": 5, ""personal_year"": 1871, ""magnitude"": ""Significant"", ""tag"": ""Mixed""}",engine,2026-09-08 13:29:27
1713,,expansion,confederation,Baron Rouleau de Chambly takes Compton—Stanstead,Season 111 · Baron Rouleau de Chambly takes Compton—Stanstead.,"{""season"": 111, ""riding"": ""Compton\u2014Stanstead"", ""roll"": 9}",engine,2026-09-08 13:29:27
1714,,societal,confederation,Red River Resistance,Season 111 · Baron Dickson of Moncton meets Red River Resistance and exploits.,"{""season"": 111, ""response"": ""Exploit"", ""roll"": 4, ""personal_year"": 1869, ""magnitude"": ""Major"", ""tag"": ""Mixed""}",engine,2026-09-08 13:29:27
1715,,expansion,dominion,Baron Stefaniuk of Emerson takes Regina—Lewvan,Season 112 · Baron Stefaniuk of Emerson takes Regina—Lewvan.,"{""season"": 112, ""riding"": ""Regina\u2014Lewvan"", ""roll"": 12}",engine,2026-09-08 13:29:27
1716,,relational,dominion,Earl Cornwall of Steveston corresponds with Viscount Bhullar of Nanaimo,Season 112 · Earl Cornwall of Steveston opens a correspondence with Viscount Bhullar of Nanaimo.,"{""season"": 112, ""marker"": ""kin""}",engine,2026-09-08 13:29:27
1717,,societal,dominion,Reciprocity Election,Season 112 · Baron Hoover of Simcoe meets Reciprocity Election and resists.,"{""season"": 112, ""response"": ""Resist"", ""roll"": 3, ""personal_year"": 1911, ""magnitude"": ""Significant"", ""tag"": ""Conservative""}",engine,2026-09-08 13:29:27
1718,,relational,dominion,Baron Hoover of Simcoe corresponds with Baron Gillies of Woburn,Season 112 · Baron Hoover of Simcoe opens a correspondence with Baron Gillies of Woburn.,"{""season"": 112, ""marker"": ""\u25ce""}",engine,2026-09-08 13:29:27
1719,,succession,dominion,Marquis Forbes of Preston: clean succession,Season 112 · Alexander Forbes succeeds to Marquis Forbes of Preston.,"{""season"": 112, ""nature"": ""clean"", ""cause"": ""death""}",engine,2026-09-08 13:29:27
1720,,relational,dominion,Viscount Cameron of Cornwall corresponds with Baron Proulx de Cumberland,Season 112 · Viscount Cameron of Cornwall opens a correspondence with Baron Proulx de Cumberland.,"{""season"": 112, ""marker"": ""+""}",engine,2026-09-08 13:29:27
1721,,other,confederation,Viscount Bird of Winnipeg names an heir,Season 112 · Viscount Bird of Winnipeg names Annie Bird heir.,"{""season"": 112, ""heir_age"": 25, ""role"": ""heir""}",engine,2026-09-08 13:29:27
1722,,societal,dominion,Chinese Exclusion Act,Season 112 · Baron Meagher of Windsor meets Chinese Exclusion Act and stands aside.,"{""season"": 112, ""response"": ""Neutral"", ""roll"": 1, ""personal_year"": 1923, ""magnitude"": ""Significant"", ""tag"": ""Conservative""}",engine,2026-09-08 13:29:27
1723,,relational,dominion,Baron Meagher of Windsor corresponds with Baron Furlong of Émard,Season 112 · Baron Meagher of Windsor opens a correspondence with Baron Furlong of Émard.,"{""season"": 112, ""marker"": ""\u25ce""}",engine,2026-09-08 13:29:27
1724,,societal,dominion,Alaska Boundary Award,Season 112 · Baron Wallace of Hespeler meets Alaska Boundary Award and resists.,"{""season"": 112, ""response"": ""Resist"", ""roll"": 3, ""personal_year"": 1903, ""magnitude"": ""Minor"", ""tag"": ""Mixed""}",engine,2026-09-08 13:29:27
1725,,relational,confederation,Baron Turgeon de St.-Jerome reconciles with Baron Rouleau de LaSalle,Season 112 · Baron Turgeon de St.-Jerome makes peace with Baron Rouleau de LaSalle.,"{""season"": 112, ""marker"": ""~""}",engine,2026-09-08 13:29:27
1726,,societal,dominion,Alaska Boundary Award,Season 112 · Baron Furlong of Émard meets Alaska Boundary Award and resists.,"{""season"": 112, ""response"": ""Resist"", ""roll"": 3, ""personal_year"": 1903, ""magnitude"": ""Minor"", ""tag"": ""Mixed""}",engine,2026-09-08 13:29:27
1727,,other,confederation,Earl Beauvais of Charles-LeMoyne names an heir,Season 112 · Earl Beauvais of Charles-LeMoyne names William Beauvais heir.,"{""season"": 112, ""heir_age"": 12, ""role"": ""heir""}",engine,2026-09-08 13:29:27
1728,,societal,confederation,National Policy,Season 112 · Viscount Smoke of Barrie meets National Policy and stands aside.,"{""season"": 112, ""response"": ""Neutral"", ""roll"": 0, ""personal_year"": 1878, ""magnitude"": ""Significant"", ""tag"": ""Conservative""}",engine,2026-09-08 13:29:27
1729,,societal,confederation,Long Depression Reaches Canada,Season 112 · Baron Benjamin of La Pointe-de-l'Île meets Long Depression Reaches Canada and leads.,"{""season"": 112, ""response"": ""Lead"", ""roll"": 6, ""personal_year"": 1874, ""magnitude"": ""Major"", ""tag"": ""Conservative""}",engine,2026-09-08 13:29:27
1730,,other,confederation,Baron Benjamin of La Pointe-de-l'Île names an heir,Season 112 · Baron Benjamin of La Pointe-de-l'Île names Samuel Benjamin heir.,"{""season"": 112, ""heir_age"": 15, ""role"": ""heir""}",engine,2026-09-08 13:29:27
1731,,societal,confederation,Long Depression Reaches Canada,Season 112 · Viscount Chapais de Saint-Hyacinthe meets Long Depression Reaches Canada and resists.,"{""season"": 112, ""response"": ""Resist"", ""roll"": 2, ""personal_year"": 1874, ""magnitude"": ""Major"", ""tag"": ""Conservative""}",engine,2026-09-08 13:29:27
1732,,relational,confederation,Baron Rouleau de Chambly corresponds with Earl Meagher of Chatham,Season 112 · Baron Rouleau de Chambly opens a correspondence with Earl Meagher of Chatham.,"{""season"": 112, ""marker"": ""+""}",engine,2026-09-08 13:29:27
1733,,societal,confederation,Confederation Extension (Manitoba Act),Season 112 · Baron Dickson of Moncton meets Confederation Extension (Manitoba Act) and exploits.,"{""season"": 112, ""response"": ""Exploit"", ""roll"": 4, ""personal_year"": 1870, ""magnitude"": ""Major"", ""tag"": ""Mixed""}",engine,2026-09-08 13:29:27
1734,,expansion,confederation,Baron Dickson of Moncton takes Saint John—Kennebecasis,Season 112 · Baron Dickson of Moncton takes Saint John—Kennebecasis.,"{""season"": 112, ""riding"": ""Saint John\u2014Kennebecasis"", ""roll"": 7}",engine,2026-09-08 13:29:27
1735,,societal,confederation,Red River Resistance,Season 112 · Baron Langelier de Rosemont meets Red River Resistance and leads.,"{""season"": 112, ""response"": ""Lead"", ""roll"": 7, ""personal_year"": 1869, ""magnitude"": ""Major"", ""tag"": ""Mixed""}",engine,2026-09-08 13:29:27
1736,,founding,confederation,Viscount Stefaniuk of North Battleford founded,"Season 112 · Viscount Stefaniuk of North Battleford is created, seated at Battlefords—Lloydminster—Meadow Lake.","{""season"": 112, ""stats"": {""capital"": 44, ""influence"": 31, ""cohesion"": 63, ""ambition"": 8}, ""community"": ""Ukrainian"", ""tag"": ""Progressive""}",engine,2026-09-08 13:29:27
1737,,relational,dominion,Viscount Benjamin of Bellechasse and Earl Mercier de Rimouski fall out,Season 113 · Viscount Benjamin of Bellechasse and Earl Mercier de Rimouski fall out over a slighted marriage between the two houses.,"{""season"": 113, ""marker"": ""Sig\u2212"", ""cause"": ""friction"", ""grievance"": ""a slighted marriage between the two houses""}",engine,2026-09-08 13:29:27
1738,,other,confederation,Viscount Elliott of Glengarry names an heir,Season 113 · Viscount Elliott of Glengarry names Brendan Elliott second heir.,"{""season"": 113, ""heir_age"": 34, ""role"": ""heir2""}",engine,2026-09-08 13:29:27
1739,,relational,dominion,Viscount Wallace of Perth corresponds with Baron Hoover of Simcoe,Season 113 · Viscount Wallace of Perth opens a correspondence with Baron Hoover of Simcoe.,"{""season"": 113, ""marker"": ""+""}",engine,2026-09-08 13:29:27
1740,,expansion,dominion,Baron Stefaniuk of Emerson takes Regina—Qu'Appelle,Season 113 · Baron Stefaniuk of Emerson takes Regina—Qu'Appelle.,"{""season"": 113, ""riding"": ""Regina\u2014Qu'Appelle"", ""roll"": 11}",engine,2026-09-08 13:29:27
1741,,relational,dominion,Viscount Benjamin of Bellechasse corresponds with Earl Hays of Beloeil,Season 113 · Viscount Benjamin of Bellechasse opens a correspondence with Earl Hays of Beloeil.,"{""season"": 113, ""marker"": ""\u25ce""}",engine,2026-09-08 13:29:27
1742,,societal,confederation,Montréal Smallpox Epidemic,Season 113 · Earl Mercier de Rimouski meets Montréal Smallpox Epidemic and leads.,"{""season"": 113, ""response"": ""Lead"", ""roll"": 6, ""personal_year"": 1885, ""magnitude"": ""Significant"", ""tag"": ""Progressive""}",engine,2026-09-08 13:29:27
1743,,other,confederation,Earl Mercier de Rimouski names an heir,Season 113 · Earl Mercier de Rimouski names Hermine Mercier heir.,"{""season"": 113, ""heir_age"": 20, ""role"": ""heir""}",engine,2026-09-08 13:29:27
1744,,societal,dominion,Vancouver Anti-Asian Riots,Season 113 · Earl Bouchard de Terrebonne meets Vancouver Anti-Asian Riots and resists.,"{""season"": 113, ""response"": ""Resist"", ""roll"": 2, ""personal_year"": 1907, ""magnitude"": ""Significant"", ""tag"": ""Conservative""}",engine,2026-09-08 13:29:27
1745,,succession,dominion,Earl Bouchard de Terrebonne: clean succession,Season 113 · Blanche Bouchard succeeds to Earl Bouchard de Terrebonne.,"{""season"": 113, ""nature"": ""clean"", ""cause"": ""death""}",engine,2026-09-08 13:29:27
1746,,expansion,confederation,Earl Bouchard de Terrebonne takes Beauce,Season 113 · Earl Bouchard de Terrebonne takes Beauce.,"{""season"": 113, ""riding"": ""Beauce"", ""roll"": 11}",engine,2026-09-08 13:29:27
1747,,societal,dominion,Vancouver Anti-Asian Riots,Season 113 · Viscount McLellan of Belfast meets Vancouver Anti-Asian Riots and resists.,"{""season"": 113, ""response"": ""Resist"", ""roll"": 3, ""personal_year"": 1907, ""magnitude"": ""Significant"", ""tag"": ""Conservative""}",engine,2026-09-08 13:29:27
1748,,societal,dominion,Regulation 17,Season 113 · Baron Hoover of Simcoe meets Regulation 17 and exploits.,"{""season"": 113, ""response"": ""Exploit"", ""roll"": 5, ""personal_year"": 1912, ""magnitude"": ""Major"", ""tag"": ""Conservative""}",engine,2026-09-08 13:29:27
1749,,relational,confederation,Marquis Forbes of Preston corresponds with Earl Beauvais of Charles-LeMoyne,Season 113 · Marquis Forbes of Preston opens a correspondence with Earl Beauvais of Charles-LeMoyne.,"{""season"": 113, ""marker"": ""\u25ce""}",engine,2026-09-08 13:29:27
1750,,other,confederation,Earl Patterson of Kennebecasis names an heir,Season 113 · Earl Patterson of Kennebecasis names Marion Patterson heir.,"{""season"": 113, ""heir_age"": 27, ""role"": ""heir""}",engine,2026-09-08 13:29:27
1751,,societal,dominion,Chinese Exclusion Act,Season 113 · Viscount Cameron of Cornwall meets Chinese Exclusion Act and exploits.,"{""season"": 113, ""response"": ""Exploit"", ""roll"": 4, ""personal_year"": 1923, ""magnitude"": ""Significant"", ""tag"": ""Conservative""}",engine,2026-09-08 13:29:27
1752,,societal,confederation,Long Depression Reaches Canada,Season 113 · Viscount Bird of Winnipeg meets Long Depression Reaches Canada and exploits.,"{""season"": 113, ""response"": ""Exploit"", ""roll"": 4, ""personal_year"": 1874, ""magnitude"": ""Major"", ""tag"": ""Conservative""}",engine,2026-09-08 13:29:27
1753,,societal,dominion,Prairie Women's Suffrage,Season 113 · Baron Cardinal of Steinbach meets Prairie Women's Suffrage and exploits.,"{""season"": 113, ""response"": ""Exploit"", ""roll"": 5, ""personal_year"": 1916, ""magnitude"": ""Significant"", ""tag"": ""Progressive""}",engine,2026-09-08 13:29:27
1754,,expansion,confederation,Viscount Hendrie of Brampton takes York South—Weston—Etobicoke,Season 113 · Viscount Hendrie of Brampton takes York South—Weston—Etobicoke.,"{""season"": 113, ""riding"": ""York South\u2014Weston\u2014Etobicoke"", ""roll"": 11}",engine,2026-09-08 13:29:27
1755,,societal,confederation,Jesuits' Estates Act Controversy,Season 113 · Viscount Bhullar of Nanaimo meets Jesuits' Estates Act Controversy and resists.,"{""season"": 113, ""response"": ""Resist"", ""roll"": 2, ""personal_year"": 1888, ""magnitude"": ""Significant"", ""tag"": ""Conservative""}",engine,2026-09-08 13:29:27
1756,,relational,confederation,Viscount Byrne of Cooksville and Baron Lucas of Oakville form a compact,Season 113 · Viscount Byrne of Cooksville and Baron Lucas of Oakville enter into a compact.,"{""season"": 113, ""marker"": ""\u25c9+""}",engine,2026-09-08 13:29:27
1757,,other,confederation,Baron Gillies of Woburn names an heir,Season 113 · Baron Gillies of Woburn names Lachlan Gillies heir.,"{""season"": 113, ""heir_age"": 37, ""role"": ""heir""}",engine,2026-09-08 13:29:27
1758,,relational,confederation,Viscount Dawes of Bourassa and Earl Bouchard de Terrebonne form a compact,Season 113 · Viscount Dawes of Bourassa and Earl Bouchard de Terrebonne enter into a compact.,"{""season"": 113, ""marker"": ""\u25c9+""}",engine,2026-09-08 13:29:27
1759,,societal,confederation,North-West Resistance,Season 113 · Baron Turgeon de St.-Jerome meets North-West Resistance and resists.,"{""season"": 113, ""response"": ""Resist"", ""roll"": 3, ""personal_year"": 1885, ""magnitude"": ""Major"", ""tag"": ""Conservative""}",engine,2026-09-08 13:29:27
1760,,relational,confederation,Baron Gillies of Aurora corresponds with Viscount Hendrie of Brampton,Season 113 · Baron Gillies of Aurora opens a correspondence with Viscount Hendrie of Brampton.,"{""season"": 113, ""marker"": ""\u25ce""}",engine,2026-09-08 13:29:27
1761,,relational,dominion,Baron Furlong of Émard reconciles with Baron Rouleau de LaSalle,Season 113 · Baron Furlong of Émard makes peace with Baron Rouleau de LaSalle.,"{""season"": 113, ""marker"": ""~""}",engine,2026-09-08 13:29:27
1762,,relational,confederation,Earl Beauvais of Charles-LeMoyne corresponds with Marquis Forbes of Preston,Season 113 · Earl Beauvais of Charles-LeMoyne opens a correspondence with Marquis Forbes of Preston.,"{""season"": 113, ""marker"": ""+""}",engine,2026-09-08 13:29:27
1763,,other,confederation,Viscount Chapais de Saint-Hyacinthe names an heir,Season 113 · Viscount Chapais de Saint-Hyacinthe names Octavien Chapais heir.,"{""season"": 113, ""heir_age"": 38, ""role"": ""heir""}",engine,2026-09-08 13:29:27
1764,,societal,confederation,Pacific Scandal,Season 113 · Baron Rouleau de Chambly meets Pacific Scandal and resists.,"{""season"": 113, ""response"": ""Resist"", ""roll"": 3, ""personal_year"": 1873, ""magnitude"": ""Significant"", ""tag"": ""Progressive""}",engine,2026-09-08 13:29:27
1765,,societal,confederation,British Columbia Joins; Treaty 1 Signed,Season 113 · Baron Dickson of Moncton meets British Columbia Joins; Treaty 1 Signed and stands aside.,"{""season"": 113, ""response"": ""Neutral"", ""roll"": 1, ""personal_year"": 1871, ""magnitude"": ""Significant"", ""tag"": ""Mixed""}",engine,2026-09-08 13:29:27
1766,,societal,confederation,Confederation Extension (Manitoba Act),Season 113 · Baron Langelier de Rosemont meets Confederation Extension (Manitoba Act) and leads.,"{""season"": 113, ""response"": ""Lead"", ""roll"": 7, ""personal_year"": 1870, ""magnitude"": ""Major"", ""tag"": ""Mixed""}",engine,2026-09-08 13:29:27
1767,,founding,confederation,Baron Uniacke of Bowmanville founded,"Season 113 · Baron Uniacke of Bowmanville is created, seated at Bowmanville—Oshawa North.","{""season"": 113, ""stats"": {""capital"": 49, ""influence"": 32, ""cohesion"": 77, ""ambition"": 7}, ""community"": ""Loyalist Anglican"", ""tag"": ""Mixed""}",engine,2026-09-08 13:29:27
1768,,relational,dominion,Viscount Benjamin of Bellechasse and Viscount Colby of Trois-Rivières fall out,Season 114 · Viscount Benjamin of Bellechasse and Viscount Colby of Trois-Rivières fall out over a church and school dispute in the border townships.,"{""season"": 114, ""marker"": ""Sig\u2212"", ""cause"": ""friction"", ""grievance"": ""a church and school dispute in the border townships""}",engine,2026-09-08 13:29:27
1769,,relational,dominion,Viscount Benjamin of Bellechasse and Earl Langelier de Charlevoix fall out,Season 114 · Viscount Benjamin of Bellechasse and Earl Langelier de Charlevoix fall out over the water rights of a shared river.,"{""season"": 114, ""marker"": ""Sig\u2212"", ""cause"": ""friction"", ""grievance"": ""the water rights of a shared river""}",engine,2026-09-08 13:29:27
1770,,relational,dominion,Baron Cardinal of Steinbach and Baron Stefaniuk of Emerson fall out,Season 114 · Baron Cardinal of Steinbach and Baron Stefaniuk of Emerson fall out over a church and school dispute in the border townships.,"{""season"": 114, ""marker"": ""Sig\u2212"", ""cause"": ""friction"", ""grievance"": ""a church and school dispute in the border townships""}",engine,2026-09-08 13:29:27
1771,,relational,confederation,Viscount Hendrie of Brampton and Viscount Rochon de Rosedale fall out,Season 114 · Viscount Hendrie of Brampton and Viscount Rochon de Rosedale fall out over a church and school dispute in the border townships.,"{""season"": 114, ""marker"": ""Sig\u2212"", ""cause"": ""friction"", ""grievance"": ""a church and school dispute in the border townships""}",engine,2026-09-08 13:29:27
1772,,relational,dominion,Viscount Wallace of Perth and Baron Pegahmagabow of Wawa form a compact,Season 114 · Viscount Wallace of Perth and Baron Pegahmagabow of Wawa enter into a compact.,"{""season"": 114, ""marker"": ""\u25c9+""}",engine,2026-09-08 13:29:27
1773,,societal,dominion,Alaska Boundary Award,Season 114 · Baron Stefaniuk of Emerson meets Alaska Boundary Award and stands aside.,"{""season"": 114, ""response"": ""Neutral"", ""roll"": 1, ""personal_year"": 1903, ""magnitude"": ""Minor"", ""tag"": ""Mixed""}",engine,2026-09-08 13:29:27
1774,,other,dominion,Baron Stefaniuk of Emerson names an heir,Season 114 · Baron Stefaniuk of Emerson names Kateryna Stefaniuk second heir.,"{""season"": 114, ""heir_age"": 57, ""role"": ""heir2""}",engine,2026-09-08 13:29:27
1775,,transfer,confederation,Earl Mercier de Rimouski loses Les Pays-d'en-Haut,Season 114 · Earl Mercier de Rimouski gives up Les Pays-d'en-Haut (cession).,"{""season"": 114, ""reason"": ""cession"", ""riding"": ""Les Pays-d'en-Haut""}",engine,2026-09-08 13:29:27
1776,,relational,confederation,Earl Mercier de Rimouski settles with Viscount Benjamin of Bellechasse,Season 114 · Earl Mercier de Rimouski settles its grievance with Viscount Benjamin of Bellechasse by cession.,"{""season"": 114, ""marker"": ""~"", ""ceded"": ""24039""}",engine,2026-09-08 13:29:27
1777,,relational,confederation,Earl Hays of Beloeil wins a dispute with Baron Rouleau de LaSalle,Season 114 · Earl Hays of Beloeil carries a dispute against Baron Rouleau de LaSalle.,"{""season"": 114, ""outcome"": ""won"", ""marker"": ""~""}",engine,2026-09-08 13:29:27
1778,,transfer,dominion,Earl Langelier de Charlevoix loses Chicoutimi—Le Fjord,Season 114 · Earl Langelier de Charlevoix gives up Chicoutimi—Le Fjord (cession).,"{""season"": 114, ""reason"": ""cession"", ""riding"": ""Chicoutimi\u2014Le Fjord""}",engine,2026-09-08 13:29:27
1779,,relational,dominion,Earl Langelier de Charlevoix settles with Viscount Benjamin of Bellechasse,Season 114 · Earl Langelier de Charlevoix settles its grievance with Viscount Benjamin of Bellechasse by cession.,"{""season"": 114, ""marker"": ""~"", ""ceded"": ""24018""}",engine,2026-09-08 13:29:27
1780,,relational,confederation,Viscount Rochon de Rosedale reconciles with Viscount Hendrie of Brampton,Season 114 · Viscount Rochon de Rosedale makes peace with Viscount Hendrie of Brampton.,"{""season"": 114, ""marker"": ""~""}",engine,2026-09-08 13:29:27
1781,,relational,confederation,Earl Patterson of Kennebecasis corresponds with Baron Turgeon de St.-Jerome,Season 114 · Earl Patterson of Kennebecasis opens a correspondence with Baron Turgeon de St.-Jerome.,"{""season"": 114, ""marker"": ""\u25ce""}",engine,2026-09-08 13:29:27
1782,,elevation,confederation,Earl Bird of Winnipeg elevated,Season 114 · Viscount Bird of Winnipeg is raised to Earl.,"{""season"": 114, ""from"": ""Viscount"", ""to"": ""Earl""}",engine,2026-09-08 13:29:27
1783,,societal,dominion,Halifax Explosion,Season 114 · Baron Cardinal of Steinbach meets Halifax Explosion and exploits.,"{""season"": 114, ""response"": ""Exploit"", ""roll"": 4, ""personal_year"": 1917, ""magnitude"": ""Major"", ""tag"": ""Mixed""}",engine,2026-09-08 13:29:27
1784,,other,confederation,Baron Rouleau de LaSalle names an heir,Season 114 · Baron Rouleau de LaSalle names Corinne Rouleau heir.,"{""season"": 114, ""heir_age"": 35, ""role"": ""heir""}",engine,2026-09-08 13:29:27
1785,,expansion,confederation,Viscount Bhullar of Nanaimo takes Peace River—Westlock,Season 114 · Viscount Bhullar of Nanaimo takes Peace River—Westlock.,"{""season"": 114, ""riding"": ""Peace River\u2014Westlock"", ""roll"": 8}",engine,2026-09-08 13:29:27
1786,,societal,dominion,United Church Formed,Season 114 · Baron Meagher of Windsor meets United Church Formed and stands aside.,"{""season"": 114, ""response"": ""Neutral"", ""roll"": 1, ""personal_year"": 1925, ""magnitude"": ""Minor"", ""tag"": ""Progressive""}",engine,2026-09-08 13:29:27
1787,,relational,confederation,Viscount Marchand de Lac-Saint-Louis corresponds with Baron Rouleau de Chambly,Season 114 · Viscount Marchand de Lac-Saint-Louis opens a correspondence with Baron Rouleau de Chambly.,"{""season"": 114, ""marker"": ""\u25ce""}",engine,2026-09-08 13:29:27
1788,,relational,confederation,Baron Skye of Belleville corresponds with Earl Meagher of Chatham,Season 114 · Baron Skye of Belleville opens a correspondence with Earl Meagher of Chatham.,"{""season"": 114, ""marker"": ""+""}",engine,2026-09-08 13:29:27
1789,,relational,confederation,Baron Proulx de Cumberland and Baron Rouleau de LaSalle are joined by marriage,"Season 114 · Delphine Proulx marries Corinne Rouleau, binding Baron Proulx de Cumberland to Baron Rouleau de LaSalle.","{""season"": 114, ""marker"": ""kin""}",engine,2026-09-08 13:29:27
1790,,societal,dominion,Alberta and Saskatchewan Created,Season 114 · Baron Wallace of Hespeler meets Alberta and Saskatchewan Created and exploits.,"{""season"": 114, ""response"": ""Exploit"", ""roll"": 4, ""personal_year"": 1905, ""magnitude"": ""Significant"", ""tag"": ""Progressive""}",engine,2026-09-08 13:29:27
1791,,relational,confederation,Baron Gillies of Aurora and Baron Cardinal of Steinbach form a compact,Season 114 · Baron Gillies of Aurora and Baron Cardinal of Steinbach enter into a compact.,"{""season"": 114, ""marker"": ""\u25c9+""}",engine,2026-09-08 13:29:27
1792,,societal,dominion,Alberta and Saskatchewan Created,Season 114 · Baron Furlong of Émard meets Alberta and Saskatchewan Created and stands aside.,"{""season"": 114, ""response"": ""Neutral"", ""roll"": 1, ""personal_year"": 1905, ""magnitude"": ""Significant"", ""tag"": ""Progressive""}",engine,2026-09-08 13:29:27
1793,,relational,confederation,Earl Beauvais of Charles-LeMoyne corresponds with Baron Pegahmagabow of Wawa,Season 114 · Earl Beauvais of Charles-LeMoyne opens a correspondence with Baron Pegahmagabow of Wawa.,"{""season"": 114, ""marker"": ""\u25ce""}",engine,2026-09-08 13:29:27
1794,,societal,confederation,Indian Act,Season 114 · Baron Benjamin of La Pointe-de-l'Île meets Indian Act and exploits.,"{""season"": 114, ""response"": ""Exploit"", ""roll"": 4, ""personal_year"": 1876, ""magnitude"": ""Major"", ""tag"": ""Conservative""}",engine,2026-09-08 13:29:27
1795,,societal,confederation,Indian Act,Season 114 · Viscount Chapais de Saint-Hyacinthe meets Indian Act and leads.,"{""season"": 114, ""response"": ""Lead"", ""roll"": 6, ""personal_year"": 1876, ""magnitude"": ""Major"", ""tag"": ""Conservative""}",engine,2026-09-08 13:29:27
1796,,relational,confederation,Viscount Chapais de Saint-Hyacinthe corresponds with Earl Hays of Beloeil,Season 114 · Viscount Chapais de Saint-Hyacinthe opens a correspondence with Earl Hays of Beloeil.,"{""season"": 114, ""marker"": ""+""}",engine,2026-09-08 13:29:27
1797,,transfer,confederation,Baron Rouleau de Chambly loses Compton—Stanstead,Season 114 · Baron Rouleau de Chambly gives up Compton—Stanstead (contraction sale).,"{""season"": 114, ""reason"": ""contraction sale"", ""riding"": ""Compton\u2014Stanstead""}",engine,2026-09-08 13:29:27
1798,,societal,confederation,Long Depression Reaches Canada,Season 114 · Baron Rouleau de Chambly meets Long Depression Reaches Canada and stands aside.,"{""season"": 114, ""response"": ""Neutral"", ""roll"": 1, ""personal_year"": 1874, ""magnitude"": ""Major"", ""tag"": ""Conservative""}",engine,2026-09-08 13:29:27
1799,,other,confederation,Baron Rouleau de Chambly names an heir,Season 114 · Baron Rouleau de Chambly names Hermine Rouleau heir.,"{""season"": 114, ""heir_age"": 38, ""role"": ""heir""}",engine,2026-09-08 13:29:27
1800,,relational,confederation,Baron Dickson of Moncton corresponds with Baron Rouleau de Chambly,Season 114 · Baron Dickson of Moncton opens a correspondence with Baron Rouleau de Chambly.,"{""season"": 114, ""marker"": ""\u25ce""}",engine,2026-09-08 13:29:27
1801,,societal,confederation,British Columbia Joins; Treaty 1 Signed,Season 114 · Baron Langelier de Rosemont meets British Columbia Joins; Treaty 1 Signed and exploits.,"{""season"": 114, ""response"": ""Exploit"", ""roll"": 4, ""personal_year"": 1871, ""magnitude"": ""Significant"", ""tag"": ""Mixed""}",engine,2026-09-08 13:29:27
1802,,societal,confederation,Red River Resistance,Season 114 · Viscount Stefaniuk of North Battleford meets Red River Resistance and exploits.,"{""season"": 114, ""response"": ""Exploit"", ""roll"": 4, ""personal_year"": 1869, ""magnitude"": ""Major"", ""tag"": ""Mixed""}",engine,2026-09-08 13:29:27
1803,,succession,confederation,Baron Uniacke of Bowmanville: disorderly succession,Season 114 · Baron Uniacke of Bowmanville passes in disorder to Harriet Uniacke.,"{""season"": 114, ""nature"": ""disorderly"", ""cause"": ""death""}",engine,2026-09-08 13:29:27
1804,,relational,confederation,Baron Uniacke of Bowmanville falls out with Baron Skye of Belleville,,"{""season"": 114, ""marker"": ""Sig\u2212"", ""cause"": ""disorderly succession""}",engine,2026-09-08 13:29:27
1805,,founding,confederation,Baron Jarvis of Spadina founded,"Season 114 · Baron Jarvis of Spadina is created, seated at Spadina—Harbourfront.","{""season"": 114, ""stats"": {""capital"": 39, ""influence"": 36, ""cohesion"": 65, ""ambition"": 7}, ""community"": ""Toronto Industrial and Commercial"", ""tag"": ""Mixed""}",engine,2026-09-08 13:29:27
1806,,relational,confederation,Baron Benjamin of La Pointe-de-l'Île and Baron Turgeon de St.-Jerome fall out,Season 115 · Baron Benjamin of La Pointe-de-l'Île and Baron Turgeon de St.-Jerome fall out over a boundary the two houses read differently.,"{""season"": 115, ""marker"": ""Sig\u2212"", ""cause"": ""friction"", ""grievance"": ""a boundary the two houses read differently""}",engine,2026-09-08 13:29:27
1807,,relational,confederation,Marquis Forbes of Preston and Viscount McLellan of Belfast fall out,Season 115 · Marquis Forbes of Preston and Viscount McLellan of Belfast fall out over a boundary the two houses read differently.,"{""season"": 115, ""marker"": ""Sig\u2212"", ""cause"": ""friction"", ""grievance"": ""a boundary the two houses read differently""}",engine,2026-09-08 13:29:27
1808,,relational,confederation,Baron Lucas of Oakville and Viscount Wallace of Perth fall out,Season 115 · Baron Lucas of Oakville and Viscount Wallace of Perth fall out over a church and school dispute in the border townships.,"{""season"": 115, ""marker"": ""Sig\u2212"", ""cause"": ""friction"", ""grievance"": ""a church and school dispute in the border townships""}",engine,2026-09-08 13:29:27
1809,,relational,confederation,Baron Lucas of Oakville and Baron Wallace of Hespeler fall out,Season 115 · Baron Lucas of Oakville and Baron Wallace of Hespeler fall out over the water rights of a shared river.,"{""season"": 115, ""marker"": ""Sig\u2212"", ""cause"": ""friction"", ""grievance"": ""the water rights of a shared river""}",engine,2026-09-08 13:29:27
1810,,relational,confederation,Baron Lucas of Oakville and Viscount Worts of Milton fall out,Season 115 · Baron Lucas of Oakville and Viscount Worts of Milton fall out over a church and school dispute in the border townships.,"{""season"": 115, ""marker"": ""Sig\u2212"", ""cause"": ""friction"", ""grievance"": ""a church and school dispute in the border townships""}",engine,2026-09-08 13:29:27
1811,,relational,confederation,Viscount Elliott of Glengarry corresponds with Baron Rouleau de Chambly,Season 115 · Viscount Elliott of Glengarry opens a correspondence with Baron Rouleau de Chambly.,"{""season"": 115, ""marker"": ""\u25ce""}",engine,2026-09-08 13:29:27
1812,,founding,dominion,Baron Stefaniuk of Regina founded by partition from Baron Stefaniuk of Emerson,Season 115 · Baron Stefaniuk of Regina is founded by partition from Baron Stefaniuk of Emerson.,"{""season"": 115, ""nature"": ""partition"", ""parent"": ""Stefaniuk""}",engine,2026-09-08 13:29:27
1813,,succession,dominion,Baron Stefaniuk of Emerson: clean succession,Season 115 · Fedir Stefaniuk succeeds to Baron Stefaniuk of Emerson.,"{""season"": 115, ""nature"": ""clean"", ""cause"": ""death""}",engine,2026-09-08 13:29:27
1814,,societal,dominion,The Great War,Season 115 · Viscount Benjamin of Bellechasse meets The Great War and stands aside.,"{""season"": 115, ""response"": ""Neutral"", ""roll"": 1, ""personal_year"": 1914, ""magnitude"": ""Major"", ""tag"": ""Global""}",engine,2026-09-08 13:29:27
1815,,relational,dominion,Earl Mercier de Rimouski corresponds with Baron Hoover of Simcoe,Season 115 · Earl Mercier de Rimouski opens a correspondence with Baron Hoover of Simcoe.,"{""season"": 115, ""marker"": ""\u25ce""}",engine,2026-09-08 13:29:27
1816,,relational,confederation,Earl Bouchard de Terrebonne corresponds with Viscount Chapais de Saint-Hyacinthe,Season 115 · Earl Bouchard de Terrebonne opens a correspondence with Viscount Chapais de Saint-Hyacinthe.,"{""season"": 115, ""marker"": ""\u25ce""}",engine,2026-09-08 13:29:27
1817,,societal,dominion,The Great War,Season 115 · Earl Langelier de Charlevoix meets The Great War and resists.,"{""season"": 115, ""response"": ""Resist"", ""roll"": 2, ""personal_year"": 1914, ""magnitude"": ""Major"", ""tag"": ""Global""}",engine,2026-09-08 13:29:27
1818,,elevation,dominion,Marquis Meagher of Chatham elevated,Season 115 · Earl Meagher of Chatham is raised to Marquis.,"{""season"": 115, ""from"": ""Earl"", ""to"": ""Marquis""}",engine,2026-09-08 13:29:27
1819,,societal,dominion,The Great War,Season 115 · Baron Hoover of Simcoe meets The Great War and resists.,"{""season"": 115, ""response"": ""Resist"", ""roll"": 3, ""personal_year"": 1914, ""magnitude"": ""Major"", ""tag"": ""Global""}",engine,2026-09-08 13:29:27
1820,,succession,dominion,Baron Hoover of Simcoe: clean succession,Season 115 · Wilhelm Hoover succeeds to Baron Hoover of Simcoe.,"{""season"": 115, ""nature"": ""clean"", ""cause"": ""death""}",engine,2026-09-08 13:29:27
1821,,societal,confederation,Klondike Gold Rush,Season 115 · Viscount Rochon de Rosedale meets Klondike Gold Rush and resists.,"{""season"": 115, ""response"": ""Resist"", ""roll"": 2, ""personal_year"": 1897, ""magnitude"": ""Significant"", ""tag"": ""Mixed""}",engine,2026-09-08 13:29:27
1822,,societal,dominion,United Church Formed,Season 115 · Viscount Cameron of Cornwall meets United Church Formed and resists.,"{""season"": 115, ""response"": ""Resist"", ""roll"": 2, ""personal_year"": 1925, ""magnitude"": ""Minor"", ""tag"": ""Progressive""}",engine,2026-09-08 13:29:27
1823,,societal,confederation,Indian Act,Season 115 · Earl Bird of Winnipeg meets Indian Act and resists.,"{""season"": 115, ""response"": ""Resist"", ""roll"": 2, ""personal_year"": 1876, ""magnitude"": ""Major"", ""tag"": ""Conservative""}",engine,2026-09-08 13:29:27
1824,,relational,confederation,Earl Bird of Winnipeg and Baron Gillies of Woburn are joined by marriage,"Season 115 · Annie Bird marries Lachlan Gillies, binding Earl Bird of Winnipeg to Baron Gillies of Woburn.","{""season"": 115, ""marker"": ""kin""}",engine,2026-09-08 13:29:27
1825,,societal,dominion,Spanish Influenza,Season 115 · Baron Cardinal of Steinbach meets Spanish Influenza and resists.,"{""season"": 115, ""response"": ""Resist"", ""roll"": 2, ""personal_year"": 1918, ""magnitude"": ""Significant"", ""tag"": ""Global""}",engine,2026-09-08 13:29:27
1826,,relational,dominion,Baron Cardinal of Steinbach wins a dispute with Baron Stefaniuk of Emerson,Season 115 · Baron Cardinal of Steinbach carries a dispute against Baron Stefaniuk of Emerson.,"{""season"": 115, ""outcome"": ""won"", ""marker"": ""\u2296""}",engine,2026-09-08 13:29:27
1827,,societal,confederation,Manitoba Schools Question,Season 115 · Viscount Bhullar of Nanaimo meets Manitoba Schools Question and stands aside.,"{""season"": 115, ""response"": ""Neutral"", ""roll"": 0, ""personal_year"": 1890, ""magnitude"": ""Major"", ""tag"": ""Conservative""}",engine,2026-09-08 13:29:27
1828,,succession,dominion,Baron Meagher of Windsor: clean succession,Season 115 · Catherine Meagher succeeds to Baron Meagher of Windsor.,"{""season"": 115, ""nature"": ""clean"", ""cause"": ""death""}",engine,2026-09-08 13:29:27
1829,,transfer,confederation,Baron Skye of Belleville loses Haliburton—Kawartha Lakes,Season 115 · Baron Skye of Belleville gives up Haliburton—Kawartha Lakes (cession).,"{""season"": 115, ""reason"": ""cession"", ""riding"": ""Haliburton\u2014Kawartha Lakes""}",engine,2026-09-08 13:29:27
1830,,relational,confederation,Baron Skye of Belleville settles with Baron Uniacke of Bowmanville,Season 115 · Baron Skye of Belleville settles its grievance with Baron Uniacke of Bowmanville by cession.,"{""season"": 115, ""marker"": ""~"", ""ceded"": ""35035""}",engine,2026-09-08 13:29:27
1831,,relational,confederation,Baron Gillies of Woburn and Baron Lucas of Oakville form a compact,Season 115 · Baron Gillies of Woburn and Baron Lucas of Oakville enter into a compact.,"{""season"": 115, ""marker"": ""\u25c9+""}",engine,2026-09-08 13:29:27
1832,,succession,dominion,Baron Furlong of Émard: clean succession,Season 115 · Margaret Furlong succeeds to Baron Furlong of Émard.,"{""season"": 115, ""nature"": ""clean"", ""cause"": ""death""}",engine,2026-09-08 13:29:27
1833,,societal,confederation,Canadian Pacific Railway Chartered,Season 115 · Viscount Smoke of Barrie meets Canadian Pacific Railway Chartered and resists.,"{""season"": 115, ""response"": ""Resist"", ""roll"": 2, ""personal_year"": 1881, ""magnitude"": ""Significant"", ""tag"": ""Mixed""}",engine,2026-09-08 13:29:27
1834,,relational,confederation,Baron Rouleau de Chambly and Marquis Meagher of Chatham form a compact,Season 115 · Baron Rouleau de Chambly and Marquis Meagher of Chatham enter into a compact.,"{""season"": 115, ""marker"": ""\u25c9+""}",engine,2026-09-08 13:29:27
1835,,societal,confederation,Pacific Scandal,Season 115 · Baron Dickson of Moncton meets Pacific Scandal and resists.,"{""season"": 115, ""response"": ""Resist"", ""roll"": 2, ""personal_year"": 1873, ""magnitude"": ""Significant"", ""tag"": ""Progressive""}",engine,2026-09-08 13:29:27
1836,,societal,confederation,Confederation Extension (Manitoba Act),Season 115 · Viscount Stefaniuk of North Battleford meets Confederation Extension (Manitoba Act) and resists.,"{""season"": 115, ""response"": ""Resist"", ""roll"": 2, ""personal_year"": 1870, ""magnitude"": ""Major"", ""tag"": ""Mixed""}",engine,2026-09-08 13:29:27
1837,,societal,confederation,Laurier Elected,Season 115 · Baron Uniacke of Bowmanville meets Laurier Elected and exploits.,"{""season"": 115, ""response"": ""Exploit"", ""roll"": 5, ""personal_year"": 1896, ""magnitude"": ""Significant"", ""tag"": ""Progressive""}",engine,2026-09-08 13:29:27
1838,,other,confederation,Baron Uniacke of Bowmanville names an heir,Season 115 · Baron Uniacke of Bowmanville names Robert Uniacke heir.,"{""season"": 115, ""heir_age"": 12, ""role"": ""heir""}",engine,2026-09-08 13:29:27
1839,,relational,confederation,Earl Beauvais of Charles-LeMoyne and Baron Benjamin of La Pointe-de-l'Île fall out,Season 116 · Earl Beauvais of Charles-LeMoyne and Baron Benjamin of La Pointe-de-l'Île fall out over the patronage of a shared riding's offices.,"{""season"": 116, ""marker"": ""Sig\u2212"", ""cause"": ""friction"", ""grievance"": ""the patronage of a shared riding's offices""}",engine,2026-09-08 13:29:27
1840,,societal,dominion,Winnipeg General Strike,Season 116 · Baron Stefaniuk of Emerson meets Winnipeg General Strike and resists.,"{""season"": 116, ""response"": ""Resist"", ""roll"": 2, ""personal_year"": 1919, ""magnitude"": ""Major"", ""tag"": ""Mixed""}",engine,2026-09-08 13:29:27
1841,,relational,dominion,Baron Stefaniuk of Emerson corresponds with Earl Beauvais of Charles-LeMoyne,Season 116 · Baron Stefaniuk of Emerson opens a correspondence with Earl Beauvais of Charles-LeMoyne.,"{""season"": 116, ""marker"": ""\u25ce""}",engine,2026-09-08 13:29:27
1842,,succession,dominion,Viscount Benjamin of Bellechasse: clean succession,Season 116 · David Benjamin succeeds to Viscount Benjamin of Bellechasse.,"{""season"": 116, ""nature"": ""clean"", ""cause"": ""death""}",engine,2026-09-08 13:29:27
1843,,relational,confederation,Viscount Benjamin of Bellechasse loses a dispute with Viscount Colby of Trois-Rivières,Season 116 · Viscount Benjamin of Bellechasse presses a claim against Viscount Colby of Trois-Rivières and is rebuffed.,"{""season"": 116, ""outcome"": ""lost""}",engine,2026-09-08 13:29:27
1844,,elevation,dominion,Marquis Mercier de Rimouski elevated,Season 116 · Earl Mercier de Rimouski is raised to Marquis.,"{""season"": 116, ""from"": ""Earl"", ""to"": ""Marquis""}",engine,2026-09-08 13:29:27
1845,,societal,dominion,Naval Service Act,Season 116 · Viscount McLellan of Belfast meets Naval Service Act and stands aside.,"{""season"": 116, ""response"": ""Neutral"", ""roll"": 1, ""personal_year"": 1910, ""magnitude"": ""Significant"", ""tag"": ""Mixed""}",engine,2026-09-08 13:29:27
1846,,founding,dominion,Baron Cornwall of Revelstoke founded by partition from Earl Cornwall of Steveston,Season 116 · Baron Cornwall of Revelstoke is founded by partition from Earl Cornwall of Steveston.,"{""season"": 116, ""nature"": ""partition"", ""parent"": ""Cornwall""}",engine,2026-09-08 13:29:27
1847,,succession,dominion,Earl Cornwall of Steveston: clean succession,Season 116 · Anne Cornwall succeeds to Earl Cornwall of Steveston.,"{""season"": 116, ""nature"": ""clean"", ""cause"": ""death""}",engine,2026-09-08 13:29:27
1848,,relational,confederation,Earl Cornwall of Steveston corresponds with Baron Stefaniuk of Regina,Season 116 · Earl Cornwall of Steveston opens a correspondence with Baron Stefaniuk of Regina.,"{""season"": 116, ""marker"": ""\u25ce""}",engine,2026-09-08 13:29:27
1849,,relational,confederation,Baron Hoover of Simcoe corresponds with Baron Gillies of Woburn,Season 116 · Baron Hoover of Simcoe opens a correspondence with Baron Gillies of Woburn.,"{""season"": 116, ""marker"": ""+""}",engine,2026-09-08 13:29:27
1850,,transfer,confederation,Earl Bouchard de Terrebonne absorbs Marquis Forbes of Preston,Season 116 · Earl Bouchard de Terrebonne absorbs Marquis Forbes of Preston.,"{""season"": 116, ""nature"": ""absorption"", ""reason"": ""escheat: no successor""}",engine,2026-09-08 13:29:27
1851,,relational,confederation,Earl Patterson of Kennebecasis corresponds with Baron Turgeon de St.-Jerome,Season 116 · Earl Patterson of Kennebecasis opens a correspondence with Baron Turgeon de St.-Jerome.,"{""season"": 116, ""marker"": ""+""}",engine,2026-09-08 13:29:27
1852,,expansion,dominion,Viscount Cameron of Cornwall takes Whitby,Season 116 · Viscount Cameron of Cornwall takes Whitby.,"{""season"": 116, ""riding"": ""Whitby"", ""roll"": 9}",engine,2026-09-08 13:29:27
1853,,relational,confederation,Earl Bird of Winnipeg corresponds with Baron Proulx de Cumberland,Season 116 · Earl Bird of Winnipeg opens a correspondence with Baron Proulx de Cumberland.,"{""season"": 116, ""marker"": ""\u25ce""}",engine,2026-09-08 13:29:27
1854,,societal,dominion,Nickle Resolution Defeated,Season 116 · Baron Cardinal of Steinbach meets Nickle Resolution Defeated and leads.,"{""season"": 116, ""response"": ""Lead"", ""roll"": 7, ""personal_year"": 1919, ""magnitude"": ""Minor"", ""tag"": ""Mixed""}",engine,2026-09-08 13:29:27
1855,,societal,confederation,Death of Sir John A. Macdonald,Season 116 · Viscount Bhullar of Nanaimo meets Death of Sir John A. Macdonald and resists.,"{""season"": 116, ""response"": ""Resist"", ""roll"": 2, ""personal_year"": 1891, ""magnitude"": ""Minor"", ""tag"": ""Mixed""}",engine,2026-09-08 13:29:27
1856,,relational,confederation,Baron Pegahmagabow of Wawa corresponds with Earl Beauvais of Charles-LeMoyne,Season 116 · Baron Pegahmagabow of Wawa opens a correspondence with Earl Beauvais of Charles-LeMoyne.,"{""season"": 116, ""marker"": ""+""}",engine,2026-09-08 13:29:27
1857,,societal,confederation,Diamond Jubilee,Season 116 · Baron Skye of Belleville meets Diamond Jubilee and stands aside.,"{""season"": 116, ""response"": ""Neutral"", ""roll"": 1, ""personal_year"": 1897, ""magnitude"": ""Minor"", ""tag"": ""Conservative""}",engine,2026-09-08 13:29:27
1858,,relational,confederation,Baron Proulx de Cumberland corresponds with Earl Bird of Winnipeg,Season 116 · Baron Proulx de Cumberland opens a correspondence with Earl Bird of Winnipeg.,"{""season"": 116, ""marker"": ""+""}",engine,2026-09-08 13:29:27
1859,,transfer,confederation,Baron Lucas of Oakville loses Burlington,Season 116 · Baron Lucas of Oakville gives up Burlington (cession).,"{""season"": 116, ""reason"": ""cession"", ""riding"": ""Burlington""}",engine,2026-09-08 13:29:27
1860,,relational,confederation,Baron Lucas of Oakville settles with Viscount Worts of Milton,Season 116 · Baron Lucas of Oakville settles its grievance with Viscount Worts of Milton by cession.,"{""season"": 116, ""marker"": ""~"", ""ceded"": ""35017""}",engine,2026-09-08 13:29:27
1861,,societal,dominion,Vancouver Anti-Asian Riots,Season 116 · Baron Wallace of Hespeler meets Vancouver Anti-Asian Riots and stands aside.,"{""season"": 116, ""response"": ""Neutral"", ""roll"": 1, ""personal_year"": 1907, ""magnitude"": ""Significant"", ""tag"": ""Conservative""}",engine,2026-09-08 13:29:27
1862,,societal,confederation,Jesuits' Estates Act Controversy,Season 116 · Baron Turgeon de St.-Jerome meets Jesuits' Estates Act Controversy and resists.,"{""season"": 116, ""response"": ""Resist"", ""roll"": 3, ""personal_year"": 1888, ""magnitude"": ""Significant"", ""tag"": ""Conservative""}",engine,2026-09-08 13:29:27
1863,,relational,confederation,Earl Beauvais of Charles-LeMoyne corresponds with Baron Stefaniuk of Emerson,Season 116 · Earl Beauvais of Charles-LeMoyne opens a correspondence with Baron Stefaniuk of Emerson.,"{""season"": 116, ""marker"": ""+""}",engine,2026-09-08 13:29:27
1864,,expansion,confederation,Viscount Smoke of Barrie takes Barrie—Springwater—Oro-Medonte,Season 116 · Viscount Smoke of Barrie takes Barrie—Springwater—Oro-Medonte.,"{""season"": 116, ""riding"": ""Barrie\u2014Springwater\u2014Oro-Medonte"", ""roll"": 9}",engine,2026-09-08 13:29:27
1865,,societal,confederation,National Policy,Season 116 · Baron Benjamin of La Pointe-de-l'Île meets National Policy and leads.,"{""season"": 116, ""response"": ""Lead"", ""roll"": 7, ""personal_year"": 1878, ""magnitude"": ""Significant"", ""tag"": ""Conservative""}",engine,2026-09-08 13:29:27
1866,,societal,confederation,National Policy,Season 116 · Viscount Chapais de Saint-Hyacinthe meets National Policy and stands aside.,"{""season"": 116, ""response"": ""Neutral"", ""roll"": 1, ""personal_year"": 1878, ""magnitude"": ""Significant"", ""tag"": ""Conservative""}",engine,2026-09-08 13:29:27
1867,,societal,confederation,Indian Act,Season 116 · Baron Rouleau de Chambly meets Indian Act and stands aside.,"{""season"": 116, ""response"": ""Neutral"", ""roll"": 1, ""personal_year"": 1876, ""magnitude"": ""Major"", ""tag"": ""Conservative""}",engine,2026-09-08 13:29:27
1868,,relational,confederation,Baron Rouleau de Chambly corresponds with Viscount Marchand de Lac-Saint-Louis,Season 116 · Baron Rouleau de Chambly opens a correspondence with Viscount Marchand de Lac-Saint-Louis.,"{""season"": 116, ""marker"": ""+""}",engine,2026-09-08 13:29:27
1869,,societal,confederation,Long Depression Reaches Canada,Season 116 · Baron Dickson of Moncton meets Long Depression Reaches Canada and stands aside.,"{""season"": 116, ""response"": ""Neutral"", ""roll"": 0, ""personal_year"": 1874, ""magnitude"": ""Major"", ""tag"": ""Conservative""}",engine,2026-09-08 13:29:27
1870,,other,confederation,Baron Dickson of Moncton names an heir,Season 116 · Baron Dickson of Moncton names Farquhar Dickson heir.,"{""season"": 116, ""heir_age"": 26, ""role"": ""heir""}",engine,2026-09-08 13:29:27
1871,,societal,confederation,Pacific Scandal,Season 116 · Baron Langelier de Rosemont meets Pacific Scandal and resists.,"{""season"": 116, ""response"": ""Resist"", ""roll"": 2, ""personal_year"": 1873, ""magnitude"": ""Significant"", ""tag"": ""Progressive""}",engine,2026-09-08 13:29:27
1872,,societal,confederation,British Columbia Joins; Treaty 1 Signed,Season 116 · Viscount Stefaniuk of North Battleford meets British Columbia Joins; Treaty 1 Signed and resists.,"{""season"": 116, ""response"": ""Resist"", ""roll"": 3, ""personal_year"": 1871, ""magnitude"": ""Significant"", ""tag"": ""Mixed""}",engine,2026-09-08 13:29:27
1873,,expansion,confederation,Viscount Stefaniuk of North Battleford takes Swift Current—Grasslands—Kindersley,Season 116 · Viscount Stefaniuk of North Battleford takes Swift Current—Grasslands—Kindersley.,"{""season"": 116, ""riding"": ""Swift Current\u2014Grasslands\u2014Kindersley"", ""roll"": 7}",engine,2026-09-08 13:29:27
1874,,societal,confederation,Klondike Gold Rush,Season 116 · Baron Uniacke of Bowmanville meets Klondike Gold Rush and leads.,"{""season"": 116, ""response"": ""Lead"", ""roll"": 6, ""personal_year"": 1897, ""magnitude"": ""Significant"", ""tag"": ""Mixed""}",engine,2026-09-08 13:29:27
1875,,expansion,confederation,Baron Uniacke of Bowmanville takes Oshawa,Season 116 · Baron Uniacke of Bowmanville takes Oshawa.,"{""season"": 116, ""riding"": ""Oshawa"", ""roll"": 11}",engine,2026-09-08 13:29:27
1876,,societal,confederation,Red River Resistance,Season 116 · Baron Jarvis of Spadina meets Red River Resistance and leads.,"{""season"": 116, ""response"": ""Lead"", ""roll"": 7, ""personal_year"": 1869, ""magnitude"": ""Major"", ""tag"": ""Mixed""}",engine,2026-09-08 13:29:27
1877,,founding,confederation,Baron Dyck of Calgary McKnight founded,"Season 116 · Baron Dyck of Calgary McKnight is created, seated at Calgary McKnight.","{""season"": 116, ""stats"": {""capital"": 32, ""influence"": 24, ""cohesion"": 63, ""ambition"": 6}, ""community"": ""Mennonite"", ""tag"": ""Progressive""}",engine,2026-09-08 13:29:27
1878,,relational,dominion,Marquis Mercier de Rimouski corresponds with Baron Hoover of Simcoe,Season 117 · Marquis Mercier de Rimouski opens a correspondence with Baron Hoover of Simcoe.,"{""season"": 117, ""marker"": ""+""}",engine,2026-09-08 13:29:27
1879,,societal,dominion,Reciprocity Election,Season 117 · Viscount McLellan of Belfast meets Reciprocity Election and resists.,"{""season"": 117, ""response"": ""Resist"", ""roll"": 2, ""personal_year"": 1911, ""magnitude"": ""Significant"", ""tag"": ""Conservative""}",engine,2026-09-08 13:29:27
1880,,relational,confederation,Earl Cornwall of Steveston corresponds with Baron Stefaniuk of Regina,Season 117 · Earl Cornwall of Steveston opens a correspondence with Baron Stefaniuk of Regina.,"{""season"": 117, ""marker"": ""+""}",engine,2026-09-08 13:29:27
1881,,other,dominion,Earl Langelier de Charlevoix endows an institution,Season 117 · Earl Langelier de Charlevoix endows an institution.,"{""season"": 117}",engine,2026-09-08 13:29:27
1882,,relational,dominion,Baron Cardinal of Steinbach corresponds with Earl Beauvais of Charles-LeMoyne,Season 117 · Baron Cardinal of Steinbach opens a correspondence with Earl Beauvais of Charles-LeMoyne.,"{""season"": 117, ""marker"": ""\u25ce""}",engine,2026-09-08 13:29:27
1883,,societal,confederation,North-West Resistance,Season 117 · Viscount Byrne of Cooksville meets North-West Resistance and exploits.,"{""season"": 117, ""response"": ""Exploit"", ""roll"": 5, ""personal_year"": 1885, ""magnitude"": ""Major"", ""tag"": ""Conservative""}",engine,2026-09-08 13:29:27
1884,,relational,confederation,Baron Turgeon de St.-Jerome and Earl Patterson of Kennebecasis are joined by marriage,"Season 117 · Corinne Turgeon marries Marion Patterson, binding Baron Turgeon de St.-Jerome to Earl Patterson of Kennebecasis.","{""season"": 117, ""marker"": ""kin""}",engine,2026-09-08 13:29:27
1885,,relational,confederation,Baron Furlong of Émard corresponds with Baron Meagher of Windsor,Season 117 · Baron Furlong of Émard opens a correspondence with Baron Meagher of Windsor.,"{""season"": 117, ""marker"": ""+""}",engine,2026-09-08 13:29:27
1886,,relational,confederation,Earl Beauvais of Charles-LeMoyne corresponds with Baron Cardinal of Steinbach,Season 117 · Earl Beauvais of Charles-LeMoyne opens a correspondence with Baron Cardinal of Steinbach.,"{""season"": 117, ""marker"": ""+""}",engine,2026-09-08 13:29:27
1887,,societal,confederation,CPR Strike,Season 117 · Viscount Smoke of Barrie meets CPR Strike and resists.,"{""season"": 117, ""response"": ""Resist"", ""roll"": 3, ""personal_year"": 1883, ""magnitude"": ""Significant"", ""tag"": ""Mixed""}",engine,2026-09-08 13:29:27
1888,,succession,confederation,Baron Rouleau de Chambly: clean succession,Season 117 · Hermine Rouleau succeeds to Baron Rouleau de Chambly.,"{""season"": 117, ""nature"": ""clean"", ""cause"": ""death""}",engine,2026-09-08 13:29:27
1889,,societal,confederation,Long Depression Reaches Canada,Season 117 · Baron Langelier de Rosemont meets Long Depression Reaches Canada and resists.,"{""season"": 117, ""response"": ""Resist"", ""roll"": 2, ""personal_year"": 1874, ""magnitude"": ""Major"", ""tag"": ""Conservative""}",engine,2026-09-08 13:29:27
1890,,other,confederation,Baron Langelier de Rosemont names an heir,Season 117 · Baron Langelier de Rosemont names Angélique Langelier heir.,"{""season"": 117, ""heir_age"": 15, ""role"": ""heir""}",engine,2026-09-08 13:29:27
1891,,expansion,confederation,Viscount Stefaniuk of North Battleford takes Desnethé—Missinippi—Churchill River,Season 117 · Viscount Stefaniuk of North Battleford takes Desnethé—Missinippi—Churchill River.,"{""season"": 117, ""riding"": ""Desneth\u00e9\u2014Missinippi\u2014Churchill River"", ""roll"": 8}",engine,2026-09-08 13:29:27
1892,,societal,confederation,Confederation Extension (Manitoba Act),Season 117 · Baron Jarvis of Spadina meets Confederation Extension (Manitoba Act) and resists.,"{""season"": 117, ""response"": ""Resist"", ""roll"": 2, ""personal_year"": 1870, ""magnitude"": ""Major"", ""tag"": ""Mixed""}",engine,2026-09-08 13:29:27
1893,,expansion,confederation,Baron Jarvis of Spadina takes Toronto Centre,Season 117 · Baron Jarvis of Spadina takes Toronto Centre.,"{""season"": 117, ""riding"": ""Toronto Centre"", ""roll"": 11}",engine,2026-09-08 13:29:27
1894,,societal,confederation,Red River Resistance,Season 117 · Baron Stefaniuk of Regina meets Red River Resistance and resists.,"{""season"": 117, ""response"": ""Resist"", ""roll"": 3, ""personal_year"": 1869, ""magnitude"": ""Major"", ""tag"": ""Mixed""}",engine,2026-09-08 13:29:27
1895,,relational,confederation,Baron Cornwall of Revelstoke corresponds with Viscount Stefaniuk of North Battleford,Season 117 · Baron Cornwall of Revelstoke opens a correspondence with Viscount Stefaniuk of North Battleford.,"{""season"": 117, ""marker"": ""\u25ce""}",engine,2026-09-08 13:29:27
1896,,founding,confederation,Baron Shawanaga of Waterloo founded,"Season 117 · Baron Shawanaga of Waterloo is created, seated at Waterloo.","{""season"": 117, ""stats"": {""capital"": 35, ""influence"": 34, ""cohesion"": 70, ""ambition"": 3}, ""community"": ""Anishinaabe"", ""tag"": ""Progressive""}",engine,2026-09-08 13:29:27
1897,,relational,confederation,Baron Furlong of Émard and Baron Rouleau de LaSalle fall out,Season 118 · Baron Furlong of Émard and Baron Rouleau de LaSalle fall out over the patronage of a shared riding's offices.,"{""season"": 118, ""marker"": ""Sig\u2212"", ""cause"": ""friction"", ""grievance"": ""the patronage of a shared riding's offices""}",engine,2026-09-08 13:29:27
1898,,relational,confederation,Baron Proulx de Cumberland and Baron Turgeon de St.-Jerome fall out,Season 118 · Baron Proulx de Cumberland and Baron Turgeon de St.-Jerome fall out over the patronage of a shared riding's offices.,"{""season"": 118, ""marker"": ""Sig\u2212"", ""cause"": ""friction"", ""grievance"": ""the patronage of a shared riding's offices""}",engine,2026-09-08 13:29:27
1899,,relational,dominion,Viscount Wallace of Perth corresponds with Marquis Meagher of Chatham,Season 118 · Viscount Wallace of Perth opens a correspondence with Marquis Meagher of Chatham.,"{""season"": 118, ""marker"": ""+""}",engine,2026-09-08 13:29:27
1900,,societal,dominion,Progressives and the First Woman MP,Season 118 · Baron Stefaniuk of Emerson meets Progressives and the First Woman MP and resists.,"{""season"": 118, ""response"": ""Resist"", ""roll"": 3, ""personal_year"": 1921, ""magnitude"": ""Significant"", ""tag"": ""Progressive""}",engine,2026-09-08 13:29:27
1901,,relational,dominion,Marquis Mercier de Rimouski corresponds with Baron Skye of Belleville,Season 118 · Marquis Mercier de Rimouski opens a correspondence with Baron Skye of Belleville.,"{""season"": 118, ""marker"": ""\u25ce""}",engine,2026-09-08 13:29:27
1902,,societal,dominion,Regulation 17,Season 118 · Viscount McLellan of Belfast meets Regulation 17 and resists.,"{""season"": 118, ""response"": ""Resist"", ""roll"": 2, ""personal_year"": 1912, ""magnitude"": ""Major"", ""tag"": ""Conservative""}",engine,2026-09-08 13:29:27
1903,,societal,dominion,Conscription Crisis,Season 118 · Earl Langelier de Charlevoix meets Conscription Crisis and leads.,"{""season"": 118, ""response"": ""Lead"", ""roll"": 6, ""personal_year"": 1917, ""magnitude"": ""Major"", ""tag"": ""Mixed""}",engine,2026-09-08 13:29:27
1904,,relational,dominion,Viscount Rochon de Rosedale and Baron Wallace of Hespeler are joined by marriage,"Season 118 · Marie Rochon marries William Wallace, binding Viscount Rochon de Rosedale to Baron Wallace of Hespeler.","{""season"": 118, ""marker"": ""kin""}",engine,2026-09-08 13:29:27
1905,,expansion,confederation,Earl Patterson of Kennebecasis takes Rimouski—La Matapédia,Season 118 · Earl Patterson of Kennebecasis takes Rimouski—La Matapédia.,"{""season"": 118, ""riding"": ""Rimouski\u2014La Matap\u00e9dia"", ""roll"": 8}",engine,2026-09-08 13:29:27
1906,,societal,dominion,Progressives and the First Woman MP,Season 118 · Baron Cardinal of Steinbach meets Progressives and the First Woman MP and exploits.,"{""season"": 118, ""response"": ""Exploit"", ""roll"": 5, ""personal_year"": 1921, ""magnitude"": ""Significant"", ""tag"": ""Progressive""}",engine,2026-09-08 13:29:27
1907,,relational,confederation,Baron Pegahmagabow of Wawa and Earl Beauvais of Charles-LeMoyne form a compact,Season 118 · Baron Pegahmagabow of Wawa and Earl Beauvais of Charles-LeMoyne enter into a compact.,"{""season"": 118, ""marker"": ""\u25c9+""}",engine,2026-09-08 13:29:27
1908,,societal,confederation,South African War,Season 118 · Baron Skye of Belleville meets South African War and leads.,"{""season"": 118, ""response"": ""Lead"", ""roll"": 6, ""personal_year"": 1899, ""magnitude"": ""Major"", ""tag"": ""Conservative""}",engine,2026-09-08 13:29:27
1909,,societal,confederation,Laurier Elected,Season 118 · Viscount Worts of Milton meets Laurier Elected and stands aside.,"{""season"": 118, ""response"": ""Neutral"", ""roll"": 0, ""personal_year"": 1896, ""magnitude"": ""Significant"", ""tag"": ""Progressive""}",engine,2026-09-08 13:29:27
1910,,relational,confederation,Viscount Worts of Milton corresponds with Baron Furlong of Émard,Season 118 · Viscount Worts of Milton opens a correspondence with Baron Furlong of Émard.,"{""season"": 118, ""marker"": ""\u25ce""}",engine,2026-09-08 13:29:27
1911,,societal,confederation,Laurier Elected,Season 118 · Baron Lucas of Oakville meets Laurier Elected and leads.,"{""season"": 118, ""response"": ""Lead"", ""roll"": 6, ""personal_year"": 1896, ""magnitude"": ""Significant"", ""tag"": ""Progressive""}",engine,2026-09-08 13:29:27
1912,,relational,dominion,Baron Wallace of Hespeler reconciles with Baron Lucas of Oakville,Season 118 · Baron Wallace of Hespeler makes peace with Baron Lucas of Oakville.,"{""season"": 118, ""marker"": ""~""}",engine,2026-09-08 13:29:27
1913,,relational,confederation,Baron Turgeon de St.-Jerome corresponds with Marquis Meagher of Chatham,Season 118 · Baron Turgeon de St.-Jerome opens a correspondence with Marquis Meagher of Chatham.,"{""season"": 118, ""marker"": ""+""}",engine,2026-09-08 13:29:27
1914,,relational,confederation,Earl Beauvais of Charles-LeMoyne loses a dispute with Baron Benjamin of La Pointe-de-l'Île,Season 118 · Earl Beauvais of Charles-LeMoyne presses a claim against Baron Benjamin of La Pointe-de-l'Île and is rebuffed.,"{""season"": 118, ""outcome"": ""lost""}",engine,2026-09-08 13:29:27
1915,,relational,confederation,Baron Benjamin of La Pointe-de-l'Île wins a dispute with Baron Turgeon de St.-Jerome,Season 118 · Baron Benjamin of La Pointe-de-l'Île carries a dispute against Baron Turgeon de St.-Jerome.,"{""season"": 118, ""outcome"": ""won"", ""marker"": ""~""}",engine,2026-09-08 13:29:27
1916,,succession,confederation,Viscount Chapais de Saint-Hyacinthe: clean succession,Season 118 · Octavien Chapais succeeds to Viscount Chapais de Saint-Hyacinthe.,"{""season"": 118, ""nature"": ""clean"", ""cause"": ""death""}",engine,2026-09-08 13:29:27
1917,,societal,confederation,Indian Act,Season 118 · Baron Dickson of Moncton meets Indian Act and resists.,"{""season"": 118, ""response"": ""Resist"", ""roll"": 3, ""personal_year"": 1876, ""magnitude"": ""Major"", ""tag"": ""Conservative""}",engine,2026-09-08 13:29:27
1918,,relational,confederation,Baron Dickson of Moncton corresponds with Baron Rouleau de Chambly,Season 118 · Baron Dickson of Moncton opens a correspondence with Baron Rouleau de Chambly.,"{""season"": 118, ""marker"": ""+""}",engine,2026-09-08 13:29:27
1919,,societal,confederation,Pacific Scandal,Season 118 · Viscount Stefaniuk of North Battleford meets Pacific Scandal and exploits.,"{""season"": 118, ""response"": ""Exploit"", ""roll"": 5, ""personal_year"": 1873, ""magnitude"": ""Significant"", ""tag"": ""Progressive""}",engine,2026-09-08 13:29:27
1920,,other,confederation,Viscount Stefaniuk of North Battleford names an heir,Season 118 · Viscount Stefaniuk of North Battleford names Varvara Stefaniuk heir.,"{""season"": 118, ""heir_age"": 29, ""role"": ""heir""}",engine,2026-09-08 13:29:27
1921,,societal,confederation,South African War,Season 118 · Baron Uniacke of Bowmanville meets South African War and resists.,"{""season"": 118, ""response"": ""Resist"", ""roll"": 2, ""personal_year"": 1899, ""magnitude"": ""Major"", ""tag"": ""Conservative""}",engine,2026-09-08 13:29:27
1922,,societal,confederation,British Columbia Joins; Treaty 1 Signed,Season 118 · Baron Jarvis of Spadina meets British Columbia Joins; Treaty 1 Signed and exploits.,"{""season"": 118, ""response"": ""Exploit"", ""roll"": 5, ""personal_year"": 1871, ""magnitude"": ""Significant"", ""tag"": ""Mixed""}",engine,2026-09-08 13:29:27
1923,,relational,confederation,Baron Jarvis of Spadina corresponds with Baron Skye of Belleville,Season 118 · Baron Jarvis of Spadina opens a correspondence with Baron Skye of Belleville.,"{""season"": 118, ""marker"": ""\u25ce""}",engine,2026-09-08 13:29:27
1924,,societal,confederation,Confederation Extension (Manitoba Act),Season 118 · Baron Stefaniuk of Regina meets Confederation Extension (Manitoba Act) and exploits.,"{""season"": 118, ""response"": ""Exploit"", ""roll"": 4, ""personal_year"": 1870, ""magnitude"": ""Major"", ""tag"": ""Mixed""}",engine,2026-09-08 13:29:27
1925,,societal,confederation,Red River Resistance,Season 118 · Baron Dyck of Calgary McKnight meets Red River Resistance and exploits.,"{""season"": 118, ""response"": ""Exploit"", ""roll"": 5, ""personal_year"": 1869, ""magnitude"": ""Major"", ""tag"": ""Mixed""}",engine,2026-09-08 13:29:27
1926,,societal,confederation,Red River Resistance,Season 118 · Baron Cornwall of Revelstoke meets Red River Resistance and exploits.,"{""season"": 118, ""response"": ""Exploit"", ""roll"": 5, ""personal_year"": 1869, ""magnitude"": ""Major"", ""tag"": ""Mixed""}",engine,2026-09-08 13:29:27
1927,,other,confederation,Baron Cornwall of Revelstoke names an heir,Season 118 · Baron Cornwall of Revelstoke names Charlotte Cornwall heir.,"{""season"": 118, ""heir_age"": 22, ""role"": ""heir""}",engine,2026-09-08 13:29:27
1928,,relational,confederation,Earl Beauvais of Charles-LeMoyne and Baron Furlong of Émard fall out,Season 119 · Earl Beauvais of Charles-LeMoyne and Baron Furlong of Émard fall out over the patronage of a shared riding's offices.,"{""season"": 119, ""marker"": ""Sig\u2212"", ""cause"": ""friction"", ""grievance"": ""the patronage of a shared riding's offices""}",engine,2026-09-08 13:29:27
1929,,relational,confederation,Viscount Benjamin of Bellechasse and Marquis Mercier de Rimouski fall out,Season 119 · Viscount Benjamin of Bellechasse and Marquis Mercier de Rimouski fall out over a boundary the two houses read differently.,"{""season"": 119, ""marker"": ""Sig\u2212"", ""cause"": ""friction"", ""grievance"": ""a boundary the two houses read differently""}",engine,2026-09-08 13:29:27
1930,,relational,confederation,Baron Furlong of Émard and Earl Hays of Beloeil fall out,Season 119 · Baron Furlong of Émard and Earl Hays of Beloeil fall out over a boundary the two houses read differently.,"{""season"": 119, ""marker"": ""Sig\u2212"", ""cause"": ""friction"", ""grievance"": ""a boundary the two houses read differently""}",engine,2026-09-08 13:29:27
1931,,relational,dominion,Viscount Elliott of Glengarry corresponds with Baron Rouleau de Chambly,Season 119 · Viscount Elliott of Glengarry opens a correspondence with Baron Rouleau de Chambly.,"{""season"": 119, ""marker"": ""+""}",engine,2026-09-08 13:29:27
1932,,relational,confederation,Viscount Benjamin of Bellechasse loses a dispute with Marquis Mercier de Rimouski,Season 119 · Viscount Benjamin of Bellechasse presses a claim against Marquis Mercier de Rimouski and is rebuffed.,"{""season"": 119, ""outcome"": ""lost""}",engine,2026-09-08 13:29:27
1933,,relational,confederation,Earl Hays of Beloeil wins a dispute with Baron Furlong of Émard,Season 119 · Earl Hays of Beloeil carries a dispute against Baron Furlong of Émard.,"{""season"": 119, ""outcome"": ""won"", ""marker"": ""~""}",engine,2026-09-08 13:29:27
1934,,other,dominion,Viscount McLellan of Belfast names an heir,Season 119 · Viscount McLellan of Belfast names Euphemia McLellan heir.,"{""season"": 119, ""heir_age"": 42, ""role"": ""heir""}",engine,2026-09-08 13:29:27
1935,,succession,dominion,Marquis Meagher of Chatham: clean succession,Season 119 · Kathleen Meagher succeeds to Marquis Meagher of Chatham.,"{""season"": 119, ""nature"": ""clean"", ""cause"": ""death""}",engine,2026-09-08 13:29:27
1936,,societal,dominion,Naval Service Act,Season 119 · Viscount Rochon de Rosedale meets Naval Service Act and stands aside.,"{""season"": 119, ""response"": ""Neutral"", ""roll"": 1, ""personal_year"": 1910, ""magnitude"": ""Significant"", ""tag"": ""Mixed""}",engine,2026-09-08 13:29:27
1937,,elevation,dominion,Earl Rochon de Rosedale elevated,Season 119 · Viscount Rochon de Rosedale is raised to Earl.,"{""season"": 119, ""from"": ""Viscount"", ""to"": ""Earl""}",engine,2026-09-08 13:29:27
1938,,societal,dominion,The Persons Case,Season 119 · Viscount Cameron of Cornwall meets The Persons Case and exploits.,"{""season"": 119, ""response"": ""Exploit"", ""roll"": 5, ""personal_year"": 1929, ""magnitude"": ""Significant"", ""tag"": ""Progressive""}",engine,2026-09-08 13:29:27
1939,,succession,dominion,Baron Cardinal of Steinbach: clean succession,Season 119 · Simon Cardinal succeeds to Baron Cardinal of Steinbach.,"{""season"": 119, ""nature"": ""clean"", ""cause"": ""death""}",engine,2026-09-08 13:29:27
1940,,elevation,confederation,Earl Hendrie of Brampton elevated,Season 119 · Viscount Hendrie of Brampton is raised to Earl.,"{""season"": 119, ""from"": ""Viscount"", ""to"": ""Earl""}",engine,2026-09-08 13:29:27
1941,,relational,confederation,Baron Meagher of Windsor and Baron Lucas of Oakville form a compact,Season 119 · Baron Meagher of Windsor and Baron Lucas of Oakville enter into a compact.,"{""season"": 119, ""marker"": ""\u25c9+""}",engine,2026-09-08 13:29:27
1942,,transfer,confederation,Baron Proulx de Cumberland loses Mirabel,Season 119 · Baron Proulx de Cumberland gives up Mirabel (cession).,"{""season"": 119, ""reason"": ""cession"", ""riding"": ""Mirabel""}",engine,2026-09-08 13:29:27
1943,,relational,confederation,Baron Proulx de Cumberland settles with Baron Turgeon de St.-Jerome,Season 119 · Baron Proulx de Cumberland settles its grievance with Baron Turgeon de St.-Jerome by cession.,"{""season"": 119, ""marker"": ""~"", ""ceded"": ""24047""}",engine,2026-09-08 13:29:27
1944,,societal,confederation,Diamond Jubilee,Season 119 · Viscount Worts of Milton meets Diamond Jubilee and resists.,"{""season"": 119, ""response"": ""Resist"", ""roll"": 2, ""personal_year"": 1897, ""magnitude"": ""Minor"", ""tag"": ""Conservative""}",engine,2026-09-08 13:29:27
1945,,societal,confederation,Diamond Jubilee,Season 119 · Baron Lucas of Oakville meets Diamond Jubilee and exploits.,"{""season"": 119, ""response"": ""Exploit"", ""roll"": 4, ""personal_year"": 1897, ""magnitude"": ""Minor"", ""tag"": ""Conservative""}",engine,2026-09-08 13:29:27
1946,,societal,dominion,Naval Service Act,Season 119 · Baron Wallace of Hespeler meets Naval Service Act and stands aside.,"{""season"": 119, ""response"": ""Neutral"", ""roll"": 1, ""personal_year"": 1910, ""magnitude"": ""Significant"", ""tag"": ""Mixed""}",engine,2026-09-08 13:29:27
1947,,relational,dominion,Baron Wallace of Hespeler corresponds with Baron Turgeon de St.-Jerome,Season 119 · Baron Wallace of Hespeler opens a correspondence with Baron Turgeon de St.-Jerome.,"{""season"": 119, ""marker"": ""+""}",engine,2026-09-08 13:29:27
1948,,societal,confederation,Last Spike at Craigellachie,Season 119 · Viscount Smoke of Barrie meets Last Spike at Craigellachie and stands aside.,"{""season"": 119, ""response"": ""Neutral"", ""roll"": 1, ""personal_year"": 1885, ""magnitude"": ""Significant"", ""tag"": ""Mixed""}",engine,2026-09-08 13:29:27
1949,,societal,confederation,Death of Sir John A. Macdonald,Season 119 · Baron Benjamin of La Pointe-de-l'Île meets Death of Sir John A. Macdonald and stands aside.,"{""season"": 119, ""response"": ""Neutral"", ""roll"": 1, ""personal_year"": 1891, ""magnitude"": ""Minor"", ""tag"": ""Mixed""}",engine,2026-09-08 13:29:27
1950,,relational,confederation,Baron Benjamin of La Pointe-de-l'Île loses a dispute with Earl Beauvais of Charles-LeMoyne,Season 119 · Baron Benjamin of La Pointe-de-l'Île presses a claim against Earl Beauvais of Charles-LeMoyne and is rebuffed.,"{""season"": 119, ""outcome"": ""lost""}",engine,2026-09-08 13:29:27
1951,,relational,confederation,Baron Rouleau de Chambly corresponds with Baron Proulx de Cumberland,Season 119 · Baron Rouleau de Chambly opens a correspondence with Baron Proulx de Cumberland.,"{""season"": 119, ""marker"": ""\u25ce""}",engine,2026-09-08 13:29:27
1952,,societal,confederation,Indian Act,Season 119 · Baron Langelier de Rosemont meets Indian Act and resists.,"{""season"": 119, ""response"": ""Resist"", ""roll"": 3, ""personal_year"": 1876, ""magnitude"": ""Major"", ""tag"": ""Conservative""}",engine,2026-09-08 13:29:27
1953,,societal,confederation,Long Depression Reaches Canada,Season 119 · Viscount Stefaniuk of North Battleford meets Long Depression Reaches Canada and exploits.,"{""season"": 119, ""response"": ""Exploit"", ""roll"": 5, ""personal_year"": 1874, ""magnitude"": ""Major"", ""tag"": ""Conservative""}",engine,2026-09-08 13:29:27
1954,,relational,confederation,Viscount Stefaniuk of North Battleford corresponds with Baron Cornwall of Revelstoke,Season 119 · Viscount Stefaniuk of North Battleford opens a correspondence with Baron Cornwall of Revelstoke.,"{""season"": 119, ""marker"": ""+""}",engine,2026-09-08 13:29:27
1955,,societal,confederation,British Columbia Joins; Treaty 1 Signed,Season 119 · Baron Stefaniuk of Regina meets British Columbia Joins; Treaty 1 Signed and resists.,"{""season"": 119, ""response"": ""Resist"", ""roll"": 3, ""personal_year"": 1871, ""magnitude"": ""Significant"", ""tag"": ""Mixed""}",engine,2026-09-08 13:29:27
1956,,societal,confederation,Confederation Extension (Manitoba Act),Season 119 · Baron Dyck of Calgary McKnight meets Confederation Extension (Manitoba Act) and exploits.,"{""season"": 119, ""response"": ""Exploit"", ""roll"": 4, ""personal_year"": 1870, ""magnitude"": ""Major"", ""tag"": ""Mixed""}",engine,2026-09-08 13:29:27
1957,,societal,confederation,Confederation Extension (Manitoba Act),Season 119 · Baron Cornwall of Revelstoke meets Confederation Extension (Manitoba Act) and exploits.,"{""season"": 119, ""response"": ""Exploit"", ""roll"": 4, ""personal_year"": 1870, ""magnitude"": ""Major"", ""tag"": ""Mixed""}",engine,2026-09-08 13:29:27
1958,,relational,confederation,Baron Cornwall of Revelstoke and Viscount Stefaniuk of North Battleford form a compact,Season 119 · Baron Cornwall of Revelstoke and Viscount Stefaniuk of North Battleford enter into a compact.,"{""season"": 119, ""marker"": ""\u25c9+""}",engine,2026-09-08 13:29:27
1959,,societal,confederation,Red River Resistance,Season 119 · Baron Shawanaga of Waterloo meets Red River Resistance and resists.,"{""season"": 119, ""response"": ""Resist"", ""roll"": 3, ""personal_year"": 1869, ""magnitude"": ""Major"", ""tag"": ""Mixed""}",engine,2026-09-08 13:29:27
1960,,societal,dominion,The Great War,Season 120 · Viscount Wallace of Perth meets The Great War and resists.,"{""season"": 120, ""response"": ""Resist"", ""roll"": 3, ""personal_year"": 1914, ""magnitude"": ""Major"", ""tag"": ""Global""}",engine,2026-09-08 13:29:27
1961,,societal,dominion,Chinese Exclusion Act,Season 120 · Baron Stefaniuk of Emerson meets Chinese Exclusion Act and resists.,"{""season"": 120, ""response"": ""Resist"", ""roll"": 3, ""personal_year"": 1923, ""magnitude"": ""Significant"", ""tag"": ""Conservative""}",engine,2026-09-08 13:29:27
1962,,elevation,dominion,Viscount Stefaniuk of Emerson elevated,Season 120 · Baron Stefaniuk of Emerson is raised to Viscount.,"{""season"": 120, ""from"": ""Baron"", ""to"": ""Viscount""}",engine,2026-09-08 13:29:27
1963,,societal,dominion,Komagata Maru,Season 120 · Marquis Mercier de Rimouski meets Komagata Maru and stands aside.,"{""season"": 120, ""response"": ""Neutral"", ""roll"": 0, ""personal_year"": 1914, ""magnitude"": ""Major"", ""tag"": ""Conservative""}",engine,2026-09-08 13:29:27
1964,,societal,dominion,Komagata Maru,Season 120 · Viscount McLellan of Belfast meets Komagata Maru and stands aside.,"{""season"": 120, ""response"": ""Neutral"", ""roll"": 1, ""personal_year"": 1914, ""magnitude"": ""Major"", ""tag"": ""Conservative""}",engine,2026-09-08 13:29:27
1965,,relational,dominion,Viscount McLellan of Belfast corresponds with Earl Langelier de Charlevoix,Season 120 · Viscount McLellan of Belfast opens a correspondence with Earl Langelier de Charlevoix.,"{""season"": 120, ""marker"": ""+""}",engine,2026-09-08 13:29:27
1966,,societal,dominion,Nickle Resolution Defeated,Season 120 · Earl Langelier de Charlevoix meets Nickle Resolution Defeated and stands aside.,"{""season"": 120, ""response"": ""Neutral"", ""roll"": 1, ""personal_year"": 1919, ""magnitude"": ""Minor"", ""tag"": ""Mixed""}",engine,2026-09-08 13:29:27
1967,,societal,dominion,Reciprocity Election,Season 120 · Earl Rochon de Rosedale meets Reciprocity Election and leads.,"{""season"": 120, ""response"": ""Lead"", ""roll"": 7, ""personal_year"": 1911, ""magnitude"": ""Significant"", ""tag"": ""Conservative""}",engine,2026-09-08 13:29:27
1968,,societal,late,The Long Contraction,Season 120 · Viscount Cameron of Cornwall meets The Long Contraction and resists.,"{""season"": 120, ""response"": ""Resist"", ""roll"": 3, ""personal_year"": 1930, ""magnitude"": ""Major"", ""tag"": ""Conservative""}",engine,2026-09-08 13:29:27
1969,,relational,confederation,Baron Cardinal of Steinbach corresponds with Viscount Byrne of Cooksville,Season 120 · Baron Cardinal of Steinbach opens a correspondence with Viscount Byrne of Cooksville.,"{""season"": 120, ""marker"": ""\u25ce""}",engine,2026-09-08 13:29:27
1970,,societal,confederation,CPR Strike,Season 120 · Baron Rouleau de LaSalle meets CPR Strike and exploits.,"{""season"": 120, ""response"": ""Exploit"", ""roll"": 4, ""personal_year"": 1883, ""magnitude"": ""Significant"", ""tag"": ""Mixed""}",engine,2026-09-08 13:29:27
1971,,other,confederation,Baron Rouleau de LaSalle endows an institution,Season 120 · Baron Rouleau de LaSalle endows an institution.,"{""season"": 120}",engine,2026-09-08 13:29:27
1972,,relational,confederation,Viscount Bhullar of Nanaimo corresponds with Baron Stefaniuk of Regina,Season 120 · Viscount Bhullar of Nanaimo opens a correspondence with Baron Stefaniuk of Regina.,"{""season"": 120, ""marker"": ""\u25ce""}",engine,2026-09-08 13:29:27
1973,,societal,confederation,Montréal Smallpox Epidemic,Season 120 · Baron Pegahmagabow of Wawa meets Montréal Smallpox Epidemic and exploits.,"{""season"": 120, ""response"": ""Exploit"", ""roll"": 4, ""personal_year"": 1885, ""magnitude"": ""Significant"", ""tag"": ""Progressive""}",engine,2026-09-08 13:29:27
1974,,relational,confederation,Baron Pegahmagabow of Wawa corresponds with Marquis Meagher of Chatham,Season 120 · Baron Pegahmagabow of Wawa opens a correspondence with Marquis Meagher of Chatham.,"{""season"": 120, ""marker"": ""\u25ce""}",engine,2026-09-08 13:29:27
1975,,other,confederation,Baron Meagher of Windsor names an heir,Season 120 · Baron Meagher of Windsor names Agnes Meagher heir.,"{""season"": 120, ""heir_age"": 16, ""role"": ""heir""}",engine,2026-09-08 13:29:27
1976,,relational,confederation,Viscount Worts of Milton corresponds with Baron Furlong of Émard,Season 120 · Viscount Worts of Milton opens a correspondence with Baron Furlong of Émard.,"{""season"": 120, ""marker"": ""+""}",engine,2026-09-08 13:29:27
1977,,relational,confederation,Viscount Colby of Trois-Rivières corresponds with Baron Uniacke of Bowmanville,Season 120 · Viscount Colby of Trois-Rivières opens a correspondence with Baron Uniacke of Bowmanville.,"{""season"": 120, ""marker"": ""\u25ce""}",engine,2026-09-08 13:29:27
1978,,elevation,confederation,Viscount Gillies of Woburn elevated,Season 120 · Baron Gillies of Woburn is raised to Viscount.,"{""season"": 120, ""from"": ""Baron"", ""to"": ""Viscount""}",engine,2026-09-08 13:29:27
1979,,societal,dominion,Reciprocity Election,Season 120 · Baron Wallace of Hespeler meets Reciprocity Election and stands aside.,"{""season"": 120, ""response"": ""Neutral"", ""roll"": 1, ""personal_year"": 1911, ""magnitude"": ""Significant"", ""tag"": ""Conservative""}",engine,2026-09-08 13:29:27
1980,,relational,confederation,Baron Furlong of Émard and Viscount Worts of Milton form a compact,Season 120 · Baron Furlong of Émard and Viscount Worts of Milton enter into a compact.,"{""season"": 120, ""marker"": ""\u25c9+""}",engine,2026-09-08 13:29:27
1981,,societal,confederation,National Policy,Season 120 · Earl Beauvais of Charles-LeMoyne meets National Policy and stands aside.,"{""season"": 120, ""response"": ""Neutral"", ""roll"": 0, ""personal_year"": 1878, ""magnitude"": ""Significant"", ""tag"": ""Conservative""}",engine,2026-09-08 13:29:27
1982,,relational,confederation,Earl Beauvais of Charles-LeMoyne loses a dispute with Baron Benjamin of La Pointe-de-l'Île,Season 120 · Earl Beauvais of Charles-LeMoyne presses a claim against Baron Benjamin of La Pointe-de-l'Île and is rebuffed.,"{""season"": 120, ""outcome"": ""lost""}",engine,2026-09-08 13:29:27
1983,,succession,confederation,Viscount Smoke of Barrie: clean succession,Season 120 · Rachel Smoke succeeds to Viscount Smoke of Barrie.,"{""season"": 120, ""nature"": ""clean"", ""cause"": ""death""}",engine,2026-09-08 13:29:27
1984,,relational,confederation,Baron Benjamin of La Pointe-de-l'Île wins a dispute with Earl Beauvais of Charles-LeMoyne,Season 120 · Baron Benjamin of La Pointe-de-l'Île carries a dispute against Earl Beauvais of Charles-LeMoyne.,"{""season"": 120, ""outcome"": ""won"", ""marker"": ""~""}",engine,2026-09-08 13:29:27
1985,,societal,confederation,National Policy,Season 120 · Baron Dickson of Moncton meets National Policy and resists.,"{""season"": 120, ""response"": ""Resist"", ""roll"": 3, ""personal_year"": 1878, ""magnitude"": ""Significant"", ""tag"": ""Conservative""}",engine,2026-09-08 13:29:27
1986,,relational,confederation,Baron Dickson of Moncton corresponds with Viscount Chapais de Saint-Hyacinthe,Season 120 · Baron Dickson of Moncton opens a correspondence with Viscount Chapais de Saint-Hyacinthe.,"{""season"": 120, ""marker"": ""\u25ce""}",engine,2026-09-08 13:29:27
1987,,societal,confederation,Pacific Scandal,Season 120 · Baron Jarvis of Spadina meets Pacific Scandal and exploits.,"{""season"": 120, ""response"": ""Exploit"", ""roll"": 4, ""personal_year"": 1873, ""magnitude"": ""Significant"", ""tag"": ""Progressive""}",engine,2026-09-08 13:29:27
1988,,other,confederation,Baron Jarvis of Spadina names an heir,Season 120 · Baron Jarvis of Spadina names Sarah Jarvis heir.,"{""season"": 120, ""heir_age"": 32, ""role"": ""heir""}",engine,2026-09-08 13:29:27
1989,,societal,confederation,British Columbia Joins; Treaty 1 Signed,Season 120 · Baron Dyck of Calgary McKnight meets British Columbia Joins; Treaty 1 Signed and stands aside.,"{""season"": 120, ""response"": ""Neutral"", ""roll"": 1, ""personal_year"": 1871, ""magnitude"": ""Significant"", ""tag"": ""Mixed""}",engine,2026-09-08 13:29:27
1990,,expansion,confederation,Baron Dyck of Calgary McKnight takes Bow River,Season 120 · Baron Dyck of Calgary McKnight takes Bow River.,"{""season"": 120, ""riding"": ""Bow River"", ""roll"": 10}",engine,2026-09-08 13:29:27
1991,,societal,confederation,British Columbia Joins; Treaty 1 Signed,Season 120 · Baron Cornwall of Revelstoke meets British Columbia Joins; Treaty 1 Signed and leads.,"{""season"": 120, ""response"": ""Lead"", ""roll"": 7, ""personal_year"": 1871, ""magnitude"": ""Significant"", ""tag"": ""Mixed""}",engine,2026-09-08 13:29:27
1992,,societal,confederation,Confederation Extension (Manitoba Act),Season 120 · Baron Shawanaga of Waterloo meets Confederation Extension (Manitoba Act) and stands aside.,"{""season"": 120, ""response"": ""Neutral"", ""roll"": 1, ""personal_year"": 1870, ""magnitude"": ""Major"", ""tag"": ""Mixed""}",engine,2026-09-08 13:29:27
1993,,founding,confederation,Baron Cogswell of Argentia founded,"Season 120 · Baron Cogswell of Argentia is created, seated at Terra Nova—The Peninsulas.","{""season"": 120, ""stats"": {""capital"": 48, ""influence"": 23, ""cohesion"": 64, ""ambition"": 8}, ""community"": ""Loyalist Anglican"", ""tag"": ""Progressive""}",engine,2026-09-08 13:29:27
1994,,relational,confederation,Baron Benjamin of La Pointe-de-l'Île and Marquis Mercier de Rimouski fall out,Season 121 · Baron Benjamin of La Pointe-de-l'Île and Marquis Mercier de Rimouski fall out over the water rights of a shared river.,"{""season"": 121, ""marker"": ""Sig\u2212"", ""cause"": ""friction"", ""grievance"": ""the water rights of a shared river""}",engine,2026-09-08 13:29:27
1995,,relational,dominion,Marquis Mercier de Rimouski loses a dispute with Baron Benjamin of La Pointe-de-l'Île,Season 121 · Marquis Mercier de Rimouski presses a claim against Baron Benjamin of La Pointe-de-l'Île and is rebuffed.,"{""season"": 121, ""outcome"": ""lost""}",engine,2026-09-08 13:29:27
1996,,relational,confederation,Earl Bouchard de Terrebonne corresponds with Viscount Chapais de Saint-Hyacinthe,Season 121 · Earl Bouchard de Terrebonne opens a correspondence with Viscount Chapais de Saint-Hyacinthe.,"{""season"": 121, ""marker"": ""+""}",engine,2026-09-08 13:29:27
1997,,expansion,confederation,Earl Cornwall of Steveston takes Coquitlam—Port Coquitlam,Season 121 · Earl Cornwall of Steveston takes Coquitlam—Port Coquitlam.,"{""season"": 121, ""riding"": ""Coquitlam\u2014Port Coquitlam"", ""roll"": 11}",engine,2026-09-08 13:29:27
1998,,relational,dominion,Earl Langelier de Charlevoix corresponds with Baron Benjamin of La Pointe-de-l'Île,Season 121 · Earl Langelier de Charlevoix opens a correspondence with Baron Benjamin of La Pointe-de-l'Île.,"{""season"": 121, ""marker"": ""\u25ce""}",engine,2026-09-08 13:29:27
1999,,societal,dominion,Regulation 17,Season 121 · Earl Rochon de Rosedale meets Regulation 17 and resists.,"{""season"": 121, ""response"": ""Resist"", ""roll"": 2, ""personal_year"": 1912, ""magnitude"": ""Major"", ""tag"": ""Conservative""}",engine,2026-09-08 13:29:27
2000,,societal,confederation,Laurier Elected,Season 121 · Viscount Bhullar of Nanaimo meets Laurier Elected and resists.,"{""season"": 121, ""response"": ""Resist"", ""roll"": 2, ""personal_year"": 1896, ""magnitude"": ""Significant"", ""tag"": ""Progressive""}",engine,2026-09-08 13:29:27
2001,,relational,confederation,Viscount Byrne of Cooksville corresponds with Earl Hays of Beloeil,Season 121 · Viscount Byrne of Cooksville opens a correspondence with Earl Hays of Beloeil.,"{""season"": 121, ""marker"": ""+""}",engine,2026-09-08 13:29:27
2002,,relational,confederation,Baron Meagher of Windsor and Marquis Mercier de Rimouski are joined by marriage,"Season 121 · Agnes Meagher marries Hermine Mercier, binding Baron Meagher of Windsor to Marquis Mercier de Rimouski.","{""season"": 121, ""marker"": ""kin""}",engine,2026-09-08 13:29:27
2003,,societal,confederation,South African War,Season 121 · Viscount Worts of Milton meets South African War and resists.,"{""season"": 121, ""response"": ""Resist"", ""roll"": 2, ""personal_year"": 1899, ""magnitude"": ""Major"", ""tag"": ""Conservative""}",engine,2026-09-08 13:29:27
2004,,relational,confederation,Viscount Worts of Milton corresponds with Viscount Cameron of Cornwall,Season 121 · Viscount Worts of Milton opens a correspondence with Viscount Cameron of Cornwall.,"{""season"": 121, ""marker"": ""\u25ce""}",engine,2026-09-08 13:29:27
2005,,relational,confederation,Viscount Colby of Trois-Rivières corresponds with Baron Uniacke of Bowmanville,Season 121 · Viscount Colby of Trois-Rivières opens a correspondence with Baron Uniacke of Bowmanville.,"{""season"": 121, ""marker"": ""+""}",engine,2026-09-08 13:29:27
2006,,societal,confederation,South African War,Season 121 · Baron Lucas of Oakville meets South African War and resists.,"{""season"": 121, ""response"": ""Resist"", ""roll"": 2, ""personal_year"": 1899, ""magnitude"": ""Major"", ""tag"": ""Conservative""}",engine,2026-09-08 13:29:27
2007,,societal,dominion,Regulation 17,Season 121 · Baron Wallace of Hespeler meets Regulation 17 and exploits.,"{""season"": 121, ""response"": ""Exploit"", ""roll"": 5, ""personal_year"": 1912, ""magnitude"": ""Major"", ""tag"": ""Conservative""}",engine,2026-09-08 13:29:27
2008,,relational,confederation,Baron Gillies of Aurora corresponds with Earl Hendrie of Brampton,Season 121 · Baron Gillies of Aurora opens a correspondence with Earl Hendrie of Brampton.,"{""season"": 121, ""marker"": ""+""}",engine,2026-09-08 13:29:27
2009,,relational,confederation,Baron Furlong of Émard corresponds with Marquis Meagher of Chatham,Season 121 · Baron Furlong of Émard opens a correspondence with Marquis Meagher of Chatham.,"{""season"": 121, ""marker"": ""\u25ce""}",engine,2026-09-08 13:29:27
2010,,other,confederation,Viscount Chapais de Saint-Hyacinthe names an heir,Season 121 · Viscount Chapais de Saint-Hyacinthe names Émilie Chapais heir.,"{""season"": 121, ""heir_age"": 20, ""role"": ""heir""}",engine,2026-09-08 13:29:27
2011,,relational,confederation,Baron Rouleau de Chambly corresponds with Baron Proulx de Cumberland,Season 121 · Baron Rouleau de Chambly opens a correspondence with Baron Proulx de Cumberland.,"{""season"": 121, ""marker"": ""+""}",engine,2026-09-08 13:29:27
2012,,relational,confederation,Baron Dickson of Moncton and Baron Rouleau de Chambly form a compact,Season 121 · Baron Dickson of Moncton and Baron Rouleau de Chambly enter into a compact.,"{""season"": 121, ""marker"": ""\u25c9+""}",engine,2026-09-08 13:29:27
2013,,societal,confederation,National Policy,Season 121 · Baron Langelier de Rosemont meets National Policy and resists.,"{""season"": 121, ""response"": ""Resist"", ""roll"": 3, ""personal_year"": 1878, ""magnitude"": ""Significant"", ""tag"": ""Conservative""}",engine,2026-09-08 13:29:27
2014,,societal,confederation,Indian Act,Season 121 · Viscount Stefaniuk of North Battleford meets Indian Act and stands aside.,"{""season"": 121, ""response"": ""Neutral"", ""roll"": 0, ""personal_year"": 1876, ""magnitude"": ""Major"", ""tag"": ""Conservative""}",engine,2026-09-08 13:29:27
2015,,relational,confederation,Viscount Stefaniuk of North Battleford and Baron Cornwall of Revelstoke are joined by marriage,"Season 121 · Varvara Stefaniuk marries Charlotte Cornwall, binding Viscount Stefaniuk of North Battleford to Baron Cornwall of Revelstoke.","{""season"": 121, ""marker"": ""kin""}",engine,2026-09-08 13:29:27
2016,,societal,confederation,Long Depression Reaches Canada,Season 121 · Baron Jarvis of Spadina meets Long Depression Reaches Canada and stands aside.,"{""season"": 121, ""response"": ""Neutral"", ""roll"": 1, ""personal_year"": 1874, ""magnitude"": ""Major"", ""tag"": ""Conservative""}",engine,2026-09-08 13:29:27
2017,,societal,confederation,Pacific Scandal,Season 121 · Baron Stefaniuk of Regina meets Pacific Scandal and stands aside.,"{""season"": 121, ""response"": ""Neutral"", ""roll"": 1, ""personal_year"": 1873, ""magnitude"": ""Significant"", ""tag"": ""Progressive""}",engine,2026-09-08 13:29:27
2018,,societal,confederation,Indian Act,Season 121 · Baron Cornwall of Revelstoke meets Indian Act and resists.,"{""season"": 121, ""response"": ""Resist"", ""roll"": 2, ""personal_year"": 1876, ""magnitude"": ""Major"", ""tag"": ""Conservative""}",engine,2026-09-08 13:29:27
2019,,expansion,confederation,Baron Cornwall of Revelstoke takes Chilliwack—Hope,Season 121 · Baron Cornwall of Revelstoke takes Chilliwack—Hope.,"{""season"": 121, ""riding"": ""Chilliwack\u2014Hope"", ""roll"": 9}",engine,2026-09-08 13:29:27
2020,,societal,confederation,British Columbia Joins; Treaty 1 Signed,Season 121 · Baron Shawanaga of Waterloo meets British Columbia Joins; Treaty 1 Signed and exploits.,"{""season"": 121, ""response"": ""Exploit"", ""roll"": 5, ""personal_year"": 1871, ""magnitude"": ""Significant"", ""tag"": ""Mixed""}",engine,2026-09-08 13:29:27
2021,,expansion,confederation,Baron Cogswell of Argentia takes St. John's East,Season 121 · Baron Cogswell of Argentia takes St. John's East.,"{""season"": 121, ""riding"": ""St. John's East"", ""roll"": 9}",engine,2026-09-08 13:29:27
2022,,succession,dominion,Viscount Wallace of Perth: clean succession,Season 122 · Edwin Wallace succeeds to Viscount Wallace of Perth.,"{""season"": 122, ""nature"": ""clean"", ""cause"": ""death""}",engine,2026-09-08 13:29:27
2023,,societal,dominion,United Church Formed,Season 122 · Viscount Stefaniuk of Emerson meets United Church Formed and stands aside.,"{""season"": 122, ""response"": ""Neutral"", ""roll"": 0, ""personal_year"": 1925, ""magnitude"": ""Minor"", ""tag"": ""Progressive""}",engine,2026-09-08 13:29:27
2024,,relational,dominion,Viscount Stefaniuk of Emerson corresponds with Baron Langelier de Rosemont,Season 122 · Viscount Stefaniuk of Emerson opens a correspondence with Baron Langelier de Rosemont.,"{""season"": 122, ""marker"": ""\u25ce""}",engine,2026-09-08 13:29:27
2025,,societal,dominion,Prairie Women's Suffrage,Season 122 · Marquis Mercier de Rimouski meets Prairie Women's Suffrage and leads.,"{""season"": 122, ""response"": ""Lead"", ""roll"": 6, ""personal_year"": 1916, ""magnitude"": ""Significant"", ""tag"": ""Progressive""}",engine,2026-09-08 13:29:27
2026,,societal,dominion,Prairie Women's Suffrage,Season 122 · Viscount McLellan of Belfast meets Prairie Women's Suffrage and leads.,"{""season"": 122, ""response"": ""Lead"", ""roll"": 6, ""personal_year"": 1916, ""magnitude"": ""Significant"", ""tag"": ""Progressive""}",engine,2026-09-08 13:29:27
2027,,other,confederation,Earl Cornwall of Steveston names an heir,Season 122 · Earl Cornwall of Steveston names Anne Cornwall heir.,"{""season"": 122, ""heir_age"": 16, ""role"": ""heir""}",engine,2026-09-08 13:29:27
2028,,societal,dominion,Progressives and the First Woman MP,Season 122 · Earl Langelier de Charlevoix meets Progressives and the First Woman MP and exploits.,"{""season"": 122, ""response"": ""Exploit"", ""roll"": 5, ""personal_year"": 1921, ""magnitude"": ""Significant"", ""tag"": ""Progressive""}",engine,2026-09-08 13:29:27
2029,,elevation,dominion,Marquis Rochon de Rosedale elevated,Season 122 · Earl Rochon de Rosedale is raised to Marquis.,"{""season"": 122, ""from"": ""Earl"", ""to"": ""Marquis""}",engine,2026-09-08 13:29:27
2030,,relational,confederation,Earl Patterson of Kennebecasis corresponds with Viscount Dawes of Bourassa,Season 122 · Earl Patterson of Kennebecasis opens a correspondence with Viscount Dawes of Bourassa.,"{""season"": 122, ""marker"": ""\u25ce""}",engine,2026-09-08 13:29:27
2031,,societal,late,Founding of the CCF,Season 122 · Viscount Cameron of Cornwall meets Founding of the CCF and stands aside.,"{""season"": 122, ""response"": ""Neutral"", ""roll"": 1, ""personal_year"": 1932, ""magnitude"": ""Major"", ""tag"": ""Progressive""}",engine,2026-09-08 13:29:27
2032,,societal,confederation,Montréal Smallpox Epidemic,Season 122 · Earl Bird of Winnipeg meets Montréal Smallpox Epidemic and exploits.,"{""season"": 122, ""response"": ""Exploit"", ""roll"": 5, ""personal_year"": 1885, ""magnitude"": ""Significant"", ""tag"": ""Progressive""}",engine,2026-09-08 13:29:27
2033,,succession,confederation,Earl Bird of Winnipeg: clean succession,Season 122 · Annie Bird succeeds to Earl Bird of Winnipeg.,"{""season"": 122, ""nature"": ""clean"", ""cause"": ""death""}",engine,2026-09-08 13:29:27
2034,,societal,confederation,Chinese Immigration Act,Season 122 · Baron Rouleau de LaSalle meets Chinese Immigration Act and resists.,"{""season"": 122, ""response"": ""Resist"", ""roll"": 3, ""personal_year"": 1885, ""magnitude"": ""Significant"", ""tag"": ""Conservative""}",engine,2026-09-08 13:29:27
2035,,societal,confederation,Klondike Gold Rush,Season 122 · Viscount Bhullar of Nanaimo meets Klondike Gold Rush and resists.,"{""season"": 122, ""response"": ""Resist"", ""roll"": 2, ""personal_year"": 1897, ""magnitude"": ""Significant"", ""tag"": ""Mixed""}",engine,2026-09-08 13:29:27
2036,,relational,confederation,Baron Pegahmagabow of Wawa corresponds with Marquis Meagher of Chatham,Season 122 · Baron Pegahmagabow of Wawa opens a correspondence with Marquis Meagher of Chatham.,"{""season"": 122, ""marker"": ""+""}",engine,2026-09-08 13:29:27
2037,,societal,confederation,Manitoba Schools Question,Season 122 · Viscount Byrne of Cooksville meets Manitoba Schools Question and stands aside.,"{""season"": 122, ""response"": ""Neutral"", ""roll"": 1, ""personal_year"": 1890, ""magnitude"": ""Major"", ""tag"": ""Conservative""}",engine,2026-09-08 13:29:27
2038,,other,confederation,Viscount Byrne of Cooksville endows an institution,Season 122 · Viscount Byrne of Cooksville endows an institution.,"{""season"": 122}",engine,2026-09-08 13:29:27
2039,,societal,dominion,Prairie Women's Suffrage,Season 122 · Baron Meagher of Windsor meets Prairie Women's Suffrage and exploits.,"{""season"": 122, ""response"": ""Exploit"", ""roll"": 4, ""personal_year"": 1916, ""magnitude"": ""Significant"", ""tag"": ""Progressive""}",engine,2026-09-08 13:29:27
2040,,societal,dominion,Alaska Boundary Award,Season 122 · Baron Skye of Belleville meets Alaska Boundary Award and leads.,"{""season"": 122, ""response"": ""Lead"", ""roll"": 6, ""personal_year"": 1903, ""magnitude"": ""Minor"", ""tag"": ""Mixed""}",engine,2026-09-08 13:29:27
2041,,relational,dominion,Baron Skye of Belleville gives offence to Earl Hendrie of Brampton,Season 122 · a letter from Baron Skye of Belleville gives offence to Earl Hendrie of Brampton.,"{""season"": 122, ""marker"": ""Sig\u2212"", ""cause"": ""correspondence""}",engine,2026-09-08 13:29:27
2042,,societal,confederation,Montréal Smallpox Epidemic,Season 122 · Viscount Gillies of Woburn meets Montréal Smallpox Epidemic and resists.,"{""season"": 122, ""response"": ""Resist"", ""roll"": 3, ""personal_year"": 1885, ""magnitude"": ""Significant"", ""tag"": ""Progressive""}",engine,2026-09-08 13:29:27
2043,,relational,dominion,Baron Wallace of Hespeler corresponds with Viscount Wallace of Perth,Season 122 · Baron Wallace of Hespeler opens a correspondence with Viscount Wallace of Perth.,"{""season"": 122, ""marker"": ""kin""}",engine,2026-09-08 13:29:27
2044,,relational,confederation,Baron Furlong of Émard wins a dispute with Earl Beauvais of Charles-LeMoyne,Season 122 · Baron Furlong of Émard carries a dispute against Earl Beauvais of Charles-LeMoyne.,"{""season"": 122, ""outcome"": ""won"", ""marker"": ""~""}",engine,2026-09-08 13:29:27
2045,,succession,confederation,Earl Beauvais of Charles-LeMoyne: clean succession,Season 122 · William Beauvais succeeds to Earl Beauvais of Charles-LeMoyne.,"{""season"": 122, ""nature"": ""clean"", ""cause"": ""death""}",engine,2026-09-08 13:29:27
2046,,relational,confederation,Earl Beauvais of Charles-LeMoyne corresponds with Baron Skye of Belleville,Season 122 · Earl Beauvais of Charles-LeMoyne opens a correspondence with Baron Skye of Belleville.,"{""season"": 122, ""marker"": ""\u25ce""}",engine,2026-09-08 13:29:27
2047,,transfer,confederation,Baron Benjamin of La Pointe-de-l'Île loses Côte-du-Sud—Rivière-du-Loup—Kataskomiq—Témiscouata,Season 122 · Baron Benjamin of La Pointe-de-l'Île gives up Côte-du-Sud—Rivière-du-Loup—Kataskomiq—Témiscouata (cession).,"{""season"": 122, ""reason"": ""cession"", ""riding"": ""C\u00f4te-du-Sud\u2014Rivi\u00e8re-du-Loup\u2014Kataskomiq\u2014T\u00e9miscouata""}",engine,2026-09-08 13:29:27
2048,,relational,confederation,Baron Benjamin of La Pointe-de-l'Île settles with Marquis Mercier de Rimouski,Season 122 · Baron Benjamin of La Pointe-de-l'Île settles its grievance with Marquis Mercier de Rimouski by cession.,"{""season"": 122, ""marker"": ""~"", ""ceded"": ""24020""}",engine,2026-09-08 13:29:27
2049,,other,confederation,Baron Rouleau de Chambly names an heir,Season 122 · Baron Rouleau de Chambly names Ludger Rouleau heir.,"{""season"": 122, ""heir_age"": 11, ""role"": ""heir""}",engine,2026-09-08 13:29:27
2050,,relational,confederation,Baron Dickson of Moncton and Baron Rouleau de Chambly are joined by marriage,"Season 122 · Farquhar Dickson marries Ludger Rouleau, binding Baron Dickson of Moncton to Baron Rouleau de Chambly.","{""season"": 122, ""marker"": ""kin""}",engine,2026-09-08 13:29:27
2051,,societal,dominion,Alaska Boundary Award,Season 122 · Baron Uniacke of Bowmanville meets Alaska Boundary Award and leads.,"{""season"": 122, ""response"": ""Lead"", ""roll"": 6, ""personal_year"": 1903, ""magnitude"": ""Minor"", ""tag"": ""Mixed""}",engine,2026-09-08 13:29:27
2052,,societal,confederation,Long Depression Reaches Canada,Season 122 · Baron Stefaniuk of Regina meets Long Depression Reaches Canada and exploits.,"{""season"": 122, ""response"": ""Exploit"", ""roll"": 5, ""personal_year"": 1874, ""magnitude"": ""Major"", ""tag"": ""Conservative""}",engine,2026-09-08 13:29:27
2053,,societal,confederation,Pacific Scandal,Season 122 · Baron Dyck of Calgary McKnight meets Pacific Scandal and resists.,"{""season"": 122, ""response"": ""Resist"", ""roll"": 3, ""personal_year"": 1873, ""magnitude"": ""Significant"", ""tag"": ""Progressive""}",engine,2026-09-08 13:29:27
2054,,relational,confederation,Baron Dyck of Calgary McKnight corresponds with Viscount Stefaniuk of Emerson,Season 122 · Baron Dyck of Calgary McKnight opens a correspondence with Viscount Stefaniuk of Emerson.,"{""season"": 122, ""marker"": ""\u25ce""}",engine,2026-09-08 13:29:27
2055,,relational,confederation,Baron Cornwall of Revelstoke corresponds with Baron Stefaniuk of Regina,Season 122 · Baron Cornwall of Revelstoke opens a correspondence with Baron Stefaniuk of Regina.,"{""season"": 122, ""marker"": ""\u25ce""}",engine,2026-09-08 13:29:27
2056,,societal,confederation,Red River Resistance,Season 122 · Baron Cogswell of Argentia meets Red River Resistance and exploits.,"{""season"": 122, ""response"": ""Exploit"", ""roll"": 4, ""personal_year"": 1869, ""magnitude"": ""Major"", ""tag"": ""Mixed""}",engine,2026-09-08 13:29:27
2057,,challenge,dominion,Viscount Stefaniuk of Emerson fails against Baron Cardinal of Steinbach,Season 123 · Viscount Stefaniuk of Emerson challenges Baron Cardinal of Steinbach and fails.,"{""season"": 123, ""outcome"": ""failed"", ""total"": 5}",engine,2026-09-08 13:29:27
2058,,societal,dominion,Conscription Crisis,Season 123 · Marquis Mercier de Rimouski meets Conscription Crisis and exploits.,"{""season"": 123, ""response"": ""Exploit"", ""roll"": 5, ""personal_year"": 1917, ""magnitude"": ""Major"", ""tag"": ""Mixed""}",engine,2026-09-08 13:29:27
2059,,relational,dominion,Marquis Mercier de Rimouski corresponds with Baron Skye of Belleville,Season 123 · Marquis Mercier de Rimouski opens a correspondence with Baron Skye of Belleville.,"{""season"": 123, ""marker"": ""+""}",engine,2026-09-08 13:29:27
2060,,expansion,confederation,Earl Bouchard de Terrebonne takes Drummond,Season 123 · Earl Bouchard de Terrebonne takes Drummond.,"{""season"": 123, ""riding"": ""Drummond"", ""roll"": 11}",engine,2026-09-08 13:29:27
2061,,elevation,confederation,Marquis Hays of Beloeil elevated,Season 123 · Earl Hays of Beloeil is raised to Marquis.,"{""season"": 123, ""from"": ""Earl"", ""to"": ""Marquis""}",engine,2026-09-08 13:29:27
2062,,societal,dominion,Halifax Explosion,Season 123 · Viscount McLellan of Belfast meets Halifax Explosion and leads.,"{""season"": 123, ""response"": ""Lead"", ""roll"": 6, ""personal_year"": 1917, ""magnitude"": ""Major"", ""tag"": ""Mixed""}",engine,2026-09-08 13:29:27
2063,,succession,dominion,Viscount McLellan of Belfast: clean succession,Season 123 · Euphemia McLellan succeeds to Viscount McLellan of Belfast.,"{""season"": 123, ""nature"": ""clean"", ""cause"": ""death""}",engine,2026-09-08 13:29:27
2064,,relational,confederation,Earl Cornwall of Steveston corresponds with Baron Cornwall of Revelstoke,Season 123 · Earl Cornwall of Steveston opens a correspondence with Baron Cornwall of Revelstoke.,"{""season"": 123, ""marker"": ""kin""}",engine,2026-09-08 13:29:27
2065,,relational,confederation,Marquis Meagher of Chatham corresponds with Baron Furlong of Émard,Season 123 · Marquis Meagher of Chatham opens a correspondence with Baron Furlong of Émard.,"{""season"": 123, ""marker"": ""+""}",engine,2026-09-08 13:29:27
2066,,societal,dominion,Komagata Maru,Season 123 · Marquis Rochon de Rosedale meets Komagata Maru and resists.,"{""season"": 123, ""response"": ""Resist"", ""roll"": 2, ""personal_year"": 1914, ""magnitude"": ""Major"", ""tag"": ""Conservative""}",engine,2026-09-08 13:29:27
2067,,expansion,late,Viscount Cameron of Cornwall takes Willowdale,Season 123 · Viscount Cameron of Cornwall takes Willowdale.,"{""season"": 123, ""riding"": ""Willowdale"", ""roll"": 7}",engine,2026-09-08 13:29:27
2068,,societal,confederation,Jesuits' Estates Act Controversy,Season 123 · Baron Pegahmagabow of Wawa meets Jesuits' Estates Act Controversy and exploits.,"{""season"": 123, ""response"": ""Exploit"", ""roll"": 4, ""personal_year"": 1888, ""magnitude"": ""Significant"", ""tag"": ""Conservative""}",engine,2026-09-08 13:29:27
2069,,societal,confederation,Death of Sir John A. Macdonald,Season 123 · Viscount Byrne of Cooksville meets Death of Sir John A. Macdonald and resists.,"{""season"": 123, ""response"": ""Resist"", ""roll"": 2, ""personal_year"": 1891, ""magnitude"": ""Minor"", ""tag"": ""Mixed""}",engine,2026-09-08 13:29:27
2070,,societal,dominion,Halifax Explosion,Season 123 · Baron Meagher of Windsor meets Halifax Explosion and resists.,"{""season"": 123, ""response"": ""Resist"", ""roll"": 2, ""personal_year"": 1917, ""magnitude"": ""Major"", ""tag"": ""Mixed""}",engine,2026-09-08 13:29:27
2071,,societal,confederation,Diamond Jubilee,Season 123 · Viscount Marchand de Lac-Saint-Louis meets Diamond Jubilee and stands aside.,"{""season"": 123, ""response"": ""Neutral"", ""roll"": 1, ""personal_year"": 1897, ""magnitude"": ""Minor"", ""tag"": ""Conservative""}",engine,2026-09-08 13:29:27
2072,,societal,confederation,Klondike Gold Rush,Season 123 · Viscount Dawes of Bourassa meets Klondike Gold Rush and resists.,"{""season"": 123, ""response"": ""Resist"", ""roll"": 3, ""personal_year"": 1897, ""magnitude"": ""Significant"", ""tag"": ""Mixed""}",engine,2026-09-08 13:29:27
2073,,relational,confederation,Viscount Dawes of Bourassa corresponds with Earl Patterson of Kennebecasis,Season 123 · Viscount Dawes of Bourassa opens a correspondence with Earl Patterson of Kennebecasis.,"{""season"": 123, ""marker"": ""+""}",engine,2026-09-08 13:29:27
2074,,societal,dominion,Komagata Maru,Season 123 · Baron Wallace of Hespeler meets Komagata Maru and exploits.,"{""season"": 123, ""response"": ""Exploit"", ""roll"": 4, ""personal_year"": 1914, ""magnitude"": ""Major"", ""tag"": ""Conservative""}",engine,2026-09-08 13:29:27
2075,,expansion,dominion,Baron Wallace of Hespeler takes Niagara South,Season 123 · Baron Wallace of Hespeler takes Niagara South.,"{""season"": 123, ""riding"": ""Niagara South"", ""roll"": 9}",engine,2026-09-08 13:29:27
2076,,relational,confederation,Baron Turgeon de St.-Jerome corresponds with Baron Pegahmagabow of Wawa,Season 123 · Baron Turgeon de St.-Jerome opens a correspondence with Baron Pegahmagabow of Wawa.,"{""season"": 123, ""marker"": ""+""}",engine,2026-09-08 13:29:27
2077,,societal,dominion,Conscription Crisis,Season 123 · Baron Benjamin of La Pointe-de-l'Île meets Conscription Crisis and exploits.,"{""season"": 123, ""response"": ""Exploit"", ""roll"": 5, ""personal_year"": 1917, ""magnitude"": ""Major"", ""tag"": ""Mixed""}",engine,2026-09-08 13:29:27
2078,,relational,dominion,Baron Benjamin of La Pointe-de-l'Île corresponds with Earl Langelier de Charlevoix,Season 123 · Baron Benjamin of La Pointe-de-l'Île opens a correspondence with Earl Langelier de Charlevoix.,"{""season"": 123, ""marker"": ""+""}",engine,2026-09-08 13:29:27
2079,,societal,confederation,Canadian Pacific Railway Chartered,Season 123 · Baron Rouleau de Chambly meets Canadian Pacific Railway Chartered and exploits.,"{""season"": 123, ""response"": ""Exploit"", ""roll"": 4, ""personal_year"": 1881, ""magnitude"": ""Significant"", ""tag"": ""Mixed""}",engine,2026-09-08 13:29:27
2080,,societal,confederation,Canadian Pacific Railway Chartered,Season 123 · Baron Dickson of Moncton meets Canadian Pacific Railway Chartered and resists.,"{""season"": 123, ""response"": ""Resist"", ""roll"": 2, ""personal_year"": 1881, ""magnitude"": ""Significant"", ""tag"": ""Mixed""}",engine,2026-09-08 13:29:27
2081,,relational,confederation,Baron Dickson of Moncton corresponds with Viscount Chapais de Saint-Hyacinthe,Season 123 · Baron Dickson of Moncton opens a correspondence with Viscount Chapais de Saint-Hyacinthe.,"{""season"": 123, ""marker"": ""+""}",engine,2026-09-08 13:29:27
2082,,societal,confederation,National Policy,Season 123 · Viscount Stefaniuk of North Battleford meets National Policy and exploits.,"{""season"": 123, ""response"": ""Exploit"", ""roll"": 4, ""personal_year"": 1878, ""magnitude"": ""Significant"", ""tag"": ""Conservative""}",engine,2026-09-08 13:29:27
2083,,relational,dominion,Baron Uniacke of Bowmanville corresponds with Marquis Meagher of Chatham,Season 123 · Baron Uniacke of Bowmanville opens a correspondence with Marquis Meagher of Chatham.,"{""season"": 123, ""marker"": ""\u25ce""}",engine,2026-09-08 13:29:27
2084,,societal,confederation,Indian Act,Season 123 · Baron Jarvis of Spadina meets Indian Act and leads.,"{""season"": 123, ""response"": ""Lead"", ""roll"": 6, ""personal_year"": 1876, ""magnitude"": ""Major"", ""tag"": ""Conservative""}",engine,2026-09-08 13:29:27
2085,,relational,confederation,Baron Stefaniuk of Regina corresponds with Viscount Bhullar of Nanaimo,Season 123 · Baron Stefaniuk of Regina opens a correspondence with Viscount Bhullar of Nanaimo.,"{""season"": 123, ""marker"": ""+""}",engine,2026-09-08 13:29:27
2086,,societal,confederation,Long Depression Reaches Canada,Season 123 · Baron Dyck of Calgary McKnight meets Long Depression Reaches Canada and stands aside.,"{""season"": 123, ""response"": ""Neutral"", ""roll"": 0, ""personal_year"": 1874, ""magnitude"": ""Major"", ""tag"": ""Conservative""}",engine,2026-09-08 13:29:27
2087,,other,confederation,Baron Dyck of Calgary McKnight names an heir,Season 123 · Baron Dyck of Calgary McKnight names Johann Dyck heir.,"{""season"": 123, ""heir_age"": 22, ""role"": ""heir""}",engine,2026-09-08 13:29:27
2088,,societal,confederation,National Policy,Season 123 · Baron Cornwall of Revelstoke meets National Policy and exploits.,"{""season"": 123, ""response"": ""Exploit"", ""roll"": 4, ""personal_year"": 1878, ""magnitude"": ""Significant"", ""tag"": ""Conservative""}",engine,2026-09-08 13:29:27
2089,,societal,confederation,Pacific Scandal,Season 123 · Baron Shawanaga of Waterloo meets Pacific Scandal and leads.,"{""season"": 123, ""response"": ""Lead"", ""roll"": 7, ""personal_year"": 1873, ""magnitude"": ""Significant"", ""tag"": ""Progressive""}",engine,2026-09-08 13:29:27
2090,,other,confederation,Baron Shawanaga of Waterloo names an heir,Season 123 · Baron Shawanaga of Waterloo names Solomon Shawanaga heir.,"{""season"": 123, ""heir_age"": 17, ""role"": ""heir""}",engine,2026-09-08 13:29:27
2091,,societal,confederation,Confederation Extension (Manitoba Act),Season 123 · Baron Cogswell of Argentia meets Confederation Extension (Manitoba Act) and exploits.,"{""season"": 123, ""response"": ""Exploit"", ""roll"": 4, ""personal_year"": 1870, ""magnitude"": ""Major"", ""tag"": ""Mixed""}",engine,2026-09-08 13:29:27
2092,,relational,confederation,Earl Beauvais of Charles-LeMoyne and Marquis Hays of Beloeil fall out,Season 124 · Earl Beauvais of Charles-LeMoyne and Marquis Hays of Beloeil fall out over the patronage of a shared riding's offices.,"{""season"": 124, ""marker"": ""Sig\u2212"", ""cause"": ""friction"", ""grievance"": ""the patronage of a shared riding's offices""}",engine,2026-09-08 13:29:27
2093,,relational,confederation,Viscount Benjamin of Bellechasse and Earl Langelier de Charlevoix fall out,Season 124 · Viscount Benjamin of Bellechasse and Earl Langelier de Charlevoix fall out over a boundary the two houses read differently.,"{""season"": 124, ""marker"": ""Sig\u2212"", ""cause"": ""friction"", ""grievance"": ""a boundary the two houses read differently""}",engine,2026-09-08 13:29:27
2094,,relational,confederation,Viscount Smoke of Barrie and Viscount Worts of Milton fall out,Season 124 · Viscount Smoke of Barrie and Viscount Worts of Milton fall out over a boundary the two houses read differently.,"{""season"": 124, ""marker"": ""Sig\u2212"", ""cause"": ""friction"", ""grievance"": ""a boundary the two houses read differently""}",engine,2026-09-08 13:29:27
2095,,founding,dominion,Baron Elliott of Mistassini founded by partition from Viscount Elliott of Glengarry,Season 124 · Baron Elliott of Mistassini is founded by partition from Viscount Elliott of Glengarry.,"{""season"": 124, ""nature"": ""partition"", ""parent"": ""Elliott""}",engine,2026-09-08 13:29:27
2096,,succession,dominion,Viscount Elliott of Glengarry: clean succession,Season 124 · Annie Elliott succeeds to Viscount Elliott of Glengarry.,"{""season"": 124, ""nature"": ""clean"", ""cause"": ""death""}",engine,2026-09-08 13:29:27
2097,,relational,confederation,Viscount Benjamin of Bellechasse wins a dispute with Marquis Mercier de Rimouski,Season 124 · Viscount Benjamin of Bellechasse carries a dispute against Marquis Mercier de Rimouski.,"{""season"": 124, ""outcome"": ""won"", ""marker"": ""~""}",engine,2026-09-08 13:29:27
2098,,societal,dominion,Spanish Influenza,Season 124 · Marquis Mercier de Rimouski meets Spanish Influenza and leads.,"{""season"": 124, ""response"": ""Lead"", ""roll"": 6, ""personal_year"": 1918, ""magnitude"": ""Significant"", ""tag"": ""Global""}",engine,2026-09-08 13:29:27
2099,,societal,dominion,Chinese Exclusion Act,Season 124 · Earl Langelier de Charlevoix meets Chinese Exclusion Act and exploits.,"{""season"": 124, ""response"": ""Exploit"", ""roll"": 4, ""personal_year"": 1923, ""magnitude"": ""Significant"", ""tag"": ""Conservative""}",engine,2026-09-08 13:29:27
2100,,relational,dominion,Earl Langelier de Charlevoix and Viscount Colby of Trois-Rivières form a compact,Season 124 · Earl Langelier de Charlevoix and Viscount Colby of Trois-Rivières enter into a compact.,"{""season"": 124, ""marker"": ""\u25c9+""}",engine,2026-09-08 13:29:27
2101,,relational,confederation,Earl Patterson of Kennebecasis corresponds with Baron Wallace of Hespeler,Season 124 · Earl Patterson of Kennebecasis opens a correspondence with Baron Wallace of Hespeler.,"{""season"": 124, ""marker"": ""\u25ce""}",engine,2026-09-08 13:29:27
2102,,societal,dominion,Alberta and Saskatchewan Created,Season 124 · Baron Skye of Belleville meets Alberta and Saskatchewan Created and exploits.,"{""season"": 124, ""response"": ""Exploit"", ""roll"": 5, ""personal_year"": 1905, ""magnitude"": ""Significant"", ""tag"": ""Progressive""}",engine,2026-09-08 13:29:27
2103,,elevation,confederation,Viscount Proulx de Cumberland elevated,Season 124 · Baron Proulx de Cumberland is raised to Viscount.,"{""season"": 124, ""from"": ""Baron"", ""to"": ""Viscount""}",engine,2026-09-08 13:29:27
2104,,relational,dominion,Viscount Worts of Milton corresponds with Viscount Cameron of Cornwall,Season 124 · Viscount Worts of Milton opens a correspondence with Viscount Cameron of Cornwall.,"{""season"": 124, ""marker"": ""+""}",engine,2026-09-08 13:29:27
2105,,societal,confederation,Last Spike at Craigellachie,Season 124 · Viscount Colby of Trois-Rivières meets Last Spike at Craigellachie and exploits.,"{""season"": 124, ""response"": ""Exploit"", ""roll"": 4, ""personal_year"": 1885, ""magnitude"": ""Significant"", ""tag"": ""Mixed""}",engine,2026-09-08 13:29:27
2106,,relational,confederation,Baron Turgeon de St.-Jerome corresponds with Viscount Worts of Milton,Season 124 · Baron Turgeon de St.-Jerome opens a correspondence with Viscount Worts of Milton.,"{""season"": 124, ""marker"": ""\u25ce""}",engine,2026-09-08 13:29:27
2107,,societal,confederation,Last Spike at Craigellachie,Season 124 · Baron Gillies of Aurora meets Last Spike at Craigellachie and stands aside.,"{""season"": 124, ""response"": ""Neutral"", ""roll"": 1, ""personal_year"": 1885, ""magnitude"": ""Significant"", ""tag"": ""Mixed""}",engine,2026-09-08 13:29:27
2108,,societal,confederation,Laurier Elected,Season 124 · Baron Furlong of Émard meets Laurier Elected and stands aside.,"{""season"": 124, ""response"": ""Neutral"", ""roll"": 1, ""personal_year"": 1896, ""magnitude"": ""Significant"", ""tag"": ""Progressive""}",engine,2026-09-08 13:29:27
2109,,relational,confederation,Earl Beauvais of Charles-LeMoyne loses a dispute with Marquis Hays of Beloeil,Season 124 · Earl Beauvais of Charles-LeMoyne presses a claim against Marquis Hays of Beloeil and is rebuffed.,"{""season"": 124, ""outcome"": ""lost""}",engine,2026-09-08 13:29:27
2110,,societal,dominion,Spanish Influenza,Season 124 · Baron Benjamin of La Pointe-de-l'Île meets Spanish Influenza and stands aside.,"{""season"": 124, ""response"": ""Neutral"", ""roll"": 1, ""personal_year"": 1918, ""magnitude"": ""Significant"", ""tag"": ""Global""}",engine,2026-09-08 13:29:27
2111,,other,dominion,Baron Benjamin of La Pointe-de-l'Île endows an institution,Season 124 · Baron Benjamin of La Pointe-de-l'Île endows an institution.,"{""season"": 124}",engine,2026-09-08 13:29:27
2112,,relational,confederation,Baron Rouleau de Chambly corresponds with Viscount Chapais de Saint-Hyacinthe,Season 124 · Baron Rouleau de Chambly opens a correspondence with Viscount Chapais de Saint-Hyacinthe.,"{""season"": 124, ""marker"": ""\u25ce""}",engine,2026-09-08 13:29:27
2113,,societal,confederation,Canadian Pacific Railway Chartered,Season 124 · Baron Langelier de Rosemont meets Canadian Pacific Railway Chartered and leads.,"{""season"": 124, ""response"": ""Lead"", ""roll"": 6, ""personal_year"": 1881, ""magnitude"": ""Significant"", ""tag"": ""Mixed""}",engine,2026-09-08 13:29:27
2114,,relational,confederation,Baron Langelier de Rosemont corresponds with Viscount Stefaniuk of Emerson,Season 124 · Baron Langelier de Rosemont opens a correspondence with Viscount Stefaniuk of Emerson.,"{""season"": 124, ""marker"": ""+""}",engine,2026-09-08 13:29:27
2115,,societal,dominion,Alberta and Saskatchewan Created,Season 124 · Baron Uniacke of Bowmanville meets Alberta and Saskatchewan Created and exploits.,"{""season"": 124, ""response"": ""Exploit"", ""roll"": 5, ""personal_year"": 1905, ""magnitude"": ""Significant"", ""tag"": ""Progressive""}",engine,2026-09-08 13:29:27
2116,,succession,confederation,Baron Jarvis of Spadina: clean succession,Season 124 · Sarah Jarvis succeeds to Baron Jarvis of Spadina.,"{""season"": 124, ""nature"": ""clean"", ""cause"": ""death""}",engine,2026-09-08 13:29:27
2117,,expansion,confederation,Baron Jarvis of Spadina takes University—Rosedale,Season 124 · Baron Jarvis of Spadina takes University—Rosedale.,"{""season"": 124, ""riding"": ""University\u2014Rosedale"", ""roll"": 7}",engine,2026-09-08 13:29:27
2118,,societal,confederation,Indian Act,Season 124 · Baron Stefaniuk of Regina meets Indian Act and resists.,"{""season"": 124, ""response"": ""Resist"", ""roll"": 2, ""personal_year"": 1876, ""magnitude"": ""Major"", ""tag"": ""Conservative""}",engine,2026-09-08 13:29:27
2119,,other,confederation,Baron Stefaniuk of Regina names an heir,Season 124 · Baron Stefaniuk of Regina names Ivan Stefaniuk heir.,"{""season"": 124, ""heir_age"": 39, ""role"": ""heir""}",engine,2026-09-08 13:29:27
2120,,societal,confederation,Long Depression Reaches Canada,Season 124 · Baron Shawanaga of Waterloo meets Long Depression Reaches Canada and stands aside.,"{""season"": 124, ""response"": ""Neutral"", ""roll"": 0, ""personal_year"": 1874, ""magnitude"": ""Major"", ""tag"": ""Conservative""}",engine,2026-09-08 13:29:27
2121,,societal,confederation,British Columbia Joins; Treaty 1 Signed,Season 124 · Baron Cogswell of Argentia meets British Columbia Joins; Treaty 1 Signed and resists.,"{""season"": 124, ""response"": ""Resist"", ""roll"": 3, ""personal_year"": 1871, ""magnitude"": ""Significant"", ""tag"": ""Mixed""}",engine,2026-09-08 13:29:27
2122,,expansion,confederation,Baron Cogswell of Argentia takes Avalon,Season 124 · Baron Cogswell of Argentia takes Avalon.,"{""season"": 124, ""riding"": ""Avalon"", ""roll"": 7}",engine,2026-09-08 13:29:27
2123,,relational,confederation,Earl Hendrie of Brampton and Viscount Worts of Milton fall out,Season 125 · Earl Hendrie of Brampton and Viscount Worts of Milton fall out over a slighted marriage between the two houses.,"{""season"": 125, ""marker"": ""Sig\u2212"", ""cause"": ""friction"", ""grievance"": ""a slighted marriage between the two houses""}",engine,2026-09-08 13:29:27
2124,,relational,dominion,Marquis Rochon de Rosedale and Viscount Worts of Milton fall out,Season 125 · Marquis Rochon de Rosedale and Viscount Worts of Milton fall out over a slighted marriage between the two houses.,"{""season"": 125, ""marker"": ""Sig\u2212"", ""cause"": ""friction"", ""grievance"": ""a slighted marriage between the two houses""}",engine,2026-09-08 13:29:27
2125,,relational,dominion,Viscount Stefaniuk of Emerson and Viscount Stefaniuk of North Battleford fall out,Season 125 · Viscount Stefaniuk of Emerson and Viscount Stefaniuk of North Battleford fall out over the patronage of a shared riding's offices.,"{""season"": 125, ""marker"": ""Sig\u2212"", ""cause"": ""friction"", ""grievance"": ""the patronage of a shared riding's offices""}",engine,2026-09-08 13:29:27
2126,,succession,confederation,Viscount Wallace of Perth: disorderly succession,Season 125 · Viscount Wallace of Perth passes in disorder to Florence Wallace.,"{""season"": 125, ""nature"": ""disorderly"", ""cause"": ""death""}",engine,2026-09-08 13:29:27
2127,,transfer,confederation,Viscount Wallace of Perth loses Hamilton West—Ancaster—Dundas,Season 125 · Viscount Wallace of Perth gives up Hamilton West—Ancaster—Dundas (disorderly succession).,"{""season"": 125, ""reason"": ""disorderly succession"", ""riding"": ""Hamilton West\u2014Ancaster\u2014Dundas""}",engine,2026-09-08 13:29:27
2128,,relational,dominion,Viscount Stefaniuk of Emerson corresponds with Baron Dyck of Calgary McKnight,Season 125 · Viscount Stefaniuk of Emerson opens a correspondence with Baron Dyck of Calgary McKnight.,"{""season"": 125, ""marker"": ""+""}",engine,2026-09-08 13:29:27
2129,,societal,dominion,Nickle Resolution Defeated,Season 125 · Viscount Benjamin of Bellechasse meets Nickle Resolution Defeated and resists.,"{""season"": 125, ""response"": ""Resist"", ""roll"": 3, ""personal_year"": 1919, ""magnitude"": ""Minor"", ""tag"": ""Mixed""}",engine,2026-09-08 13:29:27
2130,,societal,dominion,Winnipeg General Strike,Season 125 · Marquis Mercier de Rimouski meets Winnipeg General Strike and exploits.,"{""season"": 125, ""response"": ""Exploit"", ""roll"": 5, ""personal_year"": 1919, ""magnitude"": ""Major"", ""tag"": ""Mixed""}",engine,2026-09-08 13:29:27
2131,,societal,confederation,Chinese Immigration Act,Season 125 · Marquis Hays of Beloeil meets Chinese Immigration Act and stands aside.,"{""season"": 125, ""response"": ""Neutral"", ""roll"": 1, ""personal_year"": 1885, ""magnitude"": ""Significant"", ""tag"": ""Conservative""}",engine,2026-09-08 13:29:27
2132,,relational,confederation,Marquis Hays of Beloeil and Viscount Byrne of Cooksville form a compact,Season 125 · Marquis Hays of Beloeil and Viscount Byrne of Cooksville enter into a compact.,"{""season"": 125, ""marker"": ""\u25c9+""}",engine,2026-09-08 13:29:27
2133,,relational,confederation,Viscount McLellan of Belfast corresponds with Baron Dickson of Moncton,Season 125 · Viscount McLellan of Belfast opens a correspondence with Baron Dickson of Moncton.,"{""season"": 125, ""marker"": ""\u25ce""}",engine,2026-09-08 13:29:27
2134,,relational,confederation,Earl Cornwall of Steveston and Baron Stefaniuk of Regina are joined by marriage,"Season 125 · Anne Cornwall marries Ivan Stefaniuk, binding Earl Cornwall of Steveston to Baron Stefaniuk of Regina.","{""season"": 125, ""marker"": ""kin""}",engine,2026-09-08 13:29:27
2135,,transfer,dominion,Earl Langelier de Charlevoix loses Central Newfoundland,Season 125 · Earl Langelier de Charlevoix gives up Central Newfoundland (cession).,"{""season"": 125, ""reason"": ""cession"", ""riding"": ""Central Newfoundland""}",engine,2026-09-08 13:29:27
2136,,relational,dominion,Earl Langelier de Charlevoix settles with Viscount Benjamin of Bellechasse,Season 125 · Earl Langelier de Charlevoix settles its grievance with Viscount Benjamin of Bellechasse by cession.,"{""season"": 125, ""marker"": ""~"", ""ceded"": ""10003""}",engine,2026-09-08 13:29:27
2137,,other,confederation,Marquis Meagher of Chatham names an heir,Season 125 · Marquis Meagher of Chatham names Owen Meagher heir.,"{""season"": 125, ""heir_age"": 10, ""role"": ""heir""}",engine,2026-09-08 13:29:27
2138,,societal,dominion,Prairie Women's Suffrage,Season 125 · Marquis Rochon de Rosedale meets Prairie Women's Suffrage and exploits.,"{""season"": 125, ""response"": ""Exploit"", ""roll"": 4, ""personal_year"": 1916, ""magnitude"": ""Significant"", ""tag"": ""Progressive""}",engine,2026-09-08 13:29:27
2139,,relational,dominion,Marquis Rochon de Rosedale loses a dispute with Viscount Worts of Milton,Season 125 · Marquis Rochon de Rosedale presses a claim against Viscount Worts of Milton and is rebuffed.,"{""season"": 125, ""outcome"": ""lost""}",engine,2026-09-08 13:29:27
2140,,societal,confederation,Diamond Jubilee,Season 125 · Earl Patterson of Kennebecasis meets Diamond Jubilee and exploits.,"{""season"": 125, ""response"": ""Exploit"", ""roll"": 4, ""personal_year"": 1897, ""magnitude"": ""Minor"", ""tag"": ""Conservative""}",engine,2026-09-08 13:29:27
2141,,societal,late,Bank of Canada Opens,Season 125 · Viscount Cameron of Cornwall meets Bank of Canada Opens and leads.,"{""season"": 125, ""response"": ""Lead"", ""roll"": 6, ""personal_year"": 1935, ""magnitude"": ""Minor"", ""tag"": ""Mixed""}",engine,2026-09-08 13:29:27
2142,,expansion,late,Viscount Cameron of Cornwall takes Markham—Thornhill,Season 125 · Viscount Cameron of Cornwall takes Markham—Thornhill.,"{""season"": 125, ""riding"": ""Markham\u2014Thornhill"", ""roll"": 12}",engine,2026-09-08 13:29:27
2143,,expansion,confederation,Baron Pegahmagabow of Wawa takes Churchill—Keewatinook Aski,Season 125 · Baron Pegahmagabow of Wawa takes Churchill—Keewatinook Aski.,"{""season"": 125, ""riding"": ""Churchill\u2014Keewatinook Aski"", ""roll"": 12}",engine,2026-09-08 13:29:28
2144,,societal,dominion,Nickle Resolution Defeated,Season 125 · Baron Meagher of Windsor meets Nickle Resolution Defeated and stands aside.,"{""season"": 125, ""response"": ""Neutral"", ""roll"": 1, ""personal_year"": 1919, ""magnitude"": ""Minor"", ""tag"": ""Mixed""}",engine,2026-09-08 13:29:28
2145,,expansion,dominion,Baron Meagher of Windsor takes Elgin—St. Thomas—London South,Season 125 · Baron Meagher of Windsor takes Elgin—St. Thomas—London South.,"{""season"": 125, ""riding"": ""Elgin\u2014St. Thomas\u2014London South"", ""roll"": 8}",engine,2026-09-08 13:29:28
2146,,succession,dominion,Baron Skye of Belleville: clean succession,Season 125 · Sarah Skye succeeds to Baron Skye of Belleville.,"{""season"": 125, ""nature"": ""clean"", ""cause"": ""death""}",engine,2026-09-08 13:29:28
2147,,societal,confederation,Klondike Gold Rush,Season 125 · Viscount Proulx de Cumberland meets Klondike Gold Rush and leads.,"{""season"": 125, ""response"": ""Lead"", ""roll"": 6, ""personal_year"": 1897, ""magnitude"": ""Significant"", ""tag"": ""Mixed""}",engine,2026-09-08 13:29:28
2148,,succession,confederation,Viscount Proulx de Cumberland: clean succession,Season 125 · Delphine Proulx succeeds to Viscount Proulx de Cumberland.,"{""season"": 125, ""nature"": ""clean"", ""cause"": ""death""}",engine,2026-09-08 13:29:28
2149,,societal,dominion,Alaska Boundary Award,Season 125 · Viscount Worts of Milton meets Alaska Boundary Award and resists.,"{""season"": 125, ""response"": ""Resist"", ""roll"": 2, ""personal_year"": 1903, ""magnitude"": ""Minor"", ""tag"": ""Mixed""}",engine,2026-09-08 13:29:28
2150,,transfer,dominion,Viscount Worts of Milton loses Burlington,Season 125 · Viscount Worts of Milton gives up Burlington (cession).,"{""season"": 125, ""reason"": ""cession"", ""riding"": ""Burlington""}",engine,2026-09-08 13:29:28
2151,,relational,dominion,Viscount Worts of Milton settles with Viscount Smoke of Barrie,Season 125 · Viscount Worts of Milton settles its grievance with Viscount Smoke of Barrie by cession.,"{""season"": 125, ""marker"": ""~"", ""ceded"": ""35017""}",engine,2026-09-08 13:29:28
2152,,societal,dominion,Alaska Boundary Award,Season 125 · Baron Lucas of Oakville meets Alaska Boundary Award and resists.,"{""season"": 125, ""response"": ""Resist"", ""roll"": 3, ""personal_year"": 1903, ""magnitude"": ""Minor"", ""tag"": ""Mixed""}",engine,2026-09-08 13:29:28
2153,,societal,confederation,South African War,Season 125 · Viscount Dawes of Bourassa meets South African War and leads.,"{""season"": 125, ""response"": ""Lead"", ""roll"": 6, ""personal_year"": 1899, ""magnitude"": ""Major"", ""tag"": ""Conservative""}",engine,2026-09-08 13:29:28
2154,,societal,dominion,Prairie Women's Suffrage,Season 125 · Baron Wallace of Hespeler meets Prairie Women's Suffrage and resists.,"{""season"": 125, ""response"": ""Resist"", ""roll"": 3, ""personal_year"": 1916, ""magnitude"": ""Significant"", ""tag"": ""Progressive""}",engine,2026-09-08 13:29:28
2155,,societal,confederation,Diamond Jubilee,Season 125 · Baron Turgeon de St.-Jerome meets Diamond Jubilee and exploits.,"{""season"": 125, ""response"": ""Exploit"", ""roll"": 5, ""personal_year"": 1897, ""magnitude"": ""Minor"", ""tag"": ""Conservative""}",engine,2026-09-08 13:29:28
2156,,relational,confederation,Baron Gillies of Aurora and Earl Hendrie of Brampton form a compact,Season 125 · Baron Gillies of Aurora and Earl Hendrie of Brampton enter into a compact.,"{""season"": 125, ""marker"": ""\u25c9+""}",engine,2026-09-08 13:29:28
2157,,societal,confederation,Klondike Gold Rush,Season 125 · Baron Furlong of Émard meets Klondike Gold Rush and exploits.,"{""season"": 125, ""response"": ""Exploit"", ""roll"": 4, ""personal_year"": 1897, ""magnitude"": ""Significant"", ""tag"": ""Mixed""}",engine,2026-09-08 13:29:28
2158,,societal,dominion,Alaska Boundary Award,Season 125 · Viscount Smoke of Barrie meets Alaska Boundary Award and leads.,"{""season"": 125, ""response"": ""Lead"", ""roll"": 6, ""personal_year"": 1903, ""magnitude"": ""Minor"", ""tag"": ""Mixed""}",engine,2026-09-08 13:29:28
2159,,societal,dominion,Nickle Resolution Defeated,Season 125 · Baron Benjamin of La Pointe-de-l'Île meets Nickle Resolution Defeated and resists.,"{""season"": 125, ""response"": ""Resist"", ""roll"": 2, ""personal_year"": 1919, ""magnitude"": ""Minor"", ""tag"": ""Mixed""}",engine,2026-09-08 13:29:28
2160,,societal,confederation,CPR Strike,Season 125 · Baron Rouleau de Chambly meets CPR Strike and exploits.,"{""season"": 125, ""response"": ""Exploit"", ""roll"": 5, ""personal_year"": 1883, ""magnitude"": ""Significant"", ""tag"": ""Mixed""}",engine,2026-09-08 13:29:28
2161,,relational,confederation,Baron Rouleau de Chambly corresponds with Viscount Chapais de Saint-Hyacinthe,Season 125 · Baron Rouleau de Chambly opens a correspondence with Viscount Chapais de Saint-Hyacinthe.,"{""season"": 125, ""marker"": ""+""}",engine,2026-09-08 13:29:28
2162,,societal,confederation,CPR Strike,Season 125 · Baron Dickson of Moncton meets CPR Strike and stands aside.,"{""season"": 125, ""response"": ""Neutral"", ""roll"": 1, ""personal_year"": 1883, ""magnitude"": ""Significant"", ""tag"": ""Mixed""}",engine,2026-09-08 13:29:28
2163,,societal,confederation,Indian Act,Season 125 · Baron Dyck of Calgary McKnight meets Indian Act and stands aside.,"{""season"": 125, ""response"": ""Neutral"", ""roll"": 0, ""personal_year"": 1876, ""magnitude"": ""Major"", ""tag"": ""Conservative""}",engine,2026-09-08 13:29:28
2164,,expansion,confederation,Baron Cogswell of Argentia takes Cape Spear,Season 125 · Baron Cogswell of Argentia takes Cape Spear.,"{""season"": 125, ""riding"": ""Cape Spear"", ""roll"": 7}",engine,2026-09-08 13:29:28
2165,,relational,late,Viscount Cameron of Cornwall and Baron Gillies of Aurora fall out,Season 126 · Viscount Cameron of Cornwall and Baron Gillies of Aurora fall out over the water rights of a shared river.,"{""season"": 126, ""marker"": ""Sig\u2212"", ""cause"": ""friction"", ""grievance"": ""the water rights of a shared river""}",engine,2026-09-08 13:29:28
2166,,societal,dominion,The Persons Case,Season 126 · Viscount Stefaniuk of Emerson meets The Persons Case and stands aside.,"{""season"": 126, ""response"": ""Neutral"", ""roll"": 0, ""personal_year"": 1929, ""magnitude"": ""Significant"", ""tag"": ""Progressive""}",engine,2026-09-08 13:29:28
2167,,expansion,dominion,Viscount Stefaniuk of Emerson takes Brandon—Souris,Season 126 · Viscount Stefaniuk of Emerson takes Brandon—Souris.,"{""season"": 126, ""riding"": ""Brandon\u2014Souris"", ""roll"": 9}",engine,2026-09-08 13:29:28
2168,,relational,confederation,Earl Bouchard de Terrebonne corresponds with Earl Patterson of Kennebecasis,Season 126 · Earl Bouchard de Terrebonne opens a correspondence with Earl Patterson of Kennebecasis.,"{""season"": 126, ""marker"": ""+""}",engine,2026-09-08 13:29:28
2169,,societal,dominion,United Church Formed,Season 126 · Earl Langelier de Charlevoix meets United Church Formed and leads.,"{""season"": 126, ""response"": ""Lead"", ""roll"": 6, ""personal_year"": 1925, ""magnitude"": ""Minor"", ""tag"": ""Progressive""}",engine,2026-09-08 13:29:28
2170,,relational,confederation,Baron Hoover of Simcoe corresponds with Baron Gillies of Aurora,Season 126 · Baron Hoover of Simcoe opens a correspondence with Baron Gillies of Aurora.,"{""season"": 126, ""marker"": ""\u25ce""}",engine,2026-09-08 13:29:28
2171,,societal,dominion,Conscription Crisis,Season 126 · Marquis Rochon de Rosedale meets Conscription Crisis and leads.,"{""season"": 126, ""response"": ""Lead"", ""roll"": 6, ""personal_year"": 1917, ""magnitude"": ""Major"", ""tag"": ""Mixed""}",engine,2026-09-08 13:29:28
2172,,relational,dominion,Marquis Rochon de Rosedale wins a dispute with Viscount Worts of Milton,Season 126 · Marquis Rochon de Rosedale carries a dispute against Viscount Worts of Milton.,"{""season"": 126, ""outcome"": ""won"", ""marker"": ""~""}",engine,2026-09-08 13:29:28
2173,,relational,confederation,Earl Patterson of Kennebecasis corresponds with Baron Wallace of Hespeler,Season 126 · Earl Patterson of Kennebecasis opens a correspondence with Baron Wallace of Hespeler.,"{""season"": 126, ""marker"": ""+""}",engine,2026-09-08 13:29:28
2174,,transfer,confederation,Earl Hendrie of Brampton loses York South—Weston—Etobicoke,Season 126 · Earl Hendrie of Brampton gives up York South—Weston—Etobicoke (cession).,"{""season"": 126, ""reason"": ""cession"", ""riding"": ""York South\u2014Weston\u2014Etobicoke""}",engine,2026-09-08 13:29:28
2175,,relational,confederation,Earl Hendrie of Brampton settles with Viscount Worts of Milton,Season 126 · Earl Hendrie of Brampton settles its grievance with Viscount Worts of Milton by cession.,"{""season"": 126, ""marker"": ""~"", ""ceded"": ""35122""}",engine,2026-09-08 13:29:28
2176,,other,confederation,Viscount Byrne of Cooksville names an heir,Season 126 · Viscount Byrne of Cooksville names Hugh Byrne heir.,"{""season"": 126, ""heir_age"": 39, ""role"": ""heir""}",engine,2026-09-08 13:29:28
2177,,societal,dominion,Conscription Crisis,Season 126 · Viscount Worts of Milton meets Conscription Crisis and resists.,"{""season"": 126, ""response"": ""Resist"", ""roll"": 3, ""personal_year"": 1917, ""magnitude"": ""Major"", ""tag"": ""Mixed""}",engine,2026-09-08 13:29:28
2178,,relational,confederation,Viscount Gillies of Woburn and Baron Hoover of Simcoe form a compact,Season 126 · Viscount Gillies of Woburn and Baron Hoover of Simcoe enter into a compact.,"{""season"": 126, ""marker"": ""\u25c9+""}",engine,2026-09-08 13:29:28
2179,,societal,dominion,Halifax Explosion,Season 126 · Baron Wallace of Hespeler meets Halifax Explosion and exploits.,"{""season"": 126, ""response"": ""Exploit"", ""roll"": 4, ""personal_year"": 1917, ""magnitude"": ""Major"", ""tag"": ""Mixed""}",engine,2026-09-08 13:29:28
2180,,relational,confederation,Baron Furlong of Émard wins a dispute with Baron Rouleau de LaSalle,Season 126 · Baron Furlong of Émard carries a dispute against Baron Rouleau de LaSalle.,"{""season"": 126, ""outcome"": ""won"", ""marker"": ""~""}",engine,2026-09-08 13:29:28
2181,,relational,confederation,Viscount Chapais de Saint-Hyacinthe and Earl Bouchard de Terrebonne form a compact,Season 126 · Viscount Chapais de Saint-Hyacinthe and Earl Bouchard de Terrebonne enter into a compact.,"{""season"": 126, ""marker"": ""\u25c9+""}",engine,2026-09-08 13:29:28
2182,,relational,confederation,Baron Rouleau de Chambly and Viscount Marchand de Lac-Saint-Louis form a compact,Season 126 · Baron Rouleau de Chambly and Viscount Marchand de Lac-Saint-Louis enter into a compact.,"{""season"": 126, ""marker"": ""\u25c9+""}",engine,2026-09-08 13:29:28
2183,,societal,confederation,CPR Strike,Season 126 · Baron Langelier de Rosemont meets CPR Strike and exploits.,"{""season"": 126, ""response"": ""Exploit"", ""roll"": 4, ""personal_year"": 1883, ""magnitude"": ""Significant"", ""tag"": ""Mixed""}",engine,2026-09-08 13:29:28
2184,,societal,confederation,Canadian Pacific Railway Chartered,Season 126 · Viscount Stefaniuk of North Battleford meets Canadian Pacific Railway Chartered and resists.,"{""season"": 126, ""response"": ""Resist"", ""roll"": 2, ""personal_year"": 1881, ""magnitude"": ""Significant"", ""tag"": ""Mixed""}",engine,2026-09-08 13:29:28
2185,,societal,dominion,Vancouver Anti-Asian Riots,Season 126 · Baron Uniacke of Bowmanville meets Vancouver Anti-Asian Riots and resists.,"{""season"": 126, ""response"": ""Resist"", ""roll"": 2, ""personal_year"": 1907, ""magnitude"": ""Significant"", ""tag"": ""Conservative""}",engine,2026-09-08 13:29:28
2186,,societal,confederation,National Policy,Season 126 · Baron Stefaniuk of Regina meets National Policy and leads.,"{""season"": 126, ""response"": ""Lead"", ""roll"": 6, ""personal_year"": 1878, ""magnitude"": ""Significant"", ""tag"": ""Conservative""}",engine,2026-09-08 13:29:28
2187,,societal,confederation,Canadian Pacific Railway Chartered,Season 126 · Baron Cornwall of Revelstoke meets Canadian Pacific Railway Chartered and resists.,"{""season"": 126, ""response"": ""Resist"", ""roll"": 3, ""personal_year"": 1881, ""magnitude"": ""Significant"", ""tag"": ""Mixed""}",engine,2026-09-08 13:29:28
2188,,societal,confederation,Indian Act,Season 126 · Baron Shawanaga of Waterloo meets Indian Act and exploits.,"{""season"": 126, ""response"": ""Exploit"", ""roll"": 4, ""personal_year"": 1876, ""magnitude"": ""Major"", ""tag"": ""Conservative""}",engine,2026-09-08 13:29:28
2189,,societal,confederation,Pacific Scandal,Season 126 · Baron Cogswell of Argentia meets Pacific Scandal and resists.,"{""season"": 126, ""response"": ""Resist"", ""roll"": 2, ""personal_year"": 1873, ""magnitude"": ""Significant"", ""tag"": ""Progressive""}",engine,2026-09-08 13:29:28
2190,,societal,confederation,Red River Resistance,Season 126 · Baron Elliott of Mistassini meets Red River Resistance and resists.,"{""season"": 126, ""response"": ""Resist"", ""roll"": 3, ""personal_year"": 1869, ""magnitude"": ""Major"", ""tag"": ""Mixed""}",engine,2026-09-08 13:29:28
2191,,relational,confederation,Earl Beauvais of Charles-LeMoyne and Baron Furlong of Émard fall out,Season 127 · Earl Beauvais of Charles-LeMoyne and Baron Furlong of Émard fall out over a boundary the two houses read differently.,"{""season"": 127, ""marker"": ""Sig\u2212"", ""cause"": ""friction"", ""grievance"": ""a boundary the two houses read differently""}",engine,2026-09-08 13:29:28
2192,,relational,dominion,Viscount Bhullar of Nanaimo and Earl Langelier de Charlevoix fall out,Season 127 · Viscount Bhullar of Nanaimo and Earl Langelier de Charlevoix fall out over the patronage of a shared riding's offices.,"{""season"": 127, ""marker"": ""Sig\u2212"", ""cause"": ""friction"", ""grievance"": ""the patronage of a shared riding's offices""}",engine,2026-09-08 13:29:28
2193,,relational,confederation,Viscount Chapais de Saint-Hyacinthe and Marquis Mercier de Rimouski fall out,Season 127 · Viscount Chapais de Saint-Hyacinthe and Marquis Mercier de Rimouski fall out over the patronage of a shared riding's offices.,"{""season"": 127, ""marker"": ""Sig\u2212"", ""cause"": ""friction"", ""grievance"": ""the patronage of a shared riding's offices""}",engine,2026-09-08 13:29:28
2194,,other,confederation,Viscount Elliott of Glengarry names an heir,Season 127 · Viscount Elliott of Glengarry names Daniel Elliott heir.,"{""season"": 127, ""heir_age"": 28, ""role"": ""heir""}",engine,2026-09-08 13:29:28
2195,,transfer,late,Viscount Stefaniuk of Emerson loses Brandon—Souris,Season 127 · Viscount Stefaniuk of Emerson gives up Brandon—Souris (contraction sale).,"{""season"": 127, ""reason"": ""contraction sale"", ""riding"": ""Brandon\u2014Souris""}",engine,2026-09-08 13:29:28
2196,,societal,late,The Long Contraction,Season 127 · Viscount Stefaniuk of Emerson meets The Long Contraction and resists.,"{""season"": 127, ""response"": ""Resist"", ""roll"": 2, ""personal_year"": 1930, ""magnitude"": ""Major"", ""tag"": ""Conservative""}",engine,2026-09-08 13:29:28
2197,,succession,late,Viscount Stefaniuk of Emerson: disorderly succession,Season 127 · Viscount Stefaniuk of Emerson passes in disorder to Paraska Stefaniuk.,"{""season"": 127, ""nature"": ""disorderly"", ""cause"": ""death""}",engine,2026-09-08 13:29:28
2198,,transfer,confederation,Viscount Stefaniuk of Emerson loses Portage—Lisgar,Season 127 · Viscount Stefaniuk of Emerson gives up Portage—Lisgar (disorderly succession).,"{""season"": 127, ""reason"": ""disorderly succession"", ""riding"": ""Portage\u2014Lisgar""}",engine,2026-09-08 13:29:28
2199,,other,confederation,Viscount Stefaniuk of Emerson names an heir,Season 127 · Viscount Stefaniuk of Emerson names Kost Stefaniuk heir.,"{""season"": 127, ""heir_age"": 19, ""role"": ""heir""}",engine,2026-09-08 13:29:28
2200,,societal,dominion,Progressives and the First Woman MP,Season 127 · Marquis Mercier de Rimouski meets Progressives and the First Woman MP and resists.,"{""season"": 127, ""response"": ""Resist"", ""roll"": 3, ""personal_year"": 1921, ""magnitude"": ""Significant"", ""tag"": ""Progressive""}",engine,2026-09-08 13:29:28
2201,,relational,dominion,Marquis Mercier de Rimouski loses a dispute with Viscount Chapais de Saint-Hyacinthe,Season 127 · Marquis Mercier de Rimouski presses a claim against Viscount Chapais de Saint-Hyacinthe and is rebuffed.,"{""season"": 127, ""outcome"": ""lost""}",engine,2026-09-08 13:29:28
2202,,other,dominion,Earl Langelier de Charlevoix endows an institution,Season 127 · Earl Langelier de Charlevoix endows an institution.,"{""season"": 127}",engine,2026-09-08 13:29:28
2203,,societal,dominion,Spanish Influenza,Season 127 · Marquis Rochon de Rosedale meets Spanish Influenza and resists.,"{""season"": 127, ""response"": ""Resist"", ""roll"": 2, ""personal_year"": 1918, ""magnitude"": ""Significant"", ""tag"": ""Global""}",engine,2026-09-08 13:29:28
2204,,succession,late,Viscount Cameron of Cornwall: clean succession,Season 127 · Norman Cameron succeeds to Viscount Cameron of Cornwall.,"{""season"": 127, ""nature"": ""clean"", ""cause"": ""death""}",engine,2026-09-08 13:29:28
2205,,relational,confederation,Baron Cardinal of Steinbach loses a dispute with Viscount Stefaniuk of Emerson,Season 127 · Baron Cardinal of Steinbach presses a claim against Viscount Stefaniuk of Emerson and is rebuffed.,"{""season"": 127, ""outcome"": ""lost""}",engine,2026-09-08 13:29:28
2206,,societal,dominion,Spanish Influenza,Season 127 · Earl Hendrie of Brampton meets Spanish Influenza and exploits.,"{""season"": 127, ""response"": ""Exploit"", ""roll"": 5, ""personal_year"": 1918, ""magnitude"": ""Significant"", ""tag"": ""Global""}",engine,2026-09-08 13:29:28
2207,,relational,dominion,Viscount Bhullar of Nanaimo wins a dispute with Earl Langelier de Charlevoix,Season 127 · Viscount Bhullar of Nanaimo carries a dispute against Earl Langelier de Charlevoix.,"{""season"": 127, ""outcome"": ""won"", ""marker"": ""~""}",engine,2026-09-08 13:29:28
2208,,societal,dominion,Spanish Influenza,Season 127 · Viscount Worts of Milton meets Spanish Influenza and resists.,"{""season"": 127, ""response"": ""Resist"", ""roll"": 2, ""personal_year"": 1918, ""magnitude"": ""Significant"", ""tag"": ""Global""}",engine,2026-09-08 13:29:28
2209,,relational,dominion,Viscount Worts of Milton corresponds with Baron Turgeon de St.-Jerome,Season 127 · Viscount Worts of Milton opens a correspondence with Baron Turgeon de St.-Jerome.,"{""season"": 127, ""marker"": ""+""}",engine,2026-09-08 13:29:28
2210,,societal,dominion,Alberta and Saskatchewan Created,Season 127 · Baron Lucas of Oakville meets Alberta and Saskatchewan Created and resists.,"{""season"": 127, ""response"": ""Resist"", ""roll"": 3, ""personal_year"": 1905, ""magnitude"": ""Significant"", ""tag"": ""Progressive""}",engine,2026-09-08 13:29:28
2211,,societal,dominion,Spanish Influenza,Season 127 · Baron Wallace of Hespeler meets Spanish Influenza and exploits.,"{""season"": 127, ""response"": ""Exploit"", ""roll"": 5, ""personal_year"": 1918, ""magnitude"": ""Significant"", ""tag"": ""Global""}",engine,2026-09-08 13:29:28
2212,,relational,dominion,Baron Wallace of Hespeler and Earl Patterson of Kennebecasis form a compact,Season 127 · Baron Wallace of Hespeler and Earl Patterson of Kennebecasis enter into a compact.,"{""season"": 127, ""marker"": ""\u25c9+""}",engine,2026-09-08 13:29:28
2213,,societal,confederation,Jesuits' Estates Act Controversy,Season 127 · Baron Gillies of Aurora meets Jesuits' Estates Act Controversy and exploits.,"{""season"": 127, ""response"": ""Exploit"", ""roll"": 5, ""personal_year"": 1888, ""magnitude"": ""Significant"", ""tag"": ""Conservative""}",engine,2026-09-08 13:29:28
2214,,societal,confederation,South African War,Season 127 · Baron Furlong of Émard meets South African War and resists.,"{""season"": 127, ""response"": ""Resist"", ""roll"": 3, ""personal_year"": 1899, ""magnitude"": ""Major"", ""tag"": ""Conservative""}",engine,2026-09-08 13:29:28
2215,,societal,dominion,Alberta and Saskatchewan Created,Season 127 · Viscount Smoke of Barrie meets Alberta and Saskatchewan Created and resists.,"{""season"": 127, ""response"": ""Resist"", ""roll"": 3, ""personal_year"": 1905, ""magnitude"": ""Significant"", ""tag"": ""Progressive""}",engine,2026-09-08 13:29:28
2216,,societal,dominion,Progressives and the First Woman MP,Season 127 · Baron Benjamin of La Pointe-de-l'Île meets Progressives and the First Woman MP and resists.,"{""season"": 127, ""response"": ""Resist"", ""roll"": 3, ""personal_year"": 1921, ""magnitude"": ""Significant"", ""tag"": ""Progressive""}",engine,2026-09-08 13:29:28
2217,,societal,confederation,North-West Resistance,Season 127 · Baron Rouleau de Chambly meets North-West Resistance and stands aside.,"{""season"": 127, ""response"": ""Neutral"", ""roll"": 0, ""personal_year"": 1885, ""magnitude"": ""Major"", ""tag"": ""Conservative""}",engine,2026-09-08 13:29:28
2218,,societal,confederation,Last Spike at Craigellachie,Season 127 · Baron Dickson of Moncton meets Last Spike at Craigellachie and exploits.,"{""season"": 127, ""response"": ""Exploit"", ""roll"": 4, ""personal_year"": 1885, ""magnitude"": ""Significant"", ""tag"": ""Mixed""}",engine,2026-09-08 13:29:28
2219,,relational,confederation,Baron Dickson of Moncton corresponds with Viscount McLellan of Belfast,Season 127 · Baron Dickson of Moncton opens a correspondence with Viscount McLellan of Belfast.,"{""season"": 127, ""marker"": ""+""}",engine,2026-09-08 13:29:28
2220,,relational,confederation,Baron Langelier de Rosemont and Viscount Stefaniuk of Emerson are joined by marriage,"Season 127 · Angélique Langelier marries Kost Stefaniuk, binding Baron Langelier de Rosemont to Viscount Stefaniuk of Emerson.","{""season"": 127, ""marker"": ""kin""}",engine,2026-09-08 13:29:28
2221,,expansion,confederation,Viscount Stefaniuk of North Battleford takes Carlton Trail—Eagle Creek,Season 127 · Viscount Stefaniuk of North Battleford takes Carlton Trail—Eagle Creek.,"{""season"": 127, ""riding"": ""Carlton Trail\u2014Eagle Creek"", ""roll"": 11}",engine,2026-09-08 13:29:28
2222,,societal,confederation,National Policy,Season 127 · Baron Dyck of Calgary McKnight meets National Policy and exploits.,"{""season"": 127, ""response"": ""Exploit"", ""roll"": 5, ""personal_year"": 1878, ""magnitude"": ""Significant"", ""tag"": ""Conservative""}",engine,2026-09-08 13:29:28
2223,,relational,confederation,Baron Cornwall of Revelstoke corresponds with Baron Stefaniuk of Regina,Season 127 · Baron Cornwall of Revelstoke opens a correspondence with Baron Stefaniuk of Regina.,"{""season"": 127, ""marker"": ""+""}",engine,2026-09-08 13:29:28
2224,,societal,confederation,Long Depression Reaches Canada,Season 127 · Baron Cogswell of Argentia meets Long Depression Reaches Canada and exploits.,"{""season"": 127, ""response"": ""Exploit"", ""roll"": 4, ""personal_year"": 1874, ""magnitude"": ""Major"", ""tag"": ""Conservative""}",engine,2026-09-08 13:29:28
2225,,relational,confederation,Baron Cogswell of Argentia corresponds with Marquis Meagher of Chatham,Season 127 · Baron Cogswell of Argentia opens a correspondence with Marquis Meagher of Chatham.,"{""season"": 127, ""marker"": ""\u25ce""}",engine,2026-09-08 13:29:28
2226,,societal,confederation,Confederation Extension (Manitoba Act),Season 127 · Baron Elliott of Mistassini meets Confederation Extension (Manitoba Act) and exploits.,"{""season"": 127, ""response"": ""Exploit"", ""roll"": 4, ""personal_year"": 1870, ""magnitude"": ""Major"", ""tag"": ""Mixed""}",engine,2026-09-08 13:29:28
2227,,relational,dominion,Viscount Dawes of Bourassa and Baron Rouleau de Chambly fall out,Season 128 · Viscount Dawes of Bourassa and Baron Rouleau de Chambly fall out over a boundary the two houses read differently.,"{""season"": 128, ""marker"": ""Sig\u2212"", ""cause"": ""friction"", ""grievance"": ""a boundary the two houses read differently""}",engine,2026-09-08 13:29:28
2228,,relational,confederation,Viscount Elliott of Glengarry gives offence to Viscount Gillies of Woburn,Season 128 · a letter from Viscount Elliott of Glengarry gives offence to Viscount Gillies of Woburn.,"{""season"": 128, ""marker"": ""Sig\u2212"", ""cause"": ""correspondence""}",engine,2026-09-08 13:29:28
2229,,relational,dominion,Viscount Benjamin of Bellechasse corresponds with Marquis Hays of Beloeil,Season 128 · Viscount Benjamin of Bellechasse opens a correspondence with Marquis Hays of Beloeil.,"{""season"": 128, ""marker"": ""+""}",engine,2026-09-08 13:29:28
2230,,relational,dominion,Marquis Mercier de Rimouski loses a dispute with Viscount Chapais de Saint-Hyacinthe,Season 128 · Marquis Mercier de Rimouski presses a claim against Viscount Chapais de Saint-Hyacinthe and is rebuffed.,"{""season"": 128, ""outcome"": ""lost""}",engine,2026-09-08 13:29:28
2231,,other,confederation,Earl Bouchard de Terrebonne names an heir,Season 128 · Earl Bouchard de Terrebonne names Olivier Bouchard heir.,"{""season"": 128, ""heir_age"": 13, ""role"": ""heir""}",engine,2026-09-08 13:29:28
2232,,relational,dominion,Earl Langelier de Charlevoix corresponds with Earl Beauvais of Charles-LeMoyne,Season 128 · Earl Langelier de Charlevoix opens a correspondence with Earl Beauvais of Charles-LeMoyne.,"{""season"": 128, ""marker"": ""\u25ce""}",engine,2026-09-08 13:29:28
2233,,relational,confederation,Marquis Meagher of Chatham corresponds with Baron Uniacke of Bowmanville,Season 128 · Marquis Meagher of Chatham opens a correspondence with Baron Uniacke of Bowmanville.,"{""season"": 128, ""marker"": ""+""}",engine,2026-09-08 13:29:28
2234,,relational,confederation,Baron Hoover of Simcoe and Viscount Wallace of Perth form a compact,Season 128 · Baron Hoover of Simcoe and Viscount Wallace of Perth enter into a compact.,"{""season"": 128, ""marker"": ""\u25c9+""}",engine,2026-09-08 13:29:28
2235,,societal,dominion,Winnipeg General Strike,Season 128 · Marquis Rochon de Rosedale meets Winnipeg General Strike and resists.,"{""season"": 128, ""response"": ""Resist"", ""roll"": 2, ""personal_year"": 1919, ""magnitude"": ""Major"", ""tag"": ""Mixed""}",engine,2026-09-08 13:29:28
2236,,relational,confederation,Baron Cardinal of Steinbach wins a dispute with Viscount Stefaniuk of Emerson,Season 128 · Baron Cardinal of Steinbach carries a dispute against Viscount Stefaniuk of Emerson.,"{""season"": 128, ""outcome"": ""won"", ""marker"": ""~""}",engine,2026-09-08 13:29:28
2237,,societal,dominion,Nickle Resolution Defeated,Season 128 · Earl Hendrie of Brampton meets Nickle Resolution Defeated and exploits.,"{""season"": 128, ""response"": ""Exploit"", ""roll"": 4, ""personal_year"": 1919, ""magnitude"": ""Minor"", ""tag"": ""Mixed""}",engine,2026-09-08 13:29:28
2238,,societal,confederation,Laurier Elected,Season 128 · Viscount Byrne of Cooksville meets Laurier Elected and stands aside.,"{""season"": 128, ""response"": ""Neutral"", ""roll"": 1, ""personal_year"": 1896, ""magnitude"": ""Significant"", ""tag"": ""Progressive""}",engine,2026-09-08 13:29:28
2239,,relational,confederation,Viscount Byrne of Cooksville corresponds with Baron Cardinal of Steinbach,Season 128 · Viscount Byrne of Cooksville opens a correspondence with Baron Cardinal of Steinbach.,"{""season"": 128, ""marker"": ""+""}",engine,2026-09-08 13:29:28
2240,,societal,dominion,Nickle Resolution Defeated,Season 128 · Viscount Worts of Milton meets Nickle Resolution Defeated and resists.,"{""season"": 128, ""response"": ""Resist"", ""roll"": 3, ""personal_year"": 1919, ""magnitude"": ""Minor"", ""tag"": ""Mixed""}",engine,2026-09-08 13:29:28
2241,,societal,dominion,Nickle Resolution Defeated,Season 128 · Baron Wallace of Hespeler meets Nickle Resolution Defeated and exploits.,"{""season"": 128, ""response"": ""Exploit"", ""roll"": 5, ""personal_year"": 1919, ""magnitude"": ""Minor"", ""tag"": ""Mixed""}",engine,2026-09-08 13:29:28
2242,,expansion,dominion,Baron Wallace of Hespeler takes London—Fanshawe,Season 128 · Baron Wallace of Hespeler takes London—Fanshawe.,"{""season"": 128, ""riding"": ""London\u2014Fanshawe"", ""roll"": 7}",engine,2026-09-08 13:29:28
2243,,relational,dominion,Baron Turgeon de St.-Jerome corresponds with Baron Langelier de Rosemont,Season 128 · Baron Turgeon de St.-Jerome opens a correspondence with Baron Langelier de Rosemont.,"{""season"": 128, ""marker"": ""\u25ce""}",engine,2026-09-08 13:29:28
2244,,other,confederation,Baron Gillies of Aurora names an heir,Season 128 · Baron Gillies of Aurora names Iain Gillies heir.,"{""season"": 128, ""heir_age"": 22, ""role"": ""heir""}",engine,2026-09-08 13:29:28
2245,,relational,dominion,Baron Furlong of Émard wins a dispute with Earl Beauvais of Charles-LeMoyne,Season 128 · Baron Furlong of Émard carries a dispute against Earl Beauvais of Charles-LeMoyne.,"{""season"": 128, ""outcome"": ""won"", ""marker"": ""~""}",engine,2026-09-08 13:29:28
2246,,relational,confederation,Viscount Chapais de Saint-Hyacinthe reconciles with Marquis Mercier de Rimouski,Season 128 · Viscount Chapais de Saint-Hyacinthe makes peace with Marquis Mercier de Rimouski.,"{""season"": 128, ""marker"": ""~""}",engine,2026-09-08 13:29:28
2247,,relational,confederation,Baron Dickson of Moncton corresponds with Baron Jarvis of Spadina,Season 128 · Baron Dickson of Moncton opens a correspondence with Baron Jarvis of Spadina.,"{""season"": 128, ""marker"": ""\u25ce""}",engine,2026-09-08 13:29:28
2248,,societal,confederation,Last Spike at Craigellachie,Season 128 · Baron Langelier de Rosemont meets Last Spike at Craigellachie and resists.,"{""season"": 128, ""response"": ""Resist"", ""roll"": 3, ""personal_year"": 1885, ""magnitude"": ""Significant"", ""tag"": ""Mixed""}",engine,2026-09-08 13:29:28
2249,,societal,confederation,CPR Strike,Season 128 · Viscount Stefaniuk of North Battleford meets CPR Strike and stands aside.,"{""season"": 128, ""response"": ""Neutral"", ""roll"": 1, ""personal_year"": 1883, ""magnitude"": ""Significant"", ""tag"": ""Mixed""}",engine,2026-09-08 13:29:28
2250,,relational,confederation,Viscount Stefaniuk of North Battleford loses a dispute with Viscount Stefaniuk of Emerson,Season 128 · Viscount Stefaniuk of North Battleford presses a claim against Viscount Stefaniuk of Emerson and is rebuffed.,"{""season"": 128, ""outcome"": ""lost""}",engine,2026-09-08 13:29:28
2251,,societal,confederation,CPR Strike,Season 128 · Baron Cornwall of Revelstoke meets CPR Strike and exploits.,"{""season"": 128, ""response"": ""Exploit"", ""roll"": 5, ""personal_year"": 1883, ""magnitude"": ""Significant"", ""tag"": ""Mixed""}",engine,2026-09-08 13:29:28
2252,,societal,confederation,National Policy,Season 128 · Baron Shawanaga of Waterloo meets National Policy and exploits.,"{""season"": 128, ""response"": ""Exploit"", ""roll"": 5, ""personal_year"": 1878, ""magnitude"": ""Significant"", ""tag"": ""Conservative""}",engine,2026-09-08 13:29:28
2253,,other,confederation,Baron Cogswell of Argentia names an heir,Season 128 · Baron Cogswell of Argentia names Arthur Cogswell heir.,"{""season"": 128, ""heir_age"": 30, ""role"": ""heir""}",engine,2026-09-08 13:29:28
2254,,societal,confederation,British Columbia Joins; Treaty 1 Signed,Season 128 · Baron Elliott of Mistassini meets British Columbia Joins; Treaty 1 Signed and exploits.,"{""season"": 128, ""response"": ""Exploit"", ""roll"": 4, ""personal_year"": 1871, ""magnitude"": ""Significant"", ""tag"": ""Mixed""}",engine,2026-09-08 13:29:28
2255,,relational,dominion,Earl Beauvais of Charles-LeMoyne and Viscount Dawes of Bourassa fall out,Season 129 · Earl Beauvais of Charles-LeMoyne and Viscount Dawes of Bourassa fall out over the water rights of a shared river.,"{""season"": 129, ""marker"": ""Sig\u2212"", ""cause"": ""friction"", ""grievance"": ""the water rights of a shared river""}",engine,2026-09-08 13:29:28
2256,,relational,dominion,Baron Furlong of Émard and Marquis Hays of Beloeil fall out,Season 129 · Baron Furlong of Émard and Marquis Hays of Beloeil fall out over a church and school dispute in the border townships.,"{""season"": 129, ""marker"": ""Sig\u2212"", ""cause"": ""friction"", ""grievance"": ""a church and school dispute in the border townships""}",engine,2026-09-08 13:29:28
2257,,relational,confederation,Baron Pegahmagabow of Wawa and Viscount Stefaniuk of Emerson fall out,Season 129 · Baron Pegahmagabow of Wawa and Viscount Stefaniuk of Emerson fall out over a church and school dispute in the border townships.,"{""season"": 129, ""marker"": ""Sig\u2212"", ""cause"": ""friction"", ""grievance"": ""a church and school dispute in the border townships""}",engine,2026-09-08 13:29:28
2258,,societal,dominion,Chinese Exclusion Act,Season 129 · Marquis Mercier de Rimouski meets Chinese Exclusion Act and exploits.,"{""season"": 129, ""response"": ""Exploit"", ""roll"": 5, ""personal_year"": 1923, ""magnitude"": ""Significant"", ""tag"": ""Conservative""}",engine,2026-09-08 13:29:28
2259,,relational,dominion,Marquis Mercier de Rimouski corresponds with Baron Benjamin of La Pointe-de-l'Île,Season 129 · Marquis Mercier de Rimouski opens a correspondence with Baron Benjamin of La Pointe-de-l'Île.,"{""season"": 129, ""marker"": ""~""}",engine,2026-09-08 13:29:28
2260,,other,confederation,Marquis Hays of Beloeil endows an institution,Season 129 · Marquis Hays of Beloeil endows an institution.,"{""season"": 129}",engine,2026-09-08 13:29:28
2261,,relational,confederation,Viscount McLellan of Belfast corresponds with Baron Rouleau de Chambly,Season 129 · Viscount McLellan of Belfast opens a correspondence with Baron Rouleau de Chambly.,"{""season"": 129, ""marker"": ""\u25ce""}",engine,2026-09-08 13:29:28
2262,,relational,confederation,Marquis Meagher of Chatham and Baron Turgeon de St.-Jerome form a compact,Season 129 · Marquis Meagher of Chatham and Baron Turgeon de St.-Jerome enter into a compact.,"{""season"": 129, ""marker"": ""\u25c9+""}",engine,2026-09-08 13:29:28
2263,,relational,dominion,Earl Patterson of Kennebecasis corresponds with Baron Wallace of Hespeler,Season 129 · Earl Patterson of Kennebecasis opens a correspondence with Baron Wallace of Hespeler.,"{""season"": 129, ""marker"": ""\u25c9+""}",engine,2026-09-08 13:29:28
2264,,relational,confederation,Viscount Cameron of Cornwall reconciles with Baron Gillies of Aurora,Season 129 · Viscount Cameron of Cornwall makes peace with Baron Gillies of Aurora.,"{""season"": 129, ""marker"": ""~""}",engine,2026-09-08 13:29:28
2265,,elevation,confederation,Viscount Pegahmagabow of Wawa elevated,Season 129 · Baron Pegahmagabow of Wawa is raised to Viscount.,"{""season"": 129, ""from"": ""Baron"", ""to"": ""Viscount""}",engine,2026-09-08 13:29:28
2266,,societal,confederation,Klondike Gold Rush,Season 129 · Viscount Byrne of Cooksville meets Klondike Gold Rush and exploits.,"{""season"": 129, ""response"": ""Exploit"", ""roll"": 4, ""personal_year"": 1897, ""magnitude"": ""Significant"", ""tag"": ""Mixed""}",engine,2026-09-08 13:29:28
2267,,elevation,confederation,Earl Byrne of Cooksville elevated,Season 129 · Viscount Byrne of Cooksville is raised to Earl.,"{""season"": 129, ""from"": ""Viscount"", ""to"": ""Earl""}",engine,2026-09-08 13:29:28
2268,,societal,dominion,Alaska Boundary Award,Season 129 · Viscount Marchand de Lac-Saint-Louis meets Alaska Boundary Award and resists.,"{""season"": 129, ""response"": ""Resist"", ""roll"": 3, ""personal_year"": 1903, ""magnitude"": ""Minor"", ""tag"": ""Mixed""}",engine,2026-09-08 13:29:28
2269,,relational,dominion,Viscount Worts of Milton corresponds with Baron Cardinal of Steinbach,Season 129 · Viscount Worts of Milton opens a correspondence with Baron Cardinal of Steinbach.,"{""season"": 129, ""marker"": ""\u25c9+""}",engine,2026-09-08 13:29:28
2270,,societal,dominion,Vancouver Anti-Asian Riots,Season 129 · Baron Lucas of Oakville meets Vancouver Anti-Asian Riots and exploits.,"{""season"": 129, ""response"": ""Exploit"", ""roll"": 5, ""personal_year"": 1907, ""magnitude"": ""Significant"", ""tag"": ""Conservative""}",engine,2026-09-08 13:29:28
2271,,societal,dominion,Alaska Boundary Award,Season 129 · Viscount Dawes of Bourassa meets Alaska Boundary Award and leads.,"{""season"": 129, ""response"": ""Lead"", ""roll"": 6, ""personal_year"": 1903, ""magnitude"": ""Minor"", ""tag"": ""Mixed""}",engine,2026-09-08 13:29:28
2272,,societal,confederation,Manitoba Schools Question,Season 129 · Baron Gillies of Aurora meets Manitoba Schools Question and resists.,"{""season"": 129, ""response"": ""Resist"", ""roll"": 3, ""personal_year"": 1890, ""magnitude"": ""Major"", ""tag"": ""Conservative""}",engine,2026-09-08 13:29:28
2273,,societal,dominion,Vancouver Anti-Asian Riots,Season 129 · Viscount Smoke of Barrie meets Vancouver Anti-Asian Riots and exploits.,"{""season"": 129, ""response"": ""Exploit"", ""roll"": 4, ""personal_year"": 1907, ""magnitude"": ""Significant"", ""tag"": ""Conservative""}",engine,2026-09-08 13:29:28
2274,,societal,dominion,Chinese Exclusion Act,Season 129 · Baron Benjamin of La Pointe-de-l'Île meets Chinese Exclusion Act and resists.,"{""season"": 129, ""response"": ""Resist"", ""roll"": 2, ""personal_year"": 1923, ""magnitude"": ""Significant"", ""tag"": ""Conservative""}",engine,2026-09-08 13:29:28
2275,,succession,confederation,Baron Dickson of Moncton: clean succession,Season 129 · Farquhar Dickson succeeds to Baron Dickson of Moncton.,"{""season"": 129, ""nature"": ""clean"", ""cause"": ""death""}",engine,2026-09-08 13:29:28
2276,,relational,confederation,Viscount Stefaniuk of North Battleford loses a dispute with Viscount Stefaniuk of Emerson,Season 129 · Viscount Stefaniuk of North Battleford presses a claim against Viscount Stefaniuk of Emerson and is rebuffed.,"{""season"": 129, ""outcome"": ""lost""}",engine,2026-09-08 13:29:28
2277,,societal,dominion,Naval Service Act,Season 129 · Baron Uniacke of Bowmanville meets Naval Service Act and exploits.,"{""season"": 129, ""response"": ""Exploit"", ""roll"": 5, ""personal_year"": 1910, ""magnitude"": ""Significant"", ""tag"": ""Mixed""}",engine,2026-09-08 13:29:28
2278,,societal,confederation,Canadian Pacific Railway Chartered,Season 129 · Baron Stefaniuk of Regina meets Canadian Pacific Railway Chartered and exploits.,"{""season"": 129, ""response"": ""Exploit"", ""roll"": 4, ""personal_year"": 1881, ""magnitude"": ""Significant"", ""tag"": ""Mixed""}",engine,2026-09-08 13:29:28
2279,,expansion,confederation,Baron Dyck of Calgary McKnight takes Foothills,Season 129 · Baron Dyck of Calgary McKnight takes Foothills.,"{""season"": 129, ""riding"": ""Foothills"", ""roll"": 11}",engine,2026-09-08 13:29:28
2280,,other,confederation,Baron Shawanaga of Waterloo endows an institution,Season 129 · Baron Shawanaga of Waterloo endows an institution.,"{""season"": 129}",engine,2026-09-08 13:29:28
2281,,societal,confederation,Indian Act,Season 129 · Baron Cogswell of Argentia meets Indian Act and exploits.,"{""season"": 129, ""response"": ""Exploit"", ""roll"": 4, ""personal_year"": 1876, ""magnitude"": ""Major"", ""tag"": ""Conservative""}",engine,2026-09-08 13:29:28
2282,,relational,dominion,Earl Beauvais of Charles-LeMoyne and Baron Benjamin of La Pointe-de-l'Île fall out,Season 130 · Earl Beauvais of Charles-LeMoyne and Baron Benjamin of La Pointe-de-l'Île fall out over a church and school dispute in the border townships.,"{""season"": 130, ""marker"": ""Sig\u2212"", ""cause"": ""friction"", ""grievance"": ""a church and school dispute in the border townships""}",engine,2026-09-08 13:29:28
2283,,relational,dominion,Viscount Benjamin of Bellechasse and Baron Turgeon de St.-Jerome fall out,Season 130 · Viscount Benjamin of Bellechasse and Baron Turgeon de St.-Jerome fall out over a slighted marriage between the two houses.,"{""season"": 130, ""marker"": ""Sig\u2212"", ""cause"": ""friction"", ""grievance"": ""a slighted marriage between the two houses""}",engine,2026-09-08 13:29:28
2284,,relational,dominion,Baron Benjamin of La Pointe-de-l'Île and Earl Bouchard de Terrebonne fall out,Season 130 · Baron Benjamin of La Pointe-de-l'Île and Earl Bouchard de Terrebonne fall out over the water rights of a shared river.,"{""season"": 130, ""marker"": ""Sig\u2212"", ""cause"": ""friction"", ""grievance"": ""the water rights of a shared river""}",engine,2026-09-08 13:29:28
2285,,relational,confederation,Earl Bird of Winnipeg and Viscount Stefaniuk of Emerson fall out,Season 130 · Earl Bird of Winnipeg and Viscount Stefaniuk of Emerson fall out over a slighted marriage between the two houses.,"{""season"": 130, ""marker"": ""Sig\u2212"", ""cause"": ""friction"", ""grievance"": ""a slighted marriage between the two houses""}",engine,2026-09-08 13:29:28
2286,,expansion,confederation,Viscount Stefaniuk of Emerson takes Portage—Lisgar,Season 130 · Viscount Stefaniuk of Emerson takes Portage—Lisgar.,"{""season"": 130, ""riding"": ""Portage\u2014Lisgar"", ""roll"": 8}",engine,2026-09-08 13:29:28
2287,,transfer,dominion,Viscount Benjamin of Bellechasse loses Central Newfoundland,Season 130 · Viscount Benjamin of Bellechasse gives up Central Newfoundland (cession).,"{""season"": 130, ""reason"": ""cession"", ""riding"": ""Central Newfoundland""}",engine,2026-09-08 13:29:28
2288,,relational,dominion,Viscount Benjamin of Bellechasse settles with Baron Turgeon de St.-Jerome,Season 130 · Viscount Benjamin of Bellechasse settles its grievance with Baron Turgeon de St.-Jerome by cession.,"{""season"": 130, ""marker"": ""~"", ""ceded"": ""10003""}",engine,2026-09-08 13:29:28
2289,,other,dominion,Marquis Mercier de Rimouski endows an institution,Season 130 · Marquis Mercier de Rimouski endows an institution.,"{""season"": 130}",engine,2026-09-08 13:29:28
2290,,succession,confederation,Marquis Hays of Beloeil: disorderly succession,Season 130 · Marquis Hays of Beloeil passes in disorder to Simon Hays.,"{""season"": 130, ""nature"": ""disorderly"", ""cause"": ""death""}",engine,2026-09-08 13:29:28
2291,,transfer,confederation,Marquis Hays of Beloeil loses Mount Royal,Season 130 · Marquis Hays of Beloeil gives up Mount Royal (disorderly succession).,"{""season"": 130, ""reason"": ""disorderly succession"", ""riding"": ""Mount Royal""}",engine,2026-09-08 13:29:28
2292,,relational,confederation,Viscount McLellan of Belfast corresponds with Baron Rouleau de Chambly,Season 130 · Viscount McLellan of Belfast opens a correspondence with Baron Rouleau de Chambly.,"{""season"": 130, ""marker"": ""+""}",engine,2026-09-08 13:29:28
2293,,expansion,confederation,Earl Cornwall of Steveston takes Delta,Season 130 · Earl Cornwall of Steveston takes Delta.,"{""season"": 130, ""riding"": ""Delta"", ""roll"": 9}",engine,2026-09-08 13:29:28
2294,,societal,dominion,The Persons Case,Season 130 · Earl Langelier de Charlevoix meets The Persons Case and resists.,"{""season"": 130, ""response"": ""Resist"", ""roll"": 2, ""personal_year"": 1929, ""magnitude"": ""Significant"", ""tag"": ""Progressive""}",engine,2026-09-08 13:29:28
2295,,societal,dominion,Progressives and the First Woman MP,Season 130 · Marquis Rochon de Rosedale meets Progressives and the First Woman MP and exploits.,"{""season"": 130, ""response"": ""Exploit"", ""roll"": 4, ""personal_year"": 1921, ""magnitude"": ""Significant"", ""tag"": ""Progressive""}",engine,2026-09-08 13:29:28
2296,,societal,dominion,Progressives and the First Woman MP,Season 130 · Earl Hendrie of Brampton meets Progressives and the First Woman MP and resists.,"{""season"": 130, ""response"": ""Resist"", ""roll"": 2, ""personal_year"": 1921, ""magnitude"": ""Significant"", ""tag"": ""Progressive""}",engine,2026-09-08 13:29:28
2297,,societal,dominion,The Persons Case,Season 130 · Viscount Bhullar of Nanaimo meets The Persons Case and exploits.,"{""season"": 130, ""response"": ""Exploit"", ""roll"": 5, ""personal_year"": 1929, ""magnitude"": ""Significant"", ""tag"": ""Progressive""}",engine,2026-09-08 13:29:28
2298,,other,confederation,Earl Byrne of Cooksville endows an institution,Season 130 · Earl Byrne of Cooksville endows an institution.,"{""season"": 130}",engine,2026-09-08 13:29:28
2299,,relational,confederation,Viscount Proulx de Cumberland and Earl Bird of Winnipeg form a compact,Season 130 · Viscount Proulx de Cumberland and Earl Bird of Winnipeg enter into a compact.,"{""season"": 130, ""marker"": ""\u25c9+""}",engine,2026-09-08 13:29:28
2300,,societal,dominion,Progressives and the First Woman MP,Season 130 · Viscount Worts of Milton meets Progressives and the First Woman MP and stands aside.,"{""season"": 130, ""response"": ""Neutral"", ""roll"": 0, ""personal_year"": 1921, ""magnitude"": ""Significant"", ""tag"": ""Progressive""}",engine,2026-09-08 13:29:28
2301,,succession,confederation,Viscount Gillies of Woburn: clean succession,Season 130 · Lachlan Gillies succeeds to Viscount Gillies of Woburn.,"{""season"": 130, ""nature"": ""clean"", ""cause"": ""death""}",engine,2026-09-08 13:29:28
2302,,expansion,confederation,Viscount Gillies of Woburn takes Scarborough Southwest,Season 130 · Viscount Gillies of Woburn takes Scarborough Southwest.,"{""season"": 130, ""riding"": ""Scarborough Southwest"", ""roll"": 7}",engine,2026-09-08 13:29:28
2303,,other,dominion,Baron Lucas of Oakville names an heir,Season 130 · Baron Lucas of Oakville names Margaret Lucas heir.,"{""season"": 130, ""heir_age"": 19, ""role"": ""heir""}",engine,2026-09-08 13:29:28
2304,,societal,dominion,Progressives and the First Woman MP,Season 130 · Baron Wallace of Hespeler meets Progressives and the First Woman MP and stands aside.,"{""season"": 130, ""response"": ""Neutral"", ""roll"": 1, ""personal_year"": 1921, ""magnitude"": ""Significant"", ""tag"": ""Progressive""}",engine,2026-09-08 13:29:28
2305,,societal,dominion,The Persons Case,Season 130 · Baron Turgeon de St.-Jerome meets The Persons Case and exploits.,"{""season"": 130, ""response"": ""Exploit"", ""roll"": 5, ""personal_year"": 1929, ""magnitude"": ""Significant"", ""tag"": ""Progressive""}",engine,2026-09-08 13:29:28
2306,,societal,confederation,Death of Sir John A. Macdonald,Season 130 · Baron Gillies of Aurora meets Death of Sir John A. Macdonald and resists.,"{""season"": 130, ""response"": ""Resist"", ""roll"": 2, ""personal_year"": 1891, ""magnitude"": ""Minor"", ""tag"": ""Mixed""}",engine,2026-09-08 13:29:28
2307,,relational,confederation,Baron Gillies of Aurora and Viscount Elliott of Glengarry form a compact,Season 130 · Baron Gillies of Aurora and Viscount Elliott of Glengarry enter into a compact.,"{""season"": 130, ""marker"": ""\u25c9+""}",engine,2026-09-08 13:29:28
2308,,relational,dominion,Baron Furlong of Émard reconciles with Marquis Hays of Beloeil,Season 130 · Baron Furlong of Émard makes peace with Marquis Hays of Beloeil.,"{""season"": 130, ""marker"": ""~""}",engine,2026-09-08 13:29:28
2309,,societal,confederation,Jesuits' Estates Act Controversy,Season 130 · Baron Rouleau de Chambly meets Jesuits' Estates Act Controversy and resists.,"{""season"": 130, ""response"": ""Resist"", ""roll"": 2, ""personal_year"": 1888, ""magnitude"": ""Significant"", ""tag"": ""Conservative""}",engine,2026-09-08 13:29:28
2310,,relational,confederation,Baron Dickson of Moncton corresponds with Baron Jarvis of Spadina,Season 130 · Baron Dickson of Moncton opens a correspondence with Baron Jarvis of Spadina.,"{""season"": 130, ""marker"": ""+""}",engine,2026-09-08 13:29:28
2311,,relational,confederation,Baron Langelier de Rosemont corresponds with Baron Turgeon de St.-Jerome,Season 130 · Baron Langelier de Rosemont opens a correspondence with Baron Turgeon de St.-Jerome.,"{""season"": 130, ""marker"": ""+""}",engine,2026-09-08 13:29:28
2312,,societal,confederation,Last Spike at Craigellachie,Season 130 · Viscount Stefaniuk of North Battleford meets Last Spike at Craigellachie and resists.,"{""season"": 130, ""response"": ""Resist"", ""roll"": 2, ""personal_year"": 1885, ""magnitude"": ""Significant"", ""tag"": ""Mixed""}",engine,2026-09-08 13:29:28
2313,,relational,confederation,Viscount Stefaniuk of North Battleford wins a dispute with Viscount Stefaniuk of Emerson,Season 130 · Viscount Stefaniuk of North Battleford carries a dispute against Viscount Stefaniuk of Emerson.,"{""season"": 130, ""outcome"": ""won"", ""marker"": ""~""}",engine,2026-09-08 13:29:28
2314,,societal,dominion,Reciprocity Election,Season 130 · Baron Uniacke of Bowmanville meets Reciprocity Election and exploits.,"{""season"": 130, ""response"": ""Exploit"", ""roll"": 5, ""personal_year"": 1911, ""magnitude"": ""Significant"", ""tag"": ""Conservative""}",engine,2026-09-08 13:29:28
2315,,other,dominion,Baron Uniacke of Bowmanville endows an institution,Season 130 · Baron Uniacke of Bowmanville endows an institution.,"{""season"": 130}",engine,2026-09-08 13:29:28
2316,,other,confederation,Baron Stefaniuk of Regina endows an institution,Season 130 · Baron Stefaniuk of Regina endows an institution.,"{""season"": 130}",engine,2026-09-08 13:29:28
2317,,societal,confederation,Canadian Pacific Railway Chartered,Season 130 · Baron Dyck of Calgary McKnight meets Canadian Pacific Railway Chartered and stands aside.,"{""season"": 130, ""response"": ""Neutral"", ""roll"": 1, ""personal_year"": 1881, ""magnitude"": ""Significant"", ""tag"": ""Mixed""}",engine,2026-09-08 13:29:28
2318,,expansion,confederation,Baron Dyck of Calgary McKnight takes Calgary Skyview,Season 130 · Baron Dyck of Calgary McKnight takes Calgary Skyview.,"{""season"": 130, ""riding"": ""Calgary Skyview"", ""roll"": 10}",engine,2026-09-08 13:29:28
2319,,societal,confederation,North-West Resistance,Season 130 · Baron Cornwall of Revelstoke meets North-West Resistance and exploits.,"{""season"": 130, ""response"": ""Exploit"", ""roll"": 4, ""personal_year"": 1885, ""magnitude"": ""Major"", ""tag"": ""Conservative""}",engine,2026-09-08 13:29:28
2320,,relational,confederation,Baron Shawanaga of Waterloo corresponds with Earl Langelier de Charlevoix,Season 130 · Baron Shawanaga of Waterloo opens a correspondence with Earl Langelier de Charlevoix.,"{""season"": 130, ""marker"": ""\u25ce""}",engine,2026-09-08 13:29:28
2321,,relational,confederation,Baron Cogswell of Argentia corresponds with Marquis Meagher of Chatham,Season 130 · Baron Cogswell of Argentia opens a correspondence with Marquis Meagher of Chatham.,"{""season"": 130, ""marker"": ""+""}",engine,2026-09-08 13:29:28
2322,,societal,confederation,Pacific Scandal,Season 130 · Baron Elliott of Mistassini meets Pacific Scandal and exploits.,"{""season"": 130, ""response"": ""Exploit"", ""roll"": 4, ""personal_year"": 1873, ""magnitude"": ""Significant"", ""tag"": ""Progressive""}",engine,2026-09-08 13:29:28
2323,,relational,dominion,Earl Beauvais of Charles-LeMoyne and Baron Rouleau de Chambly fall out,Season 131 · Earl Beauvais of Charles-LeMoyne and Baron Rouleau de Chambly fall out over the patronage of a shared riding's offices.,"{""season"": 131, ""marker"": ""Sig\u2212"", ""cause"": ""friction"", ""grievance"": ""the patronage of a shared riding's offices""}",engine,2026-09-08 13:29:28
2324,,relational,dominion,Baron Furlong of Émard and Baron Rouleau de LaSalle fall out,Season 131 · Baron Furlong of Émard and Baron Rouleau de LaSalle fall out over the water rights of a shared river.,"{""season"": 131, ""marker"": ""Sig\u2212"", ""cause"": ""friction"", ""grievance"": ""the water rights of a shared river""}",engine,2026-09-08 13:29:28
2325,,succession,confederation,Viscount Stefaniuk of Emerson: clean succession,Season 131 · Kost Stefaniuk succeeds to Viscount Stefaniuk of Emerson.,"{""season"": 131, ""nature"": ""clean"", ""cause"": ""death""}",engine,2026-09-08 13:29:28
2326,,relational,confederation,Viscount Stefaniuk of Emerson loses a dispute with Viscount Pegahmagabow of Wawa,Season 131 · Viscount Stefaniuk of Emerson presses a claim against Viscount Pegahmagabow of Wawa and is rebuffed.,"{""season"": 131, ""outcome"": ""lost""}",engine,2026-09-08 13:29:28
2327,,societal,dominion,United Church Formed,Season 131 · Marquis Mercier de Rimouski meets United Church Formed and leads.,"{""season"": 131, ""response"": ""Lead"", ""roll"": 7, ""personal_year"": 1925, ""magnitude"": ""Minor"", ""tag"": ""Progressive""}",engine,2026-09-08 13:29:28
2328,,succession,dominion,Marquis Mercier de Rimouski: clean succession,Season 131 · Hermine Mercier succeeds to Marquis Mercier de Rimouski.,"{""season"": 131, ""nature"": ""clean"", ""cause"": ""death""}",engine,2026-09-08 13:29:28
2329,,societal,confederation,Last Spike at Craigellachie,Season 131 · Earl Bouchard de Terrebonne meets Last Spike at Craigellachie and exploits.,"{""season"": 131, ""response"": ""Exploit"", ""roll"": 5, ""personal_year"": 1885, ""magnitude"": ""Significant"", ""tag"": ""Mixed""}",engine,2026-09-08 13:29:28
2330,,relational,confederation,Earl Bouchard de Terrebonne loses a dispute with Baron Benjamin of La Pointe-de-l'Île,Season 131 · Earl Bouchard de Terrebonne presses a claim against Baron Benjamin of La Pointe-de-l'Île and is rebuffed.,"{""season"": 131, ""outcome"": ""lost""}",engine,2026-09-08 13:29:28
2331,,relational,confederation,Marquis Hays of Beloeil corresponds with Earl Patterson of Kennebecasis,Season 131 · Marquis Hays of Beloeil opens a correspondence with Earl Patterson of Kennebecasis.,"{""season"": 131, ""marker"": ""\u25ce""}",engine,2026-09-08 13:29:28
2332,,societal,late,The Long Contraction,Season 131 · Earl Langelier de Charlevoix meets The Long Contraction and stands aside.,"{""season"": 131, ""response"": ""Neutral"", ""roll"": 0, ""personal_year"": 1930, ""magnitude"": ""Major"", ""tag"": ""Conservative""}",engine,2026-09-08 13:29:28
2333,,relational,confederation,Marquis Meagher of Chatham and Baron Cogswell of Argentia are joined by marriage,"Season 131 · Owen Meagher marries Arthur Cogswell, binding Marquis Meagher of Chatham to Baron Cogswell of Argentia.","{""season"": 131, ""marker"": ""kin""}",engine,2026-09-08 13:29:28
2334,,other,confederation,Baron Hoover of Simcoe names an heir,Season 131 · Baron Hoover of Simcoe names Isaac Hoover heir.,"{""season"": 131, ""heir_age"": 32, ""role"": ""heir""}",engine,2026-09-08 13:29:28
2335,,relational,dominion,Earl Patterson of Kennebecasis corresponds with Marquis Hays of Beloeil,Season 131 · Earl Patterson of Kennebecasis opens a correspondence with Marquis Hays of Beloeil.,"{""season"": 131, ""marker"": ""+""}",engine,2026-09-08 13:29:28
2336,,expansion,dominion,Baron Rouleau de LaSalle takes Mount Royal,Season 131 · Baron Rouleau de LaSalle takes Mount Royal.,"{""season"": 131, ""riding"": ""Mount Royal"", ""roll"": 7}",engine,2026-09-08 13:29:28
2337,,relational,dominion,Earl Hendrie of Brampton reconciles with Baron Skye of Belleville,Season 131 · Earl Hendrie of Brampton makes peace with Baron Skye of Belleville.,"{""season"": 131, ""marker"": ""~""}",engine,2026-09-08 13:29:28
2338,,societal,late,The Long Contraction,Season 131 · Viscount Bhullar of Nanaimo meets The Long Contraction and exploits.,"{""season"": 131, ""response"": ""Exploit"", ""roll"": 4, ""personal_year"": 1930, ""magnitude"": ""Major"", ""tag"": ""Conservative""}",engine,2026-09-08 13:29:28
2339,,societal,confederation,South African War,Season 131 · Earl Byrne of Cooksville meets South African War and leads.,"{""season"": 131, ""response"": ""Lead"", ""roll"": 6, ""personal_year"": 1899, ""magnitude"": ""Major"", ""tag"": ""Conservative""}",engine,2026-09-08 13:29:28
2340,,societal,dominion,Alberta and Saskatchewan Created,Season 131 · Viscount Marchand de Lac-Saint-Louis meets Alberta and Saskatchewan Created and leads.,"{""season"": 131, ""response"": ""Lead"", ""roll"": 7, ""personal_year"": 1905, ""magnitude"": ""Significant"", ""tag"": ""Progressive""}",engine,2026-09-08 13:29:28
2341,,relational,confederation,Viscount Proulx de Cumberland corresponds with Baron Uniacke of Bowmanville,Season 131 · Viscount Proulx de Cumberland opens a correspondence with Baron Uniacke of Bowmanville.,"{""season"": 131, ""marker"": ""\u25ce""}",engine,2026-09-08 13:29:28
2342,,societal,dominion,Alberta and Saskatchewan Created,Season 131 · Viscount Dawes of Bourassa meets Alberta and Saskatchewan Created and exploits.,"{""season"": 131, ""response"": ""Exploit"", ""roll"": 4, ""personal_year"": 1905, ""magnitude"": ""Significant"", ""tag"": ""Progressive""}",engine,2026-09-08 13:29:28
2343,,relational,dominion,Baron Wallace of Hespeler corresponds with Baron Benjamin of La Pointe-de-l'Île,Season 131 · Baron Wallace of Hespeler opens a correspondence with Baron Benjamin of La Pointe-de-l'Île.,"{""season"": 131, ""marker"": ""\u25ce""}",engine,2026-09-08 13:29:28
2344,,societal,late,The Long Contraction,Season 131 · Baron Turgeon de St.-Jerome meets The Long Contraction and stands aside.,"{""season"": 131, ""response"": ""Neutral"", ""roll"": 1, ""personal_year"": 1930, ""magnitude"": ""Major"", ""tag"": ""Conservative""}",engine,2026-09-08 13:29:28
2345,,relational,dominion,Baron Furlong of Émard loses a dispute with Baron Rouleau de LaSalle,Season 131 · Baron Furlong of Émard presses a claim against Baron Rouleau de LaSalle and is rebuffed.,"{""season"": 131, ""outcome"": ""lost""}",engine,2026-09-08 13:29:28
2346,,societal,dominion,Alaska Boundary Award,Season 131 · Earl Beauvais of Charles-LeMoyne meets Alaska Boundary Award and resists.,"{""season"": 131, ""response"": ""Resist"", ""roll"": 3, ""personal_year"": 1903, ""magnitude"": ""Minor"", ""tag"": ""Mixed""}",engine,2026-09-08 13:29:28
2347,,other,dominion,Viscount Smoke of Barrie endows an institution,Season 131 · Viscount Smoke of Barrie endows an institution.,"{""season"": 131}",engine,2026-09-08 13:29:28
2348,,societal,dominion,United Church Formed,Season 131 · Baron Benjamin of La Pointe-de-l'Île meets United Church Formed and resists.,"{""season"": 131, ""response"": ""Resist"", ""roll"": 3, ""personal_year"": 1925, ""magnitude"": ""Minor"", ""tag"": ""Progressive""}",engine,2026-09-08 13:29:28
2349,,societal,confederation,Jesuits' Estates Act Controversy,Season 131 · Baron Langelier de Rosemont meets Jesuits' Estates Act Controversy and resists.,"{""season"": 131, ""response"": ""Resist"", ""roll"": 2, ""personal_year"": 1888, ""magnitude"": ""Significant"", ""tag"": ""Conservative""}",engine,2026-09-08 13:29:28
2350,,societal,confederation,Jesuits' Estates Act Controversy,Season 131 · Viscount Stefaniuk of North Battleford meets Jesuits' Estates Act Controversy and resists.,"{""season"": 131, ""response"": ""Resist"", ""roll"": 2, ""personal_year"": 1888, ""magnitude"": ""Significant"", ""tag"": ""Conservative""}",engine,2026-09-08 13:29:28
2351,,relational,confederation,Viscount Stefaniuk of North Battleford corresponds with Earl Bird of Winnipeg,Season 131 · Viscount Stefaniuk of North Battleford opens a correspondence with Earl Bird of Winnipeg.,"{""season"": 131, ""marker"": ""\u25ce""}",engine,2026-09-08 13:29:28
2352,,societal,dominion,Regulation 17,Season 131 · Baron Uniacke of Bowmanville meets Regulation 17 and resists.,"{""season"": 131, ""response"": ""Resist"", ""roll"": 2, ""personal_year"": 1912, ""magnitude"": ""Major"", ""tag"": ""Conservative""}",engine,2026-09-08 13:29:28
2353,,expansion,confederation,Baron Jarvis of Spadina takes Toronto—St. Paul's,Season 131 · Baron Jarvis of Spadina takes Toronto—St. Paul's.,"{""season"": 131, ""riding"": ""Toronto\u2014St. Paul's"", ""roll"": 8}",engine,2026-09-08 13:29:28
2354,,societal,confederation,CPR Strike,Season 131 · Baron Stefaniuk of Regina meets CPR Strike and stands aside.,"{""season"": 131, ""response"": ""Neutral"", ""roll"": 1, ""personal_year"": 1883, ""magnitude"": ""Significant"", ""tag"": ""Mixed""}",engine,2026-09-08 13:29:28
2355,,relational,confederation,Baron Cornwall of Revelstoke and Baron Stefaniuk of Regina form a compact,Season 131 · Baron Cornwall of Revelstoke and Baron Stefaniuk of Regina enter into a compact.,"{""season"": 131, ""marker"": ""\u25c9+""}",engine,2026-09-08 13:29:28
2356,,societal,confederation,Canadian Pacific Railway Chartered,Season 131 · Baron Shawanaga of Waterloo meets Canadian Pacific Railway Chartered and exploits.,"{""season"": 131, ""response"": ""Exploit"", ""roll"": 4, ""personal_year"": 1881, ""magnitude"": ""Significant"", ""tag"": ""Mixed""}",engine,2026-09-08 13:29:28
2357,,societal,confederation,Long Depression Reaches Canada,Season 131 · Baron Elliott of Mistassini meets Long Depression Reaches Canada and resists.,"{""season"": 131, ""response"": ""Resist"", ""roll"": 2, ""personal_year"": 1874, ""magnitude"": ""Major"", ""tag"": ""Conservative""}",engine,2026-09-08 13:29:28
2358,,relational,confederation,Viscount Stefaniuk of North Battleford and Baron Stefaniuk of Regina fall out,Season 132 · Viscount Stefaniuk of North Battleford and Baron Stefaniuk of Regina fall out over a boundary the two houses read differently.,"{""season"": 132, ""marker"": ""Sig\u2212"", ""cause"": ""friction"", ""grievance"": ""a boundary the two houses read differently""}",engine,2026-09-08 13:29:28
2359,,relational,late,Viscount Benjamin of Bellechasse corresponds with Viscount Colby of Trois-Rivières,Season 132 · Viscount Benjamin of Bellechasse opens a correspondence with Viscount Colby of Trois-Rivières.,"{""season"": 132, ""marker"": ""~""}",engine,2026-09-08 13:29:28
2360,,societal,dominion,Chinese Exclusion Act,Season 132 · Marquis Rochon de Rosedale meets Chinese Exclusion Act and leads.,"{""season"": 132, ""response"": ""Lead"", ""roll"": 7, ""personal_year"": 1923, ""magnitude"": ""Significant"", ""tag"": ""Conservative""}",engine,2026-09-08 13:29:28
2361,,relational,confederation,Earl Bird of Winnipeg corresponds with Viscount Stefaniuk of North Battleford,Season 132 · Earl Bird of Winnipeg opens a correspondence with Viscount Stefaniuk of North Battleford.,"{""season"": 132, ""marker"": ""+""}",engine,2026-09-08 13:29:28
2362,,relational,dominion,Baron Rouleau de LaSalle wins a dispute with Baron Furlong of Émard,Season 132 · Baron Rouleau de LaSalle carries a dispute against Baron Furlong of Émard.,"{""season"": 132, ""outcome"": ""won"", ""marker"": ""~""}",engine,2026-09-08 13:29:28
2363,,societal,dominion,Chinese Exclusion Act,Season 132 · Earl Hendrie of Brampton meets Chinese Exclusion Act and exploits.,"{""season"": 132, ""response"": ""Exploit"", ""roll"": 5, ""personal_year"": 1923, ""magnitude"": ""Significant"", ""tag"": ""Conservative""}",engine,2026-09-08 13:29:28
2364,,succession,dominion,Viscount Marchand de Lac-Saint-Louis: clean succession,Season 132 · Wilfrid Marchand succeeds to Viscount Marchand de Lac-Saint-Louis.,"{""season"": 132, ""nature"": ""clean"", ""cause"": ""death""}",engine,2026-09-08 13:29:28
2365,,other,confederation,Viscount Marchand de Lac-Saint-Louis names an heir,Season 132 · Viscount Marchand de Lac-Saint-Louis names Cyrille Marchand heir.,"{""season"": 132, ""heir_age"": 29, ""role"": ""heir""}",engine,2026-09-08 13:29:28
2366,,societal,dominion,Chinese Exclusion Act,Season 132 · Viscount Worts of Milton meets Chinese Exclusion Act and exploits.,"{""season"": 132, ""response"": ""Exploit"", ""roll"": 5, ""personal_year"": 1923, ""magnitude"": ""Significant"", ""tag"": ""Conservative""}",engine,2026-09-08 13:29:28
2367,,other,confederation,Viscount Colby of Trois-Rivières names an heir,Season 132 · Viscount Colby of Trois-Rivières names Eleanor Colby heir.,"{""season"": 132, ""heir_age"": 17, ""role"": ""heir""}",engine,2026-09-08 13:29:28
2368,,societal,dominion,Naval Service Act,Season 132 · Baron Lucas of Oakville meets Naval Service Act and resists.,"{""season"": 132, ""response"": ""Resist"", ""roll"": 3, ""personal_year"": 1910, ""magnitude"": ""Significant"", ""tag"": ""Mixed""}",engine,2026-09-08 13:29:28
2369,,societal,dominion,Chinese Exclusion Act,Season 132 · Baron Wallace of Hespeler meets Chinese Exclusion Act and exploits.,"{""season"": 132, ""response"": ""Exploit"", ""roll"": 5, ""personal_year"": 1923, ""magnitude"": ""Significant"", ""tag"": ""Conservative""}",engine,2026-09-08 13:29:28
2370,,other,dominion,Baron Wallace of Hespeler endows an institution,Season 132 · Baron Wallace of Hespeler endows an institution.,"{""season"": 132}",engine,2026-09-08 13:29:28
2371,,relational,dominion,Baron Furlong of Émard corresponds with Baron Shawanaga of Waterloo,Season 132 · Baron Furlong of Émard opens a correspondence with Baron Shawanaga of Waterloo.,"{""season"": 132, ""marker"": ""\u25ce""}",engine,2026-09-08 13:29:28
2372,,societal,dominion,Naval Service Act,Season 132 · Viscount Smoke of Barrie meets Naval Service Act and resists.,"{""season"": 132, ""response"": ""Resist"", ""roll"": 3, ""personal_year"": 1910, ""magnitude"": ""Significant"", ""tag"": ""Mixed""}",engine,2026-09-08 13:29:28
2373,,societal,confederation,Canadian Pacific Railway Chartered,Season 132 · Viscount Chapais de Saint-Hyacinthe meets Canadian Pacific Railway Chartered and exploits.,"{""season"": 132, ""response"": ""Exploit"", ""roll"": 4, ""personal_year"": 1881, ""magnitude"": ""Significant"", ""tag"": ""Mixed""}",engine,2026-09-08 13:29:28
2374,,societal,confederation,Manitoba Schools Question,Season 132 · Baron Rouleau de Chambly meets Manitoba Schools Question and stands aside.,"{""season"": 132, ""response"": ""Neutral"", ""roll"": 0, ""personal_year"": 1890, ""magnitude"": ""Major"", ""tag"": ""Conservative""}",engine,2026-09-08 13:29:28
2375,,relational,confederation,Baron Dickson of Moncton corresponds with Marquis Mercier de Rimouski,Season 132 · Baron Dickson of Moncton opens a correspondence with Marquis Mercier de Rimouski.,"{""season"": 132, ""marker"": ""\u25ce""}",engine,2026-09-08 13:29:28
2376,,other,confederation,Baron Langelier de Rosemont endows an institution,Season 132 · Baron Langelier de Rosemont endows an institution.,"{""season"": 132}",engine,2026-09-08 13:29:28
2377,,relational,confederation,Viscount Stefaniuk of North Battleford loses a dispute with Baron Stefaniuk of Regina,Season 132 · Viscount Stefaniuk of North Battleford presses a claim against Baron Stefaniuk of Regina and is rebuffed.,"{""season"": 132, ""outcome"": ""lost""}",engine,2026-09-08 13:29:28
2378,,succession,dominion,Baron Uniacke of Bowmanville: clean succession,Season 132 · Robert Uniacke succeeds to Baron Uniacke of Bowmanville.,"{""season"": 132, ""nature"": ""clean"", ""cause"": ""death""}",engine,2026-09-08 13:29:28
2379,,succession,confederation,Baron Stefaniuk of Regina: clean succession,Season 132 · Ivan Stefaniuk succeeds to Baron Stefaniuk of Regina.,"{""season"": 132, ""nature"": ""clean"", ""cause"": ""death""}",engine,2026-09-08 13:29:28
2380,,societal,confederation,CPR Strike,Season 132 · Baron Dyck of Calgary McKnight meets CPR Strike and resists.,"{""season"": 132, ""response"": ""Resist"", ""roll"": 2, ""personal_year"": 1883, ""magnitude"": ""Significant"", ""tag"": ""Mixed""}",engine,2026-09-08 13:29:28
2381,,relational,late,Viscount Benjamin of Bellechasse and Viscount Colby of Trois-Rivières fall out,Season 133 · Viscount Benjamin of Bellechasse and Viscount Colby of Trois-Rivières fall out over the water rights of a shared river.,"{""season"": 133, ""marker"": ""Sig\u2212"", ""cause"": ""friction"", ""grievance"": ""the water rights of a shared river""}",engine,2026-09-08 13:29:28
2382,,relational,late,Viscount Benjamin of Bellechasse and Earl Langelier de Charlevoix fall out,Season 133 · Viscount Benjamin of Bellechasse and Earl Langelier de Charlevoix fall out over a boundary the two houses read differently.,"{""season"": 133, ""marker"": ""Sig\u2212"", ""cause"": ""friction"", ""grievance"": ""a boundary the two houses read differently""}",engine,2026-09-08 13:29:28
2383,,relational,dominion,Baron Benjamin of La Pointe-de-l'Île and Marquis Mercier de Rimouski fall out,Season 133 · Baron Benjamin of La Pointe-de-l'Île and Marquis Mercier de Rimouski fall out over the water rights of a shared river.,"{""season"": 133, ""marker"": ""Sig\u2212"", ""cause"": ""friction"", ""grievance"": ""the water rights of a shared river""}",engine,2026-09-08 13:29:28
2384,,other,confederation,Viscount Wallace of Perth names an heir,Season 133 · Viscount Wallace of Perth names Arthur Wallace heir.,"{""season"": 133, ""heir_age"": 30, ""role"": ""heir""}",engine,2026-09-08 13:29:28
2385,,other,confederation,Marquis Hays of Beloeil names an heir,Season 133 · Marquis Hays of Beloeil names Abraham Hays heir.,"{""season"": 133, ""heir_age"": 7, ""role"": ""heir""}",engine,2026-09-08 13:29:28
2386,,societal,confederation,Last Spike at Craigellachie,Season 133 · Earl Cornwall of Steveston meets Last Spike at Craigellachie and resists.,"{""season"": 133, ""response"": ""Resist"", ""roll"": 3, ""personal_year"": 1885, ""magnitude"": ""Significant"", ""tag"": ""Mixed""}",engine,2026-09-08 13:29:28
2387,,relational,confederation,Earl Cornwall of Steveston corresponds with Baron Dyck of Calgary McKnight,Season 133 · Earl Cornwall of Steveston opens a correspondence with Baron Dyck of Calgary McKnight.,"{""season"": 133, ""marker"": ""\u25ce""}",engine,2026-09-08 13:29:28
2388,,societal,late,Founding of the CCF,Season 133 · Earl Langelier de Charlevoix meets Founding of the CCF and leads.,"{""season"": 133, ""response"": ""Lead"", ""roll"": 7, ""personal_year"": 1932, ""magnitude"": ""Major"", ""tag"": ""Progressive""}",engine,2026-09-08 13:29:28
2389,,societal,confederation,Montréal Smallpox Epidemic,Season 133 · Baron Hoover of Simcoe meets Montréal Smallpox Epidemic and resists.,"{""season"": 133, ""response"": ""Resist"", ""roll"": 2, ""personal_year"": 1885, ""magnitude"": ""Significant"", ""tag"": ""Progressive""}",engine,2026-09-08 13:29:28
2390,,relational,confederation,Baron Hoover of Simcoe corresponds with Baron Gillies of Aurora,Season 133 · Baron Hoover of Simcoe opens a correspondence with Baron Gillies of Aurora.,"{""season"": 133, ""marker"": ""+""}",engine,2026-09-08 13:29:28
2391,,other,confederation,Viscount Cameron of Cornwall names an heir,Season 133 · Viscount Cameron of Cornwall names Farquhar Cameron heir.,"{""season"": 133, ""heir_age"": 16, ""role"": ""heir""}",engine,2026-09-08 13:29:28
2392,,societal,confederation,National Policy,Season 133 · Earl Bird of Winnipeg meets National Policy and leads.,"{""season"": 133, ""response"": ""Lead"", ""roll"": 6, ""personal_year"": 1878, ""magnitude"": ""Significant"", ""tag"": ""Conservative""}",engine,2026-09-08 13:29:28
2393,,succession,dominion,Baron Rouleau de LaSalle: clean succession,Season 133 · Corinne Rouleau succeeds to Baron Rouleau de LaSalle.,"{""season"": 133, ""nature"": ""clean"", ""cause"": ""death""}",engine,2026-09-08 13:29:28
2394,,societal,late,Founding of the CCF,Season 133 · Viscount Bhullar of Nanaimo meets Founding of the CCF and exploits.,"{""season"": 133, ""response"": ""Exploit"", ""roll"": 5, ""personal_year"": 1932, ""magnitude"": ""Major"", ""tag"": ""Progressive""}",engine,2026-09-08 13:29:28
2395,,elevation,confederation,Earl Pegahmagabow of Wawa elevated,Season 133 · Viscount Pegahmagabow of Wawa is raised to Earl.,"{""season"": 133, ""from"": ""Viscount"", ""to"": ""Earl""}",engine,2026-09-08 13:29:28
2396,,societal,dominion,Reciprocity Election,Season 133 · Baron Lucas of Oakville meets Reciprocity Election and stands aside.,"{""season"": 133, ""response"": ""Neutral"", ""roll"": 1, ""personal_year"": 1911, ""magnitude"": ""Significant"", ""tag"": ""Conservative""}",engine,2026-09-08 13:29:28
2397,,relational,dominion,Baron Lucas of Oakville corresponds with Baron Gillies of Aurora,Season 133 · Baron Lucas of Oakville opens a correspondence with Baron Gillies of Aurora.,"{""season"": 133, ""marker"": ""\u25ce""}",engine,2026-09-08 13:29:28
2398,,societal,dominion,Vancouver Anti-Asian Riots,Season 133 · Viscount Dawes of Bourassa meets Vancouver Anti-Asian Riots and stands aside.,"{""season"": 133, ""response"": ""Neutral"", ""roll"": 1, ""personal_year"": 1907, ""magnitude"": ""Significant"", ""tag"": ""Conservative""}",engine,2026-09-08 13:29:28
2399,,relational,dominion,Baron Wallace of Hespeler corresponds with Baron Benjamin of La Pointe-de-l'Île,Season 133 · Baron Wallace of Hespeler opens a correspondence with Baron Benjamin of La Pointe-de-l'Île.,"{""season"": 133, ""marker"": ""+""}",engine,2026-09-08 13:29:28
2400,,societal,late,Founding of the CCF,Season 133 · Baron Turgeon de St.-Jerome meets Founding of the CCF and leads.,"{""season"": 133, ""response"": ""Lead"", ""roll"": 6, ""personal_year"": 1932, ""magnitude"": ""Major"", ""tag"": ""Progressive""}",engine,2026-09-08 13:29:28
2401,,societal,dominion,Alberta and Saskatchewan Created,Season 133 · Earl Beauvais of Charles-LeMoyne meets Alberta and Saskatchewan Created and exploits.,"{""season"": 133, ""response"": ""Exploit"", ""roll"": 4, ""personal_year"": 1905, ""magnitude"": ""Significant"", ""tag"": ""Progressive""}",engine,2026-09-08 13:29:28
2402,,relational,dominion,Earl Beauvais of Charles-LeMoyne and Baron Cardinal of Steinbach form a compact,Season 133 · Earl Beauvais of Charles-LeMoyne and Baron Cardinal of Steinbach enter into a compact.,"{""season"": 133, ""marker"": ""\u25c9+""}",engine,2026-09-08 13:29:28
2403,,societal,dominion,Reciprocity Election,Season 133 · Viscount Smoke of Barrie meets Reciprocity Election and stands aside.,"{""season"": 133, ""response"": ""Neutral"", ""roll"": 1, ""personal_year"": 1911, ""magnitude"": ""Significant"", ""tag"": ""Conservative""}",engine,2026-09-08 13:29:28
2404,,societal,confederation,Death of Sir John A. Macdonald,Season 133 · Baron Rouleau de Chambly meets Death of Sir John A. Macdonald and leads.,"{""season"": 133, ""response"": ""Lead"", ""roll"": 6, ""personal_year"": 1891, ""magnitude"": ""Minor"", ""tag"": ""Mixed""}",engine,2026-09-08 13:29:28
2405,,societal,confederation,Manitoba Schools Question,Season 133 · Baron Langelier de Rosemont meets Manitoba Schools Question and exploits.,"{""season"": 133, ""response"": ""Exploit"", ""roll"": 5, ""personal_year"": 1890, ""magnitude"": ""Major"", ""tag"": ""Conservative""}",engine,2026-09-08 13:29:28
2406,,societal,confederation,Manitoba Schools Question,Season 133 · Viscount Stefaniuk of North Battleford meets Manitoba Schools Question and stands aside.,"{""season"": 133, ""response"": ""Neutral"", ""roll"": 1, ""personal_year"": 1890, ""magnitude"": ""Major"", ""tag"": ""Conservative""}",engine,2026-09-08 13:29:28
2407,,relational,confederation,Viscount Stefaniuk of North Battleford loses a dispute with Baron Stefaniuk of Regina,Season 133 · Viscount Stefaniuk of North Battleford presses a claim against Baron Stefaniuk of Regina and is rebuffed.,"{""season"": 133, ""outcome"": ""lost""}",engine,2026-09-08 13:29:28
2408,,relational,confederation,Baron Uniacke of Bowmanville corresponds with Viscount Proulx de Cumberland,Season 133 · Baron Uniacke of Bowmanville opens a correspondence with Viscount Proulx de Cumberland.,"{""season"": 133, ""marker"": ""+""}",engine,2026-09-08 13:29:28
2409,,societal,confederation,Jesuits' Estates Act Controversy,Season 133 · Baron Cornwall of Revelstoke meets Jesuits' Estates Act Controversy and resists.,"{""season"": 133, ""response"": ""Resist"", ""roll"": 2, ""personal_year"": 1888, ""magnitude"": ""Significant"", ""tag"": ""Conservative""}",engine,2026-09-08 13:29:28
2410,,relational,confederation,Baron Cornwall of Revelstoke corresponds with Earl Cornwall of Steveston,Season 133 · Baron Cornwall of Revelstoke opens a correspondence with Earl Cornwall of Steveston.,"{""season"": 133, ""marker"": ""kin""}",engine,2026-09-08 13:29:28
2411,,societal,confederation,CPR Strike,Season 133 · Baron Shawanaga of Waterloo meets CPR Strike and leads.,"{""season"": 133, ""response"": ""Lead"", ""roll"": 6, ""personal_year"": 1883, ""magnitude"": ""Significant"", ""tag"": ""Mixed""}",engine,2026-09-08 13:29:28
2412,,relational,confederation,Baron Shawanaga of Waterloo corresponds with Baron Furlong of Émard,Season 133 · Baron Shawanaga of Waterloo opens a correspondence with Baron Furlong of Émard.,"{""season"": 133, ""marker"": ""+""}",engine,2026-09-08 13:29:28
2413,,societal,confederation,Canadian Pacific Railway Chartered,Season 133 · Baron Cogswell of Argentia meets Canadian Pacific Railway Chartered and stands aside.,"{""season"": 133, ""response"": ""Neutral"", ""roll"": 1, ""personal_year"": 1881, ""magnitude"": ""Significant"", ""tag"": ""Mixed""}",engine,2026-09-08 13:29:28
2414,,societal,confederation,Indian Act,Season 133 · Baron Elliott of Mistassini meets Indian Act and exploits.,"{""season"": 133, ""response"": ""Exploit"", ""roll"": 4, ""personal_year"": 1876, ""magnitude"": ""Major"", ""tag"": ""Conservative""}",engine,2026-09-08 13:29:28
2415,,relational,confederation,Baron Elliott of Mistassini corresponds with Viscount Colby of Trois-Rivières,Season 133 · Baron Elliott of Mistassini opens a correspondence with Viscount Colby of Trois-Rivières.,"{""season"": 133, ""marker"": ""\u25ce""}",engine,2026-09-08 13:29:28
2416,,relational,confederation,Viscount Cameron of Cornwall and Baron Uniacke of Bowmanville fall out,Season 134 · Viscount Cameron of Cornwall and Baron Uniacke of Bowmanville fall out over the water rights of a shared river.,"{""season"": 134, ""marker"": ""Sig\u2212"", ""cause"": ""friction"", ""grievance"": ""the water rights of a shared river""}",engine,2026-09-08 13:29:28
2417,,relational,confederation,Baron Gillies of Aurora and Baron Uniacke of Bowmanville fall out,Season 134 · Baron Gillies of Aurora and Baron Uniacke of Bowmanville fall out over the water rights of a shared river.,"{""season"": 134, ""marker"": ""Sig\u2212"", ""cause"": ""friction"", ""grievance"": ""the water rights of a shared river""}",engine,2026-09-08 13:29:28
2418,,relational,dominion,Earl Hendrie of Brampton and Marquis Rochon de Rosedale fall out,Season 134 · Earl Hendrie of Brampton and Marquis Rochon de Rosedale fall out over the water rights of a shared river.,"{""season"": 134, ""marker"": ""Sig\u2212"", ""cause"": ""friction"", ""grievance"": ""the water rights of a shared river""}",engine,2026-09-08 13:29:28
2419,,relational,confederation,Marquis Meagher of Chatham and Viscount Smoke of Barrie fall out,Season 134 · Marquis Meagher of Chatham and Viscount Smoke of Barrie fall out over the patronage of a shared riding's offices.,"{""season"": 134, ""marker"": ""Sig\u2212"", ""cause"": ""friction"", ""grievance"": ""the patronage of a shared riding's offices""}",engine,2026-09-08 13:29:28
2420,,relational,confederation,Baron Skye of Belleville and Baron Uniacke of Bowmanville fall out,Season 134 · Baron Skye of Belleville and Baron Uniacke of Bowmanville fall out over a boundary the two houses read differently.,"{""season"": 134, ""marker"": ""Sig\u2212"", ""cause"": ""friction"", ""grievance"": ""a boundary the two houses read differently""}",engine,2026-09-08 13:29:28
2421,,relational,confederation,Viscount Wallace of Perth corresponds with Earl Bird of Winnipeg,Season 134 · Viscount Wallace of Perth opens a correspondence with Earl Bird of Winnipeg.,"{""season"": 134, ""marker"": ""+""}",engine,2026-09-08 13:29:28
2422,,relational,late,Viscount Benjamin of Bellechasse reconciles with Earl Langelier de Charlevoix,Season 134 · Viscount Benjamin of Bellechasse makes peace with Earl Langelier de Charlevoix.,"{""season"": 134, ""marker"": ""~""}",engine,2026-09-08 13:29:28
2423,,relational,confederation,Marquis Mercier de Rimouski wins a dispute with Baron Benjamin of La Pointe-de-l'Île,Season 134 · Marquis Mercier de Rimouski carries a dispute against Baron Benjamin of La Pointe-de-l'Île.,"{""season"": 134, ""outcome"": ""won"", ""marker"": ""~""}",engine,2026-09-08 13:29:28
2424,,societal,confederation,Jesuits' Estates Act Controversy,Season 134 · Earl Bouchard de Terrebonne meets Jesuits' Estates Act Controversy and stands aside.,"{""season"": 134, ""response"": ""Neutral"", ""roll"": 1, ""personal_year"": 1888, ""magnitude"": ""Significant"", ""tag"": ""Conservative""}",engine,2026-09-08 13:29:28
2425,,relational,confederation,Earl Bouchard de Terrebonne corresponds with Baron Dickson of Moncton,Season 134 · Earl Bouchard de Terrebonne opens a correspondence with Baron Dickson of Moncton.,"{""season"": 134, ""marker"": ""\u25ce""}",engine,2026-09-08 13:29:28
2426,,relational,confederation,Baron Hoover of Simcoe corresponds with Baron Langelier de Rosemont,Season 134 · Baron Hoover of Simcoe opens a correspondence with Baron Langelier de Rosemont.,"{""season"": 134, ""marker"": ""\u25ce""}",engine,2026-09-08 13:29:28
2427,,societal,dominion,United Church Formed,Season 134 · Marquis Rochon de Rosedale meets United Church Formed and stands aside.,"{""season"": 134, ""response"": ""Neutral"", ""roll"": 0, ""personal_year"": 1925, ""magnitude"": ""Minor"", ""tag"": ""Progressive""}",engine,2026-09-08 13:29:28
2428,,relational,dominion,Marquis Rochon de Rosedale and Baron Cardinal of Steinbach form a compact,Season 134 · Marquis Rochon de Rosedale and Baron Cardinal of Steinbach enter into a compact.,"{""season"": 134, ""marker"": ""\u25c9+""}",engine,2026-09-08 13:29:28
2429,,relational,confederation,Viscount Cameron of Cornwall and Baron Lucas of Oakville are joined by marriage,"Season 134 · Farquhar Cameron marries Margaret Lucas, binding Viscount Cameron of Cornwall to Baron Lucas of Oakville.","{""season"": 134, ""marker"": ""kin""}",engine,2026-09-08 13:29:28
2430,,societal,dominion,United Church Formed,Season 134 · Earl Hendrie of Brampton meets United Church Formed and leads.,"{""season"": 134, ""response"": ""Lead"", ""roll"": 6, ""personal_year"": 1925, ""magnitude"": ""Minor"", ""tag"": ""Progressive""}",engine,2026-09-08 13:29:28
2431,,relational,late,Viscount Bhullar of Nanaimo corresponds with Baron Stefaniuk of Regina,Season 134 · Viscount Bhullar of Nanaimo opens a correspondence with Baron Stefaniuk of Regina.,"{""season"": 134, ""marker"": ""+""}",engine,2026-09-08 13:29:28
2432,,societal,dominion,United Church Formed,Season 134 · Viscount Worts of Milton meets United Church Formed and stands aside.,"{""season"": 134, ""response"": ""Neutral"", ""roll"": 0, ""personal_year"": 1925, ""magnitude"": ""Minor"", ""tag"": ""Progressive""}",engine,2026-09-08 13:29:28
2433,,relational,confederation,Viscount Colby of Trois-Rivières corresponds with Baron Elliott of Mistassini,Season 134 · Viscount Colby of Trois-Rivières opens a correspondence with Baron Elliott of Mistassini.,"{""season"": 134, ""marker"": ""+""}",engine,2026-09-08 13:29:28
2434,,elevation,confederation,Earl Gillies of Woburn elevated,Season 134 · Viscount Gillies of Woburn is raised to Earl.,"{""season"": 134, ""from"": ""Viscount"", ""to"": ""Earl""}",engine,2026-09-08 13:29:28
2435,,societal,dominion,Regulation 17,Season 134 · Baron Lucas of Oakville meets Regulation 17 and resists.,"{""season"": 134, ""response"": ""Resist"", ""roll"": 3, ""personal_year"": 1912, ""magnitude"": ""Major"", ""tag"": ""Conservative""}",engine,2026-09-08 13:29:28
2436,,relational,dominion,Baron Lucas of Oakville corresponds with Baron Gillies of Aurora,Season 134 · Baron Lucas of Oakville opens a correspondence with Baron Gillies of Aurora.,"{""season"": 134, ""marker"": ""+""}",engine,2026-09-08 13:29:28
2437,,societal,dominion,United Church Formed,Season 134 · Baron Wallace of Hespeler meets United Church Formed and resists.,"{""season"": 134, ""response"": ""Resist"", ""roll"": 2, ""personal_year"": 1925, ""magnitude"": ""Minor"", ""tag"": ""Progressive""}",engine,2026-09-08 13:29:28
2438,,relational,late,Baron Turgeon de St.-Jerome corresponds with Viscount Marchand de Lac-Saint-Louis,Season 134 · Baron Turgeon de St.-Jerome opens a correspondence with Viscount Marchand de Lac-Saint-Louis.,"{""season"": 134, ""marker"": ""\u25ce""}",engine,2026-09-08 13:29:28
2439,,societal,dominion,Regulation 17,Season 134 · Viscount Smoke of Barrie meets Regulation 17 and stands aside.,"{""season"": 134, ""response"": ""Neutral"", ""roll"": 0, ""personal_year"": 1912, ""magnitude"": ""Major"", ""tag"": ""Conservative""}",engine,2026-09-08 13:29:28
2440,,relational,dominion,Viscount Smoke of Barrie reconciles with Marquis Meagher of Chatham,Season 134 · Viscount Smoke of Barrie makes peace with Marquis Meagher of Chatham.,"{""season"": 134, ""marker"": ""~""}",engine,2026-09-08 13:29:28
2441,,societal,confederation,CPR Strike,Season 134 · Viscount Chapais de Saint-Hyacinthe meets CPR Strike and leads.,"{""season"": 134, ""response"": ""Lead"", ""roll"": 6, ""personal_year"": 1883, ""magnitude"": ""Significant"", ""tag"": ""Mixed""}",engine,2026-09-08 13:29:28
2442,,societal,confederation,Death of Sir John A. Macdonald,Season 134 · Baron Langelier de Rosemont meets Death of Sir John A. Macdonald and resists.,"{""season"": 134, ""response"": ""Resist"", ""roll"": 2, ""personal_year"": 1891, ""magnitude"": ""Minor"", ""tag"": ""Mixed""}",engine,2026-09-08 13:29:28
2443,,relational,confederation,Baron Langelier de Rosemont corresponds with Baron Hoover of Simcoe,Season 134 · Baron Langelier de Rosemont opens a correspondence with Baron Hoover of Simcoe.,"{""season"": 134, ""marker"": ""+""}",engine,2026-09-08 13:29:28
2444,,societal,confederation,Death of Sir John A. Macdonald,Season 134 · Viscount Stefaniuk of North Battleford meets Death of Sir John A. Macdonald and leads.,"{""season"": 134, ""response"": ""Lead"", ""roll"": 6, ""personal_year"": 1891, ""magnitude"": ""Minor"", ""tag"": ""Mixed""}",engine,2026-09-08 13:29:28
2445,,relational,confederation,Viscount Stefaniuk of North Battleford loses a dispute with Baron Stefaniuk of Regina,Season 134 · Viscount Stefaniuk of North Battleford presses a claim against Baron Stefaniuk of Regina and is rebuffed.,"{""season"": 134, ""outcome"": ""lost""}",engine,2026-09-08 13:29:28
2446,,societal,confederation,Red River Resistance,Season 134 · Baron Uniacke of Bowmanville meets Red River Resistance and exploits.,"{""season"": 134, ""response"": ""Exploit"", ""roll"": 5, ""personal_year"": 1869, ""magnitude"": ""Major"", ""tag"": ""Mixed""}",engine,2026-09-08 13:29:28
2447,,relational,confederation,Baron Uniacke of Bowmanville loses a dispute with Baron Gillies of Aurora,Season 134 · Baron Uniacke of Bowmanville presses a claim against Baron Gillies of Aurora and is rebuffed.,"{""season"": 134, ""outcome"": ""lost""}",engine,2026-09-08 13:29:28
2448,,societal,confederation,North-West Resistance,Season 134 · Baron Dyck of Calgary McKnight meets North-West Resistance and stands aside.,"{""season"": 134, ""response"": ""Neutral"", ""roll"": 1, ""personal_year"": 1885, ""magnitude"": ""Major"", ""tag"": ""Conservative""}",engine,2026-09-08 13:29:28
2449,,other,confederation,Baron Shawanaga of Waterloo endows an institution,Season 134 · Baron Shawanaga of Waterloo endows an institution.,"{""season"": 134}",engine,2026-09-08 13:29:28
2450,,relational,confederation,Baron Elliott of Mistassini corresponds with Earl Bouchard de Terrebonne,Season 134 · Baron Elliott of Mistassini opens a correspondence with Earl Bouchard de Terrebonne.,"{""season"": 134, ""marker"": ""\u25ce""}",engine,2026-09-08 13:29:28
2451,,relational,dominion,Earl Beauvais of Charles-LeMoyne and Baron Rouleau de LaSalle fall out,Season 135 · Earl Beauvais of Charles-LeMoyne and Baron Rouleau de LaSalle fall out over the water rights of a shared river.,"{""season"": 135, ""marker"": ""Sig\u2212"", ""cause"": ""friction"", ""grievance"": ""the water rights of a shared river""}",engine,2026-09-08 13:29:28
2452,,relational,confederation,Viscount Elliott of Glengarry and Baron Gillies of Aurora are joined by marriage,"Season 135 · Daniel Elliott marries Iain Gillies, binding Viscount Elliott of Glengarry to Baron Gillies of Aurora.","{""season"": 135, ""marker"": ""kin""}",engine,2026-09-08 13:29:28
2453,,relational,confederation,Viscount Wallace of Perth corresponds with Viscount Marchand de Lac-Saint-Louis,Season 135 · Viscount Wallace of Perth opens a correspondence with Viscount Marchand de Lac-Saint-Louis.,"{""season"": 135, ""marker"": ""+""}",engine,2026-09-08 13:29:28
2454,,societal,dominion,The Persons Case,Season 135 · Marquis Mercier de Rimouski meets The Persons Case and exploits.,"{""season"": 135, ""response"": ""Exploit"", ""roll"": 4, ""personal_year"": 1929, ""magnitude"": ""Significant"", ""tag"": ""Progressive""}",engine,2026-09-08 13:29:28
2455,,relational,confederation,Marquis Hays of Beloeil and Baron Hoover of Simcoe are joined by marriage,"Season 135 · Abraham Hays marries Isaac Hoover, binding Marquis Hays of Beloeil to Baron Hoover of Simcoe.","{""season"": 135, ""marker"": ""kin""}",engine,2026-09-08 13:29:28
2456,,relational,confederation,Viscount McLellan of Belfast corresponds with Baron Furlong of Émard,Season 135 · Viscount McLellan of Belfast opens a correspondence with Baron Furlong of Émard.,"{""season"": 135, ""marker"": ""\u25ce""}",engine,2026-09-08 13:29:28
2457,,relational,dominion,Marquis Rochon de Rosedale corresponds with Baron Lucas of Oakville,Season 135 · Marquis Rochon de Rosedale opens a correspondence with Baron Lucas of Oakville.,"{""season"": 135, ""marker"": ""\u25ce""}",engine,2026-09-08 13:29:28
2458,,relational,dominion,Viscount Cameron of Cornwall corresponds with Viscount Marchand de Lac-Saint-Louis,Season 135 · Viscount Cameron of Cornwall opens a correspondence with Viscount Marchand de Lac-Saint-Louis.,"{""season"": 135, ""marker"": ""\u25ce""}",engine,2026-09-08 13:29:28
2459,,other,dominion,Earl Pegahmagabow of Wawa names an heir,Season 135 · Earl Pegahmagabow of Wawa names Marguerite Pegahmagabow heir.,"{""season"": 135, ""heir_age"": 34, ""role"": ""heir""}",engine,2026-09-08 13:29:28
2460,,societal,dominion,Alaska Boundary Award,Season 135 · Earl Byrne of Cooksville meets Alaska Boundary Award and exploits.,"{""season"": 135, ""response"": ""Exploit"", ""roll"": 5, ""personal_year"": 1903, ""magnitude"": ""Minor"", ""tag"": ""Mixed""}",engine,2026-09-08 13:29:28
2461,,societal,dominion,The Persons Case,Season 135 · Baron Meagher of Windsor meets The Persons Case and resists.,"{""season"": 135, ""response"": ""Resist"", ""roll"": 3, ""personal_year"": 1929, ""magnitude"": ""Significant"", ""tag"": ""Progressive""}",engine,2026-09-08 13:29:28
2462,,relational,confederation,Baron Skye of Belleville wins a dispute with Baron Uniacke of Bowmanville,Season 135 · Baron Skye of Belleville carries a dispute against Baron Uniacke of Bowmanville.,"{""season"": 135, ""outcome"": ""won"", ""marker"": ""~""}",engine,2026-09-08 13:29:28
2463,,relational,confederation,Viscount Proulx de Cumberland corresponds with Baron Wallace of Hespeler,Season 135 · Viscount Proulx de Cumberland opens a correspondence with Baron Wallace of Hespeler.,"{""season"": 135, ""marker"": ""\u25ce""}",engine,2026-09-08 13:29:28
2464,,societal,confederation,Laurier Elected,Season 135 · Baron Gillies of Aurora meets Laurier Elected and leads.,"{""season"": 135, ""response"": ""Lead"", ""roll"": 6, ""personal_year"": 1896, ""magnitude"": ""Significant"", ""tag"": ""Progressive""}",engine,2026-09-08 13:29:28
2465,,elevation,confederation,Viscount Gillies of Aurora elevated,Season 135 · Baron Gillies of Aurora is raised to Viscount.,"{""season"": 135, ""from"": ""Baron"", ""to"": ""Viscount""}",engine,2026-09-08 13:29:28
2466,,societal,dominion,Vancouver Anti-Asian Riots,Season 135 · Baron Furlong of Émard meets Vancouver Anti-Asian Riots and exploits.,"{""season"": 135, ""response"": ""Exploit"", ""roll"": 4, ""personal_year"": 1907, ""magnitude"": ""Significant"", ""tag"": ""Conservative""}",engine,2026-09-08 13:29:28
2467,,societal,dominion,Vancouver Anti-Asian Riots,Season 135 · Earl Beauvais of Charles-LeMoyne meets Vancouver Anti-Asian Riots and exploits.,"{""season"": 135, ""response"": ""Exploit"", ""roll"": 5, ""personal_year"": 1907, ""magnitude"": ""Significant"", ""tag"": ""Conservative""}",engine,2026-09-08 13:29:28
2468,,succession,dominion,Earl Beauvais of Charles-LeMoyne: disorderly succession,Season 135 · Earl Beauvais of Charles-LeMoyne passes in disorder to Henry Beauvais.,"{""season"": 135, ""nature"": ""disorderly"", ""cause"": ""death""}",engine,2026-09-08 13:29:28
2469,,other,dominion,Viscount Smoke of Barrie names an heir,Season 135 · Viscount Smoke of Barrie names Mary Smoke heir.,"{""season"": 135, ""heir_age"": 6, ""role"": ""heir""}",engine,2026-09-08 13:29:28
2470,,societal,dominion,The Persons Case,Season 135 · Baron Benjamin of La Pointe-de-l'Île meets The Persons Case and exploits.,"{""season"": 135, ""response"": ""Exploit"", ""roll"": 5, ""personal_year"": 1929, ""magnitude"": ""Significant"", ""tag"": ""Progressive""}",engine,2026-09-08 13:29:28
2471,,relational,confederation,Baron Langelier de Rosemont corresponds with Viscount Cameron of Cornwall,Season 135 · Baron Langelier de Rosemont opens a correspondence with Viscount Cameron of Cornwall.,"{""season"": 135, ""marker"": ""\u25ce""}",engine,2026-09-08 13:29:28
2472,,transfer,confederation,Baron Uniacke of Bowmanville loses Oshawa,Season 135 · Baron Uniacke of Bowmanville gives up Oshawa (cession).,"{""season"": 135, ""reason"": ""cession"", ""riding"": ""Oshawa""}",engine,2026-09-08 13:29:28
2473,,relational,confederation,Baron Uniacke of Bowmanville settles with Viscount Cameron of Cornwall,Season 135 · Baron Uniacke of Bowmanville settles its grievance with Viscount Cameron of Cornwall by cession.,"{""season"": 135, ""marker"": ""~"", ""ceded"": ""35078""}",engine,2026-09-08 13:29:28
2474,,societal,confederation,National Policy,Season 135 · Baron Jarvis of Spadina meets National Policy and resists.,"{""season"": 135, ""response"": ""Resist"", ""roll"": 3, ""personal_year"": 1878, ""magnitude"": ""Significant"", ""tag"": ""Conservative""}",engine,2026-09-08 13:29:28
2475,,transfer,confederation,Baron Stefaniuk of Regina loses Regina—Qu'Appelle,Season 135 · Baron Stefaniuk of Regina gives up Regina—Qu'Appelle (cession).,"{""season"": 135, ""reason"": ""cession"", ""riding"": ""Regina\u2014Qu'Appelle""}",engine,2026-09-08 13:29:28
2476,,relational,confederation,Baron Stefaniuk of Regina settles with Viscount Stefaniuk of North Battleford,Season 135 · Baron Stefaniuk of Regina settles its grievance with Viscount Stefaniuk of North Battleford by cession.,"{""season"": 135, ""marker"": ""~"", ""ceded"": ""47007""}",engine,2026-09-08 13:29:28
2477,,societal,confederation,Manitoba Schools Question,Season 135 · Baron Cornwall of Revelstoke meets Manitoba Schools Question and stands aside.,"{""season"": 135, ""response"": ""Neutral"", ""roll"": 1, ""personal_year"": 1890, ""magnitude"": ""Major"", ""tag"": ""Conservative""}",engine,2026-09-08 13:29:28
2478,,relational,confederation,Baron Cornwall of Revelstoke corresponds with Viscount Bhullar of Nanaimo,Season 135 · Baron Cornwall of Revelstoke opens a correspondence with Viscount Bhullar of Nanaimo.,"{""season"": 135, ""marker"": ""\u25ce""}",engine,2026-09-08 13:29:28
2479,,societal,confederation,Last Spike at Craigellachie,Season 135 · Baron Shawanaga of Waterloo meets Last Spike at Craigellachie and stands aside.,"{""season"": 135, ""response"": ""Neutral"", ""roll"": 1, ""personal_year"": 1885, ""magnitude"": ""Significant"", ""tag"": ""Mixed""}",engine,2026-09-08 13:29:28
2480,,societal,confederation,CPR Strike,Season 135 · Baron Cogswell of Argentia meets CPR Strike and resists.,"{""season"": 135, ""response"": ""Resist"", ""roll"": 2, ""personal_year"": 1883, ""magnitude"": ""Significant"", ""tag"": ""Mixed""}",engine,2026-09-08 13:29:28
2481,,relational,confederation,Baron Cogswell of Argentia corresponds with Earl Byrne of Cooksville,Season 135 · Baron Cogswell of Argentia opens a correspondence with Earl Byrne of Cooksville.,"{""season"": 135, ""marker"": ""\u25ce""}",engine,2026-09-08 13:29:28
2482,,societal,confederation,National Policy,Season 135 · Baron Elliott of Mistassini meets National Policy and exploits.,"{""season"": 135, ""response"": ""Exploit"", ""roll"": 5, ""personal_year"": 1878, ""magnitude"": ""Significant"", ""tag"": ""Conservative""}",engine,2026-09-08 13:29:28
2483,,founding,confederation,Baron Murray of Sydney founded,"Season 135 · Baron Murray of Sydney is created, seated at Sydney—Glace Bay.","{""season"": 135, ""stats"": {""capital"": 39, ""influence"": 29, ""cohesion"": 66, ""ambition"": 4}, ""community"": ""Scottish Presbyterian"", ""tag"": ""Progressive""}",engine,2026-09-08 13:29:28
2484,,relational,late,Baron Benjamin of La Pointe-de-l'Île and Baron Turgeon de St.-Jerome fall out,Season 136 · Baron Benjamin of La Pointe-de-l'Île and Baron Turgeon de St.-Jerome fall out over a boundary the two houses read differently.,"{""season"": 136, ""marker"": ""Sig\u2212"", ""cause"": ""friction"", ""grievance"": ""a boundary the two houses read differently""}",engine,2026-09-08 13:29:28
2485,,relational,confederation,Earl Bouchard de Terrebonne and Baron Dickson of Moncton fall out,Season 136 · Earl Bouchard de Terrebonne and Baron Dickson of Moncton fall out over the patronage of a shared riding's offices.,"{""season"": 136, ""marker"": ""Sig\u2212"", ""cause"": ""friction"", ""grievance"": ""the patronage of a shared riding's offices""}",engine,2026-09-08 13:29:28
2486,,other,confederation,Viscount Elliott of Glengarry endows an institution,Season 136 · Viscount Elliott of Glengarry endows an institution.,"{""season"": 136}",engine,2026-09-08 13:29:28
2487,,societal,late,On-to-Ottawa Trek,Season 136 · Viscount Benjamin of Bellechasse meets On-to-Ottawa Trek and resists.,"{""season"": 136, ""response"": ""Resist"", ""roll"": 2, ""personal_year"": 1935, ""magnitude"": ""Significant"", ""tag"": ""Progressive""}",engine,2026-09-08 13:29:28
2488,,societal,late,The Long Contraction,Season 136 · Marquis Mercier de Rimouski meets The Long Contraction and resists.,"{""season"": 136, ""response"": ""Resist"", ""roll"": 2, ""personal_year"": 1930, ""magnitude"": ""Major"", ""tag"": ""Conservative""}",engine,2026-09-08 13:29:28
2489,,societal,confederation,Manitoba Schools Question,Season 136 · Earl Bouchard de Terrebonne meets Manitoba Schools Question and stands aside.,"{""season"": 136, ""response"": ""Neutral"", ""roll"": 1, ""personal_year"": 1890, ""magnitude"": ""Major"", ""tag"": ""Conservative""}",engine,2026-09-08 13:29:28
2490,,relational,confederation,Earl Bouchard de Terrebonne loses a dispute with Baron Dickson of Moncton,Season 136 · Earl Bouchard de Terrebonne presses a claim against Baron Dickson of Moncton and is rebuffed.,"{""season"": 136, ""outcome"": ""lost""}",engine,2026-09-08 13:29:28
2491,,relational,confederation,Viscount McLellan of Belfast corresponds with Baron Furlong of Émard,Season 136 · Viscount McLellan of Belfast opens a correspondence with Baron Furlong of Émard.,"{""season"": 136, ""marker"": ""+""}",engine,2026-09-08 13:29:28
2492,,succession,confederation,Earl Cornwall of Steveston: clean succession,Season 136 · Anne Cornwall succeeds to Earl Cornwall of Steveston.,"{""season"": 136, ""nature"": ""clean"", ""cause"": ""death""}",engine,2026-09-08 13:29:28
2493,,societal,late,On-to-Ottawa Trek,Season 136 · Earl Langelier de Charlevoix meets On-to-Ottawa Trek and resists.,"{""season"": 136, ""response"": ""Resist"", ""roll"": 2, ""personal_year"": 1935, ""magnitude"": ""Significant"", ""tag"": ""Progressive""}",engine,2026-09-08 13:29:28
2494,,succession,late,Earl Langelier de Charlevoix: clean succession,Season 136 · Clémence Langelier succeeds to Earl Langelier de Charlevoix.,"{""season"": 136, ""nature"": ""clean"", ""cause"": ""death""}",engine,2026-09-08 13:29:28
2495,,relational,confederation,Earl Langelier de Charlevoix corresponds with Earl Beauvais of Charles-LeMoyne,Season 136 · Earl Langelier de Charlevoix opens a correspondence with Earl Beauvais of Charles-LeMoyne.,"{""season"": 136, ""marker"": ""+""}",engine,2026-09-08 13:29:28
2496,,relational,confederation,Marquis Meagher of Chatham corresponds with Earl Langelier de Charlevoix,Season 136 · Marquis Meagher of Chatham opens a correspondence with Earl Langelier de Charlevoix.,"{""season"": 136, ""marker"": ""\u25c9+""}",engine,2026-09-08 13:29:28
2497,,succession,dominion,Marquis Rochon de Rosedale: clean succession,Season 136 · Marie Rochon succeeds to Marquis Rochon de Rosedale.,"{""season"": 136, ""nature"": ""clean"", ""cause"": ""death""}",engine,2026-09-08 13:29:28
2498,,relational,confederation,Marquis Rochon de Rosedale corresponds with Baron Lucas of Oakville,Season 136 · Marquis Rochon de Rosedale opens a correspondence with Baron Lucas of Oakville.,"{""season"": 136, ""marker"": ""+""}",engine,2026-09-08 13:29:28
2499,,societal,dominion,Komagata Maru,Season 136 · Viscount Cameron of Cornwall meets Komagata Maru and resists.,"{""season"": 136, ""response"": ""Resist"", ""roll"": 2, ""personal_year"": 1914, ""magnitude"": ""Major"", ""tag"": ""Conservative""}",engine,2026-09-08 13:29:28
2500,,elevation,confederation,Viscount Rouleau de LaSalle elevated,Season 136 · Baron Rouleau de LaSalle is raised to Viscount.,"{""season"": 136, ""from"": ""Baron"", ""to"": ""Viscount""}",engine,2026-09-08 13:29:28
2501,,societal,late,Bank of Canada Opens,Season 136 · Viscount Bhullar of Nanaimo meets Bank of Canada Opens and exploits.,"{""season"": 136, ""response"": ""Exploit"", ""roll"": 5, ""personal_year"": 1935, ""magnitude"": ""Minor"", ""tag"": ""Mixed""}",engine,2026-09-08 13:29:28
2502,,succession,dominion,Earl Byrne of Cooksville: clean succession,Season 136 · Hugh Byrne succeeds to Earl Byrne of Cooksville.,"{""season"": 136, ""nature"": ""clean"", ""cause"": ""death""}",engine,2026-09-08 13:29:28
2503,,transfer,late,Baron Meagher of Windsor loses Elgin—St. Thomas—London South,Season 136 · Baron Meagher of Windsor gives up Elgin—St. Thomas—London South (contraction sale).,"{""season"": 136, ""reason"": ""contraction sale"", ""riding"": ""Elgin\u2014St. Thomas\u2014London South""}",engine,2026-09-08 13:29:28
2504,,societal,late,The Long Contraction,Season 136 · Baron Meagher of Windsor meets The Long Contraction and exploits.,"{""season"": 136, ""response"": ""Exploit"", ""roll"": 4, ""personal_year"": 1930, ""magnitude"": ""Major"", ""tag"": ""Conservative""}",engine,2026-09-08 13:29:28
2505,,relational,late,Baron Meagher of Windsor corresponds with Baron Jarvis of Spadina,Season 136 · Baron Meagher of Windsor opens a correspondence with Baron Jarvis of Spadina.,"{""season"": 136, ""marker"": ""\u25ce""}",engine,2026-09-08 13:29:28
2506,,societal,confederation,Diamond Jubilee,Season 136 · Viscount Colby of Trois-Rivières meets Diamond Jubilee and exploits.,"{""season"": 136, ""response"": ""Exploit"", ""roll"": 5, ""personal_year"": 1897, ""magnitude"": ""Minor"", ""tag"": ""Conservative""}",engine,2026-09-08 13:29:28
2507,,relational,confederation,Viscount Colby of Trois-Rivières wins a dispute with Viscount Benjamin of Bellechasse,Season 136 · Viscount Colby of Trois-Rivières carries a dispute against Viscount Benjamin of Bellechasse.,"{""season"": 136, ""outcome"": ""won"", ""marker"": ""~""}",engine,2026-09-08 13:29:28
2508,,relational,confederation,Earl Gillies of Woburn corresponds with Baron Shawanaga of Waterloo,Season 136 · Earl Gillies of Woburn opens a correspondence with Baron Shawanaga of Waterloo.,"{""season"": 136, ""marker"": ""\u25ce""}",engine,2026-09-08 13:29:28
2509,,societal,dominion,Komagata Maru,Season 136 · Baron Lucas of Oakville meets Komagata Maru and leads.,"{""season"": 136, ""response"": ""Lead"", ""roll"": 6, ""personal_year"": 1914, ""magnitude"": ""Major"", ""tag"": ""Conservative""}",engine,2026-09-08 13:29:28
2510,,societal,dominion,Naval Service Act,Season 136 · Viscount Dawes of Bourassa meets Naval Service Act and leads.,"{""season"": 136, ""response"": ""Lead"", ""roll"": 6, ""personal_year"": 1910, ""magnitude"": ""Significant"", ""tag"": ""Mixed""}",engine,2026-09-08 13:29:28
2511,,societal,late,Bank of Canada Opens,Season 136 · Baron Turgeon de St.-Jerome meets Bank of Canada Opens and leads.,"{""season"": 136, ""response"": ""Lead"", ""roll"": 6, ""personal_year"": 1935, ""magnitude"": ""Minor"", ""tag"": ""Mixed""}",engine,2026-09-08 13:29:28
2512,,societal,confederation,Diamond Jubilee,Season 136 · Viscount Gillies of Aurora meets Diamond Jubilee and stands aside.,"{""season"": 136, ""response"": ""Neutral"", ""roll"": 0, ""personal_year"": 1897, ""magnitude"": ""Minor"", ""tag"": ""Conservative""}",engine,2026-09-08 13:29:28
2513,,other,dominion,Baron Furlong of Émard names an heir,Season 136 · Baron Furlong of Émard names Cornelius Furlong heir.,"{""season"": 136, ""heir_age"": 20, ""role"": ""heir""}",engine,2026-09-08 13:29:28
2514,,societal,dominion,The Great War,Season 136 · Viscount Smoke of Barrie meets The Great War and exploits.,"{""season"": 136, ""response"": ""Exploit"", ""roll"": 4, ""personal_year"": 1914, ""magnitude"": ""Major"", ""tag"": ""Global""}",engine,2026-09-08 13:29:28
2515,,relational,dominion,Viscount Smoke of Barrie and Viscount Wallace of Perth are joined by marriage,"Season 136 · Mary Smoke marries Arthur Wallace, binding Viscount Smoke of Barrie to Viscount Wallace of Perth.","{""season"": 136, ""marker"": ""kin""}",engine,2026-09-08 13:29:28
2516,,societal,late,The Long Contraction,Season 136 · Baron Benjamin of La Pointe-de-l'Île meets The Long Contraction and resists.,"{""season"": 136, ""response"": ""Resist"", ""roll"": 3, ""personal_year"": 1930, ""magnitude"": ""Major"", ""tag"": ""Conservative""}",engine,2026-09-08 13:29:28
2517,,elevation,late,Viscount Benjamin of La Pointe-de-l'Île elevated,Season 136 · Baron Benjamin of La Pointe-de-l'Île is raised to Viscount.,"{""season"": 136, ""from"": ""Baron"", ""to"": ""Viscount""}",engine,2026-09-08 13:29:28
2518,,societal,confederation,Montréal Smallpox Epidemic,Season 136 · Viscount Chapais de Saint-Hyacinthe meets Montréal Smallpox Epidemic and resists.,"{""season"": 136, ""response"": ""Resist"", ""roll"": 3, ""personal_year"": 1885, ""magnitude"": ""Significant"", ""tag"": ""Progressive""}",engine,2026-09-08 13:29:28
2519,,transfer,confederation,Baron Rouleau de Chambly loses Saint-Jean,Season 136 · Baron Rouleau de Chambly gives up Saint-Jean (cession).,"{""season"": 136, ""reason"": ""cession"", ""riding"": ""Saint-Jean""}",engine,2026-09-08 13:29:28
2520,,relational,confederation,Baron Rouleau de Chambly settles with Earl Beauvais of Charles-LeMoyne,Season 136 · Baron Rouleau de Chambly settles its grievance with Earl Beauvais of Charles-LeMoyne by cession.,"{""season"": 136, ""marker"": ""~"", ""ceded"": ""24067""}",engine,2026-09-08 13:29:28
2521,,relational,confederation,Viscount Stefaniuk of North Battleford corresponds with Earl Cornwall of Steveston,Season 136 · Viscount Stefaniuk of North Battleford opens a correspondence with Earl Cornwall of Steveston.,"{""season"": 136, ""marker"": ""\u25ce""}",engine,2026-09-08 13:29:28
2522,,societal,dominion,Komagata Maru,Season 136 · Baron Uniacke of Bowmanville meets Komagata Maru and exploits.,"{""season"": 136, ""response"": ""Exploit"", ""roll"": 4, ""personal_year"": 1914, ""magnitude"": ""Major"", ""tag"": ""Conservative""}",engine,2026-09-08 13:29:28
2523,,societal,confederation,Death of Sir John A. Macdonald,Season 136 · Baron Cornwall of Revelstoke meets Death of Sir John A. Macdonald and leads.,"{""season"": 136, ""response"": ""Lead"", ""roll"": 7, ""personal_year"": 1891, ""magnitude"": ""Minor"", ""tag"": ""Mixed""}",engine,2026-09-08 13:29:28
2524,,other,confederation,Baron Murray of Sydney names an heir,Season 136 · Baron Murray of Sydney names Ann Murray heir.,"{""season"": 136, ""heir_age"": 14, ""role"": ""heir""}",engine,2026-09-08 13:29:28
2525,,relational,late,Viscount Bhullar of Nanaimo and Earl Langelier de Charlevoix fall out,Season 137 · Viscount Bhullar of Nanaimo and Earl Langelier de Charlevoix fall out over the water rights of a shared river.,"{""season"": 137, ""marker"": ""Sig\u2212"", ""cause"": ""friction"", ""grievance"": ""the water rights of a shared river""}",engine,2026-09-08 13:29:28
2526,,relational,confederation,Viscount Marchand de Lac-Saint-Louis and Baron Turgeon de St.-Jerome fall out,Season 137 · Viscount Marchand de Lac-Saint-Louis and Baron Turgeon de St.-Jerome fall out over the patronage of a shared riding's offices.,"{""season"": 137, ""marker"": ""Sig\u2212"", ""cause"": ""friction"", ""grievance"": ""the patronage of a shared riding's offices""}",engine,2026-09-08 13:29:28
2527,,relational,confederation,Baron Rouleau de Chambly and Baron Turgeon de St.-Jerome fall out,Season 137 · Baron Rouleau de Chambly and Baron Turgeon de St.-Jerome fall out over the water rights of a shared river.,"{""season"": 137, ""marker"": ""Sig\u2212"", ""cause"": ""friction"", ""grievance"": ""the water rights of a shared river""}",engine,2026-09-08 13:29:28
2528,,relational,confederation,Viscount Stefaniuk of Emerson corresponds with Viscount Smoke of Barrie,Season 137 · Viscount Stefaniuk of Emerson opens a correspondence with Viscount Smoke of Barrie.,"{""season"": 137, ""marker"": ""\u25ce""}",engine,2026-09-08 13:29:28
2529,,succession,late,Viscount Benjamin of Bellechasse: disorderly succession,Season 137 · Viscount Benjamin of Bellechasse passes in disorder to Maurice Benjamin.,"{""season"": 137, ""nature"": ""disorderly"", ""cause"": ""death""}",engine,2026-09-08 13:29:28
2530,,transfer,confederation,Viscount Benjamin of Bellechasse loses Chicoutimi—Le Fjord,Season 137 · Viscount Benjamin of Bellechasse gives up Chicoutimi—Le Fjord (disorderly succession).,"{""season"": 137, ""reason"": ""disorderly succession"", ""riding"": ""Chicoutimi\u2014Le Fjord""}",engine,2026-09-08 13:29:28
2531,,relational,late,Marquis Mercier de Rimouski corresponds with Baron Dickson of Moncton,Season 137 · Marquis Mercier de Rimouski opens a correspondence with Baron Dickson of Moncton.,"{""season"": 137, ""marker"": ""+""}",engine,2026-09-08 13:29:28
2532,,societal,confederation,Death of Sir John A. Macdonald,Season 137 · Earl Bouchard de Terrebonne meets Death of Sir John A. Macdonald and resists.,"{""season"": 137, ""response"": ""Resist"", ""roll"": 2, ""personal_year"": 1891, ""magnitude"": ""Minor"", ""tag"": ""Mixed""}",engine,2026-09-08 13:29:28
2533,,relational,confederation,Marquis Hays of Beloeil and Earl Patterson of Kennebecasis form a compact,Season 137 · Marquis Hays of Beloeil and Earl Patterson of Kennebecasis enter into a compact.,"{""season"": 137, ""marker"": ""\u25c9+""}",engine,2026-09-08 13:29:28
2534,,societal,confederation,North-West Resistance,Season 137 · Marquis Meagher of Chatham meets North-West Resistance and exploits.,"{""season"": 137, ""response"": ""Exploit"", ""roll"": 4, ""personal_year"": 1885, ""magnitude"": ""Major"", ""tag"": ""Conservative""}",engine,2026-09-08 13:29:28
2535,,elevation,dominion,Marquis Patterson of Kennebecasis elevated,Season 137 · Earl Patterson of Kennebecasis is raised to Marquis.,"{""season"": 137, ""from"": ""Earl"", ""to"": ""Marquis""}",engine,2026-09-08 13:29:28
2536,,other,confederation,Earl Bird of Winnipeg endows an institution,Season 137 · Earl Bird of Winnipeg endows an institution.,"{""season"": 137}",engine,2026-09-08 13:29:28
2537,,other,dominion,Earl Hendrie of Brampton endows an institution,Season 137 · Earl Hendrie of Brampton endows an institution.,"{""season"": 137}",engine,2026-09-08 13:29:28
2538,,relational,dominion,Earl Pegahmagabow of Wawa and Baron Turgeon de St.-Jerome form a compact,Season 137 · Earl Pegahmagabow of Wawa and Baron Turgeon de St.-Jerome enter into a compact.,"{""season"": 137, ""marker"": ""\u25c9+""}",engine,2026-09-08 13:29:28
2539,,other,confederation,Earl Byrne of Cooksville names an heir,Season 137 · Earl Byrne of Cooksville names Rose Byrne heir.,"{""season"": 137, ""heir_age"": 23, ""role"": ""heir""}",engine,2026-09-08 13:29:28
2540,,relational,confederation,Viscount Marchand de Lac-Saint-Louis loses a dispute with Baron Turgeon de St.-Jerome,Season 137 · Viscount Marchand de Lac-Saint-Louis presses a claim against Baron Turgeon de St.-Jerome and is rebuffed.,"{""season"": 137, ""outcome"": ""lost""}",engine,2026-09-08 13:29:28
2541,,elevation,confederation,Viscount Skye of Belleville elevated,Season 137 · Baron Skye of Belleville is raised to Viscount.,"{""season"": 137, ""from"": ""Baron"", ""to"": ""Viscount""}",engine,2026-09-08 13:29:28
2542,,societal,dominion,Reciprocity Election,Season 137 · Viscount Dawes of Bourassa meets Reciprocity Election and resists.,"{""season"": 137, ""response"": ""Resist"", ""roll"": 3, ""personal_year"": 1911, ""magnitude"": ""Significant"", ""tag"": ""Conservative""}",engine,2026-09-08 13:29:28
2543,,expansion,dominion,Baron Wallace of Hespeler takes Hamilton Mountain,Season 137 · Baron Wallace of Hespeler takes Hamilton Mountain.,"{""season"": 137, ""riding"": ""Hamilton Mountain"", ""roll"": 9}",engine,2026-09-08 13:29:28
2544,,relational,late,Baron Turgeon de St.-Jerome reconciles with Viscount Benjamin of La Pointe-de-l'Île,Season 137 · Baron Turgeon de St.-Jerome makes peace with Viscount Benjamin of La Pointe-de-l'Île.,"{""season"": 137, ""marker"": ""~""}",engine,2026-09-08 13:29:28
2545,,relational,confederation,Earl Beauvais of Charles-LeMoyne and Earl Langelier de Charlevoix form a compact,Season 137 · Earl Beauvais of Charles-LeMoyne and Earl Langelier de Charlevoix enter into a compact.,"{""season"": 137, ""marker"": ""\u25c9+""}",engine,2026-09-08 13:29:28
2546,,other,confederation,Baron Dickson of Moncton names an heir,Season 137 · Baron Dickson of Moncton names Hector Dickson heir.,"{""season"": 137, ""heir_age"": 12, ""role"": ""heir""}",engine,2026-09-08 13:29:28
2547,,relational,dominion,Baron Uniacke of Bowmanville wins a dispute with Viscount Gillies of Aurora,Season 137 · Baron Uniacke of Bowmanville carries a dispute against Viscount Gillies of Aurora.,"{""season"": 137, ""outcome"": ""won"", ""marker"": ""~""}",engine,2026-09-08 13:29:28
2548,,societal,confederation,Jesuits' Estates Act Controversy,Season 137 · Baron Dyck of Calgary McKnight meets Jesuits' Estates Act Controversy and stands aside.,"{""season"": 137, ""response"": ""Neutral"", ""roll"": 1, ""personal_year"": 1888, ""magnitude"": ""Significant"", ""tag"": ""Conservative""}",engine,2026-09-08 13:29:28
2549,,relational,confederation,Baron Shawanaga of Waterloo and Baron Furlong of Émard are joined by marriage,"Season 137 · Solomon Shawanaga marries Cornelius Furlong, binding Baron Shawanaga of Waterloo to Baron Furlong of Émard.","{""season"": 137, ""marker"": ""kin""}",engine,2026-09-08 13:29:28
2550,,societal,confederation,Last Spike at Craigellachie,Season 137 · Baron Cogswell of Argentia meets Last Spike at Craigellachie and exploits.,"{""season"": 137, ""response"": ""Exploit"", ""roll"": 4, ""personal_year"": 1885, ""magnitude"": ""Significant"", ""tag"": ""Mixed""}",engine,2026-09-08 13:29:28
2551,,societal,confederation,Red River Resistance,Season 137 · Baron Murray of Sydney meets Red River Resistance and resists.,"{""season"": 137, ""response"": ""Resist"", ""roll"": 2, ""personal_year"": 1869, ""magnitude"": ""Major"", ""tag"": ""Mixed""}",engine,2026-09-08 13:29:28
2552,,relational,confederation,Earl Beauvais of Charles-LeMoyne and Baron Furlong of Émard fall out,Season 138 · Earl Beauvais of Charles-LeMoyne and Baron Furlong of Émard fall out over a slighted marriage between the two houses.,"{""season"": 138, ""marker"": ""Sig\u2212"", ""cause"": ""friction"", ""grievance"": ""a slighted marriage between the two houses""}",engine,2026-09-08 13:29:28
2553,,relational,confederation,Earl Bird of Winnipeg and Baron Cardinal of Steinbach fall out,Season 138 · Earl Bird of Winnipeg and Baron Cardinal of Steinbach fall out over a boundary the two houses read differently.,"{""season"": 138, ""marker"": ""Sig\u2212"", ""cause"": ""friction"", ""grievance"": ""a boundary the two houses read differently""}",engine,2026-09-08 13:29:28
2554,,relational,confederation,Earl Byrne of Cooksville and Marquis Rochon de Rosedale fall out,Season 138 · Earl Byrne of Cooksville and Marquis Rochon de Rosedale fall out over the water rights of a shared river.,"{""season"": 138, ""marker"": ""Sig\u2212"", ""cause"": ""friction"", ""grievance"": ""the water rights of a shared river""}",engine,2026-09-08 13:29:28
2555,,relational,confederation,Viscount Chapais de Saint-Hyacinthe and Baron Rouleau de Chambly fall out,Season 138 · Viscount Chapais de Saint-Hyacinthe and Baron Rouleau de Chambly fall out over a boundary the two houses read differently.,"{""season"": 138, ""marker"": ""Sig\u2212"", ""cause"": ""friction"", ""grievance"": ""a boundary the two houses read differently""}",engine,2026-09-08 13:29:28
2556,,relational,confederation,Viscount Elliott of Glengarry corresponds with Earl Bouchard de Terrebonne,Season 138 · Viscount Elliott of Glengarry opens a correspondence with Earl Bouchard de Terrebonne.,"{""season"": 138, ""marker"": ""+""}",engine,2026-09-08 13:29:28
2557,,relational,confederation,Viscount Stefaniuk of Emerson wins a dispute with Earl Pegahmagabow of Wawa,Season 138 · Viscount Stefaniuk of Emerson carries a dispute against Earl Pegahmagabow of Wawa.,"{""season"": 138, ""outcome"": ""won"", ""marker"": ""~""}",engine,2026-09-08 13:29:28
2558,,elevation,confederation,Earl Benjamin of Bellechasse elevated,Season 138 · Viscount Benjamin of Bellechasse is raised to Earl.,"{""season"": 138, ""from"": ""Viscount"", ""to"": ""Earl""}",engine,2026-09-08 13:29:28
2559,,societal,late,Founding of the CCF,Season 138 · Marquis Mercier de Rimouski meets Founding of the CCF and exploits.,"{""season"": 138, ""response"": ""Exploit"", ""roll"": 4, ""personal_year"": 1932, ""magnitude"": ""Major"", ""tag"": ""Progressive""}",engine,2026-09-08 13:29:28
2560,,relational,confederation,Earl Cornwall of Steveston corresponds with Baron Dyck of Calgary McKnight,Season 138 · Earl Cornwall of Steveston opens a correspondence with Baron Dyck of Calgary McKnight.,"{""season"": 138, ""marker"": ""+""}",engine,2026-09-08 13:29:28
2561,,relational,confederation,Marquis Rochon de Rosedale corresponds with Baron Uniacke of Bowmanville,Season 138 · Marquis Rochon de Rosedale opens a correspondence with Baron Uniacke of Bowmanville.,"{""season"": 138, ""marker"": ""\u25ce""}",engine,2026-09-08 13:29:28
2562,,relational,confederation,Earl Bird of Winnipeg reconciles with Viscount Stefaniuk of Emerson,Season 138 · Earl Bird of Winnipeg makes peace with Viscount Stefaniuk of Emerson.,"{""season"": 138, ""marker"": ""~""}",engine,2026-09-08 13:29:28
2563,,relational,confederation,Viscount Rouleau de LaSalle corresponds with Viscount Wallace of Perth,Season 138 · Viscount Rouleau de LaSalle opens a correspondence with Viscount Wallace of Perth.,"{""season"": 138, ""marker"": ""\u25ce""}",engine,2026-09-08 13:29:28
2564,,societal,dominion,The Persons Case,Season 138 · Earl Hendrie of Brampton meets The Persons Case and exploits.,"{""season"": 138, ""response"": ""Exploit"", ""roll"": 4, ""personal_year"": 1929, ""magnitude"": ""Significant"", ""tag"": ""Progressive""}",engine,2026-09-08 13:29:28
2565,,societal,dominion,Alaska Boundary Award,Season 138 · Earl Pegahmagabow of Wawa meets Alaska Boundary Award and resists.,"{""season"": 138, ""response"": ""Resist"", ""roll"": 3, ""personal_year"": 1903, ""magnitude"": ""Minor"", ""tag"": ""Mixed""}",engine,2026-09-08 13:29:28
2566,,relational,confederation,Earl Byrne of Cooksville and Viscount Marchand de Lac-Saint-Louis are joined by marriage,"Season 138 · Rose Byrne marries Cyrille Marchand, binding Earl Byrne of Cooksville to Viscount Marchand de Lac-Saint-Louis.","{""season"": 138, ""marker"": ""kin""}",engine,2026-09-08 13:29:28
2567,,societal,late,Founding of the CCF,Season 138 · Baron Meagher of Windsor meets Founding of the CCF and resists.,"{""season"": 138, ""response"": ""Resist"", ""roll"": 2, ""personal_year"": 1932, ""magnitude"": ""Major"", ""tag"": ""Progressive""}",engine,2026-09-08 13:29:28
2568,,relational,confederation,Viscount Marchand de Lac-Saint-Louis wins a dispute with Baron Turgeon de St.-Jerome,Season 138 · Viscount Marchand de Lac-Saint-Louis carries a dispute against Baron Turgeon de St.-Jerome.,"{""season"": 138, ""outcome"": ""won"", ""marker"": ""~""}",engine,2026-09-08 13:29:28
2569,,relational,confederation,Viscount Skye of Belleville corresponds with Baron Jarvis of Spadina,Season 138 · Viscount Skye of Belleville opens a correspondence with Baron Jarvis of Spadina.,"{""season"": 138, ""marker"": ""+""}",engine,2026-09-08 13:29:28
2570,,relational,confederation,Viscount Proulx de Cumberland corresponds with Baron Wallace of Hespeler,Season 138 · Viscount Proulx de Cumberland opens a correspondence with Baron Wallace of Hespeler.,"{""season"": 138, ""marker"": ""+""}",engine,2026-09-08 13:29:28
2571,,societal,dominion,The Persons Case,Season 138 · Viscount Worts of Milton meets The Persons Case and exploits.,"{""season"": 138, ""response"": ""Exploit"", ""roll"": 4, ""personal_year"": 1929, ""magnitude"": ""Significant"", ""tag"": ""Progressive""}",engine,2026-09-08 13:29:28
2572,,societal,dominion,Prairie Women's Suffrage,Season 138 · Baron Lucas of Oakville meets Prairie Women's Suffrage and exploits.,"{""season"": 138, ""response"": ""Exploit"", ""roll"": 5, ""personal_year"": 1916, ""magnitude"": ""Significant"", ""tag"": ""Progressive""}",engine,2026-09-08 13:29:28
2573,,societal,dominion,Regulation 17,Season 138 · Viscount Dawes of Bourassa meets Regulation 17 and leads.,"{""season"": 138, ""response"": ""Lead"", ""roll"": 6, ""personal_year"": 1912, ""magnitude"": ""Major"", ""tag"": ""Conservative""}",engine,2026-09-08 13:29:28
2574,,relational,dominion,Viscount Dawes of Bourassa wins a dispute with Baron Rouleau de Chambly,Season 138 · Viscount Dawes of Bourassa carries a dispute against Baron Rouleau de Chambly.,"{""season"": 138, ""outcome"": ""won"", ""marker"": ""~""}",engine,2026-09-08 13:29:28
2575,,societal,dominion,The Persons Case,Season 138 · Baron Wallace of Hespeler meets The Persons Case and exploits.,"{""season"": 138, ""response"": ""Exploit"", ""roll"": 5, ""personal_year"": 1929, ""magnitude"": ""Significant"", ""tag"": ""Progressive""}",engine,2026-09-08 13:29:28
2576,,societal,dominion,Prairie Women's Suffrage,Season 138 · Viscount Gillies of Aurora meets Prairie Women's Suffrage and leads.,"{""season"": 138, ""response"": ""Lead"", ""roll"": 7, ""personal_year"": 1916, ""magnitude"": ""Significant"", ""tag"": ""Progressive""}",engine,2026-09-08 13:29:28
2577,,societal,dominion,Naval Service Act,Season 138 · Baron Furlong of Émard meets Naval Service Act and exploits.,"{""season"": 138, ""response"": ""Exploit"", ""roll"": 5, ""personal_year"": 1910, ""magnitude"": ""Significant"", ""tag"": ""Mixed""}",engine,2026-09-08 13:29:28
2578,,societal,confederation,Laurier Elected,Season 138 · Earl Beauvais of Charles-LeMoyne meets Laurier Elected and resists.,"{""season"": 138, ""response"": ""Resist"", ""roll"": 2, ""personal_year"": 1896, ""magnitude"": ""Significant"", ""tag"": ""Progressive""}",engine,2026-09-08 13:29:28
2579,,societal,dominion,Prairie Women's Suffrage,Season 138 · Viscount Smoke of Barrie meets Prairie Women's Suffrage and resists.,"{""season"": 138, ""response"": ""Resist"", ""roll"": 3, ""personal_year"": 1916, ""magnitude"": ""Significant"", ""tag"": ""Progressive""}",engine,2026-09-08 13:29:28
2580,,relational,dominion,Viscount Smoke of Barrie corresponds with Viscount Stefaniuk of Emerson,Season 138 · Viscount Smoke of Barrie opens a correspondence with Viscount Stefaniuk of Emerson.,"{""season"": 138, ""marker"": ""+""}",engine,2026-09-08 13:29:28
2581,,societal,late,Founding of the CCF,Season 138 · Viscount Benjamin of La Pointe-de-l'Île meets Founding of the CCF and exploits.,"{""season"": 138, ""response"": ""Exploit"", ""roll"": 5, ""personal_year"": 1932, ""magnitude"": ""Major"", ""tag"": ""Progressive""}",engine,2026-09-08 13:29:28
2582,,relational,late,Viscount Benjamin of La Pointe-de-l'Île loses a dispute with Earl Bouchard de Terrebonne,Season 138 · Viscount Benjamin of La Pointe-de-l'Île presses a claim against Earl Bouchard de Terrebonne and is rebuffed.,"{""season"": 138, ""outcome"": ""lost""}",engine,2026-09-08 13:29:28
2583,,societal,dominion,Regulation 17,Season 138 · Baron Rouleau de Chambly meets Regulation 17 and stands aside.,"{""season"": 138, ""response"": ""Neutral"", ""roll"": 0, ""personal_year"": 1912, ""magnitude"": ""Major"", ""tag"": ""Conservative""}",engine,2026-09-08 13:29:28
2584,,relational,dominion,Baron Rouleau de Chambly wins a dispute with Viscount Chapais de Saint-Hyacinthe,Season 138 · Baron Rouleau de Chambly carries a dispute against Viscount Chapais de Saint-Hyacinthe.,"{""season"": 138, ""outcome"": ""won"", ""marker"": ""~""}",engine,2026-09-08 13:29:28
2585,,societal,dominion,Prairie Women's Suffrage,Season 138 · Baron Uniacke of Bowmanville meets Prairie Women's Suffrage and exploits.,"{""season"": 138, ""response"": ""Exploit"", ""roll"": 5, ""personal_year"": 1916, ""magnitude"": ""Significant"", ""tag"": ""Progressive""}",engine,2026-09-08 13:29:28
2586,,societal,confederation,Canadian Pacific Railway Chartered,Season 138 · Baron Jarvis of Spadina meets Canadian Pacific Railway Chartered and resists.,"{""season"": 138, ""response"": ""Resist"", ""roll"": 2, ""personal_year"": 1881, ""magnitude"": ""Significant"", ""tag"": ""Mixed""}",engine,2026-09-08 13:29:28
2587,,societal,dominion,Naval Service Act,Season 138 · Baron Shawanaga of Waterloo meets Naval Service Act and exploits.,"{""season"": 138, ""response"": ""Exploit"", ""roll"": 5, ""personal_year"": 1910, ""magnitude"": ""Significant"", ""tag"": ""Mixed""}",engine,2026-09-08 13:29:28
2588,,societal,confederation,Canadian Pacific Railway Chartered,Season 138 · Baron Elliott of Mistassini meets Canadian Pacific Railway Chartered and leads.,"{""season"": 138, ""response"": ""Lead"", ""roll"": 7, ""personal_year"": 1881, ""magnitude"": ""Significant"", ""tag"": ""Mixed""}",engine,2026-09-08 13:29:28
2589,,societal,confederation,Confederation Extension (Manitoba Act),Season 138 · Baron Murray of Sydney meets Confederation Extension (Manitoba Act) and resists.,"{""season"": 138, ""response"": ""Resist"", ""roll"": 3, ""personal_year"": 1870, ""magnitude"": ""Major"", ""tag"": ""Mixed""}",engine,2026-09-08 13:29:28
2590,,relational,dominion,Viscount Cameron of Cornwall and Viscount Gillies of Aurora fall out,Season 139 · Viscount Cameron of Cornwall and Viscount Gillies of Aurora fall out over a slighted marriage between the two houses.,"{""season"": 139, ""marker"": ""Sig\u2212"", ""cause"": ""friction"", ""grievance"": ""a slighted marriage between the two houses""}",engine,2026-09-08 13:29:28
2591,,relational,confederation,Baron Cardinal of Steinbach and Viscount Stefaniuk of Emerson fall out,Season 139 · Baron Cardinal of Steinbach and Viscount Stefaniuk of Emerson fall out over a slighted marriage between the two houses.,"{""season"": 139, ""marker"": ""Sig\u2212"", ""cause"": ""friction"", ""grievance"": ""a slighted marriage between the two houses""}",engine,2026-09-08 13:29:28
2592,,relational,dominion,Viscount Gillies of Aurora and Marquis Meagher of Chatham fall out,Season 139 · Viscount Gillies of Aurora and Marquis Meagher of Chatham fall out over the water rights of a shared river.,"{""season"": 139, ""marker"": ""Sig\u2212"", ""cause"": ""friction"", ""grievance"": ""the water rights of a shared river""}",engine,2026-09-08 13:29:28
2593,,relational,confederation,Viscount Rouleau de LaSalle and Baron Turgeon de St.-Jerome fall out,Season 139 · Viscount Rouleau de LaSalle and Baron Turgeon de St.-Jerome fall out over the patronage of a shared riding's offices.,"{""season"": 139, ""marker"": ""Sig\u2212"", ""cause"": ""friction"", ""grievance"": ""the patronage of a shared riding's offices""}",engine,2026-09-08 13:29:28
2594,,societal,dominion,Conscription Crisis,Season 139 · Viscount Wallace of Perth meets Conscription Crisis and stands aside.,"{""season"": 139, ""response"": ""Neutral"", ""roll"": 1, ""personal_year"": 1917, ""magnitude"": ""Major"", ""tag"": ""Mixed""}",engine,2026-09-08 13:29:28
2595,,expansion,dominion,Viscount Wallace of Perth takes Elgin—St. Thomas—London South,Season 139 · Viscount Wallace of Perth takes Elgin—St. Thomas—London South.,"{""season"": 139, ""riding"": ""Elgin\u2014St. Thomas\u2014London South"", ""roll"": 9}",engine,2026-09-08 13:29:28
2596,,relational,dominion,Viscount Stefaniuk of Emerson loses a dispute with Baron Cardinal of Steinbach,Season 139 · Viscount Stefaniuk of Emerson presses a claim against Baron Cardinal of Steinbach and is rebuffed.,"{""season"": 139, ""outcome"": ""lost""}",engine,2026-09-08 13:29:28
2597,,relational,late,Marquis Mercier de Rimouski and Baron Hoover of Simcoe form a compact,Season 139 · Marquis Mercier de Rimouski and Baron Hoover of Simcoe enter into a compact.,"{""season"": 139, ""marker"": ""\u25c9+""}",engine,2026-09-08 13:29:28
2598,,relational,confederation,Earl Bouchard de Terrebonne loses a dispute with Viscount Benjamin of La Pointe-de-l'Île,Season 139 · Earl Bouchard de Terrebonne presses a claim against Viscount Benjamin of La Pointe-de-l'Île and is rebuffed.,"{""season"": 139, ""outcome"": ""lost""}",engine,2026-09-08 13:29:28
2599,,relational,confederation,Marquis Hays of Beloeil corresponds with Baron Cardinal of Steinbach,Season 139 · Marquis Hays of Beloeil opens a correspondence with Baron Cardinal of Steinbach.,"{""season"": 139, ""marker"": ""\u25c9+""}",engine,2026-09-08 13:29:28
2600,,relational,confederation,Viscount McLellan of Belfast corresponds with Earl Beauvais of Charles-LeMoyne,Season 139 · Viscount McLellan of Belfast opens a correspondence with Earl Beauvais of Charles-LeMoyne.,"{""season"": 139, ""marker"": ""\u25ce""}",engine,2026-09-08 13:29:28
2601,,relational,confederation,Earl Langelier de Charlevoix corresponds with Baron Shawanaga of Waterloo,Season 139 · Earl Langelier de Charlevoix opens a correspondence with Baron Shawanaga of Waterloo.,"{""season"": 139, ""marker"": ""+""}",engine,2026-09-08 13:29:28
2602,,relational,confederation,Baron Hoover of Simcoe corresponds with Viscount Benjamin of La Pointe-de-l'Île,Season 139 · Baron Hoover of Simcoe opens a correspondence with Viscount Benjamin of La Pointe-de-l'Île.,"{""season"": 139, ""marker"": ""\u25ce""}",engine,2026-09-08 13:29:28
2603,,succession,confederation,Marquis Rochon de Rosedale: disorderly succession,Season 139 · Marquis Rochon de Rosedale passes in disorder to Jean-Baptiste Rochon.,"{""season"": 139, ""nature"": ""disorderly"", ""cause"": ""death""}",engine,2026-09-08 13:29:28
2604,,relational,dominion,Marquis Patterson of Kennebecasis corresponds with Baron Murray of Sydney,Season 139 · Marquis Patterson of Kennebecasis opens a correspondence with Baron Murray of Sydney.,"{""season"": 139, ""marker"": ""\u25ce""}",engine,2026-09-08 13:29:28
2605,,societal,dominion,Conscription Crisis,Season 139 · Viscount Cameron of Cornwall meets Conscription Crisis and leads.,"{""season"": 139, ""response"": ""Lead"", ""roll"": 6, ""personal_year"": 1917, ""magnitude"": ""Major"", ""tag"": ""Mixed""}",engine,2026-09-08 13:29:28
2606,,other,confederation,Earl Bird of Winnipeg names an heir,Season 139 · Earl Bird of Winnipeg names Rachel Bird heir.,"{""season"": 139, ""heir_age"": 19, ""role"": ""heir""}",engine,2026-09-08 13:29:28
2607,,other,confederation,Viscount Rouleau de LaSalle names an heir,Season 139 · Viscount Rouleau de LaSalle names Alphonsine Rouleau heir.,"{""season"": 139, ""heir_age"": 22, ""role"": ""heir""}",engine,2026-09-08 13:29:28
2608,,societal,late,The Long Contraction,Season 139 · Earl Hendrie of Brampton meets The Long Contraction and stands aside.,"{""season"": 139, ""response"": ""Neutral"", ""roll"": 1, ""personal_year"": 1930, ""magnitude"": ""Major"", ""tag"": ""Conservative""}",engine,2026-09-08 13:29:28
2609,,relational,late,Viscount Bhullar of Nanaimo wins a dispute with Earl Langelier de Charlevoix,Season 139 · Viscount Bhullar of Nanaimo carries a dispute against Earl Langelier de Charlevoix.,"{""season"": 139, ""outcome"": ""won"", ""marker"": ""~""}",engine,2026-09-08 13:29:28
2610,,societal,late,The Long Contraction,Season 139 · Viscount Worts of Milton meets The Long Contraction and resists.,"{""season"": 139, ""response"": ""Resist"", ""roll"": 3, ""personal_year"": 1930, ""magnitude"": ""Major"", ""tag"": ""Conservative""}",engine,2026-09-08 13:29:28
2611,,societal,dominion,Conscription Crisis,Season 139 · Baron Lucas of Oakville meets Conscription Crisis and exploits.,"{""season"": 139, ""response"": ""Exploit"", ""roll"": 4, ""personal_year"": 1917, ""magnitude"": ""Major"", ""tag"": ""Mixed""}",engine,2026-09-08 13:29:28
2612,,relational,dominion,Viscount Dawes of Bourassa reconciles with Earl Beauvais of Charles-LeMoyne,Season 139 · Viscount Dawes of Bourassa makes peace with Earl Beauvais of Charles-LeMoyne.,"{""season"": 139, ""marker"": ""~""}",engine,2026-09-08 13:29:28
2613,,societal,late,The Long Contraction,Season 139 · Baron Wallace of Hespeler meets The Long Contraction and stands aside.,"{""season"": 139, ""response"": ""Neutral"", ""roll"": 1, ""personal_year"": 1930, ""magnitude"": ""Major"", ""tag"": ""Conservative""}",engine,2026-09-08 13:29:28
2614,,societal,dominion,Halifax Explosion,Season 139 · Viscount Gillies of Aurora meets Halifax Explosion and resists.,"{""season"": 139, ""response"": ""Resist"", ""roll"": 3, ""personal_year"": 1917, ""magnitude"": ""Major"", ""tag"": ""Mixed""}",engine,2026-09-08 13:29:28
2615,,transfer,dominion,Viscount Gillies of Aurora loses Simcoe North,Season 139 · Viscount Gillies of Aurora gives up Simcoe North (cession).,"{""season"": 139, ""reason"": ""cession"", ""riding"": ""Simcoe North""}",engine,2026-09-08 13:29:28
2616,,relational,dominion,Viscount Gillies of Aurora settles with Viscount Cameron of Cornwall,Season 139 · Viscount Gillies of Aurora settles its grievance with Viscount Cameron of Cornwall by cession.,"{""season"": 139, ""marker"": ""~"", ""ceded"": ""35099""}",engine,2026-09-08 13:29:28
2617,,societal,dominion,Reciprocity Election,Season 139 · Baron Furlong of Émard meets Reciprocity Election and resists.,"{""season"": 139, ""response"": ""Resist"", ""roll"": 2, ""personal_year"": 1911, ""magnitude"": ""Significant"", ""tag"": ""Conservative""}",engine,2026-09-08 13:29:28
2618,,relational,dominion,Baron Furlong of Émard wins a dispute with Earl Beauvais of Charles-LeMoyne,Season 139 · Baron Furlong of Émard carries a dispute against Earl Beauvais of Charles-LeMoyne.,"{""season"": 139, ""outcome"": ""won"", ""marker"": ""~""}",engine,2026-09-08 13:29:28
2619,,societal,dominion,Reciprocity Election,Season 139 · Earl Beauvais of Charles-LeMoyne meets Reciprocity Election and exploits.,"{""season"": 139, ""response"": ""Exploit"", ""roll"": 5, ""personal_year"": 1911, ""magnitude"": ""Significant"", ""tag"": ""Conservative""}",engine,2026-09-08 13:29:28
2620,,transfer,dominion,Earl Beauvais of Charles-LeMoyne loses Saint-Jean,Season 139 · Earl Beauvais of Charles-LeMoyne gives up Saint-Jean (cession).,"{""season"": 139, ""reason"": ""cession"", ""riding"": ""Saint-Jean""}",engine,2026-09-08 13:29:28
2621,,relational,dominion,Earl Beauvais of Charles-LeMoyne settles with Viscount Rouleau de LaSalle,Season 139 · Earl Beauvais of Charles-LeMoyne settles its grievance with Viscount Rouleau de LaSalle by cession.,"{""season"": 139, ""marker"": ""~"", ""ceded"": ""24067""}",engine,2026-09-08 13:29:28
2622,,societal,dominion,Conscription Crisis,Season 139 · Viscount Smoke of Barrie meets Conscription Crisis and leads.,"{""season"": 139, ""response"": ""Lead"", ""roll"": 6, ""personal_year"": 1917, ""magnitude"": ""Major"", ""tag"": ""Mixed""}",engine,2026-09-08 13:29:28
2623,,relational,dominion,Viscount Smoke of Barrie corresponds with Viscount Marchand de Lac-Saint-Louis,Season 139 · Viscount Smoke of Barrie opens a correspondence with Viscount Marchand de Lac-Saint-Louis.,"{""season"": 139, ""marker"": ""\u25ce""}",engine,2026-09-08 13:29:28
2624,,relational,confederation,Baron Dickson of Moncton corresponds with Baron Turgeon de St.-Jerome,Season 139 · Baron Dickson of Moncton opens a correspondence with Baron Turgeon de St.-Jerome.,"{""season"": 139, ""marker"": ""\u25ce""}",engine,2026-09-08 13:29:29
2625,,societal,confederation,Laurier Elected,Season 139 · Baron Langelier de Rosemont meets Laurier Elected and resists.,"{""season"": 139, ""response"": ""Resist"", ""roll"": 3, ""personal_year"": 1896, ""magnitude"": ""Significant"", ""tag"": ""Progressive""}",engine,2026-09-08 13:29:29
2626,,societal,confederation,Laurier Elected,Season 139 · Viscount Stefaniuk of North Battleford meets Laurier Elected and exploits.,"{""season"": 139, ""response"": ""Exploit"", ""roll"": 4, ""personal_year"": 1896, ""magnitude"": ""Significant"", ""tag"": ""Progressive""}",engine,2026-09-08 13:29:29
2627,,expansion,confederation,Viscount Stefaniuk of North Battleford takes Saskatoon South,Season 139 · Viscount Stefaniuk of North Battleford takes Saskatoon South.,"{""season"": 139, ""riding"": ""Saskatoon South"", ""roll"": 9}",engine,2026-09-08 13:29:29
2628,,societal,dominion,Conscription Crisis,Season 139 · Baron Uniacke of Bowmanville meets Conscription Crisis and leads.,"{""season"": 139, ""response"": ""Lead"", ""roll"": 6, ""personal_year"": 1917, ""magnitude"": ""Major"", ""tag"": ""Mixed""}",engine,2026-09-08 13:29:29
2629,,societal,confederation,Laurier Elected,Season 139 · Baron Stefaniuk of Regina meets Laurier Elected and exploits.,"{""season"": 139, ""response"": ""Exploit"", ""roll"": 4, ""personal_year"": 1896, ""magnitude"": ""Significant"", ""tag"": ""Progressive""}",engine,2026-09-08 13:29:29
2630,,societal,confederation,Manitoba Schools Question,Season 139 · Baron Dyck of Calgary McKnight meets Manitoba Schools Question and stands aside.,"{""season"": 139, ""response"": ""Neutral"", ""roll"": 0, ""personal_year"": 1890, ""magnitude"": ""Major"", ""tag"": ""Conservative""}",engine,2026-09-08 13:29:29
2631,,relational,confederation,Baron Dyck of Calgary McKnight corresponds with Viscount Stefaniuk of Emerson,Season 139 · Baron Dyck of Calgary McKnight opens a correspondence with Viscount Stefaniuk of Emerson.,"{""season"": 139, ""marker"": ""+""}",engine,2026-09-08 13:29:29
2632,,other,confederation,Baron Cornwall of Revelstoke endows an institution,Season 139 · Baron Cornwall of Revelstoke endows an institution.,"{""season"": 139}",engine,2026-09-08 13:29:29
2633,,societal,dominion,Reciprocity Election,Season 139 · Baron Shawanaga of Waterloo meets Reciprocity Election and resists.,"{""season"": 139, ""response"": ""Resist"", ""roll"": 2, ""personal_year"": 1911, ""magnitude"": ""Significant"", ""tag"": ""Conservative""}",engine,2026-09-08 13:29:29
2634,,societal,confederation,British Columbia Joins; Treaty 1 Signed,Season 139 · Baron Murray of Sydney meets British Columbia Joins; Treaty 1 Signed and exploits.,"{""season"": 139, ""response"": ""Exploit"", ""roll"": 4, ""personal_year"": 1871, ""magnitude"": ""Significant"", ""tag"": ""Mixed""}",engine,2026-09-08 13:29:29
2635,,relational,confederation,Baron Murray of Sydney corresponds with Marquis Patterson of Kennebecasis,Season 139 · Baron Murray of Sydney opens a correspondence with Marquis Patterson of Kennebecasis.,"{""season"": 139, ""marker"": ""+""}",engine,2026-09-08 13:29:29
2636,,relational,dominion,Viscount Chapais de Saint-Hyacinthe and Marquis Mercier de Rimouski fall out,Season 140 · Viscount Chapais de Saint-Hyacinthe and Marquis Mercier de Rimouski fall out over a church and school dispute in the border townships.,"{""season"": 140, ""marker"": ""Sig\u2212"", ""cause"": ""friction"", ""grievance"": ""a church and school dispute in the border townships""}",engine,2026-09-08 13:29:29
2637,,relational,confederation,Earl Gillies of Woburn and Marquis Rochon de Rosedale fall out,Season 140 · Earl Gillies of Woburn and Marquis Rochon de Rosedale fall out over a boundary the two houses read differently.,"{""season"": 140, ""marker"": ""Sig\u2212"", ""cause"": ""friction"", ""grievance"": ""a boundary the two houses read differently""}",engine,2026-09-08 13:29:29
2638,,relational,dominion,Viscount Smoke of Barrie and Viscount Worts of Milton fall out,Season 140 · Viscount Smoke of Barrie and Viscount Worts of Milton fall out over the water rights of a shared river.,"{""season"": 140, ""marker"": ""Sig\u2212"", ""cause"": ""friction"", ""grievance"": ""the water rights of a shared river""}",engine,2026-09-08 13:29:29
2639,,relational,dominion,Viscount Stefaniuk of Emerson and Viscount Stefaniuk of North Battleford fall out,Season 140 · Viscount Stefaniuk of Emerson and Viscount Stefaniuk of North Battleford fall out over a slighted marriage between the two houses.,"{""season"": 140, ""marker"": ""Sig\u2212"", ""cause"": ""friction"", ""grievance"": ""a slighted marriage between the two houses""}",engine,2026-09-08 13:29:29
2640,,relational,confederation,Viscount Stefaniuk of North Battleford and Baron Stefaniuk of Regina fall out,Season 140 · Viscount Stefaniuk of North Battleford and Baron Stefaniuk of Regina fall out over a church and school dispute in the border townships.,"{""season"": 140, ""marker"": ""Sig\u2212"", ""cause"": ""friction"", ""grievance"": ""a church and school dispute in the border townships""}",engine,2026-09-08 13:29:29
2641,,expansion,dominion,Viscount Wallace of Perth takes London West,Season 140 · Viscount Wallace of Perth takes London West.,"{""season"": 140, ""riding"": ""London West"", ""roll"": 8}",engine,2026-09-08 13:29:29
2642,,societal,dominion,Alberta and Saskatchewan Created,Season 140 · Viscount Stefaniuk of Emerson meets Alberta and Saskatchewan Created and exploits.,"{""season"": 140, ""response"": ""Exploit"", ""roll"": 4, ""personal_year"": 1905, ""magnitude"": ""Significant"", ""tag"": ""Progressive""}",engine,2026-09-08 13:29:29
2643,,relational,confederation,Marquis Hays of Beloeil corresponds with Baron Elliott of Mistassini,Season 140 · Marquis Hays of Beloeil opens a correspondence with Baron Elliott of Mistassini.,"{""season"": 140, ""marker"": ""\u25ce""}",engine,2026-09-08 13:29:29
2644,,societal,late,The Second World War,Season 140 · Earl Langelier de Charlevoix meets The Second World War and resists.,"{""season"": 140, ""response"": ""Resist"", ""roll"": 3, ""personal_year"": 1939, ""magnitude"": ""Major"", ""tag"": ""Global""}",engine,2026-09-08 13:29:29
2645,,relational,late,Earl Langelier de Charlevoix corresponds with Viscount Wallace of Perth,Season 140 · Earl Langelier de Charlevoix opens a correspondence with Viscount Wallace of Perth.,"{""season"": 140, ""marker"": ""\u25ce""}",engine,2026-09-08 13:29:29
2646,,societal,confederation,Jesuits' Estates Act Controversy,Season 140 · Marquis Meagher of Chatham meets Jesuits' Estates Act Controversy and resists.,"{""season"": 140, ""response"": ""Resist"", ""roll"": 3, ""personal_year"": 1888, ""magnitude"": ""Significant"", ""tag"": ""Conservative""}",engine,2026-09-08 13:29:29
2647,,relational,dominion,Viscount Cameron of Cornwall corresponds with Baron Langelier de Rosemont,Season 140 · Viscount Cameron of Cornwall opens a correspondence with Baron Langelier de Rosemont.,"{""season"": 140, ""marker"": ""+""}",engine,2026-09-08 13:29:29
2648,,societal,confederation,Last Spike at Craigellachie,Season 140 · Earl Bird of Winnipeg meets Last Spike at Craigellachie and stands aside.,"{""season"": 140, ""response"": ""Neutral"", ""roll"": 1, ""personal_year"": 1885, ""magnitude"": ""Significant"", ""tag"": ""Mixed""}",engine,2026-09-08 13:29:29
2649,,societal,confederation,Diamond Jubilee,Season 140 · Baron Cardinal of Steinbach meets Diamond Jubilee and resists.,"{""season"": 140, ""response"": ""Resist"", ""roll"": 3, ""personal_year"": 1897, ""magnitude"": ""Minor"", ""tag"": ""Conservative""}",engine,2026-09-08 13:29:29
2650,,relational,confederation,Baron Cardinal of Steinbach wins a dispute with Earl Bird of Winnipeg,Season 140 · Baron Cardinal of Steinbach carries a dispute against Earl Bird of Winnipeg.,"{""season"": 140, ""outcome"": ""won"", ""marker"": ""~""}",engine,2026-09-08 13:29:29
2651,,societal,late,The Second World War,Season 140 · Viscount Bhullar of Nanaimo meets The Second World War and resists.,"{""season"": 140, ""response"": ""Resist"", ""roll"": 2, ""personal_year"": 1939, ""magnitude"": ""Major"", ""tag"": ""Global""}",engine,2026-09-08 13:29:29
2652,,societal,dominion,Alberta and Saskatchewan Created,Season 140 · Earl Pegahmagabow of Wawa meets Alberta and Saskatchewan Created and leads.,"{""season"": 140, ""response"": ""Lead"", ""roll"": 6, ""personal_year"": 1905, ""magnitude"": ""Significant"", ""tag"": ""Progressive""}",engine,2026-09-08 13:29:29
2653,,relational,dominion,Earl Pegahmagabow of Wawa and Marquis Meagher of Chatham form a compact,Season 140 · Earl Pegahmagabow of Wawa and Marquis Meagher of Chatham enter into a compact.,"{""season"": 140, ""marker"": ""\u25c9+""}",engine,2026-09-08 13:29:29
2654,,societal,late,The Second World War,Season 140 · Viscount Marchand de Lac-Saint-Louis meets The Second World War and exploits.,"{""season"": 140, ""response"": ""Exploit"", ""roll"": 4, ""personal_year"": 1939, ""magnitude"": ""Major"", ""tag"": ""Global""}",engine,2026-09-08 13:29:29
2655,,relational,late,Viscount Marchand de Lac-Saint-Louis corresponds with Viscount Smoke of Barrie,Season 140 · Viscount Marchand de Lac-Saint-Louis opens a correspondence with Viscount Smoke of Barrie.,"{""season"": 140, ""marker"": ""+""}",engine,2026-09-08 13:29:29
2656,,other,confederation,Viscount Skye of Belleville names an heir,Season 140 · Viscount Skye of Belleville names Aaron Skye heir.,"{""season"": 140, ""heir_age"": 6, ""role"": ""heir""}",engine,2026-09-08 13:29:29
2657,,relational,late,Viscount Worts of Milton corresponds with Baron Furlong of Émard,Season 140 · Viscount Worts of Milton opens a correspondence with Baron Furlong of Émard.,"{""season"": 140, ""marker"": ""\u25c9+""}",engine,2026-09-08 13:29:29
2658,,societal,late,The Second World War,Season 140 · Viscount Colby of Trois-Rivières meets The Second World War and resists.,"{""season"": 140, ""response"": ""Resist"", ""roll"": 3, ""personal_year"": 1939, ""magnitude"": ""Major"", ""tag"": ""Global""}",engine,2026-09-08 13:29:29
2659,,relational,confederation,Earl Gillies of Woburn corresponds with Baron Shawanaga of Waterloo,Season 140 · Earl Gillies of Woburn opens a correspondence with Baron Shawanaga of Waterloo.,"{""season"": 140, ""marker"": ""+""}",engine,2026-09-08 13:29:29
2660,,societal,dominion,Spanish Influenza,Season 140 · Baron Lucas of Oakville meets Spanish Influenza and stands aside.,"{""season"": 140, ""response"": ""Neutral"", ""roll"": 1, ""personal_year"": 1918, ""magnitude"": ""Significant"", ""tag"": ""Global""}",engine,2026-09-08 13:29:29
2661,,other,dominion,Baron Lucas of Oakville endows an institution,Season 140 · Baron Lucas of Oakville endows an institution.,"{""season"": 140}",engine,2026-09-08 13:29:29
2662,,societal,dominion,Komagata Maru,Season 140 · Viscount Dawes of Bourassa meets Komagata Maru and exploits.,"{""season"": 140, ""response"": ""Exploit"", ""roll"": 5, ""personal_year"": 1914, ""magnitude"": ""Major"", ""tag"": ""Conservative""}",engine,2026-09-08 13:29:29
2663,,expansion,dominion,Viscount Dawes of Bourassa takes Sherbrooke,Season 140 · Viscount Dawes of Bourassa takes Sherbrooke.,"{""season"": 140, ""riding"": ""Sherbrooke"", ""roll"": 7}",engine,2026-09-08 13:29:29
2664,,societal,late,The Second World War,Season 140 · Baron Turgeon de St.-Jerome meets The Second World War and stands aside.,"{""season"": 140, ""response"": ""Neutral"", ""roll"": 1, ""personal_year"": 1939, ""magnitude"": ""Major"", ""tag"": ""Global""}",engine,2026-09-08 13:29:29
2665,,relational,late,Baron Turgeon de St.-Jerome loses a dispute with Viscount Rouleau de LaSalle,Season 140 · Baron Turgeon de St.-Jerome presses a claim against Viscount Rouleau de LaSalle and is rebuffed.,"{""season"": 140, ""outcome"": ""lost""}",engine,2026-09-08 13:29:29
2666,,societal,dominion,Spanish Influenza,Season 140 · Viscount Gillies of Aurora meets Spanish Influenza and exploits.,"{""season"": 140, ""response"": ""Exploit"", ""roll"": 4, ""personal_year"": 1918, ""magnitude"": ""Significant"", ""tag"": ""Global""}",engine,2026-09-08 13:29:29
2667,,societal,dominion,Regulation 17,Season 140 · Baron Furlong of Émard meets Regulation 17 and exploits.,"{""season"": 140, ""response"": ""Exploit"", ""roll"": 5, ""personal_year"": 1912, ""magnitude"": ""Major"", ""tag"": ""Conservative""}",engine,2026-09-08 13:29:29
2668,,transfer,dominion,Baron Furlong of Émard buys Laurier—Sainte-Marie from Marquis Hays of Beloeil,Season 140 · Baron Furlong of Émard buys Laurier—Sainte-Marie from Marquis Hays of Beloeil.,"{""season"": 140, ""riding"": ""Laurier\u2014Sainte-Marie"", ""price"": 40}",engine,2026-09-08 13:29:29
2669,,societal,dominion,Regulation 17,Season 140 · Earl Beauvais of Charles-LeMoyne meets Regulation 17 and stands aside.,"{""season"": 140, ""response"": ""Neutral"", ""roll"": 0, ""personal_year"": 1912, ""magnitude"": ""Major"", ""tag"": ""Conservative""}",engine,2026-09-08 13:29:29
2670,,societal,dominion,Spanish Influenza,Season 140 · Viscount Smoke of Barrie meets Spanish Influenza and leads.,"{""season"": 140, ""response"": ""Lead"", ""roll"": 6, ""personal_year"": 1918, ""magnitude"": ""Significant"", ""tag"": ""Global""}",engine,2026-09-08 13:29:29
2671,,succession,dominion,Viscount Smoke of Barrie: clean succession,Season 140 · Mary Smoke succeeds to Viscount Smoke of Barrie.,"{""season"": 140, ""nature"": ""clean"", ""cause"": ""death""}",engine,2026-09-08 13:29:29
2672,,relational,late,Viscount Benjamin of La Pointe-de-l'Île wins a dispute with Earl Bouchard de Terrebonne,Season 140 · Viscount Benjamin of La Pointe-de-l'Île carries a dispute against Earl Bouchard de Terrebonne.,"{""season"": 140, ""outcome"": ""won"", ""marker"": ""~""}",engine,2026-09-08 13:29:29
2673,,societal,dominion,Komagata Maru,Season 140 · Viscount Chapais de Saint-Hyacinthe meets Komagata Maru and leads.,"{""season"": 140, ""response"": ""Lead"", ""roll"": 6, ""personal_year"": 1914, ""magnitude"": ""Major"", ""tag"": ""Conservative""}",engine,2026-09-08 13:29:29
2674,,societal,dominion,The Great War,Season 140 · Baron Rouleau de Chambly meets The Great War and resists.,"{""season"": 140, ""response"": ""Resist"", ""roll"": 3, ""personal_year"": 1914, ""magnitude"": ""Major"", ""tag"": ""Global""}",engine,2026-09-08 13:29:29
2675,,societal,confederation,Diamond Jubilee,Season 140 · Baron Langelier de Rosemont meets Diamond Jubilee and leads.,"{""season"": 140, ""response"": ""Lead"", ""roll"": 6, ""personal_year"": 1897, ""magnitude"": ""Minor"", ""tag"": ""Conservative""}",engine,2026-09-08 13:29:29
2676,,societal,confederation,Klondike Gold Rush,Season 140 · Viscount Stefaniuk of North Battleford meets Klondike Gold Rush and resists.,"{""season"": 140, ""response"": ""Resist"", ""roll"": 2, ""personal_year"": 1897, ""magnitude"": ""Significant"", ""tag"": ""Mixed""}",engine,2026-09-08 13:29:29
2677,,relational,confederation,Viscount Stefaniuk of North Battleford corresponds with Earl Cornwall of Steveston,Season 140 · Viscount Stefaniuk of North Battleford opens a correspondence with Earl Cornwall of Steveston.,"{""season"": 140, ""marker"": ""+""}",engine,2026-09-08 13:29:29
2678,,societal,dominion,Spanish Influenza,Season 140 · Baron Uniacke of Bowmanville meets Spanish Influenza and exploits.,"{""season"": 140, ""response"": ""Exploit"", ""roll"": 4, ""personal_year"": 1918, ""magnitude"": ""Significant"", ""tag"": ""Global""}",engine,2026-09-08 13:29:29
2679,,transfer,dominion,Baron Uniacke of Bowmanville buys Hastings—Lennox and Addington—Tyendinaga from Viscount Skye of Belleville,Season 140 · Baron Uniacke of Bowmanville buys Hastings—Lennox and Addington—Tyendinaga from Viscount Skye of Belleville.,"{""season"": 140, ""riding"": ""Hastings\u2014Lennox and Addington\u2014Tyendinaga"", ""price"": 40}",engine,2026-09-08 13:29:29
2680,,societal,confederation,CPR Strike,Season 140 · Baron Jarvis of Spadina meets CPR Strike and exploits.,"{""season"": 140, ""response"": ""Exploit"", ""roll"": 5, ""personal_year"": 1883, ""magnitude"": ""Significant"", ""tag"": ""Mixed""}",engine,2026-09-08 13:29:29
2681,,societal,confederation,Klondike Gold Rush,Season 140 · Baron Stefaniuk of Regina meets Klondike Gold Rush and resists.,"{""season"": 140, ""response"": ""Resist"", ""roll"": 3, ""personal_year"": 1897, ""magnitude"": ""Significant"", ""tag"": ""Mixed""}",engine,2026-09-08 13:29:29
2682,,societal,confederation,Death of Sir John A. Macdonald,Season 140 · Baron Dyck of Calgary McKnight meets Death of Sir John A. Macdonald and resists.,"{""season"": 140, ""response"": ""Resist"", ""roll"": 2, ""personal_year"": 1891, ""magnitude"": ""Minor"", ""tag"": ""Mixed""}",engine,2026-09-08 13:29:29
2683,,societal,dominion,Regulation 17,Season 140 · Baron Shawanaga of Waterloo meets Regulation 17 and exploits.,"{""season"": 140, ""response"": ""Exploit"", ""roll"": 5, ""personal_year"": 1912, ""magnitude"": ""Major"", ""tag"": ""Conservative""}",engine,2026-09-08 13:29:29
2684,,societal,confederation,Jesuits' Estates Act Controversy,Season 140 · Baron Cogswell of Argentia meets Jesuits' Estates Act Controversy and resists.,"{""season"": 140, ""response"": ""Resist"", ""roll"": 2, ""personal_year"": 1888, ""magnitude"": ""Significant"", ""tag"": ""Conservative""}",engine,2026-09-08 13:29:29
2685,,societal,confederation,CPR Strike,Season 140 · Baron Elliott of Mistassini meets CPR Strike and leads.,"{""season"": 140, ""response"": ""Lead"", ""roll"": 6, ""personal_year"": 1883, ""magnitude"": ""Significant"", ""tag"": ""Mixed""}",engine,2026-09-08 13:29:29
2686,,relational,dominion,Viscount Elliott of Glengarry corresponds with Viscount Stefaniuk of North Battleford,Season 141 · Viscount Elliott of Glengarry opens a correspondence with Viscount Stefaniuk of North Battleford.,"{""season"": 141, ""marker"": ""\u25ce""}",engine,2026-09-08 13:29:29
2687,,societal,dominion,Nickle Resolution Defeated,Season 141 · Viscount Wallace of Perth meets Nickle Resolution Defeated and resists.,"{""season"": 141, ""response"": ""Resist"", ""roll"": 3, ""personal_year"": 1919, ""magnitude"": ""Minor"", ""tag"": ""Mixed""}",engine,2026-09-08 13:29:29
2688,,societal,late,Bank of Canada Opens,Season 141 · Marquis Mercier de Rimouski meets Bank of Canada Opens and leads.,"{""season"": 141, ""response"": ""Lead"", ""roll"": 6, ""personal_year"": 1935, ""magnitude"": ""Minor"", ""tag"": ""Mixed""}",engine,2026-09-08 13:29:29
2689,,relational,late,Marquis Mercier de Rimouski loses a dispute with Viscount Chapais de Saint-Hyacinthe,Season 141 · Marquis Mercier de Rimouski presses a claim against Viscount Chapais de Saint-Hyacinthe and is rebuffed.,"{""season"": 141, ""outcome"": ""lost""}",engine,2026-09-08 13:29:29
2690,,societal,late,On-to-Ottawa Trek,Season 141 · Earl Bouchard de Terrebonne meets On-to-Ottawa Trek and leads.,"{""season"": 141, ""response"": ""Lead"", ""roll"": 6, ""personal_year"": 1935, ""magnitude"": ""Significant"", ""tag"": ""Progressive""}",engine,2026-09-08 13:29:29
2691,,societal,confederation,Chinese Immigration Act,Season 141 · Viscount McLellan of Belfast meets Chinese Immigration Act and stands aside.,"{""season"": 141, ""response"": ""Neutral"", ""roll"": 0, ""personal_year"": 1885, ""magnitude"": ""Significant"", ""tag"": ""Conservative""}",engine,2026-09-08 13:29:29
2692,,relational,confederation,Baron Hoover of Simcoe corresponds with Viscount Benjamin of La Pointe-de-l'Île,Season 141 · Baron Hoover of Simcoe opens a correspondence with Viscount Benjamin of La Pointe-de-l'Île.,"{""season"": 141, ""marker"": ""+""}",engine,2026-09-08 13:29:29
2693,,societal,dominion,Winnipeg General Strike,Season 141 · Viscount Cameron of Cornwall meets Winnipeg General Strike and resists.,"{""season"": 141, ""response"": ""Resist"", ""roll"": 3, ""personal_year"": 1919, ""magnitude"": ""Major"", ""tag"": ""Mixed""}",engine,2026-09-08 13:29:29
2694,,transfer,confederation,Baron Cardinal of Steinbach loses Brandon—Souris,Season 141 · Baron Cardinal of Steinbach gives up Brandon—Souris (cession).,"{""season"": 141, ""reason"": ""cession"", ""riding"": ""Brandon\u2014Souris""}",engine,2026-09-08 13:29:29
2695,,relational,confederation,Baron Cardinal of Steinbach settles with Viscount Stefaniuk of Emerson,Season 141 · Baron Cardinal of Steinbach settles its grievance with Viscount Stefaniuk of Emerson by cession.,"{""season"": 141, ""marker"": ""~"", ""ceded"": ""46001""}",engine,2026-09-08 13:29:29
2696,,societal,late,Founding of the CCF,Season 141 · Earl Hendrie of Brampton meets Founding of the CCF and exploits.,"{""season"": 141, ""response"": ""Exploit"", ""roll"": 5, ""personal_year"": 1932, ""magnitude"": ""Major"", ""tag"": ""Progressive""}",engine,2026-09-08 13:29:29
2697,,succession,dominion,Earl Pegahmagabow of Wawa: clean succession,Season 141 · Marguerite Pegahmagabow succeeds to Earl Pegahmagabow of Wawa.,"{""season"": 141, ""nature"": ""clean"", ""cause"": ""death""}",engine,2026-09-08 13:29:29
2698,,societal,late,Bank of Canada Opens,Season 141 · Baron Meagher of Windsor meets Bank of Canada Opens and leads.,"{""season"": 141, ""response"": ""Lead"", ""roll"": 6, ""personal_year"": 1935, ""magnitude"": ""Minor"", ""tag"": ""Mixed""}",engine,2026-09-08 13:29:29
2699,,relational,late,Viscount Marchand de Lac-Saint-Louis corresponds with Viscount Cameron of Cornwall,Season 141 · Viscount Marchand de Lac-Saint-Louis opens a correspondence with Viscount Cameron of Cornwall.,"{""season"": 141, ""marker"": ""+""}",engine,2026-09-08 13:29:29
2700,,societal,dominion,Winnipeg General Strike,Season 141 · Viscount Skye of Belleville meets Winnipeg General Strike and exploits.,"{""season"": 141, ""response"": ""Exploit"", ""roll"": 4, ""personal_year"": 1919, ""magnitude"": ""Major"", ""tag"": ""Mixed""}",engine,2026-09-08 13:29:29
2701,,societal,late,Founding of the CCF,Season 141 · Viscount Worts of Milton meets Founding of the CCF and exploits.,"{""season"": 141, ""response"": ""Exploit"", ""roll"": 4, ""personal_year"": 1932, ""magnitude"": ""Major"", ""tag"": ""Progressive""}",engine,2026-09-08 13:29:29
2702,,other,late,Viscount Colby of Trois-Rivières endows an institution,Season 141 · Viscount Colby of Trois-Rivières endows an institution.,"{""season"": 141}",engine,2026-09-08 13:29:29
2703,,transfer,confederation,Earl Gillies of Woburn loses Scarborough Southwest,Season 141 · Earl Gillies of Woburn gives up Scarborough Southwest (cession).,"{""season"": 141, ""reason"": ""cession"", ""riding"": ""Scarborough Southwest""}",engine,2026-09-08 13:29:29
2704,,relational,confederation,Earl Gillies of Woburn settles with Marquis Rochon de Rosedale,Season 141 · Earl Gillies of Woburn settles its grievance with Marquis Rochon de Rosedale by cession.,"{""season"": 141, ""marker"": ""~"", ""ceded"": ""35096""}",engine,2026-09-08 13:29:29
2705,,societal,dominion,Nickle Resolution Defeated,Season 141 · Baron Lucas of Oakville meets Nickle Resolution Defeated and leads.,"{""season"": 141, ""response"": ""Lead"", ""roll"": 6, ""personal_year"": 1919, ""magnitude"": ""Minor"", ""tag"": ""Mixed""}",engine,2026-09-08 13:29:29
2706,,societal,late,Founding of the CCF,Season 141 · Baron Wallace of Hespeler meets Founding of the CCF and exploits.,"{""season"": 141, ""response"": ""Exploit"", ""roll"": 5, ""personal_year"": 1932, ""magnitude"": ""Major"", ""tag"": ""Progressive""}",engine,2026-09-08 13:29:29
2707,,relational,late,Baron Wallace of Hespeler and Viscount Proulx de Cumberland form a compact,Season 141 · Baron Wallace of Hespeler and Viscount Proulx de Cumberland enter into a compact.,"{""season"": 141, ""marker"": ""\u25c9+""}",engine,2026-09-08 13:29:29
2708,,succession,late,Baron Turgeon de St.-Jerome: clean succession,Season 141 · Corinne Turgeon succeeds to Baron Turgeon de St.-Jerome.,"{""season"": 141, ""nature"": ""clean"", ""cause"": ""death""}",engine,2026-09-08 13:29:29
2709,,other,confederation,Baron Turgeon de St.-Jerome names an heir,Season 141 · Baron Turgeon de St.-Jerome names Anastasie Turgeon heir.,"{""season"": 141, ""heir_age"": 25, ""role"": ""heir""}",engine,2026-09-08 13:29:29
2710,,societal,dominion,Winnipeg General Strike,Season 141 · Viscount Gillies of Aurora meets Winnipeg General Strike and resists.,"{""season"": 141, ""response"": ""Resist"", ""roll"": 3, ""personal_year"": 1919, ""magnitude"": ""Major"", ""tag"": ""Mixed""}",engine,2026-09-08 13:29:29
2711,,relational,dominion,Viscount Gillies of Aurora corresponds with Viscount Stefaniuk of North Battleford,Season 141 · Viscount Gillies of Aurora opens a correspondence with Viscount Stefaniuk of North Battleford.,"{""season"": 141, ""marker"": ""\u25ce""}",engine,2026-09-08 13:29:29
2712,,societal,late,Bank of Canada Opens,Season 141 · Viscount Benjamin of La Pointe-de-l'Île meets Bank of Canada Opens and resists.,"{""season"": 141, ""response"": ""Resist"", ""roll"": 3, ""personal_year"": 1935, ""magnitude"": ""Minor"", ""tag"": ""Mixed""}",engine,2026-09-08 13:29:29
2713,,relational,late,Viscount Benjamin of La Pointe-de-l'Île loses a dispute with Earl Beauvais of Charles-LeMoyne,Season 141 · Viscount Benjamin of La Pointe-de-l'Île presses a claim against Earl Beauvais of Charles-LeMoyne and is rebuffed.,"{""season"": 141, ""outcome"": ""lost""}",engine,2026-09-08 13:29:29
2714,,relational,confederation,Baron Dickson of Moncton corresponds with Baron Turgeon de St.-Jerome,Season 141 · Baron Dickson of Moncton opens a correspondence with Baron Turgeon de St.-Jerome.,"{""season"": 141, ""marker"": ""+""}",engine,2026-09-08 13:29:29
2715,,societal,dominion,Winnipeg General Strike,Season 141 · Baron Uniacke of Bowmanville meets Winnipeg General Strike and exploits.,"{""season"": 141, ""response"": ""Exploit"", ""roll"": 4, ""personal_year"": 1919, ""magnitude"": ""Major"", ""tag"": ""Mixed""}",engine,2026-09-08 13:29:29
2716,,relational,dominion,Baron Uniacke of Bowmanville and Marquis Meagher of Chatham form a compact,Season 141 · Baron Uniacke of Bowmanville and Marquis Meagher of Chatham enter into a compact.,"{""season"": 141, ""marker"": ""\u25c9+""}",engine,2026-09-08 13:29:29
2717,,relational,confederation,Baron Dyck of Calgary McKnight and Earl Cornwall of Steveston form a compact,Season 141 · Baron Dyck of Calgary McKnight and Earl Cornwall of Steveston enter into a compact.,"{""season"": 141, ""marker"": ""\u25c9+""}",engine,2026-09-08 13:29:29
2718,,societal,confederation,Laurier Elected,Season 141 · Baron Cornwall of Revelstoke meets Laurier Elected and exploits.,"{""season"": 141, ""response"": ""Exploit"", ""roll"": 4, ""personal_year"": 1896, ""magnitude"": ""Significant"", ""tag"": ""Progressive""}",engine,2026-09-08 13:29:29
2719,,relational,dominion,Baron Shawanaga of Waterloo corresponds with Viscount Rouleau de LaSalle,Season 141 · Baron Shawanaga of Waterloo opens a correspondence with Viscount Rouleau de LaSalle.,"{""season"": 141, ""marker"": ""\u25ce""}",engine,2026-09-08 13:29:29
2720,,other,confederation,Baron Elliott of Mistassini names an heir,Season 141 · Baron Elliott of Mistassini names Ellen Elliott heir.,"{""season"": 141, ""heir_age"": 34, ""role"": ""heir""}",engine,2026-09-08 13:29:29
2721,,societal,confederation,Pacific Scandal,Season 141 · Baron Murray of Sydney meets Pacific Scandal and leads.,"{""season"": 141, ""response"": ""Lead"", ""roll"": 6, ""personal_year"": 1873, ""magnitude"": ""Significant"", ""tag"": ""Progressive""}",engine,2026-09-08 13:29:29
2722,,founding,confederation,Baron Trudel de Chicoutimi founded,"Season 141 · Baron Trudel de Chicoutimi is created, seated at Chicoutimi—Le Fjord.","{""season"": 141, ""stats"": {""capital"": 50, ""influence"": 36, ""cohesion"": 67, ""ambition"": 8}, ""community"": ""Canadien Catholic"", ""tag"": ""Progressive""}",engine,2026-09-08 13:29:29
2723,,relational,late,Viscount Benjamin of La Pointe-de-l'Île and Marquis Mercier de Rimouski fall out,Season 142 · Viscount Benjamin of La Pointe-de-l'Île and Marquis Mercier de Rimouski fall out over the patronage of a shared riding's offices.,"{""season"": 142, ""marker"": ""Sig\u2212"", ""cause"": ""friction"", ""grievance"": ""the patronage of a shared riding's offices""}",engine,2026-09-08 13:29:29
2724,,relational,dominion,Baron Furlong of Émard and Viscount Rouleau de LaSalle fall out,Season 142 · Baron Furlong of Émard and Viscount Rouleau de LaSalle fall out over a boundary the two houses read differently.,"{""season"": 142, ""marker"": ""Sig\u2212"", ""cause"": ""friction"", ""grievance"": ""a boundary the two houses read differently""}",engine,2026-09-08 13:29:29
2725,,societal,dominion,Vancouver Anti-Asian Riots,Season 142 · Viscount Stefaniuk of Emerson meets Vancouver Anti-Asian Riots and exploits.,"{""season"": 142, ""response"": ""Exploit"", ""roll"": 5, ""personal_year"": 1907, ""magnitude"": ""Significant"", ""tag"": ""Conservative""}",engine,2026-09-08 13:29:29
2726,,relational,dominion,Viscount Stefaniuk of Emerson loses a dispute with Viscount Stefaniuk of North Battleford,Season 142 · Viscount Stefaniuk of Emerson presses a claim against Viscount Stefaniuk of North Battleford and is rebuffed.,"{""season"": 142, ""outcome"": ""lost""}",engine,2026-09-08 13:29:29
2727,,other,confederation,Earl Benjamin of Bellechasse names an heir,Season 142 · Earl Benjamin of Bellechasse names Miriam Benjamin heir.,"{""season"": 142, ""heir_age"": 17, ""role"": ""heir""}",engine,2026-09-08 13:29:29
2728,,relational,late,Marquis Mercier de Rimouski corresponds with Earl Pegahmagabow of Wawa,Season 142 · Marquis Mercier de Rimouski opens a correspondence with Earl Pegahmagabow of Wawa.,"{""season"": 142, ""marker"": ""\u25ce""}",engine,2026-09-08 13:29:29
2729,,transfer,late,Earl Bouchard de Terrebonne loses Drummond,Season 142 · Earl Bouchard de Terrebonne gives up Drummond (cession).,"{""season"": 142, ""reason"": ""cession"", ""riding"": ""Drummond""}",engine,2026-09-08 13:29:29
2730,,relational,late,Earl Bouchard de Terrebonne settles with Baron Dickson of Moncton,Season 142 · Earl Bouchard de Terrebonne settles its grievance with Baron Dickson of Moncton by cession.,"{""season"": 142, ""marker"": ""~"", ""ceded"": ""24023""}",engine,2026-09-08 13:29:29
2731,,societal,dominion,The Great War,Season 142 · Marquis Hays of Beloeil meets The Great War and leads.,"{""season"": 142, ""response"": ""Lead"", ""roll"": 6, ""personal_year"": 1914, ""magnitude"": ""Major"", ""tag"": ""Global""}",engine,2026-09-08 13:29:29
2732,,relational,dominion,Marquis Hays of Beloeil corresponds with Baron Elliott of Mistassini,Season 142 · Marquis Hays of Beloeil opens a correspondence with Baron Elliott of Mistassini.,"{""season"": 142, ""marker"": ""+""}",engine,2026-09-08 13:29:29
2733,,societal,confederation,Manitoba Schools Question,Season 142 · Marquis Meagher of Chatham meets Manitoba Schools Question and exploits.,"{""season"": 142, ""response"": ""Exploit"", ""roll"": 4, ""personal_year"": 1890, ""magnitude"": ""Major"", ""tag"": ""Conservative""}",engine,2026-09-08 13:29:29
2734,,societal,dominion,The Great War,Season 142 · Marquis Patterson of Kennebecasis meets The Great War and resists.,"{""season"": 142, ""response"": ""Resist"", ""roll"": 3, ""personal_year"": 1914, ""magnitude"": ""Major"", ""tag"": ""Global""}",engine,2026-09-08 13:29:29
2735,,succession,dominion,Marquis Patterson of Kennebecasis: clean succession,Season 142 · Marion Patterson succeeds to Marquis Patterson of Kennebecasis.,"{""season"": 142, ""nature"": ""clean"", ""cause"": ""death""}",engine,2026-09-08 13:29:29
2736,,societal,dominion,The Great War,Season 142 · Viscount Rouleau de LaSalle meets The Great War and resists.,"{""season"": 142, ""response"": ""Resist"", ""roll"": 3, ""personal_year"": 1914, ""magnitude"": ""Major"", ""tag"": ""Global""}",engine,2026-09-08 13:29:29
2737,,relational,dominion,Viscount Rouleau de LaSalle and Earl Langelier de Charlevoix form a compact,Season 142 · Viscount Rouleau de LaSalle and Earl Langelier de Charlevoix enter into a compact.,"{""season"": 142, ""marker"": ""\u25c9+""}",engine,2026-09-08 13:29:29
2738,,other,late,Viscount Marchand de Lac-Saint-Louis endows an institution,Season 142 · Viscount Marchand de Lac-Saint-Louis endows an institution.,"{""season"": 142}",engine,2026-09-08 13:29:29
2739,,relational,late,Viscount Colby of Trois-Rivières corresponds with Earl Bird of Winnipeg,Season 142 · Viscount Colby of Trois-Rivières opens a correspondence with Earl Bird of Winnipeg.,"{""season"": 142, ""marker"": ""\u25ce""}",engine,2026-09-08 13:29:29
2740,,societal,dominion,Prairie Women's Suffrage,Season 142 · Viscount Dawes of Bourassa meets Prairie Women's Suffrage and leads.,"{""season"": 142, ""response"": ""Lead"", ""roll"": 6, ""personal_year"": 1916, ""magnitude"": ""Significant"", ""tag"": ""Progressive""}",engine,2026-09-08 13:29:29
2741,,relational,dominion,Viscount Dawes of Bourassa corresponds with Marquis Meagher of Chatham,Season 142 · Viscount Dawes of Bourassa opens a correspondence with Marquis Meagher of Chatham.,"{""season"": 142, ""marker"": ""\u25ce""}",engine,2026-09-08 13:29:29
2742,,societal,dominion,Komagata Maru,Season 142 · Baron Furlong of Émard meets Komagata Maru and resists.,"{""season"": 142, ""response"": ""Resist"", ""roll"": 3, ""personal_year"": 1914, ""magnitude"": ""Major"", ""tag"": ""Conservative""}",engine,2026-09-08 13:29:29
2743,,relational,dominion,Baron Furlong of Émard wins a dispute with Viscount Rouleau de LaSalle,Season 142 · Baron Furlong of Émard carries a dispute against Viscount Rouleau de LaSalle.,"{""season"": 142, ""outcome"": ""won"", ""marker"": ""~""}",engine,2026-09-08 13:29:29
2744,,societal,dominion,The Great War,Season 142 · Earl Beauvais of Charles-LeMoyne meets The Great War and resists.,"{""season"": 142, ""response"": ""Resist"", ""roll"": 3, ""personal_year"": 1914, ""magnitude"": ""Major"", ""tag"": ""Global""}",engine,2026-09-08 13:29:29
2745,,other,dominion,Earl Beauvais of Charles-LeMoyne names an heir,Season 142 · Earl Beauvais of Charles-LeMoyne names Catharine Beauvais heir.,"{""season"": 142, ""heir_age"": 23, ""role"": ""heir""}",engine,2026-09-08 13:29:29
2746,,relational,late,Viscount Benjamin of La Pointe-de-l'Île and Viscount Worts of Milton form a compact,Season 142 · Viscount Benjamin of La Pointe-de-l'Île and Viscount Worts of Milton enter into a compact.,"{""season"": 142, ""marker"": ""\u25c9+""}",engine,2026-09-08 13:29:29
2747,,societal,dominion,Prairie Women's Suffrage,Season 142 · Viscount Chapais de Saint-Hyacinthe meets Prairie Women's Suffrage and resists.,"{""season"": 142, ""response"": ""Resist"", ""roll"": 2, ""personal_year"": 1916, ""magnitude"": ""Significant"", ""tag"": ""Progressive""}",engine,2026-09-08 13:29:29
2748,,societal,dominion,Prairie Women's Suffrage,Season 142 · Baron Rouleau de Chambly meets Prairie Women's Suffrage and exploits.,"{""season"": 142, ""response"": ""Exploit"", ""roll"": 5, ""personal_year"": 1916, ""magnitude"": ""Significant"", ""tag"": ""Progressive""}",engine,2026-09-08 13:29:29
2749,,societal,confederation,South African War,Season 142 · Baron Langelier de Rosemont meets South African War and exploits.,"{""season"": 142, ""response"": ""Exploit"", ""roll"": 5, ""personal_year"": 1899, ""magnitude"": ""Major"", ""tag"": ""Conservative""}",engine,2026-09-08 13:29:29
2750,,societal,confederation,South African War,Season 142 · Viscount Stefaniuk of North Battleford meets South African War and exploits.,"{""season"": 142, ""response"": ""Exploit"", ""roll"": 4, ""personal_year"": 1899, ""magnitude"": ""Major"", ""tag"": ""Conservative""}",engine,2026-09-08 13:29:29
2751,,societal,confederation,Chinese Immigration Act,Season 142 · Baron Jarvis of Spadina meets Chinese Immigration Act and resists.,"{""season"": 142, ""response"": ""Resist"", ""roll"": 3, ""personal_year"": 1885, ""magnitude"": ""Significant"", ""tag"": ""Conservative""}",engine,2026-09-08 13:29:29
2752,,societal,confederation,South African War,Season 142 · Baron Stefaniuk of Regina meets South African War and leads.,"{""season"": 142, ""response"": ""Lead"", ""roll"": 6, ""personal_year"": 1899, ""magnitude"": ""Major"", ""tag"": ""Conservative""}",engine,2026-09-08 13:29:29
2753,,relational,confederation,Baron Stefaniuk of Regina wins a dispute with Viscount Stefaniuk of North Battleford,Season 142 · Baron Stefaniuk of Regina carries a dispute against Viscount Stefaniuk of North Battleford.,"{""season"": 142, ""outcome"": ""won"", ""marker"": ""~""}",engine,2026-09-08 13:29:29
2754,,societal,confederation,Diamond Jubilee,Season 142 · Baron Cornwall of Revelstoke meets Diamond Jubilee and resists.,"{""season"": 142, ""response"": ""Resist"", ""roll"": 2, ""personal_year"": 1897, ""magnitude"": ""Minor"", ""tag"": ""Conservative""}",engine,2026-09-08 13:29:29
2755,,societal,dominion,Komagata Maru,Season 142 · Baron Shawanaga of Waterloo meets Komagata Maru and exploits.,"{""season"": 142, ""response"": ""Exploit"", ""roll"": 5, ""personal_year"": 1914, ""magnitude"": ""Major"", ""tag"": ""Conservative""}",engine,2026-09-08 13:29:29
2756,,societal,confederation,Manitoba Schools Question,Season 142 · Baron Cogswell of Argentia meets Manitoba Schools Question and exploits.,"{""season"": 142, ""response"": ""Exploit"", ""roll"": 5, ""personal_year"": 1890, ""magnitude"": ""Major"", ""tag"": ""Conservative""}",engine,2026-09-08 13:29:29
2757,,societal,confederation,North-West Resistance,Season 142 · Baron Elliott of Mistassini meets North-West Resistance and leads.,"{""season"": 142, ""response"": ""Lead"", ""roll"": 6, ""personal_year"": 1885, ""magnitude"": ""Major"", ""tag"": ""Conservative""}",engine,2026-09-08 13:29:29
2758,,societal,confederation,Long Depression Reaches Canada,Season 142 · Baron Murray of Sydney meets Long Depression Reaches Canada and exploits.,"{""season"": 142, ""response"": ""Exploit"", ""roll"": 5, ""personal_year"": 1874, ""magnitude"": ""Major"", ""tag"": ""Conservative""}",engine,2026-09-08 13:29:29
2759,,relational,dominion,Viscount Stefaniuk of Emerson corresponds with Baron Langelier de Rosemont,Season 143 · Viscount Stefaniuk of Emerson opens a correspondence with Baron Langelier de Rosemont.,"{""season"": 143, ""marker"": ""kin""}",engine,2026-09-08 13:29:29
2760,,other,late,Marquis Mercier de Rimouski names an heir,Season 143 · Marquis Mercier de Rimouski names Eugénie Mercier heir.,"{""season"": 143, ""heir_age"": 17, ""role"": ""heir""}",engine,2026-09-08 13:29:29
2761,,societal,late,Japanese-Canadian Internment,Season 143 · Earl Langelier de Charlevoix meets Japanese-Canadian Internment and stands aside.,"{""season"": 143, ""response"": ""Neutral"", ""roll"": 1, ""personal_year"": 1942, ""magnitude"": ""Major"", ""tag"": ""Conservative""}",engine,2026-09-08 13:29:29
2762,,societal,confederation,Death of Sir John A. Macdonald,Season 143 · Marquis Meagher of Chatham meets Death of Sir John A. Macdonald and stands aside.,"{""season"": 143, ""response"": ""Neutral"", ""roll"": 1, ""personal_year"": 1891, ""magnitude"": ""Minor"", ""tag"": ""Mixed""}",engine,2026-09-08 13:29:29
2763,,relational,confederation,Marquis Rochon de Rosedale wins a dispute with Earl Byrne of Cooksville,Season 143 · Marquis Rochon de Rosedale carries a dispute against Earl Byrne of Cooksville.,"{""season"": 143, ""outcome"": ""won"", ""marker"": ""~""}",engine,2026-09-08 13:29:29
2764,,other,confederation,Marquis Patterson of Kennebecasis names an heir,Season 143 · Marquis Patterson of Kennebecasis names Alexander Patterson heir.,"{""season"": 143, ""heir_age"": 21, ""role"": ""heir""}",engine,2026-09-08 13:29:29
2765,,relational,dominion,Viscount Cameron of Cornwall corresponds with Viscount Chapais de Saint-Hyacinthe,Season 143 · Viscount Cameron of Cornwall opens a correspondence with Viscount Chapais de Saint-Hyacinthe.,"{""season"": 143, ""marker"": ""\u25ce""}",engine,2026-09-08 13:29:29
2766,,relational,dominion,Viscount Rouleau de LaSalle loses a dispute with Baron Turgeon de St.-Jerome,Season 143 · Viscount Rouleau de LaSalle presses a claim against Baron Turgeon de St.-Jerome and is rebuffed.,"{""season"": 143, ""outcome"": ""lost""}",engine,2026-09-08 13:29:29
2767,,societal,late,Japanese-Canadian Internment,Season 143 · Viscount Bhullar of Nanaimo meets Japanese-Canadian Internment and resists.,"{""season"": 143, ""response"": ""Resist"", ""roll"": 2, ""personal_year"": 1942, ""magnitude"": ""Major"", ""tag"": ""Conservative""}",engine,2026-09-08 13:29:29
2768,,relational,late,Baron Meagher of Windsor corresponds with Baron Jarvis of Spadina,Season 143 · Baron Meagher of Windsor opens a correspondence with Baron Jarvis of Spadina.,"{""season"": 143, ""marker"": ""+""}",engine,2026-09-08 13:29:29
2769,,societal,late,Japanese-Canadian Internment,Season 143 · Viscount Marchand de Lac-Saint-Louis meets Japanese-Canadian Internment and exploits.,"{""season"": 143, ""response"": ""Exploit"", ""roll"": 5, ""personal_year"": 1942, ""magnitude"": ""Major"", ""tag"": ""Conservative""}",engine,2026-09-08 13:29:29
2770,,societal,dominion,Progressives and the First Woman MP,Season 143 · Viscount Skye of Belleville meets Progressives and the First Woman MP and leads.,"{""season"": 143, ""response"": ""Lead"", ""roll"": 6, ""personal_year"": 1921, ""magnitude"": ""Significant"", ""tag"": ""Progressive""}",engine,2026-09-08 13:29:29
2771,,societal,confederation,Montréal Smallpox Epidemic,Season 143 · Viscount Proulx de Cumberland meets Montréal Smallpox Epidemic and exploits.,"{""season"": 143, ""response"": ""Exploit"", ""roll"": 5, ""personal_year"": 1885, ""magnitude"": ""Significant"", ""tag"": ""Progressive""}",engine,2026-09-08 13:29:29
2772,,succession,late,Viscount Worts of Milton: clean succession,Season 143 · Herbert Worts succeeds to Viscount Worts of Milton.,"{""season"": 143, ""nature"": ""clean"", ""cause"": ""death""}",engine,2026-09-08 13:29:29
2773,,societal,late,Japanese-Canadian Internment,Season 143 · Viscount Colby of Trois-Rivières meets Japanese-Canadian Internment and stands aside.,"{""season"": 143, ""response"": ""Neutral"", ""roll"": 0, ""personal_year"": 1942, ""magnitude"": ""Major"", ""tag"": ""Conservative""}",engine,2026-09-08 13:29:29
2774,,relational,late,Viscount Colby of Trois-Rivières and Baron Elliott of Mistassini are joined by marriage,"Season 143 · Eleanor Colby marries Ellen Elliott, binding Viscount Colby of Trois-Rivières to Baron Elliott of Mistassini.","{""season"": 143, ""marker"": ""kin""}",engine,2026-09-08 13:29:29
2775,,societal,dominion,Progressives and the First Woman MP,Season 143 · Baron Lucas of Oakville meets Progressives and the First Woman MP and leads.,"{""season"": 143, ""response"": ""Lead"", ""roll"": 6, ""personal_year"": 1921, ""magnitude"": ""Significant"", ""tag"": ""Progressive""}",engine,2026-09-08 13:29:29
2776,,societal,dominion,Conscription Crisis,Season 143 · Viscount Dawes of Bourassa meets Conscription Crisis and exploits.,"{""season"": 143, ""response"": ""Exploit"", ""roll"": 4, ""personal_year"": 1917, ""magnitude"": ""Major"", ""tag"": ""Mixed""}",engine,2026-09-08 13:29:29
2777,,societal,dominion,Progressives and the First Woman MP,Season 143 · Viscount Gillies of Aurora meets Progressives and the First Woman MP and exploits.,"{""season"": 143, ""response"": ""Exploit"", ""roll"": 5, ""personal_year"": 1921, ""magnitude"": ""Significant"", ""tag"": ""Progressive""}",engine,2026-09-08 13:29:29
2778,,succession,late,Viscount Benjamin of La Pointe-de-l'Île: clean succession,Season 143 · Samuel Benjamin succeeds to Viscount Benjamin of La Pointe-de-l'Île.,"{""season"": 143, ""nature"": ""clean"", ""cause"": ""death""}",engine,2026-09-08 13:29:29
2779,,transfer,confederation,Viscount Benjamin of La Pointe-de-l'Île loses Beauport—Limoilou,Season 143 · Viscount Benjamin of La Pointe-de-l'Île gives up Beauport—Limoilou (cession).,"{""season"": 143, ""reason"": ""cession"", ""riding"": ""Beauport\u2014Limoilou""}",engine,2026-09-08 13:29:29
2780,,relational,confederation,Viscount Benjamin of La Pointe-de-l'Île settles with Marquis Mercier de Rimouski,Season 143 · Viscount Benjamin of La Pointe-de-l'Île settles its grievance with Marquis Mercier de Rimouski by cession.,"{""season"": 143, ""marker"": ""~"", ""ceded"": ""24008""}",engine,2026-09-08 13:29:29
2781,,societal,dominion,Conscription Crisis,Season 143 · Viscount Chapais de Saint-Hyacinthe meets Conscription Crisis and exploits.,"{""season"": 143, ""response"": ""Exploit"", ""roll"": 5, ""personal_year"": 1917, ""magnitude"": ""Major"", ""tag"": ""Mixed""}",engine,2026-09-08 13:29:29
2782,,societal,dominion,Halifax Explosion,Season 143 · Baron Rouleau de Chambly meets Halifax Explosion and leads.,"{""season"": 143, ""response"": ""Lead"", ""roll"": 6, ""personal_year"": 1917, ""magnitude"": ""Major"", ""tag"": ""Mixed""}",engine,2026-09-08 13:29:29
2783,,societal,dominion,Progressives and the First Woman MP,Season 143 · Baron Uniacke of Bowmanville meets Progressives and the First Woman MP and stands aside.,"{""season"": 143, ""response"": ""Neutral"", ""roll"": 1, ""personal_year"": 1921, ""magnitude"": ""Significant"", ""tag"": ""Progressive""}",engine,2026-09-08 13:29:29
2784,,other,dominion,Baron Stefaniuk of Regina names an heir,Season 143 · Baron Stefaniuk of Regina names Mykhailo Stefaniuk heir.,"{""season"": 143, ""heir_age"": 24, ""role"": ""heir""}",engine,2026-09-08 13:29:29
2785,,expansion,confederation,Baron Cornwall of Revelstoke takes Langley Township—Fraser Heights,Season 143 · Baron Cornwall of Revelstoke takes Langley Township—Fraser Heights.,"{""season"": 143, ""riding"": ""Langley Township\u2014Fraser Heights"", ""roll"": 7}",engine,2026-09-08 13:29:29
2786,,societal,confederation,Death of Sir John A. Macdonald,Season 143 · Baron Cogswell of Argentia meets Death of Sir John A. Macdonald and resists.,"{""season"": 143, ""response"": ""Resist"", ""roll"": 2, ""personal_year"": 1891, ""magnitude"": ""Minor"", ""tag"": ""Mixed""}",engine,2026-09-08 13:29:29
2787,,other,confederation,Baron Cogswell of Argentia endows an institution,Season 143 · Baron Cogswell of Argentia endows an institution.,"{""season"": 143}",engine,2026-09-08 13:29:29
2788,,societal,late,Japanese-Canadian Internment,Season 143 · Baron Elliott of Mistassini meets Japanese-Canadian Internment and resists.,"{""season"": 143, ""response"": ""Resist"", ""roll"": 3, ""personal_year"": 1942, ""magnitude"": ""Major"", ""tag"": ""Conservative""}",engine,2026-09-08 13:29:29
2789,,relational,confederation,Baron Murray of Sydney and Marquis Patterson of Kennebecasis are joined by marriage,"Season 143 · Ann Murray marries Alexander Patterson, binding Baron Murray of Sydney to Marquis Patterson of Kennebecasis.","{""season"": 143, ""marker"": ""kin""}",engine,2026-09-08 13:29:29
2790,,societal,confederation,Red River Resistance,Season 143 · Baron Trudel de Chicoutimi meets Red River Resistance and resists.,"{""season"": 143, ""response"": ""Resist"", ""roll"": 3, ""personal_year"": 1869, ""magnitude"": ""Major"", ""tag"": ""Mixed""}",engine,2026-09-08 13:29:29
2791,,relational,dominion,Earl Beauvais of Charles-LeMoyne and Baron Furlong of Émard fall out,Season 144 · Earl Beauvais of Charles-LeMoyne and Baron Furlong of Émard fall out over a church and school dispute in the border townships.,"{""season"": 144, ""marker"": ""Sig\u2212"", ""cause"": ""friction"", ""grievance"": ""a church and school dispute in the border townships""}",engine,2026-09-08 13:29:29
2792,,relational,confederation,Earl Benjamin of Bellechasse and Viscount Colby of Trois-Rivières fall out,Season 144 · Earl Benjamin of Bellechasse and Viscount Colby of Trois-Rivières fall out over a boundary the two houses read differently.,"{""season"": 144, ""marker"": ""Sig\u2212"", ""cause"": ""friction"", ""grievance"": ""a boundary the two houses read differently""}",engine,2026-09-08 13:29:29
2793,,relational,dominion,Viscount Dawes of Bourassa and Baron Langelier de Rosemont fall out,Season 144 · Viscount Dawes of Bourassa and Baron Langelier de Rosemont fall out over a boundary the two houses read differently.,"{""season"": 144, ""marker"": ""Sig\u2212"", ""cause"": ""friction"", ""grievance"": ""a boundary the two houses read differently""}",engine,2026-09-08 13:29:29
2794,,relational,dominion,Marquis Hays of Beloeil and Baron Langelier de Rosemont fall out,Season 144 · Marquis Hays of Beloeil and Baron Langelier de Rosemont fall out over a boundary the two houses read differently.,"{""season"": 144, ""marker"": ""Sig\u2212"", ""cause"": ""friction"", ""grievance"": ""a boundary the two houses read differently""}",engine,2026-09-08 13:29:29
2795,,relational,dominion,Viscount Elliott of Glengarry corresponds with Viscount Stefaniuk of North Battleford,Season 144 · Viscount Elliott of Glengarry opens a correspondence with Viscount Stefaniuk of North Battleford.,"{""season"": 144, ""marker"": ""+""}",engine,2026-09-08 13:29:29
2796,,societal,dominion,Prairie Women's Suffrage,Season 144 · Marquis Hays of Beloeil meets Prairie Women's Suffrage and exploits.,"{""season"": 144, ""response"": ""Exploit"", ""roll"": 5, ""personal_year"": 1916, ""magnitude"": ""Significant"", ""tag"": ""Progressive""}",engine,2026-09-08 13:29:29
2797,,succession,dominion,Baron Cardinal of Steinbach: disorderly succession,Season 144 · Baron Cardinal of Steinbach passes in disorder to George Cardinal.,"{""season"": 144, ""nature"": ""disorderly"", ""cause"": ""death""}",engine,2026-09-08 13:29:29
2798,,relational,dominion,Baron Cardinal of Steinbach falls out with Viscount Stefaniuk of Emerson,,"{""season"": 144, ""marker"": ""Sig\u2212"", ""cause"": ""disorderly succession""}",engine,2026-09-08 13:29:29
2799,,societal,late,Bank of Canada Opens,Season 144 · Earl Hendrie of Brampton meets Bank of Canada Opens and leads.,"{""season"": 144, ""response"": ""Lead"", ""roll"": 6, ""personal_year"": 1935, ""magnitude"": ""Minor"", ""tag"": ""Mixed""}",engine,2026-09-08 13:29:29
2800,,elevation,confederation,Marquis Pegahmagabow of Wawa elevated,Season 144 · Earl Pegahmagabow of Wawa is raised to Marquis.,"{""season"": 144, ""from"": ""Earl"", ""to"": ""Marquis""}",engine,2026-09-08 13:29:29
2801,,relational,dominion,Viscount Skye of Belleville corresponds with Earl Beauvais of Charles-LeMoyne,Season 144 · Viscount Skye of Belleville opens a correspondence with Earl Beauvais of Charles-LeMoyne.,"{""season"": 144, ""marker"": ""+""}",engine,2026-09-08 13:29:29
2802,,elevation,confederation,Earl Proulx de Cumberland elevated,Season 144 · Viscount Proulx de Cumberland is raised to Earl.,"{""season"": 144, ""from"": ""Viscount"", ""to"": ""Earl""}",engine,2026-09-08 13:29:29
2803,,other,confederation,Viscount Worts of Milton names an heir,Season 144 · Viscount Worts of Milton names Alfred Worts heir.,"{""season"": 144, ""heir_age"": 32, ""role"": ""heir""}",engine,2026-09-08 13:29:29
2804,,relational,late,Viscount Colby of Trois-Rivières wins a dispute with Earl Benjamin of Bellechasse,Season 144 · Viscount Colby of Trois-Rivières carries a dispute against Earl Benjamin of Bellechasse.,"{""season"": 144, ""outcome"": ""won"", ""marker"": ""~""}",engine,2026-09-08 13:29:29
2805,,societal,dominion,Spanish Influenza,Season 144 · Viscount Dawes of Bourassa meets Spanish Influenza and exploits.,"{""season"": 144, ""response"": ""Exploit"", ""roll"": 5, ""personal_year"": 1918, ""magnitude"": ""Significant"", ""tag"": ""Global""}",engine,2026-09-08 13:29:29
2806,,societal,late,On-to-Ottawa Trek,Season 144 · Baron Wallace of Hespeler meets On-to-Ottawa Trek and exploits.,"{""season"": 144, ""response"": ""Exploit"", ""roll"": 5, ""personal_year"": 1935, ""magnitude"": ""Significant"", ""tag"": ""Progressive""}",engine,2026-09-08 13:29:29
2807,,expansion,late,Baron Wallace of Hespeler takes Hamilton West—Ancaster—Dundas,Season 144 · Baron Wallace of Hespeler takes Hamilton West—Ancaster—Dundas.,"{""season"": 144, ""riding"": ""Hamilton West\u2014Ancaster\u2014Dundas"", ""roll"": 10}",engine,2026-09-08 13:29:29
2808,,relational,confederation,Baron Turgeon de St.-Jerome loses a dispute with Baron Rouleau de Chambly,Season 144 · Baron Turgeon de St.-Jerome presses a claim against Baron Rouleau de Chambly and is rebuffed.,"{""season"": 144, ""outcome"": ""lost""}",engine,2026-09-08 13:29:29
2809,,societal,dominion,Prairie Women's Suffrage,Season 144 · Baron Furlong of Émard meets Prairie Women's Suffrage and resists.,"{""season"": 144, ""response"": ""Resist"", ""roll"": 3, ""personal_year"": 1916, ""magnitude"": ""Significant"", ""tag"": ""Progressive""}",engine,2026-09-08 13:29:29
2810,,societal,dominion,Prairie Women's Suffrage,Season 144 · Earl Beauvais of Charles-LeMoyne meets Prairie Women's Suffrage and resists.,"{""season"": 144, ""response"": ""Resist"", ""roll"": 3, ""personal_year"": 1916, ""magnitude"": ""Significant"", ""tag"": ""Progressive""}",engine,2026-09-08 13:29:29
2811,,transfer,confederation,Viscount Smoke of Barrie loses Burlington,Season 144 · Viscount Smoke of Barrie gives up Burlington (cession).,"{""season"": 144, ""reason"": ""cession"", ""riding"": ""Burlington""}",engine,2026-09-08 13:29:29
2812,,relational,confederation,Viscount Smoke of Barrie settles with Viscount Worts of Milton,Season 144 · Viscount Smoke of Barrie settles its grievance with Viscount Worts of Milton by cession.,"{""season"": 144, ""marker"": ""~"", ""ceded"": ""35017""}",engine,2026-09-08 13:29:29
2813,,other,late,Viscount Benjamin of La Pointe-de-l'Île names an heir,Season 144 · Viscount Benjamin of La Pointe-de-l'Île names Joseph Benjamin heir.,"{""season"": 144, ""heir_age"": 11, ""role"": ""heir""}",engine,2026-09-08 13:29:29
2814,,societal,dominion,Spanish Influenza,Season 144 · Viscount Chapais de Saint-Hyacinthe meets Spanish Influenza and leads.,"{""season"": 144, ""response"": ""Lead"", ""roll"": 6, ""personal_year"": 1918, ""magnitude"": ""Significant"", ""tag"": ""Global""}",engine,2026-09-08 13:29:29
2815,,societal,dominion,Spanish Influenza,Season 144 · Baron Rouleau de Chambly meets Spanish Influenza and leads.,"{""season"": 144, ""response"": ""Lead"", ""roll"": 6, ""personal_year"": 1918, ""magnitude"": ""Significant"", ""tag"": ""Global""}",engine,2026-09-08 13:29:29
2816,,societal,confederation,South African War,Season 144 · Baron Cornwall of Revelstoke meets South African War and resists.,"{""season"": 144, ""response"": ""Resist"", ""roll"": 2, ""personal_year"": 1899, ""magnitude"": ""Major"", ""tag"": ""Conservative""}",engine,2026-09-08 13:29:29
2817,,societal,dominion,Prairie Women's Suffrage,Season 144 · Baron Shawanaga of Waterloo meets Prairie Women's Suffrage and exploits.,"{""season"": 144, ""response"": ""Exploit"", ""roll"": 5, ""personal_year"": 1916, ""magnitude"": ""Significant"", ""tag"": ""Progressive""}",engine,2026-09-08 13:29:29
2818,,succession,dominion,Baron Shawanaga of Waterloo: clean succession,Season 144 · Solomon Shawanaga succeeds to Baron Shawanaga of Waterloo.,"{""season"": 144, ""nature"": ""clean"", ""cause"": ""death""}",engine,2026-09-08 13:29:29
2819,,relational,late,Baron Elliott of Mistassini and Marquis Hays of Beloeil form a compact,Season 144 · Baron Elliott of Mistassini and Marquis Hays of Beloeil enter into a compact.,"{""season"": 144, ""marker"": ""\u25c9+""}",engine,2026-09-08 13:29:29
2820,,societal,confederation,Indian Act,Season 144 · Baron Murray of Sydney meets Indian Act and resists.,"{""season"": 144, ""response"": ""Resist"", ""roll"": 3, ""personal_year"": 1876, ""magnitude"": ""Major"", ""tag"": ""Conservative""}",engine,2026-09-08 13:29:29
2821,,relational,confederation,Baron Murray of Sydney gives offence to Viscount Chapais de Saint-Hyacinthe,Season 144 · a letter from Baron Murray of Sydney gives offence to Viscount Chapais de Saint-Hyacinthe.,"{""season"": 144, ""marker"": ""Sig\u2212"", ""cause"": ""correspondence""}",engine,2026-09-08 13:29:29
2822,,societal,confederation,Confederation Extension (Manitoba Act),Season 144 · Baron Trudel de Chicoutimi meets Confederation Extension (Manitoba Act) and resists.,"{""season"": 144, ""response"": ""Resist"", ""roll"": 2, ""personal_year"": 1870, ""magnitude"": ""Major"", ""tag"": ""Mixed""}",engine,2026-09-08 13:29:29
2823,,other,confederation,Baron Trudel de Chicoutimi names an heir,Season 144 · Baron Trudel de Chicoutimi names Marguerite Trudel heir.,"{""season"": 144, ""heir_age"": 19, ""role"": ""heir""}",engine,2026-09-08 13:29:29
2824,,founding,confederation,Viscount Cashin of Guelph founded,"Season 144 · Viscount Cashin of Guelph is created, seated at Guelph.","{""season"": 144, ""stats"": {""capital"": 36, ""influence"": 30, ""cohesion"": 79, ""ambition"": 1}, ""community"": ""Irish Catholic"", ""tag"": ""Progressive""}",engine,2026-09-08 13:29:29
2825,,relational,late,Earl Benjamin of Bellechasse and Earl Bouchard de Terrebonne fall out,Season 145 · Earl Benjamin of Bellechasse and Earl Bouchard de Terrebonne fall out over the water rights of a shared river.,"{""season"": 145, ""marker"": ""Sig\u2212"", ""cause"": ""friction"", ""grievance"": ""the water rights of a shared river""}",engine,2026-09-08 13:29:29
2826,,relational,late,Earl Benjamin of Bellechasse and Earl Proulx de Cumberland fall out,Season 145 · Earl Benjamin of Bellechasse and Earl Proulx de Cumberland fall out over a boundary the two houses read differently.,"{""season"": 145, ""marker"": ""Sig\u2212"", ""cause"": ""friction"", ""grievance"": ""a boundary the two houses read differently""}",engine,2026-09-08 13:29:29
2827,,relational,late,Viscount Benjamin of La Pointe-de-l'Île and Baron Turgeon de St.-Jerome fall out,Season 145 · Viscount Benjamin of La Pointe-de-l'Île and Baron Turgeon de St.-Jerome fall out over the water rights of a shared river.,"{""season"": 145, ""marker"": ""Sig\u2212"", ""cause"": ""friction"", ""grievance"": ""the water rights of a shared river""}",engine,2026-09-08 13:29:29
2828,,relational,dominion,Viscount Cameron of Cornwall and Baron Uniacke of Bowmanville fall out,Season 145 · Viscount Cameron of Cornwall and Baron Uniacke of Bowmanville fall out over a boundary the two houses read differently.,"{""season"": 145, ""marker"": ""Sig\u2212"", ""cause"": ""friction"", ""grievance"": ""a boundary the two houses read differently""}",engine,2026-09-08 13:29:29
2829,,relational,dominion,Viscount Elliott of Glengarry and Earl Proulx de Cumberland fall out,Season 145 · Viscount Elliott of Glengarry and Earl Proulx de Cumberland fall out over the water rights of a shared river.,"{""season"": 145, ""marker"": ""Sig\u2212"", ""cause"": ""friction"", ""grievance"": ""the water rights of a shared river""}",engine,2026-09-08 13:29:29
2830,,relational,dominion,Viscount Elliott of Glengarry and Baron Uniacke of Bowmanville fall out,Season 145 · Viscount Elliott of Glengarry and Baron Uniacke of Bowmanville fall out over the water rights of a shared river.,"{""season"": 145, ""marker"": ""Sig\u2212"", ""cause"": ""friction"", ""grievance"": ""the water rights of a shared river""}",engine,2026-09-08 13:29:29
2831,,relational,dominion,Baron Furlong of Émard and Marquis Hays of Beloeil fall out,Season 145 · Baron Furlong of Émard and Marquis Hays of Beloeil fall out over the patronage of a shared riding's offices.,"{""season"": 145, ""marker"": ""Sig\u2212"", ""cause"": ""friction"", ""grievance"": ""the patronage of a shared riding's offices""}",engine,2026-09-08 13:29:29
2832,,relational,dominion,Marquis Hays of Beloeil and Viscount Rouleau de LaSalle fall out,Season 145 · Marquis Hays of Beloeil and Viscount Rouleau de LaSalle fall out over the patronage of a shared riding's offices.,"{""season"": 145, ""marker"": ""Sig\u2212"", ""cause"": ""friction"", ""grievance"": ""the patronage of a shared riding's offices""}",engine,2026-09-08 13:29:29
2833,,relational,dominion,Viscount Skye of Belleville and Baron Uniacke of Bowmanville fall out,Season 145 · Viscount Skye of Belleville and Baron Uniacke of Bowmanville fall out over a church and school dispute in the border townships.,"{""season"": 145, ""marker"": ""Sig\u2212"", ""cause"": ""friction"", ""grievance"": ""a church and school dispute in the border townships""}",engine,2026-09-08 13:29:29
2834,,transfer,dominion,Viscount Elliott of Glengarry loses Algonquin—Renfrew—Pembroke,Season 145 · Viscount Elliott of Glengarry gives up Algonquin—Renfrew—Pembroke (cession).,"{""season"": 145, ""reason"": ""cession"", ""riding"": ""Algonquin\u2014Renfrew\u2014Pembroke""}",engine,2026-09-08 13:29:29
2835,,relational,dominion,Viscount Elliott of Glengarry settles with Earl Proulx de Cumberland,Season 145 · Viscount Elliott of Glengarry settles its grievance with Earl Proulx de Cumberland by cession.,"{""season"": 145, ""marker"": ""~"", ""ceded"": ""35002""}",engine,2026-09-08 13:29:29
2836,,societal,dominion,Naval Service Act,Season 145 · Viscount Stefaniuk of Emerson meets Naval Service Act and stands aside.,"{""season"": 145, ""response"": ""Neutral"", ""roll"": 1, ""personal_year"": 1910, ""magnitude"": ""Significant"", ""tag"": ""Mixed""}",engine,2026-09-08 13:29:29
2837,,societal,late,CCF Government in Saskatchewan,Season 145 · Earl Benjamin of Bellechasse meets CCF Government in Saskatchewan and exploits.,"{""season"": 145, ""response"": ""Exploit"", ""roll"": 4, ""personal_year"": 1944, ""magnitude"": ""Significant"", ""tag"": ""Progressive""}",engine,2026-09-08 13:29:29
2838,,elevation,late,Marquis Benjamin of Bellechasse elevated,Season 145 · Earl Benjamin of Bellechasse is raised to Marquis.,"{""season"": 145, ""from"": ""Earl"", ""to"": ""Marquis""}",engine,2026-09-08 13:29:29
2839,,societal,late,The Second World War,Season 145 · Marquis Mercier de Rimouski meets The Second World War and leads.,"{""season"": 145, ""response"": ""Lead"", ""roll"": 6, ""personal_year"": 1939, ""magnitude"": ""Major"", ""tag"": ""Global""}",engine,2026-09-08 13:29:29
2840,,relational,late,Earl Bouchard de Terrebonne and Baron Turgeon de St.-Jerome are joined by marriage,"Season 145 · Olivier Bouchard marries Anastasie Turgeon, binding Earl Bouchard de Terrebonne to Baron Turgeon de St.-Jerome.","{""season"": 145, ""marker"": ""kin""}",engine,2026-09-08 13:29:29
2841,,societal,dominion,Halifax Explosion,Season 145 · Marquis Hays of Beloeil meets Halifax Explosion and leads.,"{""season"": 145, ""response"": ""Lead"", ""roll"": 6, ""personal_year"": 1917, ""magnitude"": ""Major"", ""tag"": ""Mixed""}",engine,2026-09-08 13:29:29
2842,,relational,dominion,Marquis Hays of Beloeil corresponds with Baron Cardinal of Steinbach,Season 145 · Marquis Hays of Beloeil opens a correspondence with Baron Cardinal of Steinbach.,"{""season"": 145, ""marker"": ""\u25c9+""}",engine,2026-09-08 13:29:29
2843,,other,confederation,Viscount McLellan of Belfast names an heir,Season 145 · Viscount McLellan of Belfast names Isabella McLellan heir.,"{""season"": 145, ""heir_age"": 35, ""role"": ""heir""}",engine,2026-09-08 13:29:29
2844,,societal,late,CCF Government in Saskatchewan,Season 145 · Earl Langelier de Charlevoix meets CCF Government in Saskatchewan and resists.,"{""season"": 145, ""response"": ""Resist"", ""roll"": 2, ""personal_year"": 1944, ""magnitude"": ""Significant"", ""tag"": ""Progressive""}",engine,2026-09-08 13:29:29
2845,,societal,confederation,Klondike Gold Rush,Season 145 · Baron Hoover of Simcoe meets Klondike Gold Rush and resists.,"{""season"": 145, ""response"": ""Resist"", ""roll"": 2, ""personal_year"": 1897, ""magnitude"": ""Significant"", ""tag"": ""Mixed""}",engine,2026-09-08 13:29:29
2846,,relational,confederation,Marquis Rochon de Rosedale loses a dispute with Earl Hendrie of Brampton,Season 145 · Marquis Rochon de Rosedale presses a claim against Earl Hendrie of Brampton and is rebuffed.,"{""season"": 145, ""outcome"": ""lost""}",engine,2026-09-08 13:29:29
2847,,other,dominion,Viscount Cameron of Cornwall names an heir,Season 145 · Viscount Cameron of Cornwall names Neil Cameron second heir.,"{""season"": 145, ""heir_age"": 20, ""role"": ""heir2""}",engine,2026-09-08 13:29:29
2848,,societal,dominion,Halifax Explosion,Season 145 · Viscount Rouleau de LaSalle meets Halifax Explosion and leads.,"{""season"": 145, ""response"": ""Lead"", ""roll"": 6, ""personal_year"": 1917, ""magnitude"": ""Major"", ""tag"": ""Mixed""}",engine,2026-09-08 13:29:29
2849,,relational,dominion,Viscount Rouleau de LaSalle reconciles with Baron Turgeon de St.-Jerome,Season 145 · Viscount Rouleau de LaSalle makes peace with Baron Turgeon de St.-Jerome.,"{""season"": 145, ""marker"": ""~""}",engine,2026-09-08 13:29:29
2850,,societal,late,CCF Government in Saskatchewan,Season 145 · Viscount Bhullar of Nanaimo meets CCF Government in Saskatchewan and exploits.,"{""season"": 145, ""response"": ""Exploit"", ""roll"": 5, ""personal_year"": 1944, ""magnitude"": ""Significant"", ""tag"": ""Progressive""}",engine,2026-09-08 13:29:29
2851,,elevation,late,Earl Bhullar of Nanaimo elevated,Season 145 · Viscount Bhullar of Nanaimo is raised to Earl.,"{""season"": 145, ""from"": ""Viscount"", ""to"": ""Earl""}",engine,2026-09-08 13:29:29
2852,,societal,late,The Second World War,Season 145 · Baron Meagher of Windsor meets The Second World War and leads.,"{""season"": 145, ""response"": ""Lead"", ""roll"": 6, ""personal_year"": 1939, ""magnitude"": ""Major"", ""tag"": ""Global""}",engine,2026-09-08 13:29:29
2853,,societal,late,CCF Government in Saskatchewan,Season 145 · Viscount Marchand de Lac-Saint-Louis meets CCF Government in Saskatchewan and exploits.,"{""season"": 145, ""response"": ""Exploit"", ""roll"": 5, ""personal_year"": 1944, ""magnitude"": ""Significant"", ""tag"": ""Progressive""}",engine,2026-09-08 13:29:29
2854,,societal,dominion,Chinese Exclusion Act,Season 145 · Viscount Skye of Belleville meets Chinese Exclusion Act and exploits.,"{""season"": 145, ""response"": ""Exploit"", ""roll"": 5, ""personal_year"": 1923, ""magnitude"": ""Significant"", ""tag"": ""Conservative""}",engine,2026-09-08 13:29:29
2855,,relational,dominion,Viscount Skye of Belleville and Marquis Mercier de Rimouski are joined by marriage,"Season 145 · Aaron Skye marries Eugénie Mercier, binding Viscount Skye of Belleville to Marquis Mercier de Rimouski.","{""season"": 145, ""marker"": ""kin""}",engine,2026-09-08 13:29:29
2856,,relational,dominion,Earl Proulx de Cumberland wins a dispute with Marquis Benjamin of Bellechasse,Season 145 · Earl Proulx de Cumberland carries a dispute against Marquis Benjamin of Bellechasse.,"{""season"": 145, ""outcome"": ""won"", ""marker"": ""~""}",engine,2026-09-08 13:29:29
2857,,relational,confederation,Viscount Worts of Milton and Viscount Cameron of Cornwall are joined by marriage,"Season 145 · Alfred Worts marries Neil Cameron, binding Viscount Worts of Milton to Viscount Cameron of Cornwall.","{""season"": 145, ""marker"": ""kin""}",engine,2026-09-08 13:29:29
2858,,societal,late,CCF Government in Saskatchewan,Season 145 · Viscount Colby of Trois-Rivières meets CCF Government in Saskatchewan and leads.,"{""season"": 145, ""response"": ""Lead"", ""roll"": 6, ""personal_year"": 1944, ""magnitude"": ""Significant"", ""tag"": ""Progressive""}",engine,2026-09-08 13:29:29
2859,,succession,confederation,Earl Gillies of Woburn: disorderly succession,Season 145 · Earl Gillies of Woburn passes in disorder to Norman Gillies.,"{""season"": 145, ""nature"": ""disorderly"", ""cause"": ""death""}",engine,2026-09-08 13:29:29
2860,,relational,confederation,Earl Gillies of Woburn falls out with Marquis Rochon de Rosedale,,"{""season"": 145, ""marker"": ""Sig\u2212"", ""cause"": ""disorderly succession""}",engine,2026-09-08 13:29:29
2861,,transfer,confederation,Earl Gillies of Woburn loses Don Valley North,Season 145 · Earl Gillies of Woburn gives up Don Valley North (disorderly succession).,"{""season"": 145, ""reason"": ""disorderly succession"", ""riding"": ""Don Valley North""}",engine,2026-09-08 13:29:29
2862,,societal,dominion,Chinese Exclusion Act,Season 145 · Baron Lucas of Oakville meets Chinese Exclusion Act and leads.,"{""season"": 145, ""response"": ""Lead"", ""roll"": 6, ""personal_year"": 1923, ""magnitude"": ""Significant"", ""tag"": ""Conservative""}",engine,2026-09-08 13:29:29
2863,,societal,dominion,Winnipeg General Strike,Season 145 · Viscount Dawes of Bourassa meets Winnipeg General Strike and leads.,"{""season"": 145, ""response"": ""Lead"", ""roll"": 6, ""personal_year"": 1919, ""magnitude"": ""Major"", ""tag"": ""Mixed""}",engine,2026-09-08 13:29:29
2864,,relational,late,Baron Turgeon de St.-Jerome loses a dispute with Baron Rouleau de Chambly,Season 145 · Baron Turgeon de St.-Jerome presses a claim against Baron Rouleau de Chambly and is rebuffed.,"{""season"": 145, ""outcome"": ""lost""}",engine,2026-09-08 13:29:29
2865,,societal,dominion,Chinese Exclusion Act,Season 145 · Viscount Gillies of Aurora meets Chinese Exclusion Act and stands aside.,"{""season"": 145, ""response"": ""Neutral"", ""roll"": 0, ""personal_year"": 1923, ""magnitude"": ""Significant"", ""tag"": ""Conservative""}",engine,2026-09-08 13:29:29
2866,,societal,dominion,Halifax Explosion,Season 145 · Baron Furlong of Émard meets Halifax Explosion and resists.,"{""season"": 145, ""response"": ""Resist"", ""roll"": 2, ""personal_year"": 1917, ""magnitude"": ""Major"", ""tag"": ""Mixed""}",engine,2026-09-08 13:29:29
2867,,societal,dominion,Conscription Crisis,Season 145 · Earl Beauvais of Charles-LeMoyne meets Conscription Crisis and exploits.,"{""season"": 145, ""response"": ""Exploit"", ""roll"": 5, ""personal_year"": 1917, ""magnitude"": ""Major"", ""tag"": ""Mixed""}",engine,2026-09-08 13:29:29
2868,,societal,late,The Second World War,Season 145 · Viscount Benjamin of La Pointe-de-l'Île meets The Second World War and leads.,"{""season"": 145, ""response"": ""Lead"", ""roll"": 6, ""personal_year"": 1939, ""magnitude"": ""Major"", ""tag"": ""Global""}",engine,2026-09-08 13:29:29
2869,,relational,late,Viscount Benjamin of La Pointe-de-l'Île reconciles with Baron Turgeon de St.-Jerome,Season 145 · Viscount Benjamin of La Pointe-de-l'Île makes peace with Baron Turgeon de St.-Jerome.,"{""season"": 145, ""marker"": ""~""}",engine,2026-09-08 13:29:29
2870,,societal,dominion,Nickle Resolution Defeated,Season 145 · Viscount Chapais de Saint-Hyacinthe meets Nickle Resolution Defeated and leads.,"{""season"": 145, ""response"": ""Lead"", ""roll"": 6, ""personal_year"": 1919, ""magnitude"": ""Minor"", ""tag"": ""Mixed""}",engine,2026-09-08 13:29:29
2871,,societal,dominion,Nickle Resolution Defeated,Season 145 · Baron Rouleau de Chambly meets Nickle Resolution Defeated and stands aside.,"{""season"": 145, ""response"": ""Neutral"", ""roll"": 1, ""personal_year"": 1919, ""magnitude"": ""Minor"", ""tag"": ""Mixed""}",engine,2026-09-08 13:29:29
2872,,societal,late,The Second World War,Season 145 · Baron Dickson of Moncton meets The Second World War and resists.,"{""season"": 145, ""response"": ""Resist"", ""roll"": 3, ""personal_year"": 1939, ""magnitude"": ""Major"", ""tag"": ""Global""}",engine,2026-09-08 13:29:29
2873,,succession,dominion,Viscount Stefaniuk of North Battleford: clean succession,Season 145 · Varvara Stefaniuk succeeds to Viscount Stefaniuk of North Battleford.,"{""season"": 145, ""nature"": ""clean"", ""cause"": ""death""}",engine,2026-09-08 13:29:29
2874,,societal,dominion,Chinese Exclusion Act,Season 145 · Baron Uniacke of Bowmanville meets Chinese Exclusion Act and exploits.,"{""season"": 145, ""response"": ""Exploit"", ""roll"": 4, ""personal_year"": 1923, ""magnitude"": ""Significant"", ""tag"": ""Conservative""}",engine,2026-09-08 13:29:29
2875,,societal,confederation,Jesuits' Estates Act Controversy,Season 145 · Baron Jarvis of Spadina meets Jesuits' Estates Act Controversy and leads.,"{""season"": 145, ""response"": ""Lead"", ""roll"": 6, ""personal_year"": 1888, ""magnitude"": ""Significant"", ""tag"": ""Conservative""}",engine,2026-09-08 13:29:29
2876,,relational,dominion,Baron Stefaniuk of Regina corresponds with Viscount Stefaniuk of North Battleford,Season 145 · Baron Stefaniuk of Regina opens a correspondence with Viscount Stefaniuk of North Battleford.,"{""season"": 145, ""marker"": ""~""}",engine,2026-09-08 13:29:29
2877,,societal,confederation,Laurier Elected,Season 145 · Baron Dyck of Calgary McKnight meets Laurier Elected and exploits.,"{""season"": 145, ""response"": ""Exploit"", ""roll"": 5, ""personal_year"": 1896, ""magnitude"": ""Significant"", ""tag"": ""Progressive""}",engine,2026-09-08 13:29:29
2878,,other,confederation,Baron Shawanaga of Waterloo endows an institution,Season 145 · Baron Shawanaga of Waterloo endows an institution.,"{""season"": 145}",engine,2026-09-08 13:29:29
2879,,societal,late,CCF Government in Saskatchewan,Season 145 · Baron Elliott of Mistassini meets CCF Government in Saskatchewan and exploits.,"{""season"": 145, ""response"": ""Exploit"", ""roll"": 5, ""personal_year"": 1944, ""magnitude"": ""Significant"", ""tag"": ""Progressive""}",engine,2026-09-08 13:29:29
2880,,societal,confederation,British Columbia Joins; Treaty 1 Signed,Season 145 · Baron Trudel de Chicoutimi meets British Columbia Joins; Treaty 1 Signed and resists.,"{""season"": 145, ""response"": ""Resist"", ""roll"": 3, ""personal_year"": 1871, ""magnitude"": ""Significant"", ""tag"": ""Mixed""}",engine,2026-09-08 13:29:29
2881,,relational,confederation,Baron Trudel de Chicoutimi corresponds with Baron Meagher of Windsor,Season 145 · Baron Trudel de Chicoutimi opens a correspondence with Baron Meagher of Windsor.,"{""season"": 145, ""marker"": ""\u25ce""}",engine,2026-09-08 13:29:29
2882,,other,confederation,Viscount Cashin of Guelph names an heir,Season 145 · Viscount Cashin of Guelph names Bernard Cashin heir.,"{""season"": 145, ""heir_age"": 13, ""role"": ""heir""}",engine,2026-09-08 13:29:29
2883,,founding,confederation,Baron Hendry of Burnaby founded,"Season 145 · Baron Hendry of Burnaby is created, seated at Burnaby North—Seymour.","{""season"": 145, ""stats"": {""capital"": 37, ""influence"": 25, ""cohesion"": 79, ""ambition"": 2}, ""community"": ""Scots Coastal Commercial"", ""tag"": ""Progressive""}",engine,2026-09-08 13:29:29
2884,,relational,dominion,Earl Beauvais of Charles-LeMoyne and Baron Rouleau de Chambly fall out,Season 146 · Earl Beauvais of Charles-LeMoyne and Baron Rouleau de Chambly fall out over the water rights of a shared river.,"{""season"": 146, ""marker"": ""Sig\u2212"", ""cause"": ""friction"", ""grievance"": ""the water rights of a shared river""}",engine,2026-09-08 13:29:29
2885,,relational,late,Marquis Benjamin of Bellechasse and Baron Turgeon de St.-Jerome fall out,Season 146 · Marquis Benjamin of Bellechasse and Baron Turgeon de St.-Jerome fall out over the patronage of a shared riding's offices.,"{""season"": 146, ""marker"": ""Sig\u2212"", ""cause"": ""friction"", ""grievance"": ""the patronage of a shared riding's offices""}",engine,2026-09-08 13:29:29
2886,,relational,late,Earl Bhullar of Nanaimo and Baron Cornwall of Revelstoke fall out,Season 146 · Earl Bhullar of Nanaimo and Baron Cornwall of Revelstoke fall out over the patronage of a shared riding's offices.,"{""season"": 146, ""marker"": ""Sig\u2212"", ""cause"": ""friction"", ""grievance"": ""the patronage of a shared riding's offices""}",engine,2026-09-08 13:29:29
2887,,relational,dominion,Baron Lucas of Oakville and Viscount Worts of Milton fall out,Season 146 · Baron Lucas of Oakville and Viscount Worts of Milton fall out over the patronage of a shared riding's offices.,"{""season"": 146, ""marker"": ""Sig\u2212"", ""cause"": ""friction"", ""grievance"": ""the patronage of a shared riding's offices""}",engine,2026-09-08 13:29:29
2888,,relational,confederation,Marquis Rochon de Rosedale and Viscount Worts of Milton fall out,Season 146 · Marquis Rochon de Rosedale and Viscount Worts of Milton fall out over a slighted marriage between the two houses.,"{""season"": 146, ""marker"": ""Sig\u2212"", ""cause"": ""friction"", ""grievance"": ""a slighted marriage between the two houses""}",engine,2026-09-08 13:29:29
2889,,societal,dominion,Reciprocity Election,Season 146 · Viscount Stefaniuk of Emerson meets Reciprocity Election and exploits.,"{""season"": 146, ""response"": ""Exploit"", ""roll"": 4, ""personal_year"": 1911, ""magnitude"": ""Significant"", ""tag"": ""Conservative""}",engine,2026-09-08 13:29:29
2890,,societal,late,Family Allowance,Season 146 · Marquis Benjamin of Bellechasse meets Family Allowance and resists.,"{""season"": 146, ""response"": ""Resist"", ""roll"": 3, ""personal_year"": 1945, ""magnitude"": ""Significant"", ""tag"": ""Progressive""}",engine,2026-09-08 13:29:29
2891,,relational,late,Earl Bouchard de Terrebonne wins a dispute with Marquis Benjamin of Bellechasse,Season 146 · Earl Bouchard de Terrebonne carries a dispute against Marquis Benjamin of Bellechasse.,"{""season"": 146, ""outcome"": ""won"", ""marker"": ""~""}",engine,2026-09-08 13:29:29
2892,,societal,dominion,Spanish Influenza,Season 146 · Marquis Hays of Beloeil meets Spanish Influenza and leads.,"{""season"": 146, ""response"": ""Lead"", ""roll"": 6, ""personal_year"": 1918, ""magnitude"": ""Significant"", ""tag"": ""Global""}",engine,2026-09-08 13:29:29
2893,,societal,late,Family Allowance,Season 146 · Earl Langelier de Charlevoix meets Family Allowance and resists.,"{""season"": 146, ""response"": ""Resist"", ""roll"": 3, ""personal_year"": 1945, ""magnitude"": ""Significant"", ""tag"": ""Progressive""}",engine,2026-09-08 13:29:29
2894,,other,confederation,Marquis Meagher of Chatham endows an institution,Season 146 · Marquis Meagher of Chatham endows an institution.,"{""season"": 146}",engine,2026-09-08 13:29:29
2895,,succession,confederation,Baron Hoover of Simcoe: clean succession,Season 146 · Isaac Hoover succeeds to Baron Hoover of Simcoe.,"{""season"": 146, ""nature"": ""clean"", ""cause"": ""death""}",engine,2026-09-08 13:29:29
2896,,elevation,confederation,Viscount Hoover of Simcoe elevated,Season 146 · Baron Hoover of Simcoe is raised to Viscount.,"{""season"": 146, ""from"": ""Baron"", ""to"": ""Viscount""}",engine,2026-09-08 13:29:29
2897,,relational,confederation,Marquis Patterson of Kennebecasis corresponds with Baron Elliott of Mistassini,Season 146 · Marquis Patterson of Kennebecasis opens a correspondence with Baron Elliott of Mistassini.,"{""season"": 146, ""marker"": ""\u25ce""}",engine,2026-09-08 13:29:29
2898,,other,confederation,Baron Cardinal of Steinbach names an heir,Season 146 · Baron Cardinal of Steinbach names Catherine Cardinal heir.,"{""season"": 146, ""heir_age"": 18, ""role"": ""heir""}",engine,2026-09-08 13:29:29
2899,,relational,dominion,Viscount Rouleau de LaSalle loses a dispute with Marquis Hays of Beloeil,Season 146 · Viscount Rouleau de LaSalle presses a claim against Marquis Hays of Beloeil and is rebuffed.,"{""season"": 146, ""outcome"": ""lost""}",engine,2026-09-08 13:29:29
2900,,societal,late,Family Allowance,Season 146 · Earl Bhullar of Nanaimo meets Family Allowance and exploits.,"{""season"": 146, ""response"": ""Exploit"", ""roll"": 4, ""personal_year"": 1945, ""magnitude"": ""Significant"", ""tag"": ""Progressive""}",engine,2026-09-08 13:29:29
2901,,relational,confederation,Earl Byrne of Cooksville corresponds with Baron Cogswell of Argentia,Season 146 · Earl Byrne of Cooksville opens a correspondence with Baron Cogswell of Argentia.,"{""season"": 146, ""marker"": ""+""}",engine,2026-09-08 13:29:29
2902,,societal,late,Family Allowance,Season 146 · Viscount Marchand de Lac-Saint-Louis meets Family Allowance and resists.,"{""season"": 146, ""response"": ""Resist"", ""roll"": 3, ""personal_year"": 1945, ""magnitude"": ""Significant"", ""tag"": ""Progressive""}",engine,2026-09-08 13:29:29
2903,,societal,late,Family Allowance,Season 146 · Earl Proulx de Cumberland meets Family Allowance and resists.,"{""season"": 146, ""response"": ""Resist"", ""roll"": 3, ""personal_year"": 1945, ""magnitude"": ""Significant"", ""tag"": ""Progressive""}",engine,2026-09-08 13:29:29
2904,,societal,late,Family Allowance,Season 146 · Viscount Colby of Trois-Rivières meets Family Allowance and resists.,"{""season"": 146, ""response"": ""Resist"", ""roll"": 2, ""personal_year"": 1945, ""magnitude"": ""Significant"", ""tag"": ""Progressive""}",engine,2026-09-08 13:29:29
2905,,relational,late,Baron Turgeon de St.-Jerome loses a dispute with Marquis Benjamin of Bellechasse,Season 146 · Baron Turgeon de St.-Jerome presses a claim against Marquis Benjamin of Bellechasse and is rebuffed.,"{""season"": 146, ""outcome"": ""lost""}",engine,2026-09-08 13:29:29
2906,,relational,dominion,Viscount Gillies of Aurora corresponds with Viscount Stefaniuk of North Battleford,Season 146 · Viscount Gillies of Aurora opens a correspondence with Viscount Stefaniuk of North Battleford.,"{""season"": 146, ""marker"": ""+""}",engine,2026-09-08 13:29:29
2907,,societal,dominion,Spanish Influenza,Season 146 · Baron Furlong of Émard meets Spanish Influenza and stands aside.,"{""season"": 146, ""response"": ""Neutral"", ""roll"": 1, ""personal_year"": 1918, ""magnitude"": ""Significant"", ""tag"": ""Global""}",engine,2026-09-08 13:29:29
2908,,societal,dominion,Spanish Influenza,Season 146 · Earl Beauvais of Charles-LeMoyne meets Spanish Influenza and resists.,"{""season"": 146, ""response"": ""Resist"", ""roll"": 3, ""personal_year"": 1918, ""magnitude"": ""Significant"", ""tag"": ""Global""}",engine,2026-09-08 13:29:29
2909,,relational,dominion,Viscount Chapais de Saint-Hyacinthe loses a dispute with Marquis Mercier de Rimouski,Season 146 · Viscount Chapais de Saint-Hyacinthe presses a claim against Marquis Mercier de Rimouski and is rebuffed.,"{""season"": 146, ""outcome"": ""lost""}",engine,2026-09-08 13:29:29
2910,,relational,late,Baron Dickson of Moncton corresponds with Earl Beauvais of Charles-LeMoyne,Season 146 · Baron Dickson of Moncton opens a correspondence with Earl Beauvais of Charles-LeMoyne.,"{""season"": 146, ""marker"": ""\u25ce""}",engine,2026-09-08 13:29:29
2911,,societal,dominion,Alaska Boundary Award,Season 146 · Baron Langelier de Rosemont meets Alaska Boundary Award and resists.,"{""season"": 146, ""response"": ""Resist"", ""roll"": 2, ""personal_year"": 1903, ""magnitude"": ""Minor"", ""tag"": ""Mixed""}",engine,2026-09-08 13:29:29
2912,,relational,dominion,Baron Langelier de Rosemont reconciles with Marquis Hays of Beloeil,Season 146 · Baron Langelier de Rosemont makes peace with Marquis Hays of Beloeil.,"{""season"": 146, ""marker"": ""~""}",engine,2026-09-08 13:29:29
2913,,societal,dominion,Alaska Boundary Award,Season 146 · Baron Stefaniuk of Regina meets Alaska Boundary Award and exploits.,"{""season"": 146, ""response"": ""Exploit"", ""roll"": 4, ""personal_year"": 1903, ""magnitude"": ""Minor"", ""tag"": ""Mixed""}",engine,2026-09-08 13:29:29
2914,,relational,dominion,Baron Stefaniuk of Regina and Earl Bhullar of Nanaimo are joined by marriage,"Season 146 · Mykhailo Stefaniuk marries Swaran Bhullar, binding Baron Stefaniuk of Regina to Earl Bhullar of Nanaimo.","{""season"": 146, ""marker"": ""kin""}",engine,2026-09-08 13:29:29
2915,,societal,confederation,Diamond Jubilee,Season 146 · Baron Dyck of Calgary McKnight meets Diamond Jubilee and resists.,"{""season"": 146, ""response"": ""Resist"", ""roll"": 3, ""personal_year"": 1897, ""magnitude"": ""Minor"", ""tag"": ""Conservative""}",engine,2026-09-08 13:29:29
2916,,societal,late,Family Allowance,Season 146 · Baron Elliott of Mistassini meets Family Allowance and leads.,"{""season"": 146, ""response"": ""Lead"", ""roll"": 6, ""personal_year"": 1945, ""magnitude"": ""Significant"", ""tag"": ""Progressive""}",engine,2026-09-08 13:29:29
2917,,societal,confederation,National Policy,Season 146 · Baron Murray of Sydney meets National Policy and resists.,"{""season"": 146, ""response"": ""Resist"", ""roll"": 2, ""personal_year"": 1878, ""magnitude"": ""Significant"", ""tag"": ""Conservative""}",engine,2026-09-08 13:29:29
2918,,societal,confederation,Red River Resistance,Season 146 · Viscount Cashin of Guelph meets Red River Resistance and exploits.,"{""season"": 146, ""response"": ""Exploit"", ""roll"": 4, ""personal_year"": 1869, ""magnitude"": ""Major"", ""tag"": ""Mixed""}",engine,2026-09-08 13:29:29
2919,,founding,confederation,Baron Sparrow of Penticton founded,"Season 146 · Baron Sparrow of Penticton is created, seated at Similkameen—South Okanagan—West Kootenay.","{""season"": 146, ""stats"": {""capital"": 32, ""influence"": 33, ""cohesion"": 78, ""ambition"": 2}, ""community"": ""Coast Salish"", ""tag"": ""Outside""}",engine,2026-09-08 13:29:29
2920,,relational,late,Earl Bhullar of Nanaimo and Viscount Stefaniuk of North Battleford fall out,Season 147 · Earl Bhullar of Nanaimo and Viscount Stefaniuk of North Battleford fall out over the water rights of a shared river.,"{""season"": 147, ""marker"": ""Sig\u2212"", ""cause"": ""friction"", ""grievance"": ""the water rights of a shared river""}",engine,2026-09-08 13:29:29
2921,,relational,dominion,Baron Furlong of Émard and Viscount Rouleau de LaSalle fall out,Season 147 · Baron Furlong of Émard and Viscount Rouleau de LaSalle fall out over a slighted marriage between the two houses.,"{""season"": 147, ""marker"": ""Sig\u2212"", ""cause"": ""friction"", ""grievance"": ""a slighted marriage between the two houses""}",engine,2026-09-08 13:29:29
2922,,relational,dominion,Viscount Gillies of Aurora and Baron Uniacke of Bowmanville fall out,Season 147 · Viscount Gillies of Aurora and Baron Uniacke of Bowmanville fall out over a slighted marriage between the two houses.,"{""season"": 147, ""marker"": ""Sig\u2212"", ""cause"": ""friction"", ""grievance"": ""a slighted marriage between the two houses""}",engine,2026-09-08 13:29:29
2923,,relational,confederation,Viscount Stefaniuk of North Battleford and Baron Stefaniuk of Regina fall out,Season 147 · Viscount Stefaniuk of North Battleford and Baron Stefaniuk of Regina fall out over a boundary the two houses read differently.,"{""season"": 147, ""marker"": ""Sig\u2212"", ""cause"": ""friction"", ""grievance"": ""a boundary the two houses read differently""}",engine,2026-09-08 13:29:29
2924,,relational,dominion,Viscount Elliott of Glengarry wins a dispute with Baron Uniacke of Bowmanville,Season 147 · Viscount Elliott of Glengarry carries a dispute against Baron Uniacke of Bowmanville.,"{""season"": 147, ""outcome"": ""won"", ""marker"": ""~""}",engine,2026-09-08 13:29:29
2925,,societal,dominion,Regulation 17,Season 147 · Viscount Stefaniuk of Emerson meets Regulation 17 and exploits.,"{""season"": 147, ""response"": ""Exploit"", ""roll"": 4, ""personal_year"": 1912, ""magnitude"": ""Major"", ""tag"": ""Conservative""}",engine,2026-09-08 13:29:29
2926,,relational,dominion,Viscount Stefaniuk of Emerson reconciles with Viscount Stefaniuk of North Battleford,Season 147 · Viscount Stefaniuk of Emerson makes peace with Viscount Stefaniuk of North Battleford.,"{""season"": 147, ""marker"": ""~""}",engine,2026-09-08 13:29:29
2927,,other,late,Earl Bouchard de Terrebonne names an heir,Season 147 · Earl Bouchard de Terrebonne names Napoléon Bouchard second heir.,"{""season"": 147, ""heir_age"": 37, ""role"": ""heir2""}",engine,2026-09-08 13:29:29
2928,,societal,dominion,Winnipeg General Strike,Season 147 · Marquis Hays of Beloeil meets Winnipeg General Strike and leads.,"{""season"": 147, ""response"": ""Lead"", ""roll"": 6, ""personal_year"": 1919, ""magnitude"": ""Major"", ""tag"": ""Mixed""}",engine,2026-09-08 13:29:29
2929,,succession,late,Earl Langelier de Charlevoix: disorderly succession,Season 147 · Earl Langelier de Charlevoix passes in disorder to Léocadie Langelier.,"{""season"": 147, ""nature"": ""disorderly"", ""cause"": ""death""}",engine,2026-09-08 13:29:29
2930,,transfer,confederation,Earl Langelier de Charlevoix loses Nunavut,Season 147 · Earl Langelier de Charlevoix gives up Nunavut (disorderly succession).,"{""season"": 147, ""reason"": ""disorderly succession"", ""riding"": ""Nunavut""}",engine,2026-09-08 13:29:29
2931,,other,confederation,Viscount Hoover of Simcoe names an heir,Season 147 · Viscount Hoover of Simcoe names Isaac Hoover heir.,"{""season"": 147, ""heir_age"": 11, ""role"": ""heir""}",engine,2026-09-08 13:29:29
2932,,relational,confederation,Marquis Patterson of Kennebecasis and Viscount McLellan of Belfast form a compact,Season 147 · Marquis Patterson of Kennebecasis and Viscount McLellan of Belfast enter into a compact.,"{""season"": 147, ""marker"": ""\u25c9+""}",engine,2026-09-08 13:29:29
2933,,expansion,dominion,Viscount Cameron of Cornwall takes Don Valley North,Season 147 · Viscount Cameron of Cornwall takes Don Valley North.,"{""season"": 147, ""riding"": ""Don Valley North"", ""roll"": 10}",engine,2026-09-08 13:29:29
2934,,societal,dominion,Winnipeg General Strike,Season 147 · Viscount Rouleau de LaSalle meets Winnipeg General Strike and exploits.,"{""season"": 147, ""response"": ""Exploit"", ""roll"": 5, ""personal_year"": 1919, ""magnitude"": ""Major"", ""tag"": ""Mixed""}",engine,2026-09-08 13:29:29
2935,,relational,dominion,Viscount Rouleau de LaSalle loses a dispute with Baron Furlong of Émard,Season 147 · Viscount Rouleau de LaSalle presses a claim against Baron Furlong of Émard and is rebuffed.,"{""season"": 147, ""outcome"": ""lost""}",engine,2026-09-08 13:29:29
2936,,relational,confederation,Earl Byrne of Cooksville corresponds with Earl Gillies of Woburn,Season 147 · Earl Byrne of Cooksville opens a correspondence with Earl Gillies of Woburn.,"{""season"": 147, ""marker"": ""\u25ce""}",engine,2026-09-08 13:29:29
2937,,elevation,late,Earl Marchand de Lac-Saint-Louis elevated,Season 147 · Viscount Marchand de Lac-Saint-Louis is raised to Earl.,"{""season"": 147, ""from"": ""Viscount"", ""to"": ""Earl""}",engine,2026-09-08 13:29:29
2938,,societal,dominion,United Church Formed,Season 147 · Baron Lucas of Oakville meets United Church Formed and resists.,"{""season"": 147, ""response"": ""Resist"", ""roll"": 2, ""personal_year"": 1925, ""magnitude"": ""Minor"", ""tag"": ""Progressive""}",engine,2026-09-08 13:29:29
2939,,societal,dominion,Progressives and the First Woman MP,Season 147 · Viscount Dawes of Bourassa meets Progressives and the First Woman MP and stands aside.,"{""season"": 147, ""response"": ""Neutral"", ""roll"": 1, ""personal_year"": 1921, ""magnitude"": ""Significant"", ""tag"": ""Progressive""}",engine,2026-09-08 13:29:29
2940,,succession,dominion,Viscount Dawes of Bourassa: clean succession,Season 147 · Marjory Dawes succeeds to Viscount Dawes of Bourassa.,"{""season"": 147, ""nature"": ""clean"", ""cause"": ""death""}",engine,2026-09-08 13:29:29
2941,,relational,confederation,Viscount Dawes of Bourassa and Baron Lucas of Oakville form a compact,Season 147 · Viscount Dawes of Bourassa and Baron Lucas of Oakville enter into a compact.,"{""season"": 147, ""marker"": ""\u25c9+""}",engine,2026-09-08 13:29:29
2942,,relational,late,Baron Wallace of Hespeler corresponds with Marquis Patterson of Kennebecasis,Season 147 · Baron Wallace of Hespeler opens a correspondence with Marquis Patterson of Kennebecasis.,"{""season"": 147, ""marker"": ""\u25c9+""}",engine,2026-09-08 13:29:29
2943,,societal,dominion,United Church Formed,Season 147 · Viscount Gillies of Aurora meets United Church Formed and leads.,"{""season"": 147, ""response"": ""Lead"", ""roll"": 6, ""personal_year"": 1925, ""magnitude"": ""Minor"", ""tag"": ""Progressive""}",engine,2026-09-08 13:29:29
2944,,societal,dominion,Nickle Resolution Defeated,Season 147 · Baron Furlong of Émard meets Nickle Resolution Defeated and leads.,"{""season"": 147, ""response"": ""Lead"", ""roll"": 6, ""personal_year"": 1919, ""magnitude"": ""Minor"", ""tag"": ""Mixed""}",engine,2026-09-08 13:29:29
2945,,societal,dominion,Winnipeg General Strike,Season 147 · Earl Beauvais of Charles-LeMoyne meets Winnipeg General Strike and resists.,"{""season"": 147, ""response"": ""Resist"", ""roll"": 2, ""personal_year"": 1919, ""magnitude"": ""Major"", ""tag"": ""Mixed""}",engine,2026-09-08 13:29:29
2946,,relational,confederation,Viscount Smoke of Barrie corresponds with Viscount Chapais de Saint-Hyacinthe,Season 147 · Viscount Smoke of Barrie opens a correspondence with Viscount Chapais de Saint-Hyacinthe.,"{""season"": 147, ""marker"": ""\u25ce""}",engine,2026-09-08 13:29:29
2947,,societal,dominion,Progressives and the First Woman MP,Season 147 · Viscount Chapais de Saint-Hyacinthe meets Progressives and the First Woman MP and resists.,"{""season"": 147, ""response"": ""Resist"", ""roll"": 2, ""personal_year"": 1921, ""magnitude"": ""Significant"", ""tag"": ""Progressive""}",engine,2026-09-08 13:29:29
2948,,succession,dominion,Viscount Chapais de Saint-Hyacinthe: clean succession,Season 147 · Émilie Chapais succeeds to Viscount Chapais de Saint-Hyacinthe.,"{""season"": 147, ""nature"": ""clean"", ""cause"": ""death""}",engine,2026-09-08 13:29:29
2949,,societal,dominion,Progressives and the First Woman MP,Season 147 · Baron Rouleau de Chambly meets Progressives and the First Woman MP and exploits.,"{""season"": 147, ""response"": ""Exploit"", ""roll"": 5, ""personal_year"": 1921, ""magnitude"": ""Significant"", ""tag"": ""Progressive""}",engine,2026-09-08 13:29:29
2950,,relational,dominion,Baron Rouleau de Chambly loses a dispute with Earl Beauvais of Charles-LeMoyne,Season 147 · Baron Rouleau de Chambly presses a claim against Earl Beauvais of Charles-LeMoyne and is rebuffed.,"{""season"": 147, ""outcome"": ""lost""}",engine,2026-09-08 13:29:29
2951,,societal,dominion,United Church Formed,Season 147 · Baron Uniacke of Bowmanville meets United Church Formed and stands aside.,"{""season"": 147, ""response"": ""Neutral"", ""roll"": 1, ""personal_year"": 1925, ""magnitude"": ""Minor"", ""tag"": ""Progressive""}",engine,2026-09-08 13:29:29
2952,,other,dominion,Baron Uniacke of Bowmanville endows an institution,Season 147 · Baron Uniacke of Bowmanville endows an institution.,"{""season"": 147}",engine,2026-09-08 13:29:29
2953,,societal,confederation,Manitoba Schools Question,Season 147 · Baron Jarvis of Spadina meets Manitoba Schools Question and exploits.,"{""season"": 147, ""response"": ""Exploit"", ""roll"": 5, ""personal_year"": 1890, ""magnitude"": ""Major"", ""tag"": ""Conservative""}",engine,2026-09-08 13:29:29
2954,,relational,confederation,Baron Shawanaga of Waterloo and Earl Langelier de Charlevoix form a compact,Season 147 · Baron Shawanaga of Waterloo and Earl Langelier de Charlevoix enter into a compact.,"{""season"": 147, ""marker"": ""\u25c9+""}",engine,2026-09-08 13:29:29
2955,,societal,confederation,Pacific Scandal,Season 147 · Baron Trudel de Chicoutimi meets Pacific Scandal and exploits.,"{""season"": 147, ""response"": ""Exploit"", ""roll"": 4, ""personal_year"": 1873, ""magnitude"": ""Significant"", ""tag"": ""Progressive""}",engine,2026-09-08 13:29:29
2956,,relational,confederation,Baron Trudel de Chicoutimi corresponds with Baron Meagher of Windsor,Season 147 · Baron Trudel de Chicoutimi opens a correspondence with Baron Meagher of Windsor.,"{""season"": 147, ""marker"": ""+""}",engine,2026-09-08 13:29:29
2957,,societal,confederation,Confederation Extension (Manitoba Act),Season 147 · Viscount Cashin of Guelph meets Confederation Extension (Manitoba Act) and exploits.,"{""season"": 147, ""response"": ""Exploit"", ""roll"": 5, ""personal_year"": 1870, ""magnitude"": ""Major"", ""tag"": ""Mixed""}",engine,2026-09-08 13:29:29
2958,,societal,confederation,Red River Resistance,Season 147 · Baron Hendry of Burnaby meets Red River Resistance and exploits.,"{""season"": 147, ""response"": ""Exploit"", ""roll"": 4, ""personal_year"": 1869, ""magnitude"": ""Major"", ""tag"": ""Mixed""}",engine,2026-09-08 13:29:29
2959,,expansion,confederation,Baron Hendry of Burnaby takes Vancouver East,Season 147 · Baron Hendry of Burnaby takes Vancouver East.,"{""season"": 147, ""riding"": ""Vancouver East"", ""roll"": 7}",engine,2026-09-08 13:29:29
2960,,other,confederation,Baron Sparrow of Penticton names an heir,Season 147 · Baron Sparrow of Penticton names Dan Sparrow heir.,"{""season"": 147, ""heir_age"": 45, ""role"": ""heir""}",engine,2026-09-08 13:29:29
2961,,relational,dominion,Earl Bird of Winnipeg and Viscount Stefaniuk of Emerson fall out,Season 148 · Earl Bird of Winnipeg and Viscount Stefaniuk of Emerson fall out over a boundary the two houses read differently.,"{""season"": 148, ""marker"": ""Sig\u2212"", ""cause"": ""friction"", ""grievance"": ""a boundary the two houses read differently""}",engine,2026-09-08 13:29:29
2962,,relational,dominion,Viscount Stefaniuk of Emerson wins a dispute with Earl Bird of Winnipeg,Season 148 · Viscount Stefaniuk of Emerson carries a dispute against Earl Bird of Winnipeg.,"{""season"": 148, ""outcome"": ""won"", ""marker"": ""~""}",engine,2026-09-08 13:29:29
2963,,societal,late,Canadian Citizenship Act,Season 148 · Marquis Benjamin of Bellechasse meets Canadian Citizenship Act and exploits.,"{""season"": 148, ""response"": ""Exploit"", ""roll"": 4, ""personal_year"": 1947, ""magnitude"": ""Minor"", ""tag"": ""Progressive""}",engine,2026-09-08 13:29:29
2964,,societal,late,Japanese-Canadian Internment,Season 148 · Marquis Mercier de Rimouski meets Japanese-Canadian Internment and resists.,"{""season"": 148, ""response"": ""Resist"", ""roll"": 3, ""personal_year"": 1942, ""magnitude"": ""Major"", ""tag"": ""Conservative""}",engine,2026-09-08 13:29:29
2965,,societal,late,Canadian Citizenship Act,Season 148 · Earl Bouchard de Terrebonne meets Canadian Citizenship Act and stands aside.,"{""season"": 148, ""response"": ""Neutral"", ""roll"": 1, ""personal_year"": 1947, ""magnitude"": ""Minor"", ""tag"": ""Progressive""}",engine,2026-09-08 13:29:29
2966,,succession,dominion,Marquis Hays of Beloeil: clean succession,Season 148 · Abraham Hays succeeds to Marquis Hays of Beloeil.,"{""season"": 148, ""nature"": ""clean"", ""cause"": ""death""}",engine,2026-09-08 13:29:29
2967,,other,confederation,Earl Langelier de Charlevoix names an heir,Season 148 · Earl Langelier de Charlevoix names Geneviève Langelier heir.,"{""season"": 148, ""heir_age"": 23, ""role"": ""heir""}",engine,2026-09-08 13:29:29
2968,,societal,confederation,Montréal Smallpox Epidemic,Season 148 · Marquis Rochon de Rosedale meets Montréal Smallpox Epidemic and stands aside.,"{""season"": 148, ""response"": ""Neutral"", ""roll"": 0, ""personal_year"": 1885, ""magnitude"": ""Significant"", ""tag"": ""Progressive""}",engine,2026-09-08 13:29:29
2969,,relational,dominion,Viscount Cameron of Cornwall loses a dispute with Baron Uniacke of Bowmanville,Season 148 · Viscount Cameron of Cornwall presses a claim against Baron Uniacke of Bowmanville and is rebuffed.,"{""season"": 148, ""outcome"": ""lost""}",engine,2026-09-08 13:29:29
2970,,relational,confederation,Baron Cardinal of Steinbach loses a dispute with Viscount Stefaniuk of Emerson,Season 148 · Baron Cardinal of Steinbach presses a claim against Viscount Stefaniuk of Emerson and is rebuffed.,"{""season"": 148, ""outcome"": ""lost""}",engine,2026-09-08 13:29:29
2971,,relational,dominion,Viscount Rouleau de LaSalle wins a dispute with Baron Furlong of Émard,Season 148 · Viscount Rouleau de LaSalle carries a dispute against Baron Furlong of Émard.,"{""season"": 148, ""outcome"": ""won"", ""marker"": ""~""}",engine,2026-09-08 13:29:29
2972,,societal,late,The Second World War,Season 148 · Earl Hendrie of Brampton meets The Second World War and resists.,"{""season"": 148, ""response"": ""Resist"", ""roll"": 3, ""personal_year"": 1939, ""magnitude"": ""Major"", ""tag"": ""Global""}",engine,2026-09-08 13:29:29
2973,,relational,late,Earl Hendrie of Brampton corresponds with Baron Jarvis of Spadina,Season 148 · Earl Hendrie of Brampton opens a correspondence with Baron Jarvis of Spadina.,"{""season"": 148, ""marker"": ""\u25ce""}",engine,2026-09-08 13:29:29
2974,,societal,late,Canadian Citizenship Act,Season 148 · Earl Bhullar of Nanaimo meets Canadian Citizenship Act and resists.,"{""season"": 148, ""response"": ""Resist"", ""roll"": 2, ""personal_year"": 1947, ""magnitude"": ""Minor"", ""tag"": ""Progressive""}",engine,2026-09-08 13:29:29
2975,,founding,late,Baron Bhullar of Grand Prairie founded by partition from Earl Bhullar of Nanaimo,Season 148 · Baron Bhullar of Grand Prairie is founded by partition from Earl Bhullar of Nanaimo.,"{""season"": 148, ""nature"": ""partition"", ""parent"": ""Bhullar""}",engine,2026-09-08 13:29:29
2976,,succession,late,Earl Bhullar of Nanaimo: clean succession,Season 148 · Swaran Bhullar succeeds to Earl Bhullar of Nanaimo.,"{""season"": 148, ""nature"": ""clean"", ""cause"": ""death""}",engine,2026-09-08 13:29:29
2977,,relational,confederation,Earl Bhullar of Nanaimo corresponds with Viscount Stefaniuk of North Battleford,Season 148 · Earl Bhullar of Nanaimo opens a correspondence with Viscount Stefaniuk of North Battleford.,"{""season"": 148, ""marker"": ""Sig\u2212""}",engine,2026-09-08 13:29:29
2978,,relational,confederation,Marquis Pegahmagabow of Wawa corresponds with Marquis Mercier de Rimouski,Season 148 · Marquis Pegahmagabow of Wawa opens a correspondence with Marquis Mercier de Rimouski.,"{""season"": 148, ""marker"": ""+""}",engine,2026-09-08 13:29:29
2979,,societal,confederation,Montréal Smallpox Epidemic,Season 148 · Earl Byrne of Cooksville meets Montréal Smallpox Epidemic and stands aside.,"{""season"": 148, ""response"": ""Neutral"", ""roll"": 1, ""personal_year"": 1885, ""magnitude"": ""Significant"", ""tag"": ""Progressive""}",engine,2026-09-08 13:29:29
2980,,relational,confederation,Earl Byrne of Cooksville and Baron Cardinal of Steinbach form a compact,Season 148 · Earl Byrne of Cooksville and Baron Cardinal of Steinbach enter into a compact.,"{""season"": 148, ""marker"": ""\u25c9+""}",engine,2026-09-08 13:29:29
2981,,societal,late,Japanese-Canadian Internment,Season 148 · Baron Meagher of Windsor meets Japanese-Canadian Internment and leads.,"{""season"": 148, ""response"": ""Lead"", ""roll"": 6, ""personal_year"": 1942, ""magnitude"": ""Major"", ""tag"": ""Conservative""}",engine,2026-09-08 13:29:29
2982,,societal,late,Canadian Citizenship Act,Season 148 · Earl Marchand de Lac-Saint-Louis meets Canadian Citizenship Act and exploits.,"{""season"": 148, ""response"": ""Exploit"", ""roll"": 5, ""personal_year"": 1947, ""magnitude"": ""Minor"", ""tag"": ""Progressive""}",engine,2026-09-08 13:29:29
2983,,societal,late,Japanese-Canadian Internment,Season 148 · Viscount Skye of Belleville meets Japanese-Canadian Internment and exploits.,"{""season"": 148, ""response"": ""Exploit"", ""roll"": 4, ""personal_year"": 1942, ""magnitude"": ""Major"", ""tag"": ""Conservative""}",engine,2026-09-08 13:29:29
2984,,relational,late,Viscount Skye of Belleville and Baron Jarvis of Spadina form a compact,Season 148 · Viscount Skye of Belleville and Baron Jarvis of Spadina enter into a compact.,"{""season"": 148, ""marker"": ""\u25c9+""}",engine,2026-09-08 13:29:29
2985,,societal,late,Canadian Citizenship Act,Season 148 · Earl Proulx de Cumberland meets Canadian Citizenship Act and resists.,"{""season"": 148, ""response"": ""Resist"", ""roll"": 3, ""personal_year"": 1947, ""magnitude"": ""Minor"", ""tag"": ""Progressive""}",engine,2026-09-08 13:29:29
2986,,other,dominion,Viscount Worts of Milton names an heir,Season 148 · Viscount Worts of Milton names Samuel Worts second heir.,"{""season"": 148, ""heir_age"": 42, ""role"": ""heir2""}",engine,2026-09-08 13:29:29
2987,,societal,late,Canadian Citizenship Act,Season 148 · Viscount Colby of Trois-Rivières meets Canadian Citizenship Act and leads.,"{""season"": 148, ""response"": ""Lead"", ""roll"": 6, ""personal_year"": 1947, ""magnitude"": ""Minor"", ""tag"": ""Progressive""}",engine,2026-09-08 13:29:29
2988,,succession,late,Viscount Colby of Trois-Rivières: clean succession,Season 148 · Eleanor Colby succeeds to Viscount Colby of Trois-Rivières.,"{""season"": 148, ""nature"": ""clean"", ""cause"": ""death""}",engine,2026-09-08 13:29:29
2989,,transfer,confederation,Earl Gillies of Woburn loses Scarborough—Guildwood—Rouge Park,Season 148 · Earl Gillies of Woburn gives up Scarborough—Guildwood—Rouge Park (cession).,"{""season"": 148, ""reason"": ""cession"", ""riding"": ""Scarborough\u2014Guildwood\u2014Rouge Park""}",engine,2026-09-08 13:29:29
2990,,relational,confederation,Earl Gillies of Woburn settles with Marquis Rochon de Rosedale,Season 148 · Earl Gillies of Woburn settles its grievance with Marquis Rochon de Rosedale by cession.,"{""season"": 148, ""marker"": ""~"", ""ceded"": ""35094""}",engine,2026-09-08 13:29:29
2991,,societal,late,The Second World War,Season 148 · Baron Wallace of Hespeler meets The Second World War and exploits.,"{""season"": 148, ""response"": ""Exploit"", ""roll"": 4, ""personal_year"": 1939, ""magnitude"": ""Major"", ""tag"": ""Global""}",engine,2026-09-08 13:29:29
2992,,founding,late,Baron Wallace of Hamilton founded by partition from Baron Wallace of Hespeler,Season 148 · Baron Wallace of Hamilton is founded by partition from Baron Wallace of Hespeler.,"{""season"": 148, ""nature"": ""partition"", ""parent"": ""Wallace 2""}",engine,2026-09-08 13:29:29
2993,,succession,late,Baron Wallace of Hespeler: clean succession,Season 148 · Albert Wallace succeeds to Baron Wallace of Hespeler.,"{""season"": 148, ""nature"": ""clean"", ""cause"": ""death""}",engine,2026-09-08 13:29:29
2994,,other,confederation,Baron Wallace of Hespeler endows an institution,Season 148 · Baron Wallace of Hespeler endows an institution.,"{""season"": 148}",engine,2026-09-08 13:29:29
2995,,societal,late,Japanese-Canadian Internment,Season 148 · Baron Turgeon de St.-Jerome meets Japanese-Canadian Internment and stands aside.,"{""season"": 148, ""response"": ""Neutral"", ""roll"": 1, ""personal_year"": 1942, ""magnitude"": ""Major"", ""tag"": ""Conservative""}",engine,2026-09-08 13:29:29
2996,,succession,late,Baron Turgeon de St.-Jerome: clean succession,Season 148 · Anastasie Turgeon succeeds to Baron Turgeon de St.-Jerome.,"{""season"": 148, ""nature"": ""clean"", ""cause"": ""death""}",engine,2026-09-08 13:29:29
2997,,succession,dominion,Viscount Gillies of Aurora: clean succession,Season 148 · Iain Gillies succeeds to Viscount Gillies of Aurora.,"{""season"": 148, ""nature"": ""clean"", ""cause"": ""death""}",engine,2026-09-08 13:29:29
2998,,relational,dominion,Baron Furlong of Émard wins a dispute with Earl Beauvais of Charles-LeMoyne,Season 148 · Baron Furlong of Émard carries a dispute against Earl Beauvais of Charles-LeMoyne.,"{""season"": 148, ""outcome"": ""won"", ""marker"": ""~""}",engine,2026-09-08 13:29:29
2999,,societal,late,Japanese-Canadian Internment,Season 148 · Viscount Benjamin of La Pointe-de-l'Île meets Japanese-Canadian Internment and resists.,"{""season"": 148, ""response"": ""Resist"", ""roll"": 3, ""personal_year"": 1942, ""magnitude"": ""Major"", ""tag"": ""Conservative""}",engine,2026-09-08 13:29:29
3000,,other,confederation,Viscount Chapais de Saint-Hyacinthe names an heir,Season 148 · Viscount Chapais de Saint-Hyacinthe names Alexandre Chapais heir.,"{""season"": 148, ""heir_age"": 12, ""role"": ""heir""}",engine,2026-09-08 13:29:29
3001,,relational,dominion,Baron Rouleau de Chambly reconciles with Earl Beauvais of Charles-LeMoyne,Season 148 · Baron Rouleau de Chambly makes peace with Earl Beauvais of Charles-LeMoyne.,"{""season"": 148, ""marker"": ""~""}",engine,2026-09-08 13:29:29
3002,,societal,late,Japanese-Canadian Internment,Season 148 · Baron Dickson of Moncton meets Japanese-Canadian Internment and resists.,"{""season"": 148, ""response"": ""Resist"", ""roll"": 2, ""personal_year"": 1942, ""magnitude"": ""Major"", ""tag"": ""Conservative""}",engine,2026-09-08 13:29:29
3003,,societal,dominion,Alberta and Saskatchewan Created,Season 148 · Baron Langelier de Rosemont meets Alberta and Saskatchewan Created and leads.,"{""season"": 148, ""response"": ""Lead"", ""roll"": 6, ""personal_year"": 1905, ""magnitude"": ""Significant"", ""tag"": ""Progressive""}",engine,2026-09-08 13:29:29
3004,,relational,dominion,Baron Uniacke of Bowmanville and Earl Proulx de Cumberland form a compact,Season 148 · Baron Uniacke of Bowmanville and Earl Proulx de Cumberland enter into a compact.,"{""season"": 148, ""marker"": ""\u25c9+""}",engine,2026-09-08 13:29:29
3005,,societal,confederation,Death of Sir John A. Macdonald,Season 148 · Baron Jarvis of Spadina meets Death of Sir John A. Macdonald and leads.,"{""season"": 148, ""response"": ""Lead"", ""roll"": 7, ""personal_year"": 1891, ""magnitude"": ""Minor"", ""tag"": ""Mixed""}",engine,2026-09-08 13:29:29
3006,,societal,late,Canadian Citizenship Act,Season 148 · Baron Stefaniuk of Regina meets Canadian Citizenship Act and stands aside.,"{""season"": 148, ""response"": ""Neutral"", ""roll"": 1, ""personal_year"": 1947, ""magnitude"": ""Minor"", ""tag"": ""Progressive""}",engine,2026-09-08 13:29:29
3007,,relational,late,Baron Stefaniuk of Regina wins a dispute with Viscount Stefaniuk of North Battleford,Season 148 · Baron Stefaniuk of Regina carries a dispute against Viscount Stefaniuk of North Battleford.,"{""season"": 148, ""outcome"": ""won"", ""marker"": ""~""}",engine,2026-09-08 13:29:29
3008,,societal,confederation,South African War,Season 148 · Baron Dyck of Calgary McKnight meets South African War and exploits.,"{""season"": 148, ""response"": ""Exploit"", ""roll"": 4, ""personal_year"": 1899, ""magnitude"": ""Major"", ""tag"": ""Conservative""}",engine,2026-09-08 13:29:29
3009,,societal,dominion,Alaska Boundary Award,Season 148 · Baron Cornwall of Revelstoke meets Alaska Boundary Award and leads.,"{""season"": 148, ""response"": ""Lead"", ""roll"": 6, ""personal_year"": 1903, ""magnitude"": ""Minor"", ""tag"": ""Mixed""}",engine,2026-09-08 13:29:29
3010,,societal,confederation,Laurier Elected,Season 148 · Baron Cogswell of Argentia meets Laurier Elected and leads.,"{""season"": 148, ""response"": ""Lead"", ""roll"": 6, ""personal_year"": 1896, ""magnitude"": ""Significant"", ""tag"": ""Progressive""}",engine,2026-09-08 13:29:29
3011,,societal,late,Canadian Citizenship Act,Season 148 · Baron Elliott of Mistassini meets Canadian Citizenship Act and exploits.,"{""season"": 148, ""response"": ""Exploit"", ""roll"": 4, ""personal_year"": 1947, ""magnitude"": ""Minor"", ""tag"": ""Progressive""}",engine,2026-09-08 13:29:29
3012,,societal,confederation,Long Depression Reaches Canada,Season 148 · Baron Trudel de Chicoutimi meets Long Depression Reaches Canada and resists.,"{""season"": 148, ""response"": ""Resist"", ""roll"": 3, ""personal_year"": 1874, ""magnitude"": ""Major"", ""tag"": ""Conservative""}",engine,2026-09-08 13:29:29
3013,,relational,confederation,Baron Trudel de Chicoutimi corresponds with Viscount Hoover of Simcoe,Season 148 · Baron Trudel de Chicoutimi opens a correspondence with Viscount Hoover of Simcoe.,"{""season"": 148, ""marker"": ""\u25ce""}",engine,2026-09-08 13:29:29
3014,,societal,confederation,British Columbia Joins; Treaty 1 Signed,Season 148 · Viscount Cashin of Guelph meets British Columbia Joins; Treaty 1 Signed and resists.,"{""season"": 148, ""response"": ""Resist"", ""roll"": 2, ""personal_year"": 1871, ""magnitude"": ""Significant"", ""tag"": ""Mixed""}",engine,2026-09-08 13:29:29
3015,,societal,confederation,Confederation Extension (Manitoba Act),Season 148 · Baron Hendry of Burnaby meets Confederation Extension (Manitoba Act) and exploits.,"{""season"": 148, ""response"": ""Exploit"", ""roll"": 4, ""personal_year"": 1870, ""magnitude"": ""Major"", ""tag"": ""Mixed""}",engine,2026-09-08 13:29:29
3016,,expansion,confederation,Baron Hendry of Burnaby takes Vancouver Granville,Season 148 · Baron Hendry of Burnaby takes Vancouver Granville.,"{""season"": 148, ""riding"": ""Vancouver Granville"", ""roll"": 8}",engine,2026-09-08 13:29:29
3017,,societal,confederation,Red River Resistance,Season 148 · Baron Sparrow of Penticton meets Red River Resistance and exploits.,"{""season"": 148, ""response"": ""Exploit"", ""roll"": 5, ""personal_year"": 1869, ""magnitude"": ""Major"", ""tag"": ""Mixed""}",engine,2026-09-08 13:29:29
3018,,succession,confederation,Baron Sparrow of Penticton: clean succession,Season 148 · Dan Sparrow succeeds to Baron Sparrow of Penticton.,"{""season"": 148, ""nature"": ""clean"", ""cause"": ""death""}",engine,2026-09-08 13:29:29
3019,,expansion,confederation,Baron Sparrow of Penticton takes Columbia—Kootenay—Southern Rockies,Season 148 · Baron Sparrow of Penticton takes Columbia—Kootenay—Southern Rockies.,"{""season"": 148, ""riding"": ""Columbia\u2014Kootenay\u2014Southern Rockies"", ""roll"": 7}",engine,2026-09-08 13:29:29
3020,,relational,dominion,Viscount Elliott of Glengarry corresponds with Baron Uniacke of Bowmanville,Season 149 · Viscount Elliott of Glengarry opens a correspondence with Baron Uniacke of Bowmanville.,"{""season"": 149, ""marker"": ""~""}",engine,2026-09-08 13:29:29
3021,,other,dominion,Viscount Wallace of Perth names an heir,Season 149 · Viscount Wallace of Perth names Agnes Wallace second heir.,"{""season"": 149, ""heir_age"": 37, ""role"": ""heir2""}",engine,2026-09-08 13:29:29
3022,,societal,dominion,The Great War,Season 149 · Viscount Stefaniuk of Emerson meets The Great War and stands aside.,"{""season"": 149, ""response"": ""Neutral"", ""roll"": 1, ""personal_year"": 1914, ""magnitude"": ""Major"", ""tag"": ""Global""}",engine,2026-09-08 13:29:29
3023,,relational,late,Marquis Benjamin of Bellechasse reconciles with Baron Turgeon de St.-Jerome,Season 149 · Marquis Benjamin of Bellechasse makes peace with Baron Turgeon de St.-Jerome.,"{""season"": 149, ""marker"": ""~""}",engine,2026-09-08 13:29:29
3024,,relational,confederation,Earl Cornwall of Steveston corresponds with Viscount Stefaniuk of North Battleford,Season 149 · Earl Cornwall of Steveston opens a correspondence with Viscount Stefaniuk of North Battleford.,"{""season"": 149, ""marker"": ""+""}",engine,2026-09-08 13:29:29
3025,,societal,confederation,Diamond Jubilee,Season 149 · Marquis Meagher of Chatham meets Diamond Jubilee and stands aside.,"{""season"": 149, ""response"": ""Neutral"", ""roll"": 1, ""personal_year"": 1897, ""magnitude"": ""Minor"", ""tag"": ""Conservative""}",engine,2026-09-08 13:29:29
3026,,relational,confederation,Marquis Meagher of Chatham corresponds with Viscount Dawes of Bourassa,Season 149 · Marquis Meagher of Chatham opens a correspondence with Viscount Dawes of Bourassa.,"{""season"": 149, ""marker"": ""+""}",engine,2026-09-08 13:29:29
3027,,relational,confederation,Viscount Hoover of Simcoe corresponds with Baron Trudel de Chicoutimi,Season 149 · Viscount Hoover of Simcoe opens a correspondence with Baron Trudel de Chicoutimi.,"{""season"": 149, ""marker"": ""+""}",engine,2026-09-08 13:29:29
3028,,transfer,confederation,Marquis Rochon de Rosedale loses Scarborough—Guildwood—Rouge Park,Season 149 · Marquis Rochon de Rosedale gives up Scarborough—Guildwood—Rouge Park (cession).,"{""season"": 149, ""reason"": ""cession"", ""riding"": ""Scarborough\u2014Guildwood\u2014Rouge Park""}",engine,2026-09-08 13:29:29
3029,,relational,confederation,Marquis Rochon de Rosedale settles with Viscount Worts of Milton,Season 149 · Marquis Rochon de Rosedale settles its grievance with Viscount Worts of Milton by cession.,"{""season"": 149, ""marker"": ""~"", ""ceded"": ""35094""}",engine,2026-09-08 13:29:29
3030,,elevation,dominion,Earl Cameron of Cornwall elevated,Season 149 · Viscount Cameron of Cornwall is raised to Earl.,"{""season"": 149, ""from"": ""Viscount"", ""to"": ""Earl""}",engine,2026-09-08 13:29:29
3031,,societal,dominion,The Great War,Season 149 · Earl Bird of Winnipeg meets The Great War and exploits.,"{""season"": 149, ""response"": ""Exploit"", ""roll"": 4, ""personal_year"": 1914, ""magnitude"": ""Major"", ""tag"": ""Global""}",engine,2026-09-08 13:29:29
3032,,relational,confederation,Baron Cardinal of Steinbach and Viscount Worts of Milton are joined by marriage,"Season 149 · Catherine Cardinal marries Samuel Worts, binding Baron Cardinal of Steinbach to Viscount Worts of Milton.","{""season"": 149, ""marker"": ""kin""}",engine,2026-09-08 13:29:29
3033,,societal,dominion,Progressives and the First Woman MP,Season 149 · Viscount Rouleau de LaSalle meets Progressives and the First Woman MP and resists.,"{""season"": 149, ""response"": ""Resist"", ""roll"": 2, ""personal_year"": 1921, ""magnitude"": ""Significant"", ""tag"": ""Progressive""}",engine,2026-09-08 13:29:29
3034,,elevation,late,Marquis Hendrie of Brampton elevated,Season 149 · Earl Hendrie of Brampton is raised to Marquis.,"{""season"": 149, ""from"": ""Earl"", ""to"": ""Marquis""}",engine,2026-09-08 13:29:29
3035,,relational,confederation,Earl Bhullar of Nanaimo corresponds with Baron Stefaniuk of Regina,Season 149 · Earl Bhullar of Nanaimo opens a correspondence with Baron Stefaniuk of Regina.,"{""season"": 149, ""marker"": ""kin""}",engine,2026-09-08 13:29:29
3036,,relational,late,Baron Meagher of Windsor corresponds with Baron Shawanaga of Waterloo,Season 149 · Baron Meagher of Windsor opens a correspondence with Baron Shawanaga of Waterloo.,"{""season"": 149, ""marker"": ""\u25ce""}",engine,2026-09-08 13:29:29
3037,,relational,late,Earl Proulx de Cumberland and Earl Cameron of Cornwall form a compact,Season 149 · Earl Proulx de Cumberland and Earl Cameron of Cornwall enter into a compact.,"{""season"": 149, ""marker"": ""\u25c9+""}",engine,2026-09-08 13:29:29
3038,,other,confederation,Earl Gillies of Woburn names an heir,Season 149 · Earl Gillies of Woburn names Farquhar Gillies heir.,"{""season"": 149, ""heir_age"": 12, ""role"": ""heir""}",engine,2026-09-08 13:29:29
3039,,relational,confederation,Baron Wallace of Hespeler corresponds with Earl Langelier de Charlevoix,Season 149 · Baron Wallace of Hespeler opens a correspondence with Earl Langelier de Charlevoix.,"{""season"": 149, ""marker"": ""\u25ce""}",engine,2026-09-08 13:29:29
3040,,societal,dominion,Progressives and the First Woman MP,Season 149 · Baron Furlong of Émard meets Progressives and the First Woman MP and resists.,"{""season"": 149, ""response"": ""Resist"", ""roll"": 3, ""personal_year"": 1921, ""magnitude"": ""Significant"", ""tag"": ""Progressive""}",engine,2026-09-08 13:29:29
3041,,relational,dominion,Baron Furlong of Émard corresponds with Earl Byrne of Cooksville,Season 149 · Baron Furlong of Émard opens a correspondence with Earl Byrne of Cooksville.,"{""season"": 149, ""marker"": ""\u25ce""}",engine,2026-09-08 13:29:29
3042,,societal,dominion,Progressives and the First Woman MP,Season 149 · Earl Beauvais of Charles-LeMoyne meets Progressives and the First Woman MP and resists.,"{""season"": 149, ""response"": ""Resist"", ""roll"": 3, ""personal_year"": 1921, ""magnitude"": ""Significant"", ""tag"": ""Progressive""}",engine,2026-09-08 13:29:29
3043,,relational,late,Viscount Benjamin of La Pointe-de-l'Île corresponds with Marquis Mercier de Rimouski,Season 149 · Viscount Benjamin of La Pointe-de-l'Île opens a correspondence with Marquis Mercier de Rimouski.,"{""season"": 149, ""marker"": ""~""}",engine,2026-09-08 13:29:29
3044,,relational,confederation,Viscount Chapais de Saint-Hyacinthe reconciles with Marquis Mercier de Rimouski,Season 149 · Viscount Chapais de Saint-Hyacinthe makes peace with Marquis Mercier de Rimouski.,"{""season"": 149, ""marker"": ""~""}",engine,2026-09-08 13:29:29
3045,,societal,dominion,Chinese Exclusion Act,Season 149 · Baron Rouleau de Chambly meets Chinese Exclusion Act and resists.,"{""season"": 149, ""response"": ""Resist"", ""roll"": 2, ""personal_year"": 1923, ""magnitude"": ""Significant"", ""tag"": ""Conservative""}",engine,2026-09-08 13:29:29
3046,,relational,late,Baron Dickson of Moncton and Baron Jarvis of Spadina form a compact,Season 149 · Baron Dickson of Moncton and Baron Jarvis of Spadina enter into a compact.,"{""season"": 149, ""marker"": ""\u25c9+""}",engine,2026-09-08 13:29:29
3047,,other,late,Viscount Stefaniuk of North Battleford endows an institution,Season 149 · Viscount Stefaniuk of North Battleford endows an institution.,"{""season"": 149}",engine,2026-09-08 13:29:29
3048,,elevation,dominion,Viscount Uniacke of Bowmanville elevated,Season 149 · Baron Uniacke of Bowmanville is raised to Viscount.,"{""season"": 149, ""from"": ""Baron"", ""to"": ""Viscount""}",engine,2026-09-08 13:29:29
3049,,other,confederation,Baron Jarvis of Spadina endows an institution,Season 149 · Baron Jarvis of Spadina endows an institution.,"{""season"": 149}",engine,2026-09-08 13:29:29
3050,,relational,late,Baron Stefaniuk of Regina corresponds with Marquis Hendrie of Brampton,Season 149 · Baron Stefaniuk of Regina opens a correspondence with Marquis Hendrie of Brampton.,"{""season"": 149, ""marker"": ""\u25ce""}",engine,2026-09-08 13:29:29
3051,,expansion,dominion,Baron Dyck of Calgary McKnight takes Calgary Nose Hill,Season 149 · Baron Dyck of Calgary McKnight takes Calgary Nose Hill.,"{""season"": 149, ""riding"": ""Calgary Nose Hill"", ""roll"": 12}",engine,2026-09-08 13:29:29
3052,,relational,confederation,Baron Shawanaga of Waterloo corresponds with Viscount Rouleau de LaSalle,Season 149 · Baron Shawanaga of Waterloo opens a correspondence with Viscount Rouleau de LaSalle.,"{""season"": 149, ""marker"": ""+""}",engine,2026-09-08 13:29:29
3053,,societal,confederation,Diamond Jubilee,Season 149 · Baron Cogswell of Argentia meets Diamond Jubilee and resists.,"{""season"": 149, ""response"": ""Resist"", ""roll"": 3, ""personal_year"": 1897, ""magnitude"": ""Minor"", ""tag"": ""Conservative""}",engine,2026-09-08 13:29:29
3054,,relational,confederation,Baron Cogswell of Argentia corresponds with Baron Turgeon de St.-Jerome,Season 149 · Baron Cogswell of Argentia opens a correspondence with Baron Turgeon de St.-Jerome.,"{""season"": 149, ""marker"": ""\u25ce""}",engine,2026-09-08 13:29:29
3055,,relational,late,Baron Elliott of Mistassini corresponds with Marquis Patterson of Kennebecasis,Season 149 · Baron Elliott of Mistassini opens a correspondence with Marquis Patterson of Kennebecasis.,"{""season"": 149, ""marker"": ""+""}",engine,2026-09-08 13:29:29
3056,,societal,confederation,Canadian Pacific Railway Chartered,Season 149 · Baron Murray of Sydney meets Canadian Pacific Railway Chartered and exploits.,"{""season"": 149, ""response"": ""Exploit"", ""roll"": 5, ""personal_year"": 1881, ""magnitude"": ""Significant"", ""tag"": ""Mixed""}",engine,2026-09-08 13:29:29
3057,,societal,confederation,British Columbia Joins; Treaty 1 Signed,Season 149 · Baron Hendry of Burnaby meets British Columbia Joins; Treaty 1 Signed and stands aside.,"{""season"": 149, ""response"": ""Neutral"", ""roll"": 1, ""personal_year"": 1871, ""magnitude"": ""Significant"", ""tag"": ""Mixed""}",engine,2026-09-08 13:29:29
3058,,relational,confederation,Baron Wallace of Hamilton corresponds with Baron Wallace of Hespeler,Season 149 · Baron Wallace of Hamilton opens a correspondence with Baron Wallace of Hespeler.,"{""season"": 149, ""marker"": ""kin""}",engine,2026-09-08 13:29:29
3059,,other,confederation,Baron Bhullar of Grand Prairie names an heir,Season 149 · Baron Bhullar of Grand Prairie names Harbans Bhullar heir.,"{""season"": 149, ""heir_age"": 36, ""role"": ""heir""}",engine,2026-09-08 13:29:29
3060,,relational,late,Marquis Benjamin of Bellechasse and Viscount Chapais de Saint-Hyacinthe fall out,Season 150 · Marquis Benjamin of Bellechasse and Viscount Chapais de Saint-Hyacinthe fall out over a slighted marriage between the two houses.,"{""season"": 150, ""marker"": ""Sig\u2212"", ""cause"": ""friction"", ""grievance"": ""a slighted marriage between the two houses""}",engine,2026-09-08 13:29:29
3061,,relational,late,Viscount Benjamin of La Pointe-de-l'Île and Marquis Mercier de Rimouski fall out,Season 150 · Viscount Benjamin of La Pointe-de-l'Île and Marquis Mercier de Rimouski fall out over the water rights of a shared river.,"{""season"": 150, ""marker"": ""Sig\u2212"", ""cause"": ""friction"", ""grievance"": ""the water rights of a shared river""}",engine,2026-09-08 13:29:29
3062,,relational,dominion,Earl Bird of Winnipeg and Baron Cardinal of Steinbach fall out,Season 150 · Earl Bird of Winnipeg and Baron Cardinal of Steinbach fall out over the patronage of a shared riding's offices.,"{""season"": 150, ""marker"": ""Sig\u2212"", ""cause"": ""friction"", ""grievance"": ""the patronage of a shared riding's offices""}",engine,2026-09-08 13:29:29
3063,,relational,confederation,Earl Byrne of Cooksville and Baron Jarvis of Spadina fall out,Season 150 · Earl Byrne of Cooksville and Baron Jarvis of Spadina fall out over the water rights of a shared river.,"{""season"": 150, ""marker"": ""Sig\u2212"", ""cause"": ""friction"", ""grievance"": ""the water rights of a shared river""}",engine,2026-09-08 13:29:29
3064,,relational,confederation,Baron Jarvis of Spadina and Marquis Rochon de Rosedale fall out,Season 150 · Baron Jarvis of Spadina and Marquis Rochon de Rosedale fall out over a boundary the two houses read differently.,"{""season"": 150, ""marker"": ""Sig\u2212"", ""cause"": ""friction"", ""grievance"": ""a boundary the two houses read differently""}",engine,2026-09-08 13:29:29
3065,,relational,confederation,Marquis Pegahmagabow of Wawa and Viscount Stefaniuk of Emerson fall out,Season 150 · Marquis Pegahmagabow of Wawa and Viscount Stefaniuk of Emerson fall out over the water rights of a shared river.,"{""season"": 150, ""marker"": ""Sig\u2212"", ""cause"": ""friction"", ""grievance"": ""the water rights of a shared river""}",engine,2026-09-08 13:29:29
3066,,relational,dominion,Viscount Elliott of Glengarry gives offence to Baron Dickson of Moncton,Season 150 · a letter from Viscount Elliott of Glengarry gives offence to Baron Dickson of Moncton.,"{""season"": 150, ""marker"": ""Sig\u2212"", ""cause"": ""correspondence""}",engine,2026-09-08 13:29:29
3067,,societal,late,Newfoundland Joins Confederation,Season 150 · Marquis Benjamin of Bellechasse meets Newfoundland Joins Confederation and exploits.,"{""season"": 150, ""response"": ""Exploit"", ""roll"": 5, ""personal_year"": 1949, ""magnitude"": ""Significant"", ""tag"": ""Mixed""}",engine,2026-09-08 13:29:29
3068,,societal,late,CCF Government in Saskatchewan,Season 150 · Marquis Mercier de Rimouski meets CCF Government in Saskatchewan and resists.,"{""season"": 150, ""response"": ""Resist"", ""roll"": 2, ""personal_year"": 1944, ""magnitude"": ""Significant"", ""tag"": ""Progressive""}",engine,2026-09-08 13:29:29
3069,,relational,late,Marquis Mercier de Rimouski wins a dispute with Viscount Benjamin of La Pointe-de-l'Île,Season 150 · Marquis Mercier de Rimouski carries a dispute against Viscount Benjamin of La Pointe-de-l'Île.,"{""season"": 150, ""outcome"": ""won"", ""marker"": ""~""}",engine,2026-09-08 13:29:29
3070,,societal,late,Newfoundland Joins Confederation,Season 150 · Earl Bouchard de Terrebonne meets Newfoundland Joins Confederation and resists.,"{""season"": 150, ""response"": ""Resist"", ""roll"": 3, ""personal_year"": 1949, ""magnitude"": ""Significant"", ""tag"": ""Mixed""}",engine,2026-09-08 13:29:29
3071,,relational,confederation,Marquis Hays of Beloeil loses a dispute with Viscount Rouleau de LaSalle,Season 150 · Marquis Hays of Beloeil presses a claim against Viscount Rouleau de LaSalle and is rebuffed.,"{""season"": 150, ""outcome"": ""lost""}",engine,2026-09-08 13:29:29
3072,,other,confederation,Viscount McLellan of Belfast names an heir,Season 150 · Viscount McLellan of Belfast names Iain McLellan second heir.,"{""season"": 150, ""heir_age"": 33, ""role"": ""heir2""}",engine,2026-09-08 13:29:29
3073,,elevation,confederation,Earl Hoover of Simcoe elevated,Season 150 · Viscount Hoover of Simcoe is raised to Earl.,"{""season"": 150, ""from"": ""Viscount"", ""to"": ""Earl""}",engine,2026-09-08 13:29:29
3074,,transfer,dominion,Baron Cardinal of Steinbach loses Winnipeg South Centre,Season 150 · Baron Cardinal of Steinbach gives up Winnipeg South Centre (cession).,"{""season"": 150, ""reason"": ""cession"", ""riding"": ""Winnipeg South Centre""}",engine,2026-09-08 13:29:29
3075,,relational,dominion,Baron Cardinal of Steinbach settles with Viscount Stefaniuk of Emerson,Season 150 · Baron Cardinal of Steinbach settles its grievance with Viscount Stefaniuk of Emerson by cession.,"{""season"": 150, ""marker"": ""~"", ""ceded"": ""46013""}",engine,2026-09-08 13:29:29
3076,,relational,dominion,Viscount Rouleau de LaSalle wins a dispute with Marquis Hays of Beloeil,Season 150 · Viscount Rouleau de LaSalle carries a dispute against Marquis Hays of Beloeil.,"{""season"": 150, ""outcome"": ""won"", ""marker"": ""~""}",engine,2026-09-08 13:29:29
3077,,relational,confederation,Earl Bhullar of Nanaimo corresponds with Baron Bhullar of Grand Prairie,Season 150 · Earl Bhullar of Nanaimo opens a correspondence with Baron Bhullar of Grand Prairie.,"{""season"": 150, ""marker"": ""kin""}",engine,2026-09-08 13:29:29
3078,,societal,late,CCF Government in Saskatchewan,Season 150 · Baron Meagher of Windsor meets CCF Government in Saskatchewan and resists.,"{""season"": 150, ""response"": ""Resist"", ""roll"": 2, ""personal_year"": 1944, ""magnitude"": ""Significant"", ""tag"": ""Progressive""}",engine,2026-09-08 13:29:29
3079,,societal,late,Newfoundland Joins Confederation,Season 150 · Earl Marchand de Lac-Saint-Louis meets Newfoundland Joins Confederation and exploits.,"{""season"": 150, ""response"": ""Exploit"", ""roll"": 4, ""personal_year"": 1949, ""magnitude"": ""Significant"", ""tag"": ""Mixed""}",engine,2026-09-08 13:29:29
3080,,relational,late,Earl Marchand de Lac-Saint-Louis corresponds with Baron Murray of Sydney,Season 150 · Earl Marchand de Lac-Saint-Louis opens a correspondence with Baron Murray of Sydney.,"{""season"": 150, ""marker"": ""\u25ce""}",engine,2026-09-08 13:29:29
3081,,societal,late,CCF Government in Saskatchewan,Season 150 · Viscount Skye of Belleville meets CCF Government in Saskatchewan and resists.,"{""season"": 150, ""response"": ""Resist"", ""roll"": 3, ""personal_year"": 1944, ""magnitude"": ""Significant"", ""tag"": ""Progressive""}",engine,2026-09-08 13:29:29
3082,,societal,late,Newfoundland Joins Confederation,Season 150 · Earl Proulx de Cumberland meets Newfoundland Joins Confederation and resists.,"{""season"": 150, ""response"": ""Resist"", ""roll"": 2, ""personal_year"": 1949, ""magnitude"": ""Significant"", ""tag"": ""Mixed""}",engine,2026-09-08 13:29:29
3083,,other,late,Earl Proulx de Cumberland names an heir,Season 150 · Earl Proulx de Cumberland names Olivier Proulx heir.,"{""season"": 150, ""heir_age"": 32, ""role"": ""heir""}",engine,2026-09-08 13:29:29
3084,,other,dominion,Viscount Worts of Milton endows an institution,Season 150 · Viscount Worts of Milton endows an institution.,"{""season"": 150}",engine,2026-09-08 13:29:29
3085,,relational,confederation,Earl Gillies of Woburn and Earl Hoover of Simcoe are joined by marriage,"Season 150 · Farquhar Gillies marries Isaac Hoover, binding Earl Gillies of Woburn to Earl Hoover of Simcoe.","{""season"": 150, ""marker"": ""kin""}",engine,2026-09-08 13:29:29
3086,,relational,dominion,Baron Lucas of Oakville wins a dispute with Viscount Worts of Milton,Season 150 · Baron Lucas of Oakville carries a dispute against Viscount Worts of Milton.,"{""season"": 150, ""outcome"": ""won"", ""marker"": ""~""}",engine,2026-09-08 13:29:29
3087,,elevation,dominion,Marquis Beauvais of Charles-LeMoyne elevated,Season 150 · Earl Beauvais of Charles-LeMoyne is raised to Marquis.,"{""season"": 150, ""from"": ""Earl"", ""to"": ""Marquis""}",engine,2026-09-08 13:29:29
3088,,societal,late,CCF Government in Saskatchewan,Season 150 · Viscount Benjamin of La Pointe-de-l'Île meets CCF Government in Saskatchewan and exploits.,"{""season"": 150, ""response"": ""Exploit"", ""roll"": 5, ""personal_year"": 1944, ""magnitude"": ""Significant"", ""tag"": ""Progressive""}",engine,2026-09-08 13:29:29
3089,,societal,late,CCF Government in Saskatchewan,Season 150 · Baron Dickson of Moncton meets CCF Government in Saskatchewan and leads.,"{""season"": 150, ""response"": ""Lead"", ""roll"": 7, ""personal_year"": 1944, ""magnitude"": ""Significant"", ""tag"": ""Progressive""}",engine,2026-09-08 13:29:29
3090,,societal,dominion,Vancouver Anti-Asian Riots,Season 150 · Baron Langelier de Rosemont meets Vancouver Anti-Asian Riots and resists.,"{""season"": 150, ""response"": ""Resist"", ""roll"": 2, ""personal_year"": 1907, ""magnitude"": ""Significant"", ""tag"": ""Conservative""}",engine,2026-09-08 13:29:29
3091,,relational,dominion,Baron Langelier de Rosemont loses a dispute with Viscount Dawes of Bourassa,Season 150 · Baron Langelier de Rosemont presses a claim against Viscount Dawes of Bourassa and is rebuffed.,"{""season"": 150, ""outcome"": ""lost""}",engine,2026-09-08 13:29:29
3092,,societal,late,Newfoundland Joins Confederation,Season 150 · Viscount Stefaniuk of North Battleford meets Newfoundland Joins Confederation and leads.,"{""season"": 150, ""response"": ""Lead"", ""roll"": 6, ""personal_year"": 1949, ""magnitude"": ""Significant"", ""tag"": ""Mixed""}",engine,2026-09-08 13:29:29
3093,,relational,dominion,Viscount Uniacke of Bowmanville loses a dispute with Earl Cameron of Cornwall,Season 150 · Viscount Uniacke of Bowmanville presses a claim against Earl Cameron of Cornwall and is rebuffed.,"{""season"": 150, ""outcome"": ""lost""}",engine,2026-09-08 13:29:29
3094,,societal,late,Newfoundland Joins Confederation,Season 150 · Baron Stefaniuk of Regina meets Newfoundland Joins Confederation and leads.,"{""season"": 150, ""response"": ""Lead"", ""roll"": 6, ""personal_year"": 1949, ""magnitude"": ""Significant"", ""tag"": ""Mixed""}",engine,2026-09-08 13:29:29
3095,,succession,dominion,Baron Dyck of Calgary McKnight: clean succession,Season 150 · Johann Dyck succeeds to Baron Dyck of Calgary McKnight.,"{""season"": 150, ""nature"": ""clean"", ""cause"": ""death""}",engine,2026-09-08 13:29:29
3096,,other,confederation,Baron Dyck of Calgary McKnight names an heir,Season 150 · Baron Dyck of Calgary McKnight names Barbara Dyck heir.,"{""season"": 150, ""heir_age"": 19, ""role"": ""heir""}",engine,2026-09-08 13:29:29
3097,,societal,dominion,Alberta and Saskatchewan Created,Season 150 · Baron Cornwall of Revelstoke meets Alberta and Saskatchewan Created and resists.,"{""season"": 150, ""response"": ""Resist"", ""roll"": 3, ""personal_year"": 1905, ""magnitude"": ""Significant"", ""tag"": ""Progressive""}",engine,2026-09-08 13:29:29
3098,,succession,dominion,Baron Cornwall of Revelstoke: clean succession,Season 150 · Charlotte Cornwall succeeds to Baron Cornwall of Revelstoke.,"{""season"": 150, ""nature"": ""clean"", ""cause"": ""death""}",engine,2026-09-08 13:29:29
3099,,societal,late,Newfoundland Joins Confederation,Season 150 · Baron Elliott of Mistassini meets Newfoundland Joins Confederation and leads.,"{""season"": 150, ""response"": ""Lead"", ""roll"": 7, ""personal_year"": 1949, ""magnitude"": ""Significant"", ""tag"": ""Mixed""}",engine,2026-09-08 13:29:29
3100,,relational,confederation,Baron Murray of Sydney corresponds with Earl Marchand de Lac-Saint-Louis,Season 150 · Baron Murray of Sydney opens a correspondence with Earl Marchand de Lac-Saint-Louis.,"{""season"": 150, ""marker"": ""+""}",engine,2026-09-08 13:29:29
3101,,societal,confederation,Indian Act,Season 150 · Baron Trudel de Chicoutimi meets Indian Act and exploits.,"{""season"": 150, ""response"": ""Exploit"", ""roll"": 5, ""personal_year"": 1876, ""magnitude"": ""Major"", ""tag"": ""Conservative""}",engine,2026-09-08 13:29:29
3102,,societal,confederation,Pacific Scandal,Season 150 · Viscount Cashin of Guelph meets Pacific Scandal and leads.,"{""season"": 150, ""response"": ""Lead"", ""roll"": 6, ""personal_year"": 1873, ""magnitude"": ""Significant"", ""tag"": ""Progressive""}",engine,2026-09-08 13:29:29
3103,,other,confederation,Baron Hendry of Burnaby names an heir,Season 150 · Baron Hendry of Burnaby names Marjory Hendry heir.,"{""season"": 150, ""heir_age"": 32, ""role"": ""heir""}",engine,2026-09-08 13:29:29
3104,,other,confederation,Baron Sparrow of Penticton names an heir,Season 150 · Baron Sparrow of Penticton names Julia Sparrow heir.,"{""season"": 150, ""heir_age"": 13, ""role"": ""heir""}",engine,2026-09-08 13:29:29
3105,,societal,confederation,Red River Resistance,Season 150 · Baron Wallace of Hamilton meets Red River Resistance and leads.,"{""season"": 150, ""response"": ""Lead"", ""roll"": 6, ""personal_year"": 1869, ""magnitude"": ""Major"", ""tag"": ""Mixed""}",engine,2026-09-08 13:29:29
3106,,societal,confederation,Red River Resistance,Season 150 · Baron Bhullar of Grand Prairie meets Red River Resistance and stands aside.,"{""season"": 150, ""response"": ""Neutral"", ""roll"": 1, ""personal_year"": 1869, ""magnitude"": ""Major"", ""tag"": ""Mixed""}",engine,2026-09-08 13:29:29
