{"type":"FeatureCollection","features":[{"type":"Feature","properties":{},"geometry":{"type":"LineString","coordinates":[[-114.261894,50.980743],[-114.126148,50.985618]]}},{"type":"Feature","properties":{},"geometry":{"type":"LineString","coordinates":[[-114.126148,50.985618],[-114.042832,50.912481]]}},{"type":"Feature","properties":{},"geometry":{"type":"LineString","coordinates":[[-114.042832,50.912481],[-114.095264,50.834586]]}},{"type":"Feature","properties":{},"geometry":{"type":"LineString","coordinates":[[-114.042832,50.912481],[-113.907804,50.917]]}},{"type":"Feature","properties":{},"geometry":{"type":"LineString","coordinates":[[-114.293497,51.131894],[-114.15775,51.136888]]}},{"type":"Feature","properties":{},"geometry":{"type":"LineString","coordinates":[[-114.15775,51.136888],[-114.073717,51.063632]]}},{"type":"Feature","properties":{},"geometry":{"type":"LineString","coordinates":[[-114.073717,51.063632],[-114.126148,50.985618]]}},{"type":"Feature","properties":{},"geometry":{"type":"LineString","coordinates":[[-114.073717,51.063632],[-113.93797,51.068389]]}},{"type":"Feature","properties":{},"geometry":{"type":"LineString","coordinates":[[-113.968854,51.219896],[-114.105319,51.215021]]}},{"type":"Feature","properties":{},"geometry":{"type":"LineString","coordinates":[[-114.105319,51.215021],[-114.189353,51.288396]]}},{"type":"Feature","properties":{},"geometry":{"type":"LineString","coordinates":[[-114.105319,51.215021],[-114.15775,51.136888]]}},{"type":"Feature","properties":{},"geometry":{"type":"LineString","coordinates":[[-113.296585,53.557919],[-113.384928,53.632722]]}},{"type":"Feature","properties":{},"geometry":{"type":"LineString","coordinates":[[-113.384928,53.632722],[-113.326751,53.712757]]}},{"type":"Feature","properties":{},"geometry":{"type":"LineString","coordinates":[[-113.150065,53.563033],[-113.296585,53.557919]]}},{"type":"Feature","properties":{},"geometry":{"type":"LineString","coordinates":[[-113.53073,53.62737],[-113.384928,53.632722]]}},{"type":"Feature","properties":{},"geometry":{"type":"LineString","coordinates":[[-113.296585,53.557919],[-113.354044,53.478003]]}},{"type":"Feature","properties":{},"geometry":{"type":"LineString","coordinates":[[-97.368981,49.890458],[-97.226771,49.874403]]}},{"type":"Feature","properties":{},"geometry":{"type":"LineString","coordinates":[[-97.226771,49.874403],[-97.172903,49.787947]]}},{"type":"Feature","properties":{},"geometry":{"type":"LineString","coordinates":[[-97.137709,49.944806],[-97.226771,49.874403]]}},{"type":"Feature","properties":{},"geometry":{"type":"LineString","coordinates":[[-123.039458,49.139579],[-123.009292,49.112584]]}},{"type":"Feature","properties":{},"geometry":{"type":"LineString","coordinates":[[-123.009292,49.112584],[-123.067469,49.038257]]}},{"type":"Feature","properties":{},"geometry":{"type":"LineString","coordinates":[[-123.196751,49.163245],[-123.078961,49.174543]]}},{"type":"Feature","properties":{},"geometry":{"type":"LineString","coordinates":[[-123.078961,49.174543],[-123.04664,49.145882]]}},{"type":"Feature","properties":{},"geometry":{"type":"LineString","coordinates":[[-123.078961,49.174543],[-123.056695,49.203084]]}},{"type":"Feature","properties":{},"geometry":{"type":"LineString","coordinates":[[-123.055259,49.205344],[-123.020784,49.24875]]}},{"type":"Feature","properties":{},"geometry":{"type":"LineString","coordinates":[[-122.891501,49.260881],[-122.821832,49.198803]]}},{"type":"Feature","properties":{},"geometry":{"type":"LineString","coordinates":[[-122.821832,49.198803],[-122.880727,49.124714]]}},{"type":"Feature","properties":{},"geometry":{"type":"LineString","coordinates":[[-122.880727,49.124714],[-123.009292,49.112584]]}},{"type":"Feature","properties":{},"geometry":{"type":"LineString","coordinates":[[-122.880727,49.124714],[-122.81034,49.062398]]}},{"type":"Feature","properties":{},"geometry":{"type":"LineString","coordinates":[[-122.433985,49.234242],[-122.493598,49.160272]]}},{"type":"Feature","properties":{},"geometry":{"type":"LineString","coordinates":[[-122.493598,49.160272],[-122.622881,49.148498]]}},{"type":"Feature","properties":{},"geometry":{"type":"LineString","coordinates":[[-122.622881,49.148498],[-122.69255,49.210814]]}},{"type":"Feature","properties":{},"geometry":{"type":"LineString","coordinates":[[-122.69255,49.210814],[-122.633654,49.284784]]}},{"type":"Feature","properties":{},"geometry":{"type":"LineString","coordinates":[[-122.69255,49.210814],[-122.821832,49.198803]]}},{"type":"Feature","properties":{},"geometry":{"type":"LineString","coordinates":[[-122.68034,49.076193],[-122.622881,49.148498]]}},{"type":"Feature","properties":{},"geometry":{"type":"LineString","coordinates":[[-122.493598,49.160272],[-122.423929,49.097718]]}},{"type":"Feature","properties":{},"geometry":{"type":"LineString","coordinates":[[-81.365245,42.972598],[-81.26541,43.026351]]}},{"type":"Feature","properties":{},"geometry":{"type":"LineString","coordinates":[[-81.26541,43.026351],[-81.147619,42.992101]]}},{"type":"Feature","properties":{},"geometry":{"type":"LineString","coordinates":[[-81.130382,42.904217],[-81.230217,42.850702]]}},{"type":"Feature","properties":{},"geometry":{"type":"LineString","coordinates":[[-81.26541,43.026351],[-81.282648,43.114354]]}},{"type":"Feature","properties":{},"geometry":{"type":"LineString","coordinates":[[-80.488279,43.631549],[-80.36977,43.596229]]}},{"type":"Feature","properties":{},"geometry":{"type":"LineString","coordinates":[[-80.36977,43.596229],[-80.355405,43.515361]]}},{"type":"Feature","properties":{},"geometry":{"type":"LineString","coordinates":[[-80.355405,43.515361],[-80.353968,43.507631]]}},{"type":"Feature","properties":{},"geometry":{"type":"LineString","coordinates":[[-80.353968,43.507631],[-80.455958,43.454354]]}},{"type":"Feature","properties":{},"geometry":{"type":"LineString","coordinates":[[-80.455958,43.454354],[-80.574467,43.489555]]}},{"type":"Feature","properties":{},"geometry":{"type":"LineString","coordinates":[[-80.440157,43.365994],[-80.455958,43.454354]]}},{"type":"Feature","properties":{},"geometry":{"type":"LineString","coordinates":[[-80.27999,43.485631],[-80.23546,43.472311]]}},{"type":"Feature","properties":{},"geometry":{"type":"LineString","coordinates":[[-80.267062,43.649506],[-80.36977,43.596229]]}},{"type":"Feature","properties":{},"geometry":{"type":"LineString","coordinates":[[-75.685434,45.279463],[-75.79676,45.229515]]}},{"type":"Feature","properties":{},"geometry":{"type":"LineString","coordinates":[[-75.79676,45.229515],[-75.915988,45.270187]]}},{"type":"Feature","properties":{},"geometry":{"type":"LineString","coordinates":[[-75.915988,45.270187],[-75.923888,45.360806]]}},{"type":"Feature","properties":{},"geometry":{"type":"LineString","coordinates":[[-75.923888,45.360806],[-75.811843,45.410873]]}},{"type":"Feature","properties":{},"geometry":{"type":"LineString","coordinates":[[-75.811843,45.410873],[-75.692616,45.370082]]}},{"type":"Feature","properties":{},"geometry":{"type":"LineString","coordinates":[[-75.692616,45.370082],[-75.685434,45.279463]]}},{"type":"Feature","properties":{},"geometry":{"type":"LineString","coordinates":[[-75.789578,45.139015],[-75.79676,45.229515]]}},{"type":"Feature","properties":{},"geometry":{"type":"LineString","coordinates":[[-75.685434,45.279463],[-75.566207,45.238553]]}},{"type":"Feature","properties":{},"geometry":{"type":"LineString","coordinates":[[-75.915988,45.270187],[-76.028032,45.22012]]}},{"type":"Feature","properties":{},"geometry":{"type":"LineString","coordinates":[[-76.043834,45.401359],[-75.923888,45.360806]]}},{"type":"Feature","properties":{},"geometry":{"type":"LineString","coordinates":[[-75.811843,45.410873],[-75.819744,45.50173]]}},{"type":"Feature","properties":{},"geometry":{"type":"LineString","coordinates":[[-75.579853,45.419911],[-75.692616,45.370082]]}},{"type":"Feature","properties":{},"geometry":{"type":"LineString","coordinates":[[-79.066171,43.874508],[-79.079818,43.963582]]}},{"type":"Feature","properties":{},"geometry":{"type":"LineString","coordinates":[[-79.199045,44.000329],[-79.303907,43.947884]]}},{"type":"Feature","properties":{},"geometry":{"type":"LineString","coordinates":[[-79.303907,43.947884],[-79.39225,43.975117]]}},{"type":"Feature","properties":{},"geometry":{"type":"LineString","coordinates":[[-79.39225,43.975117],[-79.422416,43.984393]]}},{"type":"Feature","properties":{},"geometry":{"type":"LineString","coordinates":[[-79.289543,43.858811],[-79.303907,43.947884]]}},{"type":"Feature","properties":{},"geometry":{"type":"LineString","coordinates":[[-79.171034,43.822182],[-79.289543,43.858811]]}},{"type":"Feature","properties":{},"geometry":{"type":"LineString","coordinates":[[-79.912253,43.542714],[-79.793744,43.506799]]}},{"type":"Feature","properties":{},"geometry":{"type":"LineString","coordinates":[[-79.793744,43.506799],[-79.77938,43.41832]]}},{"type":"Feature","properties":{},"geometry":{"type":"LineString","coordinates":[[-79.77938,43.41832],[-79.882087,43.365519]]}},{"type":"Feature","properties":{},"geometry":{"type":"LineString","coordinates":[[-79.88927,43.367778],[-79.999878,43.401314]]}},{"type":"Feature","properties":{},"geometry":{"type":"LineString","coordinates":[[-79.77938,43.41832],[-79.705401,43.395844]]}},{"type":"Feature","properties":{},"geometry":{"type":"LineString","coordinates":[[-79.868441,43.286316],[-79.882087,43.365519]]}},{"type":"Feature","properties":{},"geometry":{"type":"LineString","coordinates":[[-79.742031,43.245288],[-79.749214,43.241363]]}},{"type":"Feature","properties":{},"geometry":{"type":"LineString","coordinates":[[-79.749214,43.241363],[-79.850485,43.272164]]}},{"type":"Feature","properties":{},"geometry":{"type":"LineString","coordinates":[[-79.879214,43.270737],[-79.968994,43.224476]]}},{"type":"Feature","properties":{},"geometry":{"type":"LineString","coordinates":[[-79.82391,43.684232],[-79.705401,43.648317]]}},{"type":"Feature","properties":{},"geometry":{"type":"LineString","coordinates":[[-79.705401,43.648317],[-79.691037,43.559601]]}},{"type":"Feature","properties":{},"geometry":{"type":"LineString","coordinates":[[-79.691037,43.559601],[-79.599821,43.531773]]}},{"type":"Feature","properties":{},"geometry":{"type":"LineString","coordinates":[[-79.734849,43.153004],[-79.749214,43.241363]]}},{"type":"Feature","properties":{},"geometry":{"type":"LineString","coordinates":[[-79.483466,43.664847],[-79.601975,43.701]]}},{"type":"Feature","properties":{},"geometry":{"type":"LineString","coordinates":[[-79.601975,43.701],[-79.61634,43.789835]]}},{"type":"Feature","properties":{},"geometry":{"type":"LineString","coordinates":[[-79.61634,43.789835],[-79.512196,43.842637]]}},{"type":"Feature","properties":{},"geometry":{"type":"LineString","coordinates":[[-79.512196,43.842637],[-79.393687,43.806247]]}},{"type":"Feature","properties":{},"geometry":{"type":"LineString","coordinates":[[-79.393687,43.806247],[-79.393687,43.803987]]}},{"type":"Feature","properties":{},"geometry":{"type":"LineString","coordinates":[[-79.393687,43.803868],[-79.38004,43.717292]]}},{"type":"Feature","properties":{},"geometry":{"type":"LineString","coordinates":[[-79.38004,43.717292],[-79.483466,43.664847]]}},{"type":"Feature","properties":{},"geometry":{"type":"LineString","coordinates":[[-79.477002,43.623462],[-79.483466,43.664847]]}},{"type":"Feature","properties":{},"geometry":{"type":"LineString","coordinates":[[-79.38004,43.717292],[-79.267995,43.682924]]}},{"type":"Feature","properties":{},"geometry":{"type":"LineString","coordinates":[[-79.734849,43.825988],[-79.61634,43.789835]]}},{"type":"Feature","properties":{},"geometry":{"type":"LineString","coordinates":[[-79.601975,43.701],[-79.705401,43.648317]]}},{"type":"Feature","properties":{},"geometry":{"type":"LineString","coordinates":[[-79.289543,43.858811],[-79.393687,43.806247]]}},{"type":"Feature","properties":{},"geometry":{"type":"LineString","coordinates":[[-79.512196,43.842637],[-79.52656,43.931591]]}},{"type":"Feature","properties":{},"geometry":{"type":"LineString","coordinates":[[-73.260669,45.563332],[-73.260669,45.575343]]}},{"type":"Feature","properties":{},"geometry":{"type":"LineString","coordinates":[[-73.260669,45.575343],[-73.187409,45.605668]]}},{"type":"Feature","properties":{},"geometry":{"type":"LineString","coordinates":[[-73.186691,45.605668],[-73.165143,45.614587]]}},{"type":"Feature","properties":{},"geometry":{"type":"LineString","coordinates":[[-73.165143,45.614587],[-73.145033,45.622793]]}},{"type":"Feature","properties":{},"geometry":{"type":"LineString","coordinates":[[-73.145033,45.622793],[-73.02796,45.579148]]}},{"type":"Feature","properties":{},"geometry":{"type":"LineString","coordinates":[[-73.141442,45.44096],[-73.258514,45.484367]]}},{"type":"Feature","properties":{},"geometry":{"type":"LineString","coordinates":[[-73.258514,45.484367],[-73.258514,45.495189]]}},{"type":"Feature","properties":{},"geometry":{"type":"LineString","coordinates":[[-73.389951,45.613755],[-73.37846,45.618631]]}},{"type":"Feature","properties":{},"geometry":{"type":"LineString","coordinates":[[-73.37846,45.618631],[-73.260669,45.575343]]}},{"type":"Feature","properties":{},"geometry":{"type":"LineString","coordinates":[[-73.258514,45.484367],[-73.373432,45.436917]]}},{"type":"Feature","properties":{},"geometry":{"type":"LineString","coordinates":[[-73.490504,45.480086],[-73.491223,45.48841]]}},{"type":"Feature","properties":{},"geometry":{"type":"LineString","coordinates":[[-73.491223,45.488529],[-73.493377,45.562856]]}},{"type":"Feature","properties":{},"geometry":{"type":"LineString","coordinates":[[-73.493377,45.570943],[-73.490504,45.572132]]}},{"type":"Feature","properties":{},"geometry":{"type":"LineString","coordinates":[[-73.493377,45.569159],[-73.493377,45.570943]]}},{"type":"Feature","properties":{},"geometry":{"type":"LineString","coordinates":[[-73.145033,45.622793],[-73.147188,45.713769]]}},{"type":"Feature","properties":{},"geometry":{"type":"LineString","coordinates":[[-73.37846,45.618631],[-73.380614,45.709726]]}},{"type":"Feature","properties":{},"geometry":{"type":"LineString","coordinates":[[-73.614041,45.691768],[-73.612605,45.647053]]}},{"type":"Feature","properties":{},"geometry":{"type":"LineString","coordinates":[[-73.652826,45.596749],[-73.726086,45.566186]]}},{"type":"Feature","properties":{},"geometry":{"type":"LineString","coordinates":[[-73.726086,45.566186],[-73.825202,45.601982]]}},{"type":"Feature","properties":{},"geometry":{"type":"LineString","coordinates":[[-73.829512,45.603765],[-73.844595,45.609117]]}},{"type":"Feature","properties":{},"geometry":{"type":"LineString","coordinates":[[-73.844595,45.609117],[-73.847468,45.700093]]}},{"type":"Feature","properties":{},"geometry":{"type":"LineString","coordinates":[[-73.847468,45.700093],[-73.826639,45.708893]]}},{"type":"Feature","properties":{},"geometry":{"type":"LineString","coordinates":[[-73.826639,45.708893],[-73.73255,45.748138]]}},{"type":"Feature","properties":{},"geometry":{"type":"LineString","coordinates":[[-73.73255,45.748138],[-73.614041,45.705088]]}},{"type":"Feature","properties":{},"geometry":{"type":"LineString","coordinates":[[-73.614041,45.705088],[-73.614041,45.694385]]}},{"type":"Feature","properties":{},"geometry":{"type":"LineString","coordinates":[[-73.611886,45.633853],[-73.611168,45.614112]]}},{"type":"Feature","properties":{},"geometry":{"type":"LineString","coordinates":[[-73.611168,45.614112],[-73.643489,45.600673]]}},{"type":"Feature","properties":{},"geometry":{"type":"LineString","coordinates":[[-73.494096,45.571181],[-73.493377,45.570943]]}},{"type":"Feature","properties":{},"geometry":{"type":"LineString","coordinates":[[-73.725368,45.536693],[-73.726086,45.566186]]}},{"type":"Feature","properties":{},"geometry":{"type":"LineString","coordinates":[[-73.723213,45.475329],[-73.725368,45.534433]]}},{"type":"Feature","properties":{},"geometry":{"type":"LineString","coordinates":[[-73.611168,45.614112],[-73.50846,45.576532]]}},{"type":"Feature","properties":{},"geometry":{"type":"LineString","coordinates":[[-73.966695,45.742905],[-73.847468,45.700093]]}},{"type":"Feature","properties":{},"geometry":{"type":"LineString","coordinates":[[-73.844595,45.609117],[-73.958794,45.560953]]}},{"type":"Feature","properties":{},"geometry":{"type":"LineString","coordinates":[[-73.734705,45.805815],[-73.736141,45.839352]]}},{"type":"Feature","properties":{},"geometry":{"type":"LineString","coordinates":[[-73.499123,45.753014],[-73.614041,45.705088]]}},{"type":"Feature","properties":{},"geometry":{"type":"LineString","coordinates":[[-73.73255,45.748138],[-73.734705,45.805815]]}},{"type":"Feature","properties":{},"geometry":{"type":"LineString","coordinates":[[-71.381045,46.68858],[-71.260381,46.734484]]}},{"type":"Feature","properties":{},"geometry":{"type":"LineString","coordinates":[[-71.260381,46.734484],[-71.142591,46.688461]]}},{"type":"Feature","properties":{},"geometry":{"type":"LineString","coordinates":[[-71.260381,46.765285],[-71.258945,46.826292]]}},{"type":"Feature","properties":{},"geometry":{"type":"LineString","coordinates":[[-71.260381,46.734484],[-71.260381,46.74816]]}},{"type":"Feature","properties":{},"geometry":{"type":"LineString","coordinates":[[-68.142877,49.207551],[-68.295794,49.333987]]}},{"type":"Feature","properties":{},"geometry":{"type":"LineString","coordinates":[[-66.678231,50.121205],[-66.676463,50.119961]]}},{"type":"Feature","properties":{},"geometry":{"type":"LineString","coordinates":[[-120.155047,55.596078],[-120.319455,55.814957]]}},{"type":"Feature","properties":{},"geometry":{"type":"LineString","coordinates":[[-119.208375,55.294291],[-119.052806,55.073753]]}},{"type":"Feature","properties":{},"geometry":{"type":"LineString","coordinates":[[-105.027738,52.569083],[-105.218663,52.616755]]}},{"type":"Feature","properties":{},"geometry":{"type":"LineString","coordinates":[[-105.288492,52.856776],[-105.073701,52.961655]]}},{"type":"Feature","properties":{},"geometry":{"type":"LineString","coordinates":[[-105.073701,52.961655],[-104.984426,53.005182]]}},{"type":"Feature","properties":{},"geometry":{"type":"LineString","coordinates":[[-104.848303,52.523483],[-105.027738,52.569083]]}},{"type":"Feature","properties":{},"geometry":{"type":"LineString","coordinates":[[-105.663272,52.94839],[-105.736637,53.188411]]}},{"type":"Feature","properties":{},"geometry":{"type":"LineString","coordinates":[[-105.736637,53.188411],[-105.430803,53.338061]]}},{"type":"Feature","properties":{},"geometry":{"type":"LineString","coordinates":[[-110.719262,54.250056],[-110.825332,54.484687]]}},{"type":"Feature","properties":{},"geometry":{"type":"LineString","coordinates":[[-110.331224,54.176682],[-110.719262,54.250056]]}},{"type":"Feature","properties":{},"geometry":{"type":"LineString","coordinates":[[-113.356862,53.867847],[-113.477075,54.097504]]}},{"type":"Feature","properties":{},"geometry":{"type":"LineString","coordinates":[[-112.707185,53.968166],[-112.950262,53.817687]]}},{"type":"Feature","properties":{},"geometry":{"type":"LineString","coordinates":[[-111.388385,54.159271],[-111.001231,54.08797]]}},{"type":"Feature","properties":{},"geometry":{"type":"LineString","coordinates":[[-111.001231,54.08797],[-110.895161,53.853753]]}},{"type":"Feature","properties":{},"geometry":{"type":"LineString","coordinates":[[-110.719262,54.250056],[-111.001231,54.08797]]}},{"type":"Feature","properties":{},"geometry":{"type":"LineString","coordinates":[[-106.848601,52.347717],[-106.579891,52.486589]]}},{"type":"Feature","properties":{},"geometry":{"type":"LineString","coordinates":[[-106.579891,52.486589],[-106.556909,52.49861]]}},{"type":"Feature","properties":{},"geometry":{"type":"LineString","coordinates":[[-106.556909,52.49861],[-106.186549,52.409898]]}},{"type":"Feature","properties":{},"geometry":{"type":"LineString","coordinates":[[-106.403992,52.0223],[-106.432278,52.028933]]}},{"type":"Feature","properties":{},"geometry":{"type":"LineString","coordinates":[[-106.432278,52.028933],[-106.770817,52.110183]]}},{"type":"Feature","properties":{},"geometry":{"type":"LineString","coordinates":[[-106.579891,52.569912],[-106.63381,52.736973]]}},{"type":"Feature","properties":{},"geometry":{"type":"LineString","coordinates":[[-106.337699,52.887867],[-105.963803,52.79874]]}},{"type":"Feature","properties":{},"geometry":{"type":"LineString","coordinates":[[-106.556909,52.49861],[-106.579891,52.569497]]}},{"type":"Feature","properties":{},"geometry":{"type":"LineString","coordinates":[[-106.114068,53.278366],[-105.736637,53.188411]]}},{"type":"Feature","properties":{},"geometry":{"type":"LineString","coordinates":[[-110.584023,53.15276],[-110.686557,53.386148]]}},{"type":"Feature","properties":{},"geometry":{"type":"LineString","coordinates":[[-128.752882,54.418775],[-128.390477,54.405095]]}},{"type":"Feature","properties":{},"geometry":{"type":"LineString","coordinates":[[-122.873084,54.055221],[-122.704256,53.844218]]}},{"type":"Feature","properties":{},"geometry":{"type":"LineString","coordinates":[[-115.004479,51.255395],[-114.886034,51.032371]]}},{"type":"Feature","properties":{},"geometry":{"type":"LineString","coordinates":[[-114.76759,51.418311],[-114.409604,51.356129]]}},{"type":"Feature","properties":{},"geometry":{"type":"LineString","coordinates":[[-114.409604,51.356129],[-114.292928,51.131861]]}},{"type":"Feature","properties":{},"geometry":{"type":"LineString","coordinates":[[-114.643842,52.419847],[-114.522745,52.194336]]}},{"type":"Feature","properties":{},"geometry":{"type":"LineString","coordinates":[[-114.522745,52.194336],[-114.766706,52.030177]]}},{"type":"Feature","properties":{},"geometry":{"type":"LineString","coordinates":[[-113.746669,49.409434],[-113.85539,49.632044]]}},{"type":"Feature","properties":{},"geometry":{"type":"LineString","coordinates":[[-113.621153,49.789155],[-113.27731,49.722828]]}},{"type":"Feature","properties":{},"geometry":{"type":"LineString","coordinates":[[-113.27731,49.722828],[-113.17124,49.498975]]}},{"type":"Feature","properties":{},"geometry":{"type":"LineString","coordinates":[[-113.17124,49.498975],[-113.406361,49.343107]]}},{"type":"Feature","properties":{},"geometry":{"type":"LineString","coordinates":[[-113.17124,49.498975],[-112.829165,49.43099]]}},{"type":"Feature","properties":{},"geometry":{"type":"LineString","coordinates":[[-112.829165,49.43099],[-112.726631,49.207137]]}},{"type":"Feature","properties":{},"geometry":{"type":"LineString","coordinates":[[-113.145607,50.103794],[-113.038653,49.879111]]}},{"type":"Feature","properties":{},"geometry":{"type":"LineString","coordinates":[[-113.038653,49.879111],[-113.27731,49.722828]]}},{"type":"Feature","properties":{},"geometry":{"type":"LineString","coordinates":[[-113.038653,49.879111],[-112.693927,49.810712]]}},{"type":"Feature","properties":{},"geometry":{"type":"LineString","coordinates":[[-112.693927,49.810712],[-112.655918,49.728218]]}},{"type":"Feature","properties":{},"geometry":{"type":"LineString","coordinates":[[-112.655918,49.728218],[-112.590509,49.586029]]}},{"type":"Feature","properties":{},"geometry":{"type":"LineString","coordinates":[[-112.590509,49.586029],[-112.829165,49.43099]]}},{"type":"Feature","properties":{},"geometry":{"type":"LineString","coordinates":[[-112.590509,49.586029],[-112.248434,49.516386]]}},{"type":"Feature","properties":{},"geometry":{"type":"LineString","coordinates":[[-113.951737,50.459886],[-114.063994,50.68374]]}},{"type":"Feature","properties":{},"geometry":{"type":"LineString","coordinates":[[-114.063994,50.68374],[-113.824453,50.843754]]}},{"type":"Feature","properties":{},"geometry":{"type":"LineString","coordinates":[[-113.824453,50.843754],[-113.606126,50.803543]]}},{"type":"Feature","properties":{},"geometry":{"type":"LineString","coordinates":[[-113.490333,50.781572],[-113.471771,50.778256]]}},{"type":"Feature","properties":{},"geometry":{"type":"LineString","coordinates":[[-113.695401,51.229279],[-113.339184,51.163781]]}},{"type":"Feature","properties":{},"geometry":{"type":"LineString","coordinates":[[-113.824453,50.843754],[-113.938478,51.068436]]}},{"type":"Feature","properties":{},"geometry":{"type":"LineString","coordinates":[[-112.452618,49.966995],[-112.693927,49.810712]]}},{"type":"Feature","properties":{},"geometry":{"type":"LineString","coordinates":[[-114.768473,49.601782],[-114.883382,49.822733]]}},{"type":"Feature","properties":{},"geometry":{"type":"LineString","coordinates":[[-115.335063,49.504779],[-115.451739,49.724487]]}},{"type":"Feature","properties":{},"geometry":{"type":"LineString","coordinates":[[-120.527175,50.880648],[-120.383097,50.668816]]}},{"type":"Feature","properties":{},"geometry":{"type":"LineString","coordinates":[[-120.383097,50.668816],[-120.582862,50.501341]]}},{"type":"Feature","properties":{},"geometry":{"type":"LineString","coordinates":[[-120.383097,50.668816],[-120.040138,50.62446]]}},{"type":"Feature","properties":{},"geometry":{"type":"LineString","coordinates":[[-120.040138,50.62446],[-119.898712,50.412214]]}},{"type":"Feature","properties":{},"geometry":{"type":"LineString","coordinates":[[-119.978264,51.005011],[-119.836838,50.791936]]}},{"type":"Feature","properties":{},"geometry":{"type":"LineString","coordinates":[[-119.836838,50.791936],[-120.040138,50.62446]]}},{"type":"Feature","properties":{},"geometry":{"type":"LineString","coordinates":[[-119.407256,50.151466],[-119.419631,50.153124]]}},{"type":"Feature","properties":{},"geometry":{"type":"LineString","coordinates":[[-119.557521,50.3662],[-119.352453,50.532432]]}},{"type":"Feature","properties":{},"geometry":{"type":"LineString","coordinates":[[-119.183625,50.508803],[-119.00861,50.484345]]}},{"type":"Feature","properties":{},"geometry":{"type":"LineString","coordinates":[[-119.079324,50.105037],[-119.407256,50.151466]]}},{"type":"Feature","properties":{},"geometry":{"type":"LineString","coordinates":[[-119.148269,49.727803],[-119.48504,49.775475]]}},{"type":"Feature","properties":{},"geometry":{"type":"LineString","coordinates":[[-119.48504,49.775475],[-119.493879,49.788741]]}},{"type":"Feature","properties":{},"geometry":{"type":"LineString","coordinates":[[-119.547798,49.873308],[-119.622047,49.987722]]}},{"type":"Feature","properties":{},"geometry":{"type":"LineString","coordinates":[[-119.491228,50.745921],[-119.283508,50.912982]]}},{"type":"Feature","properties":{},"geometry":{"type":"LineString","coordinates":[[-119.352453,50.532432],[-119.491228,50.745921]]}},{"type":"Feature","properties":{},"geometry":{"type":"LineString","coordinates":[[-119.836838,50.791936],[-119.491228,50.745921]]}},{"type":"Feature","properties":{},"geometry":{"type":"LineString","coordinates":[[-120.019808,49.657745],[-119.684805,49.611316]]}},{"type":"Feature","properties":{},"geometry":{"type":"LineString","coordinates":[[-119.684805,49.611316],[-119.614092,49.500633]]}},{"type":"Feature","properties":{},"geometry":{"type":"LineString","coordinates":[[-119.614092,49.500633],[-119.602601,49.483222]]}},{"type":"Feature","properties":{},"geometry":{"type":"LineString","coordinates":[[-119.602601,49.483222],[-119.596413,49.472859]]}},{"type":"Feature","properties":{},"geometry":{"type":"LineString","coordinates":[[-119.596413,49.472859],[-119.549566,49.399899]]}},{"type":"Feature","properties":{},"geometry":{"type":"LineString","coordinates":[[-119.549566,49.399899],[-119.57078,49.382488]]}},{"type":"Feature","properties":{},"geometry":{"type":"LineString","coordinates":[[-119.48504,49.775475],[-119.684805,49.611316]]}},{"type":"Feature","properties":{},"geometry":{"type":"LineString","coordinates":[[-117.5475,49.094795],[-117.673016,49.309529]]}},{"type":"Feature","properties":{},"geometry":{"type":"LineString","coordinates":[[-117.673016,49.309529],[-117.508608,49.435965]]}},{"type":"Feature","properties":{},"geometry":{"type":"LineString","coordinates":[[-117.477671,49.459593],[-117.471483,49.464153]]}},{"type":"Feature","properties":{},"geometry":{"type":"LineString","coordinates":[[-117.462644,49.471201],[-117.125873,49.416481]]}},{"type":"Feature","properties":{},"geometry":{"type":"LineString","coordinates":[[-118.095527,49.00028],[-118.214855,49.200918]]}},{"type":"Feature","properties":{},"geometry":{"type":"LineString","coordinates":[[-118.008903,49.36259],[-117.673016,49.309529]]}},{"type":"Feature","properties":{},"geometry":{"type":"LineString","coordinates":[[-117.465296,49.475346],[-117.589044,49.686763]]}},{"type":"Feature","properties":{},"geometry":{"type":"LineString","coordinates":[[-119.549566,49.399899],[-119.21633,49.351812]]}},{"type":"Feature","properties":{},"geometry":{"type":"LineString","coordinates":[[-114.258455,53.597979],[-114.638538,53.658503]]}},{"type":"Feature","properties":{},"geometry":{"type":"LineString","coordinates":[[-114.508603,54.053977],[-114.1241,53.993039]]}},{"type":"Feature","properties":{},"geometry":{"type":"LineString","coordinates":[[-114.1241,53.993039],[-114.051619,53.858313]]}},{"type":"Feature","properties":{},"geometry":{"type":"LineString","coordinates":[[-114.045432,53.847534],[-114.029521,53.817687]]}},{"type":"Feature","properties":{},"geometry":{"type":"LineString","coordinates":[[-114.029521,53.817687],[-114.001236,53.764626]]}},{"type":"Feature","properties":{},"geometry":{"type":"LineString","coordinates":[[-114.001236,53.764626],[-114.026869,53.748044]]}},{"type":"Feature","properties":{},"geometry":{"type":"LineString","coordinates":[[-114.026869,53.748044],[-114.258455,53.597979]]}},{"type":"Feature","properties":{},"geometry":{"type":"LineString","coordinates":[[-114.051619,53.858313],[-114.045432,53.847534]]}},{"type":"Feature","properties":{},"geometry":{"type":"LineString","coordinates":[[-114.135591,53.36998],[-114.258455,53.597979]]}},{"type":"Feature","properties":{},"geometry":{"type":"LineString","coordinates":[[-114.001236,53.764626],[-113.619385,53.70203]]}},{"type":"Feature","properties":{},"geometry":{"type":"LineString","coordinates":[[-113.619385,53.70203],[-113.596403,53.658503]]}},{"type":"Feature","properties":{},"geometry":{"type":"LineString","coordinates":[[-113.596403,53.658503],[-113.500056,53.472787]]}},{"type":"Feature","properties":{},"geometry":{"type":"LineString","coordinates":[[-113.500056,53.472787],[-113.758159,53.307384]]}},{"type":"Feature","properties":{},"geometry":{"type":"LineString","coordinates":[[-113.758159,53.307384],[-114.135591,53.36998]]}},{"type":"Feature","properties":{},"geometry":{"type":"LineString","coordinates":[[-114.135591,53.36998],[-114.390158,53.203749]]}},{"type":"Feature","properties":{},"geometry":{"type":"LineString","coordinates":[[-114.765822,53.264272],[-114.891338,53.491027]]}},{"type":"Feature","properties":{},"geometry":{"type":"LineString","coordinates":[[-113.863345,54.160515],[-114.051619,54.039882]]}},{"type":"Feature","properties":{},"geometry":{"type":"LineString","coordinates":[[-114.051619,54.039882],[-114.1241,53.993039]]}},{"type":"Feature","properties":{},"geometry":{"type":"LineString","coordinates":[[-113.412549,53.832611],[-113.619385,53.70203]]}},{"type":"Feature","properties":{},"geometry":{"type":"LineString","coordinates":[[-113.356862,53.867847],[-113.412549,53.832611]]}},{"type":"Feature","properties":{},"geometry":{"type":"LineString","coordinates":[[-112.921976,52.328233],[-112.664757,52.49032]]}},{"type":"Feature","properties":{},"geometry":{"type":"LineString","coordinates":[[-113.290569,52.39456],[-113.405478,52.622559]]}},{"type":"Feature","properties":{},"geometry":{"type":"LineString","coordinates":[[-113.405478,52.622559],[-113.149142,52.785889]]}},{"type":"Feature","properties":{},"geometry":{"type":"LineString","coordinates":[[-113.149142,52.785889],[-112.777015,52.719562]]}},{"type":"Feature","properties":{},"geometry":{"type":"LineString","coordinates":[[-114.168296,51.518216],[-114.284972,51.743727]]}},{"type":"Feature","properties":{},"geometry":{"type":"LineString","coordinates":[[-114.284972,51.743727],[-114.040128,51.906228]]}},{"type":"Feature","properties":{},"geometry":{"type":"LineString","coordinates":[[-114.040128,51.906228],[-113.71308,51.849021]]}},{"type":"Feature","properties":{},"geometry":{"type":"LineString","coordinates":[[-113.71308,51.849021],[-113.677723,51.842388]]}},{"type":"Feature","properties":{},"geometry":{"type":"LineString","coordinates":[[-113.677723,51.842388],[-113.562814,51.616048]]}},{"type":"Feature","properties":{},"geometry":{"type":"LineString","coordinates":[[-113.562814,51.616048],[-113.809426,51.45479]]}},{"type":"Feature","properties":{},"geometry":{"type":"LineString","coordinates":[[-113.562814,51.616048],[-113.203061,51.55055]]}},{"type":"Feature","properties":{},"geometry":{"type":"LineString","coordinates":[[-113.203061,51.55055],[-113.091688,51.323795]]}},{"type":"Feature","properties":{},"geometry":{"type":"LineString","coordinates":[[-114.646493,51.805494],[-114.284972,51.743727]]}},{"type":"Feature","properties":{},"geometry":{"type":"LineString","coordinates":[[-114.040128,51.906228],[-114.157689,52.132569]]}},{"type":"Feature","properties":{},"geometry":{"type":"LineString","coordinates":[[-114.157689,52.132569],[-113.909309,52.295899]]}},{"type":"Feature","properties":{},"geometry":{"type":"LineString","coordinates":[[-113.909309,52.295899],[-113.542484,52.231645]]}},{"type":"Feature","properties":{},"geometry":{"type":"LineString","coordinates":[[-113.428459,52.004475],[-113.677723,51.842388]]}},{"type":"Feature","properties":{},"geometry":{"type":"LineString","coordinates":[[-112.952913,51.710978],[-113.203061,51.55055]]}},{"type":"Feature","properties":{},"geometry":{"type":"LineString","coordinates":[[-114.522745,52.194336],[-114.157689,52.132569]]}},{"type":"Feature","properties":{},"geometry":{"type":"LineString","coordinates":[[-112.857451,53.572692],[-112.803532,53.563158]]}},{"type":"Feature","properties":{},"geometry":{"type":"LineString","coordinates":[[-112.803532,53.563158],[-112.477368,53.505951]]}},{"type":"Feature","properties":{},"geometry":{"type":"LineString","coordinates":[[-112.477368,53.505951],[-112.36511,53.27505]]}},{"type":"Feature","properties":{},"geometry":{"type":"LineString","coordinates":[[-112.628517,53.112135],[-113.005064,53.178461]]}},{"type":"Feature","properties":{},"geometry":{"type":"LineString","coordinates":[[-113.005064,53.178461],[-113.099643,53.366664]]}},{"type":"Feature","properties":{},"geometry":{"type":"LineString","coordinates":[[-113.099643,53.366664],[-113.120857,53.408118]]}},{"type":"Feature","properties":{},"geometry":{"type":"LineString","coordinates":[[-113.639715,53.078971],[-113.758159,53.307384]]}},{"type":"Feature","properties":{},"geometry":{"type":"LineString","coordinates":[[-113.500056,53.472787],[-113.120857,53.408118]]}},{"type":"Feature","properties":{},"geometry":{"type":"LineString","coordinates":[[-113.005064,53.178461],[-113.264935,53.014717]]}},{"type":"Feature","properties":{},"geometry":{"type":"LineString","coordinates":[[-113.264935,53.014717],[-113.639715,53.078971]]}},{"type":"Feature","properties":{},"geometry":{"type":"LineString","coordinates":[[-113.149142,52.785889],[-113.264935,53.014717]]}},{"type":"Feature","properties":{},"geometry":{"type":"LineString","coordinates":[[-112.213961,53.666794],[-112.477368,53.505951]]}},{"type":"Feature","properties":{},"geometry":{"type":"LineString","coordinates":[[-112.209542,53.669695],[-112.213961,53.666794]]}},{"type":"Feature","properties":{},"geometry":{"type":"LineString","coordinates":[[-111.2337,53.065706],[-110.858037,52.993161]]}},{"type":"Feature","properties":{},"geometry":{"type":"LineString","coordinates":[[-114.027753,52.522654],[-114.376016,52.581519]]}},{"type":"Feature","properties":{},"geometry":{"type":"LineString","coordinates":[[-114.376016,52.581519],[-114.396346,52.584835]]}},{"type":"Feature","properties":{},"geometry":{"type":"LineString","coordinates":[[-114.267294,52.976579],[-113.894282,52.914397]]}},{"type":"Feature","properties":{},"geometry":{"type":"LineString","coordinates":[[-113.894282,52.914397],[-113.775838,52.686813]]}},{"type":"Feature","properties":{},"geometry":{"type":"LineString","coordinates":[[-113.775838,52.686813],[-114.027753,52.522654]]}},{"type":"Feature","properties":{},"geometry":{"type":"LineString","coordinates":[[-113.909309,52.295899],[-114.027753,52.522654]]}},{"type":"Feature","properties":{},"geometry":{"type":"LineString","coordinates":[[-113.775838,52.686813],[-113.405478,52.622559]]}},{"type":"Feature","properties":{},"geometry":{"type":"LineString","coordinates":[[-113.639715,53.078971],[-113.894282,52.914397]]}},{"type":"Feature","properties":{},"geometry":{"type":"LineString","coordinates":[[-53.112798,47.824635],[-53.161413,47.895522]]}},{"type":"Feature","properties":{},"geometry":{"type":"LineString","coordinates":[[-52.719456,47.67457],[-52.794589,47.677472]]}},{"type":"Feature","properties":{},"geometry":{"type":"LineString","coordinates":[[-53.199422,47.51124],[-53.225055,47.486782]]}},{"type":"Feature","properties":{},"geometry":{"type":"LineString","coordinates":[[-53.225055,47.486782],[-53.236546,47.487196]]}},{"type":"Feature","properties":{},"geometry":{"type":"LineString","coordinates":[[-53.405374,47.492586],[-53.576853,47.497975]]}},{"type":"Feature","properties":{},"geometry":{"type":"LineString","coordinates":[[-53.080977,47.277438],[-53.185279,47.42916]]}},{"type":"Feature","properties":{},"geometry":{"type":"LineString","coordinates":[[-53.216216,47.47476],[-53.225055,47.486782]]}},{"type":"Feature","properties":{},"geometry":{"type":"LineString","coordinates":[[-53.198538,47.448229],[-53.208261,47.463567]]}},{"type":"Feature","properties":{},"geometry":{"type":"LineString","coordinates":[[-53.455757,48.317527],[-53.545032,48.443962]]}},{"type":"Feature","properties":{},"geometry":{"type":"LineString","coordinates":[[-54.882394,49.394925],[-54.86118,49.39451]]}},{"type":"Feature","properties":{},"geometry":{"type":"LineString","coordinates":[[-54.686165,49.390365],[-54.591587,49.388292]]}},{"type":"Feature","properties":{},"geometry":{"type":"LineString","coordinates":[[-54.433366,49.175631],[-54.642854,48.972091]]}},{"type":"Feature","properties":{},"geometry":{"type":"LineString","coordinates":[[-55.010562,48.979967],[-55.172318,49.191799]]}},{"type":"Feature","properties":{},"geometry":{"type":"LineString","coordinates":[[-54.805494,49.393267],[-54.768369,49.392437]]}},{"type":"Feature","properties":{},"geometry":{"type":"LineString","coordinates":[[-57.877096,48.883793],[-57.941622,48.959654]]}},{"type":"Feature","properties":{},"geometry":{"type":"LineString","coordinates":[[-57.956648,48.976651],[-57.976095,48.999865]]}},{"type":"Feature","properties":{},"geometry":{"type":"LineString","coordinates":[[-57.799312,48.791764],[-57.877096,48.883378]]}},{"type":"Feature","properties":{},"geometry":{"type":"LineString","coordinates":[[-58.363249,48.578274],[-58.542684,48.785546]]}},{"type":"Feature","properties":{},"geometry":{"type":"LineString","coordinates":[[-97.113169,50.38444],[-97.354477,50.290753]]}},{"type":"Feature","properties":{},"geometry":{"type":"LineString","coordinates":[[-97.354477,50.290753],[-97.460547,50.327647]]}},{"type":"Feature","properties":{},"geometry":{"type":"LineString","coordinates":[[-97.460547,50.327647],[-97.697436,50.408483]]}},{"type":"Feature","properties":{},"geometry":{"type":"LineString","coordinates":[[-97.395138,50.779499],[-97.049527,50.660525]]}},{"type":"Feature","properties":{},"geometry":{"type":"LineString","coordinates":[[-97.049527,50.660525],[-97.031849,50.416359]]}},{"type":"Feature","properties":{},"geometry":{"type":"LineString","coordinates":[[-97.031849,50.416359],[-97.113169,50.38444]]}},{"type":"Feature","properties":{},"geometry":{"type":"LineString","coordinates":[[-97.335031,50.047416],[-97.335915,50.063998]]}},{"type":"Feature","properties":{},"geometry":{"type":"LineString","coordinates":[[-97.335915,50.063998],[-97.354477,50.290753]]}},{"type":"Feature","properties":{},"geometry":{"type":"LineString","coordinates":[[-97.031849,50.416359],[-96.689774,50.296142]]}},{"type":"Feature","properties":{},"geometry":{"type":"LineString","coordinates":[[-96.689774,50.296142],[-96.674747,50.062339]]}},{"type":"Feature","properties":{},"geometry":{"type":"LineString","coordinates":[[-96.674747,50.062339],[-96.673863,50.05239]]}},{"type":"Feature","properties":{},"geometry":{"type":"LineString","coordinates":[[-96.673863,50.05239],[-96.995608,49.928442]]}},{"type":"Feature","properties":{},"geometry":{"type":"LineString","coordinates":[[-96.995608,49.928442],[-97.335031,50.047416]]}},{"type":"Feature","properties":{},"geometry":{"type":"LineString","coordinates":[[-97.653241,49.921809],[-97.993548,50.03871]]}},{"type":"Feature","properties":{},"geometry":{"type":"LineString","coordinates":[[-97.993548,50.03871],[-98.017413,50.281633]]}},{"type":"Feature","properties":{},"geometry":{"type":"LineString","coordinates":[[-96.990305,50.68374],[-97.049527,50.660525]]}},{"type":"Feature","properties":{},"geometry":{"type":"LineString","coordinates":[[-97.416351,51.02408],[-97.087535,51.150516]]}},{"type":"Feature","properties":{},"geometry":{"type":"LineString","coordinates":[[-96.36361,50.419676],[-96.689774,50.296142]]}},{"type":"Feature","properties":{},"geometry":{"type":"LineString","coordinates":[[-96.793192,49.619607],[-96.97793,49.685105]]}},{"type":"Feature","properties":{},"geometry":{"type":"LineString","coordinates":[[-96.97793,49.685105],[-96.985885,49.797446]]}},{"type":"Feature","properties":{},"geometry":{"type":"LineString","coordinates":[[-96.985885,49.797446],[-96.995608,49.928442]]}},{"type":"Feature","properties":{},"geometry":{"type":"LineString","coordinates":[[-96.673863,50.05239],[-96.335324,49.931344]]}},{"type":"Feature","properties":{},"geometry":{"type":"LineString","coordinates":[[-96.322066,49.687592],[-96.365377,49.671011]]}},{"type":"Feature","properties":{},"geometry":{"type":"LineString","coordinates":[[-96.366261,49.671011],[-96.642043,49.565302]]}},{"type":"Feature","properties":{},"geometry":{"type":"LineString","coordinates":[[-96.642043,49.565302],[-96.793192,49.619607]]}},{"type":"Feature","properties":{},"geometry":{"type":"LineString","coordinates":[[-98.650296,50.026274],[-98.560137,49.996013]]}},{"type":"Feature","properties":{},"geometry":{"type":"LineString","coordinates":[[-98.560137,49.996013],[-98.309989,49.911446]]}},{"type":"Feature","properties":{},"geometry":{"type":"LineString","coordinates":[[-98.284355,49.669352],[-98.4028,49.620851]]}},{"type":"Feature","properties":{},"geometry":{"type":"LineString","coordinates":[[-99.659726,49.894449],[-99.957605,49.990623]]}},{"type":"Feature","properties":{},"geometry":{"type":"LineString","coordinates":[[-99.957605,49.990623],[-99.968212,50.063583]]}},{"type":"Feature","properties":{},"geometry":{"type":"LineString","coordinates":[[-99.968212,50.063583],[-99.992962,50.232302]]}},{"type":"Feature","properties":{},"geometry":{"type":"LineString","coordinates":[[-99.61553,49.87994],[-99.659726,49.894449]]}},{"type":"Feature","properties":{},"geometry":{"type":"LineString","coordinates":[[-97.993548,50.03871],[-98.309989,49.911446]]}},{"type":"Feature","properties":{},"geometry":{"type":"LineString","coordinates":[[-100.910465,49.834341],[-100.607282,49.967409]]}},{"type":"Feature","properties":{},"geometry":{"type":"LineString","coordinates":[[-100.607282,49.967409],[-100.264323,49.858799]]}},{"type":"Feature","properties":{},"geometry":{"type":"LineString","coordinates":[[-100.264323,49.858799],[-100.228083,49.618364]]}},{"type":"Feature","properties":{},"geometry":{"type":"LineString","coordinates":[[-100.607282,49.967409],[-100.646174,50.208259]]}},{"type":"Feature","properties":{},"geometry":{"type":"LineString","coordinates":[[-99.957605,49.990623],[-100.264323,49.858799]]}},{"type":"Feature","properties":{},"geometry":{"type":"LineString","coordinates":[[-102.497975,51.216428],[-102.848889,51.315918]]}},{"type":"Feature","properties":{},"geometry":{"type":"LineString","coordinates":[[-102.185069,51.353642],[-102.427262,51.243788]]}},{"type":"Feature","properties":{},"geometry":{"type":"LineString","coordinates":[[-102.427262,51.243788],[-102.491787,51.21477]]}},{"type":"Feature","properties":{},"geometry":{"type":"LineString","coordinates":[[-102.491787,51.21477],[-102.497975,51.216428]]}},{"type":"Feature","properties":{},"geometry":{"type":"LineString","coordinates":[[-102.44052,50.973506],[-102.491787,51.21477]]}},{"type":"Feature","properties":{},"geometry":{"type":"LineString","coordinates":[[-97.793783,49.266416],[-97.923718,49.311602]]}},{"type":"Feature","properties":{},"geometry":{"type":"LineString","coordinates":[[-97.9467,49.553695],[-97.732793,49.639091]]}},{"type":"Feature","properties":{},"geometry":{"type":"LineString","coordinates":[[-97.731909,49.639505],[-97.632027,49.678887]]}},{"type":"Feature","properties":{},"geometry":{"type":"LineString","coordinates":[[-97.295255,49.561157],[-97.293487,49.532139]]}},{"type":"Feature","properties":{},"geometry":{"type":"LineString","coordinates":[[-97.293487,49.532139],[-97.276693,49.319063]]}},{"type":"Feature","properties":{},"geometry":{"type":"LineString","coordinates":[[-97.589599,49.1947],[-97.793783,49.266416]]}},{"type":"Feature","properties":{},"geometry":{"type":"LineString","coordinates":[[-98.284355,49.669352],[-97.9467,49.553695]]}},{"type":"Feature","properties":{},"geometry":{"type":"LineString","coordinates":[[-81.609312,44.242566],[-81.498822,44.175825]]}},{"type":"Feature","properties":{},"geometry":{"type":"LineString","coordinates":[[-81.498822,44.175825],[-81.564232,43.94368]]}},{"type":"Feature","properties":{},"geometry":{"type":"LineString","coordinates":[[-81.564232,43.94368],[-81.721569,43.9072]]}},{"type":"Feature","properties":{},"geometry":{"type":"LineString","coordinates":[[-81.564232,43.94368],[-81.306129,43.786568]]}},{"type":"Feature","properties":{},"geometry":{"type":"LineString","coordinates":[[-81.306129,43.786568],[-81.33353,43.690394]]}},{"type":"Feature","properties":{},"geometry":{"type":"LineString","coordinates":[[-81.33353,43.690394],[-81.371539,43.555253]]}},{"type":"Feature","properties":{},"geometry":{"type":"LineString","coordinates":[[-81.371539,43.555253],[-81.516501,43.521675]]}},{"type":"Feature","properties":{},"geometry":{"type":"LineString","coordinates":[[-81.516501,43.521675],[-81.6924,43.480635]]}},{"type":"Feature","properties":{},"geometry":{"type":"LineString","coordinates":[[-81.6924,43.480635],[-81.711846,43.492657]]}},{"type":"Feature","properties":{},"geometry":{"type":"LineString","coordinates":[[-81.287567,44.594099],[-81.269005,44.583321]]}},{"type":"Feature","properties":{},"geometry":{"type":"LineString","coordinates":[[-81.269005,44.583321],[-81.188568,44.53399]]}},{"type":"Feature","properties":{},"geometry":{"type":"LineString","coordinates":[[-81.165587,44.274071],[-81.172658,44.250442]]}},{"type":"Feature","properties":{},"geometry":{"type":"LineString","coordinates":[[-81.172658,44.250442],[-81.391869,44.200697]]}},{"type":"Feature","properties":{},"geometry":{"type":"LineString","coordinates":[[-81.391869,44.200697],[-81.498822,44.175825]]}},{"type":"Feature","properties":{},"geometry":{"type":"LineString","coordinates":[[-81.162051,43.819317],[-81.306129,43.786568]]}},{"type":"Feature","properties":{},"geometry":{"type":"LineString","coordinates":[[-81.172658,44.250442],[-81.034767,44.16629]]}},{"type":"Feature","properties":{},"geometry":{"type":"LineString","coordinates":[[-81.034767,44.16629],[-80.914555,44.091672]]}},{"type":"Feature","properties":{},"geometry":{"type":"LineString","coordinates":[[-80.914555,44.091672],[-80.943724,43.991767]]}},{"type":"Feature","properties":{},"geometry":{"type":"LineString","coordinates":[[-80.943724,43.991767],[-80.982616,43.859943]]}},{"type":"Feature","properties":{},"geometry":{"type":"LineString","coordinates":[[-80.982616,43.859943],[-81.162051,43.819317]]}},{"type":"Feature","properties":{},"geometry":{"type":"LineString","coordinates":[[-82.515324,46.139516],[-82.51002,46.14076]]}},{"type":"Feature","properties":{},"geometry":{"type":"LineString","coordinates":[[-82.056572,46.149051],[-81.959342,46.092673]]}},{"type":"Feature","properties":{},"geometry":{"type":"LineString","coordinates":[[-81.566884,46.416846],[-81.494403,46.374562]]}},{"type":"Feature","properties":{},"geometry":{"type":"LineString","coordinates":[[-81.494403,46.374562],[-81.563348,46.137029]]}},{"type":"Feature","properties":{},"geometry":{"type":"LineString","coordinates":[[-82.176785,46.218694],[-82.136125,46.3671]]}},{"type":"Feature","properties":{},"geometry":{"type":"LineString","coordinates":[[-82.136125,46.3671],[-82.111375,46.456642]]}},{"type":"Feature","properties":{},"geometry":{"type":"LineString","coordinates":[[-81.7693,46.534576],[-81.566884,46.416846]]}},{"type":"Feature","properties":{},"geometry":{"type":"LineString","coordinates":[[-80.726281,44.720534],[-80.77578,44.55679]]}},{"type":"Feature","properties":{},"geometry":{"type":"LineString","coordinates":[[-89.486756,48.386341],[-89.242796,48.274829]]}},{"type":"Feature","properties":{},"geometry":{"type":"LineString","coordinates":[[-105.307939,50.571813],[-105.33092,50.653893]]}},{"type":"Feature","properties":{},"geometry":{"type":"LineString","coordinates":[[-104.689198,50.704052],[-104.654726,50.571813]]}},{"type":"Feature","properties":{},"geometry":{"type":"LineString","coordinates":[[-104.654726,50.571813],[-104.626441,50.466519]]}},{"type":"Feature","properties":{},"geometry":{"type":"LineString","coordinates":[[-104.626441,50.466519],[-104.914597,50.323502]]}},{"type":"Feature","properties":{},"geometry":{"type":"LineString","coordinates":[[-105.264627,50.417189],[-105.307939,50.571399]]}},{"type":"Feature","properties":{},"geometry":{"type":"LineString","coordinates":[[-104.626441,50.466519],[-104.27641,50.371174]]}},{"type":"Feature","properties":{},"geometry":{"type":"LineString","coordinates":[[-104.043941,50.750896],[-104.035986,50.717318]]}},{"type":"Feature","properties":{},"geometry":{"type":"LineString","coordinates":[[-104.035986,50.717318],[-103.984719,50.512533]]}},{"type":"Feature","properties":{},"geometry":{"type":"LineString","coordinates":[[-123.362772,48.557133],[-123.471494,48.569569]]}},{"type":"Feature","properties":{},"geometry":{"type":"LineString","coordinates":[[-123.516573,48.574958],[-123.543975,48.57786]]}},{"type":"Feature","properties":{},"geometry":{"type":"LineString","coordinates":[[-123.543975,48.57786],[-123.601429,48.719219]]}},{"type":"Feature","properties":{},"geometry":{"type":"LineString","coordinates":[[-123.601429,48.719219],[-123.610268,48.739946]]}},{"type":"Feature","properties":{},"geometry":{"type":"LineString","coordinates":[[-123.620875,48.764404],[-123.626179,48.776841]]}},{"type":"Feature","properties":{},"geometry":{"type":"LineString","coordinates":[[-123.626179,48.776841],[-123.602313,48.793008]]}},{"type":"Feature","properties":{},"geometry":{"type":"LineString","coordinates":[[-123.565189,48.817466],[-123.474146,48.877989]]}},{"type":"Feature","properties":{},"geometry":{"type":"LineString","coordinates":[[-123.42553,48.910324],[-123.40962,48.921102]]}},{"type":"Feature","properties":{},"geometry":{"type":"LineString","coordinates":[[-122.86778,49.024738],[-122.810326,49.062461]]}},{"type":"Feature","properties":{},"geometry":{"type":"LineString","coordinates":[[-122.810326,49.062461],[-122.483278,49.023494]]}},{"type":"Feature","properties":{},"geometry":{"type":"LineString","coordinates":[[-122.483278,49.023494],[-122.474438,49.002352]]}},{"type":"Feature","properties":{},"geometry":{"type":"LineString","coordinates":[[-123.785283,48.414944],[-123.741972,48.444791]]}},{"type":"Feature","properties":{},"geometry":{"type":"LineString","coordinates":[[-123.741972,48.444791],[-123.658,48.500755]]}},{"type":"Feature","properties":{},"geometry":{"type":"LineString","coordinates":[[-123.658,48.500755],[-123.61734,48.528529]]}},{"type":"Feature","properties":{},"geometry":{"type":"LineString","coordinates":[[-123.616456,48.528944],[-123.543975,48.57786]]}},{"type":"Feature","properties":{},"geometry":{"type":"LineString","coordinates":[[-121.906082,49.142882],[-121.659469,49.299165]]}},{"type":"Feature","properties":{},"geometry":{"type":"LineString","coordinates":[[-121.659469,49.299165],[-121.655934,49.301238]]}},{"type":"Feature","properties":{},"geometry":{"type":"LineString","coordinates":[[-121.655934,49.301238],[-121.648863,49.300409]]}},{"type":"Feature","properties":{},"geometry":{"type":"LineString","coordinates":[[-121.502133,49.282169],[-121.32535,49.259369]]}},{"type":"Feature","properties":{},"geometry":{"type":"LineString","coordinates":[[-121.849511,49.00028],[-121.906082,49.142882]]}},{"type":"Feature","properties":{},"geometry":{"type":"LineString","coordinates":[[-121.734602,49.500633],[-121.655934,49.301238]]}},{"type":"Feature","properties":{},"geometry":{"type":"LineString","coordinates":[[-121.906082,49.142882],[-122.234898,49.183093]]}},{"type":"Feature","properties":{},"geometry":{"type":"LineString","coordinates":[[-122.483278,49.023494],[-122.245505,49.17646]]}},{"type":"Feature","properties":{},"geometry":{"type":"LineString","coordinates":[[-122.245505,49.17646],[-122.234898,49.183093]]}},{"type":"Feature","properties":{},"geometry":{"type":"LineString","coordinates":[[-124.263481,49.614218],[-124.285579,49.599709]]}},{"type":"Feature","properties":{},"geometry":{"type":"LineString","coordinates":[[-124.285579,49.599709],[-124.405791,49.611731]]}},{"type":"Feature","properties":{},"geometry":{"type":"LineString","coordinates":[[-124.041619,49.761381],[-124.176857,49.67184]]}},{"type":"Feature","properties":{},"geometry":{"type":"LineString","coordinates":[[-124.285579,49.599709],[-124.263481,49.54872]]}},{"type":"Feature","properties":{},"geometry":{"type":"LineString","coordinates":[[-124.320936,49.324038],[-124.442916,49.241544]]}},{"type":"Feature","properties":{},"geometry":{"type":"LineString","coordinates":[[-124.442916,49.241544],[-124.68776,49.266416]]}},{"type":"Feature","properties":{},"geometry":{"type":"LineString","coordinates":[[-124.68776,49.266416],[-124.768196,49.274293]]}},{"type":"Feature","properties":{},"geometry":{"type":"LineString","coordinates":[[-124.790294,49.325281],[-124.853052,49.469543]]}},{"type":"Feature","properties":{},"geometry":{"type":"LineString","coordinates":[[-124.853052,49.469543],[-124.81416,49.496488]]}},{"type":"Feature","properties":{},"geometry":{"type":"LineString","coordinates":[[-124.787642,49.514313],[-124.754937,49.535869]]}},{"type":"Feature","properties":{},"geometry":{"type":"LineString","coordinates":[[-124.244919,49.506437],[-124.222821,49.455448]]}},{"type":"Feature","properties":{},"geometry":{"type":"LineString","coordinates":[[-125.264956,49.69464],[-125.059004,49.834755]]}},{"type":"Feature","properties":{},"geometry":{"type":"LineString","coordinates":[[-124.853052,49.469543],[-125.179216,49.500633]]}},{"type":"Feature","properties":{},"geometry":{"type":"LineString","coordinates":[[-123.675678,49.638262],[-123.629715,49.531309]]}},{"type":"Feature","properties":{},"geometry":{"type":"LineString","coordinates":[[-123.629715,49.531309],[-123.738436,49.459593]]}},{"type":"Feature","properties":{},"geometry":{"type":"LineString","coordinates":[[-123.712802,49.726974],[-123.681865,49.652771]]}},{"type":"Feature","properties":{},"geometry":{"type":"LineString","coordinates":[[-122.693649,49.991453],[-123.026001,50.028347]]}},{"type":"Feature","properties":{},"geometry":{"type":"LineString","coordinates":[[-124.811508,49.24486],[-124.768196,49.274293]]}},{"type":"Feature","properties":{},"geometry":{"type":"LineString","coordinates":[[-124.442916,49.241544],[-124.358944,49.04505]]}},{"type":"Feature","properties":{},"geometry":{"type":"LineString","coordinates":[[-125.007737,49.110963],[-124.837141,49.227449]]}},{"type":"Feature","properties":{},"geometry":{"type":"LineString","coordinates":[[-124.033663,49.010643],[-123.879862,49.113864]]}},{"type":"Feature","properties":{},"geometry":{"type":"LineString","coordinates":[[-123.879862,49.113864],[-123.863952,49.124228]]}},{"type":"Feature","properties":{},"geometry":{"type":"LineString","coordinates":[[-123.863952,49.124228],[-123.843622,49.138322]]}},{"type":"Feature","properties":{},"geometry":{"type":"LineString","coordinates":[[-123.626179,48.776841],[-123.658,48.780572]]}},{"type":"Feature","properties":{},"geometry":{"type":"LineString","coordinates":[[-123.719874,48.787619],[-123.950575,48.812906]]}},{"type":"Feature","properties":{},"geometry":{"type":"LineString","coordinates":[[-123.829479,49.147442],[-123.791471,49.173144]]}},{"type":"Feature","properties":{},"geometry":{"type":"LineString","coordinates":[[-123.791471,49.173144],[-123.77556,49.171486]]}},{"type":"Feature","properties":{},"geometry":{"type":"LineString","coordinates":[[-123.793239,49.178948],[-123.791471,49.173144]]}},{"type":"Feature","properties":{},"geometry":{"type":"LineString","coordinates":[[-122.861593,49.280511],[-122.891646,49.261027]]}},{"type":"Feature","properties":{},"geometry":{"type":"LineString","coordinates":[[-122.891646,49.261027],[-123.147097,49.290045]]}},{"type":"Feature","properties":{},"geometry":{"type":"LineString","coordinates":[[-123.236373,49.338547],[-123.25847,49.390779]]}},{"type":"Feature","properties":{},"geometry":{"type":"LineString","coordinates":[[-123.261122,49.521775],[-123.05517,49.655672]]}},{"type":"Feature","properties":{},"geometry":{"type":"LineString","coordinates":[[-123.05517,49.655672],[-122.72547,49.618364]]}},{"type":"Feature","properties":{},"geometry":{"type":"LineString","coordinates":[[-122.64415,49.421041],[-122.84745,49.289631]]}},{"type":"Feature","properties":{},"geometry":{"type":"LineString","coordinates":[[-123.492708,49.516386],[-123.629715,49.531309]]}},{"type":"Feature","properties":{},"geometry":{"type":"LineString","coordinates":[[-123.20632,49.860042],[-123.05517,49.655672]]}},{"type":"Feature","properties":{},"geometry":{"type":"LineString","coordinates":[[-123.337139,49.49939],[-123.442325,49.510997]]}},{"type":"Feature","properties":{},"geometry":{"type":"LineString","coordinates":[[-82.207722,42.193893],[-82.313791,42.258562]]}},{"type":"Feature","properties":{},"geometry":{"type":"LineString","coordinates":[[-82.313791,42.258562],[-82.255453,42.486975]]}},{"type":"Feature","properties":{},"geometry":{"type":"LineString","coordinates":[[-82.255453,42.486975],[-81.941663,42.561593]]}},{"type":"Feature","properties":{},"geometry":{"type":"LineString","coordinates":[[-81.941663,42.561593],[-81.731292,42.43267]]}},{"type":"Feature","properties":{},"geometry":{"type":"LineString","coordinates":[[-81.329995,42.648647],[-81.312316,42.709585]]}},{"type":"Feature","properties":{},"geometry":{"type":"LineString","coordinates":[[-81.033,42.773839],[-80.995875,42.78213]]}},{"type":"Feature","properties":{},"geometry":{"type":"LineString","coordinates":[[-80.995875,42.78213],[-80.761638,42.635382]]}},{"type":"Feature","properties":{},"geometry":{"type":"LineString","coordinates":[[-81.941663,42.561593],[-81.880673,42.790835]]}},{"type":"Feature","properties":{},"geometry":{"type":"LineString","coordinates":[[-81.880673,42.790835],[-81.835594,42.801613]]}},{"type":"Feature","properties":{},"geometry":{"type":"LineString","coordinates":[[-83.096056,42.280118],[-82.885684,42.33235]]}},{"type":"Feature","properties":{},"geometry":{"type":"LineString","coordinates":[[-82.861818,42.325303],[-82.624045,42.1827]]}},{"type":"Feature","properties":{},"geometry":{"type":"LineString","coordinates":[[-82.373898,42.558691],[-82.255453,42.486975]]}},{"type":"Feature","properties":{},"geometry":{"type":"LineString","coordinates":[[-82.313791,42.258562],[-82.624045,42.1827]]}},{"type":"Feature","properties":{},"geometry":{"type":"LineString","coordinates":[[-81.061285,43.093037],[-81.182381,43.16807]]}},{"type":"Feature","properties":{},"geometry":{"type":"LineString","coordinates":[[-81.160283,43.246004],[-81.116088,43.398141]]}},{"type":"Feature","properties":{},"geometry":{"type":"LineString","coordinates":[[-81.116088,43.398141],[-81.107248,43.400214]]}},{"type":"Feature","properties":{},"geometry":{"type":"LineString","coordinates":[[-80.799646,43.469857],[-80.795227,43.471101]]}},{"type":"Feature","properties":{},"geometry":{"type":"LineString","coordinates":[[-80.790807,43.468614],[-80.541543,43.312745]]}},{"type":"Feature","properties":{},"geometry":{"type":"LineString","coordinates":[[-80.598114,43.124543],[-80.610489,43.083088]]}},{"type":"Feature","properties":{},"geometry":{"type":"LineString","coordinates":[[-80.610489,43.083088],[-80.929582,43.011372]]}},{"type":"Feature","properties":{},"geometry":{"type":"LineString","coordinates":[[-80.610489,43.083088],[-80.472598,42.996034]]}},{"type":"Feature","properties":{},"geometry":{"type":"LineString","coordinates":[[-80.472598,42.996034],[-80.360341,42.925147]]}},{"type":"Feature","properties":{},"geometry":{"type":"LineString","coordinates":[[-80.360341,42.925147],[-80.429286,42.696319]]}},{"type":"Feature","properties":{},"geometry":{"type":"LineString","coordinates":[[-81.182381,43.16807],[-81.501474,43.094696]]}},{"type":"Feature","properties":{},"geometry":{"type":"LineString","coordinates":[[-81.501474,43.094696],[-81.756041,43.250149]]}},{"type":"Feature","properties":{},"geometry":{"type":"LineString","coordinates":[[-81.756041,43.250149],[-81.727756,43.355029]]}},{"type":"Feature","properties":{},"geometry":{"type":"LineString","coordinates":[[-81.71273,43.408919],[-81.6924,43.480635]]}},{"type":"Feature","properties":{},"geometry":{"type":"LineString","coordinates":[[-81.371539,43.555253],[-81.116088,43.398141]]}},{"type":"Feature","properties":{},"geometry":{"type":"LineString","coordinates":[[-81.530643,42.987329],[-81.501474,43.094696]]}},{"type":"Feature","properties":{},"geometry":{"type":"LineString","coordinates":[[-80.726281,43.701587],[-80.401885,43.773718]]}},{"type":"Feature","properties":{},"geometry":{"type":"LineString","coordinates":[[-80.401885,43.773718],[-80.148201,43.614118]]}},{"type":"Feature","properties":{},"geometry":{"type":"LineString","coordinates":[[-80.219798,43.383632],[-80.349734,43.355443]]}},{"type":"Feature","properties":{},"geometry":{"type":"LineString","coordinates":[[-80.219798,43.383632],[-79.968767,43.224448]]}},{"type":"Feature","properties":{},"geometry":{"type":"LineString","coordinates":[[-80.040364,42.995205],[-80.069533,42.988987]]}},{"type":"Feature","properties":{},"geometry":{"type":"LineString","coordinates":[[-80.169415,42.967431],[-80.360341,42.925147]]}},{"type":"Feature","properties":{},"geometry":{"type":"LineString","coordinates":[[-80.982616,43.859943],[-80.926046,43.825535]]}},{"type":"Feature","properties":{},"geometry":{"type":"LineString","coordinates":[[-80.926046,43.825121],[-80.726281,43.701587]]}},{"type":"Feature","properties":{},"geometry":{"type":"LineString","coordinates":[[-82.089277,43.116666],[-82.135241,42.945045]]}},{"type":"Feature","properties":{},"geometry":{"type":"LineString","coordinates":[[-82.135241,42.945045],[-82.234239,42.921416]]}},{"type":"Feature","properties":{},"geometry":{"type":"LineString","coordinates":[[-82.234239,42.921416],[-82.449914,42.869184]]}},{"type":"Feature","properties":{},"geometry":{"type":"LineString","coordinates":[[-82.135241,42.945045],[-82.110491,42.930536]]}},{"type":"Feature","properties":{},"geometry":{"type":"LineString","coordinates":[[-81.756041,43.250149],[-82.016796,43.188797]]}},{"type":"Feature","properties":{},"geometry":{"type":"LineString","coordinates":[[-63.850589,46.154025],[-63.901856,46.083138]]}},{"type":"Feature","properties":{},"geometry":{"type":"LineString","coordinates":[[-63.901856,46.083138],[-64.116647,46.069044]]}},{"type":"Feature","properties":{},"geometry":{"type":"LineString","coordinates":[[-64.116647,46.069044],[-64.255422,46.059924]]}},{"type":"Feature","properties":{},"geometry":{"type":"LineString","coordinates":[[-64.255422,46.059924],[-64.431321,46.23113]]}},{"type":"Feature","properties":{},"geometry":{"type":"LineString","coordinates":[[-64.104273,46.48566],[-63.941632,46.496023]]}},{"type":"Feature","properties":{},"geometry":{"type":"LineString","coordinates":[[-63.941632,46.496023],[-63.933677,46.487733]]}},{"type":"Feature","properties":{},"geometry":{"type":"LineString","coordinates":[[-63.916883,46.471151],[-63.869151,46.424722]]}},{"type":"Feature","properties":{},"geometry":{"type":"LineString","coordinates":[[-63.838214,46.393631],[-63.834679,46.390315]]}},{"type":"Feature","properties":{},"geometry":{"type":"LineString","coordinates":[[-63.783412,46.339326],[-63.744519,46.300359]]}},{"type":"Feature","properties":{},"geometry":{"type":"LineString","coordinates":[[-63.744519,46.300359],[-63.745403,46.298701]]}},{"type":"Feature","properties":{},"geometry":{"type":"LineString","coordinates":[[-64.410991,45.841874],[-64.255422,46.059924]]}},{"type":"Feature","properties":{},"geometry":{"type":"LineString","coordinates":[[-63.901856,46.083138],[-63.885946,46.067386]]}},{"type":"Feature","properties":{},"geometry":{"type":"LineString","coordinates":[[-63.720654,45.86799],[-63.862964,45.671497]]}},{"type":"Feature","properties":{},"geometry":{"type":"LineString","coordinates":[[-63.862964,45.671497],[-64.213878,45.648282]]}},{"type":"Feature","properties":{},"geometry":{"type":"LineString","coordinates":[[-64.843225,46.260563],[-64.886537,46.302846]]}},{"type":"Feature","properties":{},"geometry":{"type":"LineString","coordinates":[[-64.886537,46.302846],[-64.89626,46.311552]]}},{"type":"Feature","properties":{},"geometry":{"type":"LineString","coordinates":[[-64.898028,46.313624],[-64.953714,46.366271]]}},{"type":"Feature","properties":{},"geometry":{"type":"LineString","coordinates":[[-64.953714,46.366686],[-65.012936,46.423064]]}},{"type":"Feature","properties":{},"geometry":{"type":"LineString","coordinates":[[-65.012936,46.423064],[-64.928965,46.543696]]}},{"type":"Feature","properties":{},"geometry":{"type":"LineString","coordinates":[[-64.905099,46.577688],[-64.874162,46.622045]]}},{"type":"Feature","properties":{},"geometry":{"type":"LineString","coordinates":[[-64.872394,46.624532],[-64.859135,46.643186]]}},{"type":"Feature","properties":{},"geometry":{"type":"LineString","coordinates":[[-64.713289,46.236105],[-64.81052,46.229472]]}},{"type":"Feature","properties":{},"geometry":{"type":"LineString","coordinates":[[-64.81052,46.229472],[-64.842341,46.260148]]}},{"type":"Feature","properties":{},"geometry":{"type":"LineString","coordinates":[[-64.606336,46.243981],[-64.683236,46.238592]]}},{"type":"Feature","properties":{},"geometry":{"type":"LineString","coordinates":[[-64.565676,46.246468],[-64.604568,46.243981]]}},{"type":"Feature","properties":{},"geometry":{"type":"LineString","coordinates":[[-64.931616,46.056193],[-64.81052,46.229472]]}},{"type":"Feature","properties":{},"geometry":{"type":"LineString","coordinates":[[-64.762789,45.817001],[-64.963437,46.010179]]}},{"type":"Feature","properties":{},"geometry":{"type":"LineString","coordinates":[[-64.963437,46.010179],[-64.933384,46.053291]]}},{"type":"Feature","properties":{},"geometry":{"type":"LineString","coordinates":[[-63.941632,46.496023],[-63.873571,46.590539]]}},{"type":"Feature","properties":{},"geometry":{"type":"LineString","coordinates":[[-63.309634,46.429282],[-63.389186,46.321915]]}},{"type":"Feature","properties":{},"geometry":{"type":"LineString","coordinates":[[-63.389186,46.321915],[-63.744519,46.300359]]}},{"type":"Feature","properties":{},"geometry":{"type":"LineString","coordinates":[[-63.863848,46.602976],[-63.847937,46.624946]]}},{"type":"Feature","properties":{},"geometry":{"type":"LineString","coordinates":[[-63.389186,46.321915],[-63.266322,46.198381]]}},{"type":"Feature","properties":{},"geometry":{"type":"LineString","coordinates":[[-63.255715,46.188018],[-63.222126,46.154025]]}},{"type":"Feature","properties":{},"geometry":{"type":"LineString","coordinates":[[-63.824956,45.261513],[-63.804626,45.289288]]}},{"type":"Feature","properties":{},"geometry":{"type":"LineString","coordinates":[[-63.804626,45.289702],[-63.786063,45.315819]]}},{"type":"Feature","properties":{},"geometry":{"type":"LineString","coordinates":[[-63.730377,45.393753],[-63.669387,45.477491]]}},{"type":"Feature","properties":{},"geometry":{"type":"LineString","coordinates":[[-63.669387,45.477491],[-63.321124,45.499047]]}},{"type":"Feature","properties":{},"geometry":{"type":"LineString","coordinates":[[-63.321124,45.499047],[-63.131083,45.304626]]}},{"type":"Feature","properties":{},"geometry":{"type":"LineString","coordinates":[[-63.287536,45.089893],[-63.633146,45.068336]]}},{"type":"Feature","properties":{},"geometry":{"type":"LineString","coordinates":[[-63.633146,45.068336],[-63.824956,45.261513]]}},{"type":"Feature","properties":{},"geometry":{"type":"LineString","coordinates":[[-63.099262,44.896715],[-63.235385,44.710171]]}},{"type":"Feature","properties":{},"geometry":{"type":"LineString","coordinates":[[-63.249527,44.690273],[-63.255715,44.682811]]}},{"type":"Feature","properties":{},"geometry":{"type":"LineString","coordinates":[[-63.255715,44.682811],[-63.397141,44.674106]]}},{"type":"Feature","properties":{},"geometry":{"type":"LineString","coordinates":[[-63.459899,44.66996],[-63.55713,44.663742]]}},{"type":"Feature","properties":{},"geometry":{"type":"LineString","coordinates":[[-63.663199,44.727582],[-63.786947,44.853603]]}},{"type":"Feature","properties":{},"geometry":{"type":"LineString","coordinates":[[-63.786947,44.853603],[-63.633146,45.068336]]}},{"type":"Feature","properties":{},"geometry":{"type":"LineString","coordinates":[[-63.587183,44.662084],[-63.59779,44.661255]]}},{"type":"Feature","properties":{},"geometry":{"type":"LineString","coordinates":[[-63.59779,44.661255],[-63.611932,44.675349]]}},{"type":"Feature","properties":{},"geometry":{"type":"LineString","coordinates":[[-64.327019,45.392095],[-64.366795,45.431062]]}},{"type":"Feature","properties":{},"geometry":{"type":"LineString","coordinates":[[-63.862964,45.671497],[-63.669387,45.477491]]}},{"type":"Feature","properties":{},"geometry":{"type":"LineString","coordinates":[[-63.824956,45.261513],[-63.977873,45.251564]]}},{"type":"Feature","properties":{},"geometry":{"type":"LineString","coordinates":[[-63.960194,44.841996],[-64.131674,44.830388]]}},{"type":"Feature","properties":{},"geometry":{"type":"LineString","coordinates":[[-64.131674,44.830388],[-64.294314,44.992475]]}},{"type":"Feature","properties":{},"geometry":{"type":"LineString","coordinates":[[-64.294314,44.992889],[-64.324367,45.022322]]}},{"type":"Feature","properties":{},"geometry":{"type":"LineString","coordinates":[[-64.324367,45.022322],[-64.274868,45.092794]]}},{"type":"Feature","properties":{},"geometry":{"type":"LineString","coordinates":[[-63.786947,44.853603],[-63.960194,44.841996]]}},{"type":"Feature","properties":{},"geometry":{"type":"LineString","coordinates":[[-63.321124,45.499047],[-63.16202,45.714609]]}},{"type":"Feature","properties":{},"geometry":{"type":"LineString","coordinates":[[-62.81199,45.734507],[-62.753651,45.673984]]}},{"type":"Feature","properties":{},"geometry":{"type":"LineString","coordinates":[[-62.734205,45.653671],[-62.667028,45.583614]]}},{"type":"Feature","properties":{},"geometry":{"type":"LineString","coordinates":[[-62.648466,45.564959],[-62.623716,45.538843]]}},{"type":"Feature","properties":{},"geometry":{"type":"LineString","coordinates":[[-66.023251,45.927685],[-65.875637,46.148222]]}},{"type":"Feature","properties":{},"geometry":{"type":"LineString","coordinates":[[-65.520303,46.176411],[-65.397439,46.060338]]}},{"type":"Feature","properties":{},"geometry":{"type":"LineString","coordinates":[[-65.397439,46.060338],[-65.317003,45.983648]]}},{"type":"Feature","properties":{},"geometry":{"type":"LineString","coordinates":[[-65.317003,45.983648],[-65.415117,45.839801]]}},{"type":"Feature","properties":{},"geometry":{"type":"LineString","coordinates":[[-65.415117,45.839801],[-65.466384,45.764354]]}},{"type":"Feature","properties":{},"geometry":{"type":"LineString","coordinates":[[-65.466384,45.764354],[-65.818182,45.736166]]}},{"type":"Feature","properties":{},"geometry":{"type":"LineString","coordinates":[[-65.818182,45.736166],[-65.965796,45.874623]]}},{"type":"Feature","properties":{},"geometry":{"type":"LineString","coordinates":[[-66.023251,45.927685],[-66.376816,45.897837]]}},{"type":"Feature","properties":{},"geometry":{"type":"LineString","coordinates":[[-66.376816,45.897837],[-66.58542,46.088527]]}},{"type":"Feature","properties":{},"geometry":{"type":"LineString","coordinates":[[-66.58542,46.088527],[-66.439574,46.310308]]}},{"type":"Feature","properties":{},"geometry":{"type":"LineString","coordinates":[[-65.522955,46.66723],[-65.423957,46.811076]]}},{"type":"Feature","properties":{},"geometry":{"type":"LineString","coordinates":[[-65.423957,46.811076],[-65.06332,46.838022]]}},{"type":"Feature","properties":{},"geometry":{"type":"LineString","coordinates":[[-65.012936,46.423064],[-65.370038,46.396533]]}},{"type":"Feature","properties":{},"geometry":{"type":"LineString","coordinates":[[-65.57599,46.590125],[-65.522955,46.66723]]}},{"type":"Feature","properties":{},"geometry":{"type":"LineString","coordinates":[[-64.963437,46.010179],[-65.317003,45.983648]]}},{"type":"Feature","properties":{},"geometry":{"type":"LineString","coordinates":[[-65.629025,47.002595],[-65.423957,46.811076]]}},{"type":"Feature","properties":{},"geometry":{"type":"LineString","coordinates":[[-64.826431,45.150001],[-64.669978,44.997449]]}},{"type":"Feature","properties":{},"geometry":{"type":"LineString","coordinates":[[-64.669978,44.997449],[-64.819359,44.781058]]}},{"type":"Feature","properties":{},"geometry":{"type":"LineString","coordinates":[[-65.163202,44.754942],[-65.330262,44.916199]]}},{"type":"Feature","properties":{},"geometry":{"type":"LineString","coordinates":[[-65.907458,45.462981],[-65.964912,45.516458]]}},{"type":"Feature","properties":{},"geometry":{"type":"LineString","coordinates":[[-65.964912,45.516458],[-65.818182,45.736166]]}},{"type":"Feature","properties":{},"geometry":{"type":"LineString","coordinates":[[-65.448706,45.747358],[-65.438983,45.738653]]}},{"type":"Feature","properties":{},"geometry":{"type":"LineString","coordinates":[[-65.438983,45.738653],[-65.301093,45.607243]]}},{"type":"Feature","properties":{},"geometry":{"type":"LineString","coordinates":[[-65.301093,45.607243],[-65.264852,45.572421]]}},{"type":"Feature","properties":{},"geometry":{"type":"LineString","coordinates":[[-65.761612,45.325768],[-65.841164,45.4008]]}},{"type":"Feature","properties":{},"geometry":{"type":"LineString","coordinates":[[-65.841164,45.4008],[-65.907458,45.462981]]}},{"type":"Feature","properties":{},"geometry":{"type":"LineString","coordinates":[[-64.324367,45.022322],[-64.669978,44.997449]]}},{"type":"Feature","properties":{},"geometry":{"type":"LineString","coordinates":[[-62.723598,46.301188],[-62.678519,46.361297]]}},{"type":"Feature","properties":{},"geometry":{"type":"LineString","coordinates":[[-62.841159,46.145734],[-62.723598,46.301188]]}},{"type":"Feature","properties":{},"geometry":{"type":"LineString","coordinates":[[-62.11193,45.770573],[-62.27457,45.557083]]}},{"type":"Feature","properties":{},"geometry":{"type":"LineString","coordinates":[[-65.091605,47.231838],[-65.110167,47.248834]]}},{"type":"Feature","properties":{},"geometry":{"type":"LineString","coordinates":[[-65.110167,47.248834],[-65.115471,47.253809]]}},{"type":"Feature","properties":{},"geometry":{"type":"LineString","coordinates":[[-65.115471,47.253809],[-64.959018,47.475589]]}},{"type":"Feature","properties":{},"geometry":{"type":"LineString","coordinates":[[-64.959018,47.475589],[-64.882117,47.480978]]}},{"type":"Feature","properties":{},"geometry":{"type":"LineString","coordinates":[[-64.908635,47.058559],[-64.927197,47.076384]]}},{"type":"Feature","properties":{},"geometry":{"type":"LineString","coordinates":[[-65.409814,47.232667],[-65.479643,47.227278]]}},{"type":"Feature","properties":{},"geometry":{"type":"LineString","coordinates":[[-65.690015,47.422113],[-65.572454,47.592076]]}},{"type":"Feature","properties":{},"geometry":{"type":"LineString","coordinates":[[-65.53533,47.644723],[-65.430144,47.652599]]}},{"type":"Feature","properties":{},"geometry":{"type":"LineString","coordinates":[[-65.430144,47.652599],[-65.168505,47.671668]]}},{"type":"Feature","properties":{},"geometry":{"type":"LineString","coordinates":[[-65.168505,47.671668],[-65.055364,47.565545]]}},{"type":"Feature","properties":{},"geometry":{"type":"LineString","coordinates":[[-65.004097,47.517873],[-64.959018,47.475589]]}},{"type":"Feature","properties":{},"geometry":{"type":"LineString","coordinates":[[-65.115471,47.253809],[-65.409814,47.232667]]}},{"type":"Feature","properties":{},"geometry":{"type":"LineString","coordinates":[[-65.168505,47.671668],[-65.129613,47.726802]]}},{"type":"Feature","properties":{},"geometry":{"type":"LineString","coordinates":[[-65.129613,47.726802],[-65.082766,47.791886]]}},{"type":"Feature","properties":{},"geometry":{"type":"LineString","coordinates":[[-65.081882,47.793129],[-65.05448,47.832511]]}},{"type":"Feature","properties":{},"geometry":{"type":"LineString","coordinates":[[-65.676756,43.501363],[-65.545053,43.701172]]}},{"type":"Feature","properties":{},"geometry":{"type":"LineString","coordinates":[[-65.975519,43.868648],[-65.740398,43.888546]]}},{"type":"Feature","properties":{},"geometry":{"type":"LineString","coordinates":[[-66.126668,43.782837],[-66.089544,43.840459]]}},{"type":"Feature","properties":{},"geometry":{"type":"LineString","coordinates":[[-66.089544,43.840459],[-66.077169,43.859528]]}},{"type":"Feature","properties":{},"geometry":{"type":"LineString","coordinates":[[-66.077169,43.859528],[-65.98259,43.867819]]}},{"type":"Feature","properties":{},"geometry":{"type":"LineString","coordinates":[[-63.612816,44.639698],[-63.59779,44.661255]]}},{"type":"Feature","properties":{},"geometry":{"type":"LineString","coordinates":[[-63.255715,44.682811],[-63.249527,44.676593]]}},{"type":"Feature","properties":{},"geometry":{"type":"LineString","coordinates":[[-63.721538,44.48839],[-63.617236,44.634309]]}},{"type":"Feature","properties":{},"geometry":{"type":"LineString","coordinates":[[-64.580702,44.184944],[-64.772512,44.374805]]}},{"type":"Feature","properties":{},"geometry":{"type":"LineString","coordinates":[[-64.624898,44.590368],[-64.282823,44.614826]]}},{"type":"Feature","properties":{},"geometry":{"type":"LineString","coordinates":[[-64.282823,44.614826],[-64.213878,44.546426]]}},{"type":"Feature","properties":{},"geometry":{"type":"LineString","coordinates":[[-64.282823,44.614826],[-64.199735,44.7338]]}},{"type":"Feature","properties":{},"geometry":{"type":"LineString","coordinates":[[-64.199735,44.7338],[-64.131674,44.830388]]}},{"type":"Feature","properties":{},"geometry":{"type":"LineString","coordinates":[[-68.467274,47.388121],[-68.326731,47.614876]]}},{"type":"Feature","properties":{},"geometry":{"type":"LineString","coordinates":[[-67.929854,47.228521],[-68.000567,47.221889]]}},{"type":"Feature","properties":{},"geometry":{"type":"LineString","coordinates":[[-67.878587,47.233496],[-67.929854,47.228521]]}},{"type":"Feature","properties":{},"geometry":{"type":"LineString","coordinates":[[-67.699152,46.978137],[-67.789311,46.834705]]}},{"type":"Feature","properties":{},"geometry":{"type":"LineString","coordinates":[[-67.658492,47.042806],[-67.672635,47.020421]]}},{"type":"Feature","properties":{},"geometry":{"type":"LineString","coordinates":[[-67.672635,47.020421],[-67.699152,46.978966]]}},{"type":"Feature","properties":{},"geometry":{"type":"LineString","coordinates":[[-69.06038,47.539843],[-68.921606,47.767842]]}},{"type":"Feature","properties":{},"geometry":{"type":"LineString","coordinates":[[-68.921606,47.767842],[-68.717421,47.788984]]}},{"type":"Feature","properties":{},"geometry":{"type":"LineString","coordinates":[[-68.717421,47.788984],[-68.553013,47.805566]]}},{"type":"Feature","properties":{},"geometry":{"type":"LineString","coordinates":[[-67.582475,46.627434],[-67.223606,46.661012]]}},{"type":"Feature","properties":{},"geometry":{"type":"LineString","coordinates":[[-67.303158,46.233203],[-67.507343,46.213719]]}},{"type":"Feature","properties":{},"geometry":{"type":"LineString","coordinates":[[-67.507343,46.213719],[-67.512646,46.217865]]}},{"type":"Feature","properties":{},"geometry":{"type":"LineString","coordinates":[[-67.613412,46.306992],[-67.723902,46.40358]]}},{"type":"Feature","properties":{},"geometry":{"type":"LineString","coordinates":[[-67.008815,46.470322],[-67.152009,46.247297]]}},{"type":"Feature","properties":{},"geometry":{"type":"LineString","coordinates":[[-67.152009,46.247297],[-67.302275,46.233203]]}},{"type":"Feature","properties":{},"geometry":{"type":"LineString","coordinates":[[-67.647885,45.990695],[-67.507343,46.213719]]}},{"type":"Feature","properties":{},"geometry":{"type":"LineString","coordinates":[[-67.152009,46.247297],[-66.93987,46.057022]]}},{"type":"Feature","properties":{},"geometry":{"type":"LineString","coordinates":[[-66.93987,46.057022],[-67.08218,45.834827]]}},{"type":"Feature","properties":{},"geometry":{"type":"LineString","coordinates":[[-66.58542,46.088527],[-66.93987,46.057022]]}},{"type":"Feature","properties":{},"geometry":{"type":"LineString","coordinates":[[-69.7242,47.681617],[-69.657906,47.689079]]}},{"type":"Feature","properties":{},"geometry":{"type":"LineString","coordinates":[[-69.657906,47.689079],[-69.541229,47.594149]]}},{"type":"Feature","properties":{},"geometry":{"type":"LineString","coordinates":[[-69.924848,47.231423],[-69.990258,47.28407]]}},{"type":"Feature","properties":{},"geometry":{"type":"LineString","coordinates":[[-69.990258,47.28407],[-70.079533,47.356615]]}},{"type":"Feature","properties":{},"geometry":{"type":"LineString","coordinates":[[-70.259852,47.835413],[-70.061855,47.677886]]}},{"type":"Feature","properties":{},"geometry":{"type":"LineString","coordinates":[[-70.502044,47.378172],[-70.52149,47.375684]]}},{"type":"Feature","properties":{},"geometry":{"type":"LineString","coordinates":[[-70.357082,47.395168],[-70.431331,47.386462]]}},{"type":"Feature","properties":{},"geometry":{"type":"LineString","coordinates":[[-70.289021,46.97565],[-70.417189,46.960312]]}},{"type":"Feature","properties":{},"geometry":{"type":"LineString","coordinates":[[-70.417189,46.960312],[-70.488786,47.017519]]}},{"type":"Feature","properties":{},"geometry":{"type":"LineString","coordinates":[[-70.535633,47.054828],[-70.548008,47.064777]]}},{"type":"Feature","properties":{},"geometry":{"type":"LineString","coordinates":[[-69.657906,47.689079],[-69.610175,47.769086]]}},{"type":"Feature","properties":{},"geometry":{"type":"LineString","coordinates":[[-69.506757,47.91998],[-69.327322,47.939049]]}},{"type":"Feature","properties":{},"geometry":{"type":"LineString","coordinates":[[-69.152307,47.957703],[-69.070103,47.890547]]}},{"type":"Feature","properties":{},"geometry":{"type":"LineString","coordinates":[[-69.070103,47.890547],[-68.921606,47.767842]]}},{"type":"Feature","properties":{},"geometry":{"type":"LineString","coordinates":[[-69.756021,48.107353],[-69.725084,48.082481]]}},{"type":"Feature","properties":{},"geometry":{"type":"LineString","coordinates":[[-67.392434,48.530187],[-67.373872,48.558376]]}},{"type":"Feature","properties":{},"geometry":{"type":"LineString","coordinates":[[-67.373872,48.558376],[-67.272221,48.567496]]}},{"type":"Feature","properties":{},"geometry":{"type":"LineString","coordinates":[[-67.272221,48.567496],[-67.196205,48.574129]]}},{"type":"Feature","properties":{},"geometry":{"type":"LineString","coordinates":[[-67.196205,48.574129],[-66.998208,48.591125]]}},{"type":"Feature","properties":{},"geometry":{"type":"LineString","coordinates":[[-66.774578,48.39629],[-66.897442,48.213476]]}},{"type":"Feature","properties":{},"geometry":{"type":"LineString","coordinates":[[-66.897442,48.213476],[-66.925727,48.170364]]}},{"type":"Feature","properties":{},"geometry":{"type":"LineString","coordinates":[[-66.925727,48.170364],[-67.297855,48.138029]]}},{"type":"Feature","properties":{},"geometry":{"type":"LineString","coordinates":[[-66.925727,48.170364],[-66.759551,48.024445]]}},{"type":"Feature","properties":{},"geometry":{"type":"LineString","coordinates":[[-66.726846,47.995427],[-66.704748,47.975943]]}},{"type":"Feature","properties":{},"geometry":{"type":"LineString","coordinates":[[-66.704748,47.975943],[-66.855014,47.750846]]}},{"type":"Feature","properties":{},"geometry":{"type":"LineString","coordinates":[[-68.078351,48.45101],[-68.124315,48.489562]]}},{"type":"Feature","properties":{},"geometry":{"type":"LineString","coordinates":[[-68.124315,48.489562],[-68.007638,48.671132]]}},{"type":"Feature","properties":{},"geometry":{"type":"LineString","coordinates":[[-67.895381,48.2968],[-68.078351,48.45101]]}},{"type":"Feature","properties":{},"geometry":{"type":"LineString","coordinates":[[-66.181471,48.231302],[-66.264559,48.10984]]}},{"type":"Feature","properties":{},"geometry":{"type":"LineString","coordinates":[[-66.27605,48.093259],[-66.295496,48.064241]]}},{"type":"Feature","properties":{},"geometry":{"type":"LineString","coordinates":[[-66.579233,47.986721],[-66.633151,47.982161]]}},{"type":"Feature","properties":{},"geometry":{"type":"LineString","coordinates":[[-66.633151,47.982161],[-66.704748,47.975943]]}},{"type":"Feature","properties":{},"geometry":{"type":"LineString","coordinates":[[-67.0371,48.983283],[-66.846175,48.81788]]}},{"type":"Feature","properties":{},"geometry":{"type":"LineString","coordinates":[[-66.117829,47.811784],[-65.911877,47.827951]]}},{"type":"Feature","properties":{},"geometry":{"type":"LineString","coordinates":[[-65.781058,47.8379],[-65.749237,47.840387]]}},{"type":"Feature","properties":{},"geometry":{"type":"LineString","coordinates":[[-65.749237,47.840387],[-65.731559,47.824635]]}},{"type":"Feature","properties":{},"geometry":{"type":"LineString","coordinates":[[-65.561847,47.668766],[-65.53533,47.644723]]}},{"type":"Feature","properties":{},"geometry":{"type":"LineString","coordinates":[[-66.269863,47.58793],[-66.117829,47.811784]]}},{"type":"Feature","properties":{},"geometry":{"type":"LineString","coordinates":[[-66.330853,48.003303],[-66.117829,47.811784]]}},{"type":"Feature","properties":{},"geometry":{"type":"LineString","coordinates":[[-68.517657,48.468835],[-68.498211,48.453497]]}},{"type":"Feature","properties":{},"geometry":{"type":"LineString","coordinates":[[-68.498211,48.453497],[-68.559201,48.355665]]}},{"type":"Feature","properties":{},"geometry":{"type":"LineString","coordinates":[[-68.559201,48.355665],[-68.641405,48.224669]]}},{"type":"Feature","properties":{},"geometry":{"type":"LineString","coordinates":[[-68.641405,48.224669],[-68.865035,48.201869]]}},{"type":"Feature","properties":{},"geometry":{"type":"LineString","coordinates":[[-68.865035,48.201869],[-69.013533,48.186531]]}},{"type":"Feature","properties":{},"geometry":{"type":"LineString","coordinates":[[-69.013533,48.186531],[-69.056844,48.223011]]}},{"type":"Feature","properties":{},"geometry":{"type":"LineString","coordinates":[[-69.152307,47.957703],[-69.117835,48.01491]]}},{"type":"Feature","properties":{},"geometry":{"type":"LineString","coordinates":[[-69.117835,48.015325],[-69.046237,48.132226]]}},{"type":"Feature","properties":{},"geometry":{"type":"LineString","coordinates":[[-69.046237,48.132226],[-69.013533,48.186531]]}},{"type":"Feature","properties":{},"geometry":{"type":"LineString","coordinates":[[-68.641405,48.224669],[-68.54329,48.143004]]}},{"type":"Feature","properties":{},"geometry":{"type":"LineString","coordinates":[[-68.54329,48.143004],[-68.411587,48.033565]]}},{"type":"Feature","properties":{},"geometry":{"type":"LineString","coordinates":[[-68.325847,48.470079],[-68.498211,48.453497]]}},{"type":"Feature","properties":{},"geometry":{"type":"LineString","coordinates":[[-66.151418,43.93],[-66.077169,43.859528]]}},{"type":"Feature","properties":{},"geometry":{"type":"LineString","coordinates":[[-66.946057,45.015275],[-66.93987,45.025638]]}},{"type":"Feature","properties":{},"geometry":{"type":"LineString","coordinates":[[-66.9107,45.070409],[-66.892138,45.099842]]}},{"type":"Feature","properties":{},"geometry":{"type":"LineString","coordinates":[[-66.844407,45.175703],[-66.805515,45.235397]]}},{"type":"Feature","properties":{},"geometry":{"type":"LineString","coordinates":[[-66.458136,45.266488],[-66.31671,45.136321]]}},{"type":"Feature","properties":{},"geometry":{"type":"LineString","coordinates":[[-66.880647,45.118081],[-66.847943,45.16907]]}},{"type":"Feature","properties":{},"geometry":{"type":"LineString","coordinates":[[-65.964912,45.516458],[-66.202685,45.496559]]}},{"type":"Feature","properties":{},"geometry":{"type":"LineString","coordinates":[[-66.202685,45.496559],[-66.314058,45.48661]]}},{"type":"Feature","properties":{},"geometry":{"type":"LineString","coordinates":[[-66.520894,45.676886],[-66.376816,45.897837]]}},{"type":"Feature","properties":{},"geometry":{"type":"LineString","coordinates":[[-65.820834,44.671618],[-65.758076,44.611924]]}},{"type":"Feature","properties":{},"geometry":{"type":"LineString","coordinates":[[-65.740398,44.595342],[-65.651123,44.509946]]}},{"type":"Feature","properties":{},"geometry":{"type":"LineString","coordinates":[[-65.794317,44.29314],[-66.132856,44.263708]]}},{"type":"Feature","properties":{},"geometry":{"type":"LineString","coordinates":[[-61.625777,45.64165],[-61.578045,45.590246]]}},{"type":"Feature","properties":{},"geometry":{"type":"LineString","coordinates":[[-60.033847,45.876281],[-60.191184,46.053706]]}},{"type":"Feature","properties":{},"geometry":{"type":"LineString","coordinates":[[-60.191184,46.053706],[-60.060365,46.212061]]}},{"type":"Feature","properties":{},"geometry":{"type":"LineString","coordinates":[[-60.046222,46.228643],[-60.033847,46.243981]]}},{"type":"Feature","properties":{},"geometry":{"type":"LineString","coordinates":[[-61.039742,45.818245],[-61.061839,45.817416]]}},{"type":"Feature","properties":{},"geometry":{"type":"LineString","coordinates":[[-61.061839,45.817416],[-61.243926,46.015568]]}},{"type":"Feature","properties":{},"geometry":{"type":"LineString","coordinates":[[-60.721532,46.241494],[-60.630489,46.140345]]}},{"type":"Feature","properties":{},"geometry":{"type":"LineString","coordinates":[[-60.566847,46.070287],[-60.542098,46.042098]]}},{"type":"Feature","properties":{},"geometry":{"type":"LineString","coordinates":[[-60.542098,46.042098],[-60.628721,45.934732]]}},{"type":"Feature","properties":{},"geometry":{"type":"LineString","coordinates":[[-60.612811,46.121276],[-60.593365,46.099305]]}},{"type":"Feature","properties":{},"geometry":{"type":"LineString","coordinates":[[-60.700318,45.817416],[-60.534143,45.632115]]}},{"type":"Feature","properties":{},"geometry":{"type":"LineString","coordinates":[[-61.219176,45.618435],[-61.151115,45.705075]]}},{"type":"Feature","properties":{},"geometry":{"type":"LineString","coordinates":[[-61.07333,45.802907],[-61.061839,45.817416]]}},{"type":"Feature","properties":{},"geometry":{"type":"LineString","coordinates":[[-60.191184,46.053706],[-60.542098,46.042098]]}},{"type":"Feature","properties":{},"geometry":{"type":"LineString","coordinates":[[-64.298734,48.575787],[-64.452535,48.566253]]}},{"type":"Feature","properties":{},"geometry":{"type":"LineString","coordinates":[[-64.452535,48.566253],[-64.527667,48.561693]]}},{"type":"Feature","properties":{},"geometry":{"type":"LineString","coordinates":[[-65.613114,48.082066],[-65.72272,48.181971]]}},{"type":"Feature","properties":{},"geometry":{"type":"LineString","coordinates":[[-65.72272,48.181971],[-65.808459,48.26032]]}},{"type":"Feature","properties":{},"geometry":{"type":"LineString","coordinates":[[-65.318771,48.084139],[-65.536214,48.068386]]}},{"type":"Feature","properties":{},"geometry":{"type":"LineString","coordinates":[[-65.749237,47.840387],[-65.747469,47.84246]]}},{"type":"Feature","properties":{},"geometry":{"type":"LineString","coordinates":[[-75.558034,46.656452],[-75.306119,46.481514]]}},{"type":"Feature","properties":{},"geometry":{"type":"LineString","coordinates":[[-75.306119,46.481514],[-75.407769,46.248541]]}},{"type":"Feature","properties":{},"geometry":{"type":"LineString","coordinates":[[-75.758683,46.189676],[-76.010598,46.362955]]}},{"type":"Feature","properties":{},"geometry":{"type":"LineString","coordinates":[[-76.391565,46.023859],[-76.456975,46.068629]]}},{"type":"Feature","properties":{},"geometry":{"type":"LineString","coordinates":[[-75.856797,45.956703],[-75.951376,45.940535]]}},{"type":"Feature","properties":{},"geometry":{"type":"LineString","coordinates":[[-76.20506,45.896594],[-76.391565,46.023859]]}},{"type":"Feature","properties":{},"geometry":{"type":"LineString","coordinates":[[-74.952553,46.53955],[-75.306119,46.481514]]}},{"type":"Feature","properties":{},"geometry":{"type":"LineString","coordinates":[[-74.704173,46.36337],[-74.726271,46.314868]]}},{"type":"Feature","properties":{},"geometry":{"type":"LineString","coordinates":[[-74.726271,46.314868],[-74.808475,46.131225]]}},{"type":"Feature","properties":{},"geometry":{"type":"LineString","coordinates":[[-74.808475,46.131225],[-74.926919,46.112156]]}},{"type":"Feature","properties":{},"geometry":{"type":"LineString","coordinates":[[-75.026802,46.095575],[-75.159389,46.074018]]}},{"type":"Feature","properties":{},"geometry":{"type":"LineString","coordinates":[[-75.079837,45.410749],[-75.116077,45.436451]]}},{"type":"Feature","properties":{},"geometry":{"type":"LineString","coordinates":[[-75.116077,45.436451],[-75.104586,45.462567]]}},{"type":"Feature","properties":{},"geometry":{"type":"LineString","coordinates":[[-75.104586,45.462567],[-75.014427,45.667766]]}},{"type":"Feature","properties":{},"geometry":{"type":"LineString","coordinates":[[-75.014427,45.667766],[-74.788145,45.70466]]}},{"type":"Feature","properties":{},"geometry":{"type":"LineString","coordinates":[[-74.788145,45.70466],[-74.667049,45.724144]]}},{"type":"Feature","properties":{},"geometry":{"type":"LineString","coordinates":[[-74.667049,45.724144],[-74.546836,45.637504]]}},{"type":"Feature","properties":{},"geometry":{"type":"LineString","coordinates":[[-74.423972,45.548792],[-74.488498,45.406189]]}},{"type":"Feature","properties":{},"geometry":{"type":"LineString","coordinates":[[-74.489382,45.406189],[-74.528274,45.31872]]}},{"type":"Feature","properties":{},"geometry":{"type":"LineString","coordinates":[[-74.528274,45.31872],[-74.873001,45.262757]]}},{"type":"Feature","properties":{},"geometry":{"type":"LineString","coordinates":[[-74.873001,45.262757],[-74.966696,45.330328]]}},{"type":"Feature","properties":{},"geometry":{"type":"LineString","coordinates":[[-74.966696,45.330328],[-75.079837,45.410749]]}},{"type":"Feature","properties":{},"geometry":{"type":"LineString","coordinates":[[-74.954321,45.018177],[-74.973767,45.032686]]}},{"type":"Feature","properties":{},"geometry":{"type":"LineString","coordinates":[[-74.973767,45.032686],[-74.873001,45.262757]]}},{"type":"Feature","properties":{},"geometry":{"type":"LineString","coordinates":[[-74.528274,45.31872],[-74.358563,45.195187]]}},{"type":"Feature","properties":{},"geometry":{"type":"LineString","coordinates":[[-74.926919,44.998693],[-74.928687,44.999937]]}},{"type":"Feature","properties":{},"geometry":{"type":"LineString","coordinates":[[-74.318786,45.166168],[-74.287849,45.143783]]}},{"type":"Feature","properties":{},"geometry":{"type":"LineString","coordinates":[[-74.287849,45.143783],[-74.355911,44.995791]]}},{"type":"Feature","properties":{},"geometry":{"type":"LineString","coordinates":[[-74.355911,44.995791],[-74.356795,44.992475]]}},{"type":"Feature","properties":{},"geometry":{"type":"LineString","coordinates":[[-75.460804,45.378829],[-75.706532,45.551694]]}},{"type":"Feature","properties":{},"geometry":{"type":"LineString","coordinates":[[-75.706532,45.551694],[-75.608417,45.783423]]}},{"type":"Feature","properties":{},"geometry":{"type":"LineString","coordinates":[[-75.261039,45.841874],[-75.250432,45.834827]]}},{"type":"Feature","properties":{},"geometry":{"type":"LineString","coordinates":[[-75.250432,45.834827],[-75.014427,45.667766]]}},{"type":"Feature","properties":{},"geometry":{"type":"LineString","coordinates":[[-75.116077,45.436451],[-75.27253,45.410749]]}},{"type":"Feature","properties":{},"geometry":{"type":"LineString","coordinates":[[-75.27253,45.410749],[-75.460804,45.378829]]}},{"type":"Feature","properties":{},"geometry":{"type":"LineString","coordinates":[[-75.357386,45.004911],[-75.558918,45.147929]]}},{"type":"Feature","properties":{},"geometry":{"type":"LineString","coordinates":[[-75.558918,45.147929],[-75.460804,45.378829]]}},{"type":"Feature","properties":{},"geometry":{"type":"LineString","coordinates":[[-74.973767,45.032686],[-75.315842,44.975479]]}},{"type":"Feature","properties":{},"geometry":{"type":"LineString","coordinates":[[-75.315842,44.975479],[-75.357386,45.004911]]}},{"type":"Feature","properties":{},"geometry":{"type":"LineString","coordinates":[[-74.562747,45.955459],[-74.212717,46.010593]]}},{"type":"Feature","properties":{},"geometry":{"type":"LineString","coordinates":[[-74.212717,46.010593],[-74.172941,45.981575]]}},{"type":"Feature","properties":{},"geometry":{"type":"LineString","coordinates":[[-74.088085,45.920223],[-73.970524,45.833998]]}},{"type":"Feature","properties":{},"geometry":{"type":"LineString","coordinates":[[-73.970524,45.833998],[-74.077478,45.603512]]}},{"type":"Feature","properties":{},"geometry":{"type":"LineString","coordinates":[[-74.077478,45.603512],[-74.233931,45.579054]]}},{"type":"Feature","properties":{},"geometry":{"type":"LineString","coordinates":[[-74.233931,45.579054],[-74.362982,45.558741]]}},{"type":"Feature","properties":{},"geometry":{"type":"LineString","coordinates":[[-74.372705,45.557083],[-74.384196,45.555425]]}},{"type":"Feature","properties":{},"geometry":{"type":"LineString","coordinates":[[-74.384196,45.555425],[-74.423972,45.548792]]}},{"type":"Feature","properties":{},"geometry":{"type":"LineString","coordinates":[[-74.667049,45.724144],[-74.562747,45.955459]]}},{"type":"Feature","properties":{},"geometry":{"type":"LineString","coordinates":[[-73.889204,45.315819],[-73.944007,45.197674]]}},{"type":"Feature","properties":{},"geometry":{"type":"LineString","coordinates":[[-73.944007,45.197674],[-74.058916,45.179848]]}},{"type":"Feature","properties":{},"geometry":{"type":"LineString","coordinates":[[-74.058916,45.179848],[-74.148191,45.166168]]}},{"type":"Feature","properties":{},"geometry":{"type":"LineString","coordinates":[[-74.148191,45.166168],[-74.287849,45.143783]]}},{"type":"Feature","properties":{},"geometry":{"type":"LineString","coordinates":[[-74.077478,45.603512],[-73.952846,45.512312]]}},{"type":"Feature","properties":{},"geometry":{"type":"LineString","coordinates":[[-73.861803,45.375098],[-73.86799,45.361833]]}},{"type":"Feature","properties":{},"geometry":{"type":"LineString","coordinates":[[-73.891856,45.467127],[-73.858267,45.442669]]}},{"type":"Feature","properties":{},"geometry":{"type":"LineString","coordinates":[[-73.858267,45.442669],[-73.837053,45.427331]]}},{"type":"Feature","properties":{},"geometry":{"type":"LineString","coordinates":[[-73.837053,45.427331],[-73.837937,45.426502]]}},{"type":"Feature","properties":{},"geometry":{"type":"LineString","coordinates":[[-73.927212,45.493658],[-73.898043,45.472101]]}},{"type":"Feature","properties":{},"geometry":{"type":"LineString","coordinates":[[-74.808475,46.131225],[-74.690914,46.047073]]}},{"type":"Feature","properties":{},"geometry":{"type":"LineString","coordinates":[[-76.805237,46.006448],[-76.898048,45.77306]]}},{"type":"Feature","properties":{},"geometry":{"type":"LineString","coordinates":[[-76.898048,45.77306],[-77.242775,45.710049]]}},{"type":"Feature","properties":{},"geometry":{"type":"LineString","coordinates":[[-77.242775,45.710049],[-77.497342,45.879183]]}},{"type":"Feature","properties":{},"geometry":{"type":"LineString","coordinates":[[-77.497342,45.879183],[-77.408067,46.1134]]}},{"type":"Feature","properties":{},"geometry":{"type":"LineString","coordinates":[[-76.321736,45.660304],[-76.300522,45.664035]]}},{"type":"Feature","properties":{},"geometry":{"type":"LineString","coordinates":[[-76.300522,45.664035],[-76.051258,45.492]]}},{"type":"Feature","properties":{},"geometry":{"type":"LineString","coordinates":[[-76.051258,45.492],[-76.147605,45.260684]]}},{"type":"Feature","properties":{},"geometry":{"type":"LineString","coordinates":[[-76.147605,45.260684],[-76.157328,45.258612]]}},{"type":"Feature","properties":{},"geometry":{"type":"LineString","coordinates":[[-76.157328,45.258612],[-76.48968,45.199746]]}},{"type":"Feature","properties":{},"geometry":{"type":"LineString","coordinates":[[-76.738944,45.370124],[-76.646133,45.602268]]}},{"type":"Feature","properties":{},"geometry":{"type":"LineString","coordinates":[[-76.646133,45.602268],[-76.646133,45.602683]]}},{"type":"Feature","properties":{},"geometry":{"type":"LineString","coordinates":[[-76.646133,45.602683],[-76.645249,45.602683]]}},{"type":"Feature","properties":{},"geometry":{"type":"LineString","coordinates":[[-76.335879,44.798469],[-76.582491,44.968431]]}},{"type":"Feature","properties":{},"geometry":{"type":"LineString","coordinates":[[-76.147605,45.260684],[-75.900993,45.089063]]}},{"type":"Feature","properties":{},"geometry":{"type":"LineString","coordinates":[[-75.900993,45.089063],[-75.988501,44.877646]]}},{"type":"Feature","properties":{},"geometry":{"type":"LineString","coordinates":[[-75.988501,44.877646],[-75.996456,44.858577]]}},{"type":"Feature","properties":{},"geometry":{"type":"LineString","coordinates":[[-75.996456,44.858577],[-76.335879,44.798469]]}},{"type":"Feature","properties":{},"geometry":{"type":"LineString","coordinates":[[-76.898048,45.77306],[-76.646133,45.602683]]}},{"type":"Feature","properties":{},"geometry":{"type":"LineString","coordinates":[[-77.332934,45.476661],[-77.242775,45.710049]]}},{"type":"Feature","properties":{},"geometry":{"type":"LineString","coordinates":[[-75.706532,45.551694],[-76.051258,45.492]]}},{"type":"Feature","properties":{},"geometry":{"type":"LineString","coordinates":[[-76.300522,45.664035],[-76.20506,45.896594]]}},{"type":"Feature","properties":{},"geometry":{"type":"LineString","coordinates":[[-75.558918,45.147929],[-75.900993,45.089063]]}},{"type":"Feature","properties":{},"geometry":{"type":"LineString","coordinates":[[-73.739823,46.321915],[-73.752197,46.295799]]}},{"type":"Feature","properties":{},"geometry":{"type":"LineString","coordinates":[[-73.752197,46.295799],[-73.903347,46.272999]]}},{"type":"Feature","properties":{},"geometry":{"type":"LineString","coordinates":[[-74.104879,46.241908],[-74.350607,46.419333]]}},{"type":"Feature","properties":{},"geometry":{"type":"LineString","coordinates":[[-74.212717,46.010593],[-74.128745,46.192578]]}},{"type":"Feature","properties":{},"geometry":{"type":"LineString","coordinates":[[-73.752197,46.295799],[-73.703582,46.260148]]}},{"type":"Feature","properties":{},"geometry":{"type":"LineString","coordinates":[[-73.703582,46.260148],[-73.510005,46.11796]]}},{"type":"Feature","properties":{},"geometry":{"type":"LineString","coordinates":[[-73.510005,46.11796],[-73.620494,45.887474]]}},{"type":"Feature","properties":{},"geometry":{"type":"LineString","coordinates":[[-73.620494,45.887474],[-73.970524,45.833998]]}},{"type":"Feature","properties":{},"geometry":{"type":"LineString","coordinates":[[-73.286374,46.580176],[-73.104288,46.44462],[-73.044182,46.400678]]}},{"type":"Feature","properties":{},"geometry":{"type":"LineString","coordinates":[[-73.044182,46.400678],[-73.131689,46.223254]]}},{"type":"Feature","properties":{},"geometry":{"type":"LineString","coordinates":[[-73.157323,46.169778],[-73.326151,46.14532]]}},{"type":"Feature","properties":{},"geometry":{"type":"LineString","coordinates":[[-73.326151,46.14532],[-73.510005,46.11796]]}},{"type":"Feature","properties":{},"geometry":{"type":"LineString","coordinates":[[-73.944007,45.197674],[-73.76634,45.065849]]}},{"type":"Feature","properties":{},"geometry":{"type":"LineString","coordinates":[[-73.765456,45.065849],[-73.707118,45.021907]]}},{"type":"Feature","properties":{},"geometry":{"type":"LineString","coordinates":[[-75.84619,44.463518],[-75.753379,44.687371]]}},{"type":"Feature","properties":{},"geometry":{"type":"LineString","coordinates":[[-75.753379,44.687371],[-75.474062,44.735458]]}},{"type":"Feature","properties":{},"geometry":{"type":"LineString","coordinates":[[-76.42869,44.567982],[-76.335879,44.798469]]}},{"type":"Feature","properties":{},"geometry":{"type":"LineString","coordinates":[[-75.996456,44.858577],[-75.753379,44.687371]]}},{"type":"Feature","properties":{},"geometry":{"type":"LineString","coordinates":[[-75.855913,44.45647],[-76.18473,44.398434]]}},{"type":"Feature","properties":{},"geometry":{"type":"LineString","coordinates":[[-76.18473,44.398434],[-76.42869,44.567982]]}},{"type":"Feature","properties":{},"geometry":{"type":"LineString","coordinates":[[-76.21655,44.320086],[-76.18473,44.398434]]}},{"type":"Feature","properties":{},"geometry":{"type":"LineString","coordinates":[[-76.262514,44.206915],[-76.251907,44.234275]]}},{"type":"Feature","properties":{},"geometry":{"type":"LineString","coordinates":[[-76.235997,44.272413],[-76.224506,44.301431]]}},{"type":"Feature","properties":{},"geometry":{"type":"LineString","coordinates":[[-75.400698,44.777741],[-75.315842,44.975479]]}},{"type":"Feature","properties":{},"geometry":{"type":"LineString","coordinates":[[-79.801707,47.627312],[-79.760163,47.635603]]}},{"type":"Feature","properties":{},"geometry":{"type":"LineString","coordinates":[[-79.760163,47.635603],[-79.601942,47.667937]]}},{"type":"Feature","properties":{},"geometry":{"type":"LineString","coordinates":[[-79.313786,46.179312],[-79.23335,46.415602]]}},{"type":"Feature","properties":{},"geometry":{"type":"LineString","coordinates":[[-79.05038,46.013495],[-79.313786,46.179312]]}},{"type":"Feature","properties":{},"geometry":{"type":"LineString","coordinates":[[-79.624924,46.115473],[-79.657629,46.108425]]}},{"type":"Feature","properties":{},"geometry":{"type":"LineString","coordinates":[[-79.924571,46.272999],[-79.846787,46.509703]]}},{"type":"Feature","properties":{},"geometry":{"type":"LineString","coordinates":[[-79.313786,46.179312],[-79.624924,46.115473]]}},{"type":"Feature","properties":{},"geometry":{"type":"LineString","coordinates":[[-79.1317,45.778449],[-79.472891,45.708806]]}},{"type":"Feature","properties":{},"geometry":{"type":"LineString","coordinates":[[-79.472891,45.708806],[-79.48615,45.717097]]}},{"type":"Feature","properties":{},"geometry":{"type":"LineString","coordinates":[[-79.48615,45.717097],[-79.736297,45.872965]]}},{"type":"Feature","properties":{},"geometry":{"type":"LineString","coordinates":[[-81.080731,46.688371],[-81.152328,46.450838]]}},{"type":"Feature","properties":{},"geometry":{"type":"LineString","coordinates":[[-81.152328,46.450838],[-81.494403,46.374562]]}},{"type":"Feature","properties":{},"geometry":{"type":"LineString","coordinates":[[-81.152328,46.450838],[-80.880082,46.289166]]}},{"type":"Feature","properties":{},"geometry":{"type":"LineString","coordinates":[[-80.537124,46.363784],[-80.462875,46.600903]]}},{"type":"Feature","properties":{},"geometry":{"type":"LineString","coordinates":[[-79.639067,48.10611],[-79.555979,48.34613]]}},{"type":"Feature","properties":{},"geometry":{"type":"LineString","coordinates":[[-79.362401,47.938634],[-79.627576,48.099477]]}},{"type":"Feature","properties":{},"geometry":{"type":"LineString","coordinates":[[-79.639067,48.10611],[-79.760163,48.081652]]}},{"type":"Feature","properties":{},"geometry":{"type":"LineString","coordinates":[[-79.760163,48.081652],[-79.997936,48.03315]]}},{"type":"Feature","properties":{},"geometry":{"type":"LineString","coordinates":[[-78.936355,44.51575],[-78.603119,44.582906]]}},{"type":"Feature","properties":{},"geometry":{"type":"LineString","coordinates":[[-78.603119,44.582906],[-78.351204,44.418332]]}},{"type":"Feature","properties":{},"geometry":{"type":"LineString","coordinates":[[-78.351204,44.418332],[-78.393631,44.298115]]}},{"type":"Feature","properties":{},"geometry":{"type":"LineString","coordinates":[[-78.393631,44.298115],[-78.433408,44.187017]]}},{"type":"Feature","properties":{},"geometry":{"type":"LineString","coordinates":[[-78.433408,44.187017],[-78.763992,44.120276]]}},{"type":"Feature","properties":{},"geometry":{"type":"LineString","coordinates":[[-78.433408,44.187017],[-78.184144,44.022444]]}},{"type":"Feature","properties":{},"geometry":{"type":"LineString","coordinates":[[-78.184144,44.022444],[-78.209777,43.952386]]}},{"type":"Feature","properties":{},"geometry":{"type":"LineString","coordinates":[[-78.812607,43.869477],[-78.843544,43.88979]]}},{"type":"Feature","properties":{},"geometry":{"type":"LineString","coordinates":[[-79.510015,44.3205],[-79.600174,44.378122]]}},{"type":"Feature","properties":{},"geometry":{"type":"LineString","coordinates":[[-79.600174,44.378122],[-79.524158,44.610266]]}},{"type":"Feature","properties":{},"geometry":{"type":"LineString","coordinates":[[-79.524158,44.610266],[-79.398642,44.636382]]}},{"type":"Feature","properties":{},"geometry":{"type":"LineString","coordinates":[[-79.334116,44.649648],[-79.190922,44.679495]]}},{"type":"Feature","properties":{},"geometry":{"type":"LineString","coordinates":[[-79.190922,44.679495],[-79.140539,44.64716]]}},{"type":"Feature","properties":{},"geometry":{"type":"LineString","coordinates":[[-79.140539,44.64716],[-78.936355,44.51575]]}},{"type":"Feature","properties":{},"geometry":{"type":"LineString","coordinates":[[-79.345607,44.215621],[-79.510015,44.3205]]}},{"type":"Feature","properties":{},"geometry":{"type":"LineString","coordinates":[[-79.156449,43.825121],[-79.171476,43.822219]]}},{"type":"Feature","properties":{},"geometry":{"type":"LineString","coordinates":[[-78.843544,43.88979],[-78.893927,43.879426]]}},{"type":"Feature","properties":{},"geometry":{"type":"LineString","coordinates":[[-79.061871,43.845019],[-79.156449,43.825121]]}},{"type":"Feature","properties":{},"geometry":{"type":"LineString","coordinates":[[-78.603119,44.582906],[-78.521799,44.81505]]}},{"type":"Feature","properties":{},"geometry":{"type":"LineString","coordinates":[[-78.521799,44.81505],[-78.185028,44.881792]]}},{"type":"Feature","properties":{},"geometry":{"type":"LineString","coordinates":[[-78.185028,44.881792],[-77.933112,44.715145]]}},{"type":"Feature","properties":{},"geometry":{"type":"LineString","coordinates":[[-77.933112,44.715145],[-78.017968,44.48383]]}},{"type":"Feature","properties":{},"geometry":{"type":"LineString","coordinates":[[-78.017968,44.48383],[-78.351204,44.418332]]}},{"type":"Feature","properties":{},"geometry":{"type":"LineString","coordinates":[[-77.885381,44.395947],[-77.768704,44.318013]]}},{"type":"Feature","properties":{},"geometry":{"type":"LineString","coordinates":[[-77.768704,44.318013],[-77.834114,44.140174]]}},{"type":"Feature","properties":{},"geometry":{"type":"LineString","coordinates":[[-77.834114,44.140174],[-77.85356,44.087527]]}},{"type":"Feature","properties":{},"geometry":{"type":"LineString","coordinates":[[-77.85356,44.087527],[-78.184144,44.022444]]}},{"type":"Feature","properties":{},"geometry":{"type":"LineString","coordinates":[[-79.112254,44.912053],[-78.776366,44.980453]]}},{"type":"Feature","properties":{},"geometry":{"type":"LineString","coordinates":[[-78.776366,44.980453],[-78.521799,44.81505]]}},{"type":"Feature","properties":{},"geometry":{"type":"LineString","coordinates":[[-79.190922,44.679495],[-79.112254,44.912053]]}},{"type":"Feature","properties":{},"geometry":{"type":"LineString","coordinates":[[-77.85356,44.087527],[-77.741303,44.012494]]}},{"type":"Feature","properties":{},"geometry":{"type":"LineString","coordinates":[[-77.741303,44.01208],[-77.740419,44.011665]]}},{"type":"Feature","properties":{},"geometry":{"type":"LineString","coordinates":[[-77.739535,44.011251],[-77.719205,43.997156]]}},{"type":"Feature","properties":{},"geometry":{"type":"LineString","coordinates":[[-77.717437,43.995913],[-77.70683,43.988865]]}},{"type":"Feature","properties":{},"geometry":{"type":"LineString","coordinates":[[-80.16146,44.041927],[-80.325868,44.005862]]}},{"type":"Feature","properties":{},"geometry":{"type":"LineString","coordinates":[[-80.325868,44.005862],[-80.331172,44.005033]]}},{"type":"Feature","properties":{},"geometry":{"type":"LineString","coordinates":[[-80.587507,44.164632],[-80.516794,44.396776]]}},{"type":"Feature","properties":{},"geometry":{"type":"LineString","coordinates":[[-80.516794,44.396776],[-80.471714,44.406725]]}},{"type":"Feature","properties":{},"geometry":{"type":"LineString","coordinates":[[-80.187094,44.468907],[-79.929874,44.307649]]}},{"type":"Feature","properties":{},"geometry":{"type":"LineString","coordinates":[[-79.929874,44.307649],[-80.004123,44.07592]]}},{"type":"Feature","properties":{},"geometry":{"type":"LineString","coordinates":[[-80.004123,44.07592],[-80.16146,44.041927]]}},{"type":"Feature","properties":{},"geometry":{"type":"LineString","coordinates":[[-80.378019,43.850823],[-80.331172,44.005033]]}},{"type":"Feature","properties":{},"geometry":{"type":"LineString","coordinates":[[-80.004123,44.07592],[-79.75044,43.915077]]}},{"type":"Feature","properties":{},"geometry":{"type":"LineString","coordinates":[[-79.75044,43.915077],[-79.823805,43.684176]]}},{"type":"Feature","properties":{},"geometry":{"type":"LineString","coordinates":[[-80.401885,43.773718],[-80.378019,43.850823]]}},{"type":"Feature","properties":{},"geometry":{"type":"LineString","coordinates":[[-80.77578,44.55679],[-80.516794,44.396776]]}},{"type":"Feature","properties":{},"geometry":{"type":"LineString","coordinates":[[-80.587507,44.164632],[-80.914555,44.091672]]}},{"type":"Feature","properties":{},"geometry":{"type":"LineString","coordinates":[[-79.919268,44.310137],[-79.929874,44.307649]]}},{"type":"Feature","properties":{},"geometry":{"type":"LineString","coordinates":[[-80.187094,44.468907],[-80.178254,44.497096]]}},{"type":"Feature","properties":{},"geometry":{"type":"LineString","coordinates":[[-80.028873,44.719705],[-79.938714,44.739189]]}},{"type":"Feature","properties":{},"geometry":{"type":"LineString","coordinates":[[-79.938714,44.739189],[-79.867117,44.754527]]}},{"type":"Feature","properties":{},"geometry":{"type":"LineString","coordinates":[[-79.84767,44.758672],[-79.809662,44.766549]]}},{"type":"Feature","properties":{},"geometry":{"type":"LineString","coordinates":[[-79.73011,44.740433],[-79.675307,44.706025]]}},{"type":"Feature","properties":{},"geometry":{"type":"LineString","coordinates":[[-79.675307,44.706025],[-79.524158,44.610266]]}},{"type":"Feature","properties":{},"geometry":{"type":"LineString","coordinates":[[-79.600174,44.378122],[-79.919268,44.310137]]}},{"type":"Feature","properties":{},"geometry":{"type":"LineString","coordinates":[[-79.422508,43.984306],[-79.488801,43.970211]]}},{"type":"Feature","properties":{},"geometry":{"type":"LineString","coordinates":[[-79.488801,43.970211],[-79.75044,43.915077]]}},{"type":"Feature","properties":{},"geometry":{"type":"LineString","coordinates":[[-79.076013,43.201233],[-79.398642,43.133248]]}},{"type":"Feature","properties":{},"geometry":{"type":"LineString","coordinates":[[-79.198877,43.738067],[-79.171476,43.822219]]}},{"type":"Feature","properties":{},"geometry":{"type":"LineString","coordinates":[[-77.597225,44.779814],[-77.933112,44.715145]]}},{"type":"Feature","properties":{},"geometry":{"type":"LineString","coordinates":[[-78.185028,44.881792],[-78.101056,45.113936]]}},{"type":"Feature","properties":{},"geometry":{"type":"LineString","coordinates":[[-78.776366,44.980453],[-78.695046,45.213426]]}},{"type":"Feature","properties":{},"geometry":{"type":"LineString","coordinates":[[-77.382433,44.521968],[-77.347961,44.612339]]}},{"type":"Feature","properties":{},"geometry":{"type":"LineString","coordinates":[[-77.011189,44.675349],[-76.948431,44.632651]]}},{"type":"Feature","properties":{},"geometry":{"type":"LineString","coordinates":[[-76.785791,44.521139],[-76.765461,44.507045]]}},{"type":"Feature","properties":{},"geometry":{"type":"LineString","coordinates":[[-76.765461,44.507045],[-76.786675,44.452739]]}},{"type":"Feature","properties":{},"geometry":{"type":"LineString","coordinates":[[-76.786675,44.452739],[-76.837942,44.320915]]}},{"type":"Feature","properties":{},"geometry":{"type":"LineString","coordinates":[[-76.837942,44.320915],[-76.854737,44.276973]]}},{"type":"Feature","properties":{},"geometry":{"type":"LineString","coordinates":[[-76.854737,44.276973],[-77.188856,44.214792]]}},{"type":"Feature","properties":{},"geometry":{"type":"LineString","coordinates":[[-77.188856,44.214792],[-77.435468,44.381853]]}},{"type":"Feature","properties":{},"geometry":{"type":"LineString","coordinates":[[-77.276364,43.98472],[-77.232168,44.101207]]}},{"type":"Feature","properties":{},"geometry":{"type":"LineString","coordinates":[[-77.231284,44.104109],[-77.218025,44.137272]]}},{"type":"Feature","properties":{},"geometry":{"type":"LineString","coordinates":[[-77.210954,44.155926],[-77.188856,44.214792]]}},{"type":"Feature","properties":{},"geometry":{"type":"LineString","coordinates":[[-76.854737,44.276973],[-76.735408,44.194479]]}},{"type":"Feature","properties":{},"geometry":{"type":"LineString","coordinates":[[-76.702703,44.171679],[-76.667347,44.147221]]}},{"type":"Feature","properties":{},"geometry":{"type":"LineString","coordinates":[[-77.499994,44.369416],[-77.768704,44.318013]]}},{"type":"Feature","properties":{},"geometry":{"type":"LineString","coordinates":[[-77.435468,44.381853],[-77.499994,44.369416]]}},{"type":"Feature","properties":{},"geometry":{"type":"LineString","coordinates":[[-76.42869,44.567982],[-76.765461,44.507045]]}},{"type":"Feature","properties":{},"geometry":{"type":"LineString","coordinates":[[-79.907777,45.133005],[-79.965231,45.168656]]}},{"type":"Feature","properties":{},"geometry":{"type":"LineString","coordinates":[[-79.965231,45.168656],[-79.941365,45.24203]]}},{"type":"Feature","properties":{},"geometry":{"type":"LineString","coordinates":[[-79.941365,45.24203],[-79.899821,45.370124]]}},{"type":"Feature","properties":{},"geometry":{"type":"LineString","coordinates":[[-79.894518,45.388778],[-79.889214,45.402873]]}},{"type":"Feature","properties":{},"geometry":{"type":"LineString","coordinates":[[-79.889214,45.402873],[-79.651441,45.453032]]}},{"type":"Feature","properties":{},"geometry":{"type":"LineString","coordinates":[[-79.651441,45.453032],[-79.550675,45.47376]]}},{"type":"Feature","properties":{},"geometry":{"type":"LineString","coordinates":[[-79.550675,45.47376],[-79.290804,45.3096]]}},{"type":"Feature","properties":{},"geometry":{"type":"LineString","coordinates":[[-79.290804,45.3096],[-79.369473,45.076213]]}},{"type":"Feature","properties":{},"geometry":{"type":"LineString","coordinates":[[-79.70536,45.006155],[-79.907777,45.133005]]}},{"type":"Feature","properties":{},"geometry":{"type":"LineString","coordinates":[[-79.899821,45.370124],[-79.894518,45.388778]]}},{"type":"Feature","properties":{},"geometry":{"type":"LineString","coordinates":[[-79.769886,44.806345],[-79.717735,44.968017]]}},{"type":"Feature","properties":{},"geometry":{"type":"LineString","coordinates":[[-79.717735,44.968431],[-79.70536,45.006155]]}},{"type":"Feature","properties":{},"geometry":{"type":"LineString","coordinates":[[-79.369473,45.076213],[-79.112254,44.912053]]}},{"type":"Feature","properties":{},"geometry":{"type":"LineString","coordinates":[[-80.152621,45.565788],[-80.09605,45.531381]]}},{"type":"Feature","properties":{},"geometry":{"type":"LineString","coordinates":[[-79.899821,45.409505],[-79.889214,45.402873]]}},{"type":"Feature","properties":{},"geometry":{"type":"LineString","coordinates":[[-79.965231,45.168656],[-79.982025,45.164925]]}},{"type":"Feature","properties":{},"geometry":{"type":"LineString","coordinates":[[-79.990865,45.163267],[-80.009427,45.159536]]}},{"type":"Feature","properties":{},"geometry":{"type":"LineString","coordinates":[[-80.097818,45.140467],[-80.099586,45.140052]]}},{"type":"Feature","properties":{},"geometry":{"type":"LineString","coordinates":[[-80.027105,45.15539],[-80.050087,45.15083]]}},{"type":"Feature","properties":{},"geometry":{"type":"LineString","coordinates":[[-79.540952,45.50485],[-79.476426,45.698857]]}},{"type":"Feature","properties":{},"geometry":{"type":"LineString","coordinates":[[-79.476426,45.698857],[-79.472891,45.708806]]}},{"type":"Feature","properties":{},"geometry":{"type":"LineString","coordinates":[[-78.952265,45.378829],[-79.290804,45.3096]]}},{"type":"Feature","properties":{},"geometry":{"type":"LineString","coordinates":[[-79.550675,45.47376],[-79.540952,45.50485]]}},{"type":"Feature","properties":{},"geometry":{"type":"LineString","coordinates":[[-72.592502,48.625118],[-72.331747,48.659939]]}},{"type":"Feature","properties":{},"geometry":{"type":"LineString","coordinates":[[-72.005583,48.422821],[-72.093974,48.256589]]}},{"type":"Feature","properties":{},"geometry":{"type":"LineString","coordinates":[[-72.181482,48.744506],[-72.09309,48.90908]]}},{"type":"Feature","properties":{},"geometry":{"type":"LineString","coordinates":[[-71.468163,48.770623],[-71.59633,48.537649]]}},{"type":"Feature","properties":{},"geometry":{"type":"LineString","coordinates":[[-71.59633,48.537649],[-71.789024,48.513191]]}},{"type":"Feature","properties":{},"geometry":{"type":"LineString","coordinates":[[-71.59633,48.537649],[-71.550367,48.503242]]}},{"type":"Feature","properties":{},"geometry":{"type":"LineString","coordinates":[[-71.550367,48.503242],[-71.350602,48.351519]]}},{"type":"Feature","properties":{},"geometry":{"type":"LineString","coordinates":[[-71.350602,48.351519],[-71.477886,48.119375]]}},{"type":"Feature","properties":{},"geometry":{"type":"LineString","coordinates":[[-71.671463,46.960726],[-71.735105,47.009643]]}},{"type":"Feature","properties":{},"geometry":{"type":"LineString","coordinates":[[-71.012947,47.101671],[-71.020902,47.086748]]}},{"type":"Feature","properties":{},"geometry":{"type":"LineString","coordinates":[[-71.020902,47.086748],[-71.125204,46.896472]]}},{"type":"Feature","properties":{},"geometry":{"type":"LineString","coordinates":[[-71.154373,46.869941],[-71.498216,46.826414]]}},{"type":"Feature","properties":{},"geometry":{"type":"LineString","coordinates":[[-71.498216,46.826414],[-71.533572,46.853774]]}},{"type":"Feature","properties":{},"geometry":{"type":"LineString","coordinates":[[-71.533572,46.854189],[-71.671463,46.960726]]}},{"type":"Feature","properties":{},"geometry":{"type":"LineString","coordinates":[[-72.336167,47.143955],[-72.697688,47.094209]]}},{"type":"Feature","properties":{},"geometry":{"type":"LineString","coordinates":[[-70.736282,48.21016],[-70.978474,48.397119]]}},{"type":"Feature","properties":{},"geometry":{"type":"LineString","coordinates":[[-70.978474,48.397119],[-70.846771,48.629263]]}},{"type":"Feature","properties":{},"geometry":{"type":"LineString","coordinates":[[-70.978474,48.397119],[-71.350602,48.351519]]}},{"type":"Feature","properties":{},"geometry":{"type":"LineString","coordinates":[[-71.74748,45.728289],[-71.486725,45.763111]]}},{"type":"Feature","properties":{},"geometry":{"type":"LineString","coordinates":[[-71.396566,45.774718],[-71.392146,45.770987]]}},{"type":"Feature","properties":{},"geometry":{"type":"LineString","coordinates":[[-71.316129,45.710878],[-71.166748,45.593148]]}},{"type":"Feature","properties":{},"geometry":{"type":"LineString","coordinates":[[-71.166748,45.593148],[-71.237461,45.46008]]}},{"type":"Feature","properties":{},"geometry":{"type":"LineString","coordinates":[[-71.237461,45.46008],[-71.287844,45.365978]]}},{"type":"Feature","properties":{},"geometry":{"type":"LineString","coordinates":[[-71.635223,45.319964],[-71.86504,45.50029]]}},{"type":"Feature","properties":{},"geometry":{"type":"LineString","coordinates":[[-71.86504,45.50029],[-71.797863,45.630457]]}},{"type":"Feature","properties":{},"geometry":{"type":"LineString","coordinates":[[-72.384782,45.753991],[-72.330863,45.860943]]}},{"type":"Feature","properties":{},"geometry":{"type":"LineString","coordinates":[[-72.330863,45.860943],[-72.200928,45.878768]]}},{"type":"Feature","properties":{},"geometry":{"type":"LineString","coordinates":[[-72.05243,45.899496],[-71.979949,45.909445]]}},{"type":"Feature","properties":{},"geometry":{"type":"LineString","coordinates":[[-71.979949,45.909445],[-71.74748,45.728289]]}},{"type":"Feature","properties":{},"geometry":{"type":"LineString","coordinates":[[-71.86504,45.50029],[-71.882719,45.498218]]}},{"type":"Feature","properties":{},"geometry":{"type":"LineString","coordinates":[[-71.882719,45.498218],[-72.213302,45.452618]]}},{"type":"Feature","properties":{},"geometry":{"type":"LineString","coordinates":[[-72.213302,45.452618],[-72.277828,45.502363]]}},{"type":"Feature","properties":{},"geometry":{"type":"LineString","coordinates":[[-72.277828,45.502363],[-72.446656,45.632115]]}},{"type":"Feature","properties":{},"geometry":{"type":"LineString","coordinates":[[-72.09751,45.045951],[-72.169107,45.1015]]}},{"type":"Feature","properties":{},"geometry":{"type":"LineString","coordinates":[[-72.176178,45.106889],[-72.244239,45.15995]]}},{"type":"Feature","properties":{},"geometry":{"type":"LineString","coordinates":[[-72.252195,45.166168],[-72.328211,45.225034]]}},{"type":"Feature","properties":{},"geometry":{"type":"LineString","coordinates":[[-72.328211,45.225034],[-72.21507,45.448887]]}},{"type":"Feature","properties":{},"geometry":{"type":"LineString","coordinates":[[-72.21507,45.448887],[-72.213302,45.452618]]}},{"type":"Feature","properties":{},"geometry":{"type":"LineString","coordinates":[[-71.396566,45.774718],[-71.275469,46.002717]]}},{"type":"Feature","properties":{},"geometry":{"type":"LineString","coordinates":[[-71.275469,46.002717],[-70.921904,46.047488]]}},{"type":"Feature","properties":{},"geometry":{"type":"LineString","coordinates":[[-70.921904,46.047488],[-70.693854,45.864259]]}},{"type":"Feature","properties":{},"geometry":{"type":"LineString","coordinates":[[-70.822905,45.63709],[-70.857378,45.63253]]}},{"type":"Feature","properties":{},"geometry":{"type":"LineString","coordinates":[[-70.858262,45.63253],[-71.166748,45.593148]]}},{"type":"Feature","properties":{},"geometry":{"type":"LineString","coordinates":[[-71.979949,45.909445],[-71.934869,45.996499]]}},{"type":"Feature","properties":{},"geometry":{"type":"LineString","coordinates":[[-71.934869,45.996499],[-71.861505,46.137858]]}},{"type":"Feature","properties":{},"geometry":{"type":"LineString","coordinates":[[-71.861505,46.137858],[-71.798747,46.146563]]}},{"type":"Feature","properties":{},"geometry":{"type":"LineString","coordinates":[[-71.798747,46.146563],[-71.66174,46.164803]]}},{"type":"Feature","properties":{},"geometry":{"type":"LineString","coordinates":[[-71.66174,46.164803],[-71.558322,46.178069]]}},{"type":"Feature","properties":{},"geometry":{"type":"LineString","coordinates":[[-71.507055,46.185116],[-71.275469,46.002717]]}},{"type":"Feature","properties":{},"geometry":{"type":"LineString","coordinates":[[-73.380953,45.709635],[-73.3509,45.714195]]}},{"type":"Feature","properties":{},"geometry":{"type":"LineString","coordinates":[[-73.3509,45.714195],[-73.202403,45.736166]]}},{"type":"Feature","properties":{},"geometry":{"type":"LineString","coordinates":[[-73.201519,45.736166],[-73.069815,45.755649]]}},{"type":"Feature","properties":{},"geometry":{"type":"LineString","coordinates":[[-73.053905,45.758136],[-73.031807,45.761038]]}},{"type":"Feature","properties":{},"geometry":{"type":"LineString","coordinates":[[-73.094565,45.326597],[-73.25367,45.302968]]}},{"type":"Feature","properties":{},"geometry":{"type":"LineString","coordinates":[[-73.25367,45.302968],[-73.490559,45.479978]]}},{"type":"Feature","properties":{},"geometry":{"type":"LineString","coordinates":[[-73.363275,45.07414],[-73.318195,45.169899]]}},{"type":"Feature","properties":{},"geometry":{"type":"LineString","coordinates":[[-73.317311,45.169899],[-73.25367,45.302968]]}},{"type":"Feature","properties":{},"geometry":{"type":"LineString","coordinates":[[-72.908059,45.353957],[-72.86298,45.319964]]}},{"type":"Feature","properties":{},"geometry":{"type":"LineString","coordinates":[[-72.86298,45.319964],[-72.835578,45.299237]]}},{"type":"Feature","properties":{},"geometry":{"type":"LineString","coordinates":[[-72.835578,45.299237],[-72.759562,45.240786]]}},{"type":"Feature","properties":{},"geometry":{"type":"LineString","coordinates":[[-72.740115,45.226277],[-72.688848,45.186896]]}},{"type":"Feature","properties":{},"geometry":{"type":"LineString","coordinates":[[-72.6915,45.139638],[-72.75249,45.015689]]}},{"type":"Feature","properties":{},"geometry":{"type":"LineString","coordinates":[[-72.688848,45.186896],[-72.673822,45.175703]]}},{"type":"Feature","properties":{},"geometry":{"type":"LineString","coordinates":[[-72.673822,45.175703],[-72.6915,45.139638]]}},{"type":"Feature","properties":{},"geometry":{"type":"LineString","coordinates":[[-72.759562,45.240786],[-72.740115,45.226277]]}},{"type":"Feature","properties":{},"geometry":{"type":"LineString","coordinates":[[-73.620494,45.887474],[-73.43222,45.748187]]}},{"type":"Feature","properties":{},"geometry":{"type":"LineString","coordinates":[[-73.833517,45.427745],[-73.837053,45.427331]]}},{"type":"Feature","properties":{},"geometry":{"type":"LineString","coordinates":[[-73.598396,45.463811],[-73.759269,45.439353]]}},{"type":"Feature","properties":{},"geometry":{"type":"LineString","coordinates":[[-73.412774,45.733264],[-73.380953,45.709635]]}},{"type":"Feature","properties":{},"geometry":{"type":"LineString","coordinates":[[-73.490559,45.479978],[-73.504701,45.477905]]}},{"type":"Feature","properties":{},"geometry":{"type":"LineString","coordinates":[[-73.556852,45.470029],[-73.579834,45.466712]]}},{"type":"Feature","properties":{},"geometry":{"type":"LineString","coordinates":[[-73.579834,45.466712],[-73.596628,45.464225]]}},{"type":"Feature","properties":{},"geometry":{"type":"LineString","coordinates":[[-72.972585,45.882085],[-72.918666,45.990695]]}},{"type":"Feature","properties":{},"geometry":{"type":"LineString","coordinates":[[-72.918666,45.990695],[-72.780775,46.010593]]}},{"type":"Feature","properties":{},"geometry":{"type":"LineString","coordinates":[[-72.703875,46.021786],[-72.566868,46.040855]]}},{"type":"Feature","properties":{},"geometry":{"type":"LineString","coordinates":[[-72.566868,46.040855],[-72.545654,46.025102]]}},{"type":"Feature","properties":{},"geometry":{"type":"LineString","coordinates":[[-72.481129,45.975772],[-72.330863,45.860943]]}},{"type":"Feature","properties":{},"geometry":{"type":"LineString","coordinates":[[-72.446656,45.632115],[-72.495271,45.625482]]}},{"type":"Feature","properties":{},"geometry":{"type":"LineString","coordinates":[[-72.73216,45.59149],[-72.783427,45.584443]]}},{"type":"Feature","properties":{},"geometry":{"type":"LineString","coordinates":[[-72.783427,45.584443],[-72.794918,45.58237]]}},{"type":"Feature","properties":{},"geometry":{"type":"LineString","coordinates":[[-72.328211,45.225034],[-72.401576,45.21467]]}},{"type":"Feature","properties":{},"geometry":{"type":"LineString","coordinates":[[-72.40246,45.21467],[-72.673822,45.175703]]}},{"type":"Feature","properties":{},"geometry":{"type":"LineString","coordinates":[[-73.157323,46.169778],[-73.109592,46.134127]]}},{"type":"Feature","properties":{},"geometry":{"type":"LineString","coordinates":[[-73.014129,46.062411],[-72.918666,45.990695]]}},{"type":"Feature","properties":{},"geometry":{"type":"LineString","coordinates":[[-73.10694,46.132054],[-73.091029,46.120033]]}},{"type":"Feature","properties":{},"geometry":{"type":"LineString","coordinates":[[-73.053021,46.091429],[-73.036227,46.079407]]}},{"type":"Feature","properties":{},"geometry":{"type":"LineString","coordinates":[[-70.669988,46.716975],[-70.545356,46.731899]]}},{"type":"Feature","properties":{},"geometry":{"type":"LineString","coordinates":[[-70.545356,46.731899],[-70.314655,46.546598]]}},{"type":"Feature","properties":{},"geometry":{"type":"LineString","coordinates":[[-70.442822,46.319013],[-70.798156,46.275486]]}},{"type":"Feature","properties":{},"geometry":{"type":"LineString","coordinates":[[-70.798156,46.275486],[-71.028857,46.459129]]}},{"type":"Feature","properties":{},"geometry":{"type":"LineString","coordinates":[[-70.921904,46.047488],[-70.798156,46.275486]]}},{"type":"Feature","properties":{},"geometry":{"type":"LineString","coordinates":[[-71.562742,46.704953],[-71.498216,46.826414]]}},{"type":"Feature","properties":{},"geometry":{"type":"LineString","coordinates":[[-71.127856,46.863723],[-71.109293,46.849629]]}},{"type":"Feature","properties":{},"geometry":{"type":"LineString","coordinates":[[-71.507055,46.185116],[-71.443413,46.305333]]}},{"type":"Feature","properties":{},"geometry":{"type":"LineString","coordinates":[[-71.443413,46.305333],[-71.385959,46.413529]]}},{"type":"Feature","properties":{},"geometry":{"type":"LineString","coordinates":[[-70.430447,46.937927],[-70.417189,46.960312]]}},{"type":"Feature","properties":{},"geometry":{"type":"LineString","coordinates":[[-70.545356,46.731899],[-70.484366,46.841753]]}},{"type":"Feature","properties":{},"geometry":{"type":"LineString","coordinates":[[-72.540351,46.338497],[-72.689732,46.451253]]}},{"type":"Feature","properties":{},"geometry":{"type":"LineString","coordinates":[[-72.689732,46.451253],[-72.611948,46.605048]]}},{"type":"Feature","properties":{},"geometry":{"type":"LineString","coordinates":[[-72.611948,46.605048],[-72.573056,46.681739]]}},{"type":"Feature","properties":{},"geometry":{"type":"LineString","coordinates":[[-72.573056,46.681739],[-72.291087,46.720706]]}},{"type":"Feature","properties":{},"geometry":{"type":"LineString","coordinates":[[-72.291087,46.720706],[-72.21507,46.731069]]}},{"type":"Feature","properties":{},"geometry":{"type":"LineString","coordinates":[[-72.21507,46.731069],[-72.0321,46.591368]]}},{"type":"Feature","properties":{},"geometry":{"type":"LineString","coordinates":[[-72.003815,46.569812],[-71.977297,46.549085]]}},{"type":"Feature","properties":{},"geometry":{"type":"LineString","coordinates":[[-71.977297,46.549085],[-72.021493,46.464104]]}},{"type":"Feature","properties":{},"geometry":{"type":"LineString","coordinates":[[-72.05685,46.396533],[-72.087787,46.336424]]}},{"type":"Feature","properties":{},"geometry":{"type":"LineString","coordinates":[[-72.087787,46.336424],[-72.096626,46.319428]]}},{"type":"Feature","properties":{},"geometry":{"type":"LineString","coordinates":[[-72.096626,46.319428],[-72.451075,46.270512]]}},{"type":"Feature","properties":{},"geometry":{"type":"LineString","coordinates":[[-72.451075,46.270512],[-72.525324,46.32689]]}},{"type":"Feature","properties":{},"geometry":{"type":"LineString","coordinates":[[-72.566868,46.040855],[-72.552726,46.069873]]}},{"type":"Feature","properties":{},"geometry":{"type":"LineString","coordinates":[[-72.532396,46.110084],[-72.502342,46.169778]]}},{"type":"Feature","properties":{},"geometry":{"type":"LineString","coordinates":[[-72.096626,46.319428],[-71.964923,46.218279]]}},{"type":"Feature","properties":{},"geometry":{"type":"LineString","coordinates":[[-71.964923,46.218279],[-71.861505,46.137858]]}},{"type":"Feature","properties":{},"geometry":{"type":"LineString","coordinates":[[-72.71625,46.78952],[-72.573056,46.681739]]}},{"type":"Feature","properties":{},"geometry":{"type":"LineString","coordinates":[[-72.689732,46.451253],[-72.73658,46.44462]]}},{"type":"Feature","properties":{},"geometry":{"type":"LineString","coordinates":[[-72.824087,46.432184],[-72.956674,46.413115]]}},{"type":"Feature","properties":{},"geometry":{"type":"LineString","coordinates":[[-72.956674,46.413115],[-73.044182,46.400678]]}},{"type":"Feature","properties":{},"geometry":{"type":"LineString","coordinates":[[-72.21507,46.731069],[-72.197392,46.766306]]}},{"type":"Feature","properties":{},"geometry":{"type":"LineString","coordinates":[[-72.197392,46.766306],[-72.165571,46.827658]]}},{"type":"Feature","properties":{},"geometry":{"type":"LineString","coordinates":[[-72.11342,46.927563],[-72.095742,46.96197]]}},{"type":"Feature","properties":{},"geometry":{"type":"LineString","coordinates":[[-71.620196,46.596343],[-71.733337,46.581834]]}},{"type":"Feature","properties":{},"geometry":{"type":"LineString","coordinates":[[-71.733337,46.581834],[-71.977297,46.549085]]}},{"type":"Feature","properties":{},"geometry":{"type":"LineString","coordinates":[[-77.646724,48.044343],[-77.917202,48.216378]]}},{"type":"Feature","properties":{},"geometry":{"type":"LineString","coordinates":[[-77.917202,48.216378],[-77.824391,48.455155]]}},{"type":"Feature","properties":{},"geometry":{"type":"LineString","coordinates":[[-77.917202,48.216378],[-78.038298,48.193578]]}},{"type":"Feature","properties":{},"geometry":{"type":"LineString","coordinates":[[-78.038298,48.193578],[-78.28049,48.148393]]}}]}
