{"type":"FeatureCollection","features":[{"type":"Feature","properties":{"fed_id":"100032095","name_en":"Pouch Cove","res":4,"role":"hex"},"geometry":{"type":"MultiPolygon","coordinates":[[[[-53.112798,47.824635],[-53.161413,47.895522],[-52.951042,48.094088],[-52.927176,48.089942],[-52.940435,48.077092],[-52.960765,48.066728],[-52.952809,48.058437],[-52.966068,48.044757],[-52.983746,48.038954],[-52.966068,48.016154],[-52.978443,47.995427],[-52.991702,47.98299],[-53.014683,47.968481],[-53.032362,47.965165],[-53.03413,47.956874],[-53.053576,47.946096],[-53.078325,47.93822],[-53.064183,47.925369],[-53.07037,47.912518],[-53.063299,47.90174],[-53.075674,47.894693],[-53.079209,47.8835],[-53.057111,47.880184],[-53.079209,47.863187],[-53.0907,47.849507],[-53.104843,47.82422],[-53.112798,47.824635]]],[[[-52.709733,47.742555],[-52.716804,47.732606],[-52.700894,47.718512],[-52.709733,47.703588],[-52.70001,47.694468],[-52.719456,47.67457],[-52.794589,47.677472],[-52.851159,47.679545],[-52.845856,47.704832],[-52.822874,47.743799],[-52.818454,47.757479],[-52.814919,47.785668],[-52.803428,47.807224],[-52.784866,47.80598],[-52.780446,47.794373],[-52.76542,47.786497],[-52.760116,47.771159],[-52.763652,47.763282],[-52.741554,47.759551],[-52.718572,47.759966],[-52.710617,47.755821],[-52.709733,47.742555]]]]}},{"type":"Feature","properties":{"fed_id":"100032097","name_en":"Bay Roberts","res":4,"role":"hex"},"geometry":{"type":"MultiPolygon","coordinates":[[[[-53.380624,47.902983],[-53.284277,47.899667],[-53.161413,47.895522],[-53.112798,47.824635],[-53.126057,47.820075],[-53.147271,47.804737],[-53.144619,47.793544],[-53.153458,47.77489],[-53.171136,47.764526],[-53.201189,47.739653],[-53.227707,47.737995],[-53.217984,47.727217],[-53.19235,47.72929],[-53.172904,47.720584],[-53.210912,47.693224],[-53.245385,47.67913],[-53.238314,47.673326],[-53.187047,47.692395],[-53.183511,47.674985],[-53.202957,47.650112],[-53.216216,47.63809],[-53.260412,47.623996],[-53.27367,47.621508],[-53.274554,47.598709],[-53.255992,47.60161],[-53.222403,47.616534],[-53.219752,47.611559],[-53.265715,47.57964],[-53.254224,47.573007],[-53.238314,47.577981],[-53.193234,47.604927],[-53.180859,47.599538],[-53.214448,47.582541],[-53.242733,47.574665],[-53.266599,47.556011],[-53.280742,47.550622],[-53.272786,47.541087],[-53.231242,47.5614],[-53.2171,47.557254],[-53.193234,47.572592],[-53.180859,47.550622],[-53.19677,47.544818],[-53.181743,47.534869],[-53.184395,47.525334],[-53.198538,47.511655],[-53.199422,47.51124],[-53.225055,47.486782],[-53.236546,47.487196],[-53.405374,47.492586],[-53.576853,47.497975],[-53.606906,47.541087],[-53.597183,47.534454],[-53.576853,47.545647],[-53.575085,47.52492],[-53.552103,47.526578],[-53.547684,47.557254],[-53.558291,47.569691],[-53.561826,47.581712],[-53.547684,47.592076],[-53.56713,47.611974],[-53.56713,47.631043],[-53.552987,47.631043],[-53.521166,47.608658],[-53.509675,47.616119],[-53.521166,47.630214],[-53.504372,47.637261],[-53.517631,47.662548],[-53.505256,47.672083],[-53.50172,47.682032],[-53.487578,47.680374],[-53.480506,47.696955],[-53.502604,47.706904],[-53.502604,47.730948],[-53.50614,47.749188],[-53.487578,47.757064],[-53.476087,47.776962],[-53.474319,47.78774],[-53.460176,47.813027],[-53.444266,47.811369],[-53.439846,47.818417],[-53.443382,47.835827],[-53.432775,47.85614],[-53.416864,47.871478],[-53.400954,47.880598],[-53.376204,47.863187],[-53.364714,47.868991],[-53.368249,47.879769],[-53.385927,47.881842],[-53.380624,47.902983]]],[[[-53.684691,47.651356],[-53.70944,47.686592],[-53.700601,47.696955],[-53.683807,47.689079],[-53.676735,47.674155],[-53.684691,47.651356]]]]}},{"type":"Feature","properties":{"fed_id":"100032098","name_en":"St. John's","res":4,"role":"hex"},"geometry":{"type":"MultiPolygon","coordinates":[[[[-53.096004,47.456935],[-53.084513,47.4702],[-52.999657,47.514142],[-52.974023,47.519116],[-52.963416,47.527407],[-52.957229,47.53404],[-52.917453,47.545233],[-52.909498,47.565131],[-52.868838,47.622338],[-52.858231,47.623996],[-52.856463,47.652599],[-52.851159,47.679545],[-52.794589,47.677472],[-52.719456,47.67457],[-52.722108,47.667108],[-52.70443,47.662548],[-52.692939,47.650941],[-52.676144,47.660476],[-52.667305,47.658817],[-52.660234,47.645137],[-52.667305,47.625654],[-52.652279,47.621508],[-52.660234,47.612389],[-52.65493,47.598709],[-52.662886,47.594978],[-52.669957,47.576738],[-52.6841,47.553523],[-52.681448,47.537771],[-52.672609,47.528236],[-52.656698,47.526578],[-52.641672,47.531967],[-52.627529,47.512898],[-52.636368,47.495073],[-52.689403,47.469786],[-52.696474,47.459422],[-52.685867,47.454448],[-52.67526,47.440353],[-52.666421,47.439109],[-52.662886,47.430819],[-52.682332,47.423771],[-52.690287,47.41175],[-52.703546,47.408019],[-52.717688,47.389779],[-52.714153,47.378172],[-52.722992,47.374441],[-52.739786,47.33423],[-52.745974,47.310601],[-52.767187,47.312674],[-52.786634,47.308114],[-52.809615,47.315576],[-52.806964,47.304383],[-52.778678,47.296507],[-52.78133,47.283241],[-52.804312,47.283656],[-52.829945,47.276194],[-52.820222,47.268732],[-53.080977,47.277438],[-53.185279,47.42916],[-53.168485,47.45196],[-53.141083,47.446571],[-53.127825,47.432891],[-53.129592,47.4246],[-53.149922,47.400971],[-53.140199,47.399728],[-53.127825,47.386048],[-53.118101,47.419211],[-53.105727,47.446157],[-53.096004,47.456935]]],[[[-53.199422,47.51124],[-53.202073,47.501705],[-53.216216,47.47476],[-53.225055,47.486782],[-53.199422,47.51124]]],[[[-53.198538,47.448229],[-53.208261,47.463567],[-53.195886,47.470615],[-53.177324,47.505436],[-53.163181,47.495487],[-53.167601,47.467298],[-53.198538,47.448229]]],[[[-52.983746,47.59705],[-53.006728,47.592905],[-53.022639,47.604098],[-53.018219,47.614461],[-52.979327,47.642236],[-52.959881,47.651356],[-52.915685,47.656745],[-52.910382,47.648868],[-52.925408,47.630214],[-52.9643,47.606999],[-52.983746,47.59705]]]]}},{"type":"Feature","properties":{"fed_id":"100032114","name_en":"Holyrood","res":4,"role":"hex"},"geometry":{"type":"MultiPolygon","coordinates":[[[[-53.646682,47.106231],[-53.659057,47.123227],[-53.653754,47.151416],[-53.636959,47.171729],[-53.642263,47.17546],[-53.660825,47.155976],[-53.669664,47.138151],[-53.781921,47.298579],[-53.576853,47.497975],[-53.405374,47.492586],[-53.236546,47.487196],[-53.225055,47.486782],[-53.216216,47.47476],[-53.208261,47.463567],[-53.198538,47.448229],[-53.195002,47.443669],[-53.191466,47.439109],[-53.185279,47.42916],[-53.080977,47.277438],[-53.286929,47.0797],[-53.584808,47.088406],[-53.575085,47.097526],[-53.547684,47.112864],[-53.503488,47.120326],[-53.48581,47.128616],[-53.457525,47.159293],[-53.469015,47.160951],[-53.495533,47.132347],[-53.54238,47.1253],[-53.552987,47.128616],[-53.541496,47.142711],[-53.530889,47.167169],[-53.545032,47.170485],[-53.568898,47.149344],[-53.568014,47.169656],[-53.554755,47.214841],[-53.570666,47.206136],[-53.598951,47.182093],[-53.618397,47.1481],[-53.617513,47.129446],[-53.62812,47.117838],[-53.646682,47.106231]]],[[[-53.572433,47.18002],[-53.58304,47.148929],[-53.590996,47.156391],[-53.572433,47.18002]]]]}},{"type":"Feature","properties":{"fed_id":"100032126","name_en":"Bonavista","res":4,"role":"hex"},"geometry":{"type":"Polygon","coordinates":[[[-53.294884,48.539307],[-53.288697,48.524798],[-53.278974,48.522311],[-53.258644,48.5277],[-53.240966,48.551329],[-53.23743,48.567911],[-53.21268,48.572056],[-53.210029,48.584493],[-53.193234,48.585322],[-53.179975,48.595271],[-53.183511,48.612267],[-53.171136,48.626361],[-53.141083,48.630507],[-53.126057,48.636725],[-53.120753,48.64626],[-53.119869,48.664914],[-53.099539,48.674034],[-53.085397,48.676107],[-53.082745,48.664499],[-53.05446,48.671547],[-53.056227,48.659939],[-53.042085,48.659525],[-53.028826,48.648332],[-53.039433,48.641285],[-53.028826,48.624703],[-53.020871,48.627605],[-53.000541,48.608536],[-52.997005,48.593613],[-53.00496,48.580347],[-53.022639,48.573714],[-53.019987,48.562936],[-53.002309,48.547184],[-53.00938,48.539722],[-53.037665,48.534747],[-53.050924,48.526871],[-53.05446,48.515678],[-53.073906,48.517751],[-53.073906,48.502413],[-53.062415,48.498682],[-53.060647,48.459715],[-53.076557,48.436915],[-53.111914,48.404995],[-53.132244,48.40085],[-53.138431,48.393388],[-53.162297,48.397119],[-53.170252,48.38261],[-53.194118,48.380537],[-53.195002,48.361468],[-53.206493,48.349861],[-53.233894,48.354421],[-53.270135,48.365614],[-53.266599,48.373075],[-53.297536,48.385512],[-53.310795,48.379294],[-53.344384,48.378465],[-53.374437,48.390486],[-53.381508,48.379294],[-53.362062,48.375148],[-53.383276,48.365199],[-53.367365,48.353177],[-53.389463,48.326232],[-53.386811,48.315454],[-53.455757,48.317527],[-53.545032,48.443962],[-53.533541,48.468006],[-53.532657,48.483344],[-53.514095,48.513191],[-53.499069,48.518166],[-53.478738,48.54594],[-53.492881,48.551744],[-53.495533,48.570813],[-53.490229,48.583663],[-53.455757,48.608536],[-53.423936,48.619314],[-53.425704,48.60522],[-53.408025,48.60978],[-53.389463,48.606463],[-53.377088,48.613511],[-53.362062,48.611852],[-53.36383,48.596929],[-53.341732,48.60066],[-53.329357,48.592369],[-53.322286,48.575787],[-53.33466,48.552573],[-53.322286,48.546769],[-53.305491,48.557962],[-53.296652,48.551329],[-53.294884,48.539307]]]}},{"type":"Feature","properties":{"fed_id":"100032142","name_en":"Clarenville","res":4,"role":"hex"},"geometry":{"type":"MultiPolygon","coordinates":[[[[-53.599835,48.180727],[-53.665244,48.117717],[-53.900366,48.12435],[-53.908321,48.1372],[-53.910973,48.152953],[-53.946329,48.174095],[-53.946329,48.209331],[-53.936606,48.213062],[-53.903017,48.203527],[-53.877384,48.17368],[-53.868545,48.169949],[-53.866777,48.157513],[-53.843795,48.162487],[-53.808439,48.174924],[-53.782805,48.178655],[-53.75452,48.174924],[-53.751868,48.158757],[-53.724467,48.145906],[-53.69353,48.145491],[-53.650218,48.162073],[-53.629888,48.166218],[-53.599835,48.180727]]],[[[-54.157585,48.334523],[-54.142558,48.352348],[-54.139906,48.363126],[-54.121344,48.385097],[-54.086872,48.40541],[-54.047095,48.395046],[-54.033837,48.403752],[-54.017926,48.39629],[-53.993177,48.40541],[-53.961356,48.427795],[-53.852634,48.476297],[-53.827885,48.475468],[-53.823465,48.46842],[-53.843795,48.450595],[-53.850866,48.426966],[-53.884455,48.407897],[-53.910089,48.380952],[-53.888875,48.376806],[-53.88092,48.369759],[-53.861473,48.377221],[-53.87208,48.385926],[-53.871196,48.397534],[-53.834956,48.406239],[-53.834956,48.41453],[-53.813742,48.43733],[-53.79518,48.446864],[-53.789876,48.475882],[-53.767778,48.488733],[-53.745681,48.496609],[-53.715628,48.52314],[-53.687342,48.531846],[-53.646682,48.530602],[-53.665244,48.519824],[-53.644914,48.50946],[-53.653754,48.499097],[-53.642263,48.492049],[-53.663477,48.480442],[-53.710324,48.441475],[-53.736841,48.435257],[-53.740377,48.419504],[-53.697065,48.435257],[-53.667012,48.456813],[-53.660825,48.453082],[-53.669664,48.426966],[-53.651986,48.437744],[-53.651102,48.446864],[-53.636959,48.469664],[-53.606022,48.505315],[-53.601603,48.522726],[-53.598951,48.519824],[-53.594531,48.502413],[-53.586576,48.501998],[-53.583924,48.498682],[-53.606906,48.474639],[-53.586576,48.47298],[-53.575085,48.486246],[-53.568898,48.477126],[-53.600719,48.459301],[-53.590112,48.453082],[-53.597183,48.445206],[-53.597183,48.432355],[-53.617513,48.418261],[-53.620165,48.406654],[-53.578621,48.432355],[-53.576853,48.448522],[-53.559175,48.462617],[-53.553871,48.456399],[-53.550336,48.450595],[-53.549452,48.449766],[-53.545032,48.443962],[-53.455757,48.317527],[-53.549452,48.228814],[-53.582156,48.213062],[-53.595415,48.196895],[-53.6237,48.186946],[-53.64403,48.174924],[-53.66878,48.176582],[-53.682923,48.167047],[-53.711208,48.16456],[-53.724467,48.177826],[-53.745681,48.189847],[-53.763359,48.194822],[-53.803135,48.199382],[-53.844679,48.186116],[-53.872964,48.200625],[-53.880036,48.213062],[-53.895946,48.222182],[-53.91274,48.220524],[-53.940142,48.23296],[-53.956936,48.236276],[-53.963124,48.227156],[-53.9534,48.206844],[-53.964007,48.196895],[-53.970195,48.180313],[-53.958704,48.172851],[-53.961356,48.152124],[-53.948981,48.149222],[-53.929535,48.125179],[-54.024114,48.127666],[-54.110737,48.247469],[-54.110737,48.247883],[-54.176147,48.338254],[-54.162004,48.352348],[-54.157585,48.334523]]],[[[-53.967543,48.539722],[-53.966659,48.539722],[-53.970195,48.537235],[-53.967543,48.539722]]],[[[-54.093943,48.418261],[-53.970195,48.537235],[-53.963124,48.539722],[-53.802251,48.535162],[-53.798715,48.535162],[-53.77485,48.534333],[-53.77043,48.514435],[-53.784573,48.506144],[-53.79518,48.50946],[-53.81109,48.501169],[-53.857054,48.492879],[-53.88092,48.484588],[-53.905669,48.485002],[-53.941026,48.46842],[-53.951633,48.452668],[-53.977266,48.448522],[-54.007319,48.438573],[-54.004668,48.430282],[-54.017926,48.419919],[-54.037372,48.415773],[-54.087755,48.41453],[-54.093943,48.418261]]]]}},{"type":"Feature","properties":{"fed_id":"100032229","name_en":"Marystown","res":4,"role":"hex"},"geometry":{"type":"MultiPolygon","coordinates":[[[[-54.802842,47.272878],[-54.794887,47.262514],[-54.809913,47.252979],[-54.806378,47.241372],[-54.822288,47.239714],[-54.838199,47.264587],[-54.82936,47.275779],[-54.802842,47.272878]]],[[[-55.390645,47.1253],[-55.364128,47.153075],[-55.327003,47.190798],[-55.192648,47.328012],[-54.927474,47.323866],[-54.942501,47.307699],[-54.946036,47.298579],[-54.981393,47.278267],[-54.992884,47.284899],[-55.007026,47.269976],[-55.016749,47.250907],[-55.060061,47.226449],[-55.056526,47.206136],[-55.045919,47.208623],[-55.016749,47.187067],[-55.016749,47.179605],[-55.044151,47.172558],[-55.058293,47.146442],[-55.077739,47.151831],[-55.070668,47.171729],[-55.069784,47.188725],[-55.08923,47.182922],[-55.098953,47.201991],[-55.130774,47.191213],[-55.13873,47.171729],[-55.153756,47.160122],[-55.178506,47.160122],[-55.206791,47.146856],[-55.212978,47.150173],[-55.218282,47.1481],[-55.229773,47.149344],[-55.243031,47.168827],[-55.242148,47.149758],[-55.230657,47.1481],[-55.227121,47.131933],[-55.241264,47.119497],[-55.226237,47.112449],[-55.206791,47.119911],[-55.217398,47.134835],[-55.213862,47.149344],[-55.205023,47.144784],[-55.19972,47.149344],[-55.189997,47.149758],[-55.167899,47.159293],[-55.155524,47.158464],[-55.146685,47.163024],[-55.107793,47.1709],[-55.088346,47.164267],[-55.090998,47.144784],[-55.085695,47.125715],[-55.091882,47.118667],[-55.084811,47.10706],[-55.070668,47.101671],[-55.075972,47.085089],[-55.095418,47.0797],[-55.110444,47.066435],[-55.108676,47.055242],[-55.12989,47.056071],[-55.155524,47.045293],[-55.17055,47.045708],[-55.165247,47.019177],[-55.17497,47.017104],[-55.187345,47.032442],[-55.175854,47.046537],[-55.186461,47.06146],[-55.180274,47.071824],[-55.202371,47.070995],[-55.205907,47.058144],[-55.192648,47.049853],[-55.194416,47.029955],[-55.189113,47.024152],[-55.194416,47.007984],[-55.206791,46.990159],[-55.205023,46.980625],[-55.238612,46.958239],[-55.236844,46.942072],[-55.247451,46.934196],[-55.390645,47.1253]]]]}},{"type":"Feature","properties":{"fed_id":"100033423","name_en":"Springdale","res":4,"role":"hex"},"geometry":{"type":"MultiPolygon","coordinates":[[[[-56.043858,49.833512],[-55.718577,49.828952],[-55.755702,49.823563],[-55.769844,49.815272],[-55.783103,49.81693],[-55.79371,49.80325],[-55.837022,49.794544],[-55.860004,49.793715],[-55.874146,49.777548],[-55.890057,49.772159],[-55.89536,49.759723],[-55.932485,49.746457],[-55.943092,49.749774],[-55.965189,49.744799],[-55.975796,49.734436],[-55.991707,49.732363],[-55.995243,49.742727],[-56.015573,49.749359],[-56.02176,49.736094],[-56.008501,49.734436],[-56.008501,49.724072],[-56.039438,49.709978],[-56.106616,49.700858],[-56.08275,49.69381],[-56.052697,49.694225],[-56.045626,49.690909],[-56.067724,49.676814],[-56.100428,49.661891],[-56.111035,49.648625],[-56.152579,49.628313],[-56.180865,49.61712],[-56.174677,49.610902],[-56.177329,49.582298],[-56.172909,49.574422],[-56.151695,49.586029],[-56.14816,49.612145],[-56.108384,49.634531],[-56.073911,49.66272],[-56.050045,49.670181],[-56.03767,49.68096],[-56.009385,49.686349],[-55.998778,49.685105],[-55.982868,49.698785],[-55.966957,49.693396],[-55.952815,49.701687],[-55.93602,49.705003],[-55.944859,49.688421],[-55.964306,49.675156],[-55.950163,49.670596],[-55.939556,49.681374],[-55.916574,49.693396],[-55.886521,49.686763],[-55.872378,49.679301],[-55.863539,49.687592],[-55.849397,49.68925],[-55.855584,49.671425],[-55.884753,49.660232],[-55.893592,49.652356],[-55.891825,49.638676],[-55.944859,49.606756],[-55.901548,49.605098],[-55.881218,49.600124],[-55.864423,49.619193],[-55.831718,49.61712],[-55.823763,49.609658],[-55.827299,49.597636],[-55.840558,49.586444],[-55.842325,49.572349],[-55.882102,49.567789],[-55.897128,49.558669],[-55.919226,49.560742],[-55.924529,49.547062],[-55.957234,49.52675],[-55.999662,49.52219],[-56.020876,49.511826],[-56.063304,49.502291],[-56.078331,49.474103],[-56.094241,49.45835],[-56.109268,49.449644],[-56.250694,49.625825],[-56.043858,49.833512]]],[[[-55.767193,49.473273],[-55.765425,49.468299],[-55.787523,49.455448],[-55.747747,49.452546],[-55.73272,49.456277],[-55.715042,49.46747],[-55.700899,49.467884],[-55.679685,49.457935],[-55.722997,49.445084],[-55.708854,49.436379],[-55.729184,49.42187],[-55.745095,49.418968],[-55.746863,49.410263],[-56.081866,49.414408],[-56.093357,49.429332],[-56.080982,49.433477],[-56.070375,49.448815],[-56.051813,49.455034],[-56.025296,49.48115],[-56.012921,49.49027],[-55.982868,49.498975],[-55.966073,49.499804],[-55.951931,49.506022],[-55.937788,49.501048],[-55.926297,49.519288],[-55.890057,49.507266],[-55.857352,49.514728],[-55.851165,49.530066],[-55.837022,49.529237],[-55.806969,49.5168],[-55.795478,49.50851],[-55.799014,49.489855],[-55.7778,49.487782],[-55.767193,49.473273]]],[[[-55.694712,49.423114],[-55.70797,49.409434],[-55.746863,49.410263],[-55.730068,49.420626],[-55.694712,49.423114]]],[[[-55.787523,49.656916],[-55.780451,49.645723],[-55.786639,49.6308],[-55.797246,49.627069],[-55.81846,49.639091],[-55.81404,49.654843],[-55.79813,49.661062],[-55.787523,49.656916]]],[[[-55.808737,49.530066],[-55.81846,49.528822],[-55.843209,49.537113],[-55.875914,49.527579],[-55.866191,49.543746],[-55.852048,49.542502],[-55.837906,49.549549],[-55.816692,49.550378],[-55.805201,49.563229],[-55.79371,49.567789],[-55.794594,49.588516],[-55.781335,49.588102],[-55.771612,49.57608],[-55.779567,49.567789],[-55.771612,49.556182],[-55.77338,49.543746],[-55.795478,49.528822],[-55.808737,49.530066]]],[[[-55.681453,49.556182],[-55.676149,49.554524],[-55.668194,49.524677],[-55.673498,49.515971],[-55.692944,49.509753],[-55.69648,49.500219],[-55.721229,49.496073],[-55.734488,49.486953],[-55.756586,49.486953],[-55.746863,49.509753],[-55.756586,49.520531],[-55.756586,49.534211],[-55.742443,49.555768],[-55.691176,49.561986],[-55.681453,49.556182]]],[[[-55.579803,49.594735],[-55.582455,49.589346],[-55.620463,49.578153],[-55.660239,49.576909],[-55.730952,49.566131],[-55.744211,49.571106],[-55.729184,49.581055],[-55.71681,49.597222],[-55.726533,49.612145],[-55.708854,49.622094],[-55.675266,49.631214],[-55.669078,49.624167],[-55.679685,49.611731],[-55.680569,49.601782],[-55.646096,49.607585],[-55.654936,49.597222],[-55.639909,49.588931],[-55.612508,49.587687],[-55.587758,49.599295],[-55.579803,49.594735]]],[[[-55.767193,49.473273],[-55.759237,49.481979],[-55.730068,49.479906],[-55.731836,49.473273],[-55.767193,49.473273]]],[[[-55.642561,49.540844],[-55.599249,49.53504],[-55.578035,49.538357],[-55.601017,49.515971],[-55.648748,49.502706],[-55.654052,49.493586],[-55.685873,49.486124],[-55.707086,49.485295],[-55.698247,49.497731],[-55.686756,49.496902],[-55.676149,49.507681],[-55.665543,49.509753],[-55.661123,49.530895],[-55.642561,49.540844]]],[[[-55.675266,49.442183],[-55.688524,49.428503],[-55.693828,49.436379],[-55.675266,49.442183]]]]}},{"type":"Feature","properties":{"fed_id":"100033425","name_en":"Lewisporte","res":4,"role":"hex"},"geometry":{"type":"MultiPolygon","coordinates":[[[[-54.882394,49.394925],[-54.86118,49.39451],[-54.859413,49.374612],[-54.864716,49.355543],[-54.862064,49.339376],[-54.846154,49.316576],[-54.857645,49.300823],[-54.844386,49.279267],[-54.818753,49.294191],[-54.802842,49.298751],[-54.798423,49.311602],[-54.806378,49.332329],[-54.797539,49.34435],[-54.796655,49.355129],[-54.785164,49.360518],[-54.765718,49.34891],[-54.762182,49.31326],[-54.738316,49.342692],[-54.744504,49.347667],[-54.744504,49.362176],[-54.726826,49.363005],[-54.725942,49.377099],[-54.70296,49.370881],[-54.686165,49.390365],[-54.591587,49.388292],[-54.504963,49.271391],[-54.498776,49.263515],[-54.433366,49.175631],[-54.642854,48.972091],[-55.010562,48.979967],[-55.172318,49.191799],[-55.08923,49.273464],[-55.084811,49.277194],[-55.083043,49.279267],[-55.082159,49.280511],[-55.078623,49.283413],[-55.07332,49.288802],[-55.042383,49.319063],[-55.041499,49.319892],[-55.037079,49.324452],[-55.026472,49.315332],[-55.020285,49.29502],[-55.011446,49.28134],[-55.030892,49.260613],[-55.047686,49.251493],[-55.060945,49.23574],[-55.053874,49.220402],[-55.045035,49.217915],[-55.034428,49.233667],[-55.037079,49.243202],[-55.009678,49.25398],[-54.994652,49.265587],[-54.993768,49.280096],[-54.982277,49.296678],[-54.961063,49.309114],[-54.936313,49.307871],[-54.934545,49.282998],[-54.92659,49.280096],[-54.889466,49.29502],[-54.891234,49.310358],[-54.883278,49.32694],[-54.871787,49.329841],[-54.874439,49.341034],[-54.903608,49.34435],[-54.914215,49.357616],[-54.908028,49.372539],[-54.882394,49.394925]]],[[[-54.805494,49.393267],[-54.768369,49.392437],[-54.777209,49.38083],[-54.805494,49.393267]]]]}},{"type":"Feature","properties":{"fed_id":"100033426","name_en":"Gander","res":4,"role":"hex"},"geometry":{"type":"Polygon","coordinates":[[[-54.061238,48.809175],[-54.121344,48.751554],[-54.485517,48.760673],[-54.642854,48.972091],[-54.433366,49.175631],[-54.064774,49.165682],[-53.967543,49.033028],[-53.910089,48.953436],[-53.951633,48.914055],[-53.955168,48.910738],[-53.958704,48.906593],[-53.984337,48.901204],[-54.002016,48.903691],[-53.999364,48.891255],[-54.000248,48.891255],[-53.988757,48.885451],[-53.977266,48.889182],[-54.037372,48.831975],[-54.070077,48.830317],[-54.080684,48.833219],[-54.090407,48.823684],[-54.108969,48.815393],[-54.127532,48.817051],[-54.138139,48.826171],[-54.154933,48.824513],[-54.169959,48.810419],[-54.200013,48.800884],[-54.215923,48.770208],[-54.202664,48.759015],[-54.179683,48.762332],[-54.159353,48.780986],[-54.12488,48.792179],[-54.087755,48.79591],[-54.061238,48.809175]]]}},{"type":"Feature","properties":{"fed_id":"100033427","name_en":"Grand Falls-Windsor","res":4,"role":"hex"},"geometry":{"type":"Polygon","coordinates":[[[-55.74863,48.991989],[-55.542678,49.198017],[-55.347333,49.1947],[-55.353521,49.184751],[-55.383574,49.168999],[-55.391529,49.157391],[-55.386226,49.151173],[-55.349985,49.157806],[-55.334959,49.148271],[-55.359708,49.127959],[-55.351753,49.120083],[-55.336726,49.12713],[-55.324352,49.10889],[-55.320816,49.078628],[-55.299602,49.073239],[-55.237728,49.104744],[-55.241264,49.115108],[-55.28104,49.093966],[-55.296066,49.101843],[-55.304022,49.119253],[-55.298718,49.154904],[-55.288995,49.164024],[-55.261594,49.180606],[-55.27662,49.185166],[-55.296066,49.166926],[-55.311977,49.169828],[-55.307557,49.194286],[-55.172318,49.191799],[-55.010562,48.979967],[-55.217398,48.775597],[-55.584222,48.781401],[-55.74863,48.991989]]]}},{"type":"Feature","properties":{"fed_id":"100033429","name_en":"Twillingate","res":4,"role":"hex"},"geometry":{"type":"MultiPolygon","coordinates":[[[[-54.4095,49.632458],[-54.395358,49.612975],[-54.396242,49.595978],[-54.382983,49.588516],[-54.398009,49.574007],[-54.412152,49.583956],[-54.413036,49.59888],[-54.425411,49.610487],[-54.4095,49.632458]]],[[[-54.847922,49.394096],[-54.855877,49.394096],[-54.86118,49.39451],[-54.882394,49.394925],[-54.858529,49.416066],[-54.839083,49.399485],[-54.847922,49.394096]]],[[[-54.51557,49.461252],[-54.591587,49.388292],[-54.686165,49.390365],[-54.673791,49.394925],[-54.671139,49.410263],[-54.658764,49.42643],[-54.681746,49.434721],[-54.646389,49.448815],[-54.629595,49.462495],[-54.58098,49.515971],[-54.558882,49.532968],[-54.555346,49.540429],[-54.535016,49.546233],[-54.523525,49.543746],[-54.502311,49.558255],[-54.472258,49.569862],[-54.469606,49.551208],[-54.461651,49.544989],[-54.473142,49.53048],[-54.493472,49.530066],[-54.49966,49.515971],[-54.514686,49.507681],[-54.519106,49.483637],[-54.552694,49.44923],[-54.537668,49.44923],[-54.51557,49.461252]]],[[[-54.768369,49.392437],[-54.805494,49.393267],[-54.816101,49.398656],[-54.810797,49.416481],[-54.786048,49.413994],[-54.771905,49.404045],[-54.768369,49.392437]]],[[[-54.714451,49.391194],[-54.720638,49.391194],[-54.7392,49.40363],[-54.75953,49.406117],[-54.756879,49.415237],[-54.77986,49.430575],[-54.753343,49.459179],[-54.722406,49.471615],[-54.707379,49.469128],[-54.697656,49.484881],[-54.695889,49.496488],[-54.681746,49.494415],[-54.664952,49.479906],[-54.666719,49.473273],[-54.649041,49.468299],[-54.675558,49.452961],[-54.692353,49.457935],[-54.695889,49.437208],[-54.692353,49.422285],[-54.706495,49.41731],[-54.702076,49.404874],[-54.714451,49.391194]]],[[[-55.054758,49.517215],[-55.071552,49.538357],[-55.052106,49.532553],[-55.046802,49.52136],[-55.054758,49.517215]]],[[[-54.957527,49.552451],[-54.974322,49.533382],[-54.995535,49.542917],[-54.995535,49.55328],[-54.972554,49.561157],[-54.957527,49.552451]]],[[[-54.78428,49.673498],[-54.774557,49.667694],[-54.770137,49.64904],[-54.809913,49.677229],[-54.803726,49.690494],[-54.786932,49.686763],[-54.78428,49.673498]]],[[[-54.937197,49.484881],[-54.925706,49.472444],[-54.94692,49.469128],[-54.955759,49.486124],[-54.937197,49.484881]]],[[[-54.838199,49.598051],[-54.838199,49.582713],[-54.801074,49.602196],[-54.80019,49.58976],[-54.808146,49.574422],[-54.807262,49.554524],[-54.794003,49.5396],[-54.756879,49.5396],[-54.750691,49.550793],[-54.726826,49.559913],[-54.68263,49.588931],[-54.688817,49.601782],[-54.672907,49.622924],[-54.647273,49.632044],[-54.628711,49.629556],[-54.656112,49.611316],[-54.630479,49.609244],[-54.618988,49.620022],[-54.629595,49.624582],[-54.606613,49.636603],[-54.592471,49.634531],[-54.562417,49.647796],[-54.552694,49.638676],[-54.554462,49.618778],[-54.544739,49.606756],[-54.562417,49.596807],[-54.550043,49.592247],[-54.570373,49.568204],[-54.577444,49.569447],[-54.602194,49.552451],[-54.634898,49.541259],[-54.656112,49.542502],[-54.703844,49.535455],[-54.72329,49.528822],[-54.754227,49.524262],[-54.742736,49.50395],[-54.748923,49.496073],[-54.769253,49.487782],[-54.780744,49.493172],[-54.82936,49.481564],[-54.89035,49.482808],[-54.870904,49.504364],[-54.872671,49.51307],[-54.852341,49.515557],[-54.832895,49.508095],[-54.823172,49.525091],[-54.84969,49.520117],[-54.87002,49.534211],[-54.911564,49.582298],[-54.900073,49.597222],[-54.887698,49.595978],[-54.8656,49.5852],[-54.848806,49.58976],[-54.838199,49.598051]]],[[[-54.764834,49.634531],[-54.768369,49.646967],[-54.761298,49.652771],[-54.75953,49.674327],[-54.744504,49.675571],[-54.737432,49.664378],[-54.71887,49.666865],[-54.705612,49.660232],[-54.717102,49.636603],[-54.704728,49.629556],[-54.697656,49.615876],[-54.703844,49.605098],[-54.699424,49.597222],[-54.730361,49.597636],[-54.733897,49.611731],[-54.766602,49.617949],[-54.764834,49.634531]]],[[[-54.821404,49.45379],[-54.834663,49.451303],[-54.854993,49.459593],[-54.84969,49.469543],[-54.826708,49.474517],[-54.811681,49.470786],[-54.821404,49.45379]]],[[[-54.594238,49.514313],[-54.630479,49.477833],[-54.647273,49.479492],[-54.646389,49.490684],[-54.635782,49.499804],[-54.630479,49.521775],[-54.61722,49.518459],[-54.593354,49.527579],[-54.594238,49.514313]]]]}},{"type":"Feature","properties":{"fed_id":"100033436","name_en":"Corner Brook","res":4,"role":"hex"},"geometry":{"type":"Polygon","coordinates":[[[-57.877096,48.883378],[-57.877096,48.883793],[-57.941622,48.959654],[-57.934551,48.964629],[-57.912453,48.966287],[-57.892123,48.955094],[-57.907149,48.982454],[-57.908917,48.986185],[-57.908917,48.9866],[-57.946925,48.980796],[-57.956648,48.976651],[-57.976095,48.999865],[-57.779866,49.210868],[-57.40597,49.211697],[-57.230955,49.001938],[-57.428952,48.793008],[-57.799312,48.791764],[-57.877096,48.883378]]]}},{"type":"Feature","properties":{"fed_id":"100033438","name_en":"Mount Moriah","res":4,"role":"hex"},"geometry":{"type":"MultiPolygon","coordinates":[[[[-58.41098,48.930222],[-58.41098,48.929807],[-58.41098,48.930222],[-58.349106,48.996963],[-58.107798,48.999036],[-58.078629,48.97748],[-58.048576,48.974163],[-58.026478,48.965458],[-57.986702,48.958411],[-57.9593,48.957167],[-57.941622,48.959654],[-57.877096,48.883793],[-57.877096,48.883378],[-57.799312,48.791764],[-57.993773,48.581591],[-58.363249,48.578274],[-58.542684,48.785546],[-58.41098,48.930222]]],[[[-58.068022,48.99945],[-58.036201,48.99945],[-57.976095,48.999865],[-57.956648,48.976651],[-57.967255,48.974163],[-58.052111,48.992403],[-58.068022,48.99945]]]]}},{"type":"Feature","properties":{"fed_id":"100033568","name_en":"Happy Valley-Goose Bay","res":4,"role":"hex"},"geometry":{"type":"Polygon","coordinates":[[[-60.187648,53.360861],[-60.184996,53.353399],[-60.177925,53.339719],[-60.275156,53.236912],[-60.692363,53.228621],[-60.908038,53.440867],[-60.70297,53.662234],[-60.280459,53.67011],[-60.136381,53.525849],[-60.136381,53.525434],[-60.134613,53.523776],[-60.127542,53.503463],[-60.107212,53.496002],[-60.06832,53.45662],[-60.070971,53.453718],[-60.117819,53.463667],[-60.139917,53.464911],[-60.177041,53.444598],[-60.197371,53.43838],[-60.211514,53.440038],[-60.241567,53.426773],[-60.245987,53.419311],[-60.266317,53.420555],[-60.277807,53.404802],[-60.302557,53.393195],[-60.329958,53.400242],[-60.355592,53.3791],[-60.354708,53.351326],[-60.383877,53.349668],[-60.384761,53.340548],[-60.351172,53.349668],[-60.320235,53.350082],[-60.306093,53.346766],[-60.273388,53.356715],[-60.261897,53.355471],[-60.203559,53.372468],[-60.1903,53.371224],[-60.187648,53.360861]]]}},{"type":"Feature","properties":{"fed_id":"100052022","name_en":"Stephenville","res":4,"role":"hex"},"geometry":{"type":"MultiPolygon","coordinates":[[[[-59.057122,48.515678],[-59.103969,48.568325],[-59.035024,48.645016],[-59.003203,48.652478],[-58.969614,48.668645],[-58.917463,48.702223],[-58.900669,48.701808],[-58.867964,48.720463],[-58.811394,48.758601],[-58.770734,48.782644],[-58.76985,48.782644],[-58.789296,48.765648],[-58.818465,48.75031],[-58.905088,48.692274],[-58.965195,48.644187],[-58.969614,48.632165],[-58.966079,48.618071],[-58.951052,48.604391],[-58.93249,48.596514],[-58.904205,48.59154],[-58.909508,48.560035],[-58.881223,48.560449],[-58.864428,48.572471],[-58.848518,48.603976],[-58.840563,48.610609],[-58.83084,48.579518],[-58.818465,48.570813],[-58.799903,48.565009],[-58.713279,48.561693],[-58.689413,48.592783],[-58.668199,48.625947],[-58.671735,48.634238],[-58.660244,48.643772],[-58.677039,48.660769],[-58.686762,48.675692],[-58.686762,48.686056],[-58.673503,48.701808],[-58.654941,48.731655],[-58.647869,48.75487],[-58.640798,48.755284],[-58.616932,48.784717],[-58.542684,48.785546],[-58.363249,48.578274],[-58.437498,48.496195],[-58.450757,48.511118],[-58.466667,48.517751],[-58.488765,48.512362],[-58.508211,48.499097],[-58.531193,48.499511],[-58.53738,48.50946],[-58.52147,48.525213],[-58.534728,48.539722],[-58.558594,48.531016],[-58.584228,48.542624],[-58.622236,48.543038],[-58.656709,48.546355],[-58.68411,48.553816],[-58.701788,48.551329],[-58.728306,48.554645],[-58.737145,48.543038],[-58.776037,48.531016],[-58.800787,48.531016],[-58.822884,48.526042],[-58.86708,48.520238],[-58.880339,48.521482],[-58.902437,48.515678],[-58.913044,48.518995],[-58.940445,48.507802],[-58.966962,48.516922],[-59.00939,48.51402],[-59.017346,48.525213],[-59.042979,48.521482],[-59.057122,48.515678]]],[[[-58.499372,48.42821],[-58.554175,48.367272],[-58.684994,48.365614],[-58.673503,48.373905],[-58.612513,48.400435],[-58.594835,48.401679],[-58.568317,48.412457],[-58.519702,48.421163],[-58.499372,48.42821]]],[[[-58.525889,48.443962],[-58.503791,48.455984],[-58.50114,48.446864],[-58.525889,48.443962]]]]}},{"type":"Feature","properties":{"fed_id":"110051797","name_en":"Summerside","res":4,"role":"hex"},"geometry":{"type":"MultiPolygon","coordinates":[[[[-63.933677,46.487733],[-63.941632,46.496023],[-63.873571,46.590539],[-63.872687,46.590954],[-63.871803,46.592197],[-63.864732,46.592197],[-63.832911,46.579761],[-63.853241,46.570641],[-63.851473,46.558619],[-63.8665,46.54867],[-63.860312,46.537478],[-63.871803,46.520896],[-63.893017,46.506802],[-63.908927,46.506387],[-63.92307,46.500583],[-63.933677,46.487733]]],[[[-63.869151,46.424722],[-63.916883,46.471151],[-63.916883,46.471565],[-63.923954,46.478613],[-63.919534,46.489805],[-63.900972,46.497682],[-63.844402,46.5039],[-63.831143,46.514678],[-63.820536,46.500998],[-63.808161,46.495609],[-63.810813,46.469078],[-63.831143,46.471565],[-63.832911,46.46286],[-63.798438,46.450424],[-63.789599,46.440889],[-63.758662,46.447936],[-63.727725,46.435086],[-63.709163,46.442133],[-63.713582,46.454984],[-63.69502,46.454984],[-63.701208,46.474053],[-63.724189,46.479442],[-63.720654,46.486074],[-63.748055,46.487733],[-63.747171,46.497682],[-63.720654,46.513849],[-63.69502,46.520896],[-63.713582,46.532503],[-63.730377,46.532918],[-63.71977,46.546183],[-63.718886,46.556132],[-63.707395,46.56235],[-63.694136,46.549914],[-63.678226,46.546183],[-63.669387,46.536649],[-63.656128,46.542452],[-63.667619,46.567739],[-63.619887,46.558619],[-63.55713,46.541209],[-63.505863,46.532503],[-63.49172,46.525041],[-63.485532,46.510532],[-63.506746,46.47654],[-63.481997,46.489805],[-63.460783,46.469078],[-63.452828,46.466176],[-63.443105,46.486903],[-63.424542,46.491878],[-63.411284,46.502656],[-63.328196,46.49478],[-63.312285,46.489805],[-63.29991,46.464933],[-63.28842,46.457056],[-63.30433,46.450424],[-63.318473,46.432598],[-63.309634,46.429282],[-63.389186,46.321915],[-63.744519,46.300359],[-63.783412,46.339326],[-63.788715,46.351348],[-63.763966,46.355079],[-63.748939,46.345959],[-63.737448,46.351762],[-63.725957,46.348031],[-63.688833,46.357151],[-63.682645,46.348031],[-63.683529,46.345959],[-63.683529,46.344715],[-63.677342,46.344715],[-63.673806,46.342642],[-63.667619,46.34057],[-63.665851,46.345959],[-63.673806,46.342642],[-63.677342,46.34513],[-63.682645,46.34513],[-63.681761,46.348031],[-63.688833,46.357566],[-63.726841,46.352177],[-63.752475,46.367515],[-63.765733,46.369173],[-63.764849,46.381195],[-63.745403,46.389486],[-63.790483,46.389486],[-63.803742,46.396118],[-63.834679,46.390315],[-63.838214,46.393631],[-63.869151,46.424722]]],[[[-63.863848,46.602976],[-63.847937,46.624946],[-63.832911,46.611266],[-63.843518,46.602561],[-63.863848,46.602976]]],[[[-63.839098,46.637797],[-63.838214,46.638626],[-63.766617,46.601732],[-63.783412,46.593856],[-63.788715,46.606706],[-63.839098,46.637797]]]]}},{"type":"Feature","properties":{"fed_id":"110051798","name_en":"Borden-Carleton","res":4,"role":"hex"},"geometry":{"type":"MultiPolygon","coordinates":[[[[-63.885946,46.067386],[-63.901856,46.083138],[-63.850589,46.154025],[-63.832911,46.150294],[-63.82584,46.138273],[-63.814349,46.142003],[-63.782528,46.132054],[-63.772805,46.114644],[-63.775456,46.100135],[-63.789599,46.096404],[-63.804626,46.082309],[-63.818768,46.08604],[-63.847053,46.081895],[-63.885946,46.067386]]],[[[-63.695904,46.274657],[-63.718886,46.277145],[-63.734796,46.295799],[-63.745403,46.298701],[-63.744519,46.300359],[-63.389186,46.321915],[-63.266322,46.198381],[-63.293723,46.200039],[-63.311401,46.206258],[-63.328196,46.209989],[-63.350294,46.196723],[-63.337035,46.200039],[-63.32908,46.209159],[-63.313169,46.206258],[-63.296375,46.196723],[-63.284884,46.197552],[-63.277813,46.188018],[-63.255715,46.188018],[-63.222126,46.154025],[-63.221242,46.152782],[-63.220358,46.151538],[-63.228313,46.137029],[-63.24776,46.128738],[-63.270741,46.134956],[-63.307866,46.151123],[-63.316705,46.147392],[-63.344106,46.156512],[-63.360901,46.165218],[-63.384766,46.170192],[-63.401561,46.170192],[-63.434265,46.188847],[-63.450176,46.185945],[-63.474926,46.205429],[-63.472274,46.211232],[-63.482881,46.224912],[-63.494372,46.207087],[-63.526193,46.202941],[-63.558013,46.206672],[-63.567737,46.216207],[-63.584531,46.207916],[-63.616352,46.215378],[-63.63845,46.224912],[-63.673806,46.246883],[-63.683529,46.241079],[-63.701208,46.251443],[-63.702092,46.268439],[-63.695904,46.274657]]]]}},{"type":"Feature","properties":{"fed_id":"110051799","name_en":"Alberton","res":4,"role":"hex"},"geometry":{"type":"MultiPolygon","coordinates":[[[[-64.226253,46.895229],[-64.030024,46.907665],[-63.982292,46.910567],[-63.977873,46.906007],[-63.974337,46.881134],[-63.987596,46.874501],[-64.007926,46.855432],[-64.028256,46.83056],[-64.051238,46.810247],[-64.061845,46.794909],[-64.064496,46.782058],[-64.08571,46.784546],[-64.100737,46.779986],[-64.113112,46.789935],[-64.127254,46.768378],[-64.091898,46.772109],[-64.076871,46.763818],[-64.075987,46.744749],[-64.080407,46.735215],[-64.075103,46.722364],[-64.066264,46.719462],[-64.095433,46.702881],[-64.075987,46.696662],[-64.067148,46.706197],[-64.048586,46.703295],[-64.053889,46.722779],[-64.068916,46.72568],[-64.068032,46.740604],[-64.050354,46.73936],[-64.02914,46.729826],[-64.011462,46.736044],[-63.98406,46.729411],[-63.978757,46.715731],[-63.967266,46.703295],[-63.944284,46.693346],[-63.942516,46.683812],[-63.929257,46.682153],[-63.910695,46.661426],[-63.878874,46.639041],[-63.876223,46.606292],[-63.900088,46.609194],[-63.893017,46.593441],[-63.873571,46.590539],[-63.941632,46.496023],[-64.104273,46.48566],[-64.11046,46.525456],[-64.088362,46.548256],[-64.074219,46.555718],[-64.068916,46.567325],[-64.057425,46.572299],[-64.080407,46.587637],[-64.075103,46.596343],[-64.081291,46.605463],[-64.084826,46.632823],[-64.106924,46.602561],[-64.127254,46.587637],[-64.152888,46.596343],[-64.190896,46.616656],[-64.190896,46.625775],[-64.218297,46.629921],[-64.250118,46.625361],[-64.300501,46.630335],[-64.309341,46.624532],[-64.342929,46.619972],[-64.370331,46.621215],[-64.382706,46.614997],[-64.410991,46.65811],[-64.413643,46.681739],[-64.410107,46.706611],[-64.398616,46.724437],[-64.384473,46.731899],[-64.37475,46.746822],[-64.357956,46.755528],[-64.286359,46.806931],[-64.259841,46.834291],[-64.253654,46.847971],[-64.239511,46.864967],[-64.226253,46.895229]]],[[[-63.847937,46.624946],[-63.863848,46.602976],[-63.859428,46.619972],[-63.847937,46.624946]]]]}},{"type":"Feature","properties":{"fed_id":"110051828","name_en":"Three Rivers","res":4,"role":"hex"},"geometry":{"type":"Polygon","coordinates":[[[-62.723598,46.301188],[-62.678519,46.361297],[-62.323185,46.379537],[-62.281641,46.336424],[-62.294016,46.333937],[-62.317882,46.350104],[-62.338212,46.353421],[-62.362961,46.349275],[-62.33998,46.338082],[-62.350587,46.333522],[-62.349703,46.311552],[-62.359426,46.30409],[-62.406273,46.310308],[-62.384175,46.29953],[-62.358542,46.278388],[-62.374452,46.270926],[-62.379756,46.256832],[-62.408925,46.264294],[-62.4213,46.258905],[-62.446049,46.268854],[-62.484058,46.272999],[-62.439862,46.247297],[-62.422184,46.246883],[-62.417764,46.229058],[-62.408041,46.213305],[-62.442514,46.20833],[-62.470799,46.207501],[-62.492013,46.215378],[-62.507039,46.209159],[-62.523834,46.217865],[-62.548583,46.224912],[-62.552119,46.217036],[-62.530021,46.207501],[-62.525602,46.200039],[-62.503504,46.188847],[-62.495548,46.177654],[-62.514995,46.17268],[-62.523834,46.180556],[-62.54328,46.183872],[-62.593663,46.177654],[-62.565378,46.169363],[-62.548583,46.17268],[-62.525602,46.159829],[-62.536209,46.147807],[-62.530021,46.132883],[-62.548583,46.127494],[-62.514995,46.120862],[-62.469031,46.120862],[-62.469031,46.134542],[-62.500852,46.132054],[-62.507039,46.137029],[-62.484058,46.149051],[-62.467263,46.145734],[-62.463728,46.120862],[-62.447817,46.10428],[-62.452237,46.081066],[-62.465495,46.069873],[-62.469915,46.05412],[-62.480522,46.045],[-62.503504,46.048317],[-62.530021,46.045415],[-62.549467,46.032979],[-62.560074,46.037953],[-62.569797,46.028833],[-62.610457,46.016397],[-62.587476,46.01764],[-62.534441,46.027589],[-62.528253,46.01391],[-62.51853,46.010593],[-62.471683,46.01847],[-62.453121,46.015153],[-62.45754,46.003131],[-62.472567,45.993182],[-62.511459,45.974942],[-62.554771,45.967066],[-62.610457,45.965408],[-62.659957,45.959604],[-62.841159,46.145734],[-62.723598,46.301188]]]}},{"type":"Feature","properties":{"fed_id":"110051830","name_en":"Charlottetown","res":4,"role":"hex"},"geometry":{"type":"MultiPolygon","coordinates":[[[[-63.266322,46.198381],[-63.389186,46.321915],[-63.309634,46.429282],[-63.299027,46.442962],[-63.298143,46.445035],[-63.281348,46.437573],[-63.269857,46.423064],[-63.23892,46.420577],[-63.24776,46.40814],[-63.220358,46.408969],[-63.210635,46.425551],[-63.161136,46.430111],[-63.188537,46.412286],[-63.155832,46.414773],[-63.134619,46.430526],[-63.090423,46.418918],[-63.047111,46.414773],[-63.025013,46.398606],[-63.003799,46.39446],[-63.013522,46.384511],[-63.032968,46.389071],[-63.032084,46.373733],[-63.004683,46.381195],[-62.988773,46.360053],[-62.97021,46.404409],[-62.978166,46.414358],[-62.904801,46.431355],[-62.857069,46.435086],[-62.837623,46.433842],[-62.841159,46.418918],[-62.858837,46.404824],[-62.817293,46.412286],[-62.833204,46.433013],[-62.822597,46.433013],[-62.757187,46.442547],[-62.678519,46.361297],[-62.723598,46.301188],[-62.841159,46.145734],[-62.889774,46.143247],[-62.896846,46.142833],[-62.964907,46.139102],[-62.94988,46.170192],[-62.933086,46.175167],[-62.941925,46.18636],[-62.968443,46.193821],[-62.987005,46.193407],[-62.994076,46.173094],[-63.022361,46.174752],[-63.01971,46.191749],[-63.072745,46.193407],[-63.083351,46.19921],[-63.099262,46.192578],[-63.117824,46.19921],[-63.125779,46.206672],[-63.116056,46.220352],[-63.082468,46.244396],[-63.063905,46.262636],[-63.045343,46.260977],[-63.039156,46.28129],[-63.017058,46.295799],[-63.005567,46.29041],[-63.000264,46.304504],[-62.975514,46.304504],[-62.95872,46.313624],[-62.937506,46.337253],[-62.914524,46.339741],[-62.904801,46.350519],[-62.881819,46.343886],[-62.86856,46.350104],[-62.867676,46.361297],[-62.851766,46.374562],[-62.842043,46.374148],[-62.855302,46.376635],[-62.882703,46.348031],[-62.904801,46.354664],[-62.915408,46.343471],[-62.941041,46.339741],[-62.95872,46.321086],[-62.986121,46.311137],[-63.012638,46.308235],[-63.055066,46.292068],[-63.085119,46.259734],[-63.105449,46.253101],[-63.123128,46.229472],[-63.143458,46.227814],[-63.149645,46.241908],[-63.17793,46.255588],[-63.18235,46.24937],[-63.16202,46.234861],[-63.1576,46.223254],[-63.16202,46.213719],[-63.18235,46.217865],[-63.188537,46.210818],[-63.207099,46.204599],[-63.215939,46.194236],[-63.245992,46.189676],[-63.266322,46.198381]]],[[[-63.222126,46.154025],[-63.255715,46.188018],[-63.216823,46.18097],[-63.200028,46.192163],[-63.184118,46.192163],[-63.177046,46.201283],[-63.143458,46.207916],[-63.129315,46.189676],[-63.13727,46.180556],[-63.154949,46.169778],[-63.201796,46.154025],[-63.222126,46.154025]]]]}},{"type":"Feature","properties":{"fed_id":"120051794","name_en":"Amherst","res":4,"role":"hex"},"geometry":{"type":"MultiPolygon","coordinates":[[[[-64.396848,45.828609],[-64.410991,45.841874],[-64.255422,46.059924],[-64.116647,46.069044],[-63.901856,46.083138],[-63.885946,46.067386],[-63.89832,46.05868],[-63.908927,46.061582],[-63.930141,46.055364],[-63.946052,46.057437],[-63.994667,46.052877],[-64.014997,46.056193],[-64.038863,46.047488],[-64.068916,46.053706],[-64.074219,46.045829],[-64.076871,46.036709],[-64.097201,46.028833],[-64.092782,46.020957],[-64.072452,46.020128],[-64.078639,46.00935],[-64.068032,45.998571],[-64.038863,45.994841],[-64.025604,46.005204],[-64.003506,45.994011],[-63.971685,45.997328],[-63.958427,45.989451],[-63.944284,45.991524],[-63.921302,45.981575],[-63.906276,45.981575],[-63.889481,45.967895],[-63.862964,45.962506],[-63.868267,45.952143],[-63.862964,45.933903],[-63.824072,45.921052],[-63.807277,45.891205],[-63.793135,45.892034],[-63.755126,45.875452],[-63.728609,45.87255],[-63.720654,45.86799],[-63.862964,45.671497],[-64.213878,45.648282],[-64.323483,45.756064],[-64.304921,45.766842],[-64.281055,45.794616],[-64.249234,45.816587],[-64.244815,45.823634],[-64.270448,45.833169],[-64.273984,45.84063],[-64.319064,45.863016],[-64.314644,45.879183],[-64.304037,45.884157],[-64.345581,45.891205],[-64.335858,45.893692],[-64.342929,45.897837],[-64.334974,45.901568],[-64.332322,45.896179],[-64.323483,45.897423],[-64.314644,45.902397],[-64.312876,45.909859],[-64.315528,45.919394],[-64.31376,45.90447],[-64.31818,45.901154],[-64.331438,45.897008],[-64.332322,45.902812],[-64.33851,45.905714],[-64.346465,45.900739],[-64.342929,45.896594],[-64.350001,45.887059],[-64.342045,45.882499],[-64.350885,45.880012],[-64.352652,45.884987],[-64.365027,45.887059],[-64.373866,45.877939],[-64.360608,45.869648],[-64.344697,45.873379],[-64.341162,45.863845],[-64.361492,45.857627],[-64.375634,45.838143],[-64.396848,45.828609]]],[[[-64.339394,45.772231],[-64.365027,45.797518],[-64.332322,45.819903],[-64.305805,45.823634],[-64.295198,45.817831],[-64.295198,45.806223],[-64.324367,45.789227],[-64.339394,45.772231]]]]}},{"type":"Feature","properties":{"fed_id":"120051800","name_en":"Truro","res":4,"role":"hex"},"geometry":{"type":"Polygon","coordinates":[[[-63.824956,45.261513],[-63.804626,45.289288],[-63.804626,45.289702],[-63.786063,45.315819],[-63.767501,45.316233],[-63.747171,45.299651],[-63.730377,45.302968],[-63.71535,45.32328],[-63.702975,45.324109],[-63.684413,45.315404],[-63.671155,45.31872],[-63.627843,45.314575],[-63.559781,45.315819],[-63.546523,45.323695],[-63.540335,45.334888],[-63.504095,45.324524],[-63.489952,45.31499],[-63.478461,45.317062],[-63.476693,45.331571],[-63.454595,45.339448],[-63.437801,45.349397],[-63.414819,45.353128],[-63.39007,45.352298],[-63.388302,45.361418],[-63.473158,45.366393],[-63.488184,45.371782],[-63.511166,45.369709],[-63.576576,45.382975],[-63.595138,45.390851],[-63.6137,45.393753],[-63.631378,45.38712],[-63.650824,45.394582],[-63.670271,45.394582],[-63.698556,45.387949],[-63.711815,45.395411],[-63.730377,45.393753],[-63.669387,45.477491],[-63.321124,45.499047],[-63.131083,45.304626],[-63.287536,45.089893],[-63.633146,45.068336],[-63.824956,45.261513]]]}},{"type":"Feature","properties":{"fed_id":"120051801","name_en":"Halifax","res":4,"role":"hex"},"geometry":{"type":"MultiPolygon","coordinates":[[[[-63.633146,45.068336],[-63.287536,45.089893],[-63.099262,44.896715],[-63.235385,44.710171],[-63.248643,44.738774],[-63.260134,44.721778],[-63.255715,44.698149],[-63.249527,44.690273],[-63.255715,44.682811],[-63.397141,44.674106],[-63.404212,44.679909],[-63.427194,44.684055],[-63.421891,44.672447],[-63.428078,44.672033],[-63.45106,44.679909],[-63.459899,44.66996],[-63.55713,44.663742],[-63.562433,44.663327],[-63.564201,44.663327],[-63.565969,44.663327],[-63.56862,44.662913],[-63.584531,44.667058],[-63.608397,44.678251],[-63.617236,44.691516],[-63.609281,44.699807],[-63.648173,44.712658],[-63.65436,44.719291],[-63.655244,44.719705],[-63.657896,44.722607],[-63.663199,44.727582],[-63.786947,44.853603],[-63.633146,45.068336]]],[[[-63.587183,44.662084],[-63.59779,44.661255],[-63.611932,44.675349],[-63.587183,44.662084]]]]}},{"type":"Feature","properties":{"fed_id":"120051802","name_en":"Oxford","res":4,"role":"hex"},"geometry":{"type":"MultiPolygon","coordinates":[[[[-64.327019,45.392095],[-64.366795,45.431062],[-64.213878,45.648282],[-63.862964,45.671497],[-63.669387,45.477491],[-63.730377,45.393753],[-63.747171,45.400385],[-63.778108,45.401629],[-63.78076,45.394582],[-63.803742,45.398727],[-63.809929,45.394167],[-63.8665,45.380902],[-63.884178,45.363906],[-63.885946,45.349811],[-63.90274,45.35064],[-63.92307,45.365564],[-63.924838,45.379244],[-63.948704,45.394996],[-63.990248,45.399142],[-63.998203,45.388778],[-64.037979,45.382975],[-64.061845,45.394582],[-64.066264,45.407847],[-64.08571,45.404116],[-64.097201,45.409091],[-64.114879,45.402458],[-64.163495,45.399142],[-64.185593,45.401629],[-64.1962,45.396655],[-64.227137,45.394582],[-64.247467,45.390022],[-64.260725,45.378415],[-64.296966,45.384218],[-64.304921,45.390436],[-64.327019,45.392095]]],[[[-63.804626,45.289288],[-63.824956,45.261513],[-63.977873,45.251564],[-63.891249,45.278924],[-63.870919,45.26939],[-63.862964,45.277266],[-63.827607,45.289288],[-63.804626,45.289288]]],[[[-63.786063,45.315819],[-63.804626,45.289702],[-63.812581,45.299651],[-63.804626,45.312917],[-63.786063,45.315819]]]]}},{"type":"Feature","properties":{"fed_id":"120051803","name_en":"East Hants","res":4,"role":"hex"},"geometry":{"type":"Polygon","coordinates":[[[-63.960194,44.841996],[-64.131674,44.830388],[-64.294314,44.992475],[-64.294314,44.992889],[-64.324367,45.022322],[-64.274868,45.092794],[-64.272216,45.09694],[-64.266913,45.103987],[-64.265145,45.106474],[-64.256306,45.11974],[-64.240395,45.11062],[-64.224485,45.108962],[-64.215646,45.116009],[-64.202387,45.129689],[-64.197084,45.147929],[-64.167914,45.161609],[-64.164379,45.17363],[-64.173218,45.186481],[-64.154656,45.196016],[-64.112228,45.210939],[-64.0698,45.220888],[-64.054773,45.232081],[-64.037979,45.234154],[-64.014113,45.230837],[-63.992899,45.219645],[-63.984944,45.220474],[-64.00881,45.229594],[-64.002622,45.243688],[-63.977873,45.251564],[-63.824956,45.261513],[-63.633146,45.068336],[-63.786947,44.853603],[-63.960194,44.841996]]]}},{"type":"Feature","properties":{"fed_id":"120051804","name_en":"Stellarton","res":4,"role":"hex"},"geometry":{"type":"Polygon","coordinates":[[[-63.321124,45.499047],[-63.16202,45.714609],[-62.81199,45.734507],[-62.753651,45.673984],[-62.762491,45.675642],[-62.781937,45.66901],[-62.794311,45.653257],[-62.784588,45.647453],[-62.758955,45.65989],[-62.734205,45.653671],[-62.667028,45.583614],[-62.652885,45.569519],[-62.651117,45.565374],[-62.648466,45.564959],[-62.623716,45.538843],[-62.783705,45.324524],[-63.131083,45.304626],[-63.321124,45.499047]]]}},{"type":"Feature","properties":{"fed_id":"120051806","name_en":"Westville","res":4,"role":"hex"},"geometry":{"type":"Polygon","coordinates":[[[-63.720654,45.86799],[-63.700324,45.856798],[-63.676458,45.853481],[-63.671155,45.84519],[-63.683529,45.835656],[-63.670271,45.826536],[-63.649057,45.847263],[-63.664083,45.850165],[-63.667619,45.864259],[-63.663199,45.875452],[-63.648173,45.871721],[-63.616352,45.877939],[-63.556246,45.873794],[-63.535916,45.877525],[-63.46697,45.878354],[-63.431614,45.868405],[-63.413935,45.860114],[-63.413935,45.850165],[-63.440453,45.853481],[-63.468738,45.853481],[-63.470506,45.844776],[-63.449292,45.837314],[-63.429846,45.83607],[-63.43073,45.821976],[-63.449292,45.825707],[-63.458131,45.822391],[-63.500559,45.821561],[-63.526193,45.826536],[-63.549174,45.838558],[-63.554478,45.833169],[-63.51205,45.812856],[-63.462551,45.8141],[-63.443105,45.802078],[-63.420123,45.807467],[-63.407748,45.814929],[-63.375043,45.799591],[-63.315821,45.797103],[-63.299027,45.808711],[-63.281348,45.810783],[-63.251295,45.80498],[-63.242456,45.79586],[-63.289304,45.778034],[-63.314053,45.766427],[-63.36974,45.762696],[-63.366204,45.740726],[-63.322892,45.739482],[-63.316705,45.731191],[-63.296375,45.72746],[-63.27958,45.747773],[-63.266322,45.747358],[-63.265438,45.732849],[-63.249527,45.735336],[-63.23892,45.7457],[-63.215055,45.751089],[-63.207099,45.760209],[-63.197376,45.750675],[-63.208867,45.74114],[-63.195609,45.734507],[-63.186769,45.739067],[-63.16202,45.714609],[-63.321124,45.499047],[-63.669387,45.477491],[-63.862964,45.671497],[-63.720654,45.86799]]]}},{"type":"Feature","properties":{"fed_id":"120051815","name_en":"Berwick","res":4,"role":"hex"},"geometry":{"type":"Polygon","coordinates":[[[-65.330262,44.916199],[-65.315235,44.91537],[-65.300209,44.934853],[-65.261316,44.951021],[-65.253361,44.951021],[-65.228612,44.962628],[-65.210933,44.976722],[-65.197675,44.981697],[-65.164086,45.001595],[-65.139336,45.006569],[-65.097792,45.022736],[-65.077462,45.034758],[-65.066855,45.048438],[-65.051829,45.049682],[-64.999678,45.076213],[-64.983767,45.082016],[-64.950179,45.103158],[-64.929848,45.105645],[-64.883885,45.12886],[-64.826431,45.150001],[-64.669978,44.997449],[-64.819359,44.781058],[-65.163202,44.754942],[-65.330262,44.916199]]]}},{"type":"Feature","properties":{"fed_id":"120051819","name_en":"Kentville","res":4,"role":"hex"},"geometry":{"type":"MultiPolygon","coordinates":[[[[-64.78577,45.30504],[-64.775163,45.320793],[-64.771628,45.326182],[-64.770744,45.327011],[-64.76986,45.328255],[-64.715941,45.406604],[-64.366795,45.431062],[-64.327019,45.392095],[-64.319948,45.384633],[-64.319064,45.384218],[-64.334974,45.370124],[-64.357072,45.379244],[-64.404803,45.371782],[-64.445463,45.382146],[-64.45607,45.395411],[-64.479936,45.397898],[-64.487007,45.392509],[-64.506454,45.391265],[-64.520596,45.401215],[-64.560372,45.406604],[-64.639041,45.394167],[-64.671746,45.384218],[-64.685004,45.377171],[-64.709754,45.356858],[-64.711522,45.344422],[-64.705334,45.328255],[-64.710638,45.313746],[-64.732736,45.31416],[-64.76986,45.300895],[-64.78577,45.30504]]],[[[-64.826431,45.150001],[-64.797261,45.153732],[-64.761905,45.170314],[-64.720361,45.174874],[-64.703566,45.181507],[-64.675281,45.185652],[-64.645228,45.197259],[-64.617827,45.203063],[-64.606336,45.200161],[-64.584238,45.209281],[-64.561256,45.212597],[-64.551533,45.219645],[-64.506454,45.233324],[-64.465793,45.241615],[-64.43574,45.256124],[-64.3995,45.280168],[-64.403036,45.307528],[-64.423366,45.314575],[-64.458722,45.317891],[-64.46049,45.32784],[-64.41983,45.322451],[-64.394196,45.321622],[-64.369447,45.315819],[-64.33409,45.298822],[-64.326135,45.275608],[-64.334974,45.262343],[-64.351769,45.254466],[-64.355304,45.231252],[-64.381822,45.195187],[-64.365911,45.197674],[-64.357072,45.191456],[-64.359724,45.179019],[-64.350885,45.165754],[-64.364143,45.157463],[-64.377402,45.159536],[-64.397732,45.142125],[-64.390661,45.134663],[-64.394196,45.11974],[-64.366795,45.123471],[-64.367679,45.102329],[-64.359724,45.092794],[-64.334974,45.103158],[-64.334974,45.130932],[-64.319948,45.138394],[-64.289895,45.13715],[-64.282823,45.131761],[-64.285475,45.118911],[-64.273984,45.111863],[-64.274868,45.092794],[-64.324367,45.022322],[-64.669978,44.997449],[-64.826431,45.150001]]]]}},{"type":"Feature","properties":{"fed_id":"120051829","name_en":"New Glasgow","res":4,"role":"hex"},"geometry":{"type":"MultiPolygon","coordinates":[[[[-62.753651,45.673984],[-62.81199,45.734507],[-62.789008,45.765598],[-62.76691,45.766013],[-62.744812,45.761038],[-62.712991,45.761867],[-62.708572,45.75026],[-62.728902,45.7457],[-62.740393,45.75938],[-62.760723,45.752747],[-62.74658,45.744871],[-62.745696,45.732849],[-62.728902,45.728704],[-62.696197,45.738653],[-62.680287,45.73658],[-62.670563,45.726216],[-62.654653,45.728704],[-62.638743,45.715853],[-62.645814,45.7001],[-62.722714,45.670668],[-62.753651,45.673984]]],[[[-62.652885,45.569519],[-62.667028,45.583614],[-62.734205,45.653671],[-62.717411,45.656573],[-62.707688,45.652428],[-62.698849,45.637504],[-62.679403,45.631701],[-62.671447,45.622581],[-62.651117,45.62341],[-62.643162,45.607243],[-62.646698,45.589832],[-62.654653,45.580712],[-62.652885,45.569519]]],[[[-62.123421,45.782594],[-62.11193,45.770573],[-62.27457,45.557083],[-62.623716,45.538843],[-62.648466,45.564959],[-62.64935,45.566203],[-62.652001,45.56869],[-62.652001,45.573665],[-62.64935,45.57781],[-62.651117,45.58237],[-62.645814,45.589003],[-62.64051,45.608072],[-62.64935,45.620922],[-62.647582,45.624239],[-62.654653,45.62797],[-62.646698,45.635432],[-62.674983,45.638748],[-62.689126,45.645381],[-62.68559,45.653671],[-62.694429,45.661548],[-62.684706,45.674399],[-62.668796,45.683519],[-62.657305,45.676471],[-62.636091,45.676057],[-62.621948,45.685591],[-62.60427,45.679373],[-62.565378,45.676471],[-62.554771,45.671911],[-62.564494,45.654915],[-62.539744,45.644137],[-62.501736,45.651599],[-62.478754,45.652013],[-62.508807,45.628384],[-62.506155,45.613046],[-62.514995,45.60517],[-62.499968,45.596879],[-62.495548,45.612217],[-62.471683,45.625482],[-62.426603,45.641235],[-62.420416,45.635846],[-62.397434,45.647039],[-62.372684,45.65533],[-62.367381,45.664035],[-62.388595,45.673155],[-62.415112,45.658231],[-62.431907,45.651599],[-62.449585,45.651184],[-62.44163,45.667766],[-62.40097,45.676057],[-62.363845,45.676886],[-62.33556,45.685591],[-62.294016,45.693468],[-62.263963,45.712122],[-62.217999,45.729533],[-62.202973,45.742798],[-62.181759,45.751504],[-62.157893,45.767256],[-62.123421,45.782594]]],[[[-62.51853,45.813271],[-62.537092,45.810369],[-62.556539,45.802492],[-62.566262,45.805394],[-62.602502,45.804151],[-62.601618,45.810783],[-62.572449,45.823634],[-62.562726,45.821976],[-62.541512,45.828609],[-62.507923,45.827365],[-62.51853,45.813271]]]]}},{"type":"Feature","properties":{"fed_id":"120051856","name_en":"Clark's Harbour","res":4,"role":"hex"},"geometry":{"type":"MultiPolygon","coordinates":[[[[-65.678524,43.498461],[-65.67764,43.49929],[-65.676756,43.501363],[-65.545053,43.701172],[-65.361199,43.716511],[-65.340869,43.697027],[-65.341753,43.678373],[-65.326726,43.677543],[-65.328494,43.647696],[-65.346172,43.634846],[-65.340869,43.618264],[-65.332913,43.611217],[-65.351476,43.59422],[-65.336449,43.580955],[-65.350592,43.563544],[-65.371806,43.57142],[-65.385948,43.54945],[-65.395671,43.546962],[-65.409814,43.556082],[-65.421305,43.579297],[-65.439867,43.592562],[-65.459313,43.593806],[-65.447822,43.577639],[-65.456661,43.561471],[-65.440751,43.560642],[-65.437215,43.550279],[-65.45401,43.547791],[-65.446938,43.528722],[-65.458429,43.515042],[-65.476991,43.50385],[-65.463733,43.483952],[-65.470804,43.479806],[-65.464617,43.464054],[-65.469036,43.451203],[-65.49025,43.464054],[-65.485831,43.475661],[-65.491134,43.488097],[-65.512348,43.499704],[-65.518535,43.497217],[-65.537098,43.507995],[-65.548589,43.518359],[-65.562731,43.55857],[-65.590132,43.559813],[-65.595436,43.547377],[-65.606927,43.537013],[-65.61223,43.518773],[-65.625489,43.520017],[-65.640516,43.507581],[-65.65731,43.506337],[-65.658194,43.491828],[-65.67322,43.488512],[-65.678524,43.498461]]],[[[-65.613998,43.415967],[-65.620186,43.422599],[-65.625489,43.434621],[-65.631676,43.433377],[-65.63256,43.434207],[-65.644051,43.445814],[-65.651123,43.452032],[-65.654658,43.455348],[-65.655542,43.456177],[-65.634328,43.470686],[-65.606043,43.473588],[-65.617534,43.487268],[-65.61223,43.49473],[-65.61665,43.507166],[-65.607811,43.513799],[-65.5919,43.509239],[-65.591016,43.499704],[-65.568919,43.498461],[-65.557428,43.487683],[-65.558312,43.476075],[-65.579526,43.460737],[-65.595436,43.433377],[-65.604275,43.429647],[-65.613998,43.415967]]],[[[-65.416001,43.542817],[-65.40451,43.536184],[-65.401859,43.511726],[-65.40451,43.498875],[-65.399207,43.49017],[-65.415117,43.478563],[-65.422189,43.491414],[-65.420421,43.523333],[-65.43368,43.547791],[-65.416001,43.542817]]],[[[-65.28253,43.648525],[-65.263968,43.629042],[-65.277227,43.615362],[-65.30286,43.630286],[-65.304628,43.644795],[-65.297557,43.658474],[-65.28253,43.648525]]],[[[-65.317887,43.720241],[-65.226844,43.727703],[-65.223308,43.709463],[-65.234799,43.698685],[-65.240102,43.682518],[-65.232147,43.674642],[-65.24629,43.668838],[-65.257781,43.657645],[-65.269272,43.665107],[-65.293137,43.671325],[-65.309932,43.687493],[-65.32319,43.690394],[-65.32319,43.707391],[-65.317887,43.720241]]]]}},{"type":"Feature","properties":{"fed_id":"120051858","name_en":"Barrington","res":4,"role":"hex"},"geometry":{"type":"MultiPolygon","coordinates":[[[[-65.941046,43.817659],[-65.947234,43.799419],[-65.956957,43.789056],[-65.96226,43.760452],[-65.972867,43.776205],[-65.992314,43.784496],[-65.989662,43.813514],[-65.994081,43.825535],[-65.975519,43.855383],[-65.979055,43.857041],[-65.978171,43.868233],[-65.977287,43.868233],[-65.975519,43.868648],[-65.740398,43.888546],[-65.545053,43.701172],[-65.676756,43.501363],[-65.699738,43.494315],[-65.728023,43.490584],[-65.736862,43.506337],[-65.73863,43.533697],[-65.734211,43.546962],[-65.742166,43.571835],[-65.753657,43.571835],[-65.746585,43.537842],[-65.762496,43.551522],[-65.77929,43.553595],[-65.786361,43.566446],[-65.781058,43.591318],[-65.774871,43.602097],[-65.767799,43.632358],[-65.768683,43.655987],[-65.764264,43.66262],[-65.774871,43.687907],[-65.798736,43.661376],[-65.802272,43.640235],[-65.793433,43.63982],[-65.788129,43.617435],[-65.792549,43.598366],[-65.803156,43.591318],[-65.813763,43.60334],[-65.813763,43.633602],[-65.821718,43.663864],[-65.81995,43.679616],[-65.813763,43.687493],[-65.820834,43.713194],[-65.837628,43.733092],[-65.847352,43.772888],[-65.856191,43.774132],[-65.869449,43.762939],[-65.888012,43.767499],[-65.900386,43.791128],[-65.906574,43.796103],[-65.897735,43.80771],[-65.910993,43.815172],[-65.915413,43.824292],[-65.941046,43.817659]]],[[[-66.050652,43.744285],[-66.063027,43.737652],[-66.055955,43.729361],[-66.055071,43.704489],[-66.067446,43.710292],[-66.067446,43.722314],[-66.078937,43.728532],[-66.075401,43.745529],[-66.078937,43.765427],[-66.087776,43.776619],[-66.101035,43.774547],[-66.115178,43.758379],[-66.109874,43.750089],[-66.125785,43.742212],[-66.131972,43.774961],[-66.126668,43.782837],[-66.089544,43.840459],[-66.077169,43.859528],[-65.98259,43.867819],[-65.980823,43.847506],[-66.009992,43.83507],[-66.006456,43.820561],[-66.00734,43.799419],[-66.000269,43.791128],[-65.996733,43.773303],[-65.98701,43.774132],[-65.963144,43.737238],[-65.973751,43.702831],[-65.98259,43.700758],[-65.98259,43.726045],[-65.998501,43.729361],[-66.012644,43.702831],[-66.009992,43.68998],[-66.025018,43.685005],[-66.03209,43.693296],[-66.028554,43.72646],[-66.031206,43.733507],[-66.050652,43.744285]]],[[[-66.003804,43.643551],[-66.020599,43.638576],[-66.02767,43.654744],[-66.025902,43.663864],[-66.009992,43.666351],[-66.004688,43.65806],[-66.003804,43.643551]]],[[[-65.903922,43.772059],[-65.893315,43.754649],[-65.915413,43.752576],[-65.922484,43.765012],[-65.933975,43.766256],[-65.920716,43.782423],[-65.90569,43.779936],[-65.903922,43.772059]]]]}},{"type":"Feature","properties":{"fed_id":"120051872","name_en":"Stewiacke","res":4,"role":"hex"},"geometry":{"type":"MultiPolygon","coordinates":[[[[-63.612816,44.639698],[-63.59779,44.661255],[-63.587183,44.662084],[-63.572156,44.650891],[-63.559781,44.626019],[-63.566853,44.617728],[-63.612816,44.639698]]],[[[-63.40598,44.673276],[-63.405096,44.673691],[-63.403328,44.673691],[-63.402445,44.673691],[-63.397141,44.674106],[-63.255715,44.682811],[-63.249527,44.676593],[-63.261902,44.657524],[-63.289304,44.645917],[-63.286652,44.635968],[-63.313169,44.635968],[-63.333499,44.643429],[-63.354713,44.641771],[-63.360901,44.649648],[-63.375927,44.650062],[-63.390954,44.643015],[-63.411284,44.647989],[-63.40598,44.673276]]],[[[-63.55713,44.663742],[-63.459899,44.66996],[-63.441337,44.659597],[-63.440453,44.654207],[-63.415703,44.647989],[-63.417471,44.616484],[-63.436917,44.613997],[-63.443989,44.607779],[-63.441337,44.597001],[-63.452828,44.591197],[-63.463435,44.599073],[-63.488184,44.60612],[-63.525309,44.633066],[-63.541219,44.639284],[-63.553594,44.652135],[-63.55713,44.663742]]],[[[-63.724189,44.484659],[-63.722422,44.486317],[-63.721538,44.48839],[-63.617236,44.634309],[-63.608397,44.634724],[-63.584531,44.62436],[-63.551826,44.598659],[-63.543871,44.586222],[-63.558013,44.563008],[-63.519121,44.501656],[-63.535032,44.481343],[-63.545639,44.483001],[-63.553594,44.467248],[-63.587183,44.457714],[-63.578343,44.479685],[-63.594254,44.481343],[-63.614584,44.475125],[-63.61812,44.454398],[-63.627843,44.440303],[-63.642869,44.446936],[-63.634914,44.467248],[-63.656128,44.464347],[-63.700324,44.470565],[-63.718886,44.476783],[-63.724189,44.484659]]]]}},{"type":"Feature","properties":{"fed_id":"120051876","name_en":"West Hants","res":4,"role":"hex"},"geometry":{"type":"MultiPolygon","coordinates":[[[[-63.215055,44.677422],[-63.219474,44.686542],[-63.212403,44.696905],[-63.219474,44.708927],[-63.235385,44.710171],[-63.099262,44.896715],[-62.755419,44.916613],[-62.64935,44.805516],[-62.674099,44.793909],[-62.704152,44.803443],[-62.71034,44.789763],[-62.719179,44.786447],[-62.740393,44.789349],[-62.760723,44.787276],[-62.757187,44.774011],[-62.793428,44.776912],[-62.816409,44.782301],[-62.825248,44.803029],[-62.843811,44.813392],[-62.872096,44.813807],[-62.865909,44.804272],[-62.845579,44.801785],[-62.83232,44.783545],[-62.80757,44.774011],[-62.798731,44.759501],[-62.813758,44.747065],[-62.839391,44.745407],[-62.83232,44.736287],[-62.806686,44.719705],[-62.819061,44.709342],[-62.831436,44.712244],[-62.854418,44.707684],[-62.870328,44.732556],[-62.882703,44.722193],[-62.897729,44.735043],[-62.91364,44.725923],[-62.93839,44.727167],[-62.95872,44.723436],[-62.988773,44.698149],[-63.005567,44.70188],[-62.996728,44.722193],[-63.017942,44.741676],[-63.014406,44.755356],[-63.003799,44.767792],[-63.008219,44.781058],[-63.032968,44.775254],[-63.034736,44.761574],[-63.059486,44.776083],[-63.069209,44.766963],[-63.058602,44.752869],[-63.043575,44.748723],[-63.039156,44.734214],[-63.007335,44.721364],[-63.01529,44.699807],[-63.023245,44.689444],[-63.047995,44.672862],[-63.056834,44.685713],[-63.077164,44.701051],[-63.063905,44.711414],[-63.074512,44.719705],[-63.088655,44.718462],[-63.104565,44.72924],[-63.112521,44.758672],[-63.105449,44.767792],[-63.104565,44.784374],[-63.122244,44.785203],[-63.126663,44.77857],[-63.119592,44.759087],[-63.123128,44.726338],[-63.140806,44.692345],[-63.158484,44.689858],[-63.166439,44.705611],[-63.161136,44.727167],[-63.149645,44.748309],[-63.165556,44.757429],[-63.159368,44.731313],[-63.170859,44.721364],[-63.183234,44.702295],[-63.17793,44.696905],[-63.189421,44.684055],[-63.215055,44.677422]]],[[[-63.249527,44.676593],[-63.255715,44.682811],[-63.249527,44.690273],[-63.245992,44.695662],[-63.245108,44.69732],[-63.240688,44.68364],[-63.249527,44.676593]]],[[[-62.760723,44.739189],[-62.758071,44.731727],[-62.772214,44.725923],[-62.778401,44.737945],[-62.776633,44.748309],[-62.758071,44.749552],[-62.760723,44.739189]]]]}},{"type":"Feature","properties":{"fed_id":"120051884","name_en":"Bridgewater","res":4,"role":"hex"},"geometry":{"type":"MultiPolygon","coordinates":[[[[-64.443696,44.194894],[-64.580702,44.184944],[-64.772512,44.374805],[-64.624898,44.590368],[-64.282823,44.614826],[-64.213878,44.546426],[-64.228021,44.536892],[-64.264261,44.538964],[-64.276636,44.553473],[-64.290778,44.560935],[-64.307573,44.561764],[-64.299618,44.543939],[-64.310225,44.535234],[-64.304037,44.52031],[-64.309341,44.513263],[-64.306689,44.497925],[-64.311992,44.483416],[-64.326135,44.467663],[-64.309341,44.468078],[-64.315528,44.45647],[-64.33851,44.449838],[-64.378286,44.449009],[-64.343813,44.436987],[-64.340278,44.422063],[-64.325251,44.404652],[-64.271332,44.410041],[-64.269564,44.397605],[-64.29785,44.395118],[-64.292546,44.387242],[-64.266029,44.37978],[-64.246583,44.379365],[-64.224485,44.372733],[-64.217414,44.372318],[-64.217414,44.359053],[-64.233324,44.357394],[-64.273984,44.359053],[-64.291662,44.364442],[-64.300501,44.373562],[-64.31376,44.376463],[-64.327019,44.361125],[-64.341162,44.36154],[-64.334974,44.330864],[-64.31376,44.328791],[-64.31376,44.322573],[-64.296082,44.315526],[-64.289895,44.324231],[-64.2731,44.32506],[-64.260725,44.317184],[-64.29343,44.312624],[-64.304037,44.2977],[-64.282823,44.284849],[-64.249234,44.291897],[-64.239511,44.286093],[-64.256306,44.278217],[-64.254538,44.269097],[-64.281055,44.260806],[-64.326135,44.264122],[-64.33851,44.273657],[-64.344697,44.287337],[-64.356188,44.283606],[-64.357956,44.271999],[-64.377402,44.255831],[-64.402152,44.250857],[-64.405687,44.239664],[-64.418062,44.230959],[-64.431321,44.229301],[-64.443696,44.194894]]],[[[-64.378286,44.199868],[-64.37917,44.199453],[-64.39508,44.198624],[-64.392429,44.209403],[-64.375634,44.21189],[-64.378286,44.199868]]],[[[-64.340278,44.202355],[-64.368563,44.200283],[-64.357956,44.211475],[-64.345581,44.211061],[-64.340278,44.202355]]],[[[-64.324367,44.23013],[-64.33851,44.231373],[-64.345581,44.240908],[-64.315528,44.238006],[-64.324367,44.23013]]],[[[-64.230672,44.387242],[-64.211226,44.37978],[-64.21653,44.373562],[-64.240395,44.377707],[-64.25719,44.383925],[-64.259841,44.395947],[-64.242163,44.39346],[-64.230672,44.387242]]],[[[-64.167914,44.450252],[-64.176753,44.461859],[-64.156423,44.470565],[-64.148468,44.460616],[-64.167914,44.450252]]],[[[-64.186477,44.305991],[-64.186477,44.319257],[-64.168798,44.313867],[-64.186477,44.305991]]]]}},{"type":"Feature","properties":{"fed_id":"120051887","name_en":"Queens","res":4,"role":"hex"},"geometry":{"type":"Polygon","coordinates":[[[-65.113703,44.348689],[-64.908635,44.364442],[-64.772512,44.374805],[-64.580702,44.184944],[-64.599265,44.157585],[-64.606336,44.146806],[-64.612523,44.138516],[-64.616059,44.132297],[-64.677933,44.042756],[-64.689424,44.051462],[-64.710638,44.050632],[-64.715057,44.046072],[-64.685004,44.032393],[-64.727432,43.970211],[-65.065087,43.944095],[-65.258665,44.132712],[-65.113703,44.348689]]]}},{"type":"Feature","properties":{"fed_id":"120051888","name_en":"Lunenburg","res":4,"role":"hex"},"geometry":{"type":"MultiPolygon","coordinates":[[[[-64.213878,44.546426],[-64.282823,44.614826],[-64.199735,44.7338],[-64.131674,44.830388],[-63.960194,44.841996],[-63.786947,44.853603],[-63.663199,44.727582],[-63.672038,44.712244],[-63.659664,44.699807],[-63.657896,44.681567],[-63.634914,44.6654],[-63.611932,44.675349],[-63.59779,44.661255],[-63.612816,44.639698],[-63.614584,44.637211],[-63.616352,44.635553],[-63.617236,44.634309],[-63.721538,44.48839],[-63.726841,44.495852],[-63.733029,44.495852],[-63.724189,44.484245],[-63.730377,44.475954],[-63.733029,44.478856],[-63.750707,44.480099],[-63.734796,44.473052],[-63.733912,44.47015],[-63.738332,44.467663],[-63.736564,44.466005],[-63.737448,44.465176],[-63.759546,44.473881],[-63.786063,44.492121],[-63.800206,44.469736],[-63.810813,44.483416],[-63.829375,44.524041],[-63.84617,44.523212],[-63.84617,44.499168],[-63.850589,44.490877],[-63.87799,44.504972],[-63.871803,44.487561],[-63.893017,44.488805],[-63.90274,44.494194],[-63.938097,44.505386],[-63.941632,44.55679],[-63.933677,44.57047],[-63.922186,44.57959],[-63.921302,44.592026],[-63.931025,44.596171],[-63.933677,44.612339],[-63.916883,44.645917],[-63.922186,44.657109],[-63.897437,44.664157],[-63.895669,44.679495],[-63.912463,44.68364],[-63.928374,44.664571],[-63.949588,44.654207],[-63.993783,44.653793],[-64.005274,44.642186],[-64.030024,44.633066],[-64.047702,44.630579],[-64.058309,44.61151],[-64.053889,44.601561],[-64.062729,44.596171],[-64.060961,44.58415],[-64.042399,44.574201],[-64.016765,44.53855],[-64.021185,44.532746],[-64.009694,44.523212],[-64.007042,44.507045],[-64.031792,44.514092],[-64.046818,44.511605],[-64.064496,44.503728],[-64.064496,44.485903],[-64.080407,44.47015],[-64.099853,44.478441],[-64.113112,44.478027],[-64.11046,44.499583],[-64.125486,44.504972],[-64.124603,44.529845],[-64.117531,44.539794],[-64.153772,44.573372],[-64.168798,44.57047],[-64.168798,44.583735],[-64.186477,44.576273],[-64.205923,44.577932],[-64.208574,44.56591],[-64.217414,44.56135],[-64.213878,44.546426]]],[[[-63.738332,44.464761],[-63.743635,44.457299],[-63.743635,44.456885],[-63.743635,44.45647],[-63.744519,44.456056],[-63.744519,44.455227],[-63.753359,44.460616],[-63.738332,44.464761]]]]}},{"type":"Feature","properties":{"fed_id":"120051890","name_en":"Chester","res":4,"role":"hex"},"geometry":{"type":"Polygon","coordinates":[[[-64.819359,44.781058],[-64.669978,44.997449],[-64.324367,45.022322],[-64.294314,44.992889],[-64.294314,44.992475],[-64.131674,44.830388],[-64.199735,44.7338],[-64.282823,44.614826],[-64.624898,44.590368],[-64.819359,44.781058]]]}},{"type":"Feature","properties":{"fed_id":"120051951","name_en":"Clare","res":4,"role":"hex"},"geometry":{"type":"Polygon","coordinates":[[[-66.151418,43.93],[-66.077169,43.859528],[-66.089544,43.840459],[-66.126668,43.782837],[-66.139927,43.787812],[-66.139043,43.796103],[-66.124017,43.817659],[-66.122249,43.838801],[-66.141695,43.827194],[-66.150534,43.83051],[-66.151418,43.859943],[-66.168212,43.854553],[-66.170864,43.864088],[-66.162025,43.879012],[-66.168212,43.894764],[-66.166445,43.910931],[-66.153186,43.919637],[-66.151418,43.93]]]}},{"type":"Feature","properties":{"fed_id":"120051975","name_en":"Annapolis Royal","res":4,"role":"hex"},"geometry":{"type":"MultiPolygon","coordinates":[[[[-66.23097,44.354493],[-66.249533,44.371489],[-66.238042,44.381438],[-66.218596,44.404238],[-66.21064,44.383925],[-66.23097,44.354493]]],[[[-65.820834,44.671618],[-65.758076,44.611924],[-65.746585,44.601146],[-65.744817,44.599488],[-65.740398,44.595342],[-65.651123,44.509946],[-65.794317,44.29314],[-66.132856,44.263708],[-66.136392,44.279875],[-66.120481,44.314697],[-66.125785,44.330864],[-66.120481,44.342056],[-66.110758,44.344958],[-66.103687,44.360296],[-66.085125,44.371489],[-66.083357,44.38434],[-66.065678,44.385998],[-66.048884,44.403823],[-66.024134,44.441547],[-65.989662,44.466005],[-65.975519,44.483001],[-65.954305,44.494608],[-65.945466,44.485488],[-65.915413,44.509532],[-65.878289,44.533161],[-65.869449,44.546841],[-65.855307,44.557204],[-65.845584,44.570055],[-65.863262,44.588295],[-65.882708,44.586637],[-65.900386,44.572542],[-65.909226,44.570055],[-65.932207,44.578346],[-65.942814,44.576273],[-65.960493,44.564252],[-65.98259,44.558033],[-65.997617,44.540208],[-66.017947,44.530674],[-66.035625,44.514921],[-66.047116,44.509946],[-66.098383,44.463518],[-66.12932,44.444449],[-66.143463,44.424551],[-66.153186,44.421649],[-66.197382,44.377293],[-66.205337,44.406311],[-66.191194,44.424551],[-66.164677,44.444863],[-66.117829,44.490877],[-66.098383,44.49751],[-66.084241,44.507045],[-66.078937,44.518652],[-66.056839,44.532332],[-66.046232,44.544768],[-65.951653,44.608608],[-65.914529,44.61607],[-65.896851,44.624775],[-65.862378,44.647989],[-65.839396,44.657938],[-65.820834,44.671618]]]]}},{"type":"Feature","properties":{"fed_id":"120051976","name_en":"Yarmouth","res":4,"role":"hex"},"geometry":{"type":"Polygon","coordinates":[[[-66.077169,43.859528],[-66.151418,43.93],[-66.152302,43.93912],[-66.163793,43.956946],[-66.168212,43.973527],[-66.154954,43.985135],[-66.15407,44.003375],[-66.159373,44.018298],[-66.1744,44.028662],[-66.165561,44.040269],[-66.16998,44.054778],[-66.179703,44.059752],[-66.177936,44.073432],[-66.193846,44.090014],[-66.213292,44.090014],[-66.213292,44.107839],[-66.204453,44.117788],[-66.200033,44.140174],[-66.193846,44.145148],[-66.178819,44.180385],[-66.154954,44.196137],[-66.153186,44.213963],[-66.140811,44.222253],[-66.13374,44.250028],[-66.136392,44.261635],[-66.135508,44.262464],[-66.132856,44.263708],[-65.794317,44.29314],[-65.598088,44.104938],[-65.740398,43.888546],[-65.975519,43.868648],[-65.974635,43.873622],[-65.970216,43.881084],[-65.9711,43.884815],[-65.978171,43.883571],[-65.975519,43.877353],[-65.978171,43.870306],[-65.98259,43.867819],[-66.077169,43.859528]]]}},{"type":"Feature","properties":{"fed_id":"120051979","name_en":"Digby","res":4,"role":"hex"},"geometry":{"type":"MultiPolygon","coordinates":[[[[-65.395671,44.885937],[-65.36385,44.904177],[-65.330262,44.916199],[-65.163202,44.754942],[-65.309048,44.537721],[-65.651123,44.509946],[-65.740398,44.595342],[-65.740398,44.612753],[-65.724487,44.609851],[-65.719184,44.618971],[-65.705041,44.614411],[-65.688247,44.618557],[-65.684711,44.630164],[-65.664381,44.634724],[-65.63698,44.650062],[-65.637864,44.656695],[-65.610463,44.669546],[-65.599856,44.696076],[-65.626373,44.712658],[-65.648471,44.699807],[-65.652006,44.693589],[-65.678524,44.699393],[-65.690899,44.686956],[-65.730675,44.667887],[-65.750121,44.673276],[-65.758076,44.692345],[-65.742166,44.711414],[-65.719184,44.723436],[-65.694434,44.740018],[-65.639632,44.769865],[-65.583945,44.792665],[-65.55124,44.809661],[-65.515884,44.821683],[-65.477875,44.847799],[-65.423073,44.875988],[-65.395671,44.885937]]],[[[-65.758076,44.611924],[-65.820834,44.671618],[-65.811995,44.672862],[-65.798736,44.686956],[-65.784594,44.691102],[-65.766031,44.678666],[-65.757192,44.657109],[-65.756308,44.625189],[-65.758076,44.611924]]]]}},{"type":"Feature","properties":{"fed_id":"120052058","name_en":"Antigonish","res":4,"role":"hex"},"geometry":{"type":"Polygon","coordinates":[[[-61.625777,45.64165],[-61.578045,45.590246],[-61.743337,45.378],[-62.089832,45.361004],[-62.27457,45.557083],[-62.11193,45.770573],[-61.909513,45.780522],[-61.911281,45.770573],[-61.89979,45.748602],[-61.889183,45.735751],[-61.898022,45.720827],[-61.89979,45.700515],[-61.914817,45.682275],[-61.892719,45.673569],[-61.909513,45.666937],[-61.921004,45.654086],[-61.947522,45.643308],[-61.943102,45.63253],[-61.928075,45.637504],[-61.913933,45.619264],[-61.905094,45.62341],[-61.909513,45.652428],[-61.890067,45.661133],[-61.882996,45.66901],[-61.88388,45.680617],[-61.872389,45.685177],[-61.8388,45.676471],[-61.824657,45.66901],[-61.817586,45.652428],[-61.833497,45.647868],[-61.801676,45.637919],[-61.809631,45.61429],[-61.792837,45.617606],[-61.796372,45.628384],[-61.781346,45.644966],[-61.754828,45.648282],[-61.75748,45.639577],[-61.740686,45.630872],[-61.700909,45.638748],[-61.693838,45.635432],[-61.663785,45.637919],[-61.640803,45.624239],[-61.625777,45.64165]]]}},{"type":"Feature","properties":{"fed_id":"120052068","name_en":"Guysborough","res":4,"role":"hex"},"geometry":{"type":"MultiPolygon","coordinates":[[[[-60.033847,45.876281],[-60.191184,46.053706],[-60.060365,46.212061],[-60.020588,46.214963],[-60.003794,46.220352],[-59.994071,46.216621],[-59.97816,46.221596],[-59.954295,46.21745],[-59.950759,46.199625],[-59.940152,46.195894],[-59.933965,46.184287],[-59.951643,46.16812],[-59.94634,46.160658],[-59.926893,46.173509],[-59.90568,46.181385],[-59.902144,46.187189],[-59.868555,46.191749],[-59.842922,46.177654],[-59.828779,46.183458],[-59.817288,46.18097],[-59.812869,46.171436],[-59.839386,46.16812],[-59.852645,46.160658],[-59.863252,46.140345],[-59.887117,46.116302],[-59.89684,46.113814],[-59.903912,46.09972],[-59.887117,46.088527],[-59.895073,46.077749],[-59.890653,46.05868],[-59.895956,46.05412],[-59.954295,46.047902],[-59.968437,46.034637],[-59.96667,46.023444],[-59.951643,46.011008],[-59.939268,46.012251],[-59.928661,46.006033],[-59.910983,46.007277],[-59.895073,46.003961],[-59.864136,46.012666],[-59.841154,46.015982],[-59.822592,46.007277],[-59.846457,46.002717],[-59.843806,45.990281],[-59.81552,45.977015],[-59.801378,45.951728],[-59.813752,45.942608],[-59.83585,45.944681],[-59.837618,45.951728],[-59.8606,45.948826],[-59.866787,45.94095],[-59.888001,45.935975],[-59.90568,45.935975],[-59.91717,45.919808],[-59.942804,45.916906],[-59.956063,45.906128],[-59.979928,45.90903],[-59.995839,45.89535],[-59.97816,45.887888],[-59.995839,45.878354],[-60.033847,45.876281]]],[[[-59.823475,46.109255],[-59.842922,46.0906],[-59.870323,46.072775],[-59.884466,46.071946],[-59.883582,46.096818],[-59.877394,46.103451],[-59.825243,46.115887],[-59.823475,46.109255]]],[[[-60.046222,46.228643],[-60.033847,46.243981],[-60.035615,46.230301],[-60.046222,46.228643]]],[[[-59.69796,46.024273],[-59.712102,46.0222],[-59.698844,45.993182],[-59.726245,46.001059],[-59.7342,45.995255],[-59.796074,46.005619],[-59.767789,46.015153],[-59.7342,46.01847],[-59.733316,46.024688],[-59.712102,46.033393],[-59.69796,46.024273]]]]}},{"type":"Feature","properties":{"fed_id":"120052080","name_en":"Trenton","res":4,"role":"hex"},"geometry":{"type":"MultiPolygon","coordinates":[[[[-60.987591,45.820318],[-60.997314,45.819903],[-61.000849,45.819903],[-61.010572,45.819489],[-61.011456,45.833583],[-61.039742,45.818245],[-61.061839,45.817416],[-61.243926,46.015568],[-61.074214,46.228228],[-60.721532,46.241494],[-60.630489,46.140345],[-60.628721,46.139102],[-60.62165,46.130811],[-60.648168,46.116302],[-60.674685,46.112156],[-60.679988,46.105524],[-60.719765,46.09972],[-60.728604,46.110913],[-60.752469,46.093916],[-60.78429,46.085626],[-60.805504,46.077335],[-60.839977,46.070702],[-60.861191,46.078993],[-60.861191,46.091015],[-60.877985,46.09516],[-60.906271,46.083138],[-60.913342,46.054949],[-60.939859,46.049975],[-60.960189,46.030077],[-60.977868,45.999401],[-61.030019,45.978673],[-61.048581,45.975772],[-61.07775,45.961263],[-61.097196,45.960433],[-61.120178,45.973284],[-61.131669,45.963335],[-61.126365,45.952143],[-61.139624,45.938463],[-61.110455,45.938048],[-61.100732,45.942608],[-61.083937,45.933903],[-61.071562,45.94095],[-61.053884,45.939292],[-61.053884,45.947583],[-61.038858,45.954215],[-60.989358,45.960433],[-60.99201,45.97743],[-60.987591,45.989866],[-60.946931,46.007691],[-60.929252,46.018055],[-60.900967,46.024688],[-60.924833,46.038368],[-60.898315,46.040026],[-60.893896,46.046658],[-60.85412,46.05412],[-60.858539,46.037124],[-60.844397,46.032979],[-60.836441,46.044171],[-60.819647,46.044586],[-60.771032,46.069044],[-60.754237,46.07236],[-60.737443,46.069044],[-60.739211,46.05868],[-60.760425,46.045],[-60.778987,46.019299],[-60.805504,46.001059],[-60.816111,45.982404],[-60.810808,45.968724],[-60.801969,45.961263],[-60.81346,45.945924],[-60.831138,45.947168],[-60.87003,45.940121],[-60.870914,45.933903],[-60.895664,45.923539],[-60.917761,45.923125],[-60.933672,45.930172],[-60.970796,45.914834],[-60.987591,45.933488],[-60.998198,45.916492],[-60.998198,45.905299],[-61.034438,45.902812],[-61.040625,45.906957],[-61.063607,45.907786],[-61.07333,45.902397],[-61.058304,45.886645],[-61.083053,45.884572],[-61.100732,45.877525],[-61.096312,45.864259],[-61.074214,45.861358],[-61.061839,45.867161],[-61.051232,45.863845],[-61.040625,45.879183],[-61.01234,45.884157],[-60.988475,45.883328],[-60.979635,45.904056],[-60.967261,45.897008],[-60.958421,45.884157],[-60.944279,45.884572],[-60.929252,45.858456],[-60.952234,45.862187],[-60.953118,45.871307],[-60.988475,45.880427],[-60.984055,45.865503],[-60.964609,45.857212],[-60.944279,45.853067],[-60.947814,45.833998],[-60.97168,45.840216],[-60.993778,45.833998],[-61.003501,45.821976],[-60.987591,45.820318]]],[[[-60.566847,46.070287],[-60.542098,46.042098],[-60.628721,45.934732],[-60.629605,45.933488],[-60.633141,45.928928],[-60.635793,45.925612],[-60.640212,45.920223],[-60.66231,45.907786],[-60.674685,45.908201],[-60.713577,45.898667],[-60.735675,45.906128],[-60.734791,45.923125],[-60.753353,45.937219],[-60.78429,45.931415],[-60.798433,45.935561],[-60.801085,45.943852],[-60.791362,45.960433],[-60.769264,45.961677],[-60.713577,45.995255],[-60.693247,46.012666],[-60.647284,46.0222],[-60.637561,46.031735],[-60.58099,46.059509],[-60.566847,46.070287]]],[[[-60.612811,46.121276],[-60.593365,46.099305],[-60.597784,46.091015],[-60.627838,46.083138],[-60.655239,46.071531],[-60.665846,46.07692],[-60.654355,46.097233],[-60.629605,46.113814],[-60.612811,46.121276]]]]}},{"type":"Feature","properties":{"fed_id":"120052081","name_en":"Pictou","res":4,"role":"hex"},"geometry":{"type":"MultiPolygon","coordinates":[[[[-61.159954,45.528894],[-61.16349,45.533039],[-61.164373,45.533454],[-61.176748,45.547548],[-61.147579,45.550036],[-61.141392,45.53677],[-61.159954,45.528894]]],[[[-60.700318,45.817416],[-60.534143,45.632115],[-60.57657,45.624239],[-60.596017,45.61429],[-60.62165,45.613461],[-60.626954,45.602683],[-60.66231,45.592734],[-60.679105,45.591904],[-60.695015,45.576152],[-60.710042,45.577395],[-60.735675,45.571177],[-60.742746,45.575737],[-60.738327,45.587759],[-60.764844,45.608072],[-60.793129,45.607657],[-60.827602,45.612632],[-60.83379,45.616777],[-60.870914,45.621337],[-60.855887,45.637919],[-60.876217,45.653671],[-60.892128,45.652013],[-60.896547,45.637919],[-60.923065,45.621752],[-60.929252,45.627141],[-60.95135,45.623824],[-60.978751,45.613875],[-60.99201,45.615533],[-60.989358,45.628384],[-61.026483,45.611388],[-61.025599,45.598952],[-61.07333,45.594806],[-61.088357,45.585272],[-61.124597,45.572835],[-61.147579,45.571177],[-61.162606,45.565374],[-61.196194,45.56869],[-61.197078,45.569519],[-61.175864,45.57325],[-61.155534,45.587759],[-61.175864,45.601853],[-61.198846,45.603512],[-61.220944,45.599366],[-61.223596,45.613875],[-61.220944,45.617192],[-61.219176,45.618435],[-61.151115,45.705075],[-61.140508,45.700929],[-61.115758,45.702173],[-61.104267,45.697613],[-61.083937,45.701344],[-61.075982,45.710049],[-61.061839,45.712951],[-61.021179,45.729118],[-61.004385,45.742798],[-60.981403,45.756064],[-60.965493,45.759794],[-60.960189,45.766842],[-60.93544,45.7685],[-60.903619,45.766013],[-60.877101,45.756893],[-60.851468,45.754405],[-60.82495,45.735751],[-60.80904,45.733264],[-60.809924,45.71378],[-60.818763,45.706733],[-60.820531,45.692224],[-60.8497,45.672326],[-60.868262,45.667351],[-60.872682,45.661133],[-60.855887,45.651599],[-60.840861,45.652428],[-60.837325,45.673569],[-60.817879,45.687664],[-60.792246,45.686006],[-60.775451,45.692638],[-60.775451,45.706733],[-60.74805,45.705075],[-60.744514,45.731606],[-60.776335,45.741969],[-60.76838,45.75938],[-60.755121,45.763111],[-60.746282,45.777205],[-60.744514,45.792958],[-60.720649,45.80954],[-60.700318,45.817416]]],[[[-61.07333,45.802907],[-61.061839,45.817416],[-61.039742,45.818245],[-61.07333,45.802907]]],[[[-60.900083,45.571177],[-60.924833,45.560399],[-60.945163,45.557083],[-60.966377,45.549206],[-60.977868,45.536356],[-60.975216,45.518116],[-60.954886,45.51397],[-60.966377,45.499047],[-61.000849,45.480392],[-60.997314,45.4692],[-61.022947,45.468371],[-61.03267,45.48205],[-61.005269,45.494072],[-61.01676,45.502363],[-61.003501,45.512312],[-61.046813,45.507338],[-61.076866,45.511069],[-61.090125,45.528065],[-61.083937,45.533868],[-61.106035,45.541745],[-61.112223,45.552937],[-61.110455,45.564959],[-61.096312,45.57325],[-61.045929,45.583614],[-61.027367,45.590661],[-61.011456,45.583614],[-60.985823,45.584028],[-60.975216,45.591075],[-60.960189,45.588174],[-60.943395,45.592734],[-60.926601,45.581541],[-60.900083,45.571177]]],[[[-60.920413,45.508996],[-60.933672,45.496145],[-60.924833,45.489098],[-60.952234,45.479563],[-60.961073,45.484538],[-60.954002,45.512312],[-60.945163,45.517287],[-60.921297,45.516043],[-60.920413,45.508996]]]]}},{"type":"Feature","properties":{"fed_id":"120052083","name_en":"Port Hawkesbury","res":4,"role":"hex"},"geometry":{"type":"Polygon","coordinates":[[[-61.53385,46.003131],[-61.243926,46.015568],[-61.061839,45.817416],[-61.07333,45.802907],[-61.102499,45.792129],[-61.111339,45.781765],[-61.146695,45.760624],[-61.14316,45.744871],[-61.121946,45.741555],[-61.126365,45.73658],[-61.127249,45.735336],[-61.129901,45.732435],[-61.151115,45.723729],[-61.153767,45.715853],[-61.165257,45.710049],[-61.151115,45.705075],[-61.219176,45.618435],[-61.235971,45.622166],[-61.229783,45.605999],[-61.229783,45.60517],[-61.365022,45.599781],[-61.369442,45.623824],[-61.383584,45.636675],[-61.410102,45.647453],[-61.415405,45.640406],[-61.395959,45.628384],[-61.386236,45.598952],[-61.578045,45.590246],[-61.625777,45.64165],[-61.607215,45.651599],[-61.582465,45.642479],[-61.593956,45.671497],[-61.576278,45.681446],[-61.569206,45.692224],[-61.555948,45.688079],[-61.527662,45.693053],[-61.487886,45.692638],[-61.466672,45.681031],[-61.444574,45.659475],[-61.441923,45.651599],[-61.424244,45.64165],[-61.414521,45.647453],[-61.42336,45.664864],[-61.434851,45.67274],[-61.44811,45.697198],[-61.457833,45.703002],[-61.466672,45.722071],[-61.46402,45.744042],[-61.476395,45.771816],[-61.479047,45.784253],[-61.496725,45.804151],[-61.49319,45.817001],[-61.495841,45.838558],[-61.504681,45.860943],[-61.491422,45.894107],[-61.502913,45.907786],[-61.525011,45.926026],[-61.519707,45.931001],[-61.534734,45.951314],[-61.525011,45.960848],[-61.532966,45.970797],[-61.53385,46.003131]]]}},{"type":"Feature","properties":{"fed_id":"120052084","name_en":"Mulgrave","res":4,"role":"hex"},"geometry":{"type":"MultiPolygon","coordinates":[[[[-60.630489,46.140345],[-60.721532,46.241494],[-60.549169,46.453325],[-60.457242,46.456642],[-60.458126,46.430526],[-60.470501,46.415602],[-60.494366,46.392388],[-60.522652,46.373733],[-60.517348,46.348031],[-60.542982,46.320672],[-60.546517,46.307821],[-60.572151,46.277974],[-60.590713,46.269268],[-60.598668,46.237763],[-60.606624,46.234032],[-60.611043,46.220352],[-60.593365,46.220767],[-60.563312,46.24481],[-60.548285,46.265537],[-60.549169,46.272999],[-60.538562,46.291654],[-60.511161,46.30865],[-60.492599,46.314453],[-60.469617,46.334352],[-60.446635,46.345959],[-60.414814,46.342228],[-60.419234,46.325232],[-60.416582,46.294141],[-60.437796,46.291239],[-60.460778,46.268854],[-60.472269,46.265537],[-60.503206,46.234447],[-60.504089,46.227399],[-60.521768,46.224912],[-60.54475,46.209989],[-60.588945,46.15444],[-60.606624,46.144905],[-60.630489,46.140345]]],[[[-60.033847,46.243981],[-60.046222,46.228643],[-60.074507,46.221596],[-60.060365,46.212061],[-60.191184,46.053706],[-60.542098,46.042098],[-60.566847,46.070287],[-60.546517,46.076506],[-60.512929,46.093502],[-60.445751,46.145734],[-60.426305,46.147392],[-60.410395,46.168534],[-60.401555,46.187603],[-60.388297,46.202527],[-60.363547,46.210818],[-60.329958,46.214134],[-60.320235,46.209159],[-60.304325,46.228228],[-60.292834,46.250199],[-60.294602,46.272585],[-60.301673,46.280875],[-60.283995,46.292897],[-60.284879,46.309479],[-60.268084,46.304504],[-60.268084,46.292897],[-60.242451,46.263879],[-60.20621,46.256003],[-60.218585,46.231959],[-60.237147,46.213305],[-60.252174,46.205843],[-60.264549,46.191749],[-60.311396,46.167705],[-60.292834,46.154025],[-60.270736,46.170607],[-60.244219,46.184701],[-60.228308,46.187603],[-60.218585,46.164389],[-60.20621,46.154025],[-60.194719,46.173094],[-60.204443,46.187603],[-60.202675,46.202527],[-60.176157,46.236105],[-60.154943,46.250199],[-60.139033,46.255174],[-60.126658,46.26761],[-60.080695,46.254345],[-60.060365,46.252686],[-60.033847,46.243981]]],[[[-60.593365,46.099305],[-60.612811,46.121276],[-60.594249,46.132054],[-60.573919,46.156927],[-60.563312,46.173923],[-60.54475,46.192578],[-60.521768,46.200869],[-60.508509,46.209159],[-60.494366,46.225327],[-60.469617,46.245225],[-60.45459,46.252272],[-60.432492,46.269268],[-60.422769,46.283363],[-60.396252,46.300774],[-60.363547,46.317355],[-60.344985,46.322744],[-60.317584,46.325232],[-60.293718,46.335595],[-60.286647,46.323159],[-60.288414,46.296628],[-60.302557,46.281705],[-60.295486,46.270926],[-60.295486,46.256003],[-60.326423,46.23113],[-60.343217,46.224912],[-60.362663,46.24025],[-60.378574,46.24025],[-60.396252,46.226985],[-60.409511,46.226985],[-60.424537,46.21745],[-60.462546,46.181385],[-60.527955,46.147807],[-60.593365,46.099305]]]]}},{"type":"Feature","properties":{"fed_id":"120052085","name_en":"Cape Breton","res":4,"role":"hex"},"geometry":{"type":"Polygon","coordinates":[[[-60.580106,45.946754],[-60.610159,45.942608],[-60.628721,45.934732],[-60.542098,46.042098],[-60.191184,46.053706],[-60.033847,45.876281],[-60.055945,45.878768],[-60.061248,45.873379],[-60.093069,45.878354],[-60.101908,45.875867],[-60.117819,45.884987],[-60.150524,45.878354],[-60.172622,45.856798],[-60.166434,45.839801],[-60.154943,45.837314],[-60.138149,45.841045],[-60.12489,45.823634],[-60.108096,45.822805],[-60.092185,45.816172],[-60.082462,45.802078],[-60.095721,45.798762],[-60.116051,45.783423],[-60.135497,45.785911],[-60.169086,45.783009],[-60.1903,45.775133],[-60.221237,45.752333],[-60.234496,45.746529],[-60.22654,45.738238],[-60.227424,45.726631],[-60.24687,45.719169],[-60.252174,45.710464],[-60.278691,45.702588],[-60.300789,45.710878],[-60.320235,45.708391],[-60.342333,45.692638],[-60.355592,45.672326],[-60.370618,45.668595],[-60.403323,45.651599],[-60.414814,45.655744],[-60.424537,45.642479],[-60.456358,45.639162],[-60.49967,45.64621],[-60.498786,45.633359],[-60.534143,45.632115],[-60.700318,45.817416],[-60.686176,45.818245],[-60.664962,45.829023],[-60.6464,45.853481],[-60.613695,45.873379],[-60.60574,45.87255],[-60.584526,45.88623],[-60.53591,45.910274],[-60.529723,45.923125],[-60.501438,45.940535],[-60.491715,45.95007],[-60.45459,45.971212],[-60.437796,45.976186],[-60.41393,45.993182],[-60.397136,46.017226],[-60.425421,46.000644],[-60.450171,45.991939],[-60.457242,45.984892],[-60.498786,45.974113],[-60.510277,45.966237],[-60.534143,45.959604],[-60.562428,45.962092],[-60.58099,45.955873],[-60.580106,45.946754]]]}},{"type":"Feature","properties":{"fed_id":"130051793","name_en":"Cap-Pelé","res":4,"role":"hex"},"geometry":{"type":"MultiPolygon","coordinates":[[[[-64.433089,46.232788],[-64.437508,46.236934],[-64.413643,46.237348],[-64.392429,46.225327],[-64.376518,46.222839],[-64.322599,46.229887],[-64.294314,46.231545],[-64.273984,46.236519],[-64.229788,46.228643],[-64.210342,46.213305],[-64.182057,46.205843],[-64.159075,46.195065],[-64.144933,46.184701],[-64.161727,46.179312],[-64.17145,46.165218],[-64.1467,46.170607],[-64.138745,46.167705],[-64.111344,46.183043],[-64.107808,46.175996],[-64.09013,46.17268],[-64.087478,46.162316],[-64.068916,46.155683],[-64.061845,46.172265],[-64.039747,46.182214],[-64.015881,46.1818],[-63.989364,46.17724],[-63.980525,46.182629],[-63.959311,46.173094],[-63.924838,46.165632],[-63.904508,46.151952],[-63.863848,46.145734],[-63.850589,46.154025],[-63.901856,46.083138],[-64.116647,46.069044],[-64.255422,46.059924],[-64.431321,46.23113],[-64.433089,46.232788]]],[[[-64.104273,46.48566],[-63.941632,46.496023],[-63.933677,46.487733],[-63.92749,46.471151],[-63.916883,46.471151],[-63.869151,46.424722],[-63.838214,46.393631],[-63.834679,46.390315],[-63.870035,46.402751],[-63.889481,46.394875],[-63.901856,46.408969],[-63.915999,46.415602],[-63.939864,46.418089],[-63.956659,46.396533],[-63.982292,46.387828],[-64.00439,46.38534],[-64.030024,46.389071],[-64.058309,46.396948],[-64.13521,46.401922],[-64.133442,46.413529],[-64.142281,46.424307],[-64.12637,46.440475],[-64.112228,46.438816],[-64.10604,46.448765],[-64.11046,46.459129],[-64.100737,46.471151],[-64.104273,46.48566]]],[[[-63.783412,46.339326],[-63.744519,46.300359],[-63.745403,46.298701],[-63.749823,46.304919],[-63.772805,46.308235],[-63.794903,46.320257],[-63.809045,46.314868],[-63.817,46.331035],[-63.805509,46.341399],[-63.783412,46.339326]]]]}},{"type":"Feature","properties":{"fed_id":"130051795","name_en":"Bouctouche","res":4,"role":"hex"},"geometry":{"type":"MultiPolygon","coordinates":[[[[-64.843225,46.260563],[-64.886537,46.302846],[-64.89626,46.311552],[-64.898028,46.313624],[-64.897144,46.314868],[-64.898028,46.315697],[-64.898028,46.316526],[-64.89626,46.316941],[-64.895376,46.318599],[-64.893608,46.319843],[-64.893608,46.321915],[-64.866207,46.342228],[-64.888305,46.364199],[-64.87151,46.372075],[-64.869742,46.375391],[-64.867974,46.381609],[-64.870626,46.386999],[-64.864439,46.392802],[-64.854716,46.397362],[-64.833502,46.399435],[-64.81052,46.417675],[-64.761021,46.438816],[-64.713289,46.468249],[-64.689424,46.459958],[-64.667326,46.466591],[-64.650532,46.456642],[-64.629318,46.438402],[-64.617827,46.41726],[-64.611639,46.377879],[-64.616943,46.368344],[-64.611639,46.346788],[-64.634621,46.326475],[-64.682352,46.32689],[-64.694727,46.320672],[-64.701799,46.320672],[-64.715941,46.315697],[-64.720361,46.31321],[-64.728316,46.315283],[-64.731852,46.314868],[-64.74511,46.309479],[-64.746878,46.307821],[-64.746878,46.306577],[-64.750414,46.307406],[-64.752182,46.30409],[-64.762789,46.301188],[-64.763673,46.300774],[-64.764557,46.29953],[-64.766324,46.298701],[-64.768092,46.295799],[-64.772512,46.295384],[-64.776047,46.291654],[-64.775163,46.284606],[-64.783119,46.27673],[-64.791958,46.270097],[-64.806984,46.269268],[-64.812288,46.268025],[-64.815824,46.265952],[-64.819359,46.265537],[-64.822011,46.26305],[-64.824663,46.260563],[-64.826431,46.257661],[-64.832618,46.258905],[-64.831734,46.260563],[-64.834386,46.261806],[-64.843225,46.260563]]],[[[-64.898028,46.313624],[-64.953714,46.366271],[-64.938688,46.370417],[-64.922777,46.363784],[-64.909518,46.370831],[-64.901563,46.35881],[-64.881233,46.35425],[-64.867091,46.342642],[-64.893608,46.32233],[-64.893608,46.320257],[-64.89626,46.318599],[-64.89626,46.316941],[-64.898028,46.316526],[-64.898911,46.316112],[-64.898028,46.313624]]],[[[-64.953714,46.366686],[-65.012936,46.423064],[-64.928965,46.543696],[-64.928081,46.544525],[-64.927197,46.545354],[-64.927197,46.545769],[-64.922777,46.546183],[-64.919242,46.547427],[-64.91659,46.546183],[-64.906867,46.547841],[-64.908635,46.549085],[-64.91659,46.54867],[-64.905983,46.568568],[-64.908635,46.572714],[-64.905983,46.576445],[-64.905099,46.577688],[-64.874162,46.622045],[-64.872394,46.623288],[-64.872394,46.624532],[-64.859135,46.643186],[-64.858251,46.643186],[-64.850296,46.641114],[-64.844993,46.644015],[-64.844109,46.64443],[-64.843225,46.64443],[-64.745994,46.651063],[-64.74511,46.651063],[-64.710638,46.65355],[-64.712406,46.633237],[-64.707986,46.623703],[-64.720361,46.605048],[-64.721245,46.579347],[-64.712406,46.554474],[-64.685004,46.523798],[-64.672629,46.492293],[-64.675281,46.486074],[-64.713289,46.476125],[-64.737155,46.457056],[-64.770744,46.44006],[-64.788422,46.438816],[-64.814056,46.416431],[-64.842341,46.399849],[-64.857368,46.39902],[-64.869742,46.390729],[-64.87151,46.386169],[-64.868858,46.382439],[-64.869742,46.37622],[-64.873278,46.372075],[-64.87593,46.37166],[-64.889188,46.364613],[-64.890956,46.362126],[-64.909518,46.371246],[-64.922777,46.364613],[-64.938688,46.370417],[-64.953714,46.366686]]],[[[-64.622246,46.321915],[-64.615175,46.33601],[-64.570095,46.329792],[-64.574515,46.355908],[-64.561256,46.367515],[-64.534739,46.355493],[-64.526784,46.335595],[-64.511757,46.322744],[-64.529435,46.298286],[-64.556837,46.294555],[-64.564792,46.284606],[-64.590425,46.265952],[-64.608104,46.26305],[-64.631085,46.269683],[-64.644344,46.262221],[-64.646996,46.255588],[-64.648764,46.250199],[-64.648764,46.246054],[-64.652299,46.247297],[-64.654067,46.245639],[-64.655835,46.241494],[-64.662906,46.245639],[-64.674397,46.246468],[-64.690308,46.237763],[-64.70445,46.236934],[-64.713289,46.236105],[-64.81052,46.229472],[-64.842341,46.260148],[-64.834386,46.261392],[-64.832618,46.260563],[-64.833502,46.259319],[-64.831734,46.258076],[-64.827314,46.257246],[-64.824663,46.258076],[-64.824663,46.260563],[-64.822011,46.26305],[-64.817591,46.265123],[-64.81494,46.265952],[-64.812288,46.268025],[-64.806984,46.268854],[-64.791958,46.269683],[-64.776047,46.282534],[-64.77428,46.287923],[-64.776047,46.291654],[-64.768092,46.295384],[-64.766324,46.296214],[-64.766324,46.298286],[-64.763673,46.300774],[-64.760137,46.300359],[-64.753066,46.302846],[-64.750414,46.306992],[-64.746878,46.306163],[-64.745994,46.307821],[-64.744226,46.309479],[-64.738923,46.310308],[-64.731852,46.314868],[-64.721245,46.312381],[-64.716825,46.314039],[-64.714173,46.316112],[-64.700031,46.316526],[-64.691192,46.313624],[-64.682352,46.314868],[-64.680585,46.321086],[-64.622246,46.321915]]],[[[-64.606336,46.243981],[-64.683236,46.238592],[-64.676165,46.245225],[-64.655835,46.241079],[-64.654067,46.245639],[-64.652299,46.246883],[-64.648764,46.245639],[-64.64788,46.245639],[-64.648764,46.248956],[-64.64346,46.262221],[-64.631969,46.268854],[-64.619595,46.259734],[-64.596613,46.261806],[-64.606336,46.243981]]],[[[-64.565676,46.246468],[-64.604568,46.243981],[-64.598381,46.256832],[-64.565676,46.273414],[-64.560372,46.268854],[-64.569211,46.253516],[-64.565676,46.246468]]],[[[-64.535623,46.248541],[-64.536507,46.248541],[-64.545346,46.25849],[-64.547114,46.27217],[-64.528551,46.263465],[-64.535623,46.248541]]]]}},{"type":"Feature","properties":{"fed_id":"130051796","name_en":"Moncton","res":4,"role":"hex"},"geometry":{"type":"MultiPolygon","coordinates":[[[[-64.931616,46.056193],[-64.81052,46.229472],[-64.713289,46.236105],[-64.705334,46.236934],[-64.689424,46.238177],[-64.68412,46.238177],[-64.683236,46.238592],[-64.606336,46.243981],[-64.604568,46.243981],[-64.565676,46.246468],[-64.555953,46.219523],[-64.524132,46.239007],[-64.512641,46.241908],[-64.464026,46.232374],[-64.431321,46.23113],[-64.255422,46.059924],[-64.410991,45.841874],[-64.513525,45.834827],[-64.527667,45.841045],[-64.54181,45.857212],[-64.545346,45.869648],[-64.540042,45.914419],[-64.549765,45.907372],[-64.548881,45.878768],[-64.560372,45.868819],[-64.570979,45.873794],[-64.593961,45.895765],[-64.610755,45.918979],[-64.617827,45.935561],[-64.665558,45.970797],[-64.695611,46.002302],[-64.690308,46.021371],[-64.703566,46.05412],[-64.731852,46.069044],[-64.743343,46.087284],[-64.764557,46.092673],[-64.789306,46.074433],[-64.823779,46.070287],[-64.839689,46.057851],[-64.856484,46.051633],[-64.87593,46.055364],[-64.905099,46.051218],[-64.908635,46.057022],[-64.917474,46.05868],[-64.931616,46.056193]]],[[[-64.570095,45.830681],[-64.762789,45.817001],[-64.963437,46.010179],[-64.933384,46.053291],[-64.913054,46.057022],[-64.906867,46.048731],[-64.873278,46.052877],[-64.856484,46.048317],[-64.83527,46.054949],[-64.821127,46.066142],[-64.806984,46.064898],[-64.772512,46.076506],[-64.758369,46.085211],[-64.735387,46.061582],[-64.712406,46.047902],[-64.702683,46.030906],[-64.706218,46.008935],[-64.677933,45.965408],[-64.636389,45.933074],[-64.619595,45.894936],[-64.594845,45.869648],[-64.580702,45.862187],[-64.570979,45.84975],[-64.570095,45.830681]]]]}},{"type":"Feature","properties":{"fed_id":"130051808","name_en":"Studholm","res":4,"role":"hex"},"geometry":{"type":"Polygon","coordinates":[[[-65.965796,45.874623],[-66.023251,45.927685],[-65.875637,46.148222],[-65.750121,46.158171],[-65.520303,46.176411],[-65.397439,46.060338],[-65.6414,45.889961],[-65.397439,46.060338],[-65.317003,45.983648],[-65.415117,45.839801],[-65.466384,45.764354],[-65.818182,45.736166],[-65.965796,45.874623]]]}},{"type":"Feature","properties":{"fed_id":"130051810","name_en":"Saint Marys","res":4,"role":"hex"},"geometry":{"type":"Polygon","coordinates":[[[-66.023251,45.927685],[-66.376816,45.897837],[-66.58542,46.088527],[-66.439574,46.310308],[-66.223015,46.328548],[-66.083357,46.340155],[-65.875637,46.148222],[-66.023251,45.927685]]]}},{"type":"Feature","properties":{"fed_id":"130051811","name_en":"Rogersville","res":4,"role":"hex"},"geometry":{"type":"MultiPolygon","coordinates":[[[[-65.522955,46.66723],[-65.423957,46.811076],[-65.06332,46.838022],[-65.016472,46.793251],[-65.037686,46.792007],[-65.036802,46.792007],[-65.015588,46.792422],[-64.967857,46.747237],[-64.981999,46.740604],[-64.966089,46.745578],[-64.928965,46.709928],[-64.928081,46.708684],[-64.911286,46.693346],[-64.873278,46.656866],[-64.869742,46.648161],[-64.917474,46.628263],[-64.922777,46.620386],[-64.924545,46.595928],[-64.945759,46.584736],[-64.981116,46.587637],[-65.003213,46.569398],[-65.041222,46.551158],[-65.070391,46.523383],[-65.088953,46.526285],[-65.096908,46.517165],[-65.116354,46.512191],[-65.131381,46.511362],[-65.147291,46.505972],[-65.175577,46.512605],[-65.194139,46.512191],[-65.204746,46.506802],[-65.193255,46.512191],[-65.175577,46.512605],[-65.147291,46.505972],[-65.130497,46.510947],[-65.11989,46.506802],[-65.106631,46.512605],[-65.08365,46.516336],[-65.058016,46.529187],[-65.055364,46.537063],[-65.039454,46.537892],[-65.03415,46.551987],[-65.006749,46.563594],[-64.994374,46.563179],[-64.978464,46.58059],[-64.936036,46.583078],[-64.922777,46.593856],[-64.911286,46.583492],[-64.909518,46.57147],[-64.911286,46.568154],[-64.914822,46.563179],[-64.918358,46.558619],[-64.918358,46.558205],[-64.926313,46.547841],[-64.928081,46.546598],[-64.928965,46.543696],[-65.012936,46.423064],[-65.370038,46.396533],[-65.57599,46.590125],[-65.522955,46.66723]]],[[[-64.914822,46.588052],[-64.908635,46.618728],[-64.884769,46.636968],[-64.877698,46.631994],[-64.876814,46.625361],[-64.874162,46.624946],[-64.872394,46.623288],[-64.873278,46.622874],[-64.874162,46.622045],[-64.905099,46.577688],[-64.914822,46.588052]]],[[[-64.862671,46.646917],[-64.859135,46.643186],[-64.872394,46.624532],[-64.880349,46.63987],[-64.862671,46.646917]]]]}},{"type":"Feature","properties":{"fed_id":"130051812","name_en":"Salisbury","res":4,"role":"hex"},"geometry":{"type":"Polygon","coordinates":[[[-65.397439,46.060338],[-65.520303,46.176411],[-65.460197,46.264708],[-65.370038,46.396533],[-65.012936,46.423064],[-64.953714,46.366686],[-64.953714,46.366271],[-64.898028,46.313624],[-64.898911,46.31321],[-64.897144,46.31321],[-64.89626,46.311966],[-64.89626,46.311552],[-64.886537,46.302846],[-64.843225,46.260563],[-64.842341,46.260148],[-64.81052,46.229472],[-64.931616,46.056193],[-64.933384,46.053291],[-64.963437,46.010179],[-65.317003,45.983648],[-65.397439,46.060338]]]}},{"type":"Feature","properties":{"fed_id":"130051813","name_en":"Blackville","res":4,"role":"hex"},"geometry":{"type":"Polygon","coordinates":[[[-65.934859,46.561936],[-66.144347,46.754698],[-65.994081,46.976894],[-65.652006,47.003839],[-65.63256,47.005497],[-65.629025,47.002595],[-65.423957,46.811076],[-65.522955,46.66723],[-65.57599,46.590125],[-65.873869,46.566496],[-65.934859,46.561936]]]}},{"type":"Feature","properties":{"fed_id":"130051816","name_en":"Sussex","res":4,"role":"hex"},"geometry":{"type":"Polygon","coordinates":[[[-65.907458,45.462981],[-65.964912,45.516458],[-65.818182,45.736166],[-65.466384,45.764354],[-65.448706,45.747358],[-65.438983,45.738653],[-65.301093,45.607243],[-65.264852,45.572421],[-65.360315,45.431891],[-65.387716,45.421527],[-65.401859,45.419454],[-65.414234,45.410749],[-65.453126,45.396655],[-65.458429,45.381316],[-65.479643,45.370953],[-65.506161,45.365978],[-65.533562,45.356029],[-65.542401,45.343593],[-65.761612,45.325768],[-65.841164,45.4008],[-65.907458,45.462981]]]}},{"type":"Feature","properties":{"fed_id":"130051820","name_en":"Petitcodiac","res":4,"role":"hex"},"geometry":{"type":"Polygon","coordinates":[[[-65.438983,45.738653],[-65.448706,45.747358],[-65.466384,45.764354],[-65.415117,45.839801],[-65.317003,45.983648],[-64.963437,46.010179],[-64.762789,45.817001],[-64.887421,45.63709],[-64.909518,45.60517],[-64.933384,45.599781],[-64.956366,45.606828],[-64.955482,45.60517],[-64.948411,45.596464],[-65.264852,45.572421],[-65.301093,45.607243],[-65.438983,45.738653]]]}},{"type":"Feature","properties":{"fed_id":"130051835","name_en":"Neguac","res":4,"role":"hex"},"geometry":{"type":"MultiPolygon","coordinates":[[[[-65.072159,47.232252],[-65.085417,47.225205],[-65.088069,47.227692],[-65.072159,47.232252]]],[[[-65.053596,47.257125],[-65.06332,47.255052],[-65.091605,47.231838],[-65.110167,47.248834],[-65.115471,47.253809],[-64.959018,47.475589],[-64.882117,47.480978],[-64.880349,47.480978],[-64.877698,47.481393],[-64.87593,47.481393],[-64.870626,47.481807],[-64.87151,47.468542],[-64.898911,47.412579],[-64.901563,47.399313],[-64.927197,47.394339],[-64.928081,47.385219],[-64.944875,47.369881],[-64.949295,47.351226],[-64.965205,47.347081],[-64.956366,47.335059],[-64.962553,47.313088],[-64.959902,47.299823],[-64.974928,47.277023],[-64.989071,47.281168],[-65.017356,47.277438],[-65.027079,47.269147],[-65.053596,47.257125]]],[[[-64.815824,47.065191],[-64.908635,47.058559],[-64.927197,47.076384],[-64.884769,47.080529],[-64.856484,47.080529],[-64.8061,47.075969],[-64.815824,47.065191]]]]}},{"type":"Feature","properties":{"fed_id":"130051837","name_en":"Tracadie","res":4,"role":"hex"},"geometry":{"type":"MultiPolygon","coordinates":[[[[-65.409814,47.232667],[-65.479643,47.227278],[-65.623721,47.360761],[-65.690015,47.422113],[-65.572454,47.592076],[-65.53533,47.644723],[-65.430144,47.652599],[-65.168505,47.671668],[-65.055364,47.565545],[-65.004097,47.517873],[-64.959018,47.475589],[-65.115471,47.253809],[-65.409814,47.232667],[-65.420421,47.241372],[-65.409814,47.232667]],[[-65.467268,47.247176],[-65.461965,47.240958],[-65.461965,47.236812],[-65.460197,47.233496],[-65.464617,47.232252],[-65.462849,47.23018],[-65.461081,47.228936],[-65.459313,47.228936],[-65.446938,47.232667],[-65.454894,47.232252],[-65.460197,47.228936],[-65.461965,47.229351],[-65.464617,47.231838],[-65.460197,47.233496],[-65.459313,47.235569],[-65.461081,47.237227],[-65.461081,47.241372],[-65.467268,47.247176]]],[[[-65.446938,47.232667],[-65.435447,47.241787],[-65.421305,47.241372],[-65.446938,47.232667]]]]}},{"type":"Feature","properties":{"fed_id":"130051838","name_en":"Miramichi","res":4,"role":"hex"},"geometry":{"type":"MultiPolygon","coordinates":[[[[-65.629025,47.002595],[-65.629909,47.002595],[-65.63256,47.005497],[-65.479643,47.227278],[-65.409814,47.232667],[-65.412466,47.226863],[-65.415117,47.22562],[-65.418653,47.223132],[-65.419537,47.22106],[-65.423073,47.219816],[-65.423073,47.215671],[-65.431028,47.216085],[-65.439867,47.211111],[-65.441635,47.203649],[-65.438983,47.201576],[-65.438983,47.201162],[-65.438983,47.199503],[-65.43368,47.199503],[-65.418653,47.201576],[-65.414234,47.194943],[-65.407162,47.191627],[-65.405394,47.189554],[-65.399207,47.191213],[-65.3886,47.189969],[-65.390368,47.187067],[-65.391252,47.185823],[-65.383297,47.177118],[-65.376225,47.174631],[-65.377109,47.172558],[-65.377109,47.1709],[-65.373573,47.170071],[-65.37269,47.165511],[-65.378877,47.144784],[-65.37269,47.143126],[-65.370922,47.141053],[-65.366502,47.143126],[-65.37269,47.138151],[-65.377993,47.130275],[-65.380645,47.12074],[-65.376225,47.114937],[-65.382413,47.11162],[-65.377109,47.10706],[-65.36827,47.107889],[-65.355895,47.104573],[-65.354127,47.093795],[-65.374457,47.083846],[-65.408046,47.075969],[-65.423073,47.067679],[-65.461965,47.055242],[-65.476108,47.036173],[-65.499973,47.023737],[-65.546821,47.01669],[-65.549472,47.010057],[-65.49025,47.018763],[-65.467268,47.033272],[-65.461965,47.042806],[-65.444287,47.052755],[-65.421305,47.058973],[-65.386832,47.072239],[-65.340869,47.077628],[-65.315235,47.072239],[-65.301976,47.060631],[-65.283414,47.065191],[-65.275459,47.080115],[-65.256897,47.070166],[-65.218005,47.081359],[-65.20563,47.082188],[-65.204746,47.061875],[-65.218005,47.038246],[-65.152595,47.040319],[-65.138452,47.032028],[-65.133149,47.022908],[-65.120774,47.018763],[-65.122542,47.003839],[-65.107515,47.002595],[-65.111051,46.995548],[-65.111051,46.986428],[-65.103096,46.972334],[-65.110167,46.957825],[-65.115471,46.958239],[-65.120774,46.955337],[-65.120774,46.952021],[-65.125194,46.950363],[-65.128729,46.946632],[-65.131381,46.944559],[-65.132265,46.943316],[-65.130497,46.941243],[-65.128729,46.940414],[-65.128729,46.938341],[-65.141104,46.927563],[-65.135801,46.903519],[-65.177345,46.890669],[-65.135801,46.903105],[-65.132265,46.91181],[-65.135801,46.93005],[-65.127845,46.93917],[-65.127845,46.940414],[-65.131381,46.942072],[-65.131381,46.944559],[-65.128729,46.946217],[-65.12431,46.950363],[-65.120774,46.951606],[-65.119006,46.956166],[-65.110167,46.95741],[-65.102212,46.971919],[-65.110167,46.986428],[-65.10398,46.99389],[-65.110167,46.996792],[-65.106631,47.000108],[-65.107515,47.004253],[-65.121658,47.005497],[-65.117238,47.01669],[-65.142872,47.038661],[-65.141104,47.050682],[-65.101328,47.074311],[-65.076578,47.07058],[-65.031499,47.085089],[-65.016472,47.085504],[-65.027079,47.064362],[-65.020008,47.077213],[-65.003213,47.074726],[-65.004097,47.063948],[-64.994374,47.051097],[-64.959018,47.052341],[-64.947527,47.058559],[-64.943107,47.075555],[-64.927197,47.076384],[-64.908635,47.058559],[-65.06332,46.838022],[-65.423957,46.811076],[-65.629025,47.002595]]],[[[-65.126077,47.246347],[-65.110167,47.248834],[-65.091605,47.231838],[-65.106631,47.221889],[-65.119006,47.220231],[-65.126077,47.246347]]],[[[-65.421305,47.220231],[-65.418653,47.22106],[-65.418653,47.222718],[-65.415117,47.225205],[-65.411582,47.226863],[-65.409814,47.232667],[-65.115471,47.253809],[-65.110167,47.248834],[-65.126077,47.246347],[-65.118122,47.217743],[-65.113703,47.206551],[-65.1853,47.162609],[-65.233915,47.136078],[-65.255129,47.127787],[-65.275459,47.112864],[-65.299325,47.110791],[-65.345288,47.090893],[-65.353243,47.104988],[-65.375341,47.111206],[-65.375341,47.11618],[-65.380645,47.120326],[-65.376225,47.124057],[-65.377993,47.130275],[-65.371806,47.137736],[-65.36385,47.13898],[-65.365618,47.143126],[-65.370038,47.141467],[-65.37269,47.143126],[-65.378877,47.144784],[-65.371806,47.165925],[-65.37269,47.170071],[-65.377109,47.171314],[-65.375341,47.173802],[-65.376225,47.17546],[-65.377993,47.176289],[-65.3886,47.184165],[-65.3886,47.186238],[-65.390368,47.187067],[-65.387716,47.18914],[-65.3886,47.189969],[-65.399207,47.191627],[-65.405394,47.189554],[-65.421305,47.220231]]],[[[-65.042106,47.18458],[-65.035918,47.178776],[-65.031499,47.155562],[-65.043873,47.156805],[-65.052713,47.1709],[-65.042106,47.18458]]],[[[-65.421305,47.220231],[-65.407162,47.191627],[-65.417769,47.201576],[-65.426608,47.202405],[-65.43368,47.199503],[-65.438983,47.199918],[-65.438983,47.202405],[-65.441635,47.204063],[-65.438983,47.211525],[-65.431028,47.215671],[-65.423073,47.215671],[-65.421305,47.220231]]]]}},{"type":"Feature","properties":{"fed_id":"130051841","name_en":"Caraquet","res":4,"role":"hex"},"geometry":{"type":"MultiPolygon","coordinates":[[[[-65.168505,47.671668],[-65.129613,47.726802],[-65.082766,47.791886],[-65.073927,47.788984],[-65.061552,47.771159],[-65.03415,47.778206],[-65.000562,47.773231],[-64.987303,47.784424],[-64.964321,47.792715],[-64.911286,47.796446],[-64.886537,47.804322],[-64.876814,47.799762],[-64.844109,47.809297],[-64.802565,47.803908],[-64.786654,47.780279],[-64.783119,47.766599],[-64.799913,47.753333],[-64.831734,47.753748],[-64.856484,47.746701],[-64.841457,47.739653],[-64.831734,47.743384],[-64.815824,47.737995],[-64.793726,47.739653],[-64.784887,47.728875],[-64.78577,47.711879],[-64.756601,47.702344],[-64.754833,47.725559],[-64.771628,47.725559],[-64.776047,47.745871],[-64.771628,47.754991],[-64.744226,47.750431],[-64.740691,47.764111],[-64.720361,47.757479],[-64.72478,47.746286],[-64.703566,47.746286],[-64.697379,47.73385],[-64.674397,47.727632],[-64.669978,47.718926],[-64.686772,47.706904],[-64.720361,47.694468],[-64.731852,47.699028],[-64.756601,47.691981],[-64.754833,47.685763],[-64.8061,47.670425],[-64.825547,47.687421],[-64.852064,47.688664],[-64.846761,47.674985],[-64.815824,47.670839],[-64.821127,47.662963],[-64.802565,47.657159],[-64.814056,47.639748],[-64.799029,47.632287],[-64.811404,47.611559],[-64.843225,47.585443],[-64.876814,47.582127],[-64.885653,47.565545],[-64.905983,47.551036],[-64.890956,47.52036],[-64.905983,47.513727],[-64.882117,47.480978],[-64.959018,47.475589],[-65.004097,47.517873],[-65.055364,47.565545],[-65.168505,47.671668]]],[[[-65.05448,47.832511],[-65.003213,47.837486],[-64.978464,47.831682],[-64.985535,47.821733],[-65.023543,47.808053],[-65.062436,47.789813],[-65.081882,47.793129],[-65.05448,47.832511]]],[[[-64.758369,47.822562],[-64.760137,47.793544],[-64.764557,47.781522],[-64.782235,47.78774],[-64.800797,47.803493],[-64.791074,47.812613],[-64.791074,47.826707],[-64.758369,47.822562]]],[[[-64.604568,47.884743],[-64.578935,47.860285],[-64.577167,47.858627],[-64.532971,47.816758],[-64.560372,47.790642],[-64.578935,47.767842],[-64.598381,47.757064],[-64.614291,47.740897],[-64.650532,47.725144],[-64.657603,47.747115],[-64.683236,47.747115],[-64.694727,47.754162],[-64.692076,47.764111],[-64.658487,47.777791],[-64.637273,47.782766],[-64.654067,47.790642],[-64.670862,47.803908],[-64.681469,47.786082],[-64.697379,47.78774],[-64.68854,47.801835],[-64.669978,47.814271],[-64.706218,47.810126],[-64.705334,47.835413],[-64.687656,47.857798],[-64.675281,47.858627],[-64.665558,47.869405],[-64.639041,47.876453],[-64.634621,47.885573],[-64.604568,47.884743]]]]}},{"type":"Feature","properties":{"fed_id":"130051891","name_en":"Edmundston","res":4,"role":"hex"},"geometry":{"type":"MultiPolygon","coordinates":[[[[-68.326731,47.614876],[-68.248947,47.622752],[-68.242759,47.623167],[-68.250715,47.603269],[-68.241875,47.594149],[-68.236572,47.590832],[-68.227733,47.588345],[-68.230385,47.586272],[-68.233036,47.579225],[-68.234804,47.57964],[-68.236572,47.573007],[-68.220662,47.557669],[-68.217126,47.53404],[-68.210055,47.530723],[-68.203867,47.512898],[-68.196796,47.500876],[-68.19768,47.495487],[-68.202983,47.491342],[-68.203867,47.488026],[-68.202983,47.486367],[-68.198564,47.483051],[-68.209171,47.477247],[-68.220662,47.477247],[-68.21801,47.469786],[-68.234804,47.469371],[-68.235688,47.457764],[-68.219778,47.449058],[-68.218894,47.437451],[-68.19768,47.419211],[-68.190608,47.408019],[-68.175582,47.403459],[-68.174698,47.394339],[-68.165859,47.383146],[-68.157904,47.37983],[-68.155252,47.378172],[-68.1526,47.371124],[-68.1526,47.368223],[-68.13227,47.345423],[-68.134922,47.336717],[-68.134038,47.328012],[-68.13227,47.325525],[-68.129618,47.324281],[-68.126083,47.324695],[-68.127851,47.323037],[-68.127851,47.321794],[-68.124315,47.320135],[-68.123431,47.318477],[-68.124315,47.316405],[-68.124315,47.314332],[-68.129618,47.313088],[-68.130502,47.309357],[-68.134922,47.308528],[-68.137574,47.307285],[-68.151716,47.309772],[-68.1526,47.32511],[-68.176466,47.32967],[-68.200331,47.339619],[-68.215358,47.340034],[-68.227733,47.354128],[-68.237456,47.35703],[-68.257786,47.352884],[-68.278116,47.359932],[-68.310821,47.358688],[-68.332035,47.360761],[-68.361204,47.356201],[-68.38065,47.342521],[-68.38507,47.318892],[-68.467274,47.388121],[-68.326731,47.614876]]],[[[-68.241875,47.594149],[-68.250715,47.604098],[-68.249831,47.60617],[-68.241875,47.623167],[-68.086307,47.638505],[-67.959023,47.650941],[-67.736276,47.459422],[-67.830855,47.309357],[-67.838811,47.304797],[-67.840578,47.303139],[-67.842346,47.302725],[-67.844114,47.301481],[-67.844998,47.301067],[-67.846766,47.301481],[-67.846766,47.300237],[-67.84765,47.296507],[-67.852069,47.292776],[-67.852953,47.290288],[-67.854721,47.289874],[-67.858257,47.290288],[-67.860024,47.286972],[-67.873283,47.281998],[-67.898033,47.26583],[-67.898917,47.26583],[-67.900685,47.260027],[-67.903336,47.25671],[-67.905104,47.255052],[-67.907756,47.25671],[-67.911291,47.25671],[-67.913943,47.250492],[-67.92455,47.245518],[-67.929854,47.228521],[-68.000567,47.221889],[-68.019129,47.2393],[-68.047414,47.254223],[-68.069512,47.259612],[-68.081003,47.271219],[-68.119895,47.287801],[-68.145529,47.304797],[-68.131386,47.308528],[-68.130502,47.309772],[-68.129618,47.312674],[-68.126083,47.313088],[-68.125199,47.313503],[-68.124315,47.314746],[-68.123431,47.319306],[-68.126083,47.320965],[-68.126967,47.322623],[-68.125199,47.324695],[-68.126967,47.326354],[-68.130502,47.32511],[-68.133154,47.326768],[-68.134922,47.336717],[-68.13227,47.345837],[-68.150832,47.367393],[-68.1526,47.374441],[-68.154368,47.377757],[-68.15702,47.380244],[-68.164975,47.382732],[-68.163207,47.385633],[-68.168511,47.393095],[-68.173814,47.394339],[-68.175582,47.403873],[-68.182653,47.410506],[-68.190608,47.408433],[-68.219778,47.453618],[-68.225081,47.466469],[-68.216242,47.469371],[-68.209171,47.476833],[-68.195028,47.482636],[-68.199448,47.48388],[-68.202099,47.486782],[-68.202099,47.490927],[-68.196796,47.495902],[-68.195912,47.500462],[-68.198564,47.505851],[-68.209171,47.530723],[-68.217126,47.534454],[-68.220662,47.558083],[-68.235688,47.573007],[-68.234804,47.577981],[-68.232152,47.579225],[-68.229501,47.585858],[-68.226849,47.586272],[-68.227733,47.58876],[-68.241875,47.594149]]],[[[-67.898917,47.26583],[-67.898033,47.26583],[-67.872399,47.281998],[-67.86356,47.284899],[-67.853837,47.289874],[-67.852069,47.290703],[-67.852069,47.292361],[-67.84765,47.296507],[-67.846766,47.298579],[-67.844998,47.299408],[-67.846766,47.300652],[-67.844114,47.301481],[-67.841462,47.300652],[-67.838811,47.301896],[-67.830855,47.309357],[-67.878587,47.233496],[-67.929854,47.228521],[-67.92455,47.245518],[-67.913059,47.250492],[-67.910408,47.256296],[-67.907756,47.256296],[-67.907756,47.254638],[-67.905104,47.255052],[-67.901568,47.257954],[-67.900685,47.260027],[-67.898917,47.26583]]]]}},{"type":"Feature","properties":{"fed_id":"130051892","name_en":"Grand Falls / Grand-Sault","res":4,"role":"hex"},"geometry":{"type":"MultiPolygon","coordinates":[[[[-68.000567,47.221889],[-67.929854,47.228521],[-67.929854,47.220231],[-67.929854,47.219816],[-67.923666,47.209452],[-67.92455,47.197431],[-67.935157,47.191627],[-67.94488,47.184994],[-67.952835,47.197016],[-67.991728,47.213183],[-68.000567,47.221889]]],[[[-67.94488,47.184994],[-67.935157,47.191627],[-67.922782,47.197845],[-67.920131,47.206551],[-67.929854,47.219816],[-67.929854,47.220231],[-67.929854,47.228521],[-67.878587,47.233496],[-67.713295,47.090064],[-67.715946,47.087991],[-67.707991,47.075969],[-67.707107,47.071824],[-67.709759,47.069751],[-67.712411,47.069337],[-67.715063,47.070166],[-67.714179,47.067679],[-67.715063,47.06602],[-67.719482,47.066435],[-67.723902,47.063948],[-67.731857,47.065606],[-67.732741,47.061875],[-67.74158,47.055242],[-67.745116,47.050268],[-67.756606,47.0569],[-67.776937,47.061046],[-67.815829,47.081773],[-67.881238,47.104988],[-67.889194,47.1253],[-67.909524,47.1481],[-67.923666,47.153904],[-67.935157,47.165511],[-67.94488,47.184994]]],[[[-67.699152,46.978137],[-67.789311,46.834705],[-67.790195,47.066435],[-67.779588,47.059802],[-67.761026,47.056486],[-67.746883,47.047781],[-67.730973,47.027053],[-67.730973,47.00757],[-67.715946,46.999279],[-67.708875,46.984355],[-67.699152,46.978137]]],[[[-67.707991,47.075969],[-67.708875,47.086333],[-67.658492,47.042806],[-67.672635,47.020421],[-67.699152,46.978966],[-67.715946,47.000523],[-67.730089,47.012544],[-67.728321,47.028712],[-67.73716,47.039075],[-67.730089,47.044464],[-67.731857,47.050268],[-67.74158,47.054828],[-67.732741,47.061875],[-67.723018,47.063948],[-67.719482,47.066435],[-67.715063,47.065606],[-67.713295,47.069337],[-67.710643,47.068922],[-67.707991,47.070166],[-67.707107,47.07141],[-67.707107,47.072653],[-67.707991,47.075969]]],[[[-67.712411,47.090064],[-67.708875,47.086333],[-67.707991,47.075969],[-67.712411,47.090064]]]]}},{"type":"Feature","properties":{"fed_id":"130051898","name_en":"Florenceville-Bristol","res":4,"role":"hex"},"geometry":{"type":"MultiPolygon","coordinates":[[[[-67.582475,46.627434],[-67.223606,46.661012],[-67.070689,46.525456],[-67.109581,46.477369],[-67.176759,46.391558],[-67.206812,46.351762],[-67.26515,46.278388],[-67.303158,46.233203],[-67.507343,46.213719],[-67.512646,46.217865],[-67.613412,46.306992],[-67.723902,46.40358],[-67.582475,46.627434]]],[[[-67.26515,46.278388],[-67.206812,46.351762],[-67.176759,46.391558],[-67.109581,46.477369],[-67.070689,46.525456],[-67.008815,46.470322],[-67.152009,46.247297],[-67.302275,46.233203],[-67.26515,46.278388]]]]}},{"type":"Feature","properties":{"fed_id":"130051899","name_en":"Nackawic","res":4,"role":"hex"},"geometry":{"type":"Polygon","coordinates":[[[-67.647885,45.990695],[-67.507343,46.213719],[-67.303158,46.233203],[-67.302275,46.233203],[-67.152009,46.247297],[-66.93987,46.057022],[-67.08218,45.834827],[-67.434862,45.801663],[-67.633742,45.978259],[-67.647885,45.990695]]]}},{"type":"Feature","properties":{"fed_id":"130051901","name_en":"Wakefield","res":4,"role":"hex"},"geometry":{"type":"Polygon","coordinates":[[[-67.784008,46.397362],[-67.723902,46.40358],[-67.613412,46.306992],[-67.512646,46.217865],[-67.507343,46.213719],[-67.647885,45.990695],[-67.781356,45.977844],[-67.781356,46.134542],[-67.78224,46.27673],[-67.784008,46.397362]]]}},{"type":"Feature","properties":{"fed_id":"130051903","name_en":"Stanley","res":4,"role":"hex"},"geometry":{"type":"Polygon","coordinates":[[[-67.152009,46.247297],[-67.008815,46.470322],[-66.885067,46.4811],[-66.65083,46.501827],[-66.439574,46.310308],[-66.58542,46.088527],[-66.93987,46.057022],[-67.152009,46.247297]]]}},{"type":"Feature","properties":{"fed_id":"130051904","name_en":"Perth-Andover","res":4,"role":"hex"},"geometry":{"type":"MultiPolygon","coordinates":[[[[-67.715946,46.809833],[-67.710643,46.828073],[-67.691197,46.848385],[-67.690313,46.869941],[-67.707991,46.916785],[-67.697384,46.930879],[-67.681474,46.940828],[-67.675286,46.948705],[-67.673519,46.958239],[-67.699152,46.978966],[-67.672635,47.020421],[-67.658492,47.042806],[-67.585127,47.049853],[-67.590431,47.04405],[-67.593082,47.043221],[-67.59485,47.041148],[-67.595734,47.039075],[-67.593082,47.033686],[-67.597502,47.033686],[-67.601921,47.031199],[-67.601921,47.027882],[-67.606341,47.026639],[-67.601921,47.027882],[-67.601038,47.030784],[-67.593082,47.033686],[-67.59485,47.040733],[-67.593082,47.043221],[-67.587779,47.04405],[-67.584243,47.046537],[-67.585127,47.049024],[-67.584243,47.049853],[-67.582475,47.049853],[-67.580708,47.048195],[-67.57894,47.047366],[-67.576288,47.048195],[-67.576288,47.04861],[-67.576288,47.050268],[-67.296087,47.076384],[-67.155545,46.953265],[-67.078644,46.884865],[-67.223606,46.661012],[-67.582475,46.627434],[-67.789311,46.808175],[-67.789311,46.834705],[-67.699152,46.978137],[-67.678822,46.961141],[-67.677054,46.94829],[-67.684126,46.940414],[-67.694732,46.93461],[-67.707991,46.920101],[-67.706223,46.904763],[-67.701804,46.898959],[-67.698268,46.881549],[-67.692965,46.870356],[-67.693849,46.848385],[-67.713295,46.827244],[-67.715946,46.809833]],[[-67.657608,46.97109],[-67.654956,46.974406],[-67.656724,46.972748],[-67.657608,46.97109],[-67.66026,46.969846],[-67.657608,46.970261],[-67.657608,46.97109]]],[[[-67.576288,47.04861],[-67.576288,47.048195],[-67.581591,47.049853],[-67.576288,47.050268],[-67.576288,47.04861]]]]}},{"type":"Feature","properties":{"fed_id":"130051930","name_en":"Bathurst","res":4,"role":"hex"},"geometry":{"type":"Polygon","coordinates":[[[-66.117829,47.811784],[-65.911877,47.827951],[-65.781058,47.8379],[-65.749237,47.840387],[-65.731559,47.824635],[-65.724487,47.811784],[-65.724487,47.800591],[-65.714764,47.787326],[-65.708577,47.767428],[-65.711229,47.76038],[-65.705925,47.741726],[-65.705925,47.725973],[-65.698854,47.711879],[-65.672337,47.68825],[-65.627257,47.663377],[-65.642283,47.659646],[-65.65731,47.647625],[-65.674104,47.640992],[-65.658194,47.621923],[-65.635212,47.619436],[-65.621069,47.626898],[-65.626373,47.636432],[-65.605159,47.643894],[-65.607811,47.654672],[-65.595436,47.66089],[-65.561847,47.668766],[-65.53533,47.644723],[-65.572454,47.592076],[-65.690015,47.422113],[-66.055071,47.39351],[-66.269863,47.58793],[-66.117829,47.811784]]]}},{"type":"Feature","properties":{"fed_id":"130051932","name_en":"Atholville","res":4,"role":"hex"},"geometry":{"type":"Polygon","coordinates":[[[-66.633151,47.982161],[-66.579233,47.986721],[-66.34146,48.006205],[-66.330853,48.003303],[-66.117829,47.811784],[-66.269863,47.58793],[-66.636687,47.557669],[-66.855014,47.750846],[-66.704748,47.975943],[-66.633151,47.982161]]]}},{"type":"Feature","properties":{"fed_id":"130051969","name_en":"St. George","res":4,"role":"hex"},"geometry":{"type":"MultiPolygon","coordinates":[[[[-66.940754,45.0103],[-66.946057,45.015275],[-66.93987,45.025638],[-66.940754,45.0103]]],[[[-66.912468,45.068336],[-66.9107,45.070409],[-66.892138,45.099842],[-66.892138,45.100671],[-66.89037,45.102743],[-66.89037,45.103158],[-66.89037,45.103572],[-66.873576,45.108547],[-66.864737,45.121398],[-66.844407,45.119325],[-66.8338,45.121398],[-66.821425,45.126787],[-66.824961,45.127616],[-66.822309,45.133005],[-66.824961,45.138394],[-66.832916,45.139223],[-66.835568,45.150001],[-66.830264,45.158292],[-66.814354,45.162438],[-66.815238,45.148758],[-66.789604,45.14171],[-66.778997,45.159536],[-66.780765,45.175703],[-66.778997,45.20555],[-66.804631,45.210939],[-66.81347,45.204306],[-66.796676,45.191456],[-66.794024,45.17819],[-66.801979,45.168241],[-66.823193,45.161609],[-66.839987,45.162438],[-66.847943,45.169485],[-66.846175,45.172387],[-66.844407,45.175703],[-66.805515,45.235397],[-66.458136,45.266488],[-66.31671,45.136321],[-66.331737,45.122227],[-66.348531,45.125958],[-66.368861,45.118496],[-66.367977,45.105645],[-66.408637,45.099427],[-66.411289,45.086576],[-66.426315,45.07414],[-66.449297,45.072482],[-66.466092,45.065849],[-66.466975,45.086991],[-66.478466,45.111034],[-66.470511,45.121812],[-66.500564,45.129274],[-66.482886,45.14254],[-66.484654,45.149172],[-66.47935,45.156219],[-66.470511,45.159536],[-66.462556,45.169485],[-66.474047,45.167412],[-66.48377,45.176947],[-66.470511,45.161609],[-66.489957,45.15083],[-66.495261,45.14171],[-66.49968,45.143783],[-66.514707,45.138809],[-66.514707,45.12803],[-66.539456,45.135492],[-66.551831,45.12803],[-66.571277,45.128445],[-66.593375,45.11518],[-66.582768,45.107718],[-66.584536,45.098183],[-66.614589,45.105231],[-66.619893,45.093623],[-66.640223,45.09694],[-66.654365,45.084503],[-66.649946,45.075798],[-66.690606,45.070824],[-66.696793,45.062118],[-66.718007,45.056729],[-66.719775,45.075798],[-66.738337,45.075798],[-66.736569,45.055485],[-66.769274,45.047195],[-66.778997,45.052584],[-66.800211,45.040976],[-66.802863,45.054656],[-66.798443,45.069994],[-66.784301,45.070409],[-66.774578,45.078285],[-66.79314,45.089478],[-66.805515,45.0787],[-66.804631,45.071653],[-66.821425,45.060874],[-66.827613,45.07414],[-66.845291,45.072896],[-66.862085,45.062118],[-66.87004,45.046365],[-66.888603,45.042635],[-66.895674,45.0559],[-66.912468,45.060874],[-66.912468,45.068336]]],[[[-66.880647,45.118081],[-66.847943,45.16907],[-66.845291,45.158292],[-66.835568,45.147099],[-66.8338,45.139223],[-66.825845,45.137565],[-66.824077,45.131347],[-66.831148,45.130932],[-66.824961,45.127201],[-66.832032,45.123471],[-66.842639,45.120569],[-66.865621,45.125129],[-66.880647,45.118081]]],[[[-66.834684,45.058387],[-66.83822,45.043878],[-66.857666,45.044293],[-66.845291,45.065849],[-66.834684,45.058387]]]]}},{"type":"Feature","properties":{"fed_id":"130051971","name_en":"St. Stephen","res":4,"role":"hex"},"geometry":{"type":"MultiPolygon","coordinates":[[[[-66.93987,45.025638],[-66.946057,45.015275],[-66.971691,45.012787],[-66.93987,45.025638]]],[[[-66.821425,45.249492],[-66.805515,45.235397],[-66.844407,45.175703],[-66.840871,45.191041],[-66.84971,45.193528],[-66.85413,45.199746],[-66.847059,45.201819],[-66.843523,45.210939],[-66.847059,45.218401],[-66.850594,45.223375],[-66.844407,45.227106],[-66.839987,45.236226],[-66.821425,45.249492]]],[[[-67.456076,45.24203],[-67.372988,45.374684],[-67.362381,45.391265],[-67.013235,45.424014],[-66.923075,45.342349],[-66.923075,45.339862],[-66.976994,45.330328],[-66.923075,45.339862],[-66.923075,45.342349],[-66.821425,45.249906],[-66.839987,45.237055],[-66.846175,45.230423],[-66.847943,45.225448],[-66.851478,45.224205],[-66.851478,45.221303],[-66.844407,45.211354],[-66.85413,45.20555],[-66.855014,45.196016],[-66.850594,45.193114],[-66.841755,45.190627],[-66.844407,45.174459],[-66.846175,45.172801],[-66.848826,45.17363],[-66.847943,45.16907],[-66.880647,45.118081],[-66.900977,45.122641],[-66.895674,45.130518],[-66.920424,45.136736],[-66.95578,45.162438],[-66.954896,45.171143],[-66.967271,45.181921],[-66.970807,45.154976],[-66.984065,45.146685],[-67.002628,45.148758],[-67.017654,45.163267],[-67.036216,45.166998],[-67.031797,45.152903],[-67.032681,45.133005],[-67.063618,45.126372],[-67.065385,45.107303],[-67.0371,45.074969],[-67.045055,45.068751],[-67.064502,45.077871],[-67.081296,45.075798],[-67.081296,45.085333],[-67.097206,45.098183],[-67.106046,45.119325],[-67.131679,45.140052],[-67.140518,45.159121],[-67.139634,45.172801],[-67.146706,45.186067],[-67.156429,45.186481],[-67.161732,45.206794],[-67.172339,45.222961],[-67.185598,45.228765],[-67.195321,45.214256],[-67.184714,45.209696],[-67.182062,45.190212],[-67.191785,45.184408],[-67.160848,45.174874],[-67.160848,45.168656],[-67.185598,45.167412],[-67.202392,45.172801],[-67.22449,45.166583],[-67.242168,45.175703],[-67.255427,45.190212],[-67.273989,45.192699],[-67.290784,45.188554],[-67.291668,45.17363],[-67.299623,45.16907],[-67.298739,45.146685],[-67.323488,45.145027],[-67.324372,45.131761],[-67.341167,45.125543],[-67.37122,45.142954],[-67.380059,45.152074],[-67.383595,45.152074],[-67.401273,45.158707],[-67.388014,45.166168],[-67.396853,45.180263],[-67.425139,45.196016],[-67.433094,45.21923],[-67.456076,45.24203]]],[[[-66.892138,45.099842],[-66.9107,45.070409],[-66.921307,45.093623],[-66.916004,45.111449],[-66.903629,45.112692],[-66.892138,45.099842]]]]}},{"type":"Feature","properties":{"fed_id":"130051972","name_en":"Gagetown","res":4,"role":"hex"},"geometry":{"type":"Polygon","coordinates":[[[-66.376816,45.897837],[-66.023251,45.927685],[-65.965796,45.874623],[-65.818182,45.736166],[-65.964912,45.516458],[-66.202685,45.496559],[-66.314058,45.48661],[-66.520894,45.676886],[-66.376816,45.897837]]]}},{"type":"Feature","properties":{"fed_id":"130051973","name_en":"Saint John","res":4,"role":"hex"},"geometry":{"type":"Polygon","coordinates":[[[-66.309639,45.129689],[-66.314942,45.134249],[-66.31671,45.136321],[-66.458136,45.266488],[-66.314058,45.48661],[-66.202685,45.496559],[-65.964912,45.516458],[-65.907458,45.462981],[-65.841164,45.4008],[-65.761612,45.325768],[-65.80404,45.262343],[-65.842932,45.232495],[-65.854423,45.215499],[-65.869449,45.207208],[-65.908342,45.193943],[-65.924252,45.196845],[-65.927788,45.209281],[-65.945466,45.213426],[-65.953421,45.223375],[-65.98701,45.206794],[-66.008224,45.22835],[-66.000269,45.242444],[-66.023251,45.263172],[-66.036509,45.271462],[-66.056839,45.262343],[-66.062143,45.24659],[-66.092196,45.243274],[-66.101035,45.23747],[-66.095731,45.226277],[-66.151418,45.220474],[-66.162909,45.202648],[-66.144347,45.187725],[-66.151418,45.176947],[-66.185007,45.159536],[-66.196498,45.157463],[-66.217712,45.14171],[-66.237158,45.143369],[-66.224783,45.165754],[-66.236274,45.176947],[-66.261023,45.192285],[-66.278702,45.197259],[-66.29638,45.188554],[-66.306103,45.174459],[-66.314058,45.178605],[-66.314058,45.19187],[-66.328201,45.192285],[-66.336156,45.181921],[-66.314942,45.176947],[-66.303451,45.168656],[-66.261907,45.189797],[-66.250416,45.172801],[-66.272514,45.162852],[-66.259256,45.149172],[-66.27605,45.136321],[-66.309639,45.129689]]]}},{"type":"Feature","properties":{"fed_id":"130051974","name_en":"Fredericton","res":4,"role":"hex"},"geometry":{"type":"Polygon","coordinates":[[[-66.93987,46.057022],[-66.58542,46.088527],[-66.376816,45.897837],[-66.520894,45.676886],[-66.871808,45.645381],[-66.905397,45.675642],[-67.08218,45.834827],[-66.93987,46.057022]]]}},{"type":"Feature","properties":{"fed_id":"130052109","name_en":"Grande-Anse","res":4,"role":"hex"},"geometry":{"type":"MultiPolygon","coordinates":[[[[-65.448706,47.693639],[-65.430144,47.652599],[-65.53533,47.644723],[-65.561847,47.668766],[-65.533562,47.666694],[-65.498205,47.671254],[-65.448706,47.693639]]],[[[-65.05448,47.832511],[-65.081882,47.793129],[-65.082766,47.791886],[-65.129613,47.726802],[-65.168505,47.671668],[-65.430144,47.652599],[-65.448706,47.693639],[-65.425724,47.70649],[-65.364734,47.748773],[-65.362083,47.754162],[-65.314351,47.760795],[-65.289602,47.772402],[-65.272807,47.784009],[-65.252477,47.788155],[-65.244522,47.798104],[-65.222424,47.807638],[-65.179996,47.819246],[-65.172041,47.815929],[-65.104864,47.830024],[-65.073043,47.829609],[-65.05448,47.832511]]],[[[-65.731559,47.824635],[-65.749237,47.840387],[-65.747469,47.84246],[-65.731559,47.824635]]],[[[-65.536214,48.068386],[-65.318771,48.084139],[-65.222424,48.090772],[-65.170273,48.04227],[-65.22154,48.03315],[-65.238335,48.026517],[-65.248942,48.014496],[-65.2622,48.023615],[-65.30286,48.016568],[-65.320539,48.004132],[-65.338217,48.002059],[-65.36827,48.003717],[-65.40451,48.000401],[-65.423957,48.005376],[-65.447822,48.003717],[-65.469036,48.015739],[-65.476108,48.031077],[-65.491134,48.043099],[-65.536214,48.068386]]]]}},{"type":"Feature","properties":{"fed_id":"240017206","name_en":"Godbout","res":4,"role":"hex"},"geometry":{"type":"Polygon","coordinates":[[[-68.146413,49.266002],[-68.133154,49.256053],[-68.13227,49.23118],[-68.142877,49.227449],[-68.142877,49.207551],[-68.295794,49.333987],[-68.147297,49.563644],[-67.762794,49.598466],[-67.577172,49.443012],[-67.815829,49.443012],[-67.577172,49.443012],[-67.530324,49.40363],[-67.582475,49.324452],[-67.59485,49.321551],[-67.606341,49.309114],[-67.645233,49.313674],[-67.656724,49.30414],[-67.671751,49.300409],[-67.712411,49.310772],[-67.717714,49.304969],[-67.770749,49.300823],[-67.799918,49.272634],[-67.822016,49.269733],[-67.849417,49.280511],[-67.874167,49.2859],[-67.870631,49.298336],[-67.844998,49.312016],[-67.894497,49.291289],[-67.916595,49.291289],[-67.953719,49.279267],[-67.997031,49.282998],[-68.023549,49.279682],[-68.04653,49.286314],[-68.05095,49.27222],[-68.061557,49.269318],[-68.079235,49.253151],[-68.126967,49.270976],[-68.146413,49.266002]],[[-68.148181,49.269733],[-68.154368,49.272634],[-68.154368,49.27222],[-68.1526,49.269733],[-68.148181,49.269318],[-68.147297,49.268074],[-68.147297,49.26766],[-68.147297,49.267245],[-68.146413,49.26766],[-68.148181,49.269733]],[[-67.840578,49.365492],[-67.840578,49.364663],[-67.84323,49.359274],[-67.852069,49.359274],[-67.844998,49.357201],[-67.844114,49.352227],[-67.840578,49.34891],[-67.841462,49.338961],[-67.840578,49.336474],[-67.836159,49.334401],[-67.839694,49.330256],[-67.844114,49.327769],[-67.850301,49.326111],[-67.853837,49.320307],[-67.844998,49.312016],[-67.850301,49.325696],[-67.844114,49.327354],[-67.836159,49.333158],[-67.835275,49.334816],[-67.838811,49.33606],[-67.841462,49.338961],[-67.837043,49.342692],[-67.838811,49.349325],[-67.844998,49.354714],[-67.840578,49.362176],[-67.839694,49.364663],[-67.840578,49.365492]],[[-67.864444,49.359689],[-67.865328,49.359274],[-67.854721,49.359274],[-67.864444,49.359689]]]}},{"type":"Feature","properties":{"fed_id":"240017209","name_en":"Baie-Comeau","res":4,"role":"hex"},"geometry":{"type":"Polygon","coordinates":[[[-68.811116,49.057901],[-68.821723,49.066606],[-68.677645,49.297093],[-68.295794,49.333987],[-68.142877,49.207551],[-68.1526,49.200918],[-68.191492,49.200504],[-68.223313,49.186409],[-68.252482,49.186824],[-68.264857,49.179362],[-68.260438,49.166097],[-68.231268,49.156562],[-68.215358,49.156148],[-68.201215,49.162366],[-68.182653,49.154904],[-68.17735,49.138322],[-68.180001,49.118839],[-68.19326,49.098526],[-68.216242,49.098112],[-68.228617,49.089821],[-68.277232,49.09065],[-68.303749,49.094381],[-68.330267,49.087748],[-68.34441,49.081115],[-68.367391,49.062876],[-68.39656,49.046294],[-68.42131,49.041734],[-68.449595,49.041734],[-68.44606,49.051683],[-68.428381,49.06329],[-68.41689,49.075726],[-68.404516,49.081115],[-68.393909,49.091894],[-68.397444,49.105574],[-68.416007,49.088163],[-68.431917,49.079043],[-68.48672,49.069094],[-68.522076,49.073654],[-68.54771,49.06329],[-68.569808,49.062046],[-68.586602,49.056657],[-68.586602,49.047537],[-68.606048,49.041319],[-68.603396,49.035516],[-68.62461,49.021421],[-68.626378,49.005254],[-68.633449,48.99572],[-68.640521,48.972505],[-68.634333,48.942658],[-68.659083,48.933953],[-68.811116,49.057901]]]}},{"type":"Feature","properties":{"fed_id":"240017235","name_en":"Port-Cartier","res":4,"role":"hex"},"geometry":{"type":"Polygon","coordinates":[[[-67.149357,49.798275],[-67.223606,49.861286],[-67.068037,50.090114],[-66.678231,50.121205],[-66.676463,50.119961],[-66.709168,50.096747],[-66.72773,50.071874],[-66.726846,50.054049],[-66.734802,50.041612],[-66.750712,50.042441],[-66.771042,50.030834],[-66.810818,50.023787],[-66.818773,50.018812],[-66.834684,50.02586],[-66.875344,50.015911],[-66.893906,50.019227],[-66.898326,50.00762],[-66.933682,49.998085],[-66.944289,49.983576],[-66.957548,49.981504],[-66.972574,49.953315],[-66.966387,49.942951],[-66.971691,49.928442],[-66.965503,49.917249],[-66.997324,49.892791],[-66.991137,49.887402],[-67.001744,49.868333],[-67.02119,49.841802],[-67.040636,49.825221],[-67.056546,49.817759],[-67.063618,49.826879],[-67.060082,49.840559],[-67.090135,49.847606],[-67.111349,49.838486],[-67.105162,49.830195],[-67.134331,49.814857],[-67.149357,49.798275]]]}},{"type":"Feature","properties":{"fed_id":"240017239","name_en":"Sept-Îles","res":4,"role":"hex"},"geometry":{"type":"MultiPolygon","coordinates":[[[[-66.676463,50.119961],[-66.678231,50.121205],[-66.519126,50.349618],[-66.126668,50.379051],[-65.999385,50.267953],[-66.013527,50.255102],[-66.051536,50.209917],[-66.112526,50.222768],[-66.110758,50.204942],[-66.094848,50.187946],[-66.118713,50.186702],[-66.150534,50.189604],[-66.216828,50.211575],[-66.261907,50.21199],[-66.29196,50.204942],[-66.325549,50.200797],[-66.360906,50.185873],[-66.367977,50.187946],[-66.398914,50.212819],[-66.409521,50.22484],[-66.393611,50.228986],[-66.409521,50.258833],[-66.426315,50.266709],[-66.464324,50.264637],[-66.468743,50.258004],[-66.495261,50.248884],[-66.528849,50.23023],[-66.535921,50.214477],[-66.547412,50.223597],[-66.54034,50.210746],[-66.533269,50.18463],[-66.519126,50.163073],[-66.507636,50.158928],[-66.482886,50.164317],[-66.47935,50.158928],[-66.453717,50.159757],[-66.437806,50.15271],[-66.451949,50.14359],[-66.458136,50.125765],[-66.472279,50.127423],[-66.503216,50.145663],[-66.535921,50.151466],[-66.573929,50.14815],[-66.61017,50.139859],[-66.619009,50.131154],[-66.656133,50.125765],[-66.676463,50.119961]]],[[[-66.394495,50.09799],[-66.421896,50.108354],[-66.416592,50.112914],[-66.392727,50.10711],[-66.394495,50.09799]]],[[[-66.359138,50.167633],[-66.352951,50.157684],[-66.35737,50.147321],[-66.3777,50.153539],[-66.375048,50.170121],[-66.359138,50.167633]]],[[[-66.272514,50.138201],[-66.301684,50.124106],[-66.309639,50.127837],[-66.302567,50.141103],[-66.286657,50.15727],[-66.272514,50.138201]]]]}},{"type":"Feature","properties":{"fed_id":"240017319","name_en":"Chibougamau","res":4,"role":"hex"},"geometry":{"type":"Polygon","coordinates":[[[-74.408946,49.906471],[-74.292269,50.144834],[-73.905998,50.200382],[-73.63994,50.017154],[-73.759269,49.779621],[-74.102227,49.73029],[-74.142004,49.724487],[-74.408946,49.906471]]]}},{"type":"Feature","properties":{"fed_id":"240017415","name_en":"Wabush","res":4,"role":"hex"},"geometry":{"type":"Polygon","coordinates":[[[-66.884183,52.937612],[-66.873576,52.938441],[-66.555367,52.961241],[-66.309639,52.759358],[-66.480234,52.528458],[-66.893906,52.498196],[-67.141402,52.698835],[-66.973458,52.930979],[-66.884183,52.937612]]]}},{"type":"Feature","properties":{"fed_id":"240051893","name_en":"Témiscouata-sur-le-Lac","res":4,"role":"hex"},"geometry":{"type":"Polygon","coordinates":[[[-68.83233,47.350812],[-69.06038,47.539843],[-68.921606,47.767842],[-68.717421,47.788984],[-68.553013,47.805566],[-68.383302,47.662963],[-68.383302,47.553109],[-68.383302,47.662963],[-68.326731,47.614876],[-68.467274,47.388121],[-68.778411,47.356201],[-68.83233,47.350812]]]}},{"type":"Feature","properties":{"fed_id":"240051905","name_en":"La Pocatière","res":4,"role":"hex"},"geometry":{"type":"Polygon","coordinates":[[[-69.7242,47.681617],[-69.657906,47.689079],[-69.541229,47.594149],[-69.426321,47.500462],[-69.501453,47.372782],[-69.560676,47.272463],[-69.771931,47.248834],[-69.889492,47.235569],[-69.889492,47.235154],[-69.924848,47.231423],[-69.990258,47.28407],[-70.079533,47.356615],[-70.060971,47.368637],[-70.044177,47.393924],[-70.041525,47.409262],[-70.045945,47.422113],[-70.060971,47.427088],[-70.031802,47.446571],[-70.022963,47.459008],[-70.03357,47.468542],[-70.017659,47.481807],[-70.017659,47.488026],[-69.995561,47.499633],[-69.976999,47.493829],[-69.969044,47.497975],[-69.938991,47.527407],[-69.920429,47.521604],[-69.898331,47.529894],[-69.885072,47.543989],[-69.878885,47.557254],[-69.855019,47.581298],[-69.82143,47.590418],[-69.80552,47.607414],[-69.784306,47.616119],[-69.759556,47.645137],[-69.748949,47.651356],[-69.737458,47.670425],[-69.7242,47.681617]]]}},{"type":"Feature","properties":{"fed_id":"240051907","name_en":"La Malbaie","res":4,"role":"hex"},"geometry":{"type":"MultiPolygon","coordinates":[[[[-70.757496,47.561814],[-70.628444,47.7923],[-70.259852,47.835413],[-70.061855,47.677886],[-70.089256,47.669181],[-70.101631,47.658817],[-70.126381,47.650527],[-70.149363,47.650941],[-70.139639,47.622338],[-70.199746,47.578811],[-70.205049,47.568032],[-70.203281,47.523676],[-70.218308,47.504193],[-70.228915,47.504607],[-70.231567,47.488026],[-70.250129,47.488026],[-70.268691,47.483466],[-70.294324,47.468127],[-70.315538,47.463982],[-70.348243,47.462738],[-70.365922,47.450302],[-70.384484,47.452375],[-70.421608,47.439524],[-70.452545,47.426259],[-70.484366,47.435793],[-70.502928,47.417968],[-70.496741,47.413408],[-70.494973,47.395168],[-70.502044,47.378172],[-70.52149,47.375684],[-70.757496,47.561814]]],[[[-70.357082,47.395168],[-70.431331,47.386462],[-70.434867,47.391851],[-70.416305,47.409262],[-70.390671,47.421284],[-70.342056,47.427502],[-70.327029,47.420455],[-70.357082,47.395168]]]]}},{"type":"Feature","properties":{"fed_id":"240051908","name_en":"L'Islet","res":4,"role":"hex"},"geometry":{"type":"MultiPolygon","coordinates":[[[[-70.275762,47.215671],[-70.251013,47.228936],[-70.234218,47.248834],[-70.229799,47.267903],[-70.229799,47.271219],[-70.192674,47.309357],[-70.144943,47.317234],[-70.141407,47.320965],[-70.108702,47.333815],[-70.088372,47.346252],[-70.079533,47.356615],[-69.990258,47.28407],[-69.924848,47.231423],[-70.055668,47.00301],[-70.289021,46.97565],[-70.417189,46.960312],[-70.488786,47.017519],[-70.471991,47.03037],[-70.46934,47.042806],[-70.453429,47.063533],[-70.420724,47.090479],[-70.378296,47.120326],[-70.378296,47.124886],[-70.341172,47.146027],[-70.312887,47.167584],[-70.30228,47.183751],[-70.279298,47.202405],[-70.275762,47.215671]]],[[[-70.540937,47.341277],[-70.52149,47.375684],[-70.502044,47.378172],[-70.526794,47.356615],[-70.540937,47.341277]]],[[[-70.431331,47.386462],[-70.357082,47.395168],[-70.394207,47.368637],[-70.418073,47.369881],[-70.431331,47.386462]]],[[[-70.592204,47.250492],[-70.569222,47.290703],[-70.567454,47.282412],[-70.592204,47.250492]]],[[[-70.562151,47.303968],[-70.561267,47.303554],[-70.562151,47.303554],[-70.562151,47.303968]]],[[[-70.535633,47.054828],[-70.548008,47.064777],[-70.539169,47.074726],[-70.539169,47.090064],[-70.515303,47.108304],[-70.513535,47.120326],[-70.486134,47.141882],[-70.448126,47.156805],[-70.433983,47.156391],[-70.46492,47.133591],[-70.48083,47.129446],[-70.513535,47.104158],[-70.522374,47.089649],[-70.516187,47.07514],[-70.535633,47.054828]]]]}},{"type":"Feature","properties":{"fed_id":"240051909","name_en":"Rivière-du-Loup","res":4,"role":"hex"},"geometry":{"type":"Polygon","coordinates":[[[-69.657906,47.689079],[-69.610175,47.769086],[-69.589845,47.789399],[-69.596032,47.793958],[-69.594264,47.79686],[-69.589845,47.803908],[-69.588961,47.805566],[-69.588077,47.807224],[-69.586309,47.809297],[-69.574818,47.815929],[-69.551836,47.839973],[-69.563327,47.849093],[-69.558908,47.855725],[-69.542113,47.873136],[-69.546533,47.877282],[-69.542997,47.882671],[-69.507641,47.914591],[-69.506757,47.91998],[-69.327322,47.939049],[-69.152307,47.957703],[-69.070103,47.890547],[-68.921606,47.767842],[-69.06038,47.539843],[-69.426321,47.500462],[-69.541229,47.594149],[-69.657906,47.689079]]]}},{"type":"Feature","properties":{"fed_id":"240051911","name_en":"Saint-Siméon","res":4,"role":"hex"},"geometry":{"type":"MultiPolygon","coordinates":[[[[-69.610175,47.769086],[-69.657906,47.689079],[-69.7242,47.681617],[-69.706521,47.699857],[-69.673817,47.727632],[-69.648183,47.732192],[-69.627853,47.748359],[-69.610175,47.769086]]],[[[-70.061855,47.677886],[-70.259852,47.835413],[-70.127265,48.065484],[-69.936339,48.087041],[-69.756021,48.107353],[-69.725084,48.082481],[-69.747182,48.07875],[-69.758672,48.063412],[-69.767512,48.029419],[-69.762208,48.004546],[-69.773699,47.990867],[-69.782538,47.965165],[-69.810823,47.957703],[-69.795797,47.948583],[-69.8011,47.919151],[-69.826734,47.894278],[-69.842644,47.887231],[-69.839109,47.880184],[-69.860323,47.868162],[-69.867394,47.859456],[-69.878885,47.826707],[-69.900983,47.803078],[-69.899215,47.788155],[-69.905402,47.771159],[-69.922197,47.759137],[-69.958437,47.754162],[-69.971696,47.734679],[-69.978767,47.716024],[-69.99291,47.703174],[-70.003517,47.703588],[-70.061855,47.677886]]],[[[-69.705638,47.866918],[-69.737458,47.850336],[-69.723316,47.872307],[-69.708289,47.885987],[-69.705638,47.866918]]]]}},{"type":"Feature","properties":{"fed_id":"240051919","name_en":"Causapscal","res":4,"role":"hex"},"geometry":{"type":"Polygon","coordinates":[[[-67.492316,48.305505],[-67.522369,48.331207],[-67.392434,48.530187],[-67.373872,48.558376],[-67.272221,48.567496],[-67.196205,48.574129],[-66.998208,48.591125],[-66.774578,48.39629],[-66.897442,48.213476],[-66.925727,48.170364],[-67.297855,48.138029],[-67.492316,48.305505]]]}},{"type":"Feature","properties":{"fed_id":"240051920","name_en":"Tide Head","res":4,"role":"hex"},"geometry":{"type":"Polygon","coordinates":[[[-67.445469,47.911689],[-67.297855,48.138029],[-66.925727,48.170364],[-66.759551,48.024445],[-66.760435,48.007448],[-66.745409,47.984234],[-66.726846,47.995427],[-66.704748,47.975943],[-66.855014,47.750846],[-67.223606,47.718926],[-67.445469,47.911689]]]}},{"type":"Feature","properties":{"fed_id":"240051921","name_en":"Amqui","res":4,"role":"hex"},"geometry":{"type":"Polygon","coordinates":[[[-68.078351,48.45101],[-68.124315,48.489562],[-68.007638,48.671132],[-67.984656,48.680252],[-67.956371,48.686885],[-67.903336,48.717561],[-67.893613,48.725852],[-67.889194,48.726266],[-67.601038,48.752383],[-67.484361,48.653307],[-67.373872,48.558376],[-67.392434,48.530187],[-67.522369,48.331207],[-67.895381,48.2968],[-68.078351,48.45101]]]}},{"type":"Feature","properties":{"fed_id":"240051924","name_en":"Campbellton","res":4,"role":"hex"},"geometry":{"type":"MultiPolygon","coordinates":[[[[-66.745409,48.012008],[-66.759551,48.024445],[-66.925727,48.170364],[-66.897442,48.213476],[-66.774578,48.39629],[-66.400682,48.426966],[-66.223015,48.269025],[-66.181471,48.231302],[-66.264559,48.10984],[-66.291077,48.113571],[-66.293728,48.113571],[-66.292844,48.108597],[-66.299032,48.101964],[-66.27605,48.093259],[-66.295496,48.064241],[-66.331737,48.080822],[-66.346763,48.098648],[-66.36179,48.109011],[-66.390959,48.106524],[-66.410405,48.109426],[-66.441342,48.12352],[-66.460788,48.10984],[-66.480234,48.116059],[-66.496145,48.11067],[-66.54476,48.072532],[-66.535037,48.058852],[-66.566858,48.05595],[-66.579233,48.044757],[-66.612821,48.041026],[-66.636687,48.052219],[-66.645526,48.050561],[-66.656133,48.031492],[-66.673811,48.027761],[-66.676463,48.017812],[-66.705632,48.011179],[-66.725078,48.019056],[-66.745409,48.012008]]],[[[-66.612821,48.008692],[-66.537689,48.02859],[-66.510287,48.041855],[-66.489073,48.047659],[-66.476699,48.058852],[-66.433387,48.066313],[-66.383004,48.065899],[-66.364441,48.06963],[-66.352067,48.056779],[-66.367093,48.053877],[-66.370629,48.034394],[-66.410405,48.023615],[-66.386539,48.025688],[-66.34146,48.006205],[-66.579233,47.986721],[-66.633151,47.982161],[-66.704748,47.975943],[-66.726846,47.995427],[-66.681767,48.00579],[-66.667624,48.012423],[-66.653481,48.004132],[-66.634035,48.003717],[-66.612821,48.008692]]]]}},{"type":"Feature","properties":{"fed_id":"240051925","name_en":"Matane","res":4,"role":"hex"},"geometry":{"type":"Polygon","coordinates":[[[-67.196205,48.574129],[-67.272221,48.567496],[-67.373872,48.558376],[-67.484361,48.653307],[-67.601038,48.752383],[-67.586895,48.773939],[-67.53386,48.85436],[-67.53386,48.855189],[-67.498504,48.853946],[-67.45696,48.862237],[-67.380943,48.889596],[-67.368568,48.898716],[-67.32614,48.902447],[-67.283712,48.909495],[-67.266918,48.921102],[-67.234213,48.924833],[-67.216535,48.932294],[-67.161732,48.942243],[-67.129027,48.955094],[-67.098974,48.960483],[-67.072457,48.968774],[-67.067153,48.974163],[-67.0371,48.983283],[-66.846175,48.81788],[-66.998208,48.591125],[-67.196205,48.574129]]]}},{"type":"Feature","properties":{"fed_id":"240051933","name_en":"Saint-Fabien","res":4,"role":"hex"},"geometry":{"type":"MultiPolygon","coordinates":[[[[-68.804929,48.349032],[-68.820839,48.358981],[-68.807581,48.36893],[-68.79167,48.354421],[-68.769572,48.371003],[-68.75101,48.356079],[-68.722725,48.371832],[-68.727144,48.379294],[-68.681181,48.396704],[-68.668806,48.393388],[-68.618423,48.418675],[-68.597209,48.427795],[-68.579531,48.443133],[-68.570692,48.441061],[-68.539755,48.445206],[-68.525612,48.454326],[-68.517657,48.468835],[-68.498211,48.453497],[-68.559201,48.355665],[-68.641405,48.224669],[-68.865035,48.201869],[-69.013533,48.186531],[-69.056844,48.223011],[-68.984363,48.264465],[-68.952543,48.288094],[-68.937516,48.2968],[-68.885365,48.315454],[-68.865035,48.317527],[-68.843821,48.336181],[-68.804929,48.349032]]],[[[-68.839402,48.414944],[-68.842937,48.401679],[-68.865035,48.389243],[-68.888017,48.386341],[-68.885365,48.396704],[-68.863267,48.409141],[-68.839402,48.414944]]]]}},{"type":"Feature","properties":{"fed_id":"240051934","name_en":"Saint-Jean-de-Dieu","res":4,"role":"hex"},"geometry":{"type":"Polygon","coordinates":[[[-69.152307,47.957703],[-69.117835,48.01491],[-69.117835,48.015325],[-69.046237,48.132226],[-69.013533,48.186531],[-68.865035,48.201869],[-68.767804,48.140102],[-68.865035,48.201869],[-68.641405,48.224669],[-68.54329,48.143004],[-68.411587,48.033565],[-68.469925,47.939463],[-68.505282,47.963507],[-68.469925,47.939463],[-68.553013,47.805566],[-68.717421,47.788984],[-68.921606,47.767842],[-69.070103,47.890547],[-69.152307,47.957703]]]}},{"type":"Feature","properties":{"fed_id":"240051936","name_en":"Trois-Pistoles","res":4,"role":"hex"},"geometry":{"type":"MultiPolygon","coordinates":[[[[-69.506757,47.91998],[-69.513828,47.927027],[-69.512944,47.940707],[-69.49615,47.95107],[-69.477588,47.956459],[-69.443999,47.989623],[-69.429856,47.999157],[-69.409526,48.004961],[-69.3945,48.017812],[-69.359143,48.019056],[-69.322903,48.038125],[-69.276939,48.067557],[-69.268984,48.084139],[-69.228324,48.095746],[-69.207994,48.111913],[-69.203574,48.123106],[-69.188548,48.131397],[-69.179709,48.128909],[-69.164682,48.141346],[-69.131093,48.157513],[-69.132861,48.169949],[-69.112531,48.181971],[-69.104576,48.192335],[-69.079826,48.2056],[-69.056844,48.223011],[-69.013533,48.186531],[-69.046237,48.132226],[-69.047121,48.13264],[-69.046237,48.132226],[-69.117835,48.015325],[-69.117835,48.01491],[-69.152307,47.957703],[-69.327322,47.939049],[-69.506757,47.91998]]],[[[-69.725084,48.082481],[-69.756021,48.107353],[-69.619898,48.33701],[-69.393616,48.361468],[-69.404223,48.353177],[-69.390964,48.345716],[-69.391848,48.336596],[-69.409526,48.322916],[-69.425437,48.30053],[-69.443999,48.288509],[-69.453722,48.288509],[-69.463445,48.273171],[-69.477588,48.275243],[-69.497034,48.266123],[-69.51206,48.242909],[-69.538578,48.230887],[-69.56156,48.231716],[-69.567747,48.217622],[-69.579238,48.220109],[-69.57747,48.238763],[-69.589845,48.238349],[-69.610175,48.249542],[-69.594264,48.238763],[-69.580122,48.236276],[-69.589845,48.210575],[-69.625201,48.175338],[-69.648183,48.16],[-69.66321,48.157513],[-69.667629,48.146735],[-69.680004,48.138029],[-69.722432,48.125179],[-69.718012,48.11896],[-69.728619,48.108597],[-69.709173,48.099891],[-69.725084,48.082481]]],[[[-69.476704,47.995012],[-69.421017,48.053048],[-69.407758,48.057608],[-69.3945,48.053048],[-69.43074,48.020714],[-69.476704,47.995012]]]]}},{"type":"Feature","properties":{"fed_id":"240051937","name_en":"Mont-Joli","res":4,"role":"hex"},"geometry":{"type":"Polygon","coordinates":[[[-68.426614,48.528529],[-68.397444,48.546769],[-68.355016,48.548013],[-68.326731,48.560035],[-68.29491,48.583249],[-68.248063,48.602732],[-68.182653,48.634238],[-68.1526,48.6417],[-68.147297,48.633409],[-68.130502,48.629678],[-68.086307,48.644601],[-68.07128,48.657452],[-68.073932,48.664499],[-68.062441,48.67279],[-68.041227,48.676521],[-68.007638,48.671132],[-68.124315,48.489562],[-68.325847,48.470079],[-68.498211,48.453497],[-68.517657,48.468835],[-68.513237,48.478369],[-68.492907,48.488319],[-68.492023,48.49578],[-68.464622,48.507802],[-68.464622,48.517751],[-68.44606,48.526457],[-68.426614,48.528529]]]}},{"type":"Feature","properties":{"fed_id":"240051938","name_en":"Rimouski","res":4,"role":"hex"},"geometry":{"type":"Polygon","coordinates":[[[-68.54329,48.143004],[-68.641405,48.224669],[-68.559201,48.355665],[-68.498211,48.453497],[-68.325847,48.470079],[-68.124315,48.489562],[-68.078351,48.45101],[-68.085423,48.445621],[-68.078351,48.45101],[-67.895381,48.2968],[-68.040343,48.06963],[-68.411587,48.033565],[-68.54329,48.143004]]]}},{"type":"Feature","properties":{"fed_id":"240052012","name_en":"Les Îles-de-la-Madeleine","res":4,"role":"hex"},"geometry":{"type":"MultiPolygon","coordinates":[[[[-61.949289,47.351226],[-61.959896,47.362004],[-61.954593,47.386048],[-61.936031,47.405117],[-61.900674,47.419626],[-61.882112,47.421284],[-61.861782,47.427917],[-61.839684,47.440768],[-61.836148,47.437037],[-61.85913,47.426259],[-61.869737,47.41092],[-61.846755,47.395997],[-61.857362,47.377342],[-61.864434,47.376928],[-61.873273,47.357859],[-61.882996,47.34791],[-61.89979,47.35247],[-61.914817,47.348739],[-61.930727,47.33879],[-61.936031,47.327183],[-61.935147,47.304797],[-61.925424,47.279925],[-61.90421,47.255052],[-61.887415,47.244689],[-61.8388,47.236812],[-61.837916,47.218572],[-61.856478,47.216914],[-61.862666,47.22562],[-61.896255,47.237641],[-61.908629,47.224791],[-61.968736,47.21194],[-61.990833,47.219401],[-62.00586,47.215671],[-62.016467,47.224791],[-62.018235,47.2393],[-62.012931,47.251736],[-61.984646,47.269976],[-61.968736,47.259198],[-61.926308,47.25671],[-61.929843,47.282827],[-61.946638,47.32967],[-61.953709,47.334645],[-61.949289,47.351226]]],[[[-61.692954,47.287387],[-61.683231,47.277023],[-61.693838,47.267903],[-61.713284,47.27039],[-61.71682,47.27951],[-61.692954,47.287387]]],[[[-61.813167,47.413822],[-61.791953,47.391022],[-61.82289,47.399313],[-61.826425,47.410506],[-61.813167,47.413822]]]]}},{"type":"Feature","properties":{"fed_id":"240052088","name_en":"Gaspé","res":4,"role":"hex"},"geometry":{"type":"MultiPolygon","coordinates":[[[[-64.527667,48.561693],[-64.739807,48.760259],[-64.575399,48.983698],[-64.406571,48.994061],[-64.39508,48.99489],[-64.392429,48.994476],[-64.391545,48.995305],[-64.388893,48.995305],[-64.388009,48.995305],[-64.387125,48.995305],[-64.383589,48.99572],[-64.378286,48.996134],[-64.368563,48.984112],[-64.340278,48.969603],[-64.308457,48.946803],[-64.304921,48.933953],[-64.278404,48.92732],[-64.240395,48.899545],[-64.21211,48.873429],[-64.206807,48.853531],[-64.221833,48.811662],[-64.213878,48.795081],[-64.197084,48.789692],[-64.160843,48.755284],[-64.163495,48.748652],[-64.19178,48.764819],[-64.242163,48.804615],[-64.251002,48.804201],[-64.302269,48.827],[-64.31376,48.826586],[-64.375634,48.849386],[-64.413643,48.855604],[-64.431321,48.849386],[-64.438392,48.857262],[-64.463142,48.864309],[-64.500266,48.868455],[-64.500266,48.846898],[-64.473749,48.836949],[-64.479936,48.827829],[-64.455187,48.827829],[-64.400384,48.812906],[-64.377402,48.795081],[-64.381822,48.779328],[-64.376518,48.768964],[-64.334974,48.752383],[-64.320832,48.736215],[-64.294314,48.727925],[-64.2731,48.710514],[-64.262493,48.706368],[-64.253654,48.686056],[-64.23686,48.668645],[-64.182057,48.642943],[-64.174986,48.617241],[-64.20769,48.623874],[-64.230672,48.625532],[-64.255422,48.622631],[-64.298734,48.613096],[-64.298734,48.612682],[-64.306689,48.612267],[-64.315528,48.607292],[-64.326135,48.60978],[-64.314644,48.599002],[-64.296082,48.597343],[-64.298734,48.575787],[-64.452535,48.566253],[-64.450767,48.694347],[-64.452535,48.566253],[-64.527667,48.561693]]],[[[-64.304037,48.606463],[-64.307573,48.605634],[-64.309341,48.608122],[-64.309341,48.608536],[-64.304037,48.606463]]],[[[-64.301385,48.608951],[-64.309341,48.608536],[-64.309341,48.608122],[-64.306689,48.611852],[-64.301385,48.608951]]]]}},{"type":"Feature","properties":{"fed_id":"240052096","name_en":"Grande-Rivière","res":4,"role":"hex"},"geometry":{"type":"MultiPolygon","coordinates":[[[[-64.685888,48.335352],[-64.690308,48.339083],[-64.597497,48.465933],[-64.527667,48.561693],[-64.452535,48.566253],[-64.298734,48.575787],[-64.296966,48.576202],[-64.29343,48.576202],[-64.292546,48.576202],[-64.289895,48.553402],[-64.278404,48.547184],[-64.245699,48.542209],[-64.21653,48.53226],[-64.212994,48.521067],[-64.228021,48.501584],[-64.243931,48.494122],[-64.289011,48.482929],[-64.307573,48.470908],[-64.327903,48.441061],[-64.326135,48.429453],[-64.316412,48.41909],[-64.342929,48.41909],[-64.371215,48.412872],[-64.388009,48.417017],[-64.432205,48.40541],[-64.469329,48.403337],[-64.492311,48.392559],[-64.50115,48.397534],[-64.517061,48.387999],[-64.556837,48.37805],[-64.580702,48.375563],[-64.598381,48.36437],[-64.648764,48.353177],[-64.656719,48.345716],[-64.673513,48.346545],[-64.685888,48.335352]]],[[[-64.15554,48.485417],[-64.176753,48.487904],[-64.168798,48.507388],[-64.152888,48.502828],[-64.144933,48.491635],[-64.15554,48.485417]]]]}},{"type":"Feature","properties":{"fed_id":"240052104","name_en":"Sainte-Anne-des-Monts","res":4,"role":"hex"},"geometry":{"type":"Polygon","coordinates":[[[-67.0371,48.983283],[-66.977878,49.004425],[-66.9602,49.007327],[-66.946941,49.018105],[-66.929263,49.020592],[-66.913352,49.032614],[-66.892138,49.037174],[-66.85855,49.048781],[-66.817889,49.052097],[-66.796676,49.064119],[-66.75248,49.078628],[-66.742757,49.088992],[-66.706516,49.092308],[-66.672044,49.09977],[-66.65083,49.113035],[-66.625196,49.109719],[-66.60133,49.111792],[-66.568626,49.125472],[-66.548296,49.129202],[-66.515591,49.124228],[-66.477582,49.130446],[-66.451949,49.140395],[-66.432503,49.15449],[-66.410405,49.161537],[-66.31229,49.074897],[-66.467859,48.848557],[-66.846175,48.81788],[-67.0371,48.983283]]]}},{"type":"Feature","properties":{"fed_id":"240052108","name_en":"Paspébiac","res":4,"role":"hex"},"geometry":{"type":"Polygon","coordinates":[[[-65.536214,48.068386],[-65.542401,48.067557],[-65.550356,48.067143],[-65.583945,48.072117],[-65.609579,48.07875],[-65.613114,48.082066],[-65.72272,48.181971],[-65.808459,48.26032],[-65.791665,48.285192],[-65.790781,48.285192],[-65.652006,48.484588],[-65.277227,48.511533],[-65.06332,48.313796],[-65.123426,48.229644],[-65.133149,48.242909],[-65.123426,48.229644],[-65.222424,48.090772],[-65.318771,48.084139],[-65.536214,48.068386]]]}},{"type":"Feature","properties":{"fed_id":"240052111","name_en":"Carleton-sur-Mer","res":4,"role":"hex"},"geometry":{"type":"MultiPolygon","coordinates":[[[[-66.128436,48.235447],[-66.005572,48.244982],[-65.834977,48.258247],[-65.808459,48.26032],[-65.72272,48.181971],[-65.613114,48.082066],[-65.630793,48.086212],[-65.698854,48.106524],[-65.731559,48.1144],[-65.774871,48.116473],[-65.811111,48.121448],[-65.826138,48.135542],[-65.835861,48.138859],[-65.862378,48.161244],[-65.883592,48.174509],[-65.902154,48.173266],[-65.910109,48.198967],[-65.9216,48.193578],[-65.935743,48.199796],[-65.970216,48.18736],[-65.976403,48.176997],[-66.000269,48.162902],[-66.026786,48.139688],[-66.048884,48.111499],[-66.09308,48.093259],[-66.10899,48.100721],[-66.125785,48.099477],[-66.134624,48.108182],[-66.1744,48.113571],[-66.200033,48.106524],[-66.222131,48.10611],[-66.236274,48.11067],[-66.26014,48.105695],[-66.264559,48.10984],[-66.181471,48.231302],[-66.128436,48.235447]]],[[[-66.295496,48.064241],[-66.27605,48.093259],[-66.28047,48.067557],[-66.295496,48.064241]]],[[[-65.838512,47.905471],[-65.804924,47.884329],[-65.794317,47.881013],[-65.762496,47.860285],[-65.747469,47.84246],[-65.749237,47.840387],[-65.781058,47.8379],[-65.911877,47.827951],[-66.117829,47.811784],[-66.330853,48.003303],[-66.305219,47.997499],[-66.282237,47.997085],[-66.278702,47.988794],[-66.26014,47.990452],[-66.249533,47.980503],[-66.212408,47.972627],[-66.195614,47.974285],[-66.173516,47.967238],[-66.159373,47.968067],[-66.137275,47.961849],[-66.132856,47.953558],[-66.117829,47.952314],[-66.086008,47.925783],[-66.058607,47.928685],[-66.032974,47.92454],[-66.015295,47.927856],[-65.99143,47.920394],[-65.937511,47.917492],[-65.899503,47.921223],[-65.88094,47.911689],[-65.838512,47.905471]]]]}},{"type":"Feature","properties":{"fed_id":"240052479","name_en":"Mont-Laurier","res":4,"role":"hex"},"geometry":{"type":"Polygon","coordinates":[[[-76.010598,46.362955],[-75.920439,46.576859],[-75.9116,46.596757],[-75.596043,46.650234],[-75.558034,46.656452],[-75.306119,46.481514],[-75.407769,46.248541],[-75.45992,46.239836],[-75.51649,46.230301],[-75.758683,46.189676],[-76.010598,46.362955]]]}},{"type":"Feature","properties":{"fed_id":"240052482","name_en":"Gracefield","res":4,"role":"hex"},"geometry":{"type":"Polygon","coordinates":[[[-76.391565,46.023859],[-76.456975,46.068629],[-76.361512,46.302432],[-76.316433,46.309893],[-76.281076,46.316526],[-76.280192,46.316526],[-76.010598,46.362955],[-75.758683,46.189676],[-75.856797,45.956703],[-75.951376,45.940535],[-76.20506,45.896594],[-76.391565,46.023859]]]}},{"type":"Feature","properties":{"fed_id":"240052483","name_en":"Rivière-Rouge","res":4,"role":"hex"},"geometry":{"type":"Polygon","coordinates":[[[-75.306119,46.481514],[-75.558034,46.656452],[-75.4555,46.890669],[-75.222147,46.929221],[-75.099283,46.949119],[-74.847367,46.772524],[-74.912777,46.628677],[-74.952553,46.53955],[-75.306119,46.481514]]]}},{"type":"Feature","properties":{"fed_id":"240052484","name_en":"Labelle","res":4,"role":"hex"},"geometry":{"type":"Polygon","coordinates":[[[-75.396278,46.240665],[-75.407769,46.248541],[-75.306119,46.481514],[-74.952553,46.53955],[-74.704173,46.36337],[-74.726271,46.314868],[-74.808475,46.131225],[-74.926919,46.112156],[-75.026802,46.095575],[-75.159389,46.074018],[-75.200933,46.103865],[-75.396278,46.240665]]]}},{"type":"Feature","properties":{"fed_id":"240052488","name_en":"Clarence-Rockland","res":4,"role":"hex"},"geometry":{"type":"Polygon","coordinates":[[[-75.460804,45.378829],[-75.706532,45.551694],[-75.608417,45.783423],[-75.502348,45.801663],[-75.261039,45.841874],[-75.250432,45.834827],[-75.014427,45.667766],[-75.104586,45.462567],[-75.116077,45.436451],[-75.27253,45.410749],[-75.460804,45.378829]]]}},{"type":"Feature","properties":{"fed_id":"240052490","name_en":"Saint-Jérôme","res":4,"role":"hex"},"geometry":{"type":"Polygon","coordinates":[[[-74.562747,45.955459],[-74.212717,46.010593],[-74.172941,45.981575],[-74.088085,45.920223],[-73.970524,45.833998],[-74.077478,45.603512],[-74.233931,45.579054],[-74.362982,45.558741],[-74.384196,45.567032],[-74.372705,45.557083],[-74.384196,45.555425],[-74.423972,45.548792],[-74.546836,45.637504],[-74.667049,45.724144],[-74.562747,45.955459]]]}},{"type":"Feature","properties":{"fed_id":"240052491","name_en":"Vaudreuil-Dorion","res":4,"role":"hex"},"geometry":{"type":"MultiPolygon","coordinates":[[[[-74.358563,45.195187],[-74.528274,45.31872],[-74.489382,45.406189],[-74.488498,45.406189],[-74.423972,45.548792],[-74.384196,45.555425],[-74.372705,45.557083],[-74.357679,45.542988],[-74.350607,45.529308],[-74.354143,45.522261],[-74.334697,45.50485],[-74.335581,45.496559],[-74.311715,45.497803],[-74.294037,45.502778],[-74.262216,45.494487],[-74.241002,45.494072],[-74.244538,45.483709],[-74.233931,45.47832],[-74.215368,45.483294],[-74.145539,45.463396],[-74.112834,45.452203],[-74.093388,45.440182],[-74.072174,45.442669],[-74.059799,45.424844],[-74.045657,45.418625],[-74.035934,45.426502],[-74.0103,45.421942],[-74.0103,45.422356],[-74.023559,45.398727],[-74.009416,45.382975],[-74.005881,45.364735],[-73.975828,45.338618],[-73.959033,45.329913],[-73.975828,45.32328],[-73.986435,45.316648],[-74.022675,45.312502],[-74.016488,45.300481],[-73.987319,45.30504],[-73.972292,45.312917],[-73.974944,45.319135],[-73.959917,45.31499],[-73.943123,45.31955],[-73.917489,45.31872],[-73.928096,45.302139],[-73.950194,45.27395],[-73.973176,45.253637],[-74.005881,45.234568],[-74.038586,45.225863],[-74.08013,45.222961],[-74.105763,45.225863],[-74.142887,45.234568],[-74.163217,45.235812],[-74.155262,45.258197],[-74.164101,45.268561],[-74.175592,45.267317],[-74.188851,45.271462],[-74.200342,45.256539],[-74.219788,45.25571],[-74.248957,45.239128],[-74.270171,45.231666],[-74.276359,45.222546],[-74.29934,45.217986],[-74.316135,45.207623],[-74.322322,45.197259],[-74.343536,45.20555],[-74.358563,45.195187]],[[-74.159682,45.280582],[-74.134932,45.29219],[-74.122557,45.290117],[-74.097808,45.300066],[-74.076594,45.290946],[-74.067755,45.302553],[-74.093388,45.311259],[-74.134048,45.307528],[-74.149075,45.299237],[-74.166753,45.298408],[-74.178244,45.277681],[-74.175592,45.267317],[-74.159682,45.280582]]],[[[-73.951078,45.256124],[-73.924561,45.288044],[-73.889204,45.315819],[-73.944007,45.197674],[-74.058916,45.179848],[-74.148191,45.166168],[-74.287849,45.143783],[-74.318786,45.166168],[-74.300224,45.166583],[-74.291385,45.17363],[-74.262216,45.173216],[-74.246305,45.179019],[-74.223324,45.175703],[-74.164101,45.20099],[-74.157914,45.224205],[-74.140236,45.224205],[-74.101343,45.215914],[-74.036818,45.215914],[-73.999693,45.225448],[-73.982899,45.234568],[-73.951078,45.256124]]],[[[-74.169405,45.504436],[-74.172057,45.518945],[-74.180896,45.528894],[-74.224208,45.524748],[-74.251609,45.53221],[-74.293153,45.52309],[-74.307296,45.53221],[-74.322322,45.524748],[-74.338233,45.523505],[-74.345304,45.531381],[-74.354143,45.553352],[-74.362982,45.558741],[-74.233931,45.579054],[-74.077478,45.603512],[-73.952846,45.512312],[-73.958149,45.498632],[-73.985551,45.485367],[-74.053612,45.458422],[-74.070406,45.465469],[-74.088969,45.458422],[-74.124325,45.469614],[-74.142004,45.493658],[-74.148191,45.496974],[-74.172057,45.496145],[-74.169405,45.504436]]],[[[-74.269287,45.514385],[-74.293153,45.507752],[-74.297572,45.513141],[-74.269287,45.521847],[-74.269287,45.514385]]],[[[-73.861803,45.375098],[-73.86799,45.361833],[-73.896275,45.352713],[-73.903347,45.346495],[-73.924561,45.356444],[-73.936051,45.356858],[-73.958149,45.350226],[-73.982015,45.353957],[-73.99439,45.361418],[-73.999693,45.380073],[-73.997042,45.390436],[-73.978479,45.398727],[-73.95373,45.4008],[-73.947542,45.394167],[-73.928096,45.393753],[-73.900695,45.386291],[-73.881249,45.369709],[-73.861803,45.375098]]],[[[-73.947542,45.459251],[-73.938703,45.471272],[-73.926328,45.474174],[-73.919257,45.462981],[-73.904231,45.460494],[-73.891856,45.467127],[-73.858267,45.442669],[-73.837053,45.427331],[-73.837937,45.426502],[-73.845008,45.429818],[-73.886552,45.41448],[-73.895391,45.414065],[-73.931632,45.404531],[-73.956382,45.404945],[-73.974944,45.428574],[-73.964337,45.442254],[-73.941355,45.448472],[-73.947542,45.459251]]],[[[-73.927212,45.493658],[-73.898043,45.472101],[-73.912186,45.467956],[-73.925445,45.477491],[-73.943123,45.475418],[-73.939587,45.489512],[-73.927212,45.493658]]]]}},{"type":"Feature","properties":{"fed_id":"240052492","name_en":"Saint-André-Avellin","res":4,"role":"hex"},"geometry":{"type":"MultiPolygon","coordinates":[[[[-75.250432,45.834827],[-75.251316,45.863016],[-75.159389,46.074018],[-75.026802,46.095575],[-74.926919,46.112156],[-74.808475,46.131225],[-74.690914,46.047073],[-74.63346,46.006033],[-74.562747,45.955459],[-74.667049,45.724144],[-74.788145,45.70466],[-75.014427,45.667766],[-75.250432,45.834827]]],[[[-75.250432,45.834827],[-75.261039,45.841874],[-75.251316,45.862601],[-75.250432,45.834827]]]]}},{"type":"Feature","properties":{"fed_id":"240052494","name_en":"Petawawa","res":4,"role":"hex"},"geometry":{"type":"Polygon","coordinates":[[[-77.408067,46.1134],[-77.059805,46.17724],[-76.805237,46.006448],[-76.898048,45.77306],[-77.242775,45.710049],[-77.497342,45.879183],[-77.408067,46.1134]]]}},{"type":"Feature","properties":{"fed_id":"240052504","name_en":"Val-des-Monts","res":4,"role":"hex"},"geometry":{"type":"Polygon","coordinates":[[[-76.20506,45.896594],[-75.951376,45.940535],[-75.856797,45.956703],[-75.608417,45.783423],[-75.706532,45.551694],[-76.051258,45.492],[-76.300522,45.664035],[-76.20506,45.896594]]]}},{"type":"Feature","properties":{"fed_id":"240052506","name_en":"Fort-Coulonge","res":4,"role":"hex"},"geometry":{"type":"Polygon","coordinates":[[[-76.805237,46.006448],[-76.456975,46.068629],[-76.391565,46.023859],[-76.20506,45.896594],[-76.300522,45.664035],[-76.321736,45.660304],[-76.32262,45.66445],[-76.321736,45.660304],[-76.645249,45.602683],[-76.646133,45.602683],[-76.898048,45.77306],[-76.805237,46.006448]]]}},{"type":"Feature","properties":{"fed_id":"240052514","name_en":"Saint-Zénon","res":4,"role":"hex"},"geometry":{"type":"Polygon","coordinates":[[[-74.350607,46.419333],[-74.24277,46.651477],[-74.101343,46.673448],[-73.886552,46.706197],[-73.641708,46.527529],[-73.739823,46.321915],[-73.752197,46.295799],[-73.903347,46.272999],[-74.104879,46.241908],[-74.350607,46.419333]]]}},{"type":"Feature","properties":{"fed_id":"240052515","name_en":"Saint-Lin--Laurentides","res":4,"role":"hex"},"geometry":{"type":"Polygon","coordinates":[[[-74.088085,45.920223],[-74.172941,45.981575],[-74.212717,46.010593],[-74.128745,46.192578],[-74.127861,46.192578],[-74.104879,46.241908],[-73.903347,46.272999],[-73.752197,46.295799],[-73.703582,46.260148],[-73.510005,46.11796],[-73.620494,45.887474],[-73.970524,45.833998],[-74.088085,45.920223]]]}},{"type":"Feature","properties":{"fed_id":"240052517","name_en":"Sainte-Agathe-des-Monts","res":4,"role":"hex"},"geometry":{"type":"Polygon","coordinates":[[[-74.690914,46.047073],[-74.808475,46.131225],[-74.726271,46.314868],[-74.704173,46.36337],[-74.350607,46.419333],[-74.104879,46.241908],[-74.127861,46.192578],[-74.128745,46.192578],[-74.212717,46.010593],[-74.562747,45.955459],[-74.63346,46.006033],[-74.690914,46.047073]]]}},{"type":"Feature","properties":{"fed_id":"240052519","name_en":"Saint-Gabriel","res":4,"role":"hex"},"geometry":{"type":"Polygon","coordinates":[[[-73.703582,46.260148],[-73.752197,46.295799],[-73.739823,46.321915],[-73.641708,46.527529],[-73.588673,46.535405],[-73.286374,46.580176],[-73.104288,46.44462],[-73.044182,46.400678],[-73.131689,46.223254],[-73.157323,46.169778],[-73.326151,46.14532],[-73.510005,46.11796],[-73.703582,46.260148]]]}},{"type":"Feature","properties":{"fed_id":"240052562","name_en":"Huntingdon","res":4,"role":"hex"},"geometry":{"type":"MultiPolygon","coordinates":[[[[-74.352375,44.992889],[-74.355911,44.995791],[-74.287849,45.143783],[-74.148191,45.166168],[-74.058916,45.179848],[-73.944007,45.197674],[-73.76634,45.065849],[-73.765456,45.065849],[-73.707118,45.021907],[-73.715957,45.002838],[-73.858267,45.001595],[-74.149959,44.991231],[-74.352375,44.992889]]],[[[-74.356795,44.992475],[-74.355911,44.995791],[-74.352375,44.992889],[-74.356795,44.992475]]]]}},{"type":"Feature","properties":{"fed_id":"240052605","name_en":"McGarry","res":4,"role":"hex"},"geometry":{"type":"Polygon","coordinates":[[[-79.627576,48.099477],[-79.639067,48.10611],[-79.555979,48.34613],[-79.193574,48.417846],[-78.916909,48.249127],[-79.002648,48.009521],[-79.362401,47.938634],[-79.627576,48.099477]]]}},{"type":"Feature","properties":{"fed_id":"240052675","name_en":"Roberval","res":4,"role":"hex"},"geometry":{"type":"Polygon","coordinates":[[[-72.593386,48.62346],[-72.592502,48.625118],[-72.331747,48.659939],[-72.318488,48.648747],[-72.31672,48.63258],[-72.32556,48.625947],[-72.32114,48.601074],[-72.301694,48.595685],[-72.299042,48.588223],[-72.278712,48.585322],[-72.245123,48.586151],[-72.236284,48.582834],[-72.221258,48.537235],[-72.227445,48.531016],[-72.21949,48.498682],[-72.200044,48.477126],[-72.176178,48.457642],[-72.160268,48.453497],[-72.149661,48.457228],[-72.128447,48.446035],[-72.11342,48.453911],[-72.132866,48.477126],[-72.119608,48.479613],[-72.090438,48.466348],[-72.070108,48.448522],[-72.040055,48.434842],[-72.005583,48.422821],[-72.093974,48.256589],[-72.464334,48.207673],[-72.714482,48.390901],[-72.593386,48.62346]]]}},{"type":"Feature","properties":{"fed_id":"240052679","name_en":"Alma","res":4,"role":"hex"},"geometry":{"type":"Polygon","coordinates":[[[-72.181482,48.744506],[-72.09309,48.90908],[-71.872995,48.937269],[-71.716543,48.957167],[-71.490261,48.787619],[-71.468163,48.770623],[-71.59633,48.537649],[-71.789024,48.513191],[-71.784604,48.528115],[-71.797863,48.547184],[-71.790791,48.562936],[-71.765158,48.573714],[-71.78372,48.578274],[-71.776649,48.595271],[-71.78814,48.604391],[-71.778417,48.613925],[-71.789024,48.628849],[-71.806702,48.630092],[-71.812889,48.647089],[-71.826148,48.662841],[-71.846478,48.654965],[-71.875647,48.679423],[-71.88537,48.683568],[-71.917191,48.684812],[-71.956967,48.679423],[-71.98702,48.681081],[-72.008234,48.688128],[-72.069224,48.732485],[-72.070108,48.743677],[-72.062153,48.75487],[-72.084251,48.765233],[-72.070992,48.778499],[-72.088671,48.778913],[-72.101929,48.761917],[-72.096626,48.753626],[-72.139054,48.74575],[-72.181482,48.744506]]]}},{"type":"Feature","properties":{"fed_id":"240052680","name_en":"Métabetchouan--Lac-à-la-Croix","res":4,"role":"hex"},"geometry":{"type":"Polygon","coordinates":[[[-71.668811,48.095331],[-71.848246,48.072117],[-72.093974,48.256589],[-72.005583,48.422821],[-71.978181,48.42821],[-71.947244,48.426966],[-71.916307,48.434013],[-71.899513,48.431526],[-71.879183,48.43733],[-71.859737,48.448522],[-71.827032,48.476711],[-71.80847,48.487075],[-71.797863,48.490391],[-71.789024,48.513191],[-71.59633,48.537649],[-71.550367,48.503242],[-71.350602,48.351519],[-71.477886,48.119375],[-71.667927,48.095331],[-71.668811,48.095331]]]}},{"type":"Feature","properties":{"fed_id":"240052681","name_en":"Dolbeau-Mistassini","res":4,"role":"hex"},"geometry":{"type":"Polygon","coordinates":[[[-72.845301,48.809175],[-72.723321,49.044221],[-72.642001,49.054999],[-72.345006,49.094381],[-72.282248,49.048367],[-72.11342,48.924004],[-72.09309,48.90908],[-72.181482,48.744506],[-72.207999,48.745335],[-72.236284,48.734143],[-72.267221,48.727925],[-72.2849,48.733314],[-72.290203,48.719634],[-72.307881,48.725023],[-72.333515,48.744506],[-72.351193,48.738703],[-72.345006,48.702223],[-72.355613,48.688543],[-72.342354,48.666158],[-72.331747,48.659939],[-72.592502,48.625118],[-72.61018,48.637969],[-72.618135,48.644187],[-72.845301,48.809175]]]}},{"type":"Feature","properties":{"fed_id":"240052683","name_en":"Sainte-Brigitte-de-Laval","res":4,"role":"hex"},"geometry":{"type":"Polygon","coordinates":[[[-71.671463,46.960726],[-71.632571,46.986843],[-71.671463,46.960726],[-71.735105,47.009643],[-71.612241,47.240129],[-71.249836,47.286557],[-71.012947,47.101671],[-71.020902,47.086748],[-71.125204,46.896472],[-71.140231,46.887767],[-71.154373,46.869941],[-71.498216,46.826414],[-71.533572,46.853774],[-71.533572,46.854189],[-71.671463,46.960726]]]}},{"type":"Feature","properties":{"fed_id":"240052701","name_en":"Saint-Raymond","res":4,"role":"hex"},"geometry":{"type":"Polygon","coordinates":[[[-72.697688,47.094209],[-72.941648,47.275779],[-72.824087,47.508338],[-72.482896,47.555182],[-72.482896,47.555596],[-72.459915,47.558498],[-72.215954,47.375684],[-72.336167,47.143955],[-72.697688,47.094209]]]}},{"type":"Feature","properties":{"fed_id":"240052710","name_en":"Saint-Fulgence","res":4,"role":"hex"},"geometry":{"type":"Polygon","coordinates":[[[-70.846771,48.629263],[-70.471991,48.673205],[-70.230683,48.484588],[-70.365038,48.253687],[-70.60723,48.225498],[-70.736282,48.21016],[-70.978474,48.397119],[-70.846771,48.629263]]]}},{"type":"Feature","properties":{"fed_id":"240052712","name_en":"Saint-Honoré","res":4,"role":"hex"},"geometry":{"type":"Polygon","coordinates":[[[-71.550367,48.503242],[-71.59633,48.537649],[-71.468163,48.770623],[-71.091615,48.816637],[-70.947537,48.706368],[-71.12874,48.738288],[-71.3727,48.780572],[-70.947537,48.706368],[-70.846771,48.629263],[-70.978474,48.397119],[-71.350602,48.351519],[-71.550367,48.503242]]]}},{"type":"Feature","properties":{"fed_id":"240052713","name_en":"Saguenay","res":4,"role":"hex"},"geometry":{"type":"Polygon","coordinates":[[[-71.477886,48.119375],[-71.350602,48.351519],[-70.978474,48.397119],[-70.736282,48.21016],[-70.854726,47.999987],[-70.867101,47.978845],[-71.235693,47.93366],[-71.477886,48.119375]]]}},{"type":"Feature","properties":{"fed_id":"240052724","name_en":"Cookshire-Eaton","res":4,"role":"hex"},"geometry":{"type":"Polygon","coordinates":[[[-71.797863,45.630457],[-71.74748,45.728289],[-71.486725,45.763111],[-71.396566,45.774718],[-71.392146,45.770987],[-71.316129,45.710878],[-71.166748,45.593148],[-71.237461,45.46008],[-71.258675,45.460909],[-71.237461,45.46008],[-71.287844,45.365978],[-71.340879,45.359346],[-71.635223,45.319964],[-71.86504,45.50029],[-71.797863,45.630457]]]}},{"type":"Feature","properties":{"fed_id":"240052726","name_en":"Val-des-Sources","res":4,"role":"hex"},"geometry":{"type":"Polygon","coordinates":[[[-72.446656,45.632115],[-72.384782,45.753991],[-72.330863,45.860943],[-72.200928,45.878768],[-72.05243,45.899496],[-71.979949,45.909445],[-71.74748,45.728289],[-71.797863,45.630457],[-71.86504,45.50029],[-71.882719,45.498218],[-72.213302,45.452618],[-72.277828,45.502363],[-72.446656,45.632115]]]}},{"type":"Feature","properties":{"fed_id":"240052727","name_en":"Sherbrooke","res":4,"role":"hex"},"geometry":{"type":"Polygon","coordinates":[[[-72.096626,45.045951],[-72.09751,45.045951],[-72.169107,45.1015],[-72.176178,45.106889],[-72.244239,45.15995],[-72.228329,45.174459],[-72.200928,45.211354],[-72.186785,45.234983],[-72.177062,45.233739],[-72.1585,45.263172],[-72.164687,45.271462],[-72.189437,45.26483],[-72.207999,45.234154],[-72.208883,45.225034],[-72.230981,45.225448],[-72.226561,45.216328],[-72.227445,45.199332],[-72.233633,45.18731],[-72.252195,45.166168],[-72.328211,45.225034],[-72.21507,45.448887],[-72.213302,45.452618],[-71.882719,45.498218],[-71.86504,45.50029],[-71.635223,45.319964],[-71.642294,45.306699],[-71.73864,45.30504],[-71.642294,45.306699],[-71.673231,45.247419],[-71.746596,45.105231],[-71.752783,45.093209],[-72.004699,45.058802],[-72.096626,45.045951]]]}},{"type":"Feature","properties":{"fed_id":"240052728","name_en":"La Guadeloupe","res":4,"role":"hex"},"geometry":{"type":"Polygon","coordinates":[[[-71.392146,45.770987],[-71.396566,45.774718],[-71.275469,46.002717],[-70.921904,46.047488],[-70.693854,45.864259],[-70.817602,45.637504],[-70.822021,45.63709],[-70.822905,45.63709],[-70.857378,45.63253],[-70.858262,45.63253],[-71.166748,45.593148],[-71.316129,45.710878],[-71.392146,45.770987]]]}},{"type":"Feature","properties":{"fed_id":"240052729","name_en":"Lac-Mégantic","res":4,"role":"hex"},"geometry":{"type":"Polygon","coordinates":[[[-71.134927,45.244103],[-71.287844,45.365978],[-71.237461,45.46008],[-71.166748,45.593148],[-70.858262,45.63253],[-70.857378,45.632115],[-70.857378,45.63253],[-70.822905,45.63709],[-70.822021,45.63709],[-70.817602,45.637504],[-70.813182,45.634188],[-70.696506,45.540087],[-70.711532,45.519359],[-70.723023,45.512312],[-70.711532,45.498632],[-70.717719,45.489512],[-70.691202,45.47376],[-70.680595,45.451789],[-70.650542,45.445156],[-70.642587,45.43272],[-70.628444,45.421113],[-70.634632,45.411578],[-70.622257,45.404945],[-70.635515,45.396655],[-70.637283,45.382146],[-70.650542,45.377171],[-70.681479,45.394996],[-70.710648,45.390022],[-70.730094,45.399142],[-70.743353,45.411578],[-70.744237,45.420698],[-70.756612,45.428574],[-70.781361,45.430647],[-70.798156,45.425673],[-70.825557,45.399971],[-70.801691,45.366807],[-70.814066,45.3552],[-70.818486,45.332815],[-70.806995,45.321208],[-70.814066,45.299651],[-70.834396,45.293433],[-70.832628,45.277681],[-70.849423,45.262343],[-70.849423,45.244517],[-70.837048,45.237055],[-70.858262,45.228765],[-70.885663,45.234983],[-70.898038,45.243688],[-70.898922,45.258612],[-70.92102,45.278924],[-70.912181,45.29675],[-70.919252,45.312502],[-70.944885,45.324939],[-70.953725,45.339033],[-70.980242,45.331986],[-71.010295,45.347324],[-71.008527,45.319135],[-71.040348,45.312917],[-71.065098,45.312502],[-71.097803,45.301724],[-71.116365,45.27395],[-71.119017,45.261928],[-71.134927,45.244103]]]}},{"type":"Feature","properties":{"fed_id":"240052730","name_en":"Disraeli","res":4,"role":"hex"},"geometry":{"type":"Polygon","coordinates":[[[-71.74748,45.728289],[-71.979949,45.909445],[-71.934869,45.996499],[-71.861505,46.137858],[-71.798747,46.146563],[-71.817309,46.138687],[-71.798747,46.146563],[-71.66174,46.164803],[-71.558322,46.178069],[-71.507055,46.185116],[-71.275469,46.002717],[-71.396566,45.774718],[-71.486725,45.763111],[-71.74748,45.728289]]]}},{"type":"Feature","properties":{"fed_id":"240052739","name_en":"Cowansville","res":4,"role":"hex"},"geometry":{"type":"MultiPolygon","coordinates":[[[[-73.335874,45.053413],[-73.363275,45.07414],[-73.318195,45.169899],[-73.309356,45.164096],[-73.317311,45.169899],[-73.25367,45.302968],[-73.094565,45.326597],[-72.975237,45.344008],[-72.908059,45.353957],[-72.86298,45.319964],[-72.871819,45.29675],[-72.86298,45.319964],[-72.835578,45.299237],[-72.759562,45.240786],[-72.759562,45.226277],[-72.740115,45.226277],[-72.688848,45.186896],[-72.6915,45.139638],[-72.75249,45.015689],[-72.847953,45.016518],[-72.967281,45.014031],[-73.063628,45.016104],[-73.091029,45.015275],[-73.089262,45.027296],[-73.076003,45.042635],[-73.076887,45.057558],[-73.094565,45.070409],[-73.132573,45.072067],[-73.129922,45.080773],[-73.146716,45.084918],[-73.159091,45.059631],[-73.169698,45.055485],[-73.174117,45.031856],[-73.193563,45.01486],[-73.209474,45.013202],[-73.280187,45.011958],[-73.323499,45.044293],[-73.324383,45.044707],[-73.319963,45.068751],[-73.312008,45.086162],[-73.295214,45.096111],[-73.231572,45.095696],[-73.216545,45.086991],[-73.196215,45.096111],[-73.193563,45.107303],[-73.190028,45.111863],[-73.190028,45.114765],[-73.18826,45.116423],[-73.18826,45.118496],[-73.186492,45.120983],[-73.185608,45.125129],[-73.181189,45.13259],[-73.177653,45.135907],[-73.181189,45.13342],[-73.18384,45.12886],[-73.187376,45.120983],[-73.18826,45.119325],[-73.18826,45.116423],[-73.190028,45.114765],[-73.190028,45.111863],[-73.194447,45.107303],[-73.201519,45.094867],[-73.216545,45.08782],[-73.237759,45.116423],[-73.245714,45.122227],[-73.250134,45.143369],[-73.247482,45.188139],[-73.24925,45.212597],[-73.261625,45.201405],[-73.265161,45.16451],[-73.259857,45.157463],[-73.263393,45.135078],[-73.279303,45.122227],[-73.279303,45.108547],[-73.293446,45.105231],[-73.321731,45.086162],[-73.335874,45.053413]]],[[[-73.231572,45.095696],[-73.295214,45.096111],[-73.278419,45.103987],[-73.273116,45.111863],[-73.255437,45.121398],[-73.238643,45.113107],[-73.231572,45.095696]]],[[[-72.6915,45.139638],[-72.688848,45.186896],[-72.673822,45.175703],[-72.6915,45.139638]]],[[[-72.740115,45.226277],[-72.759562,45.226277],[-72.759562,45.240786],[-72.740115,45.226277]]]]}},{"type":"Feature","properties":{"fed_id":"240052741","name_en":"Saint-Jean-sur-Richelieu","res":4,"role":"hex"},"geometry":{"type":"MultiPolygon","coordinates":[[[[-73.752197,45.399971],[-73.737171,45.402873],[-73.720376,45.398313],[-73.68502,45.41448],[-73.671761,45.414894],[-73.643476,45.402873],[-73.624914,45.401629],[-73.601932,45.405775],[-73.566575,45.406189],[-73.540058,45.402458],[-73.526799,45.400385],[-73.51354,45.405775],[-73.50205,45.414065],[-73.491443,45.431476],[-73.495862,45.444742],[-73.496746,45.464225],[-73.504701,45.477905],[-73.490559,45.479978],[-73.25367,45.302968],[-73.317311,45.169899],[-73.318195,45.169899],[-73.363275,45.07414],[-73.39156,45.069994],[-73.694743,45.02398],[-73.707118,45.021907],[-73.765456,45.065849],[-73.76634,45.065849],[-73.944007,45.197674],[-73.889204,45.315819],[-73.852964,45.318306],[-73.846776,45.328255],[-73.821143,45.3324],[-73.793741,45.360175],[-73.775179,45.370953],[-73.76192,45.399556],[-73.752197,45.399971]]],[[[-73.86799,45.361833],[-73.861803,45.375098],[-73.855615,45.36432],[-73.86799,45.361833]]],[[[-73.837937,45.426502],[-73.837053,45.427331],[-73.833517,45.427745],[-73.837937,45.426502]]],[[[-73.759269,45.439353],[-73.598396,45.463811],[-73.620494,45.455105],[-73.631985,45.446814],[-73.667342,45.431891],[-73.692975,45.43272],[-73.720376,45.438523],[-73.747778,45.436036],[-73.759269,45.439353]]],[[[-73.596628,45.464225],[-73.579834,45.466712],[-73.556852,45.470029],[-73.569227,45.447229],[-73.610771,45.415724],[-73.64436,45.416553],[-73.66469,45.431476],[-73.631101,45.446814],[-73.620494,45.454691],[-73.596628,45.464225]]],[[[-73.544477,45.472101],[-73.536522,45.473345],[-73.53387,45.466712],[-73.548013,45.448472],[-73.562156,45.449302],[-73.555968,45.465883],[-73.544477,45.472101]]],[[[-73.601932,45.406604],[-73.586905,45.410749],[-73.53829,45.409091],[-73.52238,45.411993],[-73.509121,45.419869],[-73.50205,45.433963],[-73.503817,45.462981],[-73.510889,45.477076],[-73.510005,45.477076],[-73.503817,45.464225],[-73.501166,45.433963],[-73.504701,45.424429],[-73.511773,45.416553],[-73.519728,45.412407],[-73.534754,45.408676],[-73.588673,45.408262],[-73.601932,45.406604]]]]}},{"type":"Feature","properties":{"fed_id":"240052742","name_en":"Drummondville","res":4,"role":"hex"},"geometry":{"type":"Polygon","coordinates":[[[-72.972585,45.882085],[-72.918666,45.990695],[-72.780775,46.010593],[-72.703875,46.021786],[-72.566868,46.040855],[-72.545654,46.025102],[-72.481129,45.975772],[-72.330863,45.860943],[-72.384782,45.753991],[-72.446656,45.632115],[-72.495271,45.625482],[-72.73216,45.59149],[-72.783427,45.584443],[-72.794918,45.58237],[-73.031807,45.761038],[-72.972585,45.882085]]]}},{"type":"Feature","properties":{"fed_id":"240052743","name_en":"Granby","res":4,"role":"hex"},"geometry":{"type":"Polygon","coordinates":[[[-72.835578,45.299237],[-72.86298,45.319964],[-72.841766,45.382146],[-72.86298,45.319964],[-72.908059,45.353957],[-72.847953,45.475418],[-72.794918,45.58237],[-72.783427,45.584443],[-72.794918,45.552108],[-72.783427,45.584443],[-72.73216,45.59149],[-72.495271,45.625482],[-72.446656,45.632115],[-72.277828,45.502363],[-72.213302,45.452618],[-72.21507,45.448887],[-72.328211,45.225034],[-72.401576,45.21467],[-72.40246,45.21467],[-72.673822,45.175703],[-72.688848,45.186896],[-72.740115,45.226277],[-72.759562,45.240786],[-72.835578,45.299237]]]}},{"type":"Feature","properties":{"fed_id":"240052744","name_en":"Sorel-Tracy","res":4,"role":"hex"},"geometry":{"type":"MultiPolygon","coordinates":[[[[-73.43222,45.748187],[-73.620494,45.887474],[-73.510005,46.11796],[-73.326151,46.14532],[-73.157323,46.169778],[-73.109592,46.134127],[-73.121082,46.121691],[-73.153787,46.105524],[-73.160859,46.092258],[-73.177653,46.075262],[-73.182073,46.057022],[-73.178537,46.039611],[-73.182956,46.020128],[-73.191796,45.987793],[-73.203287,45.970382],[-73.220081,45.956288],[-73.239527,45.932659],[-73.270464,45.88623],[-73.326151,45.835241],[-73.359739,45.824463],[-73.380069,45.799591],[-73.394212,45.789642],[-73.409239,45.771402],[-73.43222,45.748187]]],[[[-73.181189,45.980746],[-73.153787,46.035051],[-73.141413,46.046658],[-73.093681,46.048731],[-73.074235,46.057022],[-73.04595,46.05868],[-73.027388,46.064069],[-73.014129,46.062411],[-72.918666,45.990695],[-72.972585,45.882085],[-73.031807,45.761038],[-73.053905,45.758136],[-73.069815,45.755649],[-73.201519,45.736166],[-73.202403,45.736166],[-73.3509,45.714195],[-73.380953,45.709635],[-73.412774,45.733264],[-73.365043,45.774718],[-73.341177,45.784667],[-73.309356,45.809125],[-73.303169,45.818245],[-73.283723,45.832754],[-73.248366,45.849336],[-73.230688,45.865088],[-73.207706,45.898252],[-73.209474,45.922295],[-73.203287,45.948826],[-73.181189,45.980746]]],[[[-73.304053,45.827365],[-73.35532,45.791714],[-73.37565,45.789227],[-73.362391,45.804151],[-73.342061,45.817001],[-73.304053,45.827365]]],[[[-73.161743,46.088527],[-73.161743,46.088942],[-73.151136,46.105938],[-73.132573,46.101793],[-73.152019,46.086869],[-73.157323,46.075676],[-73.166162,46.057022],[-73.180305,46.057022],[-73.175001,46.075676],[-73.161743,46.088527]]],[[[-73.10694,46.132054],[-73.091029,46.120033],[-73.095449,46.106353],[-73.114895,46.098476],[-73.126386,46.088942],[-73.129038,46.075262],[-73.148484,46.061997],[-73.155555,46.067386],[-73.151136,46.083138],[-73.121082,46.10884],[-73.10694,46.132054]]],[[[-73.084842,46.115473],[-73.076003,46.10884],[-73.076003,46.091844],[-73.098985,46.071531],[-73.119315,46.061997],[-73.129922,46.071531],[-73.123734,46.089356],[-73.098101,46.103451],[-73.084842,46.115473]]],[[[-73.053021,46.091429],[-73.036227,46.079407],[-73.04595,46.068629],[-73.065396,46.074847],[-73.053021,46.091429]]]]}},{"type":"Feature","properties":{"fed_id":"240052751","name_en":"Sutton","res":4,"role":"hex"},"geometry":{"type":"MultiPolygon","coordinates":[[[[-72.169107,45.1015],[-72.09751,45.045951],[-72.11784,45.00574],[-72.210651,45.005326],[-72.21507,45.022736],[-72.234516,45.027296],[-72.228329,45.053827],[-72.205347,45.088234],[-72.193856,45.09694],[-72.169107,45.1015]]],[[[-72.244239,45.15995],[-72.176178,45.106889],[-72.19474,45.098183],[-72.21507,45.084089],[-72.228329,45.063776],[-72.262802,45.056315],[-72.273409,45.084503],[-72.254846,45.108132],[-72.267221,45.114351],[-72.261034,45.13342],[-72.246891,45.150416],[-72.244239,45.15995]]],[[[-72.75249,45.015689],[-72.6915,45.139638],[-72.673822,45.175703],[-72.40246,45.21467],[-72.401576,45.21467],[-72.328211,45.225034],[-72.252195,45.166168],[-72.261918,45.156219],[-72.278712,45.151659],[-72.291087,45.171143],[-72.30081,45.165754],[-72.297274,45.15539],[-72.28048,45.143369],[-72.294623,45.104816],[-72.294623,45.091136],[-72.287551,45.083674],[-72.28048,45.057144],[-72.281364,45.046365],[-72.273409,45.038904],[-72.25573,45.004497],[-72.312301,45.003668],[-72.449308,45.008642],[-72.555377,45.008227],[-72.632278,45.014446],[-72.75249,45.015689]]]]}},{"type":"Feature","properties":{"fed_id":"240052752","name_en":"Saint-Joseph-de-Beauce","res":4,"role":"hex"},"geometry":{"type":"Polygon","coordinates":[[[-71.028857,46.459129],[-70.95726,46.590954],[-70.904225,46.687957],[-70.669988,46.716975],[-70.545356,46.731899],[-70.314655,46.546598],[-70.415421,46.368344],[-70.415421,46.36793],[-70.442822,46.319013],[-70.798156,46.275486],[-71.028857,46.459129]]]}},{"type":"Feature","properties":{"fed_id":"240052753","name_en":"Saint-Georges","res":4,"role":"hex"},"geometry":{"type":"Polygon","coordinates":[[[-70.921904,46.047488],[-70.798156,46.275486],[-70.442822,46.319013],[-70.288137,46.194236],[-70.290789,46.185116],[-70.265155,46.167705],[-70.235986,46.14532],[-70.254548,46.114229],[-70.2572,46.09972],[-70.273111,46.102207],[-70.289905,46.093916],[-70.301396,46.083138],[-70.306699,46.061167],[-70.278414,46.060338],[-70.281066,46.051218],[-70.299628,46.038368],[-70.305815,46.025517],[-70.317306,46.019713],[-70.303164,46.002717],[-70.291673,45.996499],[-70.29786,45.986135],[-70.312003,45.974528],[-70.311119,45.962506],[-70.341172,45.907786],[-70.693854,45.864259],[-70.921904,46.047488]]]}},{"type":"Feature","properties":{"fed_id":"240052755","name_en":"Thetford Mines","res":4,"role":"hex"},"geometry":{"type":"Polygon","coordinates":[[[-71.507055,46.185116],[-71.443413,46.305333],[-71.385959,46.413529],[-71.111945,46.448765],[-71.08366,46.452082],[-71.028857,46.459129],[-70.798156,46.275486],[-70.921904,46.047488],[-71.275469,46.002717],[-71.507055,46.185116]]]}},{"type":"Feature","properties":{"fed_id":"240052756","name_en":"Saint-Fabien-de-Panet","res":4,"role":"hex"},"geometry":{"type":"MultiPolygon","coordinates":[[[[-70.484366,46.841753],[-70.425144,46.8032],[-70.484366,46.842167],[-70.430447,46.937927],[-70.417189,46.960312],[-70.289021,46.97565],[-70.055668,47.00301],[-69.854135,46.839265],[-69.959321,46.733142],[-69.997329,46.695833],[-70.019427,46.591783],[-70.035338,46.588881],[-70.037989,46.585979],[-70.044177,46.584321],[-70.04948,46.581834],[-70.0539,46.578518],[-70.060087,46.576859],[-70.21212,46.559034],[-70.21212,46.567739],[-70.228031,46.583907],[-70.21212,46.567739],[-70.21212,46.559034],[-70.314655,46.546598],[-70.545356,46.731899],[-70.484366,46.841753]]],[[[-70.021195,46.581419],[-70.059203,46.576859],[-70.053016,46.578103],[-70.045061,46.583907],[-70.037989,46.58515],[-70.034454,46.588881],[-70.021195,46.581419]]]]}},{"type":"Feature","properties":{"fed_id":"240052758","name_en":"Montmagny","res":4,"role":"hex"},"geometry":{"type":"MultiPolygon","coordinates":[[[[-70.548008,47.064777],[-70.535633,47.054828],[-70.55066,47.044464],[-70.563918,47.048195],[-70.548008,47.064777]]],[[[-70.951073,46.855018],[-70.935162,46.870356],[-70.912181,46.875745],[-70.883011,46.890669],[-70.841467,46.88445],[-70.79462,46.91637],[-70.785781,46.90725],[-70.768103,46.906007],[-70.755728,46.915127],[-70.752192,46.927148],[-70.726559,46.937927],[-70.712416,46.935439],[-70.692086,46.947047],[-70.64789,46.966945],[-70.617837,46.983526],[-70.582481,46.991403],[-70.549776,46.994304],[-70.516187,47.001766],[-70.488786,47.017519],[-70.417189,46.960312],[-70.430447,46.937927],[-70.484366,46.842167],[-70.484366,46.841753],[-70.545356,46.731899],[-70.669988,46.716975],[-70.904225,46.687957],[-71.082776,46.828487],[-71.061562,46.833047],[-71.031509,46.834705],[-71.008527,46.831389],[-70.987313,46.834705],[-70.951073,46.855018]]],[[[-71.125204,46.896472],[-71.020902,47.086748],[-71.012947,47.101671],[-70.685015,47.141882],[-70.697389,47.135664],[-70.700925,47.124886],[-70.715952,47.108304],[-70.735398,47.097111],[-70.742469,47.087577],[-70.763683,47.082602],[-70.782245,47.07058],[-70.806111,47.049853],[-70.831744,47.049024],[-70.864449,47.044464],[-70.88036,47.040733],[-70.959028,47.007984],[-70.983778,46.987672],[-71.014715,46.971919],[-71.039464,46.952021],[-71.052723,46.933367],[-71.073053,46.920101],[-71.092499,46.912225],[-71.109293,46.901032],[-71.125204,46.896472]]],[[[-71.109293,46.849629],[-71.127856,46.863723],[-71.119017,46.876989],[-71.090731,46.89813],[-71.059794,46.913054],[-71.047419,46.924661],[-71.023554,46.933367],[-70.998804,46.953265],[-70.978474,46.964457],[-70.951073,46.987672],[-70.924555,47.001352],[-70.891851,47.007984],[-70.860914,47.020421],[-70.844119,47.024566],[-70.824673,47.019177],[-70.806111,47.024566],[-70.803459,47.012959],[-70.809647,46.997621],[-70.829093,46.976894],[-70.844119,46.968603],[-70.870637,46.941243],[-70.879476,46.927148],[-70.909529,46.910152],[-70.955492,46.8944],[-70.982894,46.8716],[-71.010295,46.858749],[-71.049187,46.854603],[-71.055375,46.850458],[-71.109293,46.849629]]]]}},{"type":"Feature","properties":{"fed_id":"240052766","name_en":"Bécancour","res":4,"role":"hex"},"geometry":{"type":"MultiPolygon","coordinates":[[[[-72.540351,46.338497],[-72.689732,46.451253],[-72.611948,46.605048],[-72.573056,46.681739],[-72.291087,46.720706],[-72.286667,46.717804],[-72.291087,46.720706],[-72.21507,46.731069],[-72.0321,46.591368],[-72.078948,46.584321],[-72.087787,46.586394],[-72.130215,46.581419],[-72.172642,46.566496],[-72.204463,46.547427],[-72.217722,46.54494],[-72.237168,46.521311],[-72.238052,46.511776],[-72.250427,46.496438],[-72.261918,46.457471],[-72.270757,46.449595],[-72.290203,46.44462],[-72.34589,46.439646],[-72.36622,46.430111],[-72.383898,46.415187],[-72.42279,46.406897],[-72.442236,46.397362],[-72.465218,46.391973],[-72.486432,46.379951],[-72.500575,46.36254],[-72.540351,46.338497]]],[[[-72.003815,46.569812],[-71.977297,46.549085],[-72.021493,46.464104],[-72.05685,46.396533],[-72.087787,46.336424],[-72.096626,46.319428],[-72.451075,46.270512],[-72.525324,46.32689],[-72.50411,46.338082],[-72.477593,46.357151],[-72.458147,46.365857],[-72.448424,46.37622],[-72.421906,46.377464],[-72.394505,46.389486],[-72.340586,46.400264],[-72.330863,46.396533],[-72.314953,46.405653],[-72.289319,46.405653],[-72.26015,46.416846],[-72.249543,46.416846],[-72.232749,46.433427],[-72.234516,46.439231],[-72.223909,46.452082],[-72.222142,46.464104],[-72.207115,46.506802],[-72.187669,46.515507],[-72.164687,46.538721],[-72.106349,46.560692],[-72.080715,46.556132],[-72.070108,46.560692],[-72.035636,46.55779],[-72.003815,46.569812]]]]}},{"type":"Feature","properties":{"fed_id":"240052767","name_en":"Victoriaville","res":4,"role":"hex"},"geometry":{"type":"Polygon","coordinates":[[[-72.545654,46.025102],[-72.566868,46.040855],[-72.552726,46.069873],[-72.532396,46.110084],[-72.502342,46.169778],[-72.451075,46.270512],[-72.096626,46.319428],[-71.964923,46.218279],[-71.861505,46.137858],[-71.934869,45.996499],[-71.979949,45.909445],[-72.05243,45.899496],[-72.200928,45.878768],[-72.330863,45.860943],[-72.481129,45.975772],[-72.545654,46.025102]]]}},{"type":"Feature","properties":{"fed_id":"240052768","name_en":"Shawinigan","res":4,"role":"hex"},"geometry":{"type":"Polygon","coordinates":[[[-73.286374,46.580176],[-73.17235,46.811491],[-72.814364,46.862894],[-72.71625,46.78952],[-72.573056,46.681739],[-72.611948,46.605048],[-72.689732,46.451253],[-72.73658,46.44462],[-72.824087,46.432184],[-72.956674,46.413115],[-73.044182,46.400678],[-73.104288,46.44462],[-73.286374,46.580176]]]}},{"type":"Feature","properties":{"fed_id":"240052769","name_en":"Trois-Rivières","res":4,"role":"hex"},"geometry":{"type":"MultiPolygon","coordinates":[[[[-73.131689,46.223254],[-73.044182,46.400678],[-72.956674,46.413115],[-72.824087,46.432184],[-72.73658,46.44462],[-72.689732,46.451253],[-72.540351,46.338497],[-72.577475,46.303675],[-72.595153,46.295799],[-72.625207,46.292068],[-72.645537,46.282534],[-72.665867,46.277145],[-72.709178,46.291239],[-72.73216,46.290824],[-72.779892,46.270097],[-72.81348,46.262221],[-72.824971,46.267196],[-72.847069,46.266781],[-72.860328,46.251857],[-72.902756,46.237348],[-72.921318,46.218694],[-72.93546,46.219523],[-72.952255,46.209159],[-72.985844,46.202527],[-73.007058,46.191334],[-72.98496,46.17724],[-72.991147,46.16812],[-73.052137,46.152782],[-73.068048,46.151123],[-73.109592,46.134127],[-73.157323,46.169778],[-73.131689,46.223254]]],[[[-72.67559,46.194236],[-72.666751,46.192992],[-72.652608,46.210403],[-72.666751,46.222425],[-72.666751,46.242323],[-72.647304,46.255174],[-72.637581,46.254759],[-72.619019,46.271341],[-72.588966,46.28129],[-72.553609,46.29953],[-72.527976,46.321086],[-72.525324,46.32689],[-72.451075,46.270512],[-72.502342,46.169778],[-72.532396,46.110084],[-72.552726,46.069873],[-72.566868,46.040855],[-72.703875,46.021786],[-72.780775,46.010593],[-72.918666,45.990695],[-73.014129,46.062411],[-72.979656,46.071946],[-72.936344,46.095989],[-72.93988,46.078578],[-72.930157,46.067386],[-72.912479,46.069458],[-72.908059,46.085211],[-72.924854,46.091844],[-72.91955,46.098476],[-72.924854,46.117131],[-72.89922,46.115887],[-72.875354,46.130396],[-72.851489,46.130396],[-72.820552,46.141589],[-72.801989,46.138687],[-72.783427,46.144491],[-72.757794,46.158585],[-72.718018,46.171851],[-72.69592,46.188847],[-72.67559,46.194236]]],[[[-73.091029,46.120033],[-73.10694,46.132054],[-73.053905,46.14988],[-73.037995,46.144905],[-73.068932,46.132883],[-73.091029,46.120033]]],[[[-73.015897,46.063655],[-73.022084,46.068215],[-72.996451,46.073189],[-72.982308,46.091844],[-72.969049,46.09972],[-72.958442,46.094331],[-72.978772,46.074847],[-73.015897,46.063655]]],[[[-73.036227,46.079407],[-73.053021,46.091429],[-73.04153,46.103451],[-73.0212,46.091015],[-73.036227,46.079407]]],[[[-73.068932,46.120862],[-73.067164,46.122105],[-73.054789,46.128738],[-73.04153,46.120033],[-73.060092,46.097233],[-73.072467,46.106353],[-73.068932,46.120862]]],[[[-73.009709,46.124178],[-73.035343,46.117545],[-73.030923,46.129982],[-73.009709,46.124178]]]]}},{"type":"Feature","properties":{"fed_id":"240052770","name_en":"Pont-Rouge","res":4,"role":"hex"},"geometry":{"type":"MultiPolygon","coordinates":[[[[-72.0321,46.591368],[-72.21507,46.731069],[-72.197392,46.766306],[-72.165571,46.827658],[-72.11342,46.927563],[-72.095742,46.96197],[-72.069224,46.965286],[-71.735105,47.009643],[-71.671463,46.960726],[-71.533572,46.854189],[-71.533572,46.853774],[-71.498216,46.826414],[-71.562742,46.704953],[-71.575116,46.697077],[-71.615776,46.696662],[-71.652901,46.684641],[-71.667043,46.675106],[-71.694445,46.668059],[-71.712123,46.670132],[-71.766926,46.66723],[-71.789024,46.669717],[-71.823496,46.686299],[-71.843826,46.692102],[-71.881835,46.69003],[-71.898629,46.682153],[-71.927798,46.646088],[-71.939289,46.645674],[-71.986137,46.625361],[-72.015306,46.606706],[-72.0321,46.591368]]],[[[-71.583072,46.66723],[-71.620196,46.596343],[-71.733337,46.581834],[-71.977297,46.549085],[-72.003815,46.569812],[-71.996743,46.579761],[-71.979949,46.590954],[-71.958735,46.610852],[-71.927798,46.619143],[-71.9057,46.630335],[-71.892442,46.648575],[-71.860621,46.666401],[-71.843826,46.665986],[-71.820845,46.651063],[-71.809354,46.639455],[-71.779301,46.630335],[-71.740408,46.627434],[-71.696213,46.628677],[-71.643178,46.637383],[-71.61666,46.649819],[-71.599866,46.661426],[-71.583072,46.66723]]]]}},{"type":"Feature","properties":{"fed_id":"240052771","name_en":"Plessisville","res":4,"role":"hex"},"geometry":{"type":"Polygon","coordinates":[[[-71.964923,46.218279],[-72.096626,46.319428],[-72.087787,46.336424],[-72.05685,46.396533],[-72.021493,46.464104],[-71.977297,46.549085],[-71.733337,46.581834],[-71.620196,46.596343],[-71.518546,46.51758],[-71.479654,46.486903],[-71.385959,46.413529],[-71.443413,46.305333],[-71.507055,46.185116],[-71.558322,46.178069],[-71.66174,46.164803],[-71.798747,46.146563],[-71.861505,46.137858],[-71.964923,46.218279]]]}},{"type":"Feature","properties":{"fed_id":"240052772","name_en":"Saint-Tite","res":4,"role":"hex"},"geometry":{"type":"Polygon","coordinates":[[[-72.573056,46.681739],[-72.71625,46.78952],[-72.814364,46.862894],[-72.697688,47.094209],[-72.336167,47.143955],[-72.323792,47.13442],[-72.436049,47.057315],[-72.323792,47.13442],[-72.095742,46.96197],[-72.11342,46.927563],[-72.165571,46.827658],[-72.197392,46.766306],[-72.21507,46.731069],[-72.291087,46.720706],[-72.573056,46.681739]]]}},{"type":"Feature","properties":{"fed_id":"240052790","name_en":"La Sarre","res":4,"role":"hex"},"geometry":{"type":"Polygon","coordinates":[[[-79.236002,48.735801],[-79.388035,48.827415],[-79.357982,48.912396],[-79.323509,49.009399],[-79.302295,49.068679],[-78.933703,49.139981],[-78.652618,48.969603],[-78.741894,48.729168],[-79.107834,48.658281],[-79.236002,48.735801]]]}},{"type":"Feature","properties":{"fed_id":"240052794","name_en":"Barraute","res":4,"role":"hex"},"geometry":{"type":"Polygon","coordinates":[[[-77.824391,48.455155],[-77.777543,48.46386],[-77.560984,48.503242],[-77.457566,48.521482],[-77.187088,48.348203],[-77.268408,48.14632],[-77.283435,48.110255],[-77.646724,48.044343],[-77.917202,48.216378],[-77.824391,48.455155]]]}},{"type":"Feature","properties":{"fed_id":"240052796","name_en":"Preissac","res":4,"role":"hex"},"geometry":{"type":"Polygon","coordinates":[[[-78.496165,48.474224],[-78.464345,48.558376],[-78.098404,48.627191],[-77.824391,48.455155],[-77.917202,48.216378],[-78.038298,48.193578],[-78.28049,48.148393],[-78.55362,48.31877],[-78.496165,48.474224]]]}},{"type":"Feature","properties":{"fed_id":"240052797","name_en":"Malartic","res":4,"role":"hex"},"geometry":{"type":"Polygon","coordinates":[[[-78.038298,48.193578],[-77.917202,48.216378],[-77.646724,48.044343],[-77.738651,47.806395],[-78.099288,47.739239],[-78.369766,47.909616],[-78.28049,48.148393],[-78.038298,48.193578]]]}},{"type":"Feature","properties":{"fed_id":"241367539","name_en":"Gatineau","res":5,"role":"core"},"geometry":{"type":"Polygon","coordinates":[[[-75.811843,45.410873],[-75.819744,45.50173],[-75.706981,45.551677],[-75.587036,45.510768],[-75.579853,45.419911],[-75.692616,45.370082],[-75.811843,45.410873]]]}},{"type":"Feature","properties":{"fed_id":"241367541","name_en":"Gatineau Pontiac","res":5,"role":"city"},"geometry":{"type":"Polygon","coordinates":[[[-75.819744,45.50173],[-75.811843,45.410873],[-75.923888,45.360806],[-76.043834,45.401359],[-76.051734,45.492216],[-75.939689,45.542401],[-75.819744,45.50173]]]}},{"type":"Feature","properties":{"fed_id":"241369166","name_en":"Beloeil","res":5,"role":"city"},"geometry":{"type":"Polygon","coordinates":[[[-73.260669,45.563332],[-73.260669,45.575343],[-73.187409,45.605668],[-73.186691,45.605668],[-73.165143,45.614587],[-73.145033,45.622793],[-73.02796,45.579148],[-73.026524,45.488291],[-73.055253,45.476399],[-73.11343,45.452377],[-73.141442,45.44096],[-73.258514,45.484367],[-73.258514,45.495189],[-73.260669,45.563332]]]}},{"type":"Feature","properties":{"fed_id":"241369168","name_en":"Longueuil","res":5,"role":"core"},"geometry":{"type":"MultiPolygon","coordinates":[[[[-73.493377,45.562856],[-73.478294,45.577365],[-73.389951,45.613755],[-73.37846,45.618631],[-73.260669,45.575343],[-73.260669,45.563332],[-73.258514,45.495189],[-73.258514,45.484367],[-73.373432,45.436917],[-73.402161,45.44762],[-73.490504,45.480086],[-73.491223,45.48841],[-73.491223,45.488529],[-73.493377,45.562856]]],[[[-73.493377,45.570943],[-73.490504,45.572132],[-73.493377,45.569159],[-73.493377,45.570943]]]]}},{"type":"Feature","properties":{"fed_id":"241369169","name_en":"Chambly","res":5,"role":"city"},"geometry":{"type":"Polygon","coordinates":[[[-73.139287,45.350222],[-73.254205,45.302891],[-73.370559,45.346179],[-73.373432,45.436917],[-73.258514,45.484367],[-73.141442,45.44096],[-73.139287,45.364136],[-73.139287,45.350222]]]}},{"type":"Feature","properties":{"fed_id":"241369170","name_en":"Saint-Hyacinthe","res":5,"role":"city"},"geometry":{"type":"Polygon","coordinates":[[[-73.145033,45.622793],[-73.147188,45.713769],[-73.060281,45.749327],[-73.057408,45.750516],[-73.031552,45.761219],[-72.913761,45.717337],[-72.913761,45.708299],[-72.912324,45.626361],[-73.02796,45.579148],[-73.145033,45.622793]]]}},{"type":"Feature","properties":{"fed_id":"241369172","name_en":"Sainte-Julie","res":5,"role":"city"},"geometry":{"type":"Polygon","coordinates":[[[-73.260669,45.575343],[-73.37846,45.618631],[-73.380614,45.709726],[-73.357631,45.719358],[-73.310227,45.682611],[-73.356912,45.719477],[-73.264978,45.757295],[-73.196028,45.731726],[-73.195309,45.731489],[-73.147188,45.713769],[-73.145033,45.622793],[-73.165143,45.614587],[-73.186691,45.605668],[-73.187409,45.605668],[-73.260669,45.575343]]]}},{"type":"Feature","properties":{"fed_id":"241369180","name_en":"Laval","res":5,"role":"city"},"geometry":{"type":"MultiPolygon","coordinates":[[[[-73.614041,45.691768],[-73.612605,45.647053],[-73.63487,45.631237],[-73.645643,45.603052],[-73.652826,45.596749],[-73.726086,45.566186],[-73.825202,45.601982],[-73.789291,45.614587],[-73.785699,45.631237],[-73.772053,45.644318],[-73.734705,45.674524],[-73.726086,45.679162],[-73.69592,45.680708],[-73.687301,45.684871],[-73.657853,45.683325],[-73.649235,45.688438],[-73.614041,45.691768]]],[[[-73.829512,45.603765],[-73.844595,45.609117],[-73.847468,45.700093],[-73.826639,45.708893],[-73.73255,45.748138],[-73.614041,45.705088],[-73.614041,45.694385],[-73.63487,45.691055],[-73.642052,45.697239],[-73.658572,45.691887],[-73.687301,45.694504],[-73.711721,45.680827],[-73.727522,45.682492],[-73.741169,45.675833],[-73.769898,45.653118],[-73.775644,45.65514],[-73.779954,45.636826],[-73.797909,45.620533],[-73.809401,45.619463],[-73.829512,45.603765]]],[[[-73.611886,45.633853],[-73.611168,45.614112],[-73.643489,45.600673],[-73.634152,45.619225],[-73.611886,45.633853]]]]}},{"type":"Feature","properties":{"fed_id":"241369181","name_en":"Montréal","res":5,"role":"core"},"geometry":{"type":"MultiPolygon","coordinates":[[[[-73.493377,45.562856],[-73.491223,45.488529],[-73.491223,45.48841],[-73.490504,45.480086],[-73.501278,45.475685],[-73.507742,45.47961],[-73.525698,45.521709],[-73.527134,45.533601],[-73.506306,45.546207],[-73.493377,45.562856]]],[[[-73.494096,45.571181],[-73.493377,45.570943],[-73.493377,45.569159],[-73.494096,45.571181]]],[[[-73.725368,45.536693],[-73.726086,45.566186],[-73.652826,45.596749],[-73.66719,45.580575],[-73.677964,45.55691],[-73.707412,45.54692],[-73.725368,45.536693]]],[[[-73.723213,45.475329],[-73.725368,45.534433],[-73.706693,45.543709],[-73.680119,45.549418],[-73.664318,45.564283],[-73.665754,45.574154],[-73.65498,45.581884],[-73.643489,45.600673],[-73.611168,45.614112],[-73.50846,45.576532],[-73.540063,45.535623],[-73.552991,45.501967],[-73.552991,45.493048],[-73.585312,45.469264],[-73.619787,45.455112],[-73.637743,45.44429],[-73.685146,45.461415],[-73.723213,45.475329]]],[[[-73.540063,45.459631],[-73.560892,45.450831],[-73.556582,45.465934],[-73.542217,45.474377],[-73.533599,45.469383],[-73.540063,45.459631]]],[[[-73.568792,45.447501],[-73.603986,45.432992],[-73.605422,45.432516],[-73.637743,45.444052],[-73.620505,45.454517],[-73.584593,45.468788],[-73.555146,45.490908],[-73.53719,45.485199],[-73.540063,45.477231],[-73.559455,45.468074],[-73.568792,45.447501]]]]}},{"type":"Feature","properties":{"fed_id":"241369182","name_en":"Blainville","res":5,"role":"city"},"geometry":{"type":"Polygon","coordinates":[[[-74.011226,45.579624],[-74.077303,45.603528],[-74.080894,45.694504],[-73.966695,45.742905],[-73.847468,45.700093],[-73.844595,45.609117],[-73.958794,45.560953],[-74.010507,45.579624],[-74.011226,45.579624]]]}},{"type":"Feature","properties":{"fed_id":"241369183","name_en":"Montréal Pierrefonds","res":5,"role":"city"},"geometry":{"type":"MultiPolygon","coordinates":[[[[-73.95664,45.505892],[-73.958794,45.560953],[-73.844595,45.609117],[-73.829512,45.603765],[-73.833103,45.588186],[-73.876197,45.564045],[-73.884816,45.562261],[-73.890562,45.548466],[-73.881943,45.536336],[-73.891998,45.530509],[-73.917855,45.528368],[-73.925037,45.521946],[-73.946584,45.518498],[-73.95664,45.505892]]],[[[-73.788572,45.447858],[-73.802219,45.441911],[-73.837412,45.427284],[-73.942275,45.465339],[-73.925755,45.474139],[-73.919291,45.46308],[-73.90349,45.460582],[-73.877634,45.472712],[-73.869015,45.485794],[-73.853214,45.496021],[-73.858241,45.501967],[-73.846031,45.516595],[-73.808683,45.516238],[-73.799346,45.51053],[-73.777081,45.508508],[-73.751224,45.513146],[-73.725368,45.534433],[-73.723213,45.475329],[-73.788572,45.447858]]],[[[-73.88338,45.52373],[-73.878352,45.535385],[-73.878352,45.556553],[-73.865424,45.559526],[-73.844595,45.577483],[-73.829512,45.579862],[-73.825202,45.601982],[-73.726086,45.566186],[-73.725368,45.536693],[-73.738296,45.532768],[-73.767025,45.51267],[-73.786418,45.516238],[-73.847468,45.522422],[-73.863987,45.520638],[-73.88338,45.52373]]],[[[-73.858959,45.508032],[-73.861832,45.495783],[-73.89128,45.47188],[-73.912109,45.468074],[-73.925037,45.477588],[-73.942993,45.475448],[-73.94012,45.489362],[-73.886252,45.5204],[-73.863987,45.51933],[-73.858959,45.508032]]]]}},{"type":"Feature","properties":{"fed_id":"241369184","name_en":"Terrebonne","res":5,"role":"city"},"geometry":{"type":"Polygon","coordinates":[[[-73.734705,45.805815],[-73.736141,45.839352],[-73.620505,45.887396],[-73.501996,45.844108],[-73.499123,45.753014],[-73.614041,45.705088],[-73.73255,45.748138],[-73.734705,45.805815]]]}},{"type":"Feature","properties":{"fed_id":"241369185","name_en":"Montréal Pierre-Boucher","res":5,"role":"city"},"geometry":{"type":"MultiPolygon","coordinates":[[[[-73.421554,45.724472],[-73.380614,45.709726],[-73.37846,45.618631],[-73.389951,45.613755],[-73.478294,45.577365],[-73.462493,45.592824],[-73.457466,45.618512],[-73.445255,45.644794],[-73.443819,45.684157],[-73.421554,45.724472]]],[[[-73.494096,45.571181],[-73.490504,45.572132],[-73.493377,45.570943],[-73.494096,45.571181]]],[[[-73.612605,45.647053],[-73.614041,45.691768],[-73.599676,45.687606],[-73.559455,45.698785],[-73.537908,45.696644],[-73.548681,45.679876],[-73.578129,45.661562],[-73.612605,45.647053]]],[[[-73.499123,45.753014],[-73.445974,45.73351],[-73.47183,45.713174],[-73.489068,45.713769],[-73.504869,45.706158],[-73.527853,45.701163],[-73.554427,45.70152],[-73.598958,45.690936],[-73.614041,45.694385],[-73.614041,45.705088],[-73.499123,45.753014]]],[[[-73.50846,45.576532],[-73.611168,45.614112],[-73.611886,45.633853],[-73.573102,45.66061],[-73.536471,45.676427],[-73.522107,45.693909],[-73.476858,45.702828],[-73.48835,45.686417],[-73.491941,45.665486],[-73.486195,45.649194],[-73.48835,45.638848],[-73.504151,45.61649],[-73.509179,45.600792],[-73.504151,45.587711],[-73.50846,45.576532]]],[[[-73.475421,45.664059],[-73.482604,45.666676],[-73.481886,45.685584],[-73.476858,45.69379],[-73.45962,45.695336],[-73.460338,45.674881],[-73.475421,45.664059]]],[[[-73.483322,45.578435],[-73.485477,45.593538],[-73.465366,45.597819],[-73.483322,45.578435]]],[[[-73.474703,45.607095],[-73.479013,45.617917],[-73.461775,45.618393],[-73.462493,45.607214],[-73.474703,45.607095]]],[[[-73.461057,45.621961],[-73.473267,45.621128],[-73.466803,45.639799],[-73.453874,45.640037],[-73.461057,45.621961]]]]}},{"type":"Feature","properties":{"fed_id":"241369186","name_en":"Sainte-Sophie","res":5,"role":"city"},"geometry":{"type":"Polygon","coordinates":[[[-73.966695,45.742905],[-73.970286,45.834],[-73.85465,45.882283],[-73.736141,45.839352],[-73.734705,45.805815],[-73.73255,45.748138],[-73.826639,45.708893],[-73.847468,45.700093],[-73.966695,45.742905]]]}},{"type":"Feature","properties":{"fed_id":"241369278","name_en":"Lévis","res":5,"role":"city"},"geometry":{"type":"Polygon","coordinates":[[[-71.382481,46.59689],[-71.381045,46.68858],[-71.260381,46.734484],[-71.142591,46.688461],[-71.143309,46.646957],[-71.144745,46.596771],[-71.264691,46.551105],[-71.382481,46.59689]]]}},{"type":"Feature","properties":{"fed_id":"241369282","name_en":"Québec Bellechasse","res":5,"role":"city"},"geometry":{"type":"MultiPolygon","coordinates":[[[[-71.260381,46.765285],[-71.258945,46.826292],[-71.205077,46.846866],[-71.191431,46.835449],[-71.202922,46.80774],[-71.226624,46.79228],[-71.241707,46.773847],[-71.260381,46.765285]]],[[[-71.260381,46.74816],[-71.235243,46.762668],[-71.216569,46.768615],[-71.19574,46.785621],[-71.182812,46.820227],[-71.169165,46.829027],[-71.127508,46.828552],[-71.113861,46.831644],[-71.09806,46.827719],[-71.052093,46.834141],[-71.019772,46.825935],[-71.021927,46.734127],[-71.142591,46.688461],[-71.260381,46.734484],[-71.260381,46.74816]]],[[[-71.106679,46.859709],[-71.088723,46.848412],[-71.141154,46.850909],[-71.126071,46.867439],[-71.106679,46.859709]]]]}},{"type":"Feature","properties":{"fed_id":"241369284","name_en":"Québec","res":5,"role":"core"},"geometry":{"type":"MultiPolygon","coordinates":[[[[-71.474416,46.724851],[-71.499554,46.734365],[-71.498117,46.826173],[-71.377454,46.872315],[-71.258945,46.826292],[-71.260381,46.765285],[-71.272591,46.755176],[-71.29342,46.74816],[-71.316404,46.7503],[-71.347288,46.746614],[-71.370271,46.733176],[-71.409056,46.735554],[-71.474416,46.724851]]],[[[-71.260381,46.74816],[-71.260381,46.734484],[-71.381045,46.68858],[-71.419111,46.703564],[-71.399001,46.704396],[-71.338669,46.721164],[-71.330768,46.730321],[-71.288393,46.743046],[-71.260381,46.74816]]]]}},{"type":"Feature","properties":{"fed_id":"350017894","name_en":"Iroquois Falls","res":4,"role":"hex"},"geometry":{"type":"Polygon","coordinates":[[[-81.05333,48.93644],[-81.343253,49.100599],[-81.268121,49.343521],[-80.900412,49.421456],[-80.610489,49.255638],[-80.689157,49.01313],[-81.05333,48.93644]]]}},{"type":"Feature","properties":{"fed_id":"350017912","name_en":"Kapuskasing","res":4,"role":"hex"},"geometry":{"type":"Polygon","coordinates":[[[-82.076018,49.509339],[-81.928405,49.427674],[-82.000002,49.184337],[-82.137892,49.154075],[-82.363291,49.103501],[-82.658518,49.264344],[-82.591341,49.50851],[-82.224516,49.590589],[-82.076018,49.509339]]]}},{"type":"Feature","properties":{"fed_id":"350047001","name_en":"Kenora","res":4,"role":"hex"},"geometry":{"type":"MultiPolygon","coordinates":[[[[-94.576335,49.746457],[-94.571915,49.732363],[-94.571915,49.731119],[-94.556889,49.715781],[-94.533023,49.710392],[-94.535675,49.696298],[-94.555121,49.701687],[-94.565728,49.672669],[-94.658539,49.672254],[-94.635557,49.69008],[-94.67003,49.689665],[-94.663842,49.699614],[-94.640861,49.695054],[-94.607272,49.697541],[-94.589593,49.695469],[-94.580754,49.705832],[-94.582522,49.714123],[-94.605504,49.705418],[-94.636441,49.707076],[-94.653235,49.711636],[-94.661191,49.720756],[-94.677101,49.71205],[-94.695663,49.715367],[-94.737207,49.709978],[-94.747814,49.713709],[-94.765492,49.706247],[-94.785822,49.705832],[-94.786706,49.713294],[-94.808804,49.713294],[-94.826483,49.701272],[-94.827366,49.69464],[-94.850348,49.68552],[-94.856536,49.669352],[-94.875098,49.665207],[-94.894544,49.671425],[-94.900731,49.661891],[-94.85742,49.664378],[-94.865375,49.655258],[-94.921945,49.650283],[-95.005033,49.681374],[-95.011221,49.925955],[-94.680637,50.044514],[-94.528603,49.986893],[-94.511809,49.980674],[-94.508273,49.979016],[-94.346517,49.917249],[-94.344749,49.684276],[-94.361544,49.692567],[-94.373918,49.705832],[-94.361544,49.729461],[-94.381874,49.722414],[-94.414578,49.723658],[-94.439328,49.717854],[-94.449935,49.732363],[-94.472033,49.724487],[-94.48264,49.737752],[-94.490595,49.743141],[-94.491479,49.757236],[-94.480872,49.763868],[-94.517996,49.766356],[-94.564844,49.753505],[-94.576335,49.746457]],[[-94.693895,49.949169],[-94.694779,49.949169],[-94.694779,49.948755],[-94.693895,49.947926],[-94.692128,49.948755],[-94.69036,49.94834],[-94.688592,49.94834],[-94.684172,49.945024],[-94.680637,49.93922],[-94.698315,49.9301],[-94.682404,49.912689],[-94.641744,49.911446],[-94.632021,49.894035],[-94.633789,49.872893],[-94.603736,49.883671],[-94.586942,49.869577],[-94.596665,49.848435],[-94.646164,49.832268],[-94.658539,49.822733],[-94.666494,49.823148],[-94.671798,49.820246],[-94.672681,49.814857],[-94.683288,49.819417],[-94.691244,49.804494],[-94.683288,49.802421],[-94.66561,49.816101],[-94.664726,49.816101],[-94.663842,49.818173],[-94.639093,49.831439],[-94.628486,49.829781],[-94.610807,49.840973],[-94.58429,49.834755],[-94.571915,49.827293],[-94.575451,49.811955],[-94.586942,49.794544],[-94.572799,49.797032],[-94.571915,49.797032],[-94.571031,49.788326],[-94.556889,49.781694],[-94.544514,49.785839],[-94.517996,49.784595],[-94.499434,49.77589],[-94.510925,49.804079],[-94.530371,49.82149],[-94.5233,49.833926],[-94.534791,49.829366],[-94.550701,49.82149],[-94.549817,49.84885],[-94.569263,49.845533],[-94.577219,49.852581],[-94.578103,49.864188],[-94.553353,49.86626],[-94.556889,49.857555],[-94.556889,49.851751],[-94.553353,49.855897],[-94.551585,49.85797],[-94.551585,49.858384],[-94.546282,49.874966],[-94.548049,49.873308],[-94.54363,49.885744],[-94.549817,49.901911],[-94.536559,49.918493],[-94.548049,49.914762],[-94.533907,49.928442],[-94.55954,49.948755],[-94.562192,49.953315],[-94.558656,49.966165],[-94.537443,49.979431],[-94.548933,49.980674],[-94.556005,49.976944],[-94.556889,49.976529],[-94.564844,49.953729],[-94.578987,49.945024],[-94.57987,49.945438],[-94.577219,49.957875],[-94.578987,49.957045],[-94.58429,49.965336],[-94.586058,49.96658],[-94.591361,49.967409],[-94.591361,49.967824],[-94.587826,49.969067],[-94.587826,49.969482],[-94.601968,49.976114],[-94.601084,49.976114],[-94.625834,49.9757],[-94.632021,49.981089],[-94.632021,49.981504],[-94.658539,49.991038],[-94.669146,49.985234],[-94.672681,49.962435],[-94.684172,49.957875],[-94.681521,49.948755],[-94.686824,49.94834],[-94.689476,49.949169],[-94.691244,49.949169],[-94.693895,49.949169]]],[[[-94.524184,49.985234],[-94.521532,49.984405],[-94.520648,49.983991],[-94.520648,49.983576],[-94.524184,49.985234]]],[[[-94.763725,49.605513],[-94.754885,49.596807],[-94.766376,49.591004],[-94.768144,49.592247],[-94.772564,49.598051],[-94.769912,49.60344],[-94.77168,49.607585],[-94.76726,49.608829],[-94.763725,49.609244],[-94.764609,49.610487],[-94.766376,49.610902],[-94.769028,49.609658],[-94.776983,49.608415],[-94.783171,49.609244],[-94.802617,49.605098],[-94.820295,49.611731],[-94.764609,49.611731],[-94.762841,49.608415],[-94.763725,49.605513]]],[[[-94.784939,49.623338],[-94.784939,49.622924],[-94.788474,49.615047],[-94.823831,49.613389],[-94.837089,49.618364],[-94.815876,49.620851],[-94.789358,49.634531],[-94.784939,49.623338]]],[[[-94.837973,49.618364],[-94.842393,49.620022],[-94.853884,49.624167],[-94.856536,49.625411],[-94.898963,49.641578],[-94.892776,49.645723],[-94.854768,49.648625],[-94.82825,49.646967],[-94.80792,49.64904],[-94.823831,49.625825],[-94.837973,49.618364]]],[[[-94.757537,49.692981],[-94.762841,49.677229],[-94.782287,49.671425],[-94.790242,49.678887],[-94.808804,49.68096],[-94.813224,49.688836],[-94.763725,49.695469],[-94.757537,49.692981]]],[[[-94.551585,49.85797],[-94.553353,49.855897],[-94.556889,49.851751],[-94.556889,49.857555],[-94.551585,49.858384],[-94.551585,49.85797]]],[[[-94.755769,49.604269],[-94.755769,49.604684],[-94.737207,49.614218],[-94.754002,49.622509],[-94.722181,49.625411],[-94.766376,49.629971],[-94.761957,49.637018],[-94.743395,49.640334],[-94.735439,49.628727],[-94.713341,49.634116],[-94.694779,49.632458],[-94.682404,49.637433],[-94.634673,49.634945],[-94.623182,49.642822],[-94.605504,49.644894],[-94.60904,49.627069],[-94.648816,49.606756],[-94.632021,49.602611],[-94.646164,49.588931],[-94.683288,49.577324],[-94.67003,49.571106],[-94.643512,49.566131],[-94.647932,49.564473],[-94.66561,49.565302],[-94.677101,49.557011],[-94.735439,49.579397],[-94.730136,49.578982],[-94.731904,49.582298],[-94.736323,49.5852],[-94.74693,49.583956],[-94.749582,49.584786],[-94.755769,49.604269]]],[[[-94.683288,49.701687],[-94.695663,49.696298],[-94.701851,49.683861],[-94.657655,49.682618],[-94.692128,49.662305],[-94.704502,49.666451],[-94.708038,49.679301],[-94.718645,49.685105],[-94.703618,49.69837],[-94.683288,49.701687]]],[[[-94.663842,49.818173],[-94.664726,49.816101],[-94.66561,49.816101],[-94.671798,49.815686],[-94.670914,49.820246],[-94.663842,49.818173]]],[[[-94.634673,49.964922],[-94.630254,49.971969],[-94.616995,49.964922],[-94.60904,49.950413],[-94.602852,49.946682],[-94.603736,49.944609],[-94.593129,49.940464],[-94.595781,49.93922],[-94.601968,49.940464],[-94.607272,49.940878],[-94.608156,49.940464],[-94.602852,49.93466],[-94.56838,49.930515],[-94.553353,49.925126],[-94.550701,49.899838],[-94.55954,49.87621],[-94.582522,49.87621],[-94.571915,49.901497],[-94.585174,49.921809],[-94.591361,49.910617],[-94.591361,49.910202],[-94.590477,49.909788],[-94.578987,49.903155],[-94.578987,49.903569],[-94.573683,49.903569],[-94.57987,49.886573],[-94.589593,49.881599],[-94.603736,49.889475],[-94.592245,49.900668],[-94.606388,49.897351],[-94.607272,49.896937],[-94.608156,49.894864],[-94.633789,49.901911],[-94.639977,49.914762],[-94.679753,49.916006],[-94.692128,49.928857],[-94.677101,49.935075],[-94.666494,49.932173],[-94.646164,49.942536],[-94.634673,49.964922]]],[[[-94.608156,49.894864],[-94.607272,49.896937],[-94.606388,49.897351],[-94.608156,49.894864]]],[[[-94.581638,49.588516],[-94.586058,49.586858],[-94.586942,49.586444],[-94.6002,49.599295],[-94.615227,49.60344],[-94.590477,49.615047],[-94.572799,49.607171],[-94.597549,49.600538],[-94.581638,49.588516]]],[[[-94.658539,49.672254],[-94.565728,49.672669],[-94.517996,49.69464],[-94.520648,49.682618],[-94.578987,49.661891],[-94.58871,49.656087],[-94.647048,49.6536],[-94.661191,49.659403],[-94.661191,49.658989],[-94.658539,49.672254]]],[[[-94.573683,49.903569],[-94.578987,49.903569],[-94.578987,49.903155],[-94.578987,49.904398],[-94.577219,49.9073],[-94.573683,49.903569]]],[[[-94.590477,49.909788],[-94.591361,49.910202],[-94.591361,49.910617],[-94.590477,49.909788]]],[[[-94.591361,49.967824],[-94.591361,49.967409],[-94.586058,49.96658],[-94.58429,49.965336],[-94.590477,49.964093],[-94.591361,49.967824]]],[[[-94.510041,49.613804],[-94.525952,49.608415],[-94.530371,49.606756],[-94.531255,49.606342],[-94.554237,49.613389],[-94.527719,49.618778],[-94.510041,49.613804]]],[[[-94.527719,49.672254],[-94.547166,49.659818],[-94.556005,49.666451],[-94.53921,49.673912],[-94.527719,49.672254]]],[[[-94.541862,49.799519],[-94.526836,49.799519],[-94.517112,49.786254],[-94.541862,49.789155],[-94.558656,49.785839],[-94.555121,49.800763],[-94.541862,49.799519]]],[[[-94.546282,49.800763],[-94.546282,49.811955],[-94.527719,49.81237],[-94.528603,49.800348],[-94.546282,49.800763]]],[[[-94.479104,49.731534],[-94.513577,49.723243],[-94.516229,49.729876],[-94.491479,49.743141],[-94.479104,49.731534]]],[[[-94.426069,49.647382],[-94.425185,49.647382],[-94.420766,49.645723],[-94.427837,49.643236],[-94.426069,49.647382]]],[[[-94.382758,49.658989],[-94.406623,49.650698],[-94.408391,49.664792],[-94.394248,49.670181],[-94.382758,49.658989]]],[[[-94.388061,49.69837],[-94.399552,49.701687],[-94.403971,49.71205],[-94.382758,49.71205],[-94.388061,49.69837]]]]}},{"type":"Feature","properties":{"fed_id":"350047046","name_en":"Fort Frances","res":4,"role":"hex"},"geometry":{"type":"MultiPolygon","coordinates":[[[[-93.876275,48.632994],[-93.906328,48.635896],[-93.918703,48.633409],[-93.94964,48.635067],[-93.987648,48.642529],[-94.013281,48.643772],[-94.013281,48.813735],[-93.688001,48.928564],[-93.537735,48.868455],[-93.540387,48.856433],[-93.573092,48.85436],[-93.579279,48.845655],[-93.596074,48.841924],[-93.618172,48.846069],[-93.628779,48.829902],[-93.629663,48.828659],[-93.604029,48.826171],[-93.586351,48.803786],[-93.577512,48.80959],[-93.568672,48.826171],[-93.546575,48.840266],[-93.52978,48.83612],[-93.492656,48.834877],[-93.497075,48.82244],[-93.492656,48.81415],[-93.512102,48.808346],[-93.518289,48.797982],[-93.475861,48.797982],[-93.490888,48.811662],[-93.482933,48.82244],[-93.464371,48.810004],[-93.450228,48.814564],[-93.443157,48.810833],[-93.444924,48.810833],[-93.450228,48.808761],[-93.444041,48.802957],[-93.444041,48.803371],[-93.436085,48.791764],[-93.435201,48.791764],[-93.417523,48.794666],[-93.418407,48.794666],[-93.426362,48.805444],[-93.398961,48.812491],[-93.390122,48.809175],[-93.39189,48.796739],[-93.364488,48.783888],[-93.365372,48.75031],[-93.365372,48.749066],[-93.365372,48.746164],[-93.365372,48.744921],[-93.365372,48.742434],[-93.365372,48.741604],[-93.366256,48.712172],[-93.378631,48.700979],[-93.392773,48.713416],[-93.38305,48.721292],[-93.406032,48.727095],[-93.397193,48.708026],[-93.397193,48.693932],[-93.406916,48.693517],[-93.410452,48.679423],[-93.40338,48.662427],[-93.390122,48.657038],[-93.366256,48.669059],[-93.36714,48.649161],[-93.36714,48.648747],[-93.36714,48.613925],[-93.37156,48.607707],[-93.396309,48.604805],[-93.406916,48.611023],[-93.436969,48.595685],[-93.46879,48.589882],[-93.459067,48.565838],[-93.470558,48.546355],[-93.505915,48.54138],[-93.540387,48.531431],[-93.581047,48.528529],[-93.59519,48.529773],[-93.609332,48.523555],[-93.632314,48.531431],[-93.642921,48.520238],[-93.686233,48.516093],[-93.710099,48.519409],[-93.752527,48.516922],[-93.788767,48.516922],[-93.817052,48.53226],[-93.802026,48.568325],[-93.808213,48.588223],[-93.822356,48.613511],[-93.833847,48.62802],[-93.851525,48.632165],[-93.876275,48.632994]]],[[[-93.364488,48.78679],[-93.365372,48.786375],[-93.366256,48.787204],[-93.365372,48.787619],[-93.364488,48.78679]]],[[[-93.528012,48.863066],[-93.528012,48.86348],[-93.528012,48.864309],[-93.500611,48.853531],[-93.510334,48.851873],[-93.528012,48.863066]]],[[[-93.450228,48.808761],[-93.444924,48.810833],[-93.443157,48.810833],[-93.446692,48.810004],[-93.447576,48.808761],[-93.450228,48.808761]]],[[[-93.496191,48.851873],[-93.426362,48.823684],[-93.451112,48.823684],[-93.484701,48.834048],[-93.498843,48.845655],[-93.496191,48.851873]]],[[[-93.419291,48.820782],[-93.416639,48.819539],[-93.415755,48.819539],[-93.411336,48.817466],[-93.419291,48.820782]]]]}},{"type":"Feature","properties":{"fed_id":"350047072","name_en":"Dryden","res":4,"role":"hex"},"geometry":{"type":"Polygon","coordinates":[[[-92.692713,49.511826],[-93.019762,49.644065],[-93.014458,49.88906],[-92.676803,50.002231],[-92.347103,49.869162],[-92.356826,49.623753],[-92.692713,49.511826]]]}},{"type":"Feature","properties":{"fed_id":"350047556","name_en":"Sault Ste. Marie","res":4,"role":"hex"},"geometry":{"type":"Polygon","coordinates":[[[-84.559818,46.760087],[-84.255751,46.837193],[-83.971131,46.682568],[-84.026817,46.443791],[-84.10195,46.424722],[-84.098414,46.455398],[-84.0772,46.492293],[-84.101066,46.508874],[-84.112557,46.512605],[-84.111673,46.527114],[-84.136423,46.533747],[-84.162056,46.528772],[-84.174431,46.54867],[-84.185038,46.550329],[-84.208904,46.545769],[-84.236305,46.530431],[-84.260171,46.501412],[-84.26901,46.496852],[-84.31409,46.5039],[-84.327348,46.503071],[-84.343259,46.514678],[-84.377731,46.517165],[-84.401597,46.502242],[-84.417507,46.514263],[-84.445793,46.501827],[-84.462587,46.49934],[-84.483801,46.49022],[-84.461703,46.477369],[-84.478498,46.465347],[-84.51297,46.469078],[-84.531532,46.481514],[-84.5333,46.500998],[-84.566889,46.525041],[-84.583683,46.527529],[-84.600478,46.547427],[-84.59871,46.570227],[-84.583683,46.58515],[-84.559818,46.602561],[-84.535952,46.614997],[-84.531532,46.623703],[-84.494408,46.648161],[-84.491756,46.661012],[-84.440489,46.673862],[-84.421043,46.689615],[-84.449328,46.713244],[-84.433418,46.736044],[-84.447561,46.751382],[-84.464355,46.759258],[-84.482033,46.761746],[-84.494408,46.756771],[-84.508551,46.74392],[-84.522693,46.706611],[-84.519158,46.69915],[-84.554514,46.683812],[-84.571309,46.695004],[-84.576612,46.723608],[-84.575728,46.738531],[-84.566889,46.742677],[-84.544791,46.742677],[-84.559818,46.760087]]]}},{"type":"Feature","properties":{"fed_id":"350047586","name_en":"Huron-Kinloss","res":4,"role":"hex"},"geometry":{"type":"Polygon","coordinates":[[[-81.609312,44.242566],[-81.498822,44.175825],[-81.564232,43.94368],[-81.721569,43.9072],[-81.721569,43.931244],[-81.733944,43.978087],[-81.733944,44.026174],[-81.746318,44.055607],[-81.758693,44.073018],[-81.743667,44.091258],[-81.705658,44.117374],[-81.678257,44.143076],[-81.66323,44.152196],[-81.642017,44.174581],[-81.636713,44.191992],[-81.614615,44.217693],[-81.609312,44.242566]]]}},{"type":"Feature","properties":{"fed_id":"350047587","name_en":"Goderich","res":4,"role":"hex"},"geometry":{"type":"Polygon","coordinates":[[[-81.721569,43.9072],[-81.564232,43.94368],[-81.306129,43.786568],[-81.33353,43.690394],[-81.371539,43.555253],[-81.516501,43.521675],[-81.6924,43.480635],[-81.711846,43.492657],[-81.707426,43.520432],[-81.705658,43.549864],[-81.71273,43.625726],[-81.719801,43.644795],[-81.723337,43.682518],[-81.72864,43.697027],[-81.721569,43.709463],[-81.72864,43.748016],[-81.722453,43.75755],[-81.718917,43.782837],[-81.72864,43.804808],[-81.720685,43.818074],[-81.720685,43.835899],[-81.725988,43.849579],[-81.721569,43.9072]]]}},{"type":"Feature","properties":{"fed_id":"350047590","name_en":"Saugeen Shores","res":4,"role":"hex"},"geometry":{"type":"Polygon","coordinates":[[[-81.550973,44.337496],[-81.553625,44.351176],[-81.547438,44.362369],[-81.533295,44.366514],[-81.521804,44.385583],[-81.497938,44.408383],[-81.478492,44.417089],[-81.427225,44.423721],[-81.40336,44.439474],[-81.407779,44.449423],[-81.399824,44.464347],[-81.389217,44.467663],[-81.387449,44.489634],[-81.359164,44.516165],[-81.347673,44.535234],[-81.319388,44.557619],[-81.295522,44.580004],[-81.287567,44.594099],[-81.269005,44.583321],[-81.188568,44.53399],[-81.105481,44.483416],[-81.165587,44.274071],[-81.172658,44.250442],[-81.391869,44.200697],[-81.498822,44.175825],[-81.609312,44.242566],[-81.60224,44.262464],[-81.609312,44.267439],[-81.592517,44.286093],[-81.597821,44.30226],[-81.608428,44.315111],[-81.600473,44.328376],[-81.568652,44.340813],[-81.550973,44.337496]]]}},{"type":"Feature","properties":{"fed_id":"350047591","name_en":"Hanover","res":4,"role":"hex"},"geometry":{"type":"Polygon","coordinates":[[[-81.162051,43.819317],[-81.306129,43.786568],[-81.564232,43.94368],[-81.498822,44.175825],[-81.391869,44.200697],[-81.172658,44.250442],[-81.034767,44.16629],[-80.914555,44.091672],[-80.943724,43.991767],[-80.988804,43.986793],[-80.943724,43.991767],[-80.982616,43.859943],[-81.162051,43.819317]]]}},{"type":"Feature","properties":{"fed_id":"350047607","name_en":"Gore Bay","res":4,"role":"hex"},"geometry":{"type":"MultiPolygon","coordinates":[[[[-81.924869,45.980746],[-81.95669,45.865503],[-81.969065,45.82322],[-82.032707,45.808296],[-82.093697,45.794202],[-82.154687,45.780107],[-82.304952,45.744871],[-82.57543,45.901154],[-82.547145,45.911517],[-82.53919,45.908616],[-82.511788,45.910688],[-82.51444,45.91815],[-82.493226,45.94551],[-82.474664,45.943437],[-82.456102,45.917321],[-82.448146,45.943437],[-82.436655,45.956703],[-82.422513,45.961263],[-82.396879,45.961263],[-82.376549,45.973284],[-82.344728,45.974528],[-82.316443,45.978673],[-82.293461,45.990695],[-82.282854,45.98655],[-82.287274,45.975772],[-82.289042,45.927685],[-82.272247,45.913176],[-82.256337,45.910274],[-82.251033,45.922295],[-82.228052,45.941364],[-82.214793,45.938877],[-82.222748,45.918979],[-82.204186,45.91359],[-82.197115,45.898252],[-82.182972,45.888303],[-82.170597,45.871307],[-82.176785,45.846849],[-82.167062,45.844776],[-82.152035,45.829438],[-82.134357,45.855969],[-82.125518,45.875038],[-82.112259,45.891619],[-82.124634,45.898252],[-82.121982,45.91359],[-82.095465,45.925197],[-82.074251,45.942194],[-82.055688,45.949241],[-82.057456,45.957946],[-82.029171,45.962506],[-81.99735,45.970382],[-81.979672,45.986964],[-81.969065,45.981575],[-81.948735,45.981575],[-81.935476,45.986964],[-81.924869,45.980746]]],[[[-82.516208,46.137858],[-82.515324,46.139516],[-82.51002,46.14076],[-82.516208,46.137858]]],[[[-82.37213,46.146978],[-82.365058,46.137858],[-82.381853,46.134127],[-82.384505,46.132469],[-82.405718,46.134542],[-82.443727,46.125007],[-82.479083,46.130396],[-82.490574,46.139516],[-82.44903,46.139102],[-82.426932,46.144491],[-82.417209,46.142833],[-82.37213,46.146978]]],[[[-82.403067,46.063655],[-82.411022,46.062411],[-82.43312,46.069873],[-82.420745,46.08148],[-82.393344,46.089356],[-82.387156,46.071117],[-82.403067,46.063655]]],[[[-82.325282,46.055778],[-82.333238,46.057851],[-82.34738,46.042098],[-82.360639,46.045],[-82.342077,46.057022],[-82.34738,46.068629],[-82.335005,46.072775],[-82.325282,46.055778]]],[[[-82.313791,46.120447],[-82.283738,46.110913],[-82.273131,46.101793],[-82.294345,46.099305],[-82.310256,46.102207],[-82.313791,46.120447]]],[[[-82.316443,46.18636],[-82.176785,46.218694],[-82.056572,46.149051],[-81.959342,46.092673],[-81.9726,46.091015],[-82.010609,46.09516],[-82.037126,46.103451],[-82.057456,46.100964],[-82.067179,46.110498],[-82.096348,46.107182],[-82.129053,46.112156],[-82.176785,46.115473],[-82.201534,46.129567],[-82.227168,46.139102],[-82.244846,46.14076],[-82.26606,46.148636],[-82.312024,46.139102],[-82.350032,46.155269],[-82.353568,46.170607],[-82.335889,46.166047],[-82.319979,46.168949],[-82.326166,46.179727],[-82.316443,46.18636]]],[[[-82.262524,46.137029],[-82.234239,46.134542],[-82.244846,46.126251],[-82.262524,46.137029]]],[[[-82.212141,46.049975],[-82.201534,46.041684],[-82.212141,46.035051],[-82.211257,46.023444],[-82.196231,46.008935],[-82.197115,45.991524],[-82.207722,45.990281],[-82.224516,45.999401],[-82.233355,46.012666],[-82.256337,46.003546],[-82.262524,46.01391],[-82.25015,46.045829],[-82.237775,46.054535],[-82.212141,46.049975]]],[[[-82.218329,46.11796],[-82.220096,46.111742],[-82.237775,46.107596],[-82.24573,46.116716],[-82.218329,46.11796]]],[[[-82.137892,46.049975],[-82.115795,46.049975],[-82.114911,46.044586],[-82.158222,46.032564],[-82.174133,46.046658],[-82.15999,46.062411],[-82.150267,46.064069],[-82.137892,46.049975]]],[[[-82.030939,46.022615],[-82.05834,46.010593],[-82.071599,46.020957],[-82.053037,46.039197],[-82.027403,46.042513],[-82.021216,46.037124],[-82.030939,46.022615]]],[[[-81.995582,46.011008],[-82.025635,46.007277],[-82.012377,46.027589],[-81.980556,46.039197],[-81.979672,46.028004],[-81.995582,46.011008]]],[[[-81.906307,46.047902],[-81.921333,45.993597],[-81.921333,45.992353],[-81.922217,45.991524],[-81.935476,46.004375],[-81.944315,45.998571],[-81.95669,46.011008],[-81.957574,46.028004],[-81.951387,46.049146],[-81.924869,46.046244],[-81.906307,46.047902]]]]}},{"type":"Feature","properties":{"fed_id":"350047611","name_en":"Espanola","res":4,"role":"hex"},"geometry":{"type":"Polygon","coordinates":[[[-81.566884,46.416846],[-81.494403,46.374562],[-81.563348,46.137029],[-81.717149,46.102207],[-81.73306,46.108425],[-81.760461,46.105524],[-81.7693,46.108011],[-81.790514,46.098476],[-81.812612,46.101793],[-81.851504,46.103036],[-81.914262,46.094745],[-81.959342,46.092673],[-82.056572,46.149051],[-82.176785,46.218694],[-82.136125,46.3671],[-82.111375,46.456642],[-81.7693,46.534576],[-81.566884,46.416846]]]}},{"type":"Feature","properties":{"fed_id":"350047613","name_en":"Elliot Lake","res":4,"role":"hex"},"geometry":{"type":"MultiPolygon","coordinates":[[[[-82.633768,46.207501],[-82.791989,46.297043],[-82.729231,46.535405],[-82.38804,46.615412],[-82.111375,46.456642],[-82.136125,46.3671],[-82.176785,46.218694],[-82.316443,46.18636],[-82.381853,46.1818],[-82.410138,46.189261],[-82.441075,46.183872],[-82.447262,46.196309],[-82.468476,46.200039],[-82.47378,46.193821],[-82.527699,46.169363],[-82.563939,46.167705],[-82.624045,46.201698],[-82.633768,46.207501]]],[[[-82.51002,46.14076],[-82.515324,46.139516],[-82.516208,46.139931],[-82.51002,46.14076]]]]}},{"type":"Feature","properties":{"fed_id":"350047615","name_en":"Owen Sound","res":4,"role":"hex"},"geometry":{"type":"MultiPolygon","coordinates":[[[[-81.286683,44.768621],[-81.299058,44.791836],[-81.285799,44.806345],[-81.293754,44.81505],[-81.3132,44.826658],[-81.299058,44.875988],[-81.159399,44.907493],[-81.141721,44.902933],[-81.126694,44.914955],[-81.096641,44.921588],[-81.088686,44.917028],[-81.08957,44.904177],[-81.101061,44.89713],[-81.081615,44.891741],[-81.059517,44.900446],[-81.062169,44.914126],[-81.031232,44.917857],[-81.04891,44.932366],[-80.96759,44.950191],[-80.96317,44.947704],[-80.994107,44.93361],[-81.020625,44.914126],[-81.030348,44.895057],[-81.006482,44.883864],[-81.007366,44.871843],[-81.017089,44.862308],[-81.021509,44.849872],[-81.034767,44.836192],[-81.055097,44.824585],[-81.076311,44.808418],[-81.125811,44.7794],[-81.139953,44.746651],[-81.127578,44.742505],[-81.078079,44.781472],[-81.00825,44.80593],[-80.984384,44.808832],[-80.955215,44.794738],[-80.934001,44.793909],[-80.92251,44.799298],[-80.909252,44.796396],[-80.898645,44.786447],[-80.889805,44.769865],[-80.888038,44.736702],[-80.90218,44.713487],[-80.910135,44.70644],[-80.909252,44.695247],[-80.916323,44.684884],[-80.917207,44.66996],[-80.926046,44.658767],[-80.940189,44.6198],[-80.946376,44.613168],[-80.943724,44.589953],[-80.930465,44.589953],[-80.912787,44.609437],[-80.911019,44.617313],[-80.875663,44.626433],[-80.855333,44.658353],[-80.824396,44.688615],[-80.798762,44.698149],[-80.795227,44.704367],[-80.760754,44.713487],[-80.748379,44.72468],[-80.726281,44.720534],[-80.77578,44.55679],[-81.105481,44.483416],[-81.188568,44.53399],[-81.269005,44.583321],[-81.287567,44.594099],[-81.27696,44.604462],[-81.271656,44.629335],[-81.271656,44.648818],[-81.278728,44.662498],[-81.30171,44.678251],[-81.306129,44.694004],[-81.284031,44.691516],[-81.274308,44.701051],[-81.280496,44.721364],[-81.27696,44.751211],[-81.286683,44.768621]]],[[[-80.964938,44.847385],[-80.964054,44.830388],[-80.982616,44.832876],[-80.989688,44.844483],[-80.970242,44.852359],[-80.964938,44.847385]]],[[[-80.892457,44.852359],[-80.892457,44.832461],[-80.899528,44.828316],[-80.924278,44.828316],[-80.926046,44.841167],[-80.910135,44.858992],[-80.892457,44.852359]]],[[[-80.968474,44.870185],[-80.977313,44.873086],[-80.9835,44.886352],[-80.982616,44.899203],[-80.972009,44.905835],[-80.957867,44.890497],[-80.968474,44.870185]]]]}},{"type":"Feature","properties":{"fed_id":"350047630","name_en":"Neebing","res":4,"role":"hex"},"geometry":{"type":"MultiPolygon","coordinates":[[[[-89.846509,48.041026],[-89.822644,48.283949],[-89.765189,48.30136],[-89.486756,48.386341],[-89.242796,48.274829],[-89.257822,48.266123],[-89.261358,48.249542],[-89.272849,48.237105],[-89.268429,48.226742],[-89.273733,48.2056],[-89.266661,48.194822],[-89.294947,48.184458],[-89.292295,48.19648],[-89.308205,48.200211],[-89.312625,48.18736],[-89.285224,48.175338],[-89.32058,48.15088],[-89.309973,48.139273],[-89.313509,48.128495],[-89.341794,48.126008],[-89.353285,48.108597],[-89.335607,48.10611],[-89.34533,48.094088],[-89.359472,48.100721],[-89.375383,48.090772],[-89.394829,48.087041],[-89.431953,48.089113],[-89.440793,48.077921],[-89.46289,48.062583],[-89.460239,48.055535],[-89.479685,48.050146],[-89.465542,48.039368],[-89.490292,48.03315],[-89.494711,48.043514],[-89.509738,48.04227],[-89.515925,48.032321],[-89.509738,48.024859],[-89.547746,48.019056],[-89.58929,48.004546],[-89.617575,48.011179],[-89.637905,48.009106],[-89.688289,48.011179],[-89.702431,48.006619],[-89.716574,48.009521],[-89.720109,48.01947],[-89.749279,48.023615],[-89.794358,48.017812],[-89.846509,48.041026]]],[[[-89.22335,48.214305],[-89.231305,48.207673],[-89.248983,48.210575],[-89.235724,48.226742],[-89.221582,48.224254],[-89.22335,48.214305]]]]}},{"type":"Feature","properties":{"fed_id":"350047634","name_en":"Thunder Bay","res":4,"role":"hex"},"geometry":{"type":"MultiPolygon","coordinates":[[[[-89.104905,48.266123],[-89.154404,48.2512],[-89.119932,48.268611],[-89.104905,48.266123]]],[[[-88.822936,48.478369],[-88.838847,48.345301],[-88.928122,48.31877],[-88.922819,48.332865],[-88.899837,48.36437],[-88.87332,48.375563],[-88.849454,48.399606],[-88.861829,48.404995],[-88.855641,48.418675],[-88.827356,48.452253],[-88.835311,48.464275],[-88.822936,48.478369]]],[[[-89.242796,48.274829],[-89.486756,48.386341],[-89.460239,48.629678],[-89.120816,48.731655],[-88.808794,48.588638],[-88.811446,48.56874],[-88.817633,48.561278],[-88.847686,48.559205],[-88.871552,48.543038],[-88.90514,48.543038],[-88.926354,48.529773],[-88.956408,48.521482],[-88.959943,48.511948],[-88.985577,48.509046],[-88.997951,48.512777],[-89.016514,48.504486],[-89.05629,48.495366],[-89.062477,48.490806],[-89.095182,48.485417],[-89.123467,48.486246],[-89.140262,48.481686],[-89.167663,48.46469],[-89.167663,48.455155],[-89.184457,48.450595],[-89.213627,48.43733],[-89.22335,48.425722],[-89.215394,48.394632],[-89.241912,48.383025],[-89.254287,48.364785],[-89.244564,48.368516],[-89.21451,48.349447],[-89.209207,48.320428],[-89.197716,48.310479],[-89.210975,48.299287],[-89.225117,48.305505],[-89.238376,48.304261],[-89.235724,48.28685],[-89.242796,48.274829]]],[[[-89.211859,48.373075],[-89.212743,48.373075],[-89.21451,48.36893],[-89.21451,48.368101],[-89.21451,48.367686],[-89.215394,48.366443],[-89.215394,48.364785],[-89.215394,48.363541],[-89.215394,48.363126],[-89.21451,48.362712],[-89.212743,48.362712],[-89.213627,48.364785],[-89.212743,48.364785],[-89.212743,48.361883],[-89.219814,48.356908],[-89.230421,48.362297],[-89.24368,48.376392],[-89.22335,48.375563],[-89.211859,48.373075]]],[[[-89.212743,48.364785],[-89.213627,48.364785],[-89.212743,48.362712],[-89.21451,48.362712],[-89.215394,48.363126],[-89.215394,48.363541],[-89.215394,48.364785],[-89.215394,48.366443],[-89.21451,48.367686],[-89.21451,48.368101],[-89.21451,48.36893],[-89.212743,48.373075],[-89.211859,48.373075],[-89.212743,48.364785]]],[[[-89.226001,48.389243],[-89.210091,48.37805],[-89.241912,48.378465],[-89.226001,48.389243]]]]}},{"type":"Feature","properties":{"fed_id":"350051403","name_en":"Chatham-Kent","res":4,"role":"hex"},"geometry":{"type":"Polygon","coordinates":[[[-81.861227,42.295456],[-81.862111,42.294627],[-81.866531,42.286751],[-81.864763,42.290896],[-81.863879,42.292554],[-81.862995,42.292554],[-81.847085,42.322401],[-81.844433,42.333594],[-81.846201,42.335667],[-81.85062,42.332765],[-81.853272,42.33318],[-81.857692,42.33235],[-81.860343,42.334423],[-81.859459,42.331521],[-81.859459,42.330692],[-81.859459,42.331107],[-81.878022,42.32862],[-81.885977,42.321987],[-81.886861,42.321987],[-81.885977,42.320329],[-81.904539,42.30582],[-81.928405,42.293798],[-81.94078,42.278045],[-81.937244,42.263536],[-82.003537,42.26478],[-82.054805,42.258147],[-82.093697,42.247369],[-82.126402,42.234518],[-82.171481,42.213377],[-82.207722,42.193893],[-82.313791,42.258562],[-82.255453,42.486975],[-81.941663,42.561593],[-81.731292,42.43267],[-81.781675,42.407383],[-81.812612,42.385827],[-81.824103,42.372147],[-81.835594,42.348932],[-81.841781,42.312452],[-81.840897,42.285507],[-81.846201,42.259391],[-81.856808,42.254416],[-81.874486,42.254416],[-81.861227,42.295456]]]}},{"type":"Feature","properties":{"fed_id":"350051405","name_en":"Tillsonburg","res":4,"role":"hex"},"geometry":{"type":"Polygon","coordinates":[[[-81.329995,42.648647],[-81.312316,42.709585],[-81.033,42.773839],[-80.995875,42.78213],[-80.761638,42.635382],[-80.793459,42.643672],[-80.808485,42.636211],[-80.84119,42.652378],[-80.907484,42.660254],[-80.964938,42.661498],[-81.006482,42.656109],[-81.063937,42.660254],[-81.124043,42.663571],[-81.166471,42.662327],[-81.197408,42.665643],[-81.21597,42.658596],[-81.246907,42.663985],[-81.329995,42.648647]]]}},{"type":"Feature","properties":{"fed_id":"350051407","name_en":"Newbury","res":4,"role":"hex"},"geometry":{"type":"Polygon","coordinates":[[[-81.731292,42.43267],[-81.941663,42.561593],[-81.880673,42.790835],[-81.835594,42.801613],[-81.693284,42.834777],[-81.565116,42.865039],[-81.434297,42.785032],[-81.434297,42.784617],[-81.434297,42.785032],[-81.41927,42.775497],[-81.418386,42.774668],[-81.41927,42.775083],[-81.312316,42.709585],[-81.329995,42.648647],[-81.351209,42.641185],[-81.40336,42.605534],[-81.427225,42.605949],[-81.450207,42.60056],[-81.466118,42.583978],[-81.50501,42.576516],[-81.540366,42.560349],[-81.573071,42.539622],[-81.625222,42.496924],[-81.668534,42.472466],[-81.711846,42.443034],[-81.731292,42.43267]]]}},{"type":"Feature","properties":{"fed_id":"350051415","name_en":"Windsor","res":4,"role":"hex"},"geometry":{"type":"MultiPolygon","coordinates":[[[[-83.114618,42.225398],[-83.114618,42.190577],[-83.122573,42.193478],[-83.126109,42.236176],[-83.111082,42.238249],[-83.114618,42.225398]]],[[[-83.070422,42.186431],[-83.044789,42.185602],[-83.036833,42.176068],[-83.043905,42.186846],[-83.056279,42.195551],[-83.093404,42.176897],[-83.097823,42.168606],[-83.116386,42.165289],[-83.103127,42.185188],[-83.102243,42.209646],[-83.107546,42.257318],[-83.096939,42.280118],[-83.096056,42.280118],[-82.885684,42.33235],[-82.861818,42.325303],[-82.624045,42.1827],[-82.66117,42.035952],[-82.691223,42.032636],[-82.71774,42.032221],[-82.731883,42.026417],[-82.746026,42.024759],[-82.802596,42.001959],[-82.816739,41.998229],[-82.881264,41.991181],[-82.90513,41.98372],[-82.924576,41.980818],[-82.951978,41.990352],[-82.968772,42.001959],[-83.004128,42.01937],[-83.042137,42.030977],[-83.039485,42.040512],[-83.055396,42.049217],[-83.063351,42.035123],[-83.10843,42.047559],[-83.116386,42.055436],[-83.115502,42.081966],[-83.111082,42.08777],[-83.114618,42.105181],[-83.111966,42.116788],[-83.116386,42.136271],[-83.11285,42.152024],[-83.070422,42.186431]]]]}},{"type":"Feature","properties":{"fed_id":"350051419","name_en":"Lakeshore","res":4,"role":"hex"},"geometry":{"type":"MultiPolygon","coordinates":[[[[-82.458753,42.317841],[-82.436655,42.334423],[-82.4287,42.344787],[-82.427816,42.344787],[-82.426049,42.349347],[-82.420745,42.357638],[-82.420745,42.358052],[-82.418093,42.360954],[-82.417209,42.365099],[-82.415442,42.367587],[-82.415442,42.36883],[-82.415442,42.369245],[-82.415442,42.36883],[-82.416325,42.36883],[-82.414558,42.38251],[-82.414558,42.382925],[-82.414558,42.383754],[-82.414558,42.384168],[-82.414558,42.385412],[-82.414558,42.386241],[-82.411906,42.391216],[-82.410138,42.395361],[-82.410138,42.395776],[-82.410138,42.397434],[-82.410138,42.398677],[-82.416325,42.429354],[-82.410138,42.445106],[-82.411022,42.454226],[-82.411022,42.471222],[-82.415442,42.483659],[-82.420745,42.493193],[-82.451682,42.484488],[-82.456102,42.497753],[-82.481735,42.50107],[-82.472896,42.51475],[-82.483503,42.517651],[-82.508253,42.508946],[-82.508253,42.530917],[-82.517976,42.533818],[-82.53477,42.527186],[-82.531234,42.516408],[-82.508253,42.508946],[-82.524163,42.492779],[-82.535654,42.503557],[-82.558636,42.506459],[-82.566591,42.525113],[-82.581617,42.543768],[-82.578966,42.562007],[-82.551564,42.58232],[-82.542725,42.592684],[-82.520627,42.605949],[-82.509136,42.621702],[-82.504717,42.637454],[-82.373898,42.558691],[-82.255453,42.486975],[-82.313791,42.258562],[-82.624045,42.1827],[-82.861818,42.325303],[-82.776963,42.302918],[-82.723044,42.296285],[-82.64084,42.299602],[-82.615206,42.302089],[-82.57985,42.312867],[-82.5551,42.315354],[-82.505601,42.306234],[-82.474664,42.307892],[-82.458753,42.317841]]],[[[-82.603715,42.524699],[-82.612554,42.531746],[-82.61609,42.528844],[-82.624929,42.536306],[-82.586921,42.549571],[-82.57101,42.522211],[-82.574546,42.512677],[-82.597528,42.49651],[-82.592224,42.520139],[-82.599296,42.522211],[-82.601064,42.521382],[-82.603715,42.524699]]],[[[-82.618742,42.542109],[-82.625813,42.541695],[-82.676196,42.524284],[-82.654982,42.544182],[-82.637304,42.554546],[-82.617858,42.553717],[-82.618742,42.542109]]],[[[-82.415442,42.369245],[-82.415442,42.36883],[-82.415442,42.367587],[-82.416325,42.367172],[-82.416325,42.36883],[-82.415442,42.36883],[-82.415442,42.369245]]],[[[-82.414558,42.386241],[-82.414558,42.385412],[-82.414558,42.384168],[-82.414558,42.383754],[-82.414558,42.382925],[-82.414558,42.38251],[-82.415442,42.381681],[-82.416325,42.382925],[-82.417209,42.386241],[-82.414558,42.386241]]],[[[-82.410138,42.398677],[-82.410138,42.397434],[-82.410138,42.395776],[-82.410138,42.395361],[-82.411906,42.391216],[-82.41279,42.389972],[-82.413674,42.389143],[-82.414558,42.388728],[-82.410138,42.398677]],[[-82.41279,42.389972],[-82.414558,42.388728],[-82.413674,42.389143],[-82.41279,42.389972]]]]}},{"type":"Feature","properties":{"fed_id":"350051420","name_en":"Leamington","res":4,"role":"hex"},"geometry":{"type":"Polygon","coordinates":[[[-82.464941,42.064555],[-82.464941,42.061654],[-82.482619,42.039268],[-82.500297,41.986207],[-82.508253,41.912004],[-82.531234,41.962992],[-82.545377,41.981647],[-82.565707,42.003618],[-82.593992,42.026003],[-82.611671,42.032221],[-82.623161,42.030563],[-82.641724,42.035537],[-82.66117,42.035952],[-82.624045,42.1827],[-82.313791,42.258562],[-82.207722,42.193893],[-82.258105,42.173166],[-82.32705,42.149122],[-82.382737,42.126322],[-82.410138,42.110984],[-82.429584,42.09689],[-82.449914,42.075334],[-82.464941,42.064555]]]}},{"type":"Feature","properties":{"fed_id":"350051421","name_en":"LaSalle","res":4,"role":"hex"},"geometry":{"type":"Polygon","coordinates":[[[-82.885684,42.33235],[-83.096056,42.280118],[-83.089868,42.292969],[-83.074842,42.308307],[-83.058047,42.316183],[-83.018271,42.325718],[-82.985566,42.327376],[-82.953745,42.334423],[-82.939603,42.343129],[-82.885684,42.33235]]]}},{"type":"Feature","properties":{"fed_id":"350051429","name_en":"Woodstock","res":4,"role":"hex"},"geometry":{"type":"Polygon","coordinates":[[[-81.061285,43.093037],[-81.182381,43.16807],[-81.160283,43.246004],[-81.116088,43.398141],[-81.107248,43.400214],[-80.80053,43.469857],[-80.799646,43.469857],[-80.795227,43.471101],[-80.790807,43.468614],[-80.541543,43.312745],[-80.598114,43.124543],[-80.610489,43.083088],[-80.929582,43.011372],[-80.936653,43.015103],[-80.936653,43.015518],[-81.061285,43.093037]]]}},{"type":"Feature","properties":{"fed_id":"350051430","name_en":"Norfolk County","res":4,"role":"hex"},"geometry":{"type":"Polygon","coordinates":[[[-80.738656,42.627091],[-80.761638,42.635382],[-80.995875,42.78213],[-80.929582,43.011372],[-80.610489,43.083088],[-80.472598,42.996034],[-80.360341,42.925147],[-80.429286,42.696319],[-80.738656,42.627091]]]}},{"type":"Feature","properties":{"fed_id":"350051431","name_en":"South Huron","res":4,"role":"hex"},"geometry":{"type":"Polygon","coordinates":[[[-81.182381,43.16807],[-81.501474,43.094696],[-81.756041,43.250149],[-81.727756,43.355029],[-81.717149,43.374927],[-81.710078,43.398141],[-81.71273,43.408919],[-81.6924,43.480635],[-81.516501,43.521675],[-81.371539,43.555253],[-81.116088,43.398141],[-81.160283,43.246004],[-81.182381,43.16807]]]}},{"type":"Feature","properties":{"fed_id":"350051434","name_en":"Brantford","res":4,"role":"hex"},"geometry":{"type":"Polygon","coordinates":[[[-80.598114,43.124543],[-80.541543,43.312745],[-80.349734,43.355443],[-80.219798,43.383632],[-79.968767,43.224448],[-80.010311,43.093037],[-80.018266,43.066507],[-80.01915,43.066092],[-80.040364,42.995205],[-80.069533,42.988987],[-80.169415,42.967431],[-80.360341,42.925147],[-80.472598,42.996034],[-80.610489,43.083088],[-80.598114,43.124543]]]}},{"type":"Feature","properties":{"fed_id":"350051435","name_en":"North Perth","res":4,"role":"hex"},"geometry":{"type":"Polygon","coordinates":[[[-81.116088,43.398141],[-81.371539,43.555253],[-81.33353,43.690394],[-81.306129,43.786568],[-81.162051,43.819317],[-80.982616,43.859943],[-80.926046,43.825535],[-80.926046,43.825121],[-80.726281,43.701587],[-80.795227,43.471101],[-80.799646,43.469857],[-80.80053,43.469857],[-81.107248,43.400214],[-81.116088,43.398141]]]}},{"type":"Feature","properties":{"fed_id":"350051442","name_en":"Haldimand County","res":4,"role":"hex"},"geometry":{"type":"MultiPolygon","coordinates":[[[[-80.332939,42.674763],[-80.355037,42.684298],[-80.371832,42.674349],[-80.376251,42.662741],[-80.429286,42.696319],[-80.360341,42.925147],[-80.169415,42.967431],[-80.069533,42.988987],[-80.040364,42.995205],[-79.797287,42.839337],[-79.804359,42.833948],[-79.820269,42.834777],[-79.844135,42.823584],[-79.874188,42.824828],[-79.890982,42.815293],[-79.919268,42.819439],[-79.940481,42.808661],[-79.95816,42.809904],[-79.977606,42.803272],[-79.985561,42.791664],[-79.99882,42.80037],[-80.024453,42.807832],[-80.054506,42.794981],[-80.069533,42.797053],[-80.088095,42.789592],[-80.122568,42.790006],[-80.127871,42.78669],[-80.173835,42.787934],[-80.195049,42.781715],[-80.221566,42.78213],[-80.236593,42.771352],[-80.239245,42.763475],[-80.263994,42.75021],[-80.270182,42.739432],[-80.291395,42.719948],[-80.311725,42.707927],[-80.325868,42.693832],[-80.332939,42.674763]]],[[[-80.195933,42.552473],[-80.195049,42.552473],[-80.194165,42.552887],[-80.190629,42.553302],[-80.188861,42.552887],[-80.184442,42.553717],[-80.184442,42.553302],[-80.188861,42.552473],[-80.189745,42.552473],[-80.189745,42.551644],[-80.188861,42.551644],[-80.184442,42.552058],[-80.183558,42.552058],[-80.175603,42.552887],[-80.170299,42.553717],[-80.168531,42.553717],[-80.167647,42.553717],[-80.164996,42.554131],[-80.163228,42.554131],[-80.163228,42.554546],[-80.159692,42.55496],[-80.159692,42.554546],[-80.15704,42.554131],[-80.147317,42.55496],[-80.13671,42.556618],[-80.139362,42.556204],[-80.142014,42.555789],[-80.142898,42.555375],[-80.147317,42.554546],[-80.148201,42.554131],[-80.146433,42.554546],[-80.142898,42.55496],[-80.140246,42.555375],[-80.132291,42.557033],[-80.13671,42.555375],[-80.138478,42.55496],[-80.140246,42.55496],[-80.14113,42.553717],[-80.142014,42.553717],[-80.139362,42.553717],[-80.128755,42.552473],[-80.128755,42.552887],[-80.126987,42.553717],[-80.128755,42.552473],[-80.127871,42.552058],[-80.126987,42.552058],[-80.126103,42.552473],[-80.124336,42.552058],[-80.124336,42.552473],[-80.119916,42.552473],[-80.11638,42.553717],[-80.111077,42.554131],[-80.169415,42.54128],[-80.192397,42.545426],[-80.203004,42.552473],[-80.197701,42.552473],[-80.196817,42.552473],[-80.195933,42.552473]],[[-80.130523,42.551644],[-80.132291,42.551644],[-80.131407,42.550815],[-80.130523,42.551644]],[[-80.147317,42.552058],[-80.14555,42.552473],[-80.14555,42.553302],[-80.149085,42.552887],[-80.152621,42.552058],[-80.154389,42.552473],[-80.151737,42.552058],[-80.149085,42.552887],[-80.14555,42.552887],[-80.14555,42.552473],[-80.147317,42.552473],[-80.149969,42.552058],[-80.147317,42.552058]],[[-80.151737,42.552887],[-80.153505,42.552887],[-80.155273,42.552058],[-80.153505,42.552887],[-80.153505,42.552473],[-80.151737,42.552887]]],[[[-80.285208,42.604705],[-80.288744,42.607193],[-80.289628,42.607607],[-80.28344,42.607193],[-80.279021,42.600975],[-80.285208,42.604705]]],[[[-80.200352,42.556204],[-80.195049,42.557033],[-80.194165,42.556618],[-80.195049,42.556618],[-80.197701,42.556204],[-80.196817,42.556204],[-80.196817,42.556204],[-80.193281,42.556618],[-80.194165,42.556618],[-80.194165,42.557033],[-80.192397,42.557033],[-80.191513,42.557033],[-80.189745,42.557033],[-80.189745,42.556204],[-80.188861,42.556618],[-80.189745,42.557447],[-80.192397,42.557447],[-80.192397,42.557862],[-80.191513,42.557447],[-80.18179,42.559106],[-80.187094,42.557447],[-80.187977,42.557447],[-80.189745,42.557033],[-80.188861,42.556618],[-80.18621,42.556618],[-80.179138,42.557447],[-80.178254,42.557862],[-80.179138,42.558277],[-80.178254,42.558277],[-80.17737,42.557862],[-80.176487,42.557862],[-80.171183,42.555789],[-80.172067,42.555789],[-80.172951,42.555375],[-80.17737,42.55496],[-80.178254,42.55496],[-80.180022,42.554546],[-80.180906,42.554546],[-80.18179,42.554546],[-80.183558,42.554131],[-80.180906,42.554131],[-80.180906,42.553717],[-80.178254,42.554131],[-80.176487,42.554546],[-80.175603,42.554546],[-80.172067,42.555375],[-80.172067,42.55496],[-80.157924,42.55496],[-80.157924,42.554546],[-80.155273,42.55496],[-80.15704,42.554131],[-80.159692,42.554546],[-80.159692,42.55496],[-80.163228,42.554546],[-80.163228,42.554131],[-80.164996,42.554131],[-80.167647,42.553717],[-80.168531,42.553717],[-80.170299,42.553717],[-80.175603,42.552887],[-80.183558,42.552058],[-80.184442,42.552058],[-80.187094,42.552058],[-80.188861,42.551644],[-80.189745,42.552473],[-80.188861,42.552473],[-80.184442,42.553302],[-80.184442,42.553717],[-80.188861,42.552887],[-80.190629,42.553302],[-80.194165,42.552887],[-80.195049,42.552473],[-80.195933,42.552473],[-80.196817,42.552473],[-80.197701,42.552473],[-80.203004,42.552473],[-80.204772,42.553302],[-80.203888,42.553302],[-80.203004,42.553302],[-80.199468,42.553302],[-80.204772,42.553302],[-80.205656,42.554131],[-80.20654,42.554131],[-80.207424,42.555375],[-80.203888,42.555789],[-80.20212,42.555789],[-80.201236,42.555789],[-80.200352,42.556204]]],[[[-80.216263,42.561593],[-80.217147,42.561178],[-80.217147,42.561593],[-80.218031,42.562007],[-80.218914,42.562007],[-80.215379,42.562837],[-80.218031,42.563251],[-80.219798,42.562837],[-80.220682,42.563666],[-80.212727,42.562837],[-80.213611,42.562422],[-80.216263,42.561593]]],[[[-80.20654,42.556204],[-80.20654,42.556618],[-80.205656,42.557033],[-80.200352,42.556204],[-80.201236,42.555789],[-80.20212,42.555789],[-80.203888,42.555789],[-80.208308,42.555375],[-80.208308,42.555789],[-80.208308,42.556204],[-80.207424,42.555789],[-80.20654,42.556204]]],[[[-80.213611,42.562422],[-80.210959,42.562422],[-80.210075,42.561593],[-80.210959,42.561178],[-80.215379,42.560349],[-80.216263,42.560764],[-80.217147,42.561178],[-80.216263,42.561593],[-80.213611,42.562422]]],[[[-80.213611,42.560349],[-80.214495,42.559935],[-80.215379,42.559935],[-80.214495,42.560349],[-80.213611,42.560349]]],[[[-80.213611,42.560349],[-80.214495,42.560349],[-80.215379,42.559935],[-80.215379,42.560349],[-80.210959,42.561178],[-80.210075,42.561593],[-80.213611,42.560349]]],[[[-80.184442,42.557447],[-80.183558,42.557447],[-80.178254,42.557862],[-80.179138,42.557447],[-80.18621,42.556618],[-80.188861,42.556618],[-80.189745,42.557033],[-80.187977,42.557447],[-80.187094,42.557447],[-80.184442,42.557447]]],[[[-80.180906,42.554131],[-80.183558,42.554131],[-80.18179,42.554546],[-80.180906,42.554546],[-80.180022,42.554546],[-80.178254,42.55496],[-80.178254,42.554131],[-80.180906,42.553717],[-80.180906,42.554131]]],[[[-80.194165,42.556618],[-80.194165,42.556618],[-80.195049,42.556204],[-80.195049,42.556618],[-80.194165,42.556618]]],[[[-80.172067,42.55496],[-80.172067,42.555375],[-80.175603,42.554546],[-80.176487,42.554546],[-80.172951,42.555375],[-80.172067,42.555789],[-80.171183,42.555789],[-80.172067,42.55496]]],[[[-80.166764,42.559935],[-80.16588,42.55952],[-80.176487,42.557862],[-80.17737,42.557862],[-80.178254,42.558277],[-80.179138,42.558277],[-80.166764,42.559935]]],[[[-80.139362,42.555789],[-80.13671,42.556618],[-80.137594,42.556204],[-80.139362,42.555789]]],[[[-80.142898,42.555375],[-80.142014,42.555789],[-80.142898,42.55496],[-80.146433,42.554546],[-80.148201,42.554131],[-80.147317,42.554546],[-80.142898,42.555375]]],[[[-80.131407,42.554546],[-80.131407,42.55496],[-80.130523,42.55496],[-80.131407,42.554546]]],[[[-80.132291,42.55496],[-80.131407,42.55496],[-80.131407,42.555375],[-80.130523,42.555375],[-80.131407,42.55496],[-80.131407,42.554546],[-80.132291,42.55496]]],[[[-80.129639,42.555789],[-80.130523,42.55496],[-80.130523,42.555375],[-80.129639,42.555789]]],[[[-80.129639,42.557033],[-80.130523,42.557033],[-80.131407,42.557033],[-80.132291,42.557033],[-80.129639,42.557862],[-80.128755,42.557862],[-80.129639,42.557033]]],[[[-80.119916,42.553302],[-80.1208,42.552887],[-80.122568,42.552473],[-80.123452,42.552473],[-80.123452,42.552887],[-80.119916,42.553302]]],[[[-80.127871,42.555375],[-80.127871,42.555789],[-80.127871,42.556204],[-80.126987,42.555789],[-80.127871,42.555375]]],[[[-80.119916,42.557862],[-80.119032,42.557447],[-80.119916,42.557447],[-80.119916,42.557862]]],[[[-80.121684,42.558691],[-80.124336,42.559935],[-80.124336,42.561178],[-80.122568,42.55952],[-80.121684,42.558691]]],[[[-80.131407,42.568226],[-80.119032,42.559106],[-80.119032,42.558691],[-80.119032,42.557447],[-80.119032,42.557447],[-80.119032,42.557447],[-80.119916,42.557862],[-80.1208,42.558277],[-80.1208,42.55952],[-80.122568,42.55952],[-80.131407,42.568226]]]]}},{"type":"Feature","properties":{"fed_id":"350051443","name_en":"Sarnia","res":4,"role":"hex"},"geometry":{"type":"MultiPolygon","coordinates":[[[[-82.464941,42.877889],[-82.46936,42.880377],[-82.464057,42.879548],[-82.464941,42.877889]]],[[[-82.419861,43.00018],[-82.385388,43.014274],[-82.31114,43.025881],[-82.266944,43.03127],[-82.215677,43.042049],[-82.170597,43.059045],[-82.152035,43.07231],[-82.149383,43.093037],[-82.107839,43.105059],[-82.089277,43.116666],[-82.135241,42.945045],[-82.234239,42.921416],[-82.449914,42.869184],[-82.460521,42.874988],[-82.455218,42.888253],[-82.458753,42.904835],[-82.452566,42.922246],[-82.441959,42.938413],[-82.429584,42.946704],[-82.411022,42.967845],[-82.419861,43.00018]]]]}},{"type":"Feature","properties":{"fed_id":"350051444","name_en":"Petrolia","res":4,"role":"hex"},"geometry":{"type":"Polygon","coordinates":[[[-82.504717,42.637454],[-82.505601,42.651963],[-82.49853,42.679738],[-82.484387,42.698392],[-82.476432,42.720363],[-82.478199,42.734457],[-82.465825,42.751454],[-82.464057,42.771352],[-82.470244,42.790006],[-82.449914,42.869184],[-82.234239,42.921416],[-82.135241,42.945045],[-82.110491,42.930536],[-81.880673,42.790835],[-81.941663,42.561593],[-82.255453,42.486975],[-82.373898,42.558691],[-82.504717,42.637454]]]}},{"type":"Feature","properties":{"fed_id":"350051447","name_en":"West Perth","res":4,"role":"hex"},"geometry":{"type":"MultiPolygon","coordinates":[[[[-81.711846,43.492657],[-81.6924,43.480635],[-81.71273,43.408919],[-81.718033,43.425916],[-81.716265,43.474832],[-81.711846,43.492657]]],[[[-81.727756,43.355029],[-81.756041,43.250149],[-82.016796,43.188797],[-82.022984,43.197917],[-82.013261,43.21284],[-81.998234,43.20828],[-81.974368,43.211182],[-81.905423,43.233568],[-81.849736,43.259684],[-81.802889,43.286629],[-81.771068,43.3086],[-81.741015,43.336789],[-81.727756,43.355029]]]]}},{"type":"Feature","properties":{"fed_id":"350051448","name_en":"Lambton Shores","res":4,"role":"hex"},"geometry":{"type":"Polygon","coordinates":[[[-82.061876,43.141124],[-82.0221,43.172215],[-82.016796,43.188797],[-81.756041,43.250149],[-81.501474,43.094696],[-81.530643,42.987329],[-81.565116,42.865039],[-81.693284,42.834777],[-81.835594,42.801613],[-81.880673,42.790835],[-82.110491,42.930536],[-82.135241,42.945045],[-82.089277,43.116666],[-82.061876,43.141124]]]}},{"type":"Feature","properties":{"fed_id":"350052486","name_en":"Hawkesbury","res":4,"role":"hex"},"geometry":{"type":"Polygon","coordinates":[[[-75.079837,45.410749],[-75.116077,45.436451],[-75.104586,45.462567],[-75.014427,45.667766],[-74.788145,45.70466],[-74.667049,45.724144],[-74.546836,45.637504],[-74.423972,45.548792],[-74.488498,45.406189],[-74.489382,45.406189],[-74.528274,45.31872],[-74.873001,45.262757],[-74.966696,45.330328],[-75.079837,45.410749]]]}},{"type":"Feature","properties":{"fed_id":"350052487","name_en":"Cornwall","res":4,"role":"hex"},"geometry":{"type":"MultiPolygon","coordinates":[[[[-74.954321,45.018177],[-74.973767,45.032686],[-74.873001,45.262757],[-74.528274,45.31872],[-74.358563,45.195187],[-74.375357,45.182336],[-74.392151,45.177776],[-74.390383,45.167827],[-74.415133,45.167827],[-74.429276,45.157878],[-74.445186,45.158707],[-74.471704,45.144612],[-74.489382,45.126787],[-74.502641,45.122227],[-74.51148,45.098598],[-74.529158,45.077871],[-74.54772,45.062118],[-74.573354,45.051755],[-74.602523,45.045122],[-74.615782,45.036002],[-74.638763,45.031856],[-74.644067,45.036002],[-74.665281,45.031856],[-74.700637,45.016104],[-74.728923,45.013202],[-74.735994,45.009471],[-74.789913,45.008642],[-74.791681,45.026882],[-74.813778,45.024809],[-74.831457,45.032271],[-74.865045,45.026467],[-74.889795,45.027296],[-74.919848,45.018591],[-74.929571,45.0103],[-74.954321,45.018177]]],[[[-74.926919,44.998693],[-74.928687,44.999937],[-74.926036,45.000351],[-74.926919,44.998693]]],[[[-74.676772,45.002424],[-74.705941,45.005326],[-74.735994,44.992475],[-74.760744,45.000351],[-74.749253,45.008227],[-74.736878,45.006984],[-74.682075,45.017762],[-74.664397,45.013617],[-74.676772,45.002424]]],[[[-74.629924,45.016518],[-74.637879,45.009057],[-74.655558,45.016104],[-74.63346,45.023151],[-74.629924,45.016518]]],[[[-74.442534,45.077456],[-74.423972,45.082431],[-74.42574,45.089063],[-74.407178,45.099012],[-74.408062,45.124714],[-74.38508,45.130103],[-74.366518,45.135078],[-74.351491,45.151245],[-74.318786,45.166168],[-74.287849,45.143783],[-74.355911,44.995791],[-74.356795,44.992475],[-74.499989,44.997864],[-74.636996,44.999108],[-74.619317,45.002838],[-74.602523,45.017762],[-74.570702,45.019835],[-74.548604,45.031856],[-74.512364,45.039318],[-74.484078,45.036831],[-74.452257,45.055071],[-74.438999,45.070409],[-74.442534,45.077456]]]]}},{"type":"Feature","properties":{"fed_id":"350052489","name_en":"Casselman","res":4,"role":"hex"},"geometry":{"type":"Polygon","coordinates":[[[-75.357386,45.004911],[-75.558918,45.147929],[-75.460804,45.378829],[-75.27253,45.410749],[-75.116077,45.436451],[-75.079837,45.410749],[-74.966696,45.330328],[-74.873001,45.262757],[-74.973767,45.032686],[-75.315842,44.975479],[-75.357386,45.004911]]]}},{"type":"Feature","properties":{"fed_id":"350052496","name_en":"Laurentian Hills","res":4,"role":"hex"},"geometry":{"type":"Polygon","coordinates":[[[-78.013548,46.217036],[-77.665286,46.282948],[-77.612251,46.248127],[-77.408067,46.1134],[-77.497342,45.879183],[-77.842953,45.8141],[-78.100172,45.982404],[-78.013548,46.217036]]]}},{"type":"Feature","properties":{"fed_id":"350052500","name_en":"Mississippi Mills","res":4,"role":"hex"},"geometry":{"type":"MultiPolygon","coordinates":[[[[-76.646133,45.602268],[-76.645249,45.602683],[-76.321736,45.660304],[-76.300522,45.664035],[-76.051258,45.492],[-76.147605,45.260684],[-76.157328,45.258612],[-76.48968,45.199746],[-76.738944,45.370124],[-76.646133,45.602268]]],[[[-76.645249,45.602683],[-76.646133,45.602268],[-76.646133,45.602683],[-76.645249,45.602683]]]]}},{"type":"Feature","properties":{"fed_id":"350052501","name_en":"Carleton Place","res":4,"role":"hex"},"geometry":{"type":"Polygon","coordinates":[[[-76.335879,44.798469],[-76.582491,44.968431],[-76.48968,45.199746],[-76.157328,45.258612],[-76.147605,45.260684],[-75.900993,45.089063],[-75.988501,44.877646],[-75.996456,44.858577],[-76.335879,44.798469]]]}},{"type":"Feature","properties":{"fed_id":"350052502","name_en":"Portage-du-Fort","res":4,"role":"hex"},"geometry":{"type":"Polygon","coordinates":[[[-77.242775,45.710049],[-76.898048,45.77306],[-76.646133,45.602683],[-76.646133,45.602268],[-76.738944,45.370124],[-76.882138,45.344008],[-77.081019,45.307528],[-77.332934,45.476661],[-77.242775,45.710049]]]}},{"type":"Feature","properties":{"fed_id":"350052570","name_en":"Brockville","res":4,"role":"hex"},"geometry":{"type":"Polygon","coordinates":[[[-75.84619,44.463518],[-75.753379,44.687371],[-75.474062,44.735458],[-75.476714,44.726753],[-75.491741,44.720949],[-75.52091,44.703538],[-75.53682,44.698149],[-75.56157,44.678251],[-75.576596,44.659597],[-75.686202,44.584564],[-75.711835,44.570055],[-75.720675,44.557204],[-75.770174,44.525699],[-75.792272,44.509532],[-75.804646,44.504143],[-75.806414,44.492536],[-75.829396,44.484659],[-75.84619,44.463518]]]}},{"type":"Feature","properties":{"fed_id":"350052572","name_en":"Rideau Lakes","res":4,"role":"hex"},"geometry":{"type":"Polygon","coordinates":[[[-76.42869,44.567982],[-76.335879,44.798469],[-75.996456,44.858577],[-75.753379,44.687371],[-75.84619,44.463518],[-75.855913,44.45647],[-76.18473,44.398434],[-76.42869,44.567982]]]}},{"type":"Feature","properties":{"fed_id":"350052573","name_en":"Gananoque","res":4,"role":"hex"},"geometry":{"type":"MultiPolygon","coordinates":[[[[-76.163516,44.321744],[-76.183846,44.317184],[-76.194453,44.305991],[-76.21655,44.320086],[-76.18473,44.398434],[-75.855913,44.45647],[-75.874476,44.437401],[-75.90718,44.408798],[-75.906297,44.40258],[-75.937234,44.375634],[-75.982313,44.365685],[-76.011482,44.364442],[-76.021205,44.359053],[-76.045071,44.348689],[-76.079544,44.352835],[-76.121088,44.335009],[-76.147605,44.330864],[-76.163516,44.321744]]],[[[-76.262514,44.206915],[-76.251907,44.234275],[-76.2413,44.235519],[-76.217434,44.228472],[-76.187381,44.238835],[-76.18031,44.232202],[-76.199756,44.218522],[-76.243952,44.206086],[-76.262514,44.206915]]],[[[-76.235997,44.272413],[-76.224506,44.301431],[-76.205943,44.305162],[-76.20064,44.298944],[-76.217434,44.279046],[-76.235997,44.272413]]],[[[-75.953144,44.349933],[-75.967287,44.346616],[-75.990268,44.347031],[-75.990268,44.353664],[-75.951376,44.364442],[-75.943421,44.356151],[-75.953144,44.349933]]],[[[-75.843539,44.423307],[-75.859449,44.414601],[-75.868288,44.402994],[-75.880663,44.410041],[-75.852378,44.42911],[-75.843539,44.423307]]]]}},{"type":"Feature","properties":{"fed_id":"350052574","name_en":"South Dundas","res":4,"role":"hex"},"geometry":{"type":"MultiPolygon","coordinates":[[[[-74.928687,44.999937],[-74.926919,44.998693],[-74.924268,44.997035],[-74.920732,44.994133],[-74.961392,44.991646],[-74.956973,44.998693],[-74.928687,44.999937]]],[[[-75.400698,44.777741],[-75.315842,44.975479],[-74.973767,45.032686],[-74.954321,45.018177],[-74.952553,45.015275],[-74.956089,45.014446],[-74.959624,45.012787],[-74.968463,45.007398],[-74.965812,45.006569],[-74.960508,45.011958],[-74.956089,45.014446],[-74.955205,45.013617],[-74.951669,45.014446],[-74.951669,45.016518],[-74.939294,45.007398],[-74.956973,45.003668],[-74.964044,44.99662],[-74.994097,44.989988],[-75.009123,44.981697],[-75.005588,44.966359],[-75.018847,44.959311],[-75.033873,44.958897],[-75.0489,44.946875],[-75.059507,44.94729],[-75.078953,44.936926],[-75.109006,44.934024],[-75.139059,44.922832],[-75.148782,44.911224],[-75.169112,44.906664],[-75.167344,44.899203],[-75.204469,44.882206],[-75.214192,44.883035],[-75.239825,44.872672],[-75.257503,44.861479],[-75.278717,44.858992],[-75.305235,44.843239],[-75.314958,44.828316],[-75.344127,44.814636],[-75.372412,44.793909],[-75.375064,44.784374],[-75.391858,44.783545],[-75.400698,44.777741]]]]}},{"type":"Feature","properties":{"fed_id":"350052576","name_en":"Merrickville-Wolford","res":4,"role":"hex"},"geometry":{"type":"Polygon","coordinates":[[[-75.753379,44.687371],[-75.996456,44.858577],[-75.988501,44.877646],[-75.900993,45.089063],[-75.558918,45.147929],[-75.357386,45.004911],[-75.315842,44.975479],[-75.400698,44.777741],[-75.400698,44.777327],[-75.418376,44.778985],[-75.428099,44.774425],[-75.43517,44.759087],[-75.461688,44.747065],[-75.474062,44.735458],[-75.753379,44.687371]]]}},{"type":"Feature","properties":{"fed_id":"350052581","name_en":"Temiskaming Shores","res":4,"role":"hex"},"geometry":{"type":"Polygon","coordinates":[[[-79.881259,47.388121],[-79.816733,47.580883],[-79.801707,47.627312],[-79.760163,47.635603],[-79.760163,47.580883],[-79.760163,47.635603],[-79.601942,47.667937],[-79.445489,47.699443],[-79.17236,47.531967],[-79.225395,47.379415],[-79.255448,47.293605],[-79.60813,47.222303],[-79.881259,47.388121]]]}},{"type":"Feature","properties":{"fed_id":"350052584","name_en":"Mattawa","res":4,"role":"hex"},"geometry":{"type":"Polygon","coordinates":[[[-79.313786,46.179312],[-79.23335,46.415602],[-78.885972,46.485245],[-78.621681,46.31777],[-78.705653,46.082309],[-79.05038,46.013495],[-79.313786,46.179312]]]}},{"type":"Feature","properties":{"fed_id":"350052586","name_en":"North Bay","res":4,"role":"hex"},"geometry":{"type":"Polygon","coordinates":[[[-79.624924,46.115473],[-79.657629,46.108425],[-79.924571,46.272999],[-79.846787,46.509703],[-79.758395,46.527943],[-79.499408,46.581419],[-79.23335,46.415602],[-79.313786,46.179312],[-79.624924,46.115473]]]}},{"type":"Feature","properties":{"fed_id":"350052587","name_en":"South River","res":4,"role":"hex"},"geometry":{"type":"Polygon","coordinates":[[[-79.736297,45.872965],[-79.674423,46.059924],[-79.668236,46.078164],[-79.657629,46.108425],[-79.624924,46.115473],[-79.313786,46.179312],[-79.05038,46.013495],[-79.1317,45.778449],[-79.472891,45.708806],[-79.48615,45.717097],[-79.736297,45.872965]]]}},{"type":"Feature","properties":{"fed_id":"350052592","name_en":"Sables-Spanish Rivers","res":4,"role":"hex"},"geometry":{"type":"Polygon","coordinates":[[[-81.7693,46.534576],[-81.701239,46.772938],[-81.355628,46.850458],[-81.080731,46.688371],[-81.152328,46.450838],[-81.494403,46.374562],[-81.566884,46.416846],[-81.7693,46.534576]]]}},{"type":"Feature","properties":{"fed_id":"350052600","name_en":"French River / Rivière des Français","res":4,"role":"hex"},"geometry":{"type":"MultiPolygon","coordinates":[[[[-81.182381,46.001473],[-81.185917,46.000644],[-81.187685,46.00023],[-81.223925,46.002717],[-81.233648,45.992768],[-81.250442,45.996499],[-81.266353,45.994426],[-81.299942,45.996913],[-81.323807,45.99567],[-81.563348,46.137029],[-81.494403,46.374562],[-81.152328,46.450838],[-80.880082,46.289166],[-80.951679,46.052462],[-81.182381,46.001473]]],[[[-81.237184,45.989037],[-81.291986,45.977015],[-81.321156,45.994011],[-81.265469,45.993597],[-81.249559,45.99567],[-81.237184,45.989037]]]]}},{"type":"Feature","properties":{"fed_id":"350052602","name_en":"West Nipissing / Nipissing Ouest","res":4,"role":"hex"},"geometry":{"type":"Polygon","coordinates":[[[-80.537124,46.363784],[-80.462875,46.600903],[-80.115496,46.674277],[-80.03948,46.627848],[-79.846787,46.509703],[-79.924571,46.272999],[-80.268414,46.200454],[-80.537124,46.363784]]]}},{"type":"Feature","properties":{"fed_id":"350052604","name_en":"Greater Sudbury / Grand Sudbury","res":4,"role":"hex"},"geometry":{"type":"Polygon","coordinates":[[[-80.537124,46.363784],[-80.880082,46.289166],[-81.152328,46.450838],[-81.080731,46.688371],[-80.734237,46.763818],[-80.462875,46.600903],[-80.537124,46.363784]]]}},{"type":"Feature","properties":{"fed_id":"350052607","name_en":"Kirkland Lake","res":4,"role":"hex"},"geometry":{"type":"Polygon","coordinates":[[[-80.198584,48.439817],[-79.83618,48.513606],[-79.555979,48.34613],[-79.639067,48.10611],[-79.760163,48.081652],[-79.997936,48.03315],[-80.277253,48.198967],[-80.198584,48.439817]]]}},{"type":"Feature","properties":{"fed_id":"350052608","name_en":"Englehart","res":4,"role":"hex"},"geometry":{"type":"Polygon","coordinates":[[[-79.760163,47.635603],[-79.801707,47.627312],[-80.077488,47.793129],[-79.997936,48.03315],[-79.760163,48.081652],[-79.639067,48.10611],[-79.627576,48.099477],[-79.362401,47.938634],[-79.445489,47.699443],[-79.601942,47.667937],[-79.747788,47.667523],[-79.601942,47.667937],[-79.760163,47.635603]]]}},{"type":"Feature","properties":{"fed_id":"350052625","name_en":"Timmins","res":4,"role":"hex"},"geometry":{"type":"Polygon","coordinates":[[[-81.562464,48.374319],[-81.489983,48.615998],[-81.129346,48.694347],[-80.842958,48.529773],[-80.918975,48.288509],[-81.27696,48.211404],[-81.562464,48.374319]]]}},{"type":"Feature","properties":{"fed_id":"350052626","name_en":"Kawartha Lakes","res":4,"role":"hex"},"geometry":{"type":"Polygon","coordinates":[[[-78.763992,44.120276],[-78.965524,44.251271],[-79.015907,44.28402],[-78.936355,44.51575],[-78.603119,44.582906],[-78.351204,44.418332],[-78.393631,44.298115],[-78.433408,44.187017],[-78.763992,44.120276]]]}},{"type":"Feature","properties":{"fed_id":"350052627","name_en":"Clarington","res":4,"role":"hex"},"geometry":{"type":"Polygon","coordinates":[[[-78.763992,44.120276],[-78.433408,44.187017],[-78.184144,44.022444],[-78.209777,43.952386],[-78.253973,43.953629],[-78.298169,43.941608],[-78.331757,43.938291],[-78.346784,43.931244],[-78.367998,43.931659],[-78.414845,43.913419],[-78.445782,43.909688],[-78.482023,43.896422],[-78.502353,43.900568],[-78.541245,43.896008],[-78.597816,43.896008],[-78.61019,43.89891],[-78.652618,43.892277],[-78.672064,43.886888],[-78.684439,43.878597],[-78.713608,43.867404],[-78.738358,43.869892],[-78.754268,43.867819],[-78.812607,43.869477],[-78.843544,43.88979],[-78.763992,44.120276]]]}},{"type":"Feature","properties":{"fed_id":"350052628","name_en":"Georgina","res":4,"role":"hex"},"geometry":{"type":"Polygon","coordinates":[[[-79.510015,44.3205],[-79.600174,44.378122],[-79.524158,44.610266],[-79.398642,44.636382],[-79.334116,44.649648],[-79.190922,44.679495],[-79.140539,44.64716],[-78.936355,44.51575],[-79.015907,44.28402],[-79.152914,44.255831],[-79.345607,44.215621],[-79.510015,44.3205]]]}},{"type":"Feature","properties":{"fed_id":"350052630","name_en":"Trent Lakes","res":4,"role":"hex"},"geometry":{"type":"Polygon","coordinates":[[[-78.351204,44.418332],[-78.603119,44.582906],[-78.521799,44.81505],[-78.185028,44.881792],[-77.933112,44.715145],[-78.017968,44.48383],[-78.351204,44.418332]]]}},{"type":"Feature","properties":{"fed_id":"350052631","name_en":"Peterborough","res":4,"role":"hex"},"geometry":{"type":"Polygon","coordinates":[[[-78.433408,44.187017],[-78.393631,44.298115],[-78.351204,44.418332],[-78.017968,44.48383],[-77.885381,44.395947],[-77.768704,44.318013],[-77.834114,44.140174],[-77.85356,44.087527],[-78.184144,44.022444],[-78.433408,44.187017]]]}},{"type":"Feature","properties":{"fed_id":"350052632","name_en":"Minden Hills","res":4,"role":"hex"},"geometry":{"type":"Polygon","coordinates":[[[-79.112254,44.912053],[-78.776366,44.980453],[-78.521799,44.81505],[-78.603119,44.582906],[-78.936355,44.51575],[-79.140539,44.64716],[-79.190922,44.679495],[-79.112254,44.912053]]]}},{"type":"Feature","properties":{"fed_id":"350052639","name_en":"Cobourg","res":4,"role":"hex"},"geometry":{"type":"Polygon","coordinates":[[[-78.184144,44.022444],[-77.85356,44.087527],[-77.741303,44.012494],[-77.741303,44.01208],[-77.740419,44.011665],[-77.739535,44.011251],[-77.719205,43.997156],[-77.717437,43.995913],[-77.70683,43.988865],[-77.732463,43.991767],[-77.737767,44.002545],[-77.751026,44.010836],[-77.784614,44.007934],[-77.796105,44.00296],[-77.817319,44.003789],[-77.859747,43.991353],[-77.877425,43.976429],[-77.898639,43.980575],[-77.936648,43.970211],[-77.97112,43.977673],[-77.97996,43.976015],[-78.006477,43.963164],[-78.034762,43.968967],[-78.063047,43.968967],[-78.071003,43.965237],[-78.098404,43.966066],[-78.118734,43.956531],[-78.131109,43.958189],[-78.169117,43.953629],[-78.191215,43.955702],[-78.209777,43.952386],[-78.184144,44.022444]]]}},{"type":"Feature","properties":{"fed_id":"350052640","name_en":"Shelburne","res":4,"role":"hex"},"geometry":{"type":"Polygon","coordinates":[[[-80.16146,44.041927],[-80.325868,44.005862],[-80.331172,44.005033],[-80.587507,44.164632],[-80.516794,44.396776],[-80.471714,44.406725],[-80.187094,44.468907],[-79.929874,44.307649],[-80.004123,44.07592],[-80.16146,44.041927],[-80.172067,44.08504],[-80.16146,44.041927]]]}},{"type":"Feature","properties":{"fed_id":"350052641","name_en":"Caledon","res":4,"role":"hex"},"geometry":{"type":"Polygon","coordinates":[[[-80.378019,43.850823],[-80.331172,44.005033],[-80.325868,44.005862],[-80.16146,44.041927],[-80.004123,44.07592],[-79.75044,43.915077],[-79.823805,43.684176],[-80.084559,43.628213],[-80.168531,43.686663],[-80.084559,43.628213],[-80.148201,43.614118],[-80.401885,43.773718],[-80.378019,43.850823]]]}},{"type":"Feature","properties":{"fed_id":"350052642","name_en":"West Grey","res":4,"role":"hex"},"geometry":{"type":"Polygon","coordinates":[[[-81.06924,44.288166],[-81.034767,44.16629],[-81.172658,44.250442],[-81.165587,44.274071],[-81.105481,44.483416],[-80.77578,44.55679],[-80.516794,44.396776],[-80.587507,44.164632],[-80.914555,44.091672],[-81.034767,44.16629],[-81.06924,44.288166]]]}},{"type":"Feature","properties":{"fed_id":"350052643","name_en":"Minto","res":4,"role":"hex"},"geometry":{"type":"Polygon","coordinates":[[[-80.926046,43.825121],[-80.926046,43.825535],[-80.982616,43.859943],[-80.943724,43.991767],[-80.914555,44.091672],[-80.587507,44.164632],[-80.331172,44.005033],[-80.378019,43.850823],[-80.401885,43.773718],[-80.726281,43.701587],[-80.926046,43.825121]]]}},{"type":"Feature","properties":{"fed_id":"350052644","name_en":"Wasaga Beach","res":4,"role":"hex"},"geometry":{"type":"Polygon","coordinates":[[[-79.919268,44.310137],[-79.929874,44.307649],[-80.187094,44.468907],[-80.178254,44.497096],[-80.138478,44.477198],[-80.119916,44.47015],[-80.101354,44.470565],[-80.077488,44.479685],[-80.035944,44.509532],[-80.008543,44.536477],[-79.995284,44.559277],[-79.996168,44.564666],[-79.991748,44.582492],[-80.007659,44.596586],[-79.986445,44.636382],[-79.979374,44.658353],[-79.982909,44.672862],[-79.993516,44.676178],[-79.997936,44.692345],[-80.012079,44.707684],[-80.028873,44.719705],[-79.938714,44.739189],[-79.867117,44.754527],[-79.845019,44.735458],[-79.852974,44.745407],[-79.84767,44.758672],[-79.809662,44.766549],[-79.802591,44.751211],[-79.803475,44.730069],[-79.784913,44.735043],[-79.777841,44.752869],[-79.768118,44.764891],[-79.757511,44.758258],[-79.744252,44.732556],[-79.73011,44.740433],[-79.675307,44.706025],[-79.524158,44.610266],[-79.600174,44.378122],[-79.919268,44.310137],[-79.922803,44.323816],[-79.919268,44.310137]]]}},{"type":"Feature","properties":{"fed_id":"350052645","name_en":"Barrie","res":4,"role":"hex"},"geometry":{"type":"Polygon","coordinates":[[[-79.75044,43.915077],[-80.004123,44.07592],[-79.929874,44.307649],[-79.919268,44.310137],[-79.600174,44.378122],[-79.510015,44.3205],[-79.345607,44.215621],[-79.392455,44.074676],[-79.422508,43.984306],[-79.488801,43.970211],[-79.75044,43.915077]]]}},{"type":"Feature","properties":{"fed_id":"350052646","name_en":"Collingwood","res":4,"role":"hex"},"geometry":{"type":"Polygon","coordinates":[[[-80.471714,44.577102],[-80.40542,44.539794],[-80.379787,44.540623],[-80.349734,44.538135],[-80.312609,44.521968],[-80.296699,44.529015],[-80.250735,44.521554],[-80.230405,44.504972],[-80.203888,44.509117],[-80.178254,44.497096],[-80.187094,44.468907],[-80.471714,44.406725],[-80.516794,44.396776],[-80.77578,44.55679],[-80.726281,44.720534],[-80.697112,44.722607],[-80.656452,44.722607],[-80.640542,44.720534],[-80.638774,44.70188],[-80.626399,44.685713],[-80.622863,44.667058],[-80.627283,44.660011],[-80.626399,44.6426],[-80.609605,44.622702],[-80.589275,44.609437],[-80.558338,44.601975],[-80.538891,44.592441],[-80.509722,44.595342],[-80.49116,44.587466],[-80.485857,44.578761],[-80.471714,44.577102]]]}},{"type":"Feature","properties":{"fed_id":"350052647","name_en":"St. Catharines","res":4,"role":"hex"},"geometry":{"type":"Polygon","coordinates":[[[-79.493221,43.195015],[-79.447257,43.198331],[-79.405713,43.197502],[-79.357098,43.181335],[-79.317322,43.182993],[-79.292572,43.195844],[-79.255448,43.207037],[-79.228047,43.219888],[-79.220091,43.228179],[-79.193574,43.229008],[-79.137887,43.255953],[-79.112254,43.256782],[-79.076013,43.262171],[-79.058335,43.252637],[-79.076013,43.201233],[-79.398642,43.133248],[-79.493221,43.195015]]]}},{"type":"Feature","properties":{"fed_id":"350052648","name_en":"Niagara Falls","res":4,"role":"hex"},"geometry":{"type":"Polygon","coordinates":[[[-79.470239,42.913955],[-79.398642,43.133248],[-79.076013,43.201233],[-79.056567,43.188382],[-79.056567,43.170972],[-79.047728,43.161852],[-79.044192,43.139466],[-79.068058,43.122055],[-79.058335,43.107546],[-79.076897,43.08143],[-79.077781,43.073968],[-79.028282,43.05863],[-79.017675,43.045365],[-79.017675,43.035416],[-79.03005,43.020492],[-79.028282,42.989816],[-79.023862,42.981111],[-79.007952,42.97282],[-78.977899,42.964114],[-78.96906,42.950849],[-78.933703,42.947533],[-78.916025,42.934682],[-78.90807,42.913126],[-78.924864,42.888668],[-78.952265,42.880377],[-78.991157,42.879133],[-79.007952,42.867526],[-79.030934,42.874573],[-79.057451,42.860064],[-79.085736,42.860893],[-79.093692,42.855919],[-79.098111,42.842239],[-79.118441,42.860893],[-79.138771,42.865868],[-79.156449,42.874988],[-79.16794,42.875817],[-79.196226,42.86794],[-79.242189,42.876646],[-79.270474,42.877889],[-79.274894,42.870013],[-79.302295,42.878304],[-79.335,42.871671],[-79.343839,42.85965],[-79.373008,42.866697],[-79.38008,42.861308],[-79.404829,42.8725],[-79.421624,42.871257],[-79.472891,42.904835],[-79.470239,42.913955]]]}},{"type":"Feature","properties":{"fed_id":"350052651","name_en":"Whitby","res":4,"role":"hex"},"geometry":{"type":"Polygon","coordinates":[[[-79.198877,43.738067],[-79.171476,43.822219],[-79.156449,43.825121],[-79.061871,43.845019],[-78.893927,43.879426],[-78.843544,43.88979],[-78.812607,43.869477],[-78.830285,43.860772],[-78.870061,43.850408],[-78.88774,43.85331],[-78.902766,43.845848],[-78.929283,43.851652],[-78.96022,43.842532],[-78.973479,43.831339],[-78.992925,43.827194],[-79.023862,43.816001],[-79.042425,43.816001],[-79.060103,43.80771],[-79.091924,43.81227],[-79.120209,43.791543],[-79.128164,43.780765],[-79.152914,43.759209],[-79.167056,43.756721],[-79.18827,43.746772],[-79.198877,43.738067]]]}},{"type":"Feature","properties":{"fed_id":"350052655","name_en":"Bancroft","res":4,"role":"hex"},"geometry":{"type":"Polygon","coordinates":[[[-78.101056,45.113936],[-77.761633,45.179434],[-77.71125,45.145856],[-77.509717,45.011958],[-77.568939,44.855261],[-77.597225,44.779814],[-77.933112,44.715145],[-78.185028,44.881792],[-78.101056,45.113936]]]}},{"type":"Feature","properties":{"fed_id":"350052657","name_en":"Dysart et al","res":4,"role":"hex"},"geometry":{"type":"Polygon","coordinates":[[[-78.695046,45.213426],[-78.355623,45.280582],[-78.101056,45.113936],[-78.185028,44.881792],[-78.521799,44.81505],[-78.776366,44.980453],[-78.695046,45.213426]]]}},{"type":"Feature","properties":{"fed_id":"350052658","name_en":"Madawaska Valley","res":4,"role":"hex"},"geometry":{"type":"Polygon","coordinates":[[[-77.929576,45.580297],[-77.842953,45.8141],[-77.497342,45.879183],[-77.242775,45.710049],[-77.332934,45.476661],[-77.675009,45.412407],[-77.929576,45.580297]]]}},{"type":"Feature","properties":{"fed_id":"350052661","name_en":"Stone Mills","res":4,"role":"hex"},"geometry":{"type":"Polygon","coordinates":[[[-77.382433,44.521968],[-77.347961,44.612339],[-77.011189,44.675349],[-76.948431,44.632651],[-76.785791,44.521139],[-76.765461,44.507045],[-76.786675,44.452739],[-76.837942,44.320915],[-76.854737,44.276973],[-77.188856,44.214792],[-77.435468,44.381853],[-77.382433,44.521968]]]}},{"type":"Feature","properties":{"fed_id":"350052662","name_en":"Greater Napanee","res":4,"role":"hex"},"geometry":{"type":"MultiPolygon","coordinates":[[[[-77.181785,43.924197],[-77.186204,43.923368],[-77.187088,43.923782],[-77.157919,43.938291],[-77.168526,43.94368],[-77.196811,43.930829],[-77.276364,43.98472],[-77.232168,44.101207],[-77.231284,44.103279],[-77.231284,44.103694],[-77.231284,44.104109],[-77.218025,44.137272],[-77.195928,44.142661],[-77.19416,44.132712],[-77.204767,44.124836],[-77.205651,44.123592],[-77.195928,44.126494],[-77.181785,44.143905],[-77.172062,44.148879],[-77.149964,44.148465],[-77.12433,44.16173],[-77.094277,44.16629],[-77.066876,44.173752],[-77.058921,44.164217],[-77.074831,44.127738],[-77.080135,44.094989],[-77.093393,44.076749],[-77.10842,44.0668],[-77.126098,44.03944],[-77.134053,44.034465],[-77.131402,44.012909],[-77.113723,44.040683],[-77.08367,44.046072],[-77.041242,44.039025],[-77.023564,44.033222],[-76.959922,44.052291],[-76.936941,44.060581],[-76.902468,44.082967],[-76.88479,44.099134],[-76.879486,44.092087],[-76.849433,44.113228],[-76.843246,44.110327],[-76.843246,44.094574],[-76.852969,44.082967],[-76.893629,44.06224],[-76.901584,44.054778],[-76.901584,44.033222],[-76.936941,44.019542],[-76.965226,44.017469],[-76.993511,44.000058],[-77.012957,44.000058],[-77.010305,43.990524],[-76.998815,43.983891],[-77.026216,43.958189],[-77.042126,43.949898],[-77.039475,43.931659],[-77.049198,43.921709],[-77.033287,43.913833],[-77.020912,43.928342],[-77.019145,43.939535],[-76.98202,43.932902],[-76.959922,43.940778],[-76.944896,43.930829],[-76.926334,43.931659],[-76.885674,43.945338],[-76.86446,43.947826],[-76.86004,43.933317],[-76.88037,43.929586],[-76.902468,43.921709],[-76.932521,43.922124],[-76.94136,43.917979],[-76.96169,43.910517],[-76.976717,43.900153],[-76.994395,43.89891],[-77.009422,43.890204],[-77.028868,43.887717],[-77.041242,43.890619],[-77.081019,43.867404],[-77.097813,43.862844],[-77.182669,43.921295],[-77.181785,43.924197]]],[[[-77.210954,44.155926],[-77.188856,44.214792],[-76.854737,44.276973],[-76.735408,44.194479],[-76.756622,44.183286],[-76.773416,44.183286],[-76.790211,44.170021],[-76.81938,44.15717],[-76.887441,44.12069],[-76.928101,44.104938],[-76.939592,44.090843],[-76.957271,44.080065],[-76.954619,44.074261],[-76.969645,44.063483],[-76.994395,44.063898],[-77.051849,44.047731],[-77.058921,44.053534],[-77.032403,44.061825],[-77.052733,44.075505],[-77.079251,44.077163],[-77.048314,44.095403],[-77.04301,44.092501],[-77.014725,44.104938],[-77.00677,44.122763],[-77.00677,44.133541],[-76.985556,44.142661],[-76.919262,44.153854],[-76.907771,44.151366],[-76.88479,44.155512],[-76.889209,44.168777],[-76.903352,44.171679],[-76.906888,44.177068],[-76.917494,44.167119],[-76.929869,44.179141],[-76.962574,44.169606],[-76.957271,44.155512],[-76.997931,44.14349],[-77.014725,44.134785],[-77.026216,44.115301],[-77.051849,44.105767],[-77.06776,44.105352],[-77.065108,44.125665],[-77.052733,44.145977],[-77.038591,44.176654],[-77.019145,44.184944],[-77.026216,44.196966],[-77.035939,44.200283],[-77.069528,44.182872],[-77.088974,44.17541],[-77.148196,44.16173],[-77.166758,44.166705],[-77.192392,44.15717],[-77.210954,44.155926]]],[[[-76.975833,43.978502],[-76.988208,43.992182],[-76.968762,44.002545],[-76.962574,43.996327],[-76.975833,43.978502]]],[[[-76.702703,44.171679],[-76.667347,44.147221],[-76.682373,44.137272],[-76.684141,44.127323],[-76.699168,44.113228],[-76.710659,44.117374],[-76.721266,44.109912],[-76.735408,44.114472],[-76.749551,44.105767],[-76.7743,44.10701],[-76.77872,44.115716],[-76.796398,44.116545],[-76.812309,44.128152],[-76.804353,44.139759],[-76.782256,44.144319],[-76.732756,44.165461],[-76.702703,44.171679]]]]}},{"type":"Feature","properties":{"fed_id":"350052663","name_en":"Havelock-Belmont-Methuen","res":4,"role":"hex"},"geometry":{"type":"Polygon","coordinates":[[[-77.499994,44.369416],[-77.768704,44.318013],[-77.885381,44.395947],[-78.017968,44.48383],[-77.933112,44.715145],[-77.597225,44.779814],[-77.347961,44.612339],[-77.382433,44.521968],[-77.435468,44.381853],[-77.499994,44.369416]]]}},{"type":"Feature","properties":{"fed_id":"350052664","name_en":"Belleville","res":4,"role":"hex"},"geometry":{"type":"MultiPolygon","coordinates":[[[[-77.768704,44.318013],[-77.499994,44.369416],[-77.435468,44.381853],[-77.188856,44.214792],[-77.210954,44.155926],[-77.208302,44.167534],[-77.2304,44.179555],[-77.263105,44.175825],[-77.263105,44.176239],[-77.263105,44.176654],[-77.280783,44.161316],[-77.289622,44.15717],[-77.31172,44.155512],[-77.329399,44.167948],[-77.351496,44.164632],[-77.374478,44.155097],[-77.39746,44.149708],[-77.412487,44.141003],[-77.446075,44.131883],[-77.477012,44.120276],[-77.505298,44.116959],[-77.51944,44.108254],[-77.572475,44.100378],[-77.575127,44.0896],[-77.595457,44.072603],[-77.587502,44.059752],[-77.674125,44.033222],[-77.682964,44.033222],[-77.699759,44.031978],[-77.703294,44.029076],[-77.713901,44.029491],[-77.740419,44.012909],[-77.740419,44.012494],[-77.741303,44.012494],[-77.85356,44.087527],[-77.834114,44.140174],[-77.768704,44.318013]]],[[[-77.585734,44.028247],[-77.60076,44.037367],[-77.639652,44.019956],[-77.653795,44.021614],[-77.660866,44.036538],[-77.581314,44.060581],[-77.568939,44.056436],[-77.541538,44.077163],[-77.529163,44.07965],[-77.510601,44.090843],[-77.493807,44.107839],[-77.476128,44.110741],[-77.409835,44.126079],[-77.379782,44.141832],[-77.370059,44.131054],[-77.370059,44.131468],[-77.346193,44.143905],[-77.329399,44.141832],[-77.31172,44.148879],[-77.309952,44.137687],[-77.318792,44.126908],[-77.308185,44.120276],[-77.322327,44.110741],[-77.321443,44.10245],[-77.33205,44.08877],[-77.307301,44.077163],[-77.297578,44.081723],[-77.268408,44.083796],[-77.256034,44.094159],[-77.248078,44.091258],[-77.232168,44.101207],[-77.276364,43.98472],[-77.501762,43.942022],[-77.515904,43.941193],[-77.531815,43.963164],[-77.545074,43.969797],[-77.56452,43.971455],[-77.574243,43.988036],[-77.5601,43.986378],[-77.530047,43.993011],[-77.521208,44.00296],[-77.532699,44.008764],[-77.558332,44.012494],[-77.568055,44.00752],[-77.585734,44.028247]]],[[[-77.741303,44.01208],[-77.740419,44.012494],[-77.740419,44.012909],[-77.740419,44.011665],[-77.741303,44.01208]]],[[[-77.719205,43.997156],[-77.739535,44.011251],[-77.714785,44.004204],[-77.719205,43.997156]]],[[[-77.70683,43.988865],[-77.717437,43.995913],[-77.696223,44.003789],[-77.675009,43.997985],[-77.70683,43.988865]]],[[[-77.218025,44.137272],[-77.231284,44.104109],[-77.254266,44.095403],[-77.272828,44.096232],[-77.289622,44.091672],[-77.288739,44.115716],[-77.278132,44.116545],[-77.256918,44.128981],[-77.218025,44.137272]]],[[[-77.660866,44.036538],[-77.653795,44.021614],[-77.681196,44.01208],[-77.693571,44.024516],[-77.660866,44.036538]]]]}},{"type":"Feature","properties":{"fed_id":"350052665","name_en":"Westport","res":4,"role":"hex"},"geometry":{"type":"Polygon","coordinates":[[[-76.785791,44.521139],[-76.948431,44.632651],[-77.011189,44.675349],[-76.92103,44.906664],[-76.582491,44.968431],[-76.335879,44.798469],[-76.42869,44.567982],[-76.765461,44.507045],[-76.785791,44.521139]]]}},{"type":"Feature","properties":{"fed_id":"350052666","name_en":"Kingston","res":4,"role":"hex"},"geometry":{"type":"MultiPolygon","coordinates":[[[[-76.458743,44.145148],[-76.487028,44.135199],[-76.511778,44.140588],[-76.498519,44.156341],[-76.50559,44.163803],[-76.487028,44.177897],[-76.456975,44.18909],[-76.417199,44.200697],[-76.446368,44.205257],[-76.421619,44.215621],[-76.413663,44.212719],[-76.394217,44.217279],[-76.387146,44.22557],[-76.346486,44.230959],[-76.334995,44.237177],[-76.310245,44.221424],[-76.292567,44.233446],[-76.284612,44.226813],[-76.289031,44.215621],[-76.251907,44.234275],[-76.262514,44.206915],[-76.305826,44.204428],[-76.323504,44.208159],[-76.330575,44.20277],[-76.36328,44.201526],[-76.3677,44.192406],[-76.346486,44.171265],[-76.371235,44.152196],[-76.451672,44.137687],[-76.458743,44.145148]]],[[[-76.628455,44.225155],[-76.63199,44.221839],[-76.664695,44.214377],[-76.680605,44.206915],[-76.690329,44.208573],[-76.724801,44.203599],[-76.735408,44.194479],[-76.854737,44.276973],[-76.837942,44.320915],[-76.728337,44.373976],[-76.712426,44.351591],[-76.728337,44.373976],[-76.837942,44.320915],[-76.786675,44.452739],[-76.765461,44.507045],[-76.42869,44.567982],[-76.18473,44.398434],[-76.21655,44.320086],[-76.217434,44.319671],[-76.217434,44.318427],[-76.222738,44.320915],[-76.234229,44.309722],[-76.271353,44.305577],[-76.295219,44.2977],[-76.337647,44.271999],[-76.370352,44.264951],[-76.392449,44.249613],[-76.399521,44.250028],[-76.431342,44.23469],[-76.482609,44.223912],[-76.504707,44.22101],[-76.528572,44.213963],[-76.545367,44.219766],[-76.564813,44.208159],[-76.57542,44.216035],[-76.605473,44.212719],[-76.628455,44.225155]]],[[[-76.224506,44.301431],[-76.235997,44.272413],[-76.252791,44.263708],[-76.274889,44.262464],[-76.294335,44.248784],[-76.30671,44.245882],[-76.32704,44.250442],[-76.338531,44.246297],[-76.342066,44.264122],[-76.310245,44.279046],[-76.296987,44.291068],[-76.263398,44.302675],[-76.264282,44.290653],[-76.224506,44.301431]]],[[[-76.667347,44.147221],[-76.702703,44.171679],[-76.702703,44.172094],[-76.703587,44.172094],[-76.684141,44.179555],[-76.675302,44.178726],[-76.646133,44.191577],[-76.620499,44.186188],[-76.627571,44.172094],[-76.65232,44.160901],[-76.667347,44.147221]]],[[[-76.498519,44.176654],[-76.548018,44.149708],[-76.547134,44.159243],[-76.526804,44.172923],[-76.526804,44.181628],[-76.502939,44.183286],[-76.498519,44.176654]]]]}},{"type":"Feature","properties":{"fed_id":"350052668","name_en":"Muskoka Lakes","res":4,"role":"hex"},"geometry":{"type":"MultiPolygon","coordinates":[[[[-79.907777,45.133005],[-79.965231,45.168656],[-79.941365,45.24203],[-79.899821,45.370124],[-79.886563,45.373855],[-79.894518,45.388778],[-79.889214,45.402873],[-79.651441,45.453032],[-79.550675,45.47376],[-79.290804,45.3096],[-79.369473,45.076213],[-79.70536,45.006155],[-79.907777,45.133005]]],[[[-79.886563,45.373855],[-79.899821,45.370124],[-79.894518,45.388778],[-79.886563,45.373855]]]]}},{"type":"Feature","properties":{"fed_id":"350052669","name_en":"Gravenhurst","res":4,"role":"hex"},"geometry":{"type":"Polygon","coordinates":[[[-79.769886,44.80593],[-79.769886,44.806345],[-79.717735,44.968017],[-79.717735,44.968431],[-79.70536,45.006155],[-79.369473,45.076213],[-79.112254,44.912053],[-79.190922,44.679495],[-79.334116,44.649648],[-79.398642,44.636382],[-79.524158,44.610266],[-79.675307,44.706025],[-79.73011,44.740433],[-79.722155,44.753283],[-79.703592,44.758258],[-79.692985,44.751625],[-79.670888,44.752454],[-79.676191,44.767378],[-79.692102,44.760331],[-79.713315,44.766963],[-79.710664,44.782716],[-79.721271,44.792665],[-79.718619,44.80593],[-79.696521,44.825414],[-79.700057,44.832461],[-79.718619,44.824999],[-79.745136,44.790178],[-79.769886,44.80593]]]}},{"type":"Feature","properties":{"fed_id":"350052670","name_en":"Parry Sound","res":4,"role":"hex"},"geometry":{"type":"MultiPolygon","coordinates":[[[[-80.393046,45.514385],[-80.391278,45.514799],[-80.388626,45.515214],[-80.339127,45.525992],[-80.210075,45.553766],[-80.152621,45.565788],[-80.09605,45.531381],[-79.899821,45.409505],[-79.889214,45.402873],[-79.894518,45.388778],[-79.899821,45.370124],[-79.941365,45.24203],[-79.965231,45.168656],[-79.982025,45.164925],[-79.990865,45.163267],[-80.009427,45.159536],[-80.027989,45.174459],[-80.033292,45.187725],[-80.047435,45.174459],[-80.053622,45.190212],[-80.065113,45.201405],[-80.089863,45.20099],[-80.093399,45.192699],[-80.101354,45.188554],[-80.095166,45.184823],[-80.097818,45.181092],[-80.105773,45.186067],[-80.111077,45.18731],[-80.108425,45.190627],[-80.107541,45.191041],[-80.109309,45.191041],[-80.110193,45.189383],[-80.115496,45.182336],[-80.133175,45.201405],[-80.122568,45.212597],[-80.107541,45.204721],[-80.098702,45.216743],[-80.097818,45.230008],[-80.119032,45.220474],[-80.142014,45.238714],[-80.13671,45.253637],[-80.117264,45.254052],[-80.044783,45.295091],[-80.043016,45.304626],[-80.042132,45.322037],[-80.031525,45.337375],[-80.060694,45.357687],[-80.074836,45.380902],[-80.077488,45.402873],[-80.102238,45.404116],[-80.111077,45.409505],[-80.126987,45.408262],[-80.12522,45.406604],[-80.126103,45.399971],[-80.15704,45.398727],[-80.167647,45.394996],[-80.172067,45.380487],[-80.205656,45.393753],[-80.218031,45.378],[-80.194165,45.36432],[-80.180022,45.363491],[-80.162344,45.336546],[-80.179138,45.338618],[-80.209191,45.353128],[-80.217147,45.345251],[-80.235709,45.34152],[-80.238361,45.354786],[-80.255155,45.352713],[-80.271065,45.361004],[-80.298467,45.355615],[-80.312609,45.383389],[-80.302886,45.420284],[-80.336475,45.428989],[-80.342662,45.440596],[-80.362993,45.431476],[-80.378019,45.433963],[-80.384206,45.446814],[-80.39393,45.454276],[-80.392162,45.468785],[-80.397465,45.487025],[-80.387742,45.496145],[-80.393046,45.514385]]],[[[-80.45492,45.500705],[-80.423983,45.507752],[-80.43017,45.492],[-80.45492,45.500705]]],[[[-80.428402,45.484952],[-80.423099,45.473345],[-80.447848,45.475418],[-80.445197,45.487025],[-80.428402,45.484952]]],[[[-80.358573,45.399971],[-80.357689,45.40536],[-80.335591,45.416138],[-80.325868,45.411993],[-80.320565,45.392095],[-80.34443,45.38256],[-80.358573,45.399971]]],[[[-80.269298,45.277681],[-80.254271,45.270633],[-80.272833,45.258197],[-80.269298,45.277681]]],[[[-80.097818,45.308771],[-80.096934,45.308357],[-80.091631,45.308771],[-80.091631,45.309186],[-80.092515,45.310015],[-80.092515,45.31043],[-80.096934,45.317062],[-80.09605,45.341935],[-80.068649,45.345666],[-80.065997,45.336131],[-80.049203,45.321208],[-80.074836,45.301724],[-80.070417,45.291775],[-80.105773,45.277681],[-80.134943,45.278095],[-80.151737,45.263586],[-80.166764,45.234568],[-80.175603,45.242444],[-80.187094,45.237884],[-80.196817,45.244517],[-80.209191,45.263172],[-80.203888,45.267732],[-80.22245,45.279339],[-80.223334,45.300066],[-80.216263,45.312502],[-80.18621,45.32784],[-80.11638,45.31416],[-80.097818,45.308771]]],[[[-80.106657,45.26939],[-80.11638,45.263586],[-80.149085,45.253637],[-80.144666,45.263586],[-80.132291,45.270219],[-80.106657,45.26939]]],[[[-80.097818,45.140467],[-80.099586,45.140052],[-80.10047,45.140052],[-80.101354,45.139638],[-80.104006,45.139223],[-80.106657,45.138394],[-80.112845,45.13715],[-80.10489,45.14254],[-80.097818,45.140467]]],[[[-80.064229,45.154561],[-80.084559,45.156219],[-80.071301,45.176118],[-80.056274,45.176118],[-80.027105,45.15539],[-80.050087,45.15083],[-80.064229,45.154561]]]]}},{"type":"Feature","properties":{"fed_id":"350052671","name_en":"Midland","res":4,"role":"hex"},"geometry":{"type":"MultiPolygon","coordinates":[[[[-80.040364,44.82873],[-80.040364,44.829145],[-80.027105,44.845727],[-80.003239,44.858163],[-79.9944,44.854846],[-79.951088,44.866868],[-79.944901,44.859821],[-79.921035,44.861065],[-79.905125,44.843654],[-79.905125,44.835777],[-79.928107,44.81505],[-79.947553,44.808418],[-79.941365,44.788105],[-79.95374,44.769865],[-79.939598,44.769451],[-79.935178,44.780229],[-79.932526,44.808003],[-79.909544,44.806759],[-79.891866,44.812563],[-79.873304,44.807174],[-79.865349,44.784374],[-79.877724,44.773596],[-79.893634,44.770694],[-79.895402,44.759087],[-79.877724,44.759501],[-79.867117,44.754527],[-79.938714,44.739189],[-80.028873,44.719705],[-80.058926,44.729654],[-80.069533,44.727582],[-80.089863,44.741676],[-80.129639,44.752454],[-80.130523,44.780643],[-80.124336,44.793909],[-80.123452,44.809661],[-80.10047,44.812978],[-80.078372,44.823341],[-80.073953,44.817952],[-80.073953,44.800541],[-80.056274,44.799298],[-80.044783,44.806759],[-80.051855,44.817952],[-80.040364,44.82873]]],[[[-79.834412,44.762818],[-79.809662,44.766549],[-79.84767,44.758672],[-79.834412,44.762818]]],[[[-79.982025,45.164925],[-79.965231,45.168656],[-79.907777,45.133005],[-79.968767,45.116009],[-79.971418,45.129689],[-79.996168,45.149172],[-79.981142,45.154976],[-79.982025,45.164925]]],[[[-80.008543,45.088649],[-80.026221,45.089063],[-80.065997,45.095696],[-80.106657,45.113521],[-80.089863,45.121812],[-80.082792,45.111449],[-80.03506,45.111449],[-80.018266,45.113521],[-80.008543,45.128445],[-79.97849,45.127616],[-79.968767,45.116009],[-79.907777,45.133005],[-79.70536,45.006155],[-79.717735,44.968431],[-79.717735,44.968017],[-79.769886,44.806345],[-79.782261,44.820439],[-79.782261,44.829559],[-79.771654,44.837436],[-79.788448,44.844483],[-79.787564,44.847799],[-79.790216,44.853188],[-79.790216,44.852359],[-79.789332,44.850701],[-79.788448,44.850286],[-79.809662,44.852359],[-79.825573,44.86977],[-79.810546,44.877232],[-79.824689,44.895886],[-79.837947,44.895057],[-79.845019,44.909981],[-79.829992,44.909981],[-79.837063,44.934439],[-79.862697,44.954751],[-79.883911,44.96097],[-79.89275,44.941901],[-79.906893,44.939413],[-79.919268,44.940242],[-79.911312,44.959726],[-79.935178,44.957653],[-79.930758,44.977551],[-79.944017,44.980039],[-79.922803,44.997449],[-79.914848,44.992889],[-79.936062,45.005326],[-79.942249,45.01486],[-79.95374,45.008227],[-79.973186,45.013202],[-79.972302,45.014446],[-79.973186,45.014446],[-79.989097,45.01942],[-79.992632,45.024809],[-80.002355,45.041391],[-79.989981,45.033929],[-79.983793,45.043464],[-79.962579,45.060045],[-79.996168,45.058387],[-80.027105,45.059216],[-80.040364,45.063362],[-80.047435,45.067922],[-80.065113,45.06502],[-80.072185,45.082016],[-80.056274,45.091965],[-80.037712,45.088234],[-80.008543,45.088649]]],[[[-80.01473,45.158292],[-80.009427,45.159121],[-80.009427,45.159536],[-79.990865,45.163267],[-79.989981,45.153732],[-80.012079,45.146685],[-80.01473,45.158292]]],[[[-80.099586,45.140052],[-80.097818,45.140467],[-80.096934,45.140881],[-80.089863,45.142125],[-80.096934,45.13715],[-80.099586,45.140052]]],[[[-80.070417,45.14627],[-80.066881,45.147099],[-80.065997,45.147099],[-80.064229,45.147514],[-80.070417,45.14627]]],[[[-80.043016,45.140467],[-80.050087,45.15083],[-80.027105,45.15539],[-80.015614,45.145027],[-80.015614,45.124714],[-80.043016,45.140467]]],[[[-80.233057,44.877646],[-80.212727,44.85609],[-80.195049,44.86065],[-80.174719,44.871428],[-80.167647,44.856919],[-80.15704,44.854432],[-80.151737,44.834119],[-80.15704,44.823756],[-80.179138,44.818367],[-80.189745,44.810076],[-80.188861,44.788934],[-80.215379,44.805101],[-80.216263,44.81505],[-80.245432,44.83329],[-80.2472,44.84241],[-80.233057,44.858992],[-80.240128,44.864381],[-80.233057,44.877646]]],[[[-80.162344,44.894643],[-80.180906,44.893399],[-80.200352,44.903763],[-80.195933,44.911639],[-80.167647,44.914541],[-80.160576,44.907079],[-80.162344,44.894643]]],[[[-80.123452,44.874745],[-80.10047,44.866039],[-80.099586,44.843654],[-80.112845,44.839094],[-80.128755,44.841167],[-80.123452,44.874745]]],[[[-80.002355,45.041391],[-80.01473,45.055071],[-80.005007,45.058387],[-79.985561,45.056315],[-79.990865,45.040976],[-80.002355,45.041391]]],[[[-79.996168,44.897959],[-80.017382,44.896301],[-80.010311,44.912883],[-79.989981,44.922417],[-79.996168,44.897959]]],[[[-79.959044,44.998278],[-79.95816,45.004082],[-79.939598,45.007398],[-79.930758,44.997864],[-79.951972,44.991646],[-79.959044,44.998278]]],[[[-79.848554,44.938999],[-79.877724,44.930293],[-79.875956,44.941071],[-79.860929,44.948119],[-79.848554,44.938999]]],[[[-79.878607,44.874745],[-79.867117,44.881377],[-79.869768,44.890912],[-79.85209,44.900861],[-79.855626,44.87433],[-79.865349,44.861479],[-79.861813,44.848628],[-79.864465,44.836192],[-79.879491,44.839508],[-79.878607,44.874745]]],[[[-79.788448,44.850286],[-79.789332,44.850701],[-79.790216,44.852359],[-79.790216,44.853188],[-79.788448,44.850286]]]]}},{"type":"Feature","properties":{"fed_id":"350052672","name_en":"Kearney","res":4,"role":"hex"},"geometry":{"type":"Polygon","coordinates":[[[-79.540952,45.50485],[-79.476426,45.698857],[-79.472891,45.708806],[-79.1317,45.778449],[-79.101647,45.759794],[-78.870945,45.613046],[-78.947846,45.390851],[-78.952265,45.378829],[-79.290804,45.3096],[-79.550675,45.47376],[-79.540952,45.50485]]]}},{"type":"Feature","properties":{"fed_id":"350052673","name_en":"Huntsville","res":4,"role":"hex"},"geometry":{"type":"Polygon","coordinates":[[[-79.112254,44.912053],[-79.369473,45.076213],[-79.290804,45.3096],[-78.952265,45.378829],[-78.695046,45.213426],[-78.776366,44.980453],[-79.112254,44.912053]]]}},{"type":"Feature","properties":{"fed_id":"350052674","name_en":"Magnetawan","res":4,"role":"hex"},"geometry":{"type":"MultiPolygon","coordinates":[[[[-79.476426,45.698857],[-79.48615,45.717097],[-79.472891,45.708806],[-79.476426,45.698857]]],[[[-79.889214,45.402873],[-79.899821,45.409505],[-80.09605,45.531381],[-80.152621,45.565788],[-80.077488,45.801249],[-79.736297,45.872965],[-79.48615,45.717097],[-79.476426,45.698857],[-79.540952,45.50485],[-79.550675,45.47376],[-79.651441,45.453032],[-79.889214,45.402873]]]]}},{"type":"Feature","properties":{"fed_id":"351360024","name_en":"London","res":5,"role":"core"},"geometry":{"type":"Polygon","coordinates":[[[-81.348007,42.884833],[-81.365245,42.972598],[-81.26541,43.026351],[-81.147619,42.992101],[-81.130382,42.904217],[-81.230217,42.850702],[-81.348007,42.884833]]]}},{"type":"Feature","properties":{"fed_id":"351360025","name_en":"St. Thomas","res":5,"role":"city"},"geometry":{"type":"Polygon","coordinates":[[[-81.22878,42.842377],[-81.209388,42.847015],[-81.22878,42.842377],[-81.230217,42.850702],[-81.130382,42.904217],[-81.013309,42.869848],[-80.996072,42.782083],[-81.095906,42.728806],[-81.212979,42.762937],[-81.22878,42.842377]]]}},{"type":"Feature","properties":{"fed_id":"351360028","name_en":"Thames Centre","res":5,"role":"city"},"geometry":{"type":"Polygon","coordinates":[[[-81.282648,43.114354],[-81.182813,43.168107],[-81.064304,43.133738],[-81.047066,43.045616],[-81.147619,42.992101],[-81.26541,43.026351],[-81.282648,43.114354]]]}},{"type":"Feature","properties":{"fed_id":"351360030","name_en":"Middlesex Centre","res":5,"role":"city"},"geometry":{"type":"Polygon","coordinates":[[[-81.365245,42.972598],[-81.483036,43.006609],[-81.500992,43.094493],[-81.401157,43.148484],[-81.282648,43.114354],[-81.26541,43.026351],[-81.365245,42.972598]]]}},{"type":"Feature","properties":{"fed_id":"351360031","name_en":"Waterloo","res":5,"role":"city"},"geometry":{"type":"Polygon","coordinates":[[[-80.574467,43.489555],[-80.590986,43.578034],[-80.488279,43.631549],[-80.36977,43.596229],[-80.355405,43.515361],[-80.353968,43.507631],[-80.455958,43.454354],[-80.574467,43.489555]]]}},{"type":"Feature","properties":{"fed_id":"351360032","name_en":"Cambridge","res":5,"role":"city"},"geometry":{"type":"Polygon","coordinates":[[[-80.322366,43.330793],[-80.438002,43.365519],[-80.440157,43.365994],[-80.455958,43.454354],[-80.353968,43.507631],[-80.27999,43.485631],[-80.23546,43.472311],[-80.221813,43.394774],[-80.219658,43.383833],[-80.322366,43.330793]]]}},{"type":"Feature","properties":{"fed_id":"351360034","name_en":"Kitchener","res":5,"role":"core"},"geometry":{"type":"Polygon","coordinates":[[[-80.442312,43.364686],[-80.542146,43.312717],[-80.659937,43.34768],[-80.676456,43.43604],[-80.574467,43.489555],[-80.455958,43.454354],[-80.440157,43.365994],[-80.442312,43.364686]]]}},{"type":"Feature","properties":{"fed_id":"351360035","name_en":"Centre Wellington","res":5,"role":"city"},"geometry":{"type":"Polygon","coordinates":[[[-80.488279,43.631549],[-80.504798,43.720147],[-80.40209,43.773662],[-80.282863,43.738223],[-80.267062,43.649506],[-80.36977,43.596229],[-80.488279,43.631549]]]}},{"type":"Feature","properties":{"fed_id":"351360036","name_en":"Guelph","res":5,"role":"city"},"geometry":{"type":"Polygon","coordinates":[[[-80.23546,43.472311],[-80.27999,43.485631],[-80.353968,43.507631],[-80.355405,43.515361],[-80.36977,43.596229],[-80.267062,43.649506],[-80.148553,43.614067],[-80.136343,43.543903],[-80.132752,43.525351],[-80.23546,43.472311]]]}},{"type":"Feature","properties":{"fed_id":"351367535","name_en":"Ottawa","res":5,"role":"city"},"geometry":{"type":"Polygon","coordinates":[[[-75.685434,45.279463],[-75.79676,45.229515],[-75.915988,45.270187],[-75.923888,45.360806],[-75.811843,45.410873],[-75.692616,45.370082],[-75.685434,45.279463]]]}},{"type":"Feature","properties":{"fed_id":"351367536","name_en":"Ottawa Nepean","res":5,"role":"city"},"geometry":{"type":"Polygon","coordinates":[[[-75.789578,45.139015],[-75.79676,45.229515],[-75.685434,45.279463],[-75.566207,45.238553],[-75.559024,45.147934],[-75.671069,45.098343],[-75.789578,45.139015]]]}},{"type":"Feature","properties":{"fed_id":"351367537","name_en":"Ottawa Kanata","res":5,"role":"city"},"geometry":{"type":"Polygon","coordinates":[[[-75.923888,45.360806],[-75.915988,45.270187],[-76.028032,45.22012],[-76.14726,45.260435],[-76.15516,45.351173],[-76.043834,45.401359],[-75.923888,45.360806]]]}},{"type":"Feature","properties":{"fed_id":"351367538","name_en":"Ottawa Lanark","res":5,"role":"city"},"geometry":{"type":"MultiPolygon","coordinates":[[[[-75.915988,45.270187],[-75.79676,45.229515],[-75.789578,45.139015],[-75.900905,45.089067],[-75.985657,45.117966],[-76.021568,45.147577],[-76.028032,45.22012],[-75.915988,45.270187]]],[[[-76.021568,45.147458],[-75.985657,45.117966],[-76.020132,45.12962],[-76.021568,45.147458]]]]}},{"type":"Feature","properties":{"fed_id":"351367540","name_en":"Ottawa Carleton","res":5,"role":"city"},"geometry":{"type":"Polygon","coordinates":[[[-75.460626,45.378882],[-75.454162,45.288263],[-75.566207,45.238553],[-75.685434,45.279463],[-75.692616,45.370082],[-75.579853,45.419911],[-75.460626,45.378882]]]}},{"type":"Feature","properties":{"fed_id":"351368404","name_en":"Oshawa","res":5,"role":"core"},"geometry":{"type":"Polygon","coordinates":[[[-79.079818,43.963582],[-79.036723,43.985226],[-78.974955,44.015908],[-78.856446,43.979042],[-78.843518,43.889849],[-78.922524,43.850367],[-78.961309,43.841805],[-79.066171,43.874508],[-79.079818,43.963582]]]}},{"type":"Feature","properties":{"fed_id":"351368405","name_en":"Whitchurch-Stouffville","res":5,"role":"city"},"geometry":{"type":"Polygon","coordinates":[[[-79.422416,43.984393],[-79.430317,44.031487],[-79.436781,44.073466],[-79.421698,44.081077],[-79.331919,44.126268],[-79.212691,44.08964],[-79.199045,44.000329],[-79.303907,43.947884],[-79.39225,43.975117],[-79.422416,43.984393]]]}},{"type":"Feature","properties":{"fed_id":"351368406","name_en":"Pickering","res":5,"role":"city"},"geometry":{"type":"Polygon","coordinates":[[[-79.289543,43.858811],[-79.303907,43.947884],[-79.199045,44.000329],[-79.153078,43.986296],[-79.079818,43.963582],[-79.066171,43.874508],[-79.158105,43.828604],[-79.171034,43.822182],[-79.289543,43.858811]]]}},{"type":"Feature","properties":{"fed_id":"351368543","name_en":"Milton","res":5,"role":"city"},"geometry":{"type":"Polygon","coordinates":[[[-80.008497,43.452451],[-80.014961,43.489793],[-79.912253,43.542714],[-79.793744,43.506799],[-79.77938,43.41832],[-79.882087,43.365519],[-79.88927,43.367778],[-79.999878,43.401314],[-80.008497,43.452332],[-80.008497,43.452451]]]}},{"type":"Feature","properties":{"fed_id":"351368544","name_en":"Burlington","res":5,"role":"city"},"geometry":{"type":"MultiPolygon","coordinates":[[[[-79.882087,43.365519],[-79.77938,43.41832],[-79.705401,43.395844],[-79.717611,43.375627],[-79.754241,43.351486],[-79.772197,43.334955],[-79.795181,43.323896],[-79.800927,43.317949],[-79.854794,43.296781],[-79.868441,43.286316],[-79.882087,43.365519]]],[[[-79.861259,43.275375],[-79.861977,43.275613],[-79.862695,43.275851],[-79.861259,43.275613],[-79.861259,43.275375]]],[[[-79.742031,43.245288],[-79.749214,43.241363],[-79.850485,43.272164],[-79.831811,43.271688],[-79.826783,43.284175],[-79.796617,43.278229],[-79.785844,43.284413],[-79.770043,43.264553],[-79.749214,43.24719],[-79.742031,43.245288]]]]}},{"type":"Feature","properties":{"fed_id":"351368546","name_en":"Hamilton","res":5,"role":"city"},"geometry":{"type":"Polygon","coordinates":[[[-79.879214,43.270737],[-79.968994,43.224476],[-80.086785,43.260034],[-80.101868,43.348394],[-79.999878,43.401314],[-79.88927,43.367778],[-79.882087,43.365519],[-79.868441,43.286316],[-79.885679,43.28917],[-79.886397,43.273948],[-79.879214,43.270737]]]}},{"type":"Feature","properties":{"fed_id":"351368547","name_en":"Mississauga Halton Hills","res":5,"role":"core"},"geometry":{"type":"Polygon","coordinates":[[[-79.927336,43.631311],[-79.869877,43.660804],[-79.82391,43.684232],[-79.705401,43.648317],[-79.691037,43.559601],[-79.793744,43.506799],[-79.912253,43.542714],[-79.927336,43.631311]]]}},{"type":"Feature","properties":{"fed_id":"351368548","name_en":"Oakville","res":5,"role":"city"},"geometry":{"type":"Polygon","coordinates":[[[-79.793744,43.506799],[-79.691037,43.559601],[-79.599821,43.531773],[-79.601257,43.509772],[-79.606285,43.496572],[-79.624959,43.481112],[-79.678108,43.431283],[-79.691037,43.413682],[-79.691037,43.405239],[-79.705401,43.395844],[-79.77938,43.41832],[-79.793744,43.506799]]]}},{"type":"Feature","properties":{"fed_id":"351368554","name_en":"Grimsby","res":5,"role":"city"},"geometry":{"type":"Polygon","coordinates":[[[-79.734849,43.153004],[-79.749214,43.241363],[-79.742031,43.245288],[-79.732694,43.245763],[-79.706838,43.235655],[-79.682418,43.23399],[-79.665898,43.225784],[-79.650097,43.223168],[-79.630705,43.228282],[-79.597666,43.211157],[-79.57971,43.204735],[-79.557445,43.206281],[-79.535179,43.196291],[-79.519378,43.195102],[-79.515069,43.169415],[-79.617776,43.117089],[-79.734849,43.153004]]]}},{"type":"Feature","properties":{"fed_id":"351368556","name_en":"Hamilton Flamborough","res":5,"role":"core"},"geometry":{"type":"Polygon","coordinates":[[[-79.861259,43.275375],[-79.86054,43.275256],[-79.859822,43.275137],[-79.851203,43.272402],[-79.850485,43.272164],[-79.749214,43.241363],[-79.734849,43.153004],[-79.836838,43.10044],[-79.953911,43.136116],[-79.968994,43.224476],[-79.879214,43.270737],[-79.875623,43.272759],[-79.874905,43.273116],[-79.868441,43.272878],[-79.861977,43.274305],[-79.861259,43.275375]]]}},{"type":"Feature","properties":{"fed_id":"351368571","name_en":"Toronto","res":5,"role":"city"},"geometry":{"type":"Polygon","coordinates":[[[-79.483466,43.664847],[-79.601975,43.701],[-79.61634,43.789835],[-79.512196,43.842637],[-79.393687,43.806247],[-79.393687,43.803987],[-79.393687,43.803868],[-79.38004,43.717292],[-79.483466,43.664847]]]}},{"type":"Feature","properties":{"fed_id":"351368572","name_en":"Toronto Danforth","res":5,"role":"city"},"geometry":{"type":"Polygon","coordinates":[[[-79.477002,43.623462],[-79.483466,43.664847],[-79.38004,43.717292],[-79.267995,43.682924],[-79.279487,43.671031],[-79.303907,43.664253],[-79.348438,43.633571],[-79.359211,43.645582],[-79.379322,43.63809],[-79.397278,43.636425],[-79.413797,43.630122],[-79.433908,43.630835],[-79.455455,43.637495],[-79.467665,43.634046],[-79.477002,43.623462]]]}},{"type":"Feature","properties":{"fed_id":"351368573","name_en":"Brampton","res":5,"role":"city"},"geometry":{"type":"Polygon","coordinates":[[[-79.82391,43.684232],[-79.838993,43.773067],[-79.734849,43.825988],[-79.61634,43.789835],[-79.601975,43.701],[-79.705401,43.648317],[-79.82391,43.684232]]]}},{"type":"Feature","properties":{"fed_id":"351368574","name_en":"Mississauga","res":5,"role":"city"},"geometry":{"type":"Polygon","coordinates":[[[-79.601975,43.701],[-79.483466,43.664847],[-79.477002,43.623462],[-79.477002,43.622987],[-79.476284,43.620013],[-79.476284,43.618111],[-79.476284,43.617278],[-79.500704,43.595396],[-79.515069,43.590045],[-79.537334,43.588142],[-79.542362,43.57518],[-79.566782,43.563287],[-79.582583,43.551752],[-79.582583,43.545092],[-79.599821,43.531773],[-79.691037,43.559601],[-79.705401,43.648317],[-79.601975,43.701]]]}},{"type":"Feature","properties":{"fed_id":"351368575","name_en":"Markham","res":5,"role":"city"},"geometry":{"type":"Polygon","coordinates":[[[-79.484903,43.952997],[-79.422416,43.984393],[-79.39225,43.975117],[-79.303907,43.947884],[-79.289543,43.858811],[-79.393687,43.806247],[-79.512196,43.842637],[-79.52656,43.931591],[-79.484903,43.952997]]]}},{"type":"Feature","properties":{"fed_id":"351368576","name_en":"Toronto Scarborough","res":5,"role":"core"},"geometry":{"type":"Polygon","coordinates":[[[-79.393687,43.803987],[-79.393687,43.806247],[-79.289543,43.858811],[-79.171034,43.822182],[-79.160978,43.758202],[-79.18899,43.746785],[-79.212691,43.729066],[-79.226338,43.712417],[-79.255785,43.695054],[-79.267995,43.682924],[-79.38004,43.717292],[-79.393687,43.803868],[-79.393687,43.803987]]]}},{"type":"Feature","properties":{"fed_id":"351368577","name_en":"Vaughan","res":5,"role":"city"},"geometry":{"type":"Polygon","coordinates":[[[-79.734849,43.825988],[-79.749932,43.914942],[-79.645788,43.967863],[-79.52656,43.931591],[-79.512196,43.842637],[-79.61634,43.789835],[-79.734849,43.825988]]]}},{"type":"Feature","properties":{"fed_id":"460017654","name_en":"Thompson","res":4,"role":"hex"},"geometry":{"type":"Polygon","coordinates":[[[-98.258722,55.854339],[-97.889246,55.98948],[-97.492368,55.872578],[-97.468502,55.621365],[-97.836211,55.487882],[-98.229553,55.603954],[-98.258722,55.854339]]]}},{"type":"Feature","properties":{"fed_id":"460022009","name_en":"Swan River","res":4,"role":"hex"},"geometry":{"type":"Polygon","coordinates":[[[-101.658256,52.116402],[-101.697149,52.317455],[-101.705988,52.360153],[-101.386011,52.499025],[-101.02007,52.393316],[-100.975874,52.14915],[-101.294967,52.011522],[-101.658256,52.116402]]]}},{"type":"Feature","properties":{"fed_id":"460022041","name_en":"The Pas","res":4,"role":"hex"},"geometry":{"type":"Polygon","coordinates":[[[-101.245468,53.618292],[-101.285244,53.823905],[-101.277289,53.822662],[-101.285244,53.823905],[-101.285244,53.827222],[-101.292316,53.864531],[-100.958196,54.004646],[-100.577229,53.897694],[-100.534801,53.651455],[-100.868921,53.512583],[-101.245468,53.618292]]]}},{"type":"Feature","properties":{"fed_id":"460047005","name_en":"Teulon","res":4,"role":"hex"},"geometry":{"type":"Polygon","coordinates":[[[-97.113169,50.38444],[-97.354477,50.290753],[-97.460547,50.327647],[-97.460547,50.32972],[-97.460547,50.327647],[-97.697436,50.408483],[-97.719534,50.652649],[-97.395138,50.779499],[-97.049527,50.660525],[-97.031849,50.416359],[-97.113169,50.38444]]]}},{"type":"Feature","properties":{"fed_id":"460047006","name_en":"Selkirk","res":4,"role":"hex"},"geometry":{"type":"Polygon","coordinates":[[[-97.335031,50.047416],[-97.335915,50.063998],[-97.354477,50.290753],[-97.113169,50.38444],[-97.031849,50.416359],[-96.689774,50.296142],[-96.674747,50.062339],[-96.673863,50.05239],[-96.995608,49.928442],[-97.335031,50.047416]]]}},{"type":"Feature","properties":{"fed_id":"460047008","name_en":"Woodlands","res":4,"role":"hex"},"geometry":{"type":"Polygon","coordinates":[[[-97.653241,49.921809],[-97.993548,50.03871],[-98.017413,50.281633],[-98.014761,50.282877],[-97.697436,50.408483],[-97.460547,50.327647],[-97.354477,50.290753],[-97.335915,50.063998],[-97.335031,50.047416],[-97.653241,49.921809]]]}},{"type":"Feature","properties":{"fed_id":"460047009","name_en":"Arborg","res":4,"role":"hex"},"geometry":{"type":"MultiPolygon","coordinates":[[[[-96.8312,51.062632],[-96.739273,51.030713],[-96.737505,51.015375],[-96.750764,51.005011],[-96.791424,50.992575],[-96.803799,51.002109],[-96.849762,51.0104],[-96.859485,51.029054],[-96.859485,51.039418],[-96.849762,51.061389],[-96.8312,51.062632]]],[[[-96.990305,50.68374],[-97.049527,50.660525],[-97.395138,50.779499],[-97.416351,51.02408],[-97.087535,51.150516],[-96.889539,51.082945],[-96.908985,51.080458],[-96.938154,51.053513],[-96.960252,51.043563],[-96.944341,51.008742],[-96.924895,50.985942],[-96.929315,50.96936],[-96.947877,50.946146],[-96.9576,50.926248],[-96.979698,50.906764],[-96.986769,50.886866],[-96.979698,50.866553],[-96.970859,50.857434],[-96.950529,50.848314],[-96.943457,50.834634],[-96.946109,50.817223],[-96.969091,50.798983],[-96.976162,50.786547],[-96.974394,50.762089],[-96.983233,50.737631],[-96.977046,50.725609],[-96.984117,50.711929],[-96.980582,50.702809],[-96.989421,50.694933],[-96.990305,50.68374]]]]}},{"type":"Feature","properties":{"fed_id":"460047010","name_en":"Winnipeg Beach","res":4,"role":"hex"},"geometry":{"type":"Polygon","coordinates":[[[-96.544812,50.723536],[-96.512991,50.712343],[-96.518295,50.699078],[-96.512107,50.689958],[-96.480286,50.677936],[-96.46526,50.655965],[-96.445814,50.646016],[-96.391011,50.633166],[-96.375984,50.623217],[-96.3751,50.620315],[-96.36361,50.419676],[-96.689774,50.296142],[-97.031849,50.416359],[-97.049527,50.660525],[-96.990305,50.68374],[-96.985001,50.671304],[-96.971743,50.659696],[-96.968207,50.645187],[-96.980582,50.624875],[-96.971743,50.61534],[-96.979698,50.603318],[-96.970859,50.598344],[-96.969975,50.57886],[-96.980582,50.572228],[-96.984117,50.557719],[-96.97793,50.537821],[-96.968207,50.525799],[-96.964671,50.504657],[-96.948761,50.490148],[-96.949645,50.45201],[-96.933734,50.426308],[-96.904565,50.409727],[-96.838272,50.400192],[-96.799379,50.400192],[-96.785237,50.393145],[-96.793192,50.381538],[-96.777281,50.360396],[-96.762255,50.365371],[-96.771094,50.391901],[-96.748112,50.389],[-96.695961,50.388585],[-96.670328,50.393145],[-96.640275,50.403094],[-96.624364,50.41553],[-96.622596,50.425065],[-96.60315,50.427138],[-96.571329,50.446621],[-96.568678,50.459472],[-96.581936,50.484759],[-96.596963,50.495952],[-96.604034,50.52041],[-96.624364,50.534504],[-96.633203,50.560206],[-96.591659,50.575544],[-96.579285,50.593369],[-96.586356,50.604148],[-96.593427,50.648918],[-96.601382,50.66094],[-96.577517,50.677107],[-96.553651,50.678351],[-96.530669,50.689543],[-96.558071,50.696176],[-96.56249,50.710271],[-96.544812,50.723536]]]}},{"type":"Feature","properties":{"fed_id":"460047014","name_en":"Ste. Anne","res":4,"role":"hex"},"geometry":{"type":"Polygon","coordinates":[[[-96.793192,49.619607],[-96.97793,49.685105],[-96.985885,49.797446],[-96.995608,49.928442],[-96.673863,50.05239],[-96.335324,49.931344],[-96.322066,49.687592],[-96.365377,49.671011],[-96.366261,49.671011],[-96.642043,49.565302],[-96.793192,49.619607]]]}},{"type":"Feature","properties":{"fed_id":"460047015","name_en":"La Broquerie","res":4,"role":"hex"},"geometry":{"type":"Polygon","coordinates":[[[-95.979991,49.413994],[-95.975571,49.322794],[-96.294664,49.201748],[-96.627016,49.322794],[-96.642043,49.565302],[-96.366261,49.671011],[-96.365377,49.671011],[-96.322066,49.687592],[-95.987062,49.565717],[-95.979991,49.413994]]]}},{"type":"Feature","properties":{"fed_id":"460047018","name_en":"Beausejour","res":4,"role":"hex"},"geometry":{"type":"Polygon","coordinates":[[[-96.673863,50.05239],[-96.674747,50.062339],[-96.689774,50.296142],[-96.36361,50.419676],[-96.023302,50.2978],[-96.010928,50.053634],[-96.335324,49.931344],[-96.673863,50.05239]]]}},{"type":"Feature","properties":{"fed_id":"460047036","name_en":"Gimli","res":4,"role":"hex"},"geometry":{"type":"Polygon","coordinates":[[[-97.765498,51.14181],[-97.788479,51.386805],[-97.457895,51.514899],[-97.295255,51.460179],[-97.284648,51.43738],[-97.264318,51.435721],[-97.228078,51.43738],[-97.106098,51.39634],[-97.087535,51.150516],[-97.416351,51.02408],[-97.765498,51.14181]]]}},{"type":"Feature","properties":{"fed_id":"460047093","name_en":"Dauphin","res":4,"role":"hex"},"geometry":{"type":"Polygon","coordinates":[[[-100.101683,50.958997],[-100.453481,51.068022],[-100.493257,51.310944],[-100.175932,51.44567],[-99.820598,51.335816],[-99.785242,51.092065],[-100.101683,50.958997]]]}},{"type":"Feature","properties":{"fed_id":"460047097","name_en":"Norfolk-Treherne","res":4,"role":"hex"},"geometry":{"type":"Polygon","coordinates":[[[-98.934916,49.655672],[-98.964085,49.897766],[-98.650296,50.026274],[-98.560137,49.996013],[-98.309989,49.911446],[-98.284355,49.669352],[-98.4028,49.620851],[-98.596377,49.542088],[-98.934916,49.655672]]]}},{"type":"Feature","properties":{"fed_id":"460047098","name_en":"Neepawa","res":4,"role":"hex"},"geometry":{"type":"Polygon","coordinates":[[[-99.659726,49.894449],[-99.957605,49.990623],[-99.968212,50.063583],[-99.992962,50.232302],[-99.681824,50.363712],[-99.337097,50.2522],[-99.305276,50.010107],[-99.61553,49.87994],[-99.659726,49.894449]]]}},{"type":"Feature","properties":{"fed_id":"460047101","name_en":"Portage la Prairie","res":4,"role":"hex"},"geometry":{"type":"Polygon","coordinates":[[[-98.560137,49.996013],[-98.650296,50.026274],[-98.678581,50.268782],[-98.605216,50.298629],[-98.58577,50.253858],[-98.559253,50.236862],[-98.512405,50.210746],[-98.486772,50.200797],[-98.437273,50.190433],[-98.413407,50.186702],[-98.370979,50.185044],[-98.317944,50.188361],[-98.233088,50.207015],[-98.17033,50.225255],[-98.134974,50.240593],[-98.108456,50.249298],[-98.077519,50.274586],[-98.063377,50.297386],[-98.017413,50.281633],[-97.993548,50.03871],[-98.309989,49.911446],[-98.560137,49.996013]]]}},{"type":"Feature","properties":{"fed_id":"460047110","name_en":"Souris-Glenwood","res":4,"role":"hex"},"geometry":{"type":"Polygon","coordinates":[[[-100.228083,49.618364],[-100.530382,49.486539],[-100.870689,49.59432],[-100.910465,49.834341],[-100.607282,49.967409],[-100.264323,49.858799],[-100.228083,49.618364]]]}},{"type":"Feature","properties":{"fed_id":"460047114","name_en":"Oakview","res":4,"role":"hex"},"geometry":{"type":"Polygon","coordinates":[[[-100.607282,49.967409],[-100.646174,50.208259],[-100.338572,50.341327],[-100.298796,50.328891],[-99.992962,50.232302],[-99.968212,50.063583],[-99.957605,49.990623],[-100.264323,49.858799],[-100.607282,49.967409]]]}},{"type":"Feature","properties":{"fed_id":"460047115","name_en":"Brandon","res":4,"role":"hex"},"geometry":{"type":"Polygon","coordinates":[[[-99.962909,49.532968],[-100.228083,49.618364],[-100.264323,49.858799],[-99.957605,49.990623],[-99.659726,49.894449],[-99.659726,49.886573],[-99.659726,49.894449],[-99.61553,49.87994],[-99.582825,49.638676],[-99.643816,49.612975],[-99.887776,49.50851],[-99.962909,49.532968]]]}},{"type":"Feature","properties":{"fed_id":"460047116","name_en":"Virden","res":4,"role":"hex"},"geometry":{"type":"Polygon","coordinates":[[[-101.254307,49.940464],[-101.276405,50.063583],[-101.296735,50.180899],[-100.992669,50.315625],[-100.646174,50.208259],[-100.607282,49.967409],[-100.910465,49.834341],[-101.254307,49.940464]]]}},{"type":"Feature","properties":{"fed_id":"460047166","name_en":"Morris","res":4,"role":"hex"},"geometry":{"type":"Polygon","coordinates":[[[-97.730141,49.266416],[-97.793783,49.266416],[-97.923718,49.311602],[-97.9467,49.553695],[-97.732793,49.639091],[-97.731909,49.639505],[-97.632027,49.678887],[-97.295255,49.561157],[-97.293487,49.532139],[-97.276693,49.319063],[-97.411048,49.266002],[-97.589599,49.1947],[-97.793783,49.266416],[-97.730141,49.266416]]]}},{"type":"Feature","properties":{"fed_id":"460047168","name_en":"Carman","res":4,"role":"hex"},"geometry":{"type":"Polygon","coordinates":[[[-98.595493,49.532553],[-98.596377,49.542088],[-98.4028,49.620851],[-98.284355,49.669352],[-97.9467,49.553695],[-97.923718,49.311602],[-98.234856,49.185995],[-98.56986,49.300823],[-98.595493,49.532553]]]}},{"type":"Feature","properties":{"fed_id":"460047169","name_en":"Winkler","res":4,"role":"hex"},"geometry":{"type":"Polygon","coordinates":[[[-97.572804,49.000694],[-97.863612,49.000694],[-98.21541,49.00028],[-98.234856,49.185995],[-97.923718,49.311602],[-97.793783,49.266416],[-97.589599,49.1947],[-97.572804,49.000694]]]}},{"type":"Feature","properties":{"fed_id":"460047171","name_en":"Steinbach","res":4,"role":"hex"},"geometry":{"type":"Polygon","coordinates":[[[-97.276693,49.319063],[-97.293487,49.532139],[-97.295255,49.561157],[-96.97793,49.685105],[-96.793192,49.619607],[-96.91252,49.620436],[-96.793192,49.619607],[-96.642043,49.565302],[-96.627016,49.322794],[-96.772862,49.266416],[-96.943457,49.200089],[-97.128195,49.266002],[-97.050411,49.266002],[-97.128195,49.266416],[-97.188302,49.287558],[-97.276693,49.319063]]]}},{"type":"Feature","properties":{"fed_id":"460047172","name_en":"Cartier","res":4,"role":"hex"},"geometry":{"type":"Polygon","coordinates":[[[-98.284355,49.669352],[-98.309989,49.911446],[-97.993548,50.03871],[-97.653241,49.921809],[-97.632027,49.678887],[-97.731909,49.639505],[-97.731909,49.798275],[-97.732793,49.639091],[-97.9467,49.553695],[-98.284355,49.669352]]]}},{"type":"Feature","properties":{"fed_id":"460047232","name_en":"Gillam","res":4,"role":"hex"},"geometry":{"type":"MultiPolygon","coordinates":[[[[-95.479695,53.762553],[-95.489418,54.012523],[-95.125246,54.137715],[-94.758421,54.012937],[-94.753118,54.010035],[-94.753118,54.003817],[-94.797313,54.002159],[-94.822947,53.990552],[-94.851232,53.988479],[-94.847696,53.97853],[-94.82825,53.983505],[-94.778751,53.988894],[-94.803501,53.971483],[-94.831786,53.965679],[-94.844161,53.956145],[-94.866259,53.967752],[-94.946695,53.970654],[-94.969677,53.974799],[-94.992658,53.971483],[-94.99973,53.976457],[-95.028015,53.968581],[-94.890124,53.967752],[-94.820295,53.944952],[-94.827366,53.922981],[-94.839741,53.920494],[-94.85742,53.935832],[-94.886589,53.951585],[-94.892776,53.944123],[-94.925481,53.945367],[-94.940507,53.912618],[-94.941391,53.902254],[-94.90957,53.893963],[-94.910454,53.869505],[-94.935204,53.886501],[-94.949347,53.879869],[-94.9299,53.871578],[-94.946695,53.859142],[-94.973212,53.846705],[-94.990891,53.843389],[-94.990891,53.838829],[-94.984703,53.830538],[-94.964373,53.826807],[-94.950231,53.83344],[-94.93874,53.847534],[-94.927249,53.838829],[-94.879517,53.838829],[-94.886589,53.827222],[-94.871562,53.822662],[-94.879517,53.807324],[-94.892776,53.816029],[-94.906919,53.81064],[-94.892776,53.798618],[-94.897196,53.782866],[-94.910454,53.783695],[-94.913106,53.766698],[-94.904267,53.743899],[-94.887473,53.770015],[-94.878633,53.793644],[-94.866259,53.801935],[-94.860955,53.829709],[-94.843277,53.830538],[-94.845929,53.811055],[-94.855652,53.80608],[-94.865375,53.78784],[-94.858303,53.770429],[-94.843277,53.765455],[-94.815876,53.770015],[-94.808804,53.760895],[-94.809688,53.747215],[-94.821179,53.736022],[-95.110219,53.636946],[-95.479695,53.762553]]],[[[-94.750466,53.852094],[-94.749582,53.816858],[-94.769912,53.824735],[-94.762841,53.836342],[-94.799965,53.855825],[-94.784939,53.858727],[-94.750466,53.852094]]],[[[-94.755769,53.908472],[-94.761073,53.898109],[-94.799081,53.91096],[-94.798197,53.927956],[-94.802617,53.944123],[-94.81234,53.956974],[-94.796429,53.96941],[-94.790242,53.956145],[-94.778751,53.948683],[-94.783171,53.939978],[-94.755769,53.908472]]]]}},{"type":"Feature","properties":{"fed_id":"461330190","name_en":"Winnipeg Portage","res":5,"role":"city"},"geometry":{"type":"Polygon","coordinates":[[[-97.219588,49.751199],[-97.261246,49.717782],[-97.402739,49.733718],[-97.447987,49.805666],[-97.457325,49.819937],[-97.368981,49.890458],[-97.226771,49.874403],[-97.172903,49.787947],[-97.219588,49.751199]]]}},{"type":"Feature","properties":{"fed_id":"461330194","name_en":"Winnipeg Kildonan","res":5,"role":"city"},"geometry":{"type":"Polygon","coordinates":[[[-97.137709,49.944806],[-97.226771,49.874403],[-97.368981,49.890458],[-97.422849,49.976796],[-97.334506,50.047317],[-97.191577,50.031263],[-97.137709,49.944806]]]}},{"type":"Feature","properties":{"fed_id":"461330195","name_en":"Winnipeg","res":5,"role":"core"},"geometry":{"type":"Polygon","coordinates":[[[-97.031411,49.771773],[-97.172903,49.787947],[-97.226771,49.874403],[-97.137709,49.944806],[-96.995499,49.928513],[-96.942349,49.841819],[-96.998372,49.79746],[-97.019919,49.797341],[-96.998372,49.79746],[-97.031411,49.771773]]]}},{"type":"Feature","properties":{"fed_id":"470022003","name_en":"Nipawin","res":4,"role":"hex"},"geometry":{"type":"Polygon","coordinates":[[[-104.365686,53.300337],[-104.051896,53.447086],[-103.674465,53.350497],[-103.613475,53.107575],[-103.92638,52.962484],[-104.300276,53.058244],[-104.365686,53.300337]]]}},{"type":"Feature","properties":{"fed_id":"470022015","name_en":"Melfort","res":4,"role":"hex"},"geometry":{"type":"Polygon","coordinates":[[[-105.027738,52.569083],[-105.218663,52.616755],[-105.23369,52.66733],[-105.288492,52.856776],[-105.073701,52.961655],[-104.984426,53.005182],[-104.680359,52.929321],[-104.609646,52.911496],[-104.588432,52.833976],[-104.543353,52.670231],[-104.848303,52.523483],[-105.027738,52.569083]]]}},{"type":"Feature","properties":{"fed_id":"470022018","name_en":"Humboldt","res":4,"role":"hex"},"geometry":{"type":"Polygon","coordinates":[[[-105.003872,52.174852],[-105.081656,52.136714],[-105.449365,52.229157],[-105.519194,52.468349],[-105.218663,52.616755],[-105.027738,52.569083],[-104.848303,52.523483],[-104.782009,52.283048],[-105.003872,52.174852]]]}},{"type":"Feature","properties":{"fed_id":"470022021","name_en":"Birch Hills","res":4,"role":"hex"},"geometry":{"type":"Polygon","coordinates":[[[-105.584604,52.929321],[-105.663272,52.94839],[-105.736637,53.188411],[-105.430803,53.338061],[-105.053371,53.246032],[-104.984426,53.005182],[-105.073701,52.961655],[-105.288492,52.856776],[-105.584604,52.929321]]]}},{"type":"Feature","properties":{"fed_id":"470022099","name_en":"North Battleford","res":4,"role":"hex"},"geometry":{"type":"Polygon","coordinates":[[[-108.333577,52.685569],[-108.421969,52.921859],[-108.133813,53.076484],[-107.757265,52.993575],[-107.673293,52.756456],[-107.960565,52.603075],[-108.333577,52.685569]]]}},{"type":"Feature","properties":{"fed_id":"470022106","name_en":"Saskatoon","res":4,"role":"hex"},"geometry":{"type":"Polygon","coordinates":[[[-106.770817,52.110183],[-106.848601,52.347717],[-106.579891,52.486589],[-106.579891,52.434771],[-106.579891,52.486589],[-106.556909,52.49861],[-106.186549,52.409898],[-106.112301,52.171536],[-106.166219,52.143761],[-106.403992,52.0223],[-106.432278,52.028933],[-106.770817,52.110183]]]}},{"type":"Feature","properties":{"fed_id":"470022109","name_en":"Dundurn","res":4,"role":"hex"},"geometry":{"type":"Polygon","coordinates":[[[-106.712478,51.658746],[-106.980304,51.723],[-107.058973,51.959704],[-106.770817,52.110183],[-106.432278,52.028933],[-106.403992,52.0223],[-106.359797,51.88177],[-106.329743,51.784352],[-106.6179,51.635531],[-106.712478,51.658746],[-106.712478,51.707662],[-106.712478,51.658746]]]}},{"type":"Feature","properties":{"fed_id":"470022110","name_en":"Rosthern","res":4,"role":"hex"},"geometry":{"type":"Polygon","coordinates":[[[-106.579891,52.569912],[-106.63381,52.736973],[-106.585195,52.761845],[-106.337699,52.887867],[-105.963803,52.79874],[-105.890438,52.559134],[-106.022141,52.492807],[-106.186549,52.409898],[-106.556909,52.49861],[-106.579891,52.569497],[-106.579891,52.569912]]]}},{"type":"Feature","properties":{"fed_id":"470022112","name_en":"Waldheim","res":4,"role":"hex"},"geometry":{"type":"MultiPolygon","coordinates":[[[[-106.848601,52.347717],[-107.218961,52.433942],[-107.300281,52.671475],[-107.007706,52.823612],[-106.63381,52.736973],[-106.579891,52.569912],[-106.579891,52.486589],[-106.848601,52.347717]]],[[[-106.556909,52.49861],[-106.579891,52.486589],[-106.579891,52.569497],[-106.556909,52.49861]]]]}},{"type":"Feature","properties":{"fed_id":"470022133","name_en":"Meadow Lake","res":4,"role":"hex"},"geometry":{"type":"Polygon","coordinates":[[[-108.492682,54.026203],[-108.879836,54.106209],[-108.974415,54.343328],[-108.678304,54.502098],[-108.287614,54.421677],[-108.196571,54.183314],[-108.492682,54.026203]]]}},{"type":"Feature","properties":{"fed_id":"470022135","name_en":"St. Louis","res":4,"role":"hex"},"geometry":{"type":"Polygon","coordinates":[[[-105.70128,52.929321],[-105.963803,52.79874],[-106.337699,52.887867],[-106.414599,53.127058],[-106.114068,53.278366],[-105.736637,53.188411],[-105.663272,52.94839],[-105.70128,52.929321]]]}},{"type":"Feature","properties":{"fed_id":"470022139","name_en":"Prince Albert","res":4,"role":"hex"},"geometry":{"type":"Polygon","coordinates":[[[-106.114068,53.278366],[-106.190085,53.518387],[-105.885135,53.669695],[-105.764038,53.641092],[-105.503284,53.579325],[-105.430803,53.338061],[-105.736637,53.188411],[-106.114068,53.278366]]]}},{"type":"Feature","properties":{"fed_id":"470047133","name_en":"Canora","res":4,"role":"hex"},"geometry":{"type":"Polygon","coordinates":[[[-102.497975,51.216428],[-102.848889,51.315918],[-102.901924,51.556768],[-102.595205,51.697298],[-102.434333,51.652113],[-102.235452,51.595321],[-102.192141,51.38722],[-102.185069,51.353642],[-102.427262,51.243788],[-102.491787,51.21477],[-102.497975,51.216428]]]}},{"type":"Feature","properties":{"fed_id":"470047134","name_en":"Yorkton","res":4,"role":"hex"},"geometry":{"type":"Polygon","coordinates":[[[-102.086955,50.871113],[-102.44052,50.973506],[-102.491787,51.21477],[-102.427262,51.243788],[-102.427262,51.224719],[-102.427262,51.243788],[-102.185069,51.353642],[-101.828852,51.250421],[-101.78112,51.008742],[-102.086955,50.871113]]]}},{"type":"Feature","properties":{"fed_id":"470047873","name_en":"Lumsden","res":4,"role":"hex"},"geometry":{"type":"MultiPolygon","coordinates":[[[[-105.307939,50.571399],[-105.307939,50.571813],[-105.33092,50.653893],[-105.205404,50.716903],[-105.043648,50.798154],[-104.963212,50.777012],[-104.963212,50.775354],[-104.957908,50.775354],[-104.689198,50.704052],[-104.654726,50.571813],[-104.626441,50.466519],[-104.914597,50.323502],[-105.264627,50.417189],[-105.307939,50.571399]]],[[[-104.963212,50.777012],[-104.957908,50.775354],[-104.963212,50.775354],[-104.963212,50.777012]]]]}},{"type":"Feature","properties":{"fed_id":"470047874","name_en":"Regina","res":4,"role":"hex"},"geometry":{"type":"Polygon","coordinates":[[[-104.850955,50.086798],[-104.914597,50.323502],[-104.626441,50.466519],[-104.27641,50.371174],[-104.216304,50.133641],[-104.503576,49.992282],[-104.850955,50.086798]]]}},{"type":"Feature","properties":{"fed_id":"470047875","name_en":"Moose Jaw","res":4,"role":"hex"},"geometry":{"type":"Polygon","coordinates":[[[-105.548363,50.272927],[-105.718075,50.317284],[-105.718075,50.571813],[-105.718075,50.317284],[-105.899277,50.364127],[-105.968223,50.600417],[-105.684486,50.745921],[-105.586372,50.720634],[-105.33092,50.653893],[-105.307939,50.571813],[-105.307939,50.571399],[-105.264627,50.417189],[-105.548363,50.272927]]]}},{"type":"Feature","properties":{"fed_id":"470047878","name_en":"White City","res":4,"role":"hex"},"geometry":{"type":"Polygon","coordinates":[[[-104.654726,50.571813],[-104.689198,50.704052],[-104.398391,50.84707],[-104.110235,50.769136],[-104.043941,50.750896],[-104.035986,50.717318],[-103.984719,50.512533],[-104.205697,50.405581],[-104.27641,50.371174],[-104.626441,50.466519],[-104.654726,50.571813]]]}},{"type":"Feature","properties":{"fed_id":"470047883","name_en":"Weyburn","res":4,"role":"hex"},"geometry":{"type":"Polygon","coordinates":[[[-103.412826,49.463739],[-103.699214,49.325281],[-104.040405,49.422699],[-104.098744,49.659403],[-103.811472,49.799104],[-103.467629,49.700858],[-103.412826,49.463739]]]}},{"type":"Feature","properties":{"fed_id":"470047911","name_en":"Fort Qu'Appelle","res":4,"role":"hex"},"geometry":{"type":"Polygon","coordinates":[[[-103.984719,50.512533],[-104.035986,50.717318],[-104.043941,50.750896],[-103.854783,50.84251],[-103.853899,50.84251],[-103.749598,50.89267],[-103.677117,50.872772],[-103.395148,50.794423],[-103.340345,50.555231],[-103.634689,50.415116],[-103.984719,50.512533]]]}},{"type":"Feature","properties":{"fed_id":"470047913","name_en":"Melville","res":4,"role":"hex"},"geometry":{"type":"Polygon","coordinates":[[[-102.821488,50.857019],[-102.842701,50.863237],[-102.842701,50.944902],[-102.842701,50.863237],[-103.096385,50.934953],[-103.151188,51.175388],[-102.848889,51.315918],[-102.497975,51.216428],[-102.491787,51.21477],[-102.44052,50.973506],[-102.694204,50.857019],[-102.742819,50.834634],[-102.821488,50.857019]]]}},{"type":"Feature","properties":{"fed_id":"470047952","name_en":"Estevan","res":4,"role":"hex"},"geometry":{"type":"Polygon","coordinates":[[[-102.812648,49.065777],[-103.020368,49.12713],[-103.071635,49.364249],[-102.813532,49.486539],[-102.781711,49.501462],[-102.44052,49.399899],[-102.392789,49.162366],[-102.681829,49.026396],[-102.812648,49.065777]]]}},{"type":"Feature","properties":{"fed_id":"470048003","name_en":"Kindersley","res":4,"role":"hex"},"geometry":{"type":"Polygon","coordinates":[[[-109.608182,51.620193],[-109.631163,51.6774],[-109.359802,51.832439],[-108.995629,51.752847],[-108.945246,51.620193],[-108.906354,51.519045],[-109.178599,51.365664],[-109.539236,51.444841],[-109.608182,51.620193]]]}},{"type":"Feature","properties":{"fed_id":"470048007","name_en":"Swift Current","res":4,"role":"hex"},"geometry":{"type":"Polygon","coordinates":[[[-107.819139,50.309822],[-107.857147,50.42009],[-107.584018,50.569326],[-107.231336,50.483515],[-107.211006,50.419676],[-107.155319,50.249298],[-107.427565,50.101721],[-107.776711,50.187117],[-107.819139,50.309822]]]}},{"type":"Feature","properties":{"fed_id":"480021674","name_en":"Peace River","res":4,"role":"hex"},"geometry":{"type":"Polygon","coordinates":[[[-117.589928,56.135399],[-117.665945,56.24774],[-117.742845,56.359667],[-117.488278,56.537506],[-117.079025,56.489004],[-116.929644,56.263078],[-117.185979,56.086897],[-117.589928,56.135399]]]}},{"type":"Feature","properties":{"fed_id":"480021688","name_en":"High Level","res":4,"role":"hex"},"geometry":{"type":"Polygon","coordinates":[[[-116.622042,58.109454],[-116.345377,58.288537],[-115.913143,58.237963],[-115.762877,58.008306],[-116.04131,57.830881],[-116.468241,57.881041],[-116.622042,58.109454]]]}},{"type":"Feature","properties":{"fed_id":"480021759","name_en":"Dawson Creek","res":4,"role":"hex"},"geometry":{"type":"Polygon","coordinates":[[[-119.686573,55.955073],[-119.5257,55.73495],[-119.760822,55.556282],[-120.155047,55.596078],[-120.319455,55.814957],[-120.086102,55.994869],[-119.686573,55.955073]]]}},{"type":"Feature","properties":{"fed_id":"480021777","name_en":"Beaverlodge","res":4,"role":"hex"},"geometry":{"type":"Polygon","coordinates":[[[-119.674198,54.939441],[-119.833303,55.15832],[-119.600833,55.336574],[-119.208375,55.294291],[-119.052806,55.073753],[-119.287043,54.897158],[-119.674198,54.939441]]]}},{"type":"Feature","properties":{"fed_id":"480021782","name_en":"Grande Prairie","res":4,"role":"hex"},"geometry":{"type":"Polygon","coordinates":[[[-118.663,55.029397],[-119.052806,55.073753],[-119.208375,55.294291],[-118.971486,55.471715],[-118.57726,55.427359],[-118.424343,55.205578],[-118.663,55.029397]]]}},{"type":"Feature","properties":{"fed_id":"480022052","name_en":"Bondiss","res":4,"role":"hex"},"geometry":{"type":"Polygon","coordinates":[[[-111.721621,54.860264],[-112.001822,54.695275],[-112.395164,54.762431],[-112.512724,54.995405],[-112.233407,55.161637],[-111.835646,55.094066],[-111.721621,54.860264]]]}},{"type":"Feature","properties":{"fed_id":"480022059","name_en":"Cold Lake","res":4,"role":"hex"},"geometry":{"type":"Polygon","coordinates":[[[-110.719262,54.250056],[-110.825332,54.484687],[-110.539827,54.647188],[-110.147369,54.5734],[-110.044835,54.337525],[-110.331224,54.176682],[-110.719262,54.250056]]]}},{"type":"Feature","properties":{"fed_id":"480022067","name_en":"Redwater","res":4,"role":"hex"},"geometry":{"type":"Polygon","coordinates":[[[-112.974127,53.803178],[-113.356862,53.867847],[-113.477075,54.097504],[-113.211016,54.26415],[-112.823862,54.199067],[-112.707185,53.968166],[-112.950262,53.817687],[-112.974127,53.803178]]]}},{"type":"Feature","properties":{"fed_id":"480022070","name_en":"Athabasca","res":4,"role":"hex"},"geometry":{"type":"Polygon","coordinates":[[[-113.686562,54.552258],[-113.721919,54.557647],[-113.846551,54.787719],[-113.577841,54.956438],[-113.182731,54.893013],[-113.061635,54.661697],[-113.332113,54.494636],[-113.686562,54.552258]]]}},{"type":"Feature","properties":{"fed_id":"480022071","name_en":"St. Paul","res":4,"role":"hex"},"geometry":{"type":"Polygon","coordinates":[[[-111.66505,53.995941],[-111.388385,54.159271],[-111.001231,54.08797],[-110.895161,53.853753],[-111.171826,53.692495],[-111.555445,53.763382],[-111.66505,53.995941]]]}},{"type":"Feature","properties":{"fed_id":"480022075","name_en":"Bonnyville","res":4,"role":"hex"},"geometry":{"type":"Polygon","coordinates":[[[-111.388385,54.159271],[-111.49799,54.392659],[-111.216906,54.556403],[-110.825332,54.484687],[-110.719262,54.250056],[-111.001231,54.08797],[-111.388385,54.159271]]]}},{"type":"Feature","properties":{"fed_id":"480022076","name_en":"Elk Point","res":4,"role":"hex"},"geometry":{"type":"Polygon","coordinates":[[[-110.22869,53.941221],[-110.510658,53.780793],[-110.895161,53.853753],[-111.001231,54.08797],[-110.719262,54.250056],[-110.331224,54.176682],[-110.22869,53.941221]]]}},{"type":"Feature","properties":{"fed_id":"480022082","name_en":"La Loche","res":4,"role":"hex"},"geometry":{"type":"Polygon","coordinates":[[[-111.313252,56.297071],[-111.725156,56.365885],[-111.844485,56.600931],[-111.54749,56.769236],[-111.131166,56.700421],[-111.016257,56.463717],[-111.313252,56.297071]]]}},{"type":"Feature","properties":{"fed_id":"480022143","name_en":"Lloydminster (Part)","res":4,"role":"hex"},"geometry":{"type":"Polygon","coordinates":[[[-110.686557,53.386148],[-110.408124,53.546576],[-110.027157,53.471544],[-109.945837,53.277952],[-109.928159,53.236912],[-110.207476,53.078142],[-110.584023,53.15276],[-110.686557,53.386148]]]}},{"type":"Feature","properties":{"fed_id":"480022645","name_en":"Canmore","res":4,"role":"hex"},"geometry":{"type":"Polygon","coordinates":[[[-115.472069,50.929979],[-115.594049,51.152174],[-115.360696,51.315504],[-115.004479,51.255395],[-114.886034,51.032371],[-115.120271,50.870284],[-115.472069,50.929979]]]}},{"type":"Feature","properties":{"fed_id":"480022650","name_en":"Cochrane","res":4,"role":"hex"},"geometry":{"type":"Polygon","coordinates":[[[-114.886034,51.032371],[-115.004479,51.255395],[-114.76759,51.418311],[-114.409604,51.356129],[-114.292928,51.131861],[-114.531584,50.970604],[-114.55987,50.975578],[-114.886034,51.032371]]]}},{"type":"Feature","properties":{"fed_id":"480022678","name_en":"Rocky Mountain House","res":4,"role":"hex"},"geometry":{"type":"Polygon","coordinates":[[[-114.766706,52.030177],[-115.130878,52.090285],[-115.254626,52.314968],[-115.01155,52.480371],[-114.643842,52.419847],[-114.522745,52.194336],[-114.766706,52.030177]]]}},{"type":"Feature","properties":{"fed_id":"480022687","name_en":"Fort Macleod","res":4,"role":"hex"},"geometry":{"type":"Polygon","coordinates":[[[-113.746669,49.409434],[-113.85539,49.632044],[-113.820033,49.655672],[-113.755508,49.698785],[-113.755508,49.6992],[-113.621153,49.789155],[-113.27731,49.722828],[-113.17124,49.498975],[-113.406361,49.343107],[-113.508012,49.363419],[-113.523922,49.366321],[-113.746669,49.409434]]]}},{"type":"Feature","properties":{"fed_id":"480022688","name_en":"Cardston","res":4,"role":"hex"},"geometry":{"type":"Polygon","coordinates":[[[-112.726631,49.207137],[-112.961753,49.052512],[-113.300292,49.120497],[-113.335648,49.195115],[-113.406361,49.343107],[-113.17124,49.498975],[-112.829165,49.43099],[-112.726631,49.207137]]]}},{"type":"Feature","properties":{"fed_id":"480022689","name_en":"Pincher Creek","res":4,"role":"hex"},"geometry":{"type":"Polygon","coordinates":[[[-114.316793,49.31782],[-114.428166,49.538771],[-114.197465,49.696712],[-113.85539,49.632044],[-113.746669,49.409434],[-113.97737,49.253151],[-114.316793,49.31782]]]}},{"type":"Feature","properties":{"fed_id":"480022691","name_en":"Claresholm","res":4,"role":"hex"},"geometry":{"type":"Polygon","coordinates":[[[-113.621153,49.789155],[-113.729874,50.012594],[-113.492985,50.170535],[-113.145607,50.103794],[-113.038653,49.879111],[-113.27731,49.722828],[-113.621153,49.789155]]]}},{"type":"Feature","properties":{"fed_id":"480022692","name_en":"Lethbridge","res":4,"role":"hex"},"geometry":{"type":"Polygon","coordinates":[[[-113.27731,49.722828],[-113.038653,49.879111],[-112.693927,49.810712],[-112.655918,49.728218],[-112.590509,49.586029],[-112.829165,49.43099],[-113.17124,49.498975],[-113.27731,49.722828]]]}},{"type":"Feature","properties":{"fed_id":"480022700","name_en":"Raymond","res":4,"role":"hex"},"geometry":{"type":"Polygon","coordinates":[[[-112.726631,49.207137],[-112.829165,49.43099],[-112.590509,49.586029],[-112.248434,49.516386],[-112.147668,49.291289],[-112.387208,49.137493],[-112.726631,49.207137]]]}},{"type":"Feature","properties":{"fed_id":"480022715","name_en":"Okotoks","res":4,"role":"hex"},"geometry":{"type":"Polygon","coordinates":[[[-113.951737,50.459886],[-114.063994,50.68374],[-113.824453,50.843754],[-113.606126,50.803543],[-113.606126,50.803128],[-113.490333,50.781572],[-113.471771,50.778256],[-113.362166,50.553159],[-113.60259,50.394803],[-113.951737,50.459886]]]}},{"type":"Feature","properties":{"fed_id":"480022717","name_en":"Black Diamond","res":4,"role":"hex"},"geometry":{"type":"Polygon","coordinates":[[[-114.187742,50.300287],[-114.459987,50.350033],[-114.536004,50.363712],[-114.650913,50.586322],[-114.415792,50.747165],[-114.063994,50.68374],[-113.951737,50.459886],[-114.044548,50.39729],[-114.147082,50.328062],[-114.187742,50.300287]]]}},{"type":"Feature","properties":{"fed_id":"480022719","name_en":"Chestermere","res":4,"role":"hex"},"geometry":{"type":"Polygon","coordinates":[[[-113.938478,51.068436],[-113.695401,51.229279],[-113.339184,51.163781],[-113.228695,50.937855],[-113.471771,50.778256],[-113.490333,50.781572],[-113.606126,50.803128],[-113.606126,50.803543],[-113.824453,50.843754],[-113.938478,51.068436]]]}},{"type":"Feature","properties":{"fed_id":"480022724","name_en":"Picture Butte","res":4,"role":"hex"},"geometry":{"type":"MultiPolygon","coordinates":[[[[-112.693927,49.810712],[-113.038653,49.879111],[-113.145607,50.103794],[-113.119089,50.12079],[-113.104063,50.12079],[-113.104063,50.131154],[-112.904298,50.260906],[-112.556036,50.192506],[-112.452618,49.966995],[-112.693927,49.810712]]],[[[-113.104063,50.130739],[-113.104063,50.12079],[-113.119089,50.12079],[-113.104063,50.130739]]]]}},{"type":"Feature","properties":{"fed_id":"480022725","name_en":"Taber","res":4,"role":"hex"},"geometry":{"type":"Polygon","coordinates":[[[-112.248434,49.516386],[-112.590509,49.586029],[-112.655918,49.728218],[-112.693927,49.810712],[-112.452618,49.966995],[-112.106124,49.896522],[-112.005357,49.670596],[-112.248434,49.516386]]]}},{"type":"Feature","properties":{"fed_id":"480022726","name_en":"Brooks","res":4,"role":"hex"},"geometry":{"type":"Polygon","coordinates":[[[-111.961162,50.278731],[-112.095517,50.305676],[-112.311192,50.348789],[-112.41461,50.575544],[-112.16623,50.732656],[-111.813548,50.662184],[-111.712782,50.434185],[-111.961162,50.278731]]]}},{"type":"Feature","properties":{"fed_id":"480022730","name_en":"Crowsnest Pass","res":4,"role":"hex"},"geometry":{"type":"Polygon","coordinates":[[[-114.768473,49.601782],[-114.883382,49.822733],[-114.719858,49.936318],[-114.653565,49.981918],[-114.308838,49.918907],[-114.197465,49.696712],[-114.428166,49.538771],[-114.499764,49.552451],[-114.768473,49.601782]]]}},{"type":"Feature","properties":{"fed_id":"480022835","name_en":"Whitecourt","res":4,"role":"hex"},"geometry":{"type":"Polygon","coordinates":[[[-115.779671,53.832196],[-115.913143,54.057708],[-115.662995,54.228085],[-115.277608,54.171293],[-115.147673,53.944538],[-115.339482,53.816029],[-115.398704,53.775404],[-115.779671,53.832196]]]}},{"type":"Feature","properties":{"fed_id":"480022841","name_en":"Onoway","res":4,"role":"hex"},"geometry":{"type":"MultiPolygon","coordinates":[[[[-114.258455,53.597979],[-114.638538,53.658503],[-114.764938,53.885672],[-114.508603,54.053977],[-114.1241,53.993039],[-114.051619,53.858313],[-114.051619,53.847534],[-114.045432,53.847534],[-114.029521,53.817687],[-114.001236,53.764626],[-114.026869,53.748044],[-114.258455,53.597979]]],[[[-114.051619,53.858313],[-114.045432,53.847534],[-114.051619,53.847534],[-114.051619,53.858313]]]]}},{"type":"Feature","properties":{"fed_id":"480022842","name_en":"Edmonton","res":4,"role":"hex"},"geometry":{"type":"Polygon","coordinates":[[[-114.135591,53.36998],[-114.258455,53.597979],[-114.026869,53.748044],[-114.001236,53.764626],[-113.619385,53.70203],[-113.596403,53.658503],[-113.500056,53.472787],[-113.758159,53.307384],[-114.135591,53.36998]]]}},{"type":"Feature","properties":{"fed_id":"480022844","name_en":"Seba Beach","res":4,"role":"hex"},"geometry":{"type":"Polygon","coordinates":[[[-114.891338,53.491027],[-114.762286,53.576838],[-114.688037,53.625754],[-114.638538,53.658503],[-114.258455,53.597979],[-114.135591,53.36998],[-114.390158,53.203749],[-114.765822,53.264272],[-114.891338,53.491027]]]}},{"type":"Feature","properties":{"fed_id":"480022845","name_en":"Barrhead","res":4,"role":"hex"},"geometry":{"type":"Polygon","coordinates":[[[-114.1241,53.993039],[-114.508603,54.053977],[-114.635886,54.281976],[-114.375132,54.450695],[-114.303535,54.439502],[-113.987093,54.389757],[-113.863345,54.160515],[-114.051619,54.039882],[-114.1241,53.993039]]]}},{"type":"Feature","properties":{"fed_id":"480022846","name_en":"Morinville","res":4,"role":"hex"},"geometry":{"type":"MultiPolygon","coordinates":[[[[-113.412549,53.832611],[-113.619385,53.70203],[-114.001236,53.764626],[-114.029521,53.817687],[-114.029521,53.847534],[-114.045432,53.847534],[-114.051619,53.858313],[-114.1241,53.993039],[-114.051619,54.039882],[-113.863345,54.160515],[-113.800587,54.150566],[-113.477075,54.097504],[-113.356862,53.867847],[-113.412549,53.832611]]],[[[-114.045432,53.847534],[-114.029521,53.847534],[-114.029521,53.817687],[-114.045432,53.847534]]]]}},{"type":"Feature","properties":{"fed_id":"480022851","name_en":"Hinton","res":4,"role":"hex"},"geometry":{"type":"Polygon","coordinates":[[[-117.869245,53.308214],[-117.636775,53.47942],[-117.261996,53.428846],[-117.124105,53.20665],[-117.358342,53.036688],[-117.728703,53.087262],[-117.869245,53.308214]]]}},{"type":"Feature","properties":{"fed_id":"480022860","name_en":"Drayton Valley","res":4,"role":"hex"},"geometry":{"type":"Polygon","coordinates":[[[-115.509194,53.366664],[-115.518033,53.381173],[-115.269653,53.549478],[-114.891338,53.491027],[-114.765822,53.264272],[-115.015086,53.097626],[-115.388981,53.156076],[-115.509194,53.366664]]]}},{"type":"Feature","properties":{"fed_id":"480022861","name_en":"Edson","res":4,"role":"hex"},"geometry":{"type":"Polygon","coordinates":[[[-116.647675,53.54699],[-116.405483,53.717368],[-116.026284,53.662648],[-115.89458,53.437966],[-116.137657,53.268832],[-116.512436,53.323552],[-116.647675,53.54699]]]}},{"type":"Feature","properties":{"fed_id":"480022873","name_en":"Slave Lake","res":4,"role":"hex"},"geometry":{"type":"Polygon","coordinates":[[[-114.822392,55.414094],[-114.629699,55.537627],[-114.229286,55.478348],[-114.100234,55.248276],[-114.36806,55.078313],[-114.764054,55.137179],[-114.865704,55.314603],[-114.825044,55.301752],[-114.817973,55.293461],[-114.794107,55.290974],[-114.776429,55.299265],[-114.750795,55.324138],[-114.740188,55.341548],[-114.764938,55.365177],[-114.78792,55.370981],[-114.788803,55.381345],[-114.817973,55.405803],[-114.822392,55.414094]]]}},{"type":"Feature","properties":{"fed_id":"480022883","name_en":"Stettler","res":4,"role":"hex"},"geometry":{"type":"Polygon","coordinates":[[[-112.187444,52.192678],[-112.444663,52.032249],[-112.810603,52.09982],[-112.921976,52.328233],[-112.664757,52.49032],[-112.295281,52.422335],[-112.187444,52.192678]]]}},{"type":"Feature","properties":{"fed_id":"480022889","name_en":"Bashaw","res":4,"role":"hex"},"geometry":{"type":"Polygon","coordinates":[[[-113.290569,52.39456],[-113.405478,52.622559],[-113.149142,52.785889],[-112.777015,52.719562],[-112.664757,52.49032],[-112.921976,52.328233],[-113.290569,52.39456]]]}},{"type":"Feature","properties":{"fed_id":"480022897","name_en":"Olds","res":4,"role":"hex"},"geometry":{"type":"Polygon","coordinates":[[[-113.809426,51.45479],[-114.168296,51.518216],[-114.284972,51.743727],[-114.040128,51.906228],[-113.71308,51.849021],[-113.677723,51.842388],[-113.562814,51.616048],[-113.809426,51.45479]]]}},{"type":"Feature","properties":{"fed_id":"480022898","name_en":"Irricana","res":4,"role":"hex"},"geometry":{"type":"Polygon","coordinates":[[[-113.809426,51.45479],[-113.562814,51.616048],[-113.203061,51.55055],[-113.091688,51.323795],[-113.339184,51.163781],[-113.695401,51.229279],[-113.809426,51.45479]]]}},{"type":"Feature","properties":{"fed_id":"480022899","name_en":"Sundre","res":4,"role":"hex"},"geometry":{"type":"Polygon","coordinates":[[[-114.76759,51.418311],[-114.886918,51.642164],[-114.663288,51.794301],[-114.646493,51.805494],[-114.284972,51.743727],[-114.168296,51.518216],[-114.409604,51.356129],[-114.76759,51.418311]]]}},{"type":"Feature","properties":{"fed_id":"480022901","name_en":"Red Deer","res":4,"role":"hex"},"geometry":{"type":"Polygon","coordinates":[[[-113.677723,51.842388],[-113.71308,51.849021],[-113.71308,51.896279],[-113.71308,51.849021],[-114.040128,51.906228],[-114.157689,52.132569],[-113.909309,52.295899],[-113.542484,52.231645],[-113.428459,52.004475],[-113.677723,51.842388]]]}},{"type":"Feature","properties":{"fed_id":"480022902","name_en":"Three Hills","res":4,"role":"hex"},"geometry":{"type":"Polygon","coordinates":[[[-113.428459,52.004475],[-113.064287,51.938562],[-112.952913,51.710978],[-113.203061,51.55055],[-113.562814,51.616048],[-113.677723,51.842388],[-113.428459,52.004475]]]}},{"type":"Feature","properties":{"fed_id":"480022903","name_en":"Innisfail","res":4,"role":"hex"},"geometry":{"type":"Polygon","coordinates":[[[-114.646493,51.805494],[-114.766706,52.030177],[-114.522745,52.194336],[-114.157689,52.132569],[-114.040128,51.906228],[-114.284972,51.743727],[-114.646493,51.805494]]]}},{"type":"Feature","properties":{"fed_id":"480022910","name_en":"Drumheller","res":4,"role":"hex"},"geometry":{"type":"Polygon","coordinates":[[[-112.513608,51.39634],[-112.733703,51.256224],[-113.091688,51.323795],[-113.203061,51.55055],[-112.952913,51.710978],[-112.591392,51.643408],[-112.483555,51.415409],[-112.505653,51.401314],[-112.513608,51.39634]]]}},{"type":"Feature","properties":{"fed_id":"480022911","name_en":"Tofield","res":4,"role":"hex"},"geometry":{"type":"Polygon","coordinates":[[[-112.857451,53.572692],[-112.803532,53.563158],[-112.477368,53.505951],[-112.36511,53.27505],[-112.628517,53.112135],[-113.005064,53.178461],[-113.099643,53.366664],[-113.120857,53.408118],[-112.941423,53.52046],[-112.857451,53.572692]]]}},{"type":"Feature","properties":{"fed_id":"480022913","name_en":"Leduc","res":4,"role":"hex"},"geometry":{"type":"Polygon","coordinates":[[[-113.639715,53.078971],[-113.758159,53.307384],[-113.500056,53.472787],[-113.120857,53.408118],[-113.099643,53.366664],[-113.005064,53.178461],[-113.264935,53.014717],[-113.639715,53.078971]]]}},{"type":"Feature","properties":{"fed_id":"480022914","name_en":"Camrose","res":4,"role":"hex"},"geometry":{"type":"Polygon","coordinates":[[[-113.005064,53.178461],[-112.628517,53.112135],[-112.51626,52.882063],[-112.777015,52.719562],[-113.149142,52.785889],[-113.264935,53.014717],[-113.005064,53.178461]]]}},{"type":"Feature","properties":{"fed_id":"480022915","name_en":"Lamont","res":4,"role":"hex"},"geometry":{"type":"MultiPolygon","coordinates":[[[[-112.803532,53.563158],[-112.857451,53.572692],[-112.974127,53.803178],[-112.950262,53.817687],[-112.707185,53.968166],[-112.322683,53.90101],[-112.213961,53.678401],[-112.213961,53.666794],[-112.477368,53.505951],[-112.803532,53.563158]]],[[[-112.213961,53.666794],[-112.213961,53.678401],[-112.209542,53.669695],[-112.213961,53.666794]]]]}},{"type":"Feature","properties":{"fed_id":"480022916","name_en":"Vegreville","res":4,"role":"hex"},"geometry":{"type":"Polygon","coordinates":[[[-112.213961,53.666794],[-112.209542,53.669695],[-111.827691,53.600881],[-111.718085,53.368737],[-111.986795,53.20665],[-112.36511,53.27505],[-112.477368,53.505951],[-112.213961,53.666794]]]}},{"type":"Feature","properties":{"fed_id":"480022918","name_en":"Wainwright","res":4,"role":"hex"},"geometry":{"type":"Polygon","coordinates":[[[-111.02598,52.601003],[-111.398108,52.673133],[-111.503294,52.904863],[-111.2337,53.065706],[-110.858037,52.993161],[-110.755502,52.760187],[-111.02598,52.601003]]]}},{"type":"Feature","properties":{"fed_id":"480022922","name_en":"Vermilion","res":4,"role":"hex"},"geometry":{"type":"Polygon","coordinates":[[[-110.686557,53.386148],[-110.584023,53.15276],[-110.858037,52.993161],[-111.2337,53.065706],[-111.33977,53.29785],[-111.06664,53.459107],[-110.686557,53.386148]]]}},{"type":"Feature","properties":{"fed_id":"480022925","name_en":"Rimbey","res":4,"role":"hex"},"geometry":{"type":"Polygon","coordinates":[[[-114.027753,52.522654],[-114.376016,52.581519],[-114.396346,52.584835],[-114.518326,52.811176],[-114.403417,52.887452],[-114.267294,52.976579],[-113.894282,52.914397],[-113.775838,52.686813],[-114.027753,52.522654]]]}},{"type":"Feature","properties":{"fed_id":"480022926","name_en":"Lacombe","res":4,"role":"hex"},"geometry":{"type":"Polygon","coordinates":[[[-113.909309,52.295899],[-114.027753,52.522654],[-113.775838,52.686813],[-113.405478,52.622559],[-113.290569,52.39456],[-113.542484,52.231645],[-113.909309,52.295899]]]}},{"type":"Feature","properties":{"fed_id":"480022928","name_en":"Sylvan Lake","res":4,"role":"hex"},"geometry":{"type":"MultiPolygon","coordinates":[[[[-114.522745,52.194336],[-114.643842,52.419847],[-114.401649,52.581519],[-114.376016,52.581519],[-114.027753,52.522654],[-113.909309,52.295899],[-114.157689,52.132569],[-114.522745,52.194336]]],[[[-114.376016,52.581519],[-114.401649,52.581519],[-114.396346,52.584835],[-114.376016,52.581519]]]]}},{"type":"Feature","properties":{"fed_id":"480022929","name_en":"Calmar","res":4,"role":"hex"},"geometry":{"type":"Polygon","coordinates":[[[-114.390158,53.203749],[-114.135591,53.36998],[-113.758159,53.307384],[-113.639715,53.078971],[-113.894282,52.914397],[-114.267294,52.976579],[-114.390158,53.203749]]]}},{"type":"Feature","properties":{"fed_id":"480022930","name_en":"Wetaskiwin","res":4,"role":"hex"},"geometry":{"type":"Polygon","coordinates":[[[-113.894282,52.914397],[-113.639715,53.078971],[-113.264935,53.014717],[-113.149142,52.785889],[-113.405478,52.622559],[-113.775838,52.686813],[-113.894282,52.914397]]]}},{"type":"Feature","properties":{"fed_id":"480047989","name_en":"Medicine Hat","res":4,"role":"hex"},"geometry":{"type":"Polygon","coordinates":[[[-110.915491,50.060267],[-110.661808,50.213648],[-110.312661,50.137786],[-110.220734,49.908958],[-110.475302,49.756821],[-110.820912,49.832268],[-110.915491,50.060267]]]}},{"type":"Feature","properties":{"fed_id":"481159047","name_en":"Calgary Heritage","res":5,"role":"city"},"geometry":{"type":"Polygon","coordinates":[[[-114.230292,50.82983],[-114.312889,50.902848],[-114.261894,50.980743],[-114.126148,50.985618],[-114.042832,50.912481],[-114.095264,50.834586],[-114.230292,50.82983]]]}},{"type":"Feature","properties":{"fed_id":"481159048","name_en":"Calgary Foothills","res":5,"role":"city"},"geometry":{"type":"Polygon","coordinates":[[[-114.011948,50.76133],[-114.095264,50.834586],[-114.042832,50.912481],[-113.907804,50.917],[-113.825207,50.843625],[-113.877638,50.765849],[-114.011948,50.76133]]]}},{"type":"Feature","properties":{"fed_id":"481159051","name_en":"Calgary Signal Hill","res":5,"role":"city"},"geometry":{"type":"Polygon","coordinates":[[[-114.293497,51.131894],[-114.15775,51.136888],[-114.073717,51.063632],[-114.126148,50.985618],[-114.261894,50.980743],[-114.34521,51.053761],[-114.293497,51.131894]]]}},{"type":"Feature","properties":{"fed_id":"481159052","name_en":"Calgary","res":5,"role":"core"},"geometry":{"type":"Polygon","coordinates":[[[-113.907804,50.917],[-114.042832,50.912481],[-114.126148,50.985618],[-114.073717,51.063632],[-113.93797,51.068389],[-113.854655,50.994894],[-113.907804,50.917]]]}},{"type":"Feature","properties":{"fed_id":"481160300","name_en":"Airdrie","res":5,"role":"city"},"geometry":{"type":"Polygon","coordinates":[[[-113.968854,51.219896],[-114.105319,51.215021],[-114.189353,51.288396],[-114.136203,51.366647],[-113.999738,51.371523],[-113.915705,51.298148],[-113.968854,51.219896]]]}},{"type":"Feature","properties":{"fed_id":"481160302","name_en":"Calgary Crowfoot","res":5,"role":"city"},"geometry":{"type":"Polygon","coordinates":[[[-114.325099,51.283282],[-114.189353,51.288396],[-114.105319,51.215021],[-114.15775,51.136888],[-114.293497,51.131894],[-114.37753,51.205031],[-114.325099,51.283282]]]}},{"type":"Feature","properties":{"fed_id":"481160303","name_en":"Calgary Skyview","res":5,"role":"core"},"geometry":{"type":"Polygon","coordinates":[[[-113.93797,51.068389],[-114.073717,51.063632],[-114.15775,51.136888],[-114.105319,51.215021],[-113.968854,51.219896],[-113.885539,51.146402],[-113.93797,51.068389]]]}},{"type":"Feature","properties":{"fed_id":"481160419","name_en":"Strathcona County","res":5,"role":"city"},"geometry":{"type":"Polygon","coordinates":[[[-113.296585,53.557919],[-113.384928,53.632722],[-113.326751,53.712757],[-113.295149,53.713946],[-113.214706,53.7168],[-113.180231,53.71799],[-113.091888,53.642949],[-113.150065,53.563033],[-113.296585,53.557919]]]}},{"type":"Feature","properties":{"fed_id":"481160421","name_en":"Edmonton Strathcona","res":5,"role":"core"},"geometry":{"type":"Polygon","coordinates":[[[-113.354044,53.478003],[-113.499846,53.472771],[-113.588189,53.547335],[-113.53073,53.62737],[-113.384928,53.632722],[-113.296585,53.557919],[-113.354044,53.478003]]]}},{"type":"Feature","properties":{"fed_id":"481160422","name_en":"Strathcona County Sherwood Park","res":5,"role":"city"},"geometry":{"type":"Polygon","coordinates":[[[-113.150065,53.563033],[-113.06244,53.487993],[-113.121335,53.408196],[-113.266419,53.403201],[-113.354044,53.478003],[-113.296585,53.557919],[-113.150065,53.563033]]]}},{"type":"Feature","properties":{"fed_id":"481160425","name_en":"Edmonton St. Albert","res":5,"role":"city"},"geometry":{"type":"Polygon","coordinates":[[[-113.384928,53.632722],[-113.53073,53.62737],[-113.619791,53.701935],[-113.561614,53.782089],[-113.415094,53.787559],[-113.326751,53.712757],[-113.384928,53.632722]]]}},{"type":"Feature","properties":{"fed_id":"590021775","name_en":"Pouce Coupe","res":4,"role":"hex"},"geometry":{"type":"Polygon","coordinates":[[[-120.942615,55.672354],[-120.715449,55.853095],[-120.319455,55.814957],[-120.155047,55.596078],[-120.384865,55.416995],[-120.776439,55.455133],[-120.942615,55.672354]]]}},{"type":"Feature","properties":{"fed_id":"590021799","name_en":"Fort St. John","res":4,"role":"hex"},"geometry":{"type":"Polygon","coordinates":[[[-120.883393,56.07073],[-121.282038,56.106381],[-121.454401,56.323187],[-121.225468,56.505586],[-120.822403,56.47035],[-120.652691,56.251886],[-120.883393,56.07073]]]}},{"type":"Feature","properties":{"fed_id":"590022301","name_en":"Kitimat","res":4,"role":"hex"},"geometry":{"type":"Polygon","coordinates":[[[-128.363076,54.023301],[-128.618527,54.033664],[-128.621179,54.034493],[-128.622063,54.034079],[-128.721061,54.03781],[-128.916406,54.235132],[-128.752882,54.418775],[-128.390477,54.405095],[-128.196016,54.206529],[-128.363076,54.023301]]]}},{"type":"Feature","properties":{"fed_id":"590022326","name_en":"Terrace","res":4,"role":"hex"},"geometry":{"type":"Polygon","coordinates":[[[-128.390477,54.405095],[-128.752882,54.418775],[-128.949995,54.616512],[-128.784703,54.801399],[-128.418762,54.788133],[-128.222533,54.589152],[-128.390477,54.405095]]]}},{"type":"Feature","properties":{"fed_id":"590022330","name_en":"Smithers","res":4,"role":"hex"},"geometry":{"type":"Polygon","coordinates":[[[-126.756119,54.520753],[-127.123828,54.539407],[-127.314753,54.74129],[-127.137087,54.925347],[-126.765843,54.907107],[-126.575801,54.703981],[-126.756119,54.520753]]]}},{"type":"Feature","properties":{"fed_id":"590022343","name_en":"Prince Rupert","res":4,"role":"hex"},"geometry":{"type":"MultiPolygon","coordinates":[[[[-130.437623,54.606978],[-130.418176,54.630607],[-130.395195,54.620658],[-130.341276,54.582105],[-130.348347,54.576716],[-130.367793,54.589567],[-130.375749,54.582105],[-130.352767,54.5734],[-130.312991,54.548942],[-130.305919,54.537749],[-130.279402,54.51412],[-130.264375,54.494636],[-130.242278,54.483858],[-130.236974,54.475567],[-130.178636,54.441989],[-130.165377,54.424579],[-130.145047,54.409655],[-130.117646,54.395975],[-130.076102,54.358252],[-130.076102,54.347888],[-130.041629,54.323016],[-129.997433,54.303947],[-129.993898,54.313067],[-130.008924,54.316797],[-130.043397,54.335037],[-130.055772,54.35991],[-130.072566,54.372346],[-130.103503,54.406339],[-130.086709,54.416288],[-130.082289,54.430382],[-130.066379,54.442404],[-130.081405,54.462717],[-130.059307,54.4822],[-130.033674,54.483029],[-130.004505,54.488004],[-129.982407,54.505415],[-129.999201,54.507073],[-130.023951,54.492149],[-130.046049,54.494222],[-130.075218,54.488004],[-130.082289,54.466033],[-130.092896,54.457328],[-130.083173,54.444891],[-130.099967,54.420019],[-130.120297,54.420433],[-130.153002,54.44572],[-130.189243,54.466862],[-130.19543,54.480127],[-130.214876,54.484687],[-130.227251,54.493393],[-130.261724,54.5278],[-130.259072,54.534433],[-130.28117,54.543967],[-130.304152,54.565938],[-130.291777,54.572985],[-130.371329,54.617756],[-130.392543,54.631436],[-130.387239,54.647188],[-130.347463,54.622316],[-130.336856,54.637654],[-130.302384,54.655479],[-130.072566,54.649676],[-130.064611,54.639727],[-130.043397,54.626876],[-130.017763,54.622316],[-129.993898,54.608636],[-129.833909,54.454011],[-129.990362,54.269539],[-130.158306,54.274099],[-130.167145,54.274514],[-130.169797,54.274514],[-130.1751,54.274514],[-130.235206,54.276172],[-130.244045,54.289023],[-130.242278,54.301459],[-130.259072,54.327161],[-130.272331,54.328405],[-130.273215,54.344157],[-130.257304,54.362397],[-130.252885,54.378564],[-130.244045,54.381466],[-130.253768,54.398877],[-130.314759,54.430382],[-130.26084,54.390172],[-130.271447,54.380637],[-130.288241,54.347059],[-130.329785,54.330892],[-130.345696,54.33255],[-130.356302,54.323016],[-130.39873,54.329234],[-130.483586,54.41007],[-130.478283,54.41463],[-130.489774,54.429139],[-130.483586,54.438673],[-130.44823,54.456913],[-130.425248,54.449037],[-130.386356,54.456499],[-130.425248,54.473909],[-130.44381,54.490077],[-130.450881,54.529458],[-130.441158,54.539822],[-130.436739,54.556818],[-130.415525,54.563865],[-130.400498,54.558891],[-130.383704,54.561378],[-130.399614,54.576716],[-130.4279,54.595785],[-130.437623,54.606978]]],[[[-130.283822,54.332136],[-130.277634,54.326332],[-130.270563,54.322601],[-130.263491,54.315139],[-130.255536,54.310994],[-130.248465,54.299801],[-130.257304,54.292754],[-130.257304,54.276587],[-130.346579,54.279074],[-130.357186,54.289023],[-130.352767,54.30063],[-130.331553,54.313896],[-130.297964,54.329234],[-130.284705,54.334208],[-130.283822,54.332136]]],[[[-130.047816,54.649261],[-130.035442,54.648847],[-130.024835,54.638483],[-130.047816,54.649261]]],[[[-130.48889,54.545211],[-130.48447,54.5506],[-130.483586,54.551843],[-130.475631,54.561792],[-130.455301,54.541894],[-130.469444,54.521996],[-130.487122,54.533604],[-130.48889,54.545211]]],[[[-130.376633,54.657137],[-130.315642,54.655894],[-130.350115,54.635996],[-130.363374,54.638898],[-130.376633,54.657137]]],[[[-130.412873,54.636825],[-130.396079,54.657552],[-130.394311,54.657552],[-130.389891,54.643458],[-130.395195,54.630607],[-130.412873,54.636825]]]]}},{"type":"Feature","properties":{"fed_id":"590022356","name_en":"Williams Lake","res":4,"role":"hex"},"geometry":{"type":"Polygon","coordinates":[[[-121.975911,52.016911],[-122.276442,52.048416],[-122.328593,52.053806],[-122.486813,52.263564],[-122.290584,52.437673],[-121.933483,52.401193],[-121.77703,52.19019],[-121.975911,52.016911]]]}},{"type":"Feature","properties":{"fed_id":"590022380","name_en":"Quesnel","res":4,"role":"hex"},"geometry":{"type":"Polygon","coordinates":[[[-122.491233,52.651991],[-122.808558,52.682668],[-122.972082,52.892427],[-122.774969,53.068193],[-122.412564,53.033786],[-122.250808,52.823198],[-122.450573,52.647846],[-122.491233,52.651991]]]}},{"type":"Feature","properties":{"fed_id":"590022562","name_en":"Prince George","res":4,"role":"hex"},"geometry":{"type":"Polygon","coordinates":[[[-122.906673,53.665964],[-123.274381,53.698299],[-123.444093,53.908058],[-123.244328,54.08714],[-122.873084,54.055221],[-122.704256,53.844218],[-122.906673,53.665964]]]}},{"type":"Feature","properties":{"fed_id":"590022563","name_en":"Vanderhoof","res":4,"role":"hex"},"geometry":{"type":"Polygon","coordinates":[[[-124.374854,53.787426],[-124.549869,53.994697],[-124.407559,54.127766],[-124.357176,54.175024],[-123.986816,54.146835],[-123.813569,53.937905],[-124.00803,53.758822],[-124.374854,53.787426]]]}},{"type":"Feature","properties":{"fed_id":"590022641","name_en":"Golden","res":4,"role":"hex"},"geometry":{"type":"Polygon","coordinates":[[[-117.106427,50.992989],[-117.236362,51.211868],[-117.012732,51.377271],[-116.658282,51.322966],[-116.530115,51.102843],[-116.755513,50.938269],[-117.106427,50.992989]]]}},{"type":"Feature","properties":{"fed_id":"590022652","name_en":"Revelstoke","res":4,"role":"hex"},"geometry":{"type":"Polygon","coordinates":[[[-118.241373,50.766649],[-118.375728,50.98304],[-118.160053,51.149272],[-117.809139,51.098283],[-117.676552,50.880648],[-117.893994,50.71566],[-118.241373,50.766649]]]}},{"type":"Feature","properties":{"fed_id":"590022664","name_en":"Radium Hot Springs","res":4,"role":"hex"},"geometry":{"type":"Polygon","coordinates":[[[-116.279967,50.662598],[-116.053685,50.825514],[-115.702771,50.767478],[-115.581675,50.546526],[-115.808841,50.384854],[-116.156219,50.44289],[-116.279967,50.662598]]]}},{"type":"Feature","properties":{"fed_id":"590022732","name_en":"Fernie","res":4,"role":"hex"},"geometry":{"type":"Polygon","coordinates":[[[-114.768473,49.601782],[-114.995639,49.443426],[-115.335063,49.504779],[-115.451739,49.724487],[-115.226341,49.884086],[-114.883382,49.822733],[-114.768473,49.601782]]]}},{"type":"Feature","properties":{"fed_id":"590022736","name_en":"Kamloops","res":4,"role":"hex"},"geometry":{"type":"Polygon","coordinates":[[[-120.582862,50.501341],[-120.924053,50.544039],[-121.069899,50.754627],[-120.871902,50.923346],[-120.527175,50.880648],[-120.383097,50.668816],[-120.582862,50.501341]]]}},{"type":"Feature","properties":{"fed_id":"590022737","name_en":"Armstrong","res":4,"role":"hex"},"geometry":{"type":"Polygon","coordinates":[[[-120.439668,50.290338],[-120.582862,50.501341],[-120.383097,50.668816],[-120.040138,50.62446],[-119.898712,50.412214],[-120.100245,50.245568],[-120.439668,50.290338]]]}},{"type":"Feature","properties":{"fed_id":"590022741","name_en":"Sun Peaks Mountain","res":4,"role":"hex"},"geometry":{"type":"Polygon","coordinates":[[[-120.040138,50.62446],[-120.383097,50.668816],[-120.527175,50.880648],[-120.325643,51.049367],[-119.978264,51.005011],[-119.836838,50.791936],[-120.040138,50.62446]]]}},{"type":"Feature","properties":{"fed_id":"590022743","name_en":"Vernon","res":4,"role":"hex"},"geometry":{"type":"Polygon","coordinates":[[[-119.407256,50.151466],[-119.419631,50.153124],[-119.458523,50.213233],[-119.470014,50.231473],[-119.557521,50.3662],[-119.352453,50.532432],[-119.183625,50.508803],[-119.00861,50.484345],[-118.873372,50.27044],[-119.079324,50.105037],[-119.407256,50.151466]]]}},{"type":"Feature","properties":{"fed_id":"590022746","name_en":"Kelowna","res":4,"role":"hex"},"geometry":{"type":"MultiPolygon","coordinates":[[[[-119.407256,50.151466],[-119.421398,50.151466],[-119.419631,50.153124],[-119.407256,50.151466]]],[[[-119.148269,49.727803],[-119.48504,49.775475],[-119.493879,49.788741],[-119.547798,49.873308],[-119.622047,49.987722],[-119.421398,50.151466],[-119.407256,50.151466],[-119.079324,50.105037],[-118.944969,49.891962],[-119.148269,49.727803]]]]}},{"type":"Feature","properties":{"fed_id":"590022747","name_en":"Salmon Arm","res":4,"role":"hex"},"geometry":{"type":"Polygon","coordinates":[[[-119.491228,50.745921],[-119.283508,50.912982],[-118.936129,50.86531],[-118.800007,50.650576],[-119.00861,50.484345],[-119.183625,50.508803],[-119.183625,50.544039],[-119.183625,50.508803],[-119.352453,50.532432],[-119.491228,50.745921]]]}},{"type":"Feature","properties":{"fed_id":"590022749","name_en":"Enderby","res":4,"role":"hex"},"geometry":{"type":"Polygon","coordinates":[[[-119.713974,50.387341],[-119.898712,50.412214],[-120.040138,50.62446],[-119.836838,50.791936],[-119.491228,50.745921],[-119.352453,50.532432],[-119.557521,50.3662],[-119.713974,50.387341]]]}},{"type":"Feature","properties":{"fed_id":"590022758","name_en":"Oliver","res":4,"role":"hex"},"geometry":{"type":"Polygon","coordinates":[[[-119.747563,49.236569],[-120.034835,49.27678],[-120.034835,49.278024],[-120.034835,49.27678],[-120.079031,49.282998],[-120.216037,49.493172],[-120.019808,49.657745],[-119.684805,49.611316],[-119.614092,49.500633],[-119.602601,49.483222],[-119.596413,49.472859],[-119.549566,49.399899],[-119.57078,49.382488],[-119.747563,49.236569]]]}},{"type":"Feature","properties":{"fed_id":"590022762","name_en":"West Kelowna","res":4,"role":"hex"},"geometry":{"type":"Polygon","coordinates":[[[-119.684805,49.611316],[-120.019808,49.657745],[-120.158583,49.868333],[-119.960586,50.034151],[-119.622047,49.987722],[-119.547798,49.873308],[-119.493879,49.788741],[-119.48504,49.775475],[-119.684805,49.611316]]]}},{"type":"Feature","properties":{"fed_id":"590022763","name_en":"Merritt","res":4,"role":"hex"},"geometry":{"type":"Polygon","coordinates":[[[-121.024819,49.790814],[-121.168013,49.999743],[-120.974436,50.166804],[-120.872786,50.153954],[-120.848036,50.150637],[-120.713681,50.133641],[-120.636781,50.123692],[-120.495354,49.913104],[-120.689815,49.747287],[-121.024819,49.790814]]]}},{"type":"Feature","properties":{"fed_id":"590022764","name_en":"One Hundred Mile House","res":4,"role":"hex"},"geometry":{"type":"Polygon","coordinates":[[[-121.469428,51.767771],[-121.268779,51.939806],[-120.915214,51.899181],[-120.764948,51.686935],[-120.967365,51.516143],[-121.317395,51.556768],[-121.469428,51.767771]]]}},{"type":"Feature","properties":{"fed_id":"590022774","name_en":"Chase","res":4,"role":"hex"},"geometry":{"type":"Polygon","coordinates":[[[-119.491228,50.745921],[-119.836838,50.791936],[-119.978264,51.005011],[-119.773196,51.173316],[-119.42405,51.127716],[-119.283508,50.912982],[-119.491228,50.745921]]]}},{"type":"Feature","properties":{"fed_id":"590022789","name_en":"Castlegar","res":4,"role":"hex"},"geometry":{"type":"Polygon","coordinates":[[[-117.5475,49.094795],[-117.673016,49.309529],[-117.508608,49.435965],[-117.477671,49.459593],[-117.471483,49.464153],[-117.471483,49.464568],[-117.462644,49.471201],[-117.125873,49.416481],[-117.002125,49.200504],[-117.214264,49.040076],[-117.5475,49.094795]]]}},{"type":"Feature","properties":{"fed_id":"590022791","name_en":"Trail","res":4,"role":"hex"},"geometry":{"type":"Polygon","coordinates":[[[-117.66948,49.000694],[-117.804719,49.000694],[-118.095527,49.00028],[-118.214855,49.200918],[-118.135303,49.263515],[-118.008903,49.36259],[-117.673016,49.309529],[-117.5475,49.094795],[-117.66948,49.000694]]]}},{"type":"Feature","properties":{"fed_id":"590022814","name_en":"Nelson","res":4,"role":"hex"},"geometry":{"type":"Polygon","coordinates":[[[-117.125873,49.416481],[-117.462644,49.471201],[-117.465296,49.475346],[-117.589044,49.686763],[-117.376905,49.84885],[-117.036598,49.794544],[-116.911966,49.577324],[-117.125873,49.416481]]]}},{"type":"Feature","properties":{"fed_id":"590022816","name_en":"Rossland","res":4,"role":"hex"},"geometry":{"type":"Polygon","coordinates":[[[-118.008903,49.36259],[-118.137071,49.576909],[-117.928467,49.73941],[-117.589044,49.686763],[-117.465296,49.475346],[-117.462644,49.471201],[-117.471483,49.464568],[-117.471483,49.464153],[-117.477671,49.459593],[-117.508608,49.435965],[-117.673016,49.309529],[-118.008903,49.36259]]]}},{"type":"Feature","properties":{"fed_id":"590022823","name_en":"Creston","res":4,"role":"hex"},"geometry":{"type":"Polygon","coordinates":[[[-116.586685,49.00028],[-116.667121,49.144126],[-116.45233,49.30414],[-116.115559,49.246104],[-115.997114,49.028468],[-116.036007,48.999865],[-116.275547,48.999865],[-116.586685,49.00028]]]}},{"type":"Feature","properties":{"fed_id":"590022825","name_en":"Cranbrook","res":4,"role":"hex"},"geometry":{"type":"Polygon","coordinates":[[[-115.896348,49.405703],[-116.014793,49.624167],[-115.793814,49.784181],[-115.451739,49.724487],[-115.335063,49.504779],[-115.557809,49.346009],[-115.896348,49.405703]]]}},{"type":"Feature","properties":{"fed_id":"590022828","name_en":"Grand Forks","res":4,"role":"hex"},"geometry":{"type":"Polygon","coordinates":[[[-118.71957,49.00028],[-118.751391,49.090235],[-118.548975,49.252322],[-118.214855,49.200918],[-118.095527,49.00028],[-118.297943,49.00028],[-118.50036,48.999865],[-118.71957,49.00028]]]}},{"type":"Feature","properties":{"fed_id":"590022829","name_en":"Osoyoos","res":4,"role":"hex"},"geometry":{"type":"Polygon","coordinates":[[[-119.67243,49.034272],[-119.747563,49.236569],[-119.57078,49.382488],[-119.549566,49.399899],[-119.21633,49.351812],[-119.083743,49.139981],[-119.31798,49.00028],[-119.439077,49.00028],[-119.67243,49.034272]]]}},{"type":"Feature","properties":{"fed_id":"590022833","name_en":"Penticton","res":4,"role":"hex"},"geometry":{"type":"Polygon","coordinates":[[[-119.596413,49.472859],[-119.602601,49.483222],[-119.614092,49.500633],[-119.684805,49.611316],[-119.48504,49.775475],[-119.148269,49.727803],[-119.014798,49.515142],[-119.21633,49.351812],[-119.549566,49.399899],[-119.596413,49.472859]]]}},{"type":"Feature","properties":{"fed_id":"590022980","name_en":"Fort St. James","res":4,"role":"hex"},"geometry":{"type":"Polygon","coordinates":[[[-122.333896,53.810225],[-122.704256,53.844218],[-122.873084,54.055221],[-122.6689,54.234303],[-122.29412,54.200725],[-122.127944,53.988065],[-122.333896,53.810225]]]}},{"type":"Feature","properties":{"fed_id":"590049155","name_en":"Sidney","res":4,"role":"hex"},"geometry":{"type":"MultiPolygon","coordinates":[[[[-123.374263,48.594027],[-123.369844,48.588223],[-123.367192,48.560035],[-123.362772,48.557133],[-123.471494,48.569569],[-123.47061,48.579933],[-123.464423,48.590296],[-123.476797,48.596929],[-123.479449,48.610609],[-123.465306,48.630092],[-123.474146,48.64087],[-123.44586,48.655379],[-123.456467,48.665743],[-123.468842,48.664914],[-123.48652,48.676521],[-123.474146,48.681496],[-123.475913,48.69559],[-123.437905,48.698907],[-123.400781,48.684812],[-123.422879,48.67735],[-123.400781,48.660354],[-123.393709,48.64626],[-123.410504,48.628434],[-123.395477,48.608951],[-123.392825,48.594027],[-123.374263,48.594027]]],[[[-123.601429,48.719219],[-123.560769,48.719219],[-123.552814,48.703052],[-123.535136,48.693932],[-123.5316,48.670303],[-123.549278,48.645845],[-123.529832,48.630507],[-123.518341,48.614754],[-123.523645,48.598173],[-123.516573,48.574958],[-123.543975,48.57786],[-123.601429,48.719219]]],[[[-123.560769,48.719219],[-123.601429,48.719219],[-123.610268,48.739946],[-123.589938,48.735386],[-123.560769,48.719219]]],[[[-123.620875,48.764404],[-123.626179,48.776841],[-123.602313,48.793008],[-123.598778,48.795081],[-123.582867,48.805444],[-123.562537,48.799226],[-123.564305,48.780986],[-123.580215,48.768135],[-123.577564,48.75943],[-123.604965,48.755699],[-123.620875,48.764404]]],[[[-123.565189,48.817466],[-123.474146,48.877989],[-123.443209,48.856848],[-123.451164,48.84524],[-123.482101,48.856433],[-123.494476,48.846069],[-123.473262,48.840266],[-123.416691,48.801299],[-123.391942,48.797153],[-123.366308,48.771037],[-123.386638,48.753626],[-123.399013,48.758601],[-123.428182,48.755284],[-123.442325,48.767306],[-123.455583,48.765233],[-123.432602,48.744921],[-123.427298,48.73207],[-123.455583,48.725023],[-123.465306,48.71839],[-123.489172,48.713416],[-123.500663,48.715903],[-123.528064,48.735801],[-123.55193,48.747823],[-123.562537,48.766477],[-123.54751,48.772695],[-123.553698,48.787204],[-123.534252,48.798811],[-123.565189,48.817466]]],[[[-123.338907,48.635481],[-123.338023,48.635481],[-123.329184,48.642114],[-123.30355,48.615169],[-123.293827,48.616412],[-123.269077,48.601903],[-123.272613,48.591125],[-123.296479,48.594027],[-123.311505,48.611023],[-123.334487,48.624289],[-123.338907,48.635481]]],[[[-123.304434,48.723779],[-123.290291,48.715074],[-123.305318,48.701394],[-123.333603,48.720463],[-123.325648,48.729168],[-123.304434,48.723779]]],[[[-123.280568,48.810004],[-123.254935,48.790935],[-123.244328,48.770208],[-123.277917,48.755284],[-123.310621,48.76855],[-123.319461,48.776841],[-123.317693,48.788033],[-123.306202,48.799226],[-123.322112,48.802542],[-123.321228,48.822026],[-123.285872,48.815808],[-123.280568,48.810004]]],[[[-123.361005,48.831975],[-123.376915,48.813735],[-123.383102,48.824928],[-123.406084,48.840266],[-123.401665,48.849386],[-123.361005,48.831975]]],[[[-123.42553,48.910324],[-123.40962,48.921102],[-123.382219,48.911567],[-123.345978,48.904935],[-123.326532,48.884622],[-123.313273,48.881306],[-123.313273,48.862237],[-123.330068,48.861822],[-123.346862,48.867211],[-123.353933,48.859335],[-123.382219,48.865138],[-123.391058,48.884622],[-123.38929,48.891669],[-123.42553,48.910324]]],[[[-123.204552,48.756114],[-123.190409,48.752797],[-123.18157,48.740361],[-123.187757,48.734143],[-123.207203,48.732899],[-123.254935,48.761088],[-123.246096,48.766477],[-123.204552,48.756114]]],[[[-123.166543,48.806688],[-123.099366,48.788862],[-123.093179,48.764404],[-123.121464,48.766892],[-123.134722,48.762746],[-123.163008,48.764404],[-123.202784,48.774768],[-123.2019,48.783059],[-123.214275,48.791764],[-123.201016,48.797982],[-123.188641,48.813735],[-123.166543,48.806688]]],[[[-123.208971,48.817051],[-123.233721,48.829073],[-123.22665,48.832804],[-123.208971,48.817051]]],[[[-123.310621,48.851044],[-123.297363,48.858506],[-123.301782,48.868869],[-123.285872,48.873015],[-123.273497,48.858506],[-123.251399,48.845655],[-123.243444,48.824513],[-123.25847,48.819953],[-123.277917,48.825342],[-123.299131,48.826586],[-123.327416,48.832804],[-123.310621,48.851044]]]]}},{"type":"Feature","properties":{"fed_id":"590049157","name_en":"White Rock","res":4,"role":"hex"},"geometry":{"type":"Polygon","coordinates":[[[-122.789112,49.015618],[-122.828888,49.025567],[-122.86778,49.024738],[-122.810326,49.062461],[-122.483278,49.023494],[-122.474438,49.002352],[-122.758175,49.002352],[-122.789112,49.015618]]]}},{"type":"Feature","properties":{"fed_id":"590049159","name_en":"Victoria","res":4,"role":"hex"},"geometry":{"type":"Polygon","coordinates":[[[-123.767605,48.371417],[-123.785283,48.414944],[-123.741972,48.444791],[-123.658,48.500755],[-123.61734,48.528529],[-123.616456,48.528944],[-123.543975,48.57786],[-123.516573,48.574958],[-123.514806,48.567911],[-123.548394,48.557962],[-123.558117,48.549671],[-123.554582,48.534333],[-123.537787,48.533089],[-123.536904,48.546769],[-123.507734,48.552573],[-123.49094,48.572056],[-123.47503,48.569984],[-123.461771,48.559205],[-123.471494,48.569569],[-123.362772,48.557133],[-123.366308,48.53226],[-123.36454,48.514435],[-123.334487,48.497438],[-123.305318,48.494951],[-123.301782,48.480442],[-123.276149,48.46386],[-123.269077,48.455984],[-123.292059,48.443962],[-123.30797,48.426966],[-123.297363,48.420333],[-123.301782,48.410799],[-123.320345,48.407483],[-123.337139,48.40997],[-123.349514,48.406239],[-123.376915,48.409141],[-123.396361,48.420748],[-123.40962,48.417017],[-123.430834,48.427795],[-123.433486,48.450181],[-123.45028,48.449351],[-123.448512,48.431112],[-123.473262,48.429868],[-123.469726,48.41909],[-123.489172,48.393388],[-123.514806,48.384268],[-123.543975,48.356079],[-123.541323,48.342399],[-123.554582,48.337425],[-123.539555,48.324988],[-123.557234,48.312967],[-123.601429,48.317941],[-123.59259,48.329134],[-123.622643,48.336181],[-123.631482,48.334938],[-123.638554,48.316283],[-123.650928,48.313796],[-123.670375,48.321672],[-123.685401,48.335767],[-123.704847,48.339497],[-123.716338,48.347788],[-123.704847,48.363126],[-123.709267,48.370588],[-123.683633,48.376392],[-123.680982,48.36893],[-123.662419,48.363541],[-123.645625,48.363541],[-123.636786,48.369759],[-123.635018,48.386755],[-123.658884,48.390072],[-123.706615,48.38261],[-123.726061,48.371417],[-123.7349,48.354007],[-123.753463,48.359396],[-123.767605,48.371417]]]}},{"type":"Feature","properties":{"fed_id":"590049168","name_en":"Chilliwack","res":4,"role":"hex"},"geometry":{"type":"Polygon","coordinates":[[[-121.906082,49.142882],[-121.659469,49.299165],[-121.655934,49.301238],[-121.648863,49.300409],[-121.502133,49.282169],[-121.32535,49.259369],[-121.247565,49.059145],[-121.34126,49.00028],[-121.500365,48.999865],[-121.849511,49.00028],[-121.906082,49.142882]]]}},{"type":"Feature","properties":{"fed_id":"590049169","name_en":"Harrison Hot Springs","res":4,"role":"hex"},"geometry":{"type":"Polygon","coordinates":[[[-122.234898,49.183093],[-122.315334,49.382074],[-122.065186,49.540844],[-121.734602,49.500633],[-121.655934,49.301238],[-121.659469,49.299165],[-121.906082,49.142882],[-122.234898,49.183093]]]}},{"type":"Feature","properties":{"fed_id":"590049171","name_en":"Hope","res":4,"role":"hex"},"geometry":{"type":"Polygon","coordinates":[[[-121.648863,49.300409],[-121.655934,49.301238],[-121.734602,49.500633],[-121.548096,49.666451],[-121.214861,49.624582],[-121.073434,49.416481],[-121.32535,49.259369],[-121.502133,49.282169],[-121.648863,49.300409]]]}},{"type":"Feature","properties":{"fed_id":"590049173","name_en":"Abbotsford","res":4,"role":"hex"},"geometry":{"type":"Polygon","coordinates":[[[-122.474438,49.002352],[-122.483278,49.023494],[-122.245505,49.17646],[-122.234898,49.183093],[-121.906082,49.142882],[-121.849511,49.00028],[-121.996241,48.999865],[-122.116453,49.002352],[-122.474438,49.002352]]]}},{"type":"Feature","properties":{"fed_id":"590049196","name_en":"Powell River","res":4,"role":"hex"},"geometry":{"type":"MultiPolygon","coordinates":[[[[-124.263481,49.614218],[-124.285579,49.599709],[-124.405791,49.611731],[-124.435844,49.620022],[-124.43938,49.639505],[-124.465014,49.654014],[-124.477388,49.678887],[-124.499486,49.67184],[-124.5207,49.690909],[-124.621466,49.723243],[-124.636493,49.736094],[-124.639145,49.747287],[-124.623234,49.767185],[-124.632073,49.784181],[-124.62677,49.797861],[-124.614395,49.792472],[-124.605556,49.80325],[-124.587878,49.778377],[-124.554289,49.758479],[-124.533959,49.756821],[-124.510977,49.747287],[-124.498602,49.736508],[-124.458826,49.733192],[-124.444684,49.727803],[-124.418166,49.726974],[-124.39872,49.722414],[-124.381926,49.713294],[-124.356292,49.707905],[-124.352756,49.700029],[-124.326239,49.667694],[-124.263481,49.614218]]],[[[-124.671849,49.852166],[-124.646216,49.877453],[-124.630306,49.864188],[-124.637377,49.852581],[-124.662126,49.838901],[-124.671849,49.852166]]],[[[-124.62235,49.901497],[-124.526888,49.996013],[-124.197188,49.963264],[-124.092886,49.827708],[-124.100841,49.81693],[-124.081395,49.802421],[-124.101725,49.798275],[-124.130894,49.781694],[-124.169786,49.779206],[-124.173322,49.784181],[-124.206027,49.776305],[-124.218401,49.782108],[-124.270552,49.774232],[-124.259945,49.750188],[-124.289115,49.749774],[-124.310329,49.757236],[-124.330659,49.771745],[-124.380158,49.773817],[-124.396068,49.766356],[-124.447335,49.776719],[-124.466781,49.792472],[-124.497718,49.795788],[-124.526888,49.804494],[-124.52512,49.82149],[-124.530423,49.845948],[-124.548985,49.860871],[-124.556057,49.872064],[-124.577271,49.878697],[-124.592297,49.88906],[-124.62235,49.901497]]],[[[-124.053993,49.776719],[-124.041619,49.761381],[-124.176857,49.67184],[-124.205143,49.677229],[-124.198071,49.688836],[-124.202491,49.71205],[-124.17067,49.72117],[-124.141501,49.759723],[-124.121171,49.761796],[-124.111448,49.751017],[-124.085814,49.752676],[-124.096421,49.765526],[-124.092886,49.772574],[-124.053993,49.776719]]],[[[-124.21575,49.749359],[-124.203375,49.744385],[-124.166251,49.754748],[-124.166251,49.741068],[-124.196304,49.740239],[-124.218401,49.73485],[-124.21575,49.749359]]]]}},{"type":"Feature","properties":{"fed_id":"590049200","name_en":"Qualicum Beach","res":4,"role":"hex"},"geometry":{"type":"MultiPolygon","coordinates":[[[[-124.405791,49.611731],[-124.285579,49.599709],[-124.263481,49.54872],[-124.282043,49.550378],[-124.306793,49.570277],[-124.330659,49.574837],[-124.352756,49.588516],[-124.397836,49.603025],[-124.405791,49.611731]]],[[[-124.320936,49.324038],[-124.442916,49.241544],[-124.68776,49.266416],[-124.768196,49.274293],[-124.790294,49.325281],[-124.853052,49.469543],[-124.81416,49.496488],[-124.807972,49.500219],[-124.802669,49.50395],[-124.792946,49.497731],[-124.800017,49.480321],[-124.79383,49.464153],[-124.777035,49.468713],[-124.762893,49.464983],[-124.756705,49.455863],[-124.719581,49.459179],[-124.685108,49.448401],[-124.654171,49.426015],[-124.640912,49.42187],[-124.632957,49.406532],[-124.611743,49.401557],[-124.579922,49.382488],[-124.556941,49.379172],[-124.499486,49.365492],[-124.482692,49.367979],[-124.457058,49.354299],[-124.416398,49.360103],[-124.37839,49.353885],[-124.364247,49.35347],[-124.356292,49.34518],[-124.329775,49.334401],[-124.320936,49.324038]]],[[[-124.670082,49.550793],[-124.653287,49.541259],[-124.625002,49.537113],[-124.609092,49.52675],[-124.621466,49.52136],[-124.631189,49.528822],[-124.643564,49.520946],[-124.632957,49.511411],[-124.635609,49.503535],[-124.665662,49.491099],[-124.676269,49.499804],[-124.695715,49.506437],[-124.709858,49.533382],[-124.705438,49.542917],[-124.69218,49.549964],[-124.670082,49.550793]]],[[[-124.787642,49.514313],[-124.754937,49.535869],[-124.754937,49.532139],[-124.731072,49.507266],[-124.731072,49.502291],[-124.69218,49.487782],[-124.685108,49.474517],[-124.722233,49.484466],[-124.731956,49.481979],[-124.756705,49.489441],[-124.771732,49.506437],[-124.787642,49.514313]]],[[[-124.244919,49.506437],[-124.222821,49.455448],[-124.233428,49.461666],[-124.263481,49.455448],[-124.290882,49.456277],[-124.367783,49.479492],[-124.348337,49.492757],[-124.358944,49.49939],[-124.37397,49.49483],[-124.38281,49.50851],[-124.374854,49.517215],[-124.348337,49.520531],[-124.33331,49.513899],[-124.295302,49.508924],[-124.277624,49.501462],[-124.244919,49.506437]]]]}},{"type":"Feature","properties":{"fed_id":"590049201","name_en":"Courtenay","res":4,"role":"hex"},"geometry":{"type":"MultiPolygon","coordinates":[[[[-125.179216,49.500633],[-125.264956,49.69464],[-125.059004,49.834755],[-125.03337,49.819832],[-125.008621,49.794544],[-124.973264,49.774646],[-124.963541,49.761381],[-124.950283,49.759308],[-124.928185,49.740239],[-124.913158,49.739825],[-124.888409,49.724901],[-124.877802,49.709149],[-124.860123,49.701272],[-124.886641,49.675571],[-124.912274,49.668523],[-124.945863,49.672254],[-124.975032,49.680545],[-124.979452,49.673083],[-124.969729,49.662305],[-124.937024,49.64448],[-124.909622,49.625825],[-124.888409,49.594735],[-124.871614,49.559084],[-124.85482,49.531309],[-124.81416,49.496488],[-124.853052,49.469543],[-125.179216,49.500633]]],[[[-124.754937,49.535869],[-124.787642,49.514313],[-124.827418,49.537942],[-124.843329,49.55328],[-124.843329,49.584371],[-124.830954,49.601782],[-124.807972,49.583542],[-124.777035,49.569862],[-124.755821,49.541259],[-124.754937,49.535869]]]]}},{"type":"Feature","properties":{"fed_id":"590049202","name_en":"Sechelt","res":4,"role":"hex"},"geometry":{"type":"MultiPolygon","coordinates":[[[[-124.263481,49.54872],[-124.285579,49.599709],[-124.263481,49.614218],[-124.245803,49.600538],[-124.222821,49.591004],[-124.210446,49.578982],[-124.17509,49.558669],[-124.147688,49.537113],[-124.126474,49.501048],[-124.137965,49.488197],[-124.168902,49.501048],[-124.19542,49.52219],[-124.207794,49.527993],[-124.226357,49.528408],[-124.23608,49.537528],[-124.263481,49.54872]]],[[[-124.176857,49.67184],[-124.041619,49.761381],[-124.024824,49.759308],[-124.031012,49.752261],[-124.060181,49.741068],[-124.050458,49.721999],[-124.0646,49.707076],[-124.080511,49.700029],[-124.085814,49.652771],[-124.106144,49.654429],[-124.128242,49.650698],[-124.127358,49.665622],[-124.160063,49.661062],[-124.176857,49.67184]]],[[[-124.029244,49.620436],[-124.014217,49.628727],[-124.033663,49.634116],[-124.057529,49.631214],[-124.07344,49.661476],[-124.061065,49.697956],[-124.035431,49.723658],[-124.034547,49.741483],[-124.011565,49.75309],[-123.989468,49.755992],[-123.930245,49.749774],[-123.92671,49.749359],[-123.924942,49.749359],[-123.910799,49.747701],[-123.909915,49.747701],[-123.893121,49.734021],[-123.889585,49.721585],[-123.890469,49.699614],[-123.862184,49.672254],[-123.862184,49.658989],[-123.848041,49.639505],[-123.841854,49.620022],[-123.815337,49.593076],[-123.815337,49.571935],[-123.795006,49.547477],[-123.793239,49.534211],[-123.799426,49.519288],[-123.764953,49.492757],[-123.746391,49.496902],[-123.778212,49.520117],[-123.763186,49.53504],[-123.763186,49.549964],[-123.783516,49.569033],[-123.782632,49.590175],[-123.787051,49.602611],[-123.75965,49.618364],[-123.735784,49.623338],[-123.718106,49.637018],[-123.688053,49.641163],[-123.675678,49.638262],[-123.629715,49.531309],[-123.738436,49.459593],[-123.743739,49.469957],[-123.772909,49.469957],[-123.788819,49.465812],[-123.81622,49.467055],[-123.855113,49.477833],[-123.871907,49.468299],[-123.908148,49.485295],[-123.912567,49.498146],[-123.907264,49.507681],[-123.924942,49.51307],[-123.949691,49.506022],[-123.964718,49.509339],[-123.962066,49.528822],[-123.977977,49.537113],[-124.001842,49.555353],[-124.001842,49.566131],[-124.015985,49.586444],[-124.029244,49.620436]]],[[[-123.734016,49.729047],[-123.712802,49.726974],[-123.681865,49.652771],[-123.728713,49.64904],[-123.751695,49.641163],[-123.766721,49.641993],[-123.812685,49.630385],[-123.82506,49.634531],[-123.840086,49.659403],[-123.822408,49.675985],[-123.799426,49.682618],[-123.787051,49.691738],[-123.77556,49.711636],[-123.741088,49.72117],[-123.734016,49.729047]]],[[[-123.892237,49.745628],[-123.745507,49.73029],[-123.750811,49.724072],[-123.789703,49.709978],[-123.810917,49.690494],[-123.842738,49.687178],[-123.868371,49.726145],[-123.887817,49.73485],[-123.892237,49.745628]]],[[[-124.222821,49.455448],[-124.244919,49.506437],[-124.221937,49.491099],[-124.213098,49.479077],[-124.191884,49.478248],[-124.166251,49.456692],[-124.173322,49.438866],[-124.189232,49.442597],[-124.206911,49.453375],[-124.222821,49.455448]]],[[[-124.246687,49.510582],[-124.247571,49.51307],[-124.248455,49.513484],[-124.250222,49.518873],[-124.239615,49.516386],[-124.246687,49.510582]]],[[[-124.199839,49.505608],[-124.185697,49.487368],[-124.200723,49.489026],[-124.214866,49.506851],[-124.199839,49.505608]]],[[[-123.975325,49.508095],[-123.956763,49.495244],[-123.957647,49.475346],[-123.96295,49.466641],[-123.977977,49.471201],[-123.984164,49.496488],[-123.975325,49.508095]]],[[[-124.032779,49.616705],[-124.046038,49.602611],[-124.059297,49.60344],[-124.0646,49.616291],[-124.058413,49.624582],[-124.032779,49.616705]]]]}},{"type":"Feature","properties":{"fed_id":"590049209","name_en":"Campbell River","res":4,"role":"hex"},"geometry":{"type":"MultiPolygon","coordinates":[[[[-125.234903,50.062339],[-125.226948,50.06151],[-125.223412,50.061096],[-125.18452,50.057779],[-125.16419,50.032492],[-125.152699,50.017983],[-125.147395,50.010936],[-125.161538,50.000158],[-125.186288,49.994769],[-125.195127,50.006791],[-125.201314,50.029591],[-125.215457,50.033321],[-125.219876,50.050732],[-125.234903,50.062339]]],[[[-125.677744,49.916835],[-125.512452,50.087212],[-125.268492,50.065241],[-125.262304,50.048245],[-125.246394,50.03871],[-125.233135,50.012594],[-125.228716,49.995183],[-125.217225,49.972384],[-125.207502,49.96658],[-125.203082,49.953315],[-125.18452,49.942122],[-125.182752,49.913518],[-125.158886,49.89818],[-125.133253,49.893206],[-125.115574,49.882013],[-125.114691,49.863359],[-125.087289,49.847606],[-125.059004,49.834755],[-125.264956,49.69464],[-125.590236,49.724487],[-125.677744,49.916835]]]]}},{"type":"Feature","properties":{"fed_id":"590049216","name_en":"Pemberton","res":4,"role":"hex"},"geometry":{"type":"Polygon","coordinates":[[[-123.026001,50.028347],[-123.178918,50.233131],[-122.996832,50.402265],[-122.660944,50.365785],[-122.638847,50.335938],[-122.614097,50.301945],[-122.509795,50.159343],[-122.53808,50.133226],[-122.68481,49.999329],[-122.693649,49.991453],[-123.026001,50.028347]]]}},{"type":"Feature","properties":{"fed_id":"590049225","name_en":"Port Alberni","res":4,"role":"hex"},"geometry":{"type":"MultiPolygon","coordinates":[[[[-124.811508,49.24486],[-124.768196,49.274293],[-124.68776,49.266416],[-124.442916,49.241544],[-124.358944,49.04505],[-124.599369,48.88172],[-124.922881,48.914469],[-124.948515,48.974992],[-124.914042,48.973334],[-124.899899,48.975407],[-124.89106,48.988672],[-124.857472,49.006083],[-124.857472,49.016447],[-124.838909,49.042977],[-124.836258,49.068265],[-124.81416,49.094795],[-124.815044,49.112621],[-124.796481,49.13169],[-124.792062,49.159464],[-124.807972,49.168999],[-124.816811,49.183922],[-124.810624,49.205893],[-124.815928,49.235326],[-124.811508,49.24486]]],[[[-124.953818,48.987014],[-125.007737,49.110963],[-124.837141,49.227449],[-124.827418,49.210453],[-124.823883,49.183922],[-124.828302,49.167755],[-124.808856,49.155733],[-124.817695,49.119668],[-124.837141,49.101014],[-124.831838,49.088992],[-124.855704,49.075726],[-124.856588,49.069508],[-124.876918,49.064119],[-124.862775,49.055414],[-124.861891,49.040076],[-124.873382,49.011058],[-124.892828,49.002767],[-124.89548,48.99572],[-124.912274,48.984527],[-124.93614,48.982454],[-124.953818,48.987014]]]]}},{"type":"Feature","properties":{"fed_id":"590049226","name_en":"Ladysmith","res":4,"role":"hex"},"geometry":{"type":"MultiPolygon","coordinates":[[[[-124.033663,49.010643],[-123.879862,49.113864],[-123.863952,49.124228],[-123.843622,49.138322],[-123.818872,49.135835],[-123.807381,49.125057],[-123.801194,49.101428],[-123.793239,49.087748],[-123.769373,49.058316],[-123.747275,49.042148],[-123.762302,49.028883],[-123.781748,49.029712],[-123.791471,49.022665],[-123.772909,49.016032],[-123.760534,49.004425],[-123.761418,48.989087],[-123.776444,48.989916],[-123.818872,49.000694],[-123.803846,48.981211],[-123.756114,48.958411],[-123.736668,48.936025],[-123.716338,48.928149],[-123.710151,48.9182],[-123.692472,48.906178],[-123.673026,48.898302],[-123.669491,48.887524],[-123.666839,48.888767],[-123.665955,48.885866],[-123.645625,48.882549],[-123.639438,48.864309],[-123.596126,48.8498],[-123.584635,48.824513],[-123.608501,48.817466],[-123.602313,48.793008],[-123.626179,48.776841],[-123.658,48.780572],[-123.719874,48.787619],[-123.950575,48.812906],[-124.033663,49.010643]]],[[[-123.474146,48.877989],[-123.565189,48.817466],[-123.57226,48.82327],[-123.571376,48.847728],[-123.548394,48.865967],[-123.566957,48.875502],[-123.573144,48.886695],[-123.589054,48.8954],[-123.591706,48.909909],[-123.586403,48.917785],[-123.598778,48.933123],[-123.59701,48.942658],[-123.578447,48.938927],[-123.54751,48.918614],[-123.530716,48.914469],[-123.505967,48.894571],[-123.474146,48.877989]]],[[[-123.40962,48.921102],[-123.42553,48.910324],[-123.453816,48.921516],[-123.520993,48.945145],[-123.553698,48.965458],[-123.574028,48.982454],[-123.589938,49.001523],[-123.585519,49.012301],[-123.569608,49.010643],[-123.549278,48.988258],[-123.50685,48.958411],[-123.443209,48.937683],[-123.40962,48.921102]]],[[[-123.641205,48.943073],[-123.652696,48.944731],[-123.659768,48.955923],[-123.656232,48.967531],[-123.668607,48.979552],[-123.660652,48.983698],[-123.639438,48.979552],[-123.629715,48.964629],[-123.627947,48.942658],[-123.641205,48.943073]]],[[[-123.69424,49.011472],[-123.680098,49.018934],[-123.65358,48.994476],[-123.652696,48.988672],[-123.67833,48.981211],[-123.691589,48.981625],[-123.701312,48.997792],[-123.69424,49.011472]]],[[[-123.829479,49.147442],[-123.791471,49.173144],[-123.77556,49.171486],[-123.75965,49.164853],[-123.703963,49.159464],[-123.690705,49.142468],[-123.691589,49.134592],[-123.732249,49.12713],[-123.763186,49.130032],[-123.787935,49.139566],[-123.829479,49.147442]]],[[[-123.65358,49.053341],[-123.658,49.070752],[-123.697776,49.099355],[-123.716338,49.124643],[-123.697776,49.124643],[-123.671258,49.10889],[-123.665955,49.092308],[-123.623527,49.062046],[-123.602313,49.038417],[-123.591706,49.020178],[-123.602313,49.01313],[-123.65358,49.053341]]]]}},{"type":"Feature","properties":{"fed_id":"590049227","name_en":"Nanaimo","res":4,"role":"hex"},"geometry":{"type":"MultiPolygon","coordinates":[[[[-124.320936,49.324038],[-124.289999,49.331914],[-124.264365,49.325281],[-124.261713,49.311602],[-124.251106,49.304969],[-124.235196,49.309114],[-124.213098,49.302067],[-124.179509,49.305798],[-124.166251,49.294191],[-124.135314,49.289631],[-124.117635,49.276365],[-124.124707,49.265173],[-124.14592,49.265587],[-124.163599,49.269733],[-124.193652,49.268489],[-124.17067,49.253565],[-124.141501,49.251493],[-124.126474,49.256467],[-124.075207,49.252736],[-124.052226,49.248176],[-124.035431,49.249005],[-124.00803,49.238642],[-123.981512,49.239056],[-123.952343,49.227035],[-123.941736,49.211697],[-123.966486,49.207551],[-123.968254,49.19926],[-123.950575,49.193042],[-123.934665,49.166097],[-123.921406,49.158221],[-123.927594,49.14537],[-123.909031,49.133762],[-123.898424,49.140395],[-123.871907,49.142468],[-123.843622,49.138322],[-123.863952,49.124228],[-123.863952,49.125057],[-123.863952,49.124228],[-123.879862,49.113864],[-124.033663,49.010643],[-124.358944,49.04505],[-124.442916,49.241544],[-124.320936,49.324038]]],[[[-123.793239,49.178948],[-123.791471,49.173144],[-123.829479,49.147442],[-123.862184,49.158221],[-123.871907,49.169413],[-123.858648,49.178119],[-123.863952,49.198431],[-123.817988,49.202162],[-123.821524,49.190555],[-123.793239,49.178948]]],[[[-123.930245,49.19926],[-123.921406,49.189726],[-123.935549,49.176875],[-123.94704,49.194286],[-123.930245,49.19926]]]]}},{"type":"Feature","properties":{"fed_id":"590049230","name_en":"Duncan","res":4,"role":"hex"},"geometry":{"type":"Polygon","coordinates":[[[-123.741972,48.444791],[-123.785283,48.414944],[-124.108796,48.45101],[-124.191884,48.64999],[-123.950575,48.812906],[-123.719874,48.787619],[-123.658,48.780572],[-123.626179,48.776841],[-123.620875,48.764404],[-123.643857,48.759844],[-123.643857,48.75943],[-123.63325,48.75943],[-123.643857,48.746579],[-123.610268,48.739946],[-123.601429,48.719219],[-123.543975,48.57786],[-123.616456,48.528944],[-123.61734,48.528529],[-123.658,48.500755],[-123.741972,48.444791]]]}},{"type":"Feature","properties":{"fed_id":"590049233","name_en":"Comox","res":4,"role":"hex"},"geometry":{"type":"Polygon","coordinates":[[[-125.33125,49.142053],[-125.416989,49.336889],[-125.179216,49.500633],[-124.853052,49.469543],[-124.790294,49.325281],[-124.768196,49.274293],[-124.811508,49.24486],[-124.831838,49.246933],[-124.838909,49.241958],[-124.837141,49.227449],[-125.007737,49.110963],[-125.33125,49.142053]]]}},{"type":"Feature","properties":{"fed_id":"590049238","name_en":"North Vancouver","res":4,"role":"hex"},"geometry":{"type":"MultiPolygon","coordinates":[[[[-123.082572,49.284656],[-123.082572,49.286314],[-123.064893,49.287143],[-123.049867,49.293776],[-122.999484,49.290874],[-122.987109,49.295434],[-122.965895,49.287973],[-122.936726,49.292118],[-122.918163,49.289216],[-122.873084,49.292118],[-122.861593,49.280511],[-122.891646,49.261027],[-123.147097,49.290045],[-123.157704,49.297922],[-123.155936,49.3087],[-123.141794,49.314089],[-123.122348,49.29046],[-123.086991,49.287973],[-123.082572,49.284656]]],[[[-123.236373,49.338547],[-123.25847,49.390779],[-123.245212,49.402801],[-123.232837,49.424772],[-123.239024,49.438452],[-123.240792,49.469128],[-123.249631,49.489026],[-123.249631,49.501462],[-123.261122,49.50851],[-123.261122,49.521775],[-123.05517,49.655672],[-122.72547,49.618364],[-122.64415,49.421041],[-122.84745,49.289631],[-122.871316,49.301238],[-122.91728,49.292947],[-122.929654,49.304554],[-122.927003,49.321551],[-122.913744,49.316576],[-122.896066,49.330256],[-122.888994,49.349325],[-122.862477,49.383732],[-122.869548,49.400314],[-122.860709,49.405703],[-122.853638,49.425601],[-122.862477,49.45379],[-122.87662,49.447157],[-122.875736,49.42187],[-122.884575,49.409848],[-122.887226,49.396997],[-122.879271,49.38083],[-122.891646,49.375441],[-122.889878,49.363834],[-122.906673,49.356372],[-122.909324,49.34891],[-122.947333,49.325696],[-122.948217,49.304554],[-122.956172,49.300409],[-122.986225,49.308285],[-123.025117,49.296263],[-123.056054,49.304554],[-123.070197,49.304969],[-123.102018,49.31326],[-123.114392,49.3087],[-123.17715,49.331914],[-123.205436,49.340205],[-123.236373,49.338547]]]]}},{"type":"Feature","properties":{"fed_id":"590049239","name_en":"Port Moody","res":4,"role":"hex"},"geometry":{"type":"MultiPolygon","coordinates":[[[[-123.492708,49.516386],[-123.629715,49.531309],[-123.675678,49.638262],[-123.645625,49.642822],[-123.632366,49.653185],[-123.616456,49.6536],[-123.590822,49.661476],[-123.587287,49.666451],[-123.560769,49.672669],[-123.559001,49.683032],[-123.591706,49.676814],[-123.607617,49.670596],[-123.658884,49.658574],[-123.664187,49.649454],[-123.681865,49.652771],[-123.712802,49.726974],[-123.536904,49.895279],[-123.398129,49.880769],[-123.223998,49.861701],[-123.20632,49.860042],[-123.05517,49.655672],[-123.261122,49.521775],[-123.237257,49.557011],[-123.22223,49.588931],[-123.218694,49.607585],[-123.20632,49.620022],[-123.208087,49.629142],[-123.224882,49.646967],[-123.218694,49.655258],[-123.189525,49.656916],[-123.169195,49.666451],[-123.15682,49.679716],[-123.183338,49.685105],[-123.22223,49.675985],[-123.25847,49.662305],[-123.259354,49.636603],[-123.253167,49.630385],[-123.248747,49.611731],[-123.255819,49.609658],[-123.264658,49.590175],[-123.278801,49.581884],[-123.308854,49.583542],[-123.345978,49.569033],[-123.357469,49.554109],[-123.391942,49.560742],[-123.422879,49.544575],[-123.44586,49.540015],[-123.477681,49.528408],[-123.492708,49.516386]]],[[[-123.308854,49.552451],[-123.292059,49.543746],[-123.290291,49.52219],[-123.301782,49.513484],[-123.320345,49.520117],[-123.3283,49.533797],[-123.308854,49.552451]]],[[[-123.337139,49.49939],[-123.442325,49.510997],[-123.424646,49.527164],[-123.394593,49.527579],[-123.380451,49.53504],[-123.355701,49.527993],[-123.353049,49.516386],[-123.337139,49.49939]]]]}},{"type":"Feature","properties":{"fed_id":"590049241","name_en":"Squamish","res":4,"role":"hex"},"geometry":{"type":"Polygon","coordinates":[[[-123.05517,49.655672],[-123.20632,49.860042],[-123.026001,50.028347],[-122.693649,49.991453],[-122.543384,49.785839],[-122.72547,49.618364],[-123.05517,49.655672]]]}},{"type":"Feature","properties":{"fed_id":"590049243","name_en":"Gibsons","res":4,"role":"hex"},"geometry":{"type":"MultiPolygon","coordinates":[[[[-123.738436,49.459593],[-123.629715,49.531309],[-123.492708,49.516386],[-123.494476,49.499804],[-123.469726,49.485295],[-123.482985,49.48115],[-123.482101,49.467055],[-123.467958,49.44923],[-123.480333,49.419383],[-123.49536,49.412336],[-123.514806,49.387463],[-123.538671,49.384147],[-123.558117,49.390779],[-123.569608,49.401972],[-123.585519,49.402801],[-123.631482,49.418554],[-123.644741,49.418554],[-123.683633,49.435965],[-123.723409,49.438452],[-123.738436,49.459593]]],[[[-123.77556,49.171486],[-123.791471,49.173144],[-123.793239,49.178948],[-123.77556,49.171486]]],[[[-123.25847,49.390779],[-123.236373,49.338547],[-123.249631,49.340205],[-123.268194,49.333158],[-123.269077,49.351812],[-123.284988,49.358859],[-123.288524,49.375027],[-123.26731,49.381245],[-123.25847,49.390779]]],[[[-123.442325,49.510997],[-123.337139,49.49939],[-123.334487,49.486539],[-123.318577,49.474517],[-123.314157,49.46291],[-123.326532,49.448815],[-123.353933,49.438037],[-123.375147,49.438866],[-123.357469,49.459593],[-123.388406,49.472859],[-123.40962,49.468299],[-123.423762,49.456692],[-123.424646,49.446743],[-123.436137,49.435135],[-123.446744,49.439695],[-123.438789,49.449644],[-123.457351,49.465397],[-123.444093,49.484881],[-123.45028,49.502706],[-123.442325,49.510997]]],[[[-123.329184,49.414823],[-123.308854,49.410677],[-123.322996,49.395339],[-123.322112,49.386219],[-123.332719,49.361761],[-123.345978,49.346423],[-123.362772,49.335231],[-123.416691,49.335231],[-123.431718,49.340205],[-123.419343,49.351812],[-123.430834,49.366736],[-123.38487,49.401557],[-123.365424,49.406532],[-123.357469,49.413994],[-123.329184,49.414823]]],[[[-123.42995,49.402387],[-123.438789,49.390779],[-123.471494,49.393267],[-123.459119,49.410677],[-123.42995,49.402387]]]]}},{"type":"Feature","properties":{"fed_id":"591344694","name_en":"Richmond","res":5,"role":"city"},"geometry":{"type":"MultiPolygon","coordinates":[[[[-123.122055,49.049911],[-123.149348,49.06216],[-123.122055,49.085945],[-123.094044,49.089513],[-123.081115,49.097124],[-123.073933,49.119481],[-123.045922,49.131611],[-123.039458,49.139579],[-123.009292,49.112584],[-123.067469,49.038257],[-123.098353,49.035284],[-123.09979,49.035165],[-123.122055,49.049911]]],[[[-123.122055,49.049911],[-123.150066,49.030408],[-123.152939,49.030051],[-123.122055,49.049911]]],[[[-123.168022,49.106519],[-123.129955,49.086421],[-123.140011,49.073696],[-123.155094,49.072626],[-123.179514,49.084042],[-123.188133,49.101286],[-123.168022,49.106519]]],[[[-123.196751,49.163245],[-123.078961,49.174543],[-123.04664,49.145882],[-123.073933,49.125784],[-123.121337,49.110919],[-123.14432,49.110919],[-123.175923,49.122335],[-123.195315,49.126498],[-123.196751,49.163245]]]]}},{"type":"Feature","properties":{"fed_id":"591344696","name_en":"Burnaby","res":5,"role":"city"},"geometry":{"type":"Polygon","coordinates":[[[-123.04664,49.145882],[-123.078961,49.174543],[-123.056695,49.203084],[-123.055259,49.205344],[-123.020784,49.24875],[-122.891501,49.260881],[-122.821832,49.198803],[-122.880727,49.124714],[-123.009292,49.112584],[-123.039458,49.139579],[-123.04664,49.145882]]]}},{"type":"Feature","properties":{"fed_id":"591344697","name_en":"Vancouver","res":5,"role":"core"},"geometry":{"type":"MultiPolygon","coordinates":[[[[-123.15653,49.304287],[-123.134265,49.306428],[-123.120618,49.299887],[-123.122773,49.290611],[-123.086861,49.288114],[-123.082552,49.284665],[-123.081834,49.286449],[-123.066032,49.288827],[-123.064596,49.287638],[-123.064596,49.287519],[-123.064596,49.2874],[-123.020784,49.24875],[-123.055259,49.205344],[-123.076088,49.208792],[-123.139292,49.201181],[-123.157967,49.211765],[-123.201779,49.222468],[-123.20968,49.231269],[-123.252774,49.250891],[-123.25421,49.25434],[-123.234818,49.279314],[-123.172331,49.271703],[-123.152221,49.277768],[-123.143602,49.288471],[-123.15653,49.304287]]],[[[-123.056695,49.203084],[-123.078961,49.174543],[-123.196751,49.163245],[-123.196751,49.175494],[-123.164431,49.173829],[-123.141447,49.181321],[-123.133547,49.196068],[-123.113436,49.200587],[-123.090452,49.196781],[-123.056695,49.203084]]],[[[-123.227636,49.227106],[-123.169458,49.214144],[-123.134983,49.198089],[-123.150784,49.179062],[-123.180232,49.178586],[-123.20968,49.187505],[-123.201779,49.215809],[-123.227636,49.227106]]]]}},{"type":"Feature","properties":{"fed_id":"591344700","name_en":"Delta","res":5,"role":"city"},"geometry":{"type":"Polygon","coordinates":[[[-123.056695,49.028267],[-123.067469,49.038257],[-123.009292,49.112584],[-122.880727,49.124714],[-122.81034,49.062398],[-122.840506,49.024819],[-122.870672,49.026008],[-122.884319,49.042895],[-122.88791,49.056809],[-122.872109,49.05669],[-122.860617,49.062993],[-122.85918,49.07655],[-122.866363,49.089275],[-122.890065,49.091415],[-122.946805,49.073458],[-123.008574,49.06335],[-123.039458,49.048841],[-123.056695,49.028267]]]}},{"type":"Feature","properties":{"fed_id":"591344708","name_en":"Maple Ridge","res":5,"role":"city"},"geometry":{"type":"Polygon","coordinates":[[[-122.504372,49.296557],[-122.433985,49.234242],[-122.493598,49.160272],[-122.622881,49.148498],[-122.69255,49.210814],[-122.633654,49.284784],[-122.504372,49.296557]]]}},{"type":"Feature","properties":{"fed_id":"591344709","name_en":"Coquitlam","res":5,"role":"city"},"geometry":{"type":"Polygon","coordinates":[[[-122.821832,49.198803],[-122.891501,49.260881],[-122.868517,49.290254],[-122.845534,49.279908],[-122.835479,49.285141],[-122.86349,49.296557],[-122.832606,49.334969],[-122.703323,49.346981],[-122.633654,49.284784],[-122.69255,49.210814],[-122.821832,49.198803]]]}},{"type":"Feature","properties":{"fed_id":"591344712","name_en":"Langley","res":5,"role":"city"},"geometry":{"type":"Polygon","coordinates":[[[-122.482825,49.023511],[-122.612107,49.011856],[-122.68034,49.073101],[-122.68034,49.076193],[-122.622881,49.148498],[-122.493598,49.160272],[-122.423929,49.097718],[-122.482825,49.023511]]]}},{"type":"Feature","properties":{"fed_id":"591344713","name_en":"Surrey","res":5,"role":"core"},"geometry":{"type":"Polygon","coordinates":[[[-122.622881,49.148498],[-122.68034,49.076193],[-122.68034,49.076074],[-122.681776,49.074291],[-122.81034,49.062398],[-122.880727,49.124714],[-122.821832,49.198803],[-122.69255,49.210814],[-122.622881,49.148498]]]}},{"type":"Feature","properties":{"fed_id":"591344714","name_en":"Mission","res":5,"role":"city"},"geometry":{"type":"Polygon","coordinates":[[[-122.423929,49.097718],[-122.493598,49.160272],[-122.433985,49.234242],[-122.304702,49.245777],[-122.235033,49.183224],[-122.240779,49.176326],[-122.247243,49.168359],[-122.294647,49.109254],[-122.356415,49.103783],[-122.423929,49.097718]]]}},{"type":"Feature","properties":{"fed_id":"600023712","name_en":"Whitehorse","res":4,"role":"hex"},"geometry":{"type":"Polygon","coordinates":[[[-134.67776,60.40105],[-135.092315,60.386126],[-135.361025,60.571012],[-135.214296,60.772895],[-134.793552,60.789062],[-134.525726,60.602518],[-134.67776,60.40105]]]}},{"type":"Feature","properties":{"fed_id":"610023440","name_en":"Yellowknife","res":4,"role":"hex"},"geometry":{"type":"Polygon","coordinates":[[[-114.30707,62.419875],[-114.313258,62.438115],[-114.324748,62.446821],[-114.307954,62.463402],[-114.304418,62.492835],[-114.317677,62.503199],[-114.345962,62.482471],[-114.350382,62.467548],[-114.340659,62.454697],[-114.341543,62.420704],[-114.366292,62.400392],[-114.36806,62.38837],[-114.383087,62.378836],[-114.397229,62.370959],[-114.414908,62.369716],[-114.442309,62.358523],[-114.726046,62.387956],[-114.739304,62.399977],[-114.760518,62.408268],[-114.797643,62.411999],[-114.800294,62.424021],[-114.845374,62.433555],[-114.862168,62.431483],[-114.882498,62.448479],[-114.865704,62.455112],[-114.897525,62.467548],[-114.916971,62.458013],[-114.961167,62.46589],[-115.086683,62.640412],[-114.753447,62.823226],[-114.2505,62.772237],[-114.087859,62.53802],[-114.30707,62.419875]]]}},{"type":"Feature","properties":{"fed_id":"620018255","name_en":"Iqaluit","res":4,"role":"hex"},"geometry":{"type":"Polygon","coordinates":[[[-68.038575,64.015453],[-68.262205,63.779163],[-68.613119,63.75885],[-68.626378,63.758021],[-68.627262,63.758021],[-68.629914,63.758021],[-68.640521,63.764654],[-68.650244,63.756778],[-68.65378,63.756363],[-68.659083,63.76341],[-68.702395,63.753461],[-68.805813,63.747243],[-68.815536,63.746829],[-68.826143,63.745999],[-68.835866,63.745585],[-69.194735,63.947882],[-68.978176,64.185415],[-68.394793,64.219408],[-68.038575,64.015453]]]}}]}
