{"type":"FeatureCollection","features":[{"type":"Feature","properties":{"kind":"border","from_year":1867,"to_year":1869,"a":"arctic_islands","b":"north_western_territory"},"geometry":{"type":"MultiLineString","coordinates":[[[-97.900737,68.475939],[-97.559546,68.415001]],[[-97.052179,68.540193],[-97.141454,68.518222]],[[-97.521537,68.424535],[-97.559546,68.415001]],[[-97.277577,68.484644],[-97.47027,68.436971]],[[-104.575174,68.559262],[-104.647655,68.568796]],[[-104.647655,68.568796],[-104.65119,68.575843]],[[-115.421686,68.934838],[-115.592282,68.945202]],[[-115.592282,68.945202],[-115.626754,68.980852]],[[-108.398987,68.56092],[-108.150607,68.533975]],[[-107.825326,68.649632],[-108.150607,68.533975]],[[-107.181837,69.103143],[-107.310888,69.117237]],[[-106.158264,69.212997],[-106.278476,69.173615]],[[-106.158264,69.212997],[-105.87276,69.179419]],[[-107.310888,69.117237],[-107.761685,68.963027]],[[-94.723948,71.834983],[-94.723065,71.834983]],[[-94.623182,71.854052],[-94.449935,71.887215]],[[-94.727484,71.835397],[-94.723948,71.834983]],[[-95.191539,71.911673],[-94.859187,71.857368]],[[-96.989421,68.555116],[-96.595195,68.482157]],[[-96.594311,68.482157],[-96.467911,68.458528]],[[-85.351805,69.873779],[-85.317332,69.864659]],[[-95.871269,69.363061],[-95.888948,69.576966]],[[-113.928755,68.422877],[-113.907541,68.398004]],[[-114.078136,68.643829],[-114.108189,68.630563]]]}},{"type":"Feature","properties":{"kind":"border","from_year":1867,"to_year":1869,"a":"arctic_islands","b":"ruperts_land"},"geometry":{"type":"MultiLineString","coordinates":[[[-78.826749,71.487596],[-78.641127,71.729274]],[[-78.641127,71.729274],[-77.97996,71.788554]],[[-77.939299,71.792285],[-77.865935,71.798918]],[[-77.865935,71.798918],[-77.773124,71.771143]],[[-77.720089,71.755391],[-77.289622,71.625224]],[[-77.289622,71.625224],[-77.490271,71.384789]],[[-77.490271,71.384789],[-76.928985,71.209852]],[[-79.586916,71.413807],[-80.176487,71.580453]],[[-78.826749,71.487596],[-79.586916,71.413807]],[[-76.167051,71.272862],[-76.928985,71.209852]],[[-75.619908,71.094194],[-74.858858,71.151816]],[[-74.858858,71.151816],[-74.325858,70.969002]],[[-74.034166,70.546997],[-74.260448,70.308634]],[[-76.167051,71.272862],[-75.619908,71.094194]],[[-80.934885,71.50169],[-81.091338,71.257524]],[[-81.091338,71.257524],[-81.83471,71.17503]],[[-81.977904,70.930035],[-81.83471,71.17503]],[[-81.977904,70.930035],[-82.705365,70.84381]],[[-82.705365,70.84381],[-83.301124,71.000922]],[[-80.176487,71.580453],[-80.934885,71.50169]],[[-73.566575,71.021649],[-74.325858,70.969002]],[[-84.02505,70.909722],[-84.141726,70.662654]],[[-84.141726,70.662654],[-84.850626,70.568139]],[[-83.301124,71.000922],[-84.02505,70.909722]],[[-70.139639,64.110383],[-69.771931,63.910573]],[[-69.771931,63.910573],[-69.980535,63.671382]],[[-69.980535,63.671382],[-69.619014,63.471157]],[[-68.297562,67.786968],[-67.629323,67.8164]],[[-67.629323,67.8164],[-67.228026,67.61203]],[[-67.228026,67.61203],[-67.490548,67.380301]],[[-67.490548,67.380301],[-68.147297,67.351283]],[[-68.002335,66.914354],[-68.399212,67.11748]],[[-68.399212,67.11748],[-68.147297,67.351283]],[[-68.71035,67.98885],[-68.297562,67.786968]],[[-68.71035,67.98885],[-68.453131,68.221824]],[[-68.250715,66.680551],[-68.002335,66.914354]],[[-68.888901,66.648217],[-69.127558,66.412757]],[[-69.127558,66.412757],[-69.109879,66.403637]],[[-69.101924,66.399491],[-68.7351,66.210874]],[[-68.7351,66.210874],[-68.746591,66.200096]],[[-68.758965,66.187245],[-68.971105,65.975413]],[[-68.971105,65.975413],[-69.591613,65.939763]],[[-68.250715,66.680551],[-68.888901,66.648217]],[[-69.993794,68.586622],[-69.741878,68.821253]],[[-68.874758,68.422877],[-69.558908,68.38847]],[[-69.558908,68.38847],[-69.993794,68.586622]],[[-68.874758,68.422877],[-68.453131,68.221824]],[[-70.886547,68.979194],[-70.186487,69.018576]],[[-70.186487,69.018576],[-69.741878,68.821253]],[[-69.497034,64.826299],[-69.124022,64.624831]],[[-69.124022,64.624831],[-69.343233,64.387298]],[[-69.343233,64.387298],[-69.929268,64.349574]],[[-70.139639,64.110383],[-69.929268,64.349574]],[[-69.497034,64.826299],[-69.275171,65.063833]],[[-69.654371,65.264472],[-69.275171,65.063833]],[[-68.309937,63.32814],[-68.698859,63.30534]],[[-68.698859,63.30534],[-69.051541,63.508052]],[[-67.811409,63.11009],[-68.007638,62.897429]],[[-68.080119,63.306998],[-67.980237,63.247718]],[[-67.979353,63.247718],[-67.958139,63.234868]],[[-67.930738,63.2187],[-67.880354,63.188439]],[[-69.051541,63.508052],[-69.619014,63.471157]],[[-69.43074,65.502005],[-69.817895,65.702229]],[[-69.817895,65.702229],[-69.591613,65.939763]],[[-69.654371,65.264472],[-69.43074,65.502005]],[[-73.753081,70.122919],[-73.0212,70.173908]],[[-73.0212,70.173908],[-72.527976,69.984876]],[[-72.527976,69.984876],[-72.764865,69.747757]],[[-72.764865,69.747757],[-72.283132,69.557897]],[[-74.260448,70.308634],[-73.753081,70.122919]],[[-71.343531,69.1732],[-70.886547,68.979194]],[[-73.289026,70.5984],[-73.048602,70.835104]],[[-73.566575,71.021649],[-73.048602,70.835104]],[[-73.289026,70.5984],[-74.034166,70.546997]],[[-71.098687,69.409076],[-71.567161,69.602667]],[[-71.343531,69.1732],[-71.098687,69.409076]],[[-71.567161,69.602667],[-72.283132,69.557897]],[[-65.233031,61.876409],[-65.199442,61.853609]],[[-65.173809,61.835784],[-65.089837,61.778577]],[[-66.683535,62.072488],[-66.19031,62.096117]],[[-66.16998,62.096946],[-66.140811,62.09819]],[[-66.140811,62.09819],[-66.131972,62.092801]],[[-67.669983,62.69223],[-67.115769,62.721663]],[[-67.115769,62.721663],[-66.786069,62.514806]],[[-66.786069,62.514806],[-67.007931,62.27976]],[[-67.007931,62.27976],[-66.683535,62.072488]],[[-68.007638,62.897429],[-67.669983,62.69223]],[[-84.955811,70.320242],[-84.850626,70.568139]],[[-84.367124,70.16769],[-84.955811,70.320242]],[[-84.436954,70.008505],[-84.367124,70.16769]]]}},{"type":"Feature","properties":{"kind":"border","from_year":1867,"to_year":1869,"a":"british_columbia","b":"north_western_territory"},"geometry":{"type":"MultiLineString","coordinates":[[[-119.809437,58.635095],[-120.000362,58.651262]],[[-120.000362,58.651262],[-120.242555,58.671575]],[[-120.242555,58.671575],[-120.422873,58.892526]],[[-120.422873,58.892526],[-120.167422,59.078656]],[[-119.634422,58.4129],[-119.809437,58.635095]],[[-120.167422,59.078656],[-120.349508,59.300022]],[[-120.349508,59.300022],[-120.090522,59.486567]],[[-119.888105,58.228843],[-119.713974,58.007062]],[[-119.713974,58.007062],[-119.964122,57.823419]],[[-119.634422,58.4129],[-119.888105,58.228843]],[[-119.792642,57.602468],[-119.964122,57.823419]],[[-120.011853,59.895721],[-120.198359,60.117916]],[[-120.911678,59.962048],[-120.650923,60.15108]],[[-120.650923,60.15108],[-120.198359,60.117916]],[[-120.011853,59.895721],[-120.27526,59.708348]],[[-120.090522,59.486567],[-120.27526,59.708348]],[[-121.61439,59.803693],[-121.360706,59.993139]],[[-121.360706,59.993139],[-120.911678,59.962048]],[[-122.059883,59.832296],[-121.61439,59.803693]],[[-120.086102,55.994869],[-120.251394,56.214162]],[[-120.251394,56.214162],[-120.015389,56.394903]],[[-120.086102,55.994869],[-120.319455,55.814957]],[[-120.155047,55.596078],[-120.319455,55.814957]],[[-120.182449,56.614611],[-120.000362,56.753068]],[[-120.015389,56.394903],[-120.182449,56.614611]],[[-120.000362,56.753068],[-119.942908,56.796181]],[[-120.384865,55.416995],[-120.222225,55.198946]],[[-120.155047,55.596078],[-120.384865,55.416995]],[[-119.674198,54.939441],[-119.833303,55.15832]],[[-120.222225,55.198946],[-119.833303,55.15832]],[[-119.674198,54.939441],[-119.903132,54.762431]],[[-119.746679,54.543967],[-119.903132,54.762431]],[[-120.039255,57.419654],[-120.000362,57.369494]],[[-120.000362,57.100456],[-120.111736,57.016303]],[[-120.000362,57.369494],[-119.868659,57.198702]],[[-119.868659,57.198702],[-120.000362,57.100456]],[[-119.942908,56.796181],[-120.000362,56.871213]],[[-120.000362,56.871213],[-120.111736,57.016303]],[[-119.792642,57.602468],[-120.000362,57.448258]],[[-120.000362,57.448258],[-120.039255,57.419654]],[[-123.599661,60.122891],[-124.045154,60.144447]],[[-122.257879,60.049931],[-122.706024,60.075633]],[[-125.601727,60.004332],[-125.378097,60.198752]],[[-125.378097,60.198752],[-124.934372,60.182171]],[[-124.934372,60.182171],[-124.750518,60.000186]],[[-124.750518,60.000186],[-124.720465,59.970754]],[[-124.720465,59.970754],[-124.278508,59.95127]],[[-126.041033,60.018841],[-125.601727,60.004332]],[[-124.045154,60.144447],[-124.278508,59.95127]],[[-126.041033,60.018841],[-126.262895,60.227356]],[[-123.392825,59.908572],[-122.9491,59.884529]],[[-122.706024,60.075633],[-122.9491,59.884529]],[[-123.392825,59.908572],[-123.599661,60.122891]],[[-117.907253,52.307506],[-118.045144,52.526799]],[[-117.543964,52.256517],[-117.907253,52.307506]],[[-118.4102,52.575716],[-118.045144,52.526799]],[[-120.105548,53.581812],[-119.952631,53.365421]],[[-119.952631,53.365421],[-119.582271,53.322308]],[[-119.582271,53.322308],[-119.432889,53.104673]],[[-119.885453,53.756749],[-120.105548,53.581812]],[[-120.039255,53.97397],[-120.000362,53.918836]],[[-120.000362,53.918836],[-119.885453,53.756749]],[[-119.064297,53.059488],[-118.840667,53.231938]],[[-118.840667,53.231938],[-118.470307,53.185094]],[[-118.470307,53.185094],[-118.327113,52.965801]],[[-118.327113,52.965801],[-118.552511,52.794594]],[[-118.4102,52.575716],[-118.552511,52.794594]],[[-119.432889,53.104673],[-119.064297,53.059488]],[[-120.000362,54.005061],[-120.039255,53.97397]],[[-119.972077,54.367372],[-119.816508,54.149736]],[[-119.816508,54.149736],[-120.000362,54.005061]],[[-119.746679,54.543967],[-119.972077,54.367372]],[[-130.79826,60.083924],[-131.223422,60.081437]],[[-134.564619,60.013866],[-134.413469,60.214505]],[[-134.413469,60.214505],[-133.998029,60.226941]],[[-133.998029,60.226941],[-133.739043,60.038324]],[[-133.739043,60.038324],[-133.323603,60.048688]],[[-133.323603,60.048688],[-133.069036,59.858412]],[[-134.974755,59.999772],[-134.564619,60.013866]],[[-134.974755,59.999772],[-134.986246,60.008477]],[[-134.986246,60.008477],[-135.239045,60.185072]],[[-132.653596,59.866703],[-132.543107,60.000186]],[[-132.543107,60.000186],[-132.488304,60.065684]],[[-132.488304,60.065684],[-132.068445,60.072317]],[[-132.068445,60.072317],[-131.818297,59.878725]],[[-131.818297,59.878725],[-131.399321,59.88287]],[[-133.069036,59.858412],[-132.653596,59.866703]],[[-131.223422,60.081437],[-131.295019,60.000186]],[[-131.295019,60.000186],[-131.399321,59.88287]],[[-128.142097,60.000186],[-127.990948,59.866289]],[[-128.850112,59.878725],[-128.653884,60.076048]],[[-128.653884,60.076048],[-128.221649,60.069829]],[[-128.221649,60.069829],[-128.142097,60.000186]],[[-127.990948,59.866289],[-127.558714,59.857998]],[[-129.278811,59.88287],[-128.850112,59.878725]],[[-129.5157,60.083095],[-129.944398,60.084753]],[[-129.278811,59.88287],[-129.5157,60.083095]],[[-126.703085,60.239378],[-126.916108,60.043713]],[[-126.916108,60.043713],[-127.352762,60.054077]],[[-126.703085,60.239378],[-126.262895,60.227356]],[[-127.352762,60.054077],[-127.558714,59.857998]],[[-130.555183,59.887016],[-130.130904,59.887016]],[[-130.555183,59.887016],[-130.79826,60.083924]],[[-129.944398,60.084753],[-130.024835,60.000186]],[[-130.024835,60.000186],[-130.130904,59.887016]],[[-137.395796,59.890332],[-136.997151,59.911474]],[[-137.668926,60.068586],[-138.067571,60.045371]],[[-136.939696,60.000186],[-136.997151,59.911474]],[[-137.395796,59.890332],[-137.668926,60.068586]],[[-136.866331,60.112113],[-136.939696,60.000186]],[[-138.187783,59.844732],[-138.581125,59.820274]],[[-138.067571,60.045371],[-138.187783,59.844732]],[[-136.193673,59.950441],[-136.462383,60.132011]],[[-135.648298,60.168491],[-135.78884,59.967852]],[[-135.78884,59.967852],[-136.193673,59.950441]],[[-135.648298,60.168491],[-135.239045,60.185072]],[[-136.866331,60.112113],[-136.462383,60.132011]]]}},{"type":"Feature","properties":{"kind":"border","from_year":1867,"to_year":1869,"a":"british_columbia","b":"ruperts_land"},"geometry":{"type":"MultiLineString","coordinates":[[[-116.917269,51.763625],[-116.5584,51.708905]],[[-116.5584,51.708905],[-116.430232,51.487954]],[[-116.430232,51.487954],[-116.073131,51.431576]],[[-116.073131,51.431576],[-115.948499,51.21021]],[[-116.917269,51.763625],[-117.048972,51.984162]],[[-117.409609,52.036809],[-117.048972,51.984162]],[[-115.472069,50.929979],[-115.594049,51.152174]],[[-115.948499,51.21021],[-115.594049,51.152174]],[[-115.472069,50.929979],[-115.702771,50.767478]],[[-115.232528,50.486832],[-115.581675,50.546526]],[[-115.581675,50.546526],[-115.702771,50.767478]],[[-117.409609,52.036809],[-117.543964,52.256517]],[[-114.316793,49.31782],[-114.428166,49.538771]],[[-114.543959,49.160708],[-114.463523,49.001109]],[[-114.768473,49.601782],[-114.499764,49.552451]],[[-114.499764,49.552451],[-114.428166,49.538771]],[[-114.316793,49.31782],[-114.543959,49.160708]],[[-115.114968,50.265466],[-114.768473,50.203699]],[[-114.768473,50.203699],[-114.653565,49.981918]],[[-114.653565,49.981918],[-114.719858,49.936318]],[[-114.719858,49.936318],[-114.883382,49.822733]],[[-114.768473,49.601782],[-114.883382,49.822733]],[[-115.114968,50.265466],[-115.232528,50.486832]]]}},{"type":"Feature","properties":{"kind":"border","from_year":1867,"to_year":1869,"a":"new_brunswick","b":"nova_scotia"},"geometry":{"type":"MultiLineString","coordinates":[[[-63.901856,46.083138],[-64.116647,46.069044]],[[-64.116647,46.069044],[-64.255422,46.059924]],[[-64.410991,45.841874],[-64.255422,46.059924]],[[-64.410991,45.841874],[-64.513525,45.834827]],[[-64.570095,45.830681],[-64.762789,45.817001]],[[-64.808752,45.497389],[-64.715941,45.406604]],[[-64.715941,45.406604],[-64.76986,45.328255]],[[-64.909518,45.60517],[-64.887421,45.63709]]]}},{"type":"Feature","properties":{"kind":"border","from_year":1867,"to_year":1869,"a":"new_brunswick","b":"prince_edward_island"},"geometry":{"type":"MultiLineString","coordinates":[[[-63.850589,46.154025],[-63.901856,46.083138]],[[-64.104273,46.48566],[-63.941632,46.496023]],[[-63.941632,46.496023],[-63.933677,46.487733]],[[-63.916883,46.471151],[-63.869151,46.424722]],[[-63.838214,46.393631],[-63.834679,46.390315]],[[-63.783412,46.339326],[-63.744519,46.300359]],[[-63.744519,46.300359],[-63.745403,46.298701]]]}},{"type":"Feature","properties":{"kind":"border","from_year":1867,"to_year":1869,"a":"new_brunswick","b":"quebec"},"geometry":{"type":"MultiLineString","coordinates":[[[-68.467274,47.388121],[-68.326731,47.614876]],[[-68.553013,47.805566],[-68.383302,47.662963]],[[-68.383302,47.662963],[-68.326731,47.614876]],[[-68.467274,47.388121],[-68.778411,47.356201]],[[-68.778411,47.356201],[-68.83233,47.350812]],[[-68.924257,47.197845],[-68.837634,47.341692]],[[-68.837634,47.341692],[-68.83233,47.350812]],[[-67.814945,47.877282],[-67.445469,47.911689]],[[-67.445469,47.911689],[-67.223606,47.718926]],[[-68.553013,47.805566],[-68.469925,47.939463]],[[-68.469925,47.939463],[-68.411587,48.033565]],[[-68.411587,48.033565],[-68.040343,48.06963]],[[-68.040343,48.06963],[-67.959023,47.999987]],[[-67.959023,47.999987],[-67.814945,47.877282]],[[-66.704748,47.975943],[-66.855014,47.750846]],[[-66.855014,47.750846],[-67.223606,47.718926]],[[-66.579233,47.986721],[-66.633151,47.982161]],[[-66.633151,47.982161],[-66.704748,47.975943]],[[-66.117829,47.811784],[-65.911877,47.827951]],[[-65.781058,47.8379],[-65.749237,47.840387]],[[-66.330853,48.003303],[-66.117829,47.811784]],[[-65.318771,48.084139],[-65.536214,48.068386]],[[-65.749237,47.840387],[-65.747469,47.84246]],[[-65.222424,48.090772],[-65.170273,48.04227]]]}},{"type":"Feature","properties":{"kind":"border","from_year":1867,"to_year":1869,"a":"newfoundland","b":"quebec"},"geometry":{"type":"MultiLineString","coordinates":[[[-57.040913,51.962606],[-57.107207,51.897108]],[[-57.107207,51.897108],[-57.25482,51.75036]]]}},{"type":"Feature","properties":{"kind":"border","from_year":1867,"to_year":1869,"a":"newfoundland","b":"ruperts_land"},"geometry":{"type":"MultiLineString","coordinates":[[[-63.085119,56.663113],[-62.835855,56.450866]],[[-63.126663,57.102943],[-62.91364,57.330942]],[[-62.873864,56.890697],[-63.126663,57.102943]],[[-62.377988,56.464546],[-62.835855,56.450866]],[[-63.085119,56.663113],[-62.873864,56.890697]],[[-63.641101,57.527435],[-63.169091,57.543602]],[[-63.169091,57.543602],[-62.91364,57.330942]],[[-61.657598,55.824077],[-62.106626,55.81247]],[[-62.106626,55.81247],[-62.346167,56.025545]],[[-62.346167,56.025545],[-62.134911,56.251471]],[[-61.657598,55.824077],[-61.42336,55.610173]],[[-61.42336,55.610173],[-61.634616,55.386319]],[[-62.377988,56.464546],[-62.134911,56.251471]],[[-64.981999,60.141131],[-64.964321,60.127865]],[[-64.949295,60.117087],[-64.692959,59.930128]],[[-64.692959,59.930128],[-64.911286,59.698399]],[[-64.547998,60.380737],[-64.728316,60.37369]],[[-64.436624,60.384882],[-64.508221,60.381981]],[[-63.903624,57.739267],[-63.641101,57.527435]],[[-64.068032,59.064147],[-64.56214,59.045078]],[[-64.56214,59.045078],[-64.843225,59.256081]],[[-64.843225,59.256081],[-64.626666,59.487396]],[[-64.068032,59.064147],[-64.023836,59.030155]],[[-64.014997,59.023522],[-63.878874,58.917814]],[[-63.87799,58.916984],[-63.794903,58.851901]],[[-63.794903,58.851901],[-64.012345,58.622244]],[[-64.911286,59.698399],[-64.626666,59.487396]],[[-63.691485,57.968509],[-63.957543,58.180341]],[[-63.957543,58.180341],[-63.741868,58.409998]],[[-63.903624,57.739267],[-63.691485,57.968509]],[[-64.012345,58.622244],[-63.741868,58.409998]],[[-56.423941,52.169878],[-56.607795,52.385855]],[[-56.607795,52.385855],[-56.415986,52.570326]],[[-56.411566,52.574472],[-56.387701,52.597272]],[[-56.423941,52.169878],[-56.641384,51.958875]],[[-56.641384,51.958875],[-57.040913,51.962606]],[[-56.387701,52.597272],[-56.573323,52.814078]],[[-56.980807,52.818638],[-56.573323,52.814078]],[[-57.25482,51.75036],[-57.11693,51.590761]],[[-57.11693,51.590761],[-57.070082,51.536041]],[[-57.070082,51.536041],[-57.194714,51.410849]],[[-56.94987,53.248105],[-57.142563,53.465325]],[[-57.558887,53.468642],[-57.306087,53.466984]],[[-57.289293,53.466569],[-57.142563,53.465325]],[[-56.94987,53.248105],[-57.171733,53.03503]],[[-56.980807,52.818638],[-57.171733,53.03503]],[[-57.558887,53.468642],[-57.756,53.685448]],[[-60.714461,54.096675],[-60.286647,54.104137]],[[-60.286647,54.104137],[-60.071855,53.890232]],[[-60.70297,53.662234],[-60.921297,53.874894]],[[-60.921297,53.874894],[-60.714461,54.096675]],[[-60.071855,53.890232],[-59.647577,53.895621]],[[-60.70297,53.662234],[-60.908038,53.440867]],[[-60.275156,53.236912],[-60.692363,53.228621]],[[-60.692363,53.228621],[-60.908038,53.440867]],[[-60.725068,54.531945],[-60.292834,54.538993]],[[-60.292834,54.538993],[-60.075391,54.324674]],[[-60.075391,54.324674],[-59.645809,54.329648]],[[-59.645809,54.329648],[-59.433669,54.1145]],[[-59.433669,54.1145],[-59.508802,54.037395]],[[-59.5309,54.014595],[-59.647577,53.895621]],[[-58.174975,53.686277],[-58.392418,53.4703]],[[-58.392418,53.4703],[-58.81051,53.469056]],[[-58.174975,53.686277],[-57.756,53.685448]],[[-58.81051,53.469056],[-59.024417,53.251836]],[[-59.024417,53.251836],[-59.440741,53.248519]],[[-60.064784,53.023837],[-59.649344,53.030055]],[[-59.440741,53.248519],[-59.649344,53.030055]],[[-60.064784,53.023837],[-60.275156,53.236912]],[[-61.40303,55.172829],[-60.962841,55.181949]],[[-60.962841,55.181949],[-60.736559,54.968045]],[[-60.736559,54.968045],[-60.948698,54.745435]],[[-60.725068,54.531945],[-60.948698,54.745435]],[[-61.40303,55.172829],[-61.634616,55.386319]]]}},{"type":"Feature","properties":{"kind":"border","from_year":1867,"to_year":1869,"a":"north_western_territory","b":"ruperts_land"},"geometry":{"type":"MultiLineString","coordinates":[[[-89.603433,66.671017],[-89.559237,66.924303]],[[-89.559237,66.924303],[-89.510622,66.934252]],[[-88.987345,67.035401],[-88.975854,67.037473]],[[-89.603433,66.671017],[-90.176209,66.555774]],[[-90.213334,66.302073],[-90.176209,66.555774]],[[-87.852399,67.00431],[-87.874496,67.000164]],[[-88.334132,66.915598],[-88.441969,66.895285]],[[-87.852399,67.00431],[-87.838256,67.000164]],[[-87.838256,67.000164],[-87.324702,66.857976]],[[-91.859182,66.198438],[-92.39395,66.329019]],[[-91.304084,66.319484],[-91.859182,66.198438]],[[-91.304084,66.319484],[-90.774619,66.184758]],[[-92.943745,66.204241],[-93.482049,66.331091]],[[-92.39395,66.329019],[-92.943745,66.204241]],[[-90.213334,66.302073],[-90.774619,66.184758]],[[-86.052749,67.317705],[-85.528588,67.165982]],[[-85.593997,66.969074],[-85.61256,66.913939]],[[-85.61256,66.913939],[-86.21097,66.813205]],[[-86.21097,66.813205],[-86.731595,66.962855]],[[-86.731595,66.962855],[-87.324702,66.857976]],[[-86.052749,67.317705],[-85.971429,67.569747]],[[-85.971429,67.569747],[-85.354457,67.669652]],[[-95.104916,66.193463],[-94.56838,66.325702]],[[-94.56838,66.325702],[-94.025656,66.202583]],[[-94.557773,65.818716],[-95.094309,65.940177]],[[-95.094309,65.940177],[-95.104916,66.193463]],[[-94.552469,65.565015],[-94.557773,65.818716]],[[-94.552469,65.565015],[-95.073095,65.433191]],[[-93.482049,66.331091],[-94.025656,66.202583]],[[-97.160016,65.395467],[-97.696552,65.507808]],[[-96.099319,65.164567],[-96.60315,65.027767]],[[-96.60315,65.027767],[-97.130847,65.142596]],[[-97.130847,65.142596],[-97.160016,65.395467]],[[-97.696552,65.507808],[-98.196848,65.36562]],[[-98.157956,65.113578],[-98.196848,65.36562]],[[-95.574274,65.046007],[-95.063372,65.17949]],[[-96.099319,65.164567],[-95.574274,65.046007]],[[-95.063372,65.17949],[-95.073095,65.433191]],[[-84.012675,69.516442],[-83.450505,69.359745]],[[-83.450505,69.359745],[-83.565414,69.111019]],[[-83.565414,69.111019],[-84.229234,69.018576]],[[-84.33442,68.768606],[-84.229234,69.018576]],[[-84.33442,68.768606],[-84.98498,68.672847]],[[-84.012675,69.516442],[-83.910141,69.744856]],[[-84.536836,68.268667],[-84.635834,68.017868]],[[-84.635834,68.017868],[-85.265181,67.920865]],[[-85.079559,68.422462],[-84.536836,68.268667]],[[-85.354457,67.669652],[-85.265181,67.920865]],[[-85.079559,68.422462],[-84.98498,68.672847]],[[-107.695391,56.73773],[-107.370111,56.897329]],[[-106.710711,57.215284],[-106.502991,57.313946]],[[-106.44642,57.340476],[-106.422554,57.351669]],[[-106.34919,57.368251],[-106.290851,57.356643]],[[-106.277593,57.353742],[-105.952312,57.287]],[[-106.38101,57.371152],[-106.375707,57.37364]],[[-106.375707,57.37364],[-106.3651,57.371567]],[[-107.370111,56.897329],[-107.463806,57.139837]],[[-107.463806,57.139837],[-107.133222,57.299436]],[[-107.133222,57.299436],[-107.058089,57.284513]],[[-106.93876,57.260884],[-106.710711,57.215284]],[[-108.112599,56.818566],[-107.695391,56.73773]],[[-109.161805,56.573157],[-108.848015,56.735658]],[[-111.041891,54.954365],[-111.327395,54.79062]],[[-111.327395,54.79062],[-111.721621,54.860264]],[[-111.15238,55.189411],[-111.041891,54.954365]],[[-111.721621,54.860264],[-112.001822,54.695275]],[[-112.001822,54.695275],[-112.395164,54.762431]],[[-110.86334,55.353985],[-111.15238,55.189411]],[[-110.86334,55.353985],[-110.462927,55.281854]],[[-113.211016,54.26415],[-113.332113,54.494636]],[[-113.332113,54.494636],[-113.061635,54.661697]],[[-113.061635,54.661697],[-112.72398,54.605734]],[[-112.708069,54.602832],[-112.670061,54.596614]],[[-113.211016,54.26415],[-113.477075,54.097504]],[[-113.477075,54.097504],[-113.800587,54.150566]],[[-113.800587,54.150566],[-113.863345,54.160515]],[[-112.395164,54.762431],[-112.670061,54.596614]],[[-110.168583,55.44477],[-110.274653,55.681889]],[[-110.274653,55.681889],[-110.032461,55.814542]],[[-110.168583,55.44477],[-110.462927,55.281854]],[[-110.019202,55.942636],[-110.082844,56.082752]],[[-110.082844,56.082752],[-109.778777,56.246496]],[[-103.853016,58.216821],[-103.784954,57.980531]],[[-103.806168,57.959389],[-104.13852,57.816787]],[[-104.13852,57.816787],[-104.567218,57.909644]],[[-104.567218,57.909644],[-104.919016,57.75502]],[[-104.919016,57.75502],[-105.347715,57.844975]],[[-103.559556,58.617684],[-103.489727,58.369787]],[[-103.489727,58.369787],[-103.853016,58.216821]],[[-105.694209,57.688278],[-105.612005,57.443698]],[[-105.612005,57.443698],[-105.952312,57.287]],[[-105.347715,57.844975],[-105.694209,57.688278]],[[-104.460265,60.197509],[-104.000629,60.10548]],[[-104.000629,60.10548],[-103.967924,60.000186]],[[-103.967924,60.000186],[-103.924613,59.857583]],[[-103.924613,59.857583],[-103.470281,59.763896]],[[-103.470281,59.763896],[-103.398684,59.51517]],[[-103.19008,58.769822],[-103.259025,59.018133]],[[-103.259025,59.018133],[-102.883362,59.17027]],[[-103.19008,58.769822],[-103.559556,58.617684]],[[-102.883362,59.17027],[-102.950539,59.418996]],[[-103.398684,59.51517],[-102.950539,59.418996]],[[-108.209829,57.05983],[-108.631456,57.138594]],[[-108.112599,56.818566],[-108.209829,57.05983]],[[-108.631456,57.138594],[-108.949666,56.975678]],[[-108.848015,56.735658],[-108.949666,56.975678]],[[-109.577245,56.649018],[-109.885731,56.484859]],[[-109.577245,56.649018],[-109.161805,56.573157]],[[-109.778777,56.246496],[-109.885731,56.484859]],[[-117.315915,52.425236],[-117.452037,52.645773]],[[-117.452037,52.645773],[-117.221336,52.815322]],[[-117.221336,52.815322],[-116.852743,52.762675]],[[-117.315915,52.425236],[-117.543964,52.256517]],[[-116.616738,52.931394],[-116.852743,52.762675]],[[-116.616738,52.931394],[-116.246378,52.876674]],[[-112.726631,49.207137],[-112.961753,49.052512]],[[-112.387208,49.137493],[-112.147668,49.291289]],[[-112.147668,49.291289],[-111.80736,49.219987]],[[-112.937003,48.998621],[-112.961753,49.052512]],[[-112.726631,49.207137],[-112.387208,49.137493]],[[-111.564284,49.372954],[-111.80736,49.219987]],[[-111.564284,49.372954],[-111.223093,49.29958]],[[-111.223093,49.29958],[-111.12763,49.073654]],[[-114.258455,53.597979],[-114.638538,53.658503]],[[-114.1241,53.993039],[-114.051619,53.858313]],[[-114.045432,53.847534],[-114.029521,53.817687]],[[-114.029521,53.817687],[-114.001236,53.764626]],[[-114.001236,53.764626],[-114.026869,53.748044]],[[-114.026869,53.748044],[-114.258455,53.597979]],[[-114.051619,53.858313],[-114.045432,53.847534]],[[-114.638538,53.658503],[-114.688037,53.625754]],[[-114.762286,53.576838],[-114.891338,53.491027]],[[-114.765822,53.264272],[-114.891338,53.491027]],[[-113.863345,54.160515],[-114.051619,54.039882]],[[-114.051619,54.039882],[-114.1241,53.993039]],[[-115.388981,53.156076],[-115.633826,52.988601]],[[-115.633826,52.988601],[-116.005954,53.044979]],[[-115.388981,53.156076],[-115.015086,53.097626]],[[-116.005954,53.044979],[-116.246378,52.876674]],[[-114.765822,53.264272],[-115.015086,53.097626]],[[-107.058973,63.408147],[-107.170346,63.653142]],[[-107.170346,63.653142],[-106.761978,63.819374]],[[-106.761978,63.819374],[-106.241352,63.739367]],[[-107.058973,63.408147],[-107.459386,63.2415]],[[-107.347129,62.997334],[-107.459386,63.2415]],[[-105.824144,63.903526],[-106.241352,63.739367]],[[-105.824144,63.903526],[-105.302635,63.819788]],[[-107.739587,62.830273],[-107.626446,62.586107]],[[-107.347129,62.997334],[-107.739587,62.830273]],[[-106.525972,62.182757],[-107.020081,62.263178]],[[-107.020081,62.263178],[-107.127034,62.508173]],[[-105.937286,61.854024],[-106.425206,61.936932]],[[-106.425206,61.936932],[-106.525972,62.182757]],[[-107.626446,62.586107],[-107.127034,62.508173]],[[-104.878356,63.98146],[-104.973819,64.228528]],[[-104.973819,64.228528],[-104.539817,64.389785]],[[-104.539817,64.389785],[-104.011236,64.301902]],[[-104.878356,63.98146],[-105.302635,63.819788]],[[-103.655019,64.708569],[-103.569279,64.460258]],[[-103.569279,64.460258],[-103.818543,64.371545]],[[-103.818543,64.371545],[-104.011236,64.301902]],[[-104.541585,60.444991],[-105.006524,60.534532]],[[-104.460265,60.197509],[-104.541585,60.444991]],[[-105.006524,60.534532],[-105.384839,60.375348]],[[-105.384839,60.375348],[-105.848894,60.461987]],[[-105.941705,60.707812],[-105.56339,60.868654]],[[-105.56339,60.868654],[-105.654433,61.114893]],[[-105.841823,61.607785],[-105.937286,61.854024]],[[-106.685077,60.384468],[-106.221022,60.301145]],[[-105.848894,60.461987],[-106.221022,60.301145]],[[-106.685077,60.384468],[-106.783192,60.629463]],[[-106.783192,60.629463],[-106.411064,60.791964]],[[-106.411064,60.791964],[-105.941705,60.707812]],[[-106.227209,61.445699],[-106.129979,61.199874]],[[-106.129979,61.199874],[-105.654433,61.114893]],[[-105.841823,61.607785],[-106.227209,61.445699]],[[-103.204222,64.86651],[-103.655019,64.708569]],[[-99.663262,64.931179],[-100.196262,65.034815]],[[-99.179761,65.077513],[-99.663262,64.931179]],[[-99.179761,65.077513],[-98.648528,64.970146]],[[-100.671808,64.885579],[-101.205692,64.985069]],[[-100.196262,65.034815],[-100.671808,64.885579]],[[-98.157956,65.113578],[-98.648528,64.970146]],[[-102.66857,64.774067],[-102.208935,64.929106]],[[-102.208935,64.929106],[-101.673283,64.832932]],[[-103.204222,64.86651],[-102.66857,64.774067]],[[-101.205692,64.985069],[-101.673283,64.832932]],[[-106.785843,49.083603],[-106.516249,49.227449]],[[-106.516249,49.227449],[-106.175942,49.137908]],[[-107.12615,49.171071],[-106.785843,49.083603]],[[-105.902813,49.280925],[-106.175942,49.137908]],[[-105.902813,49.280925],[-105.561622,49.189726]],[[-107.12615,49.171071],[-107.200399,49.403216]],[[-110.789091,48.998621],[-110.541595,49.149515]],[[-111.12763,49.073654],[-110.789091,48.998621]],[[-104.94465,49.237813],[-105.026854,49.260613]],[[-104.89957,49.260613],[-104.94465,49.237813]],[[-104.665333,49.378758],[-104.89957,49.260613]],[[-105.026854,49.260613],[-105.285841,49.3315]],[[-104.665333,49.378758],[-104.324142,49.283413]],[[-104.324142,49.283413],[-104.26492,49.047952]],[[-105.285841,49.3315],[-105.561622,49.189726]],[[-108.850667,49.595149],[-109.183019,49.673083]],[[-108.576654,49.741068],[-108.838292,49.592247]],[[-108.838292,49.592247],[-108.850667,49.595149]],[[-109.183019,49.673083],[-109.441122,49.523433]],[[-109.441122,49.523433],[-109.784965,49.602196]],[[-107.543358,49.489441],[-107.808532,49.343107]],[[-107.808532,49.343107],[-108.151491,49.427259]],[[-108.151491,49.427259],[-108.231927,49.658574]],[[-107.543358,49.489441],[-107.217193,49.407776]],[[-107.217193,49.407776],[-107.200399,49.403216]],[[-108.576654,49.741068],[-108.444067,49.709563]],[[-108.444067,49.709563],[-108.231927,49.658574]],[[-110.382491,49.528408],[-110.633522,49.376685]],[[-110.382491,49.528408],[-110.039532,49.451303]],[[-110.541595,49.149515],[-110.633522,49.376685]],[[-110.005059,49.472444],[-110.039532,49.451303]],[[-109.784965,49.602196],[-110.005059,49.472444]]]}},{"type":"Feature","properties":{"kind":"border","from_year":1867,"to_year":1869,"a":"nova_scotia","b":"prince_edward_island"},"geometry":{"type":"MultiLineString","coordinates":[[[-63.901856,46.083138],[-63.885946,46.067386]],[[-63.16202,45.714609],[-62.81199,45.734507]],[[-63.251295,45.80498],[-63.242456,45.79586]],[[-63.207099,45.760209],[-63.197376,45.750675]],[[-63.186769,45.739067],[-63.16202,45.714609]],[[-62.81199,45.734507],[-62.789008,45.765598]]]}},{"type":"Feature","properties":{"kind":"border","from_year":1867,"to_year":1869,"a":"ontario","b":"quebec"},"geometry":{"type":"MultiLineString","coordinates":[[[-75.923888,45.360806],[-75.811843,45.410873]],[[-75.811843,45.410873],[-75.692616,45.370082]],[[-76.043834,45.401359],[-75.923888,45.360806]],[[-75.579853,45.419911],[-75.692616,45.370082]],[[-75.116077,45.436451],[-75.104586,45.462567]],[[-75.104586,45.462567],[-75.014427,45.667766]],[[-75.014427,45.667766],[-74.788145,45.70466]],[[-74.788145,45.70466],[-74.667049,45.724144]],[[-74.667049,45.724144],[-74.546836,45.637504]],[[-74.423972,45.548792],[-74.488498,45.406189]],[[-74.489382,45.406189],[-74.528274,45.31872]],[[-74.528274,45.31872],[-74.358563,45.195187]],[[-74.318786,45.166168],[-74.287849,45.143783]],[[-74.287849,45.143783],[-74.355911,44.995791]],[[-74.355911,44.995791],[-74.356795,44.992475]],[[-75.116077,45.436451],[-75.27253,45.410749]],[[-75.27253,45.410749],[-75.460804,45.378829]],[[-77.408067,46.1134],[-77.612251,46.248127]],[[-77.612251,46.248127],[-77.665286,46.282948]],[[-76.898048,45.77306],[-77.242775,45.710049]],[[-77.242775,45.710049],[-77.497342,45.879183]],[[-77.497342,45.879183],[-77.408067,46.1134]],[[-77.665286,46.282948],[-78.013548,46.217036]],[[-78.013548,46.217036],[-78.274303,46.385755]],[[-76.321736,45.660304],[-76.300522,45.664035]],[[-76.300522,45.664035],[-76.051258,45.492]],[[-76.646133,45.602683],[-76.645249,45.602683]],[[-76.898048,45.77306],[-76.646133,45.602683]],[[-79.60813,47.222303],[-79.688566,46.984355]],[[-79.688566,46.984355],[-79.418972,46.818124]],[[-79.445489,47.699443],[-79.17236,47.531967]],[[-79.17236,47.531967],[-79.225395,47.379415]],[[-79.225395,47.379415],[-79.255448,47.293605]],[[-79.255448,47.293605],[-79.60813,47.222303]],[[-79.068942,46.88901],[-79.418972,46.818124]],[[-78.885972,46.485245],[-78.621681,46.31777]],[[-78.885972,46.485245],[-78.802,46.721535]],[[-78.274303,46.385755],[-78.621681,46.31777]],[[-79.068942,46.88901],[-78.802,46.721535]],[[-79.362401,47.938634],[-79.627576,48.099477]]]}},{"type":"Feature","properties":{"kind":"border","from_year":1867,"to_year":1869,"a":"ontario","b":"ruperts_land"},"geometry":{"type":"MultiLineString","coordinates":[[[-84.755163,48.993232],[-85.057461,49.147857]],[[-85.66913,49.455034],[-85.977616,49.607585]],[[-85.717745,49.210453],[-85.66913,49.455034]],[[-85.057461,49.147857],[-85.412795,49.057486]],[[-85.412795,49.057486],[-85.717745,49.210453]],[[-88.233366,50.405996],[-87.874496,50.506315]],[[-87.874496,50.506315],[-87.552752,50.358323]],[[-87.552752,50.358323],[-87.591644,50.112085]],[[-87.591644,50.112085],[-87.274319,49.963678]],[[-87.274319,49.963678],[-87.314095,49.717854]],[[-88.944033,50.20287],[-88.913096,50.449523]],[[-88.913096,50.449523],[-88.556878,50.551915]],[[-88.556878,50.551915],[-88.233366,50.405996]],[[-87.000305,49.569033],[-86.645855,49.664792]],[[-86.645855,49.664792],[-86.334718,49.513899]],[[-87.314095,49.717854],[-87.000305,49.569033]],[[-85.977616,49.607585],[-86.334718,49.513899]],[[-90.763128,48.700979],[-90.781691,48.457642]],[[-89.995007,49.891133],[-89.971141,50.137372]],[[-89.971141,50.137372],[-89.621111,50.242251]],[[-89.621111,50.242251],[-89.296715,50.100063]],[[-89.995007,49.891133],[-90.341501,49.785839]],[[-90.042738,49.400314],[-90.363599,49.540015]],[[-90.363599,49.540015],[-90.341501,49.785839]],[[-88.944033,50.20287],[-89.296715,50.100063]],[[-83.918096,48.282705],[-83.62552,48.126008]],[[-83.62552,48.126008],[-83.684743,47.884329]],[[-83.684743,47.884329],[-83.395703,47.727217]],[[-82.822926,47.411335],[-82.53919,47.252565]],[[-83.859758,48.525213],[-84.155869,48.68191]],[[-83.918096,48.282705],[-83.859758,48.525213]],[[-84.155869,48.68191],[-84.510318,48.594856]],[[-84.510318,48.594856],[-84.809082,48.749481]],[[-84.809082,48.749481],[-84.755163,48.993232]],[[-82.759284,47.65177],[-83.045672,47.81054]],[[-82.822926,47.411335],[-82.759284,47.65177]],[[-82.124634,47.572592],[-82.191811,47.332572]],[[-82.191811,47.332572],[-82.53919,47.252565]],[[-83.045672,47.81054],[-83.395703,47.727217]],[[-81.77372,47.65177],[-82.124634,47.572592]],[[-90.486463,48.100306],[-90.483811,48.125179]],[[-90.483811,48.132226],[-90.467901,48.319599]],[[-90.781691,48.457642],[-90.467901,48.319599]],[[-90.427241,48.806273],[-90.406027,49.050439]],[[-90.406027,49.050439],[-90.06572,49.155319]],[[-90.427241,48.806273],[-90.763128,48.700979]],[[-90.06572,49.155319],[-90.042738,49.400314]],[[-81.492635,47.490098],[-81.140837,47.567618]],[[-81.77372,47.65177],[-81.492635,47.490098]],[[-79.639067,48.10611],[-79.760163,48.081652]],[[-79.760163,48.081652],[-79.997936,48.03315]],[[-79.997936,48.03315],[-80.277253,48.198967]],[[-80.636122,48.123935],[-80.664407,48.034394]],[[-80.664407,48.034394],[-80.712139,47.8835]],[[-80.712139,47.8835],[-81.067472,47.807638]],[[-81.07366,47.788155],[-81.067472,47.807638]],[[-81.140837,47.567618],[-81.07366,47.78774]],[[-80.277253,48.198967],[-80.636122,48.123935]]]}},{"type":"Feature","properties":{"kind":"border","from_year":1867,"to_year":1869,"a":"quebec","b":"ruperts_land"},"geometry":{"type":"MultiLineString","coordinates":[[[-69.057728,52.757285],[-69.473168,52.718318]],[[-69.473168,52.718318],[-69.736575,52.913983]],[[-69.736575,52.913983],[-70.152898,52.872529]],[[-68.799625,52.560377],[-68.385953,52.597272]],[[-68.385953,52.597272],[-68.13227,52.39912]],[[-69.057728,52.757285],[-68.799625,52.560377]],[[-67.555958,52.666501],[-67.719482,52.433527]],[[-67.719482,52.433527],[-68.13227,52.39912]],[[-70.30228,52.63541],[-70.037989,52.441403]],[[-70.037989,52.441403],[-70.186487,52.205114]],[[-70.186487,52.205114],[-70.595739,52.162001]],[[-70.595739,52.162001],[-70.860914,52.354764]],[[-70.860914,52.354764],[-71.27105,52.309164]],[[-71.411592,52.071216],[-71.27105,52.309164]],[[-71.145534,51.880112],[-71.411592,52.071216]],[[-70.30228,52.63541],[-70.152898,52.872529]],[[-67.141402,52.698835],[-67.555958,52.666501]],[[-66.973458,52.930979],[-67.141402,52.698835]],[[-66.555367,52.961241],[-66.873576,52.938441]],[[-66.873576,52.938441],[-66.884183,52.937612]],[[-66.884183,52.937612],[-66.973458,52.930979]],[[-72.750722,51.021593],[-72.87889,50.783645]],[[-72.87889,50.783645],[-73.049485,50.760845]],[[-73.152019,50.747165],[-73.272232,50.730998]],[[-72.223026,51.3097],[-72.354729,51.072167]],[[-72.354729,51.072167],[-72.750722,51.021593]],[[-73.39598,50.49305],[-73.272232,50.730998]],[[-73.87241,50.267953],[-73.905998,50.200382]],[[-73.810536,50.389414],[-73.825562,50.360396]],[[-73.825562,50.360396],[-73.826446,50.358738]],[[-73.785786,50.439159],[-73.801697,50.407239]],[[-73.905998,50.200382],[-73.63994,50.017154]],[[-73.63994,50.017154],[-73.759269,49.779621]],[[-73.759269,49.779621],[-74.102227,49.73029]],[[-74.102227,49.73029],[-74.142004,49.724487]],[[-73.39598,50.49305],[-73.604584,50.464032]],[[-73.604584,50.464032],[-73.785786,50.439159]],[[-71.823496,51.358616],[-71.687373,51.59615]],[[-71.687373,51.59615],[-71.285192,51.642993]],[[-71.823496,51.358616],[-72.223026,51.3097]],[[-71.285192,51.642993],[-71.145534,51.880112]],[[-64.357956,52.224597],[-64.537391,51.997428]],[[-64.888305,51.543503],[-65.119006,51.746214]],[[-64.537391,51.997428],[-64.308457,51.793058]],[[-64.308457,51.793058],[-64.48524,51.566717]],[[-64.48524,51.566717],[-64.888305,51.543503]],[[-65.587481,52.152052],[-65.825254,52.354349]],[[-65.119006,51.746214],[-65.524723,51.720927]],[[-65.524723,51.720927],[-65.759844,51.92281]],[[-65.759844,51.92281],[-65.587481,52.152052]],[[-63.994667,52.678108],[-63.765733,52.47208]],[[-63.765733,52.47208],[-63.948704,52.245739]],[[-63.948704,52.245739],[-64.357956,52.224597]],[[-66.480234,52.528458],[-66.237158,52.326575]],[[-66.480234,52.528458],[-66.309639,52.759358]],[[-65.825254,52.354349],[-66.237158,52.326575]],[[-66.555367,52.961241],[-66.309639,52.759358]],[[-63.393605,52.923932],[-63.809929,52.904863]],[[-63.994667,52.678108],[-63.809929,52.904863]],[[-63.393605,52.923932],[-63.166439,52.71666]],[[-62.560074,52.957924],[-62.751884,52.733242]],[[-62.751884,52.733242],[-63.166439,52.71666]],[[-57.040913,51.962606],[-57.227419,52.177754]],[[-57.740973,51.400071],[-57.740973,51.400485]],[[-57.766607,51.429918],[-57.86207,51.538528]],[[-57.86207,51.538528],[-57.652582,51.752018]],[[-57.652582,51.752018],[-57.25482,51.75036]],[[-57.6296,52.179412],[-57.227419,52.177754]],[[-57.82141,52.394146],[-58.227126,52.394146]],[[-58.227126,52.394146],[-58.422471,52.608464]],[[-57.6296,52.179412],[-57.82141,52.394146]],[[-59.040327,52.39],[-58.831724,52.606806]],[[-58.831724,52.606806],[-58.422471,52.608464]],[[-61.293425,52.565352],[-60.882405,52.575716]],[[-60.882405,52.575716],[-60.672033,52.364713]],[[-60.672033,52.364713],[-60.263665,52.373418]],[[-59.447812,52.385855],[-59.040327,52.39]],[[-61.5091,52.775525],[-61.922772,52.763089]],[[-61.922772,52.763089],[-62.143751,52.972433]],[[-61.293425,52.565352],[-61.5091,52.775525]],[[-62.560074,52.957924],[-62.143751,52.972433]],[[-59.651112,52.598515],[-60.061248,52.592297]],[[-59.447812,52.385855],[-59.651112,52.598515]],[[-60.061248,52.592297],[-60.263665,52.373418]],[[-77.015609,47.936976],[-76.711542,47.990452]],[[-76.711542,47.990452],[-76.65232,48.000816]],[[-79.639067,48.10611],[-79.555979,48.34613]],[[-79.555979,48.34613],[-79.193574,48.417846]],[[-79.189154,48.429453],[-79.142307,48.561278]],[[-79.142307,48.561693],[-79.107834,48.658281]],[[-79.107834,48.658281],[-78.741894,48.729168]],[[-78.741894,48.729168],[-78.490862,48.574958]],[[-78.490862,48.574958],[-78.464345,48.558376]],[[-78.464345,48.558376],[-78.496165,48.474224]],[[-78.496165,48.474224],[-78.55362,48.31877]],[[-79.193574,48.417846],[-79.189154,48.429453]],[[-78.55362,48.31877],[-78.28049,48.148393]],[[-78.28049,48.148393],[-78.369766,47.909616]],[[-78.099288,47.739239],[-77.738651,47.806395]],[[-75.080721,48.482515],[-75.056855,48.534747]],[[-75.030337,48.591954],[-75.01973,48.613925]],[[-75.053319,48.540551],[-75.033873,48.583249]],[[-74.98349,48.693517],[-74.971999,48.717561]],[[-74.487614,49.011887],[-74.111067,49.06785]],[[-73.995274,49.304969],[-74.25868,49.486539]],[[-74.25868,49.486539],[-74.142004,49.724487]],[[-74.111067,49.06785],[-73.995274,49.304969]],[[-75.530633,48.24208],[-75.556266,48.184873]],[[-75.556266,48.184873],[-75.923091,48.124764]],[[-75.923091,48.124764],[-76.186497,48.30053]],[[-76.186497,48.30053],[-76.553322,48.238349]],[[-76.65232,48.000816],[-76.553322,48.238349]],[[-75.139943,48.471322],[-75.172648,48.466348]],[[-75.081604,48.480442],[-75.087792,48.479613]],[[-74.991445,48.730826],[-74.971999,48.717561]],[[-75.236289,48.896644],[-75.00824,48.742019]],[[-75.437822,48.424064],[-75.451081,48.421992]],[[-75.366225,48.435672],[-75.411304,48.42821]],[[-75.296396,48.44645],[-75.34943,48.438159]],[[-75.188558,48.46386],[-75.214192,48.459715]],[[-75.110774,48.476297],[-75.133755,48.472566]],[[-77.283435,48.110255],[-77.646724,48.044343]],[[-77.738651,47.806395],[-77.646724,48.044343]],[[-77.283435,48.110255],[-77.106652,47.995841]],[[-77.106652,47.995841],[-77.015609,47.936976]],[[-74.75102,49.192213],[-75.126684,49.134177]],[[-75.236289,48.896644],[-75.126684,49.134177]],[[-74.75102,49.192213],[-74.487614,49.011887]]]}},{"type":"Feature","properties":{"kind":"label","from_year":1867,"to_year":1869,"jurisdiction":"arctic_islands","name":"British Arctic Islands","sovereign":"Britain","status":"unorganized","h3":"84022d9ffffffff"},"geometry":{"type":"Point","coordinates":[-84.37946,80.14781]}},{"type":"Feature","properties":{"kind":"label","from_year":1867,"to_year":1869,"jurisdiction":"british_columbia","name":"British Columbia","sovereign":"Britain","status":"colony","h3":"8412aa7ffffffff"},"geometry":{"type":"Point","coordinates":[-125.27189,54.03228]}},{"type":"Feature","properties":{"kind":"label","from_year":1867,"to_year":1869,"jurisdiction":"new_brunswick","name":"New Brunswick","sovereign":"Canada","status":"province","h3":"842b025ffffffff"},"geometry":{"type":"Point","coordinates":[-66.28033,46.52931]}},{"type":"Feature","properties":{"kind":"label","from_year":1867,"to_year":1869,"jurisdiction":"newfoundland","name":"Newfoundland","sovereign":"Britain","status":"colony","h3":"841b987ffffffff"},"geometry":{"type":"Point","coordinates":[-56.51042,48.97737]}},{"type":"Feature","properties":{"kind":"label","from_year":1867,"to_year":1869,"jurisdiction":"north_western_territory","name":"North-Western Territory","sovereign":"Britain","status":"unorganized","h3":"841311dffffffff"},"geometry":{"type":"Point","coordinates":[-127.38167,65.13294]}},{"type":"Feature","properties":{"kind":"label","from_year":1867,"to_year":1869,"jurisdiction":"nova_scotia","name":"Nova Scotia","sovereign":"Canada","status":"province","h3":"842b011ffffffff"},"geometry":{"type":"Point","coordinates":[-63.39259,45.25509]}},{"type":"Feature","properties":{"kind":"label","from_year":1867,"to_year":1869,"jurisdiction":"ontario","name":"Ontario","sovereign":"Canada","status":"province","h3":"842b933ffffffff"},"geometry":{"type":"Point","coordinates":[-80.34474,45.73668]}},{"type":"Feature","properties":{"kind":"label","from_year":1867,"to_year":1869,"jurisdiction":"prince_edward_island","name":"Prince Edward Island","sovereign":"Britain","status":"colony","h3":"842b055ffffffff"},"geometry":{"type":"Point","coordinates":[-62.87475,46.27223]}},{"type":"Feature","properties":{"kind":"label","from_year":1867,"to_year":1869,"jurisdiction":"quebec","name":"Quebec","sovereign":"Canada","status":"province","h3":"840e4b5ffffffff"},"geometry":{"type":"Point","coordinates":[-70.3091,49.55966]}},{"type":"Feature","properties":{"kind":"label","from_year":1867,"to_year":1869,"jurisdiction":"ruperts_land","name":"Rupert's Land","sovereign":"Hudson's Bay Company","status":"hbc_charter","h3":"84124a1ffffffff"},"geometry":{"type":"Point","coordinates":[-104.91398,52.75901]}},{"type":"Feature","properties":{"kind":"border","from_year":1870,"to_year":1870,"a":"arctic_islands","b":"northwest_territories"},"geometry":{"type":"MultiLineString","coordinates":[[[-78.826749,71.487596],[-78.641127,71.729274]],[[-78.641127,71.729274],[-77.97996,71.788554]],[[-77.939299,71.792285],[-77.865935,71.798918]],[[-77.865935,71.798918],[-77.773124,71.771143]],[[-77.720089,71.755391],[-77.289622,71.625224]],[[-77.289622,71.625224],[-77.490271,71.384789]],[[-77.490271,71.384789],[-76.928985,71.209852]],[[-79.586916,71.413807],[-80.176487,71.580453]],[[-78.826749,71.487596],[-79.586916,71.413807]],[[-76.167051,71.272862],[-76.928985,71.209852]],[[-75.619908,71.094194],[-74.858858,71.151816]],[[-74.858858,71.151816],[-74.325858,70.969002]],[[-74.034166,70.546997],[-74.260448,70.308634]],[[-76.167051,71.272862],[-75.619908,71.094194]],[[-80.934885,71.50169],[-81.091338,71.257524]],[[-81.091338,71.257524],[-81.83471,71.17503]],[[-81.977904,70.930035],[-81.83471,71.17503]],[[-81.977904,70.930035],[-82.705365,70.84381]],[[-82.705365,70.84381],[-83.301124,71.000922]],[[-80.176487,71.580453],[-80.934885,71.50169]],[[-73.566575,71.021649],[-74.325858,70.969002]],[[-84.02505,70.909722],[-84.141726,70.662654]],[[-84.141726,70.662654],[-84.850626,70.568139]],[[-83.301124,71.000922],[-84.02505,70.909722]],[[-97.900737,68.475939],[-97.559546,68.415001]],[[-97.052179,68.540193],[-97.141454,68.518222]],[[-97.521537,68.424535],[-97.559546,68.415001]],[[-97.277577,68.484644],[-97.47027,68.436971]],[[-104.575174,68.559262],[-104.647655,68.568796]],[[-104.647655,68.568796],[-104.65119,68.575843]],[[-115.421686,68.934838],[-115.592282,68.945202]],[[-115.592282,68.945202],[-115.626754,68.980852]],[[-108.398987,68.56092],[-108.150607,68.533975]],[[-107.825326,68.649632],[-108.150607,68.533975]],[[-107.181837,69.103143],[-107.310888,69.117237]],[[-106.158264,69.212997],[-106.278476,69.173615]],[[-106.158264,69.212997],[-105.87276,69.179419]],[[-107.310888,69.117237],[-107.761685,68.963027]],[[-94.723948,71.834983],[-94.723065,71.834983]],[[-94.623182,71.854052],[-94.449935,71.887215]],[[-94.727484,71.835397],[-94.723948,71.834983]],[[-95.191539,71.911673],[-94.859187,71.857368]],[[-70.139639,64.110383],[-69.771931,63.910573]],[[-69.771931,63.910573],[-69.980535,63.671382]],[[-69.980535,63.671382],[-69.619014,63.471157]],[[-68.297562,67.786968],[-67.629323,67.8164]],[[-67.629323,67.8164],[-67.228026,67.61203]],[[-67.228026,67.61203],[-67.490548,67.380301]],[[-67.490548,67.380301],[-68.147297,67.351283]],[[-68.002335,66.914354],[-68.399212,67.11748]],[[-68.399212,67.11748],[-68.147297,67.351283]],[[-68.71035,67.98885],[-68.297562,67.786968]],[[-68.71035,67.98885],[-68.453131,68.221824]],[[-68.250715,66.680551],[-68.002335,66.914354]],[[-68.888901,66.648217],[-69.127558,66.412757]],[[-69.127558,66.412757],[-69.109879,66.403637]],[[-69.101924,66.399491],[-68.7351,66.210874]],[[-68.7351,66.210874],[-68.746591,66.200096]],[[-68.758965,66.187245],[-68.971105,65.975413]],[[-68.971105,65.975413],[-69.591613,65.939763]],[[-68.250715,66.680551],[-68.888901,66.648217]],[[-69.993794,68.586622],[-69.741878,68.821253]],[[-68.874758,68.422877],[-69.558908,68.38847]],[[-69.558908,68.38847],[-69.993794,68.586622]],[[-68.874758,68.422877],[-68.453131,68.221824]],[[-70.886547,68.979194],[-70.186487,69.018576]],[[-70.186487,69.018576],[-69.741878,68.821253]],[[-69.497034,64.826299],[-69.124022,64.624831]],[[-69.124022,64.624831],[-69.343233,64.387298]],[[-69.343233,64.387298],[-69.929268,64.349574]],[[-70.139639,64.110383],[-69.929268,64.349574]],[[-69.497034,64.826299],[-69.275171,65.063833]],[[-69.654371,65.264472],[-69.275171,65.063833]],[[-68.309937,63.32814],[-68.698859,63.30534]],[[-68.698859,63.30534],[-69.051541,63.508052]],[[-67.811409,63.11009],[-68.007638,62.897429]],[[-68.080119,63.306998],[-67.980237,63.247718]],[[-67.979353,63.247718],[-67.958139,63.234868]],[[-67.930738,63.2187],[-67.880354,63.188439]],[[-69.051541,63.508052],[-69.619014,63.471157]],[[-69.43074,65.502005],[-69.817895,65.702229]],[[-69.817895,65.702229],[-69.591613,65.939763]],[[-69.654371,65.264472],[-69.43074,65.502005]],[[-73.753081,70.122919],[-73.0212,70.173908]],[[-73.0212,70.173908],[-72.527976,69.984876]],[[-72.527976,69.984876],[-72.764865,69.747757]],[[-72.764865,69.747757],[-72.283132,69.557897]],[[-74.260448,70.308634],[-73.753081,70.122919]],[[-71.343531,69.1732],[-70.886547,68.979194]],[[-73.289026,70.5984],[-73.048602,70.835104]],[[-73.566575,71.021649],[-73.048602,70.835104]],[[-73.289026,70.5984],[-74.034166,70.546997]],[[-71.098687,69.409076],[-71.567161,69.602667]],[[-71.343531,69.1732],[-71.098687,69.409076]],[[-71.567161,69.602667],[-72.283132,69.557897]],[[-65.233031,61.876409],[-65.199442,61.853609]],[[-65.173809,61.835784],[-65.089837,61.778577]],[[-66.683535,62.072488],[-66.19031,62.096117]],[[-66.16998,62.096946],[-66.140811,62.09819]],[[-66.140811,62.09819],[-66.131972,62.092801]],[[-67.669983,62.69223],[-67.115769,62.721663]],[[-67.115769,62.721663],[-66.786069,62.514806]],[[-66.786069,62.514806],[-67.007931,62.27976]],[[-67.007931,62.27976],[-66.683535,62.072488]],[[-68.007638,62.897429],[-67.669983,62.69223]],[[-96.989421,68.555116],[-96.595195,68.482157]],[[-96.594311,68.482157],[-96.467911,68.458528]],[[-84.955811,70.320242],[-84.850626,70.568139]],[[-84.367124,70.16769],[-84.955811,70.320242]],[[-84.436954,70.008505],[-84.367124,70.16769]],[[-85.351805,69.873779],[-85.317332,69.864659]],[[-95.871269,69.363061],[-95.888948,69.576966]],[[-113.928755,68.422877],[-113.907541,68.398004]],[[-114.078136,68.643829],[-114.108189,68.630563]]]}},{"type":"Feature","properties":{"kind":"border","from_year":1870,"to_year":1870,"a":"british_columbia","b":"northwest_territories"},"geometry":{"type":"MultiLineString","coordinates":[[[-119.809437,58.635095],[-120.000362,58.651262]],[[-120.000362,58.651262],[-120.242555,58.671575]],[[-120.242555,58.671575],[-120.422873,58.892526]],[[-120.422873,58.892526],[-120.167422,59.078656]],[[-119.634422,58.4129],[-119.809437,58.635095]],[[-120.167422,59.078656],[-120.349508,59.300022]],[[-120.349508,59.300022],[-120.090522,59.486567]],[[-119.888105,58.228843],[-119.713974,58.007062]],[[-119.713974,58.007062],[-119.964122,57.823419]],[[-119.634422,58.4129],[-119.888105,58.228843]],[[-119.792642,57.602468],[-119.964122,57.823419]],[[-120.011853,59.895721],[-120.198359,60.117916]],[[-120.911678,59.962048],[-120.650923,60.15108]],[[-120.650923,60.15108],[-120.198359,60.117916]],[[-120.011853,59.895721],[-120.27526,59.708348]],[[-120.090522,59.486567],[-120.27526,59.708348]],[[-121.61439,59.803693],[-121.360706,59.993139]],[[-121.360706,59.993139],[-120.911678,59.962048]],[[-122.059883,59.832296],[-121.61439,59.803693]],[[-120.086102,55.994869],[-120.251394,56.214162]],[[-120.251394,56.214162],[-120.015389,56.394903]],[[-120.086102,55.994869],[-120.319455,55.814957]],[[-120.155047,55.596078],[-120.319455,55.814957]],[[-120.182449,56.614611],[-120.000362,56.753068]],[[-120.015389,56.394903],[-120.182449,56.614611]],[[-120.000362,56.753068],[-119.942908,56.796181]],[[-120.384865,55.416995],[-120.222225,55.198946]],[[-120.155047,55.596078],[-120.384865,55.416995]],[[-119.674198,54.939441],[-119.833303,55.15832]],[[-120.222225,55.198946],[-119.833303,55.15832]],[[-119.674198,54.939441],[-119.903132,54.762431]],[[-119.746679,54.543967],[-119.903132,54.762431]],[[-120.039255,57.419654],[-120.000362,57.369494]],[[-120.000362,57.100456],[-120.111736,57.016303]],[[-120.000362,57.369494],[-119.868659,57.198702]],[[-119.868659,57.198702],[-120.000362,57.100456]],[[-119.942908,56.796181],[-120.000362,56.871213]],[[-120.000362,56.871213],[-120.111736,57.016303]],[[-119.792642,57.602468],[-120.000362,57.448258]],[[-120.000362,57.448258],[-120.039255,57.419654]],[[-123.599661,60.122891],[-124.045154,60.144447]],[[-122.257879,60.049931],[-122.706024,60.075633]],[[-125.601727,60.004332],[-125.378097,60.198752]],[[-125.378097,60.198752],[-124.934372,60.182171]],[[-124.934372,60.182171],[-124.750518,60.000186]],[[-124.750518,60.000186],[-124.720465,59.970754]],[[-124.720465,59.970754],[-124.278508,59.95127]],[[-126.041033,60.018841],[-125.601727,60.004332]],[[-124.045154,60.144447],[-124.278508,59.95127]],[[-126.041033,60.018841],[-126.262895,60.227356]],[[-123.392825,59.908572],[-122.9491,59.884529]],[[-122.706024,60.075633],[-122.9491,59.884529]],[[-123.392825,59.908572],[-123.599661,60.122891]],[[-116.917269,51.763625],[-116.5584,51.708905]],[[-116.5584,51.708905],[-116.430232,51.487954]],[[-116.430232,51.487954],[-116.073131,51.431576]],[[-116.073131,51.431576],[-115.948499,51.21021]],[[-116.917269,51.763625],[-117.048972,51.984162]],[[-117.409609,52.036809],[-117.048972,51.984162]],[[-115.472069,50.929979],[-115.594049,51.152174]],[[-115.948499,51.21021],[-115.594049,51.152174]],[[-115.472069,50.929979],[-115.702771,50.767478]],[[-115.232528,50.486832],[-115.581675,50.546526]],[[-115.581675,50.546526],[-115.702771,50.767478]],[[-117.907253,52.307506],[-118.045144,52.526799]],[[-117.543964,52.256517],[-117.907253,52.307506]],[[-117.409609,52.036809],[-117.543964,52.256517]],[[-118.4102,52.575716],[-118.045144,52.526799]],[[-114.316793,49.31782],[-114.428166,49.538771]],[[-114.543959,49.160708],[-114.463523,49.001109]],[[-114.768473,49.601782],[-114.499764,49.552451]],[[-114.499764,49.552451],[-114.428166,49.538771]],[[-114.316793,49.31782],[-114.543959,49.160708]],[[-115.114968,50.265466],[-114.768473,50.203699]],[[-114.768473,50.203699],[-114.653565,49.981918]],[[-114.653565,49.981918],[-114.719858,49.936318]],[[-114.719858,49.936318],[-114.883382,49.822733]],[[-114.768473,49.601782],[-114.883382,49.822733]],[[-115.114968,50.265466],[-115.232528,50.486832]],[[-120.105548,53.581812],[-119.952631,53.365421]],[[-119.952631,53.365421],[-119.582271,53.322308]],[[-119.582271,53.322308],[-119.432889,53.104673]],[[-119.885453,53.756749],[-120.105548,53.581812]],[[-120.039255,53.97397],[-120.000362,53.918836]],[[-120.000362,53.918836],[-119.885453,53.756749]],[[-119.064297,53.059488],[-118.840667,53.231938]],[[-118.840667,53.231938],[-118.470307,53.185094]],[[-118.470307,53.185094],[-118.327113,52.965801]],[[-118.327113,52.965801],[-118.552511,52.794594]],[[-118.4102,52.575716],[-118.552511,52.794594]],[[-119.432889,53.104673],[-119.064297,53.059488]],[[-120.000362,54.005061],[-120.039255,53.97397]],[[-119.972077,54.367372],[-119.816508,54.149736]],[[-119.816508,54.149736],[-120.000362,54.005061]],[[-119.746679,54.543967],[-119.972077,54.367372]],[[-130.79826,60.083924],[-131.223422,60.081437]],[[-134.564619,60.013866],[-134.413469,60.214505]],[[-134.413469,60.214505],[-133.998029,60.226941]],[[-133.998029,60.226941],[-133.739043,60.038324]],[[-133.739043,60.038324],[-133.323603,60.048688]],[[-133.323603,60.048688],[-133.069036,59.858412]],[[-134.974755,59.999772],[-134.564619,60.013866]],[[-134.974755,59.999772],[-134.986246,60.008477]],[[-134.986246,60.008477],[-135.239045,60.185072]],[[-132.653596,59.866703],[-132.543107,60.000186]],[[-132.543107,60.000186],[-132.488304,60.065684]],[[-132.488304,60.065684],[-132.068445,60.072317]],[[-132.068445,60.072317],[-131.818297,59.878725]],[[-131.818297,59.878725],[-131.399321,59.88287]],[[-133.069036,59.858412],[-132.653596,59.866703]],[[-131.223422,60.081437],[-131.295019,60.000186]],[[-131.295019,60.000186],[-131.399321,59.88287]],[[-128.142097,60.000186],[-127.990948,59.866289]],[[-128.850112,59.878725],[-128.653884,60.076048]],[[-128.653884,60.076048],[-128.221649,60.069829]],[[-128.221649,60.069829],[-128.142097,60.000186]],[[-127.990948,59.866289],[-127.558714,59.857998]],[[-129.278811,59.88287],[-128.850112,59.878725]],[[-129.5157,60.083095],[-129.944398,60.084753]],[[-129.278811,59.88287],[-129.5157,60.083095]],[[-126.703085,60.239378],[-126.916108,60.043713]],[[-126.916108,60.043713],[-127.352762,60.054077]],[[-126.703085,60.239378],[-126.262895,60.227356]],[[-127.352762,60.054077],[-127.558714,59.857998]],[[-130.555183,59.887016],[-130.130904,59.887016]],[[-130.555183,59.887016],[-130.79826,60.083924]],[[-129.944398,60.084753],[-130.024835,60.000186]],[[-130.024835,60.000186],[-130.130904,59.887016]],[[-137.395796,59.890332],[-136.997151,59.911474]],[[-137.668926,60.068586],[-138.067571,60.045371]],[[-136.939696,60.000186],[-136.997151,59.911474]],[[-137.395796,59.890332],[-137.668926,60.068586]],[[-136.866331,60.112113],[-136.939696,60.000186]],[[-138.187783,59.844732],[-138.581125,59.820274]],[[-138.067571,60.045371],[-138.187783,59.844732]],[[-136.193673,59.950441],[-136.462383,60.132011]],[[-135.648298,60.168491],[-135.78884,59.967852]],[[-135.78884,59.967852],[-136.193673,59.950441]],[[-135.648298,60.168491],[-135.239045,60.185072]],[[-136.866331,60.112113],[-136.462383,60.132011]]]}},{"type":"Feature","properties":{"kind":"border","from_year":1870,"to_year":1870,"a":"manitoba","b":"northwest_territories"},"geometry":{"type":"MultiLineString","coordinates":[[[-96.512991,50.712343],[-96.544812,50.723536]],[[-96.3751,50.620315],[-96.375984,50.623217]],[[-96.023302,50.2978],[-96.36361,50.419676]],[[-96.36361,50.419676],[-96.3751,50.620315]],[[-97.113169,50.38444],[-97.354477,50.290753]],[[-97.354477,50.290753],[-97.460547,50.327647]],[[-97.460547,50.327647],[-97.697436,50.408483]],[[-97.049527,50.660525],[-97.031849,50.416359]],[[-97.031849,50.416359],[-97.113169,50.38444]],[[-97.697436,50.408483],[-98.014761,50.282877]],[[-98.017413,50.281633],[-98.063377,50.297386]],[[-96.990305,50.68374],[-97.049527,50.660525]],[[-95.987062,49.565717],[-96.322066,49.687592]],[[-96.322066,49.687592],[-96.335324,49.931344]],[[-96.335324,49.931344],[-96.010928,50.053634]],[[-95.979991,49.413994],[-95.987062,49.565717]],[[-95.975571,49.322794],[-95.979991,49.413994]],[[-95.975571,49.322794],[-96.294664,49.201748]],[[-96.010928,50.053634],[-96.023302,50.2978]],[[-99.337097,50.2522],[-99.023308,50.382367]],[[-98.964085,49.897766],[-99.305276,50.010107]],[[-98.934916,49.655672],[-98.964085,49.897766]],[[-98.934916,49.655672],[-99.097557,49.588102]],[[-99.023308,50.382367],[-99.053361,50.625289]],[[-99.053361,50.625289],[-98.745759,50.75131]],[[-96.283173,49.00028],[-96.294664,49.201748]],[[-99.213349,49.286314],[-98.877462,49.173559]],[[-98.877462,49.173559],[-98.857132,49.00028]],[[-99.213349,49.286314],[-99.243402,49.527164]]]}},{"type":"Feature","properties":{"kind":"border","from_year":1870,"to_year":1870,"a":"new_brunswick","b":"nova_scotia"},"geometry":{"type":"MultiLineString","coordinates":[[[-63.901856,46.083138],[-64.116647,46.069044]],[[-64.116647,46.069044],[-64.255422,46.059924]],[[-64.410991,45.841874],[-64.255422,46.059924]],[[-64.410991,45.841874],[-64.513525,45.834827]],[[-64.570095,45.830681],[-64.762789,45.817001]],[[-64.808752,45.497389],[-64.715941,45.406604]],[[-64.715941,45.406604],[-64.76986,45.328255]],[[-64.909518,45.60517],[-64.887421,45.63709]]]}},{"type":"Feature","properties":{"kind":"border","from_year":1870,"to_year":1870,"a":"new_brunswick","b":"prince_edward_island"},"geometry":{"type":"MultiLineString","coordinates":[[[-63.850589,46.154025],[-63.901856,46.083138]],[[-64.104273,46.48566],[-63.941632,46.496023]],[[-63.941632,46.496023],[-63.933677,46.487733]],[[-63.916883,46.471151],[-63.869151,46.424722]],[[-63.838214,46.393631],[-63.834679,46.390315]],[[-63.783412,46.339326],[-63.744519,46.300359]],[[-63.744519,46.300359],[-63.745403,46.298701]]]}},{"type":"Feature","properties":{"kind":"border","from_year":1870,"to_year":1870,"a":"new_brunswick","b":"quebec"},"geometry":{"type":"MultiLineString","coordinates":[[[-68.467274,47.388121],[-68.326731,47.614876]],[[-68.553013,47.805566],[-68.383302,47.662963]],[[-68.383302,47.662963],[-68.326731,47.614876]],[[-68.467274,47.388121],[-68.778411,47.356201]],[[-68.778411,47.356201],[-68.83233,47.350812]],[[-68.924257,47.197845],[-68.837634,47.341692]],[[-68.837634,47.341692],[-68.83233,47.350812]],[[-67.814945,47.877282],[-67.445469,47.911689]],[[-67.445469,47.911689],[-67.223606,47.718926]],[[-68.553013,47.805566],[-68.469925,47.939463]],[[-68.469925,47.939463],[-68.411587,48.033565]],[[-68.411587,48.033565],[-68.040343,48.06963]],[[-68.040343,48.06963],[-67.959023,47.999987]],[[-67.959023,47.999987],[-67.814945,47.877282]],[[-66.704748,47.975943],[-66.855014,47.750846]],[[-66.855014,47.750846],[-67.223606,47.718926]],[[-66.579233,47.986721],[-66.633151,47.982161]],[[-66.633151,47.982161],[-66.704748,47.975943]],[[-66.117829,47.811784],[-65.911877,47.827951]],[[-65.781058,47.8379],[-65.749237,47.840387]],[[-66.330853,48.003303],[-66.117829,47.811784]],[[-65.318771,48.084139],[-65.536214,48.068386]],[[-65.749237,47.840387],[-65.747469,47.84246]],[[-65.222424,48.090772],[-65.170273,48.04227]]]}},{"type":"Feature","properties":{"kind":"border","from_year":1870,"to_year":1870,"a":"newfoundland","b":"northwest_territories"},"geometry":{"type":"MultiLineString","coordinates":[[[-63.085119,56.663113],[-62.835855,56.450866]],[[-63.126663,57.102943],[-62.91364,57.330942]],[[-62.873864,56.890697],[-63.126663,57.102943]],[[-62.377988,56.464546],[-62.835855,56.450866]],[[-63.085119,56.663113],[-62.873864,56.890697]],[[-63.641101,57.527435],[-63.169091,57.543602]],[[-63.169091,57.543602],[-62.91364,57.330942]],[[-61.657598,55.824077],[-62.106626,55.81247]],[[-62.106626,55.81247],[-62.346167,56.025545]],[[-62.346167,56.025545],[-62.134911,56.251471]],[[-61.657598,55.824077],[-61.42336,55.610173]],[[-61.42336,55.610173],[-61.634616,55.386319]],[[-62.377988,56.464546],[-62.134911,56.251471]],[[-64.981999,60.141131],[-64.964321,60.127865]],[[-64.949295,60.117087],[-64.692959,59.930128]],[[-64.692959,59.930128],[-64.911286,59.698399]],[[-64.547998,60.380737],[-64.728316,60.37369]],[[-64.436624,60.384882],[-64.508221,60.381981]],[[-63.903624,57.739267],[-63.641101,57.527435]],[[-64.068032,59.064147],[-64.56214,59.045078]],[[-64.56214,59.045078],[-64.843225,59.256081]],[[-64.843225,59.256081],[-64.626666,59.487396]],[[-64.068032,59.064147],[-64.023836,59.030155]],[[-64.014997,59.023522],[-63.878874,58.917814]],[[-63.87799,58.916984],[-63.794903,58.851901]],[[-63.794903,58.851901],[-64.012345,58.622244]],[[-64.911286,59.698399],[-64.626666,59.487396]],[[-63.691485,57.968509],[-63.957543,58.180341]],[[-63.957543,58.180341],[-63.741868,58.409998]],[[-63.903624,57.739267],[-63.691485,57.968509]],[[-64.012345,58.622244],[-63.741868,58.409998]],[[-56.423941,52.169878],[-56.607795,52.385855]],[[-56.607795,52.385855],[-56.415986,52.570326]],[[-56.411566,52.574472],[-56.387701,52.597272]],[[-56.423941,52.169878],[-56.641384,51.958875]],[[-56.641384,51.958875],[-57.040913,51.962606]],[[-56.387701,52.597272],[-56.573323,52.814078]],[[-56.980807,52.818638],[-56.573323,52.814078]],[[-57.25482,51.75036],[-57.11693,51.590761]],[[-57.11693,51.590761],[-57.070082,51.536041]],[[-57.070082,51.536041],[-57.194714,51.410849]],[[-56.94987,53.248105],[-57.142563,53.465325]],[[-57.558887,53.468642],[-57.306087,53.466984]],[[-57.289293,53.466569],[-57.142563,53.465325]],[[-56.94987,53.248105],[-57.171733,53.03503]],[[-56.980807,52.818638],[-57.171733,53.03503]],[[-57.558887,53.468642],[-57.756,53.685448]],[[-60.714461,54.096675],[-60.286647,54.104137]],[[-60.286647,54.104137],[-60.071855,53.890232]],[[-60.70297,53.662234],[-60.921297,53.874894]],[[-60.921297,53.874894],[-60.714461,54.096675]],[[-60.071855,53.890232],[-59.647577,53.895621]],[[-60.70297,53.662234],[-60.908038,53.440867]],[[-60.275156,53.236912],[-60.692363,53.228621]],[[-60.692363,53.228621],[-60.908038,53.440867]],[[-60.725068,54.531945],[-60.292834,54.538993]],[[-60.292834,54.538993],[-60.075391,54.324674]],[[-60.075391,54.324674],[-59.645809,54.329648]],[[-59.645809,54.329648],[-59.433669,54.1145]],[[-59.433669,54.1145],[-59.508802,54.037395]],[[-59.5309,54.014595],[-59.647577,53.895621]],[[-58.174975,53.686277],[-58.392418,53.4703]],[[-58.392418,53.4703],[-58.81051,53.469056]],[[-58.174975,53.686277],[-57.756,53.685448]],[[-58.81051,53.469056],[-59.024417,53.251836]],[[-59.024417,53.251836],[-59.440741,53.248519]],[[-60.064784,53.023837],[-59.649344,53.030055]],[[-59.440741,53.248519],[-59.649344,53.030055]],[[-60.064784,53.023837],[-60.275156,53.236912]],[[-61.40303,55.172829],[-60.962841,55.181949]],[[-60.962841,55.181949],[-60.736559,54.968045]],[[-60.736559,54.968045],[-60.948698,54.745435]],[[-60.725068,54.531945],[-60.948698,54.745435]],[[-61.40303,55.172829],[-61.634616,55.386319]]]}},{"type":"Feature","properties":{"kind":"border","from_year":1870,"to_year":1870,"a":"newfoundland","b":"quebec"},"geometry":{"type":"MultiLineString","coordinates":[[[-57.040913,51.962606],[-57.107207,51.897108]],[[-57.107207,51.897108],[-57.25482,51.75036]]]}},{"type":"Feature","properties":{"kind":"border","from_year":1870,"to_year":1870,"a":"northwest_territories","b":"ontario"},"geometry":{"type":"MultiLineString","coordinates":[[[-84.755163,48.993232],[-85.057461,49.147857]],[[-85.66913,49.455034],[-85.977616,49.607585]],[[-85.717745,49.210453],[-85.66913,49.455034]],[[-85.057461,49.147857],[-85.412795,49.057486]],[[-85.412795,49.057486],[-85.717745,49.210453]],[[-88.233366,50.405996],[-87.874496,50.506315]],[[-87.874496,50.506315],[-87.552752,50.358323]],[[-87.552752,50.358323],[-87.591644,50.112085]],[[-87.591644,50.112085],[-87.274319,49.963678]],[[-87.274319,49.963678],[-87.314095,49.717854]],[[-88.944033,50.20287],[-88.913096,50.449523]],[[-88.913096,50.449523],[-88.556878,50.551915]],[[-88.556878,50.551915],[-88.233366,50.405996]],[[-87.000305,49.569033],[-86.645855,49.664792]],[[-86.645855,49.664792],[-86.334718,49.513899]],[[-87.314095,49.717854],[-87.000305,49.569033]],[[-85.977616,49.607585],[-86.334718,49.513899]],[[-90.763128,48.700979],[-90.781691,48.457642]],[[-89.995007,49.891133],[-89.971141,50.137372]],[[-89.971141,50.137372],[-89.621111,50.242251]],[[-89.621111,50.242251],[-89.296715,50.100063]],[[-89.995007,49.891133],[-90.341501,49.785839]],[[-90.042738,49.400314],[-90.363599,49.540015]],[[-90.363599,49.540015],[-90.341501,49.785839]],[[-88.944033,50.20287],[-89.296715,50.100063]],[[-83.918096,48.282705],[-83.62552,48.126008]],[[-83.62552,48.126008],[-83.684743,47.884329]],[[-83.684743,47.884329],[-83.395703,47.727217]],[[-82.822926,47.411335],[-82.53919,47.252565]],[[-83.859758,48.525213],[-84.155869,48.68191]],[[-83.918096,48.282705],[-83.859758,48.525213]],[[-84.155869,48.68191],[-84.510318,48.594856]],[[-84.510318,48.594856],[-84.809082,48.749481]],[[-84.809082,48.749481],[-84.755163,48.993232]],[[-82.759284,47.65177],[-83.045672,47.81054]],[[-82.822926,47.411335],[-82.759284,47.65177]],[[-82.124634,47.572592],[-82.191811,47.332572]],[[-82.191811,47.332572],[-82.53919,47.252565]],[[-83.045672,47.81054],[-83.395703,47.727217]],[[-81.77372,47.65177],[-82.124634,47.572592]],[[-90.486463,48.100306],[-90.483811,48.125179]],[[-90.483811,48.132226],[-90.467901,48.319599]],[[-90.781691,48.457642],[-90.467901,48.319599]],[[-90.427241,48.806273],[-90.406027,49.050439]],[[-90.406027,49.050439],[-90.06572,49.155319]],[[-90.427241,48.806273],[-90.763128,48.700979]],[[-90.06572,49.155319],[-90.042738,49.400314]],[[-81.492635,47.490098],[-81.140837,47.567618]],[[-81.77372,47.65177],[-81.492635,47.490098]],[[-79.639067,48.10611],[-79.760163,48.081652]],[[-79.760163,48.081652],[-79.997936,48.03315]],[[-79.997936,48.03315],[-80.277253,48.198967]],[[-80.636122,48.123935],[-80.664407,48.034394]],[[-80.664407,48.034394],[-80.712139,47.8835]],[[-80.712139,47.8835],[-81.067472,47.807638]],[[-81.07366,47.788155],[-81.067472,47.807638]],[[-81.140837,47.567618],[-81.07366,47.78774]],[[-80.277253,48.198967],[-80.636122,48.123935]]]}},{"type":"Feature","properties":{"kind":"border","from_year":1870,"to_year":1870,"a":"northwest_territories","b":"quebec"},"geometry":{"type":"MultiLineString","coordinates":[[[-69.057728,52.757285],[-69.473168,52.718318]],[[-69.473168,52.718318],[-69.736575,52.913983]],[[-69.736575,52.913983],[-70.152898,52.872529]],[[-68.799625,52.560377],[-68.385953,52.597272]],[[-68.385953,52.597272],[-68.13227,52.39912]],[[-69.057728,52.757285],[-68.799625,52.560377]],[[-67.555958,52.666501],[-67.719482,52.433527]],[[-67.719482,52.433527],[-68.13227,52.39912]],[[-70.30228,52.63541],[-70.037989,52.441403]],[[-70.037989,52.441403],[-70.186487,52.205114]],[[-70.186487,52.205114],[-70.595739,52.162001]],[[-70.595739,52.162001],[-70.860914,52.354764]],[[-70.860914,52.354764],[-71.27105,52.309164]],[[-71.411592,52.071216],[-71.27105,52.309164]],[[-71.145534,51.880112],[-71.411592,52.071216]],[[-70.30228,52.63541],[-70.152898,52.872529]],[[-67.141402,52.698835],[-67.555958,52.666501]],[[-66.973458,52.930979],[-67.141402,52.698835]],[[-66.555367,52.961241],[-66.873576,52.938441]],[[-66.873576,52.938441],[-66.884183,52.937612]],[[-66.884183,52.937612],[-66.973458,52.930979]],[[-72.750722,51.021593],[-72.87889,50.783645]],[[-72.87889,50.783645],[-73.049485,50.760845]],[[-73.152019,50.747165],[-73.272232,50.730998]],[[-72.223026,51.3097],[-72.354729,51.072167]],[[-72.354729,51.072167],[-72.750722,51.021593]],[[-73.39598,50.49305],[-73.272232,50.730998]],[[-73.87241,50.267953],[-73.905998,50.200382]],[[-73.810536,50.389414],[-73.825562,50.360396]],[[-73.825562,50.360396],[-73.826446,50.358738]],[[-73.785786,50.439159],[-73.801697,50.407239]],[[-73.905998,50.200382],[-73.63994,50.017154]],[[-73.63994,50.017154],[-73.759269,49.779621]],[[-73.759269,49.779621],[-74.102227,49.73029]],[[-74.102227,49.73029],[-74.142004,49.724487]],[[-73.39598,50.49305],[-73.604584,50.464032]],[[-73.604584,50.464032],[-73.785786,50.439159]],[[-71.823496,51.358616],[-71.687373,51.59615]],[[-71.687373,51.59615],[-71.285192,51.642993]],[[-71.823496,51.358616],[-72.223026,51.3097]],[[-71.285192,51.642993],[-71.145534,51.880112]],[[-64.357956,52.224597],[-64.537391,51.997428]],[[-64.888305,51.543503],[-65.119006,51.746214]],[[-64.537391,51.997428],[-64.308457,51.793058]],[[-64.308457,51.793058],[-64.48524,51.566717]],[[-64.48524,51.566717],[-64.888305,51.543503]],[[-65.587481,52.152052],[-65.825254,52.354349]],[[-65.119006,51.746214],[-65.524723,51.720927]],[[-65.524723,51.720927],[-65.759844,51.92281]],[[-65.759844,51.92281],[-65.587481,52.152052]],[[-63.994667,52.678108],[-63.765733,52.47208]],[[-63.765733,52.47208],[-63.948704,52.245739]],[[-63.948704,52.245739],[-64.357956,52.224597]],[[-66.480234,52.528458],[-66.237158,52.326575]],[[-66.480234,52.528458],[-66.309639,52.759358]],[[-65.825254,52.354349],[-66.237158,52.326575]],[[-66.555367,52.961241],[-66.309639,52.759358]],[[-63.393605,52.923932],[-63.809929,52.904863]],[[-63.994667,52.678108],[-63.809929,52.904863]],[[-63.393605,52.923932],[-63.166439,52.71666]],[[-62.560074,52.957924],[-62.751884,52.733242]],[[-62.751884,52.733242],[-63.166439,52.71666]],[[-57.040913,51.962606],[-57.227419,52.177754]],[[-57.740973,51.400071],[-57.740973,51.400485]],[[-57.766607,51.429918],[-57.86207,51.538528]],[[-57.86207,51.538528],[-57.652582,51.752018]],[[-57.652582,51.752018],[-57.25482,51.75036]],[[-57.6296,52.179412],[-57.227419,52.177754]],[[-57.82141,52.394146],[-58.227126,52.394146]],[[-58.227126,52.394146],[-58.422471,52.608464]],[[-57.6296,52.179412],[-57.82141,52.394146]],[[-59.040327,52.39],[-58.831724,52.606806]],[[-58.831724,52.606806],[-58.422471,52.608464]],[[-61.293425,52.565352],[-60.882405,52.575716]],[[-60.882405,52.575716],[-60.672033,52.364713]],[[-60.672033,52.364713],[-60.263665,52.373418]],[[-59.447812,52.385855],[-59.040327,52.39]],[[-61.5091,52.775525],[-61.922772,52.763089]],[[-61.922772,52.763089],[-62.143751,52.972433]],[[-61.293425,52.565352],[-61.5091,52.775525]],[[-62.560074,52.957924],[-62.143751,52.972433]],[[-59.651112,52.598515],[-60.061248,52.592297]],[[-59.447812,52.385855],[-59.651112,52.598515]],[[-60.061248,52.592297],[-60.263665,52.373418]],[[-77.015609,47.936976],[-76.711542,47.990452]],[[-76.711542,47.990452],[-76.65232,48.000816]],[[-79.639067,48.10611],[-79.555979,48.34613]],[[-79.555979,48.34613],[-79.193574,48.417846]],[[-79.189154,48.429453],[-79.142307,48.561278]],[[-79.142307,48.561693],[-79.107834,48.658281]],[[-79.107834,48.658281],[-78.741894,48.729168]],[[-78.741894,48.729168],[-78.490862,48.574958]],[[-78.490862,48.574958],[-78.464345,48.558376]],[[-78.464345,48.558376],[-78.496165,48.474224]],[[-78.496165,48.474224],[-78.55362,48.31877]],[[-79.193574,48.417846],[-79.189154,48.429453]],[[-78.55362,48.31877],[-78.28049,48.148393]],[[-78.28049,48.148393],[-78.369766,47.909616]],[[-78.099288,47.739239],[-77.738651,47.806395]],[[-75.080721,48.482515],[-75.056855,48.534747]],[[-75.030337,48.591954],[-75.01973,48.613925]],[[-75.053319,48.540551],[-75.033873,48.583249]],[[-74.98349,48.693517],[-74.971999,48.717561]],[[-74.487614,49.011887],[-74.111067,49.06785]],[[-73.995274,49.304969],[-74.25868,49.486539]],[[-74.25868,49.486539],[-74.142004,49.724487]],[[-74.111067,49.06785],[-73.995274,49.304969]],[[-75.530633,48.24208],[-75.556266,48.184873]],[[-75.556266,48.184873],[-75.923091,48.124764]],[[-75.923091,48.124764],[-76.186497,48.30053]],[[-76.186497,48.30053],[-76.553322,48.238349]],[[-76.65232,48.000816],[-76.553322,48.238349]],[[-75.139943,48.471322],[-75.172648,48.466348]],[[-75.081604,48.480442],[-75.087792,48.479613]],[[-74.991445,48.730826],[-74.971999,48.717561]],[[-75.236289,48.896644],[-75.00824,48.742019]],[[-75.437822,48.424064],[-75.451081,48.421992]],[[-75.366225,48.435672],[-75.411304,48.42821]],[[-75.296396,48.44645],[-75.34943,48.438159]],[[-75.188558,48.46386],[-75.214192,48.459715]],[[-75.110774,48.476297],[-75.133755,48.472566]],[[-77.283435,48.110255],[-77.646724,48.044343]],[[-77.738651,47.806395],[-77.646724,48.044343]],[[-77.283435,48.110255],[-77.106652,47.995841]],[[-77.106652,47.995841],[-77.015609,47.936976]],[[-74.75102,49.192213],[-75.126684,49.134177]],[[-75.236289,48.896644],[-75.126684,49.134177]],[[-74.75102,49.192213],[-74.487614,49.011887]]]}},{"type":"Feature","properties":{"kind":"border","from_year":1870,"to_year":1870,"a":"nova_scotia","b":"prince_edward_island"},"geometry":{"type":"MultiLineString","coordinates":[[[-63.901856,46.083138],[-63.885946,46.067386]],[[-63.16202,45.714609],[-62.81199,45.734507]],[[-63.251295,45.80498],[-63.242456,45.79586]],[[-63.207099,45.760209],[-63.197376,45.750675]],[[-63.186769,45.739067],[-63.16202,45.714609]],[[-62.81199,45.734507],[-62.789008,45.765598]]]}},{"type":"Feature","properties":{"kind":"border","from_year":1870,"to_year":1870,"a":"ontario","b":"quebec"},"geometry":{"type":"MultiLineString","coordinates":[[[-75.923888,45.360806],[-75.811843,45.410873]],[[-75.811843,45.410873],[-75.692616,45.370082]],[[-76.043834,45.401359],[-75.923888,45.360806]],[[-75.579853,45.419911],[-75.692616,45.370082]],[[-75.116077,45.436451],[-75.104586,45.462567]],[[-75.104586,45.462567],[-75.014427,45.667766]],[[-75.014427,45.667766],[-74.788145,45.70466]],[[-74.788145,45.70466],[-74.667049,45.724144]],[[-74.667049,45.724144],[-74.546836,45.637504]],[[-74.423972,45.548792],[-74.488498,45.406189]],[[-74.489382,45.406189],[-74.528274,45.31872]],[[-74.528274,45.31872],[-74.358563,45.195187]],[[-74.318786,45.166168],[-74.287849,45.143783]],[[-74.287849,45.143783],[-74.355911,44.995791]],[[-74.355911,44.995791],[-74.356795,44.992475]],[[-75.116077,45.436451],[-75.27253,45.410749]],[[-75.27253,45.410749],[-75.460804,45.378829]],[[-77.408067,46.1134],[-77.612251,46.248127]],[[-77.612251,46.248127],[-77.665286,46.282948]],[[-76.898048,45.77306],[-77.242775,45.710049]],[[-77.242775,45.710049],[-77.497342,45.879183]],[[-77.497342,45.879183],[-77.408067,46.1134]],[[-77.665286,46.282948],[-78.013548,46.217036]],[[-78.013548,46.217036],[-78.274303,46.385755]],[[-76.321736,45.660304],[-76.300522,45.664035]],[[-76.300522,45.664035],[-76.051258,45.492]],[[-76.646133,45.602683],[-76.645249,45.602683]],[[-76.898048,45.77306],[-76.646133,45.602683]],[[-79.60813,47.222303],[-79.688566,46.984355]],[[-79.688566,46.984355],[-79.418972,46.818124]],[[-79.445489,47.699443],[-79.17236,47.531967]],[[-79.17236,47.531967],[-79.225395,47.379415]],[[-79.225395,47.379415],[-79.255448,47.293605]],[[-79.255448,47.293605],[-79.60813,47.222303]],[[-79.068942,46.88901],[-79.418972,46.818124]],[[-78.885972,46.485245],[-78.621681,46.31777]],[[-78.885972,46.485245],[-78.802,46.721535]],[[-78.274303,46.385755],[-78.621681,46.31777]],[[-79.068942,46.88901],[-78.802,46.721535]],[[-79.362401,47.938634],[-79.627576,48.099477]]]}},{"type":"Feature","properties":{"kind":"label","from_year":1870,"to_year":1870,"jurisdiction":"arctic_islands","name":"British Arctic Islands","sovereign":"Britain","status":"unorganized","h3":"84022d9ffffffff"},"geometry":{"type":"Point","coordinates":[-84.37946,80.14781]}},{"type":"Feature","properties":{"kind":"label","from_year":1870,"to_year":1870,"jurisdiction":"british_columbia","name":"British Columbia","sovereign":"Britain","status":"colony","h3":"8412aa7ffffffff"},"geometry":{"type":"Point","coordinates":[-125.27189,54.03228]}},{"type":"Feature","properties":{"kind":"label","from_year":1870,"to_year":1870,"jurisdiction":"manitoba","name":"Manitoba","sovereign":"Canada","status":"province","h3":"85271c83fffffff"},"geometry":{"type":"Point","coordinates":[-97.31006,49.7962]}},{"type":"Feature","properties":{"kind":"label","from_year":1870,"to_year":1870,"jurisdiction":"new_brunswick","name":"New Brunswick","sovereign":"Canada","status":"province","h3":"842b025ffffffff"},"geometry":{"type":"Point","coordinates":[-66.28033,46.52931]}},{"type":"Feature","properties":{"kind":"label","from_year":1870,"to_year":1870,"jurisdiction":"newfoundland","name":"Newfoundland","sovereign":"Britain","status":"colony","h3":"841b987ffffffff"},"geometry":{"type":"Point","coordinates":[-56.51042,48.97737]}},{"type":"Feature","properties":{"kind":"label","from_year":1870,"to_year":1870,"jurisdiction":"northwest_territories","name":"North-West Territories","sovereign":"Canada","status":"territory","h3":"8412441ffffffff"},"geometry":{"type":"Point","coordinates":[-106.53537,56.72917]}},{"type":"Feature","properties":{"kind":"label","from_year":1870,"to_year":1870,"jurisdiction":"nova_scotia","name":"Nova Scotia","sovereign":"Canada","status":"province","h3":"842b011ffffffff"},"geometry":{"type":"Point","coordinates":[-63.39259,45.25509]}},{"type":"Feature","properties":{"kind":"label","from_year":1870,"to_year":1870,"jurisdiction":"ontario","name":"Ontario","sovereign":"Canada","status":"province","h3":"842b933ffffffff"},"geometry":{"type":"Point","coordinates":[-80.34474,45.73668]}},{"type":"Feature","properties":{"kind":"label","from_year":1870,"to_year":1870,"jurisdiction":"prince_edward_island","name":"Prince Edward Island","sovereign":"Britain","status":"colony","h3":"842b055ffffffff"},"geometry":{"type":"Point","coordinates":[-62.87475,46.27223]}},{"type":"Feature","properties":{"kind":"label","from_year":1870,"to_year":1870,"jurisdiction":"quebec","name":"Quebec","sovereign":"Canada","status":"province","h3":"840e4b5ffffffff"},"geometry":{"type":"Point","coordinates":[-70.3091,49.55966]}},{"type":"Feature","properties":{"kind":"border","from_year":1871,"to_year":1872,"a":"arctic_islands","b":"northwest_territories"},"geometry":{"type":"MultiLineString","coordinates":[[[-78.826749,71.487596],[-78.641127,71.729274]],[[-78.641127,71.729274],[-77.97996,71.788554]],[[-77.939299,71.792285],[-77.865935,71.798918]],[[-77.865935,71.798918],[-77.773124,71.771143]],[[-77.720089,71.755391],[-77.289622,71.625224]],[[-77.289622,71.625224],[-77.490271,71.384789]],[[-77.490271,71.384789],[-76.928985,71.209852]],[[-79.586916,71.413807],[-80.176487,71.580453]],[[-78.826749,71.487596],[-79.586916,71.413807]],[[-76.167051,71.272862],[-76.928985,71.209852]],[[-75.619908,71.094194],[-74.858858,71.151816]],[[-74.858858,71.151816],[-74.325858,70.969002]],[[-74.034166,70.546997],[-74.260448,70.308634]],[[-76.167051,71.272862],[-75.619908,71.094194]],[[-80.934885,71.50169],[-81.091338,71.257524]],[[-81.091338,71.257524],[-81.83471,71.17503]],[[-81.977904,70.930035],[-81.83471,71.17503]],[[-81.977904,70.930035],[-82.705365,70.84381]],[[-82.705365,70.84381],[-83.301124,71.000922]],[[-80.176487,71.580453],[-80.934885,71.50169]],[[-73.566575,71.021649],[-74.325858,70.969002]],[[-84.02505,70.909722],[-84.141726,70.662654]],[[-84.141726,70.662654],[-84.850626,70.568139]],[[-83.301124,71.000922],[-84.02505,70.909722]],[[-97.900737,68.475939],[-97.559546,68.415001]],[[-97.052179,68.540193],[-97.141454,68.518222]],[[-97.521537,68.424535],[-97.559546,68.415001]],[[-97.277577,68.484644],[-97.47027,68.436971]],[[-104.575174,68.559262],[-104.647655,68.568796]],[[-104.647655,68.568796],[-104.65119,68.575843]],[[-115.421686,68.934838],[-115.592282,68.945202]],[[-115.592282,68.945202],[-115.626754,68.980852]],[[-108.398987,68.56092],[-108.150607,68.533975]],[[-107.825326,68.649632],[-108.150607,68.533975]],[[-107.181837,69.103143],[-107.310888,69.117237]],[[-106.158264,69.212997],[-106.278476,69.173615]],[[-106.158264,69.212997],[-105.87276,69.179419]],[[-107.310888,69.117237],[-107.761685,68.963027]],[[-94.723948,71.834983],[-94.723065,71.834983]],[[-94.623182,71.854052],[-94.449935,71.887215]],[[-94.727484,71.835397],[-94.723948,71.834983]],[[-95.191539,71.911673],[-94.859187,71.857368]],[[-70.139639,64.110383],[-69.771931,63.910573]],[[-69.771931,63.910573],[-69.980535,63.671382]],[[-69.980535,63.671382],[-69.619014,63.471157]],[[-68.297562,67.786968],[-67.629323,67.8164]],[[-67.629323,67.8164],[-67.228026,67.61203]],[[-67.228026,67.61203],[-67.490548,67.380301]],[[-67.490548,67.380301],[-68.147297,67.351283]],[[-68.002335,66.914354],[-68.399212,67.11748]],[[-68.399212,67.11748],[-68.147297,67.351283]],[[-68.71035,67.98885],[-68.297562,67.786968]],[[-68.71035,67.98885],[-68.453131,68.221824]],[[-68.250715,66.680551],[-68.002335,66.914354]],[[-68.888901,66.648217],[-69.127558,66.412757]],[[-69.127558,66.412757],[-69.109879,66.403637]],[[-69.101924,66.399491],[-68.7351,66.210874]],[[-68.7351,66.210874],[-68.746591,66.200096]],[[-68.758965,66.187245],[-68.971105,65.975413]],[[-68.971105,65.975413],[-69.591613,65.939763]],[[-68.250715,66.680551],[-68.888901,66.648217]],[[-69.993794,68.586622],[-69.741878,68.821253]],[[-68.874758,68.422877],[-69.558908,68.38847]],[[-69.558908,68.38847],[-69.993794,68.586622]],[[-68.874758,68.422877],[-68.453131,68.221824]],[[-70.886547,68.979194],[-70.186487,69.018576]],[[-70.186487,69.018576],[-69.741878,68.821253]],[[-69.497034,64.826299],[-69.124022,64.624831]],[[-69.124022,64.624831],[-69.343233,64.387298]],[[-69.343233,64.387298],[-69.929268,64.349574]],[[-70.139639,64.110383],[-69.929268,64.349574]],[[-69.497034,64.826299],[-69.275171,65.063833]],[[-69.654371,65.264472],[-69.275171,65.063833]],[[-68.309937,63.32814],[-68.698859,63.30534]],[[-68.698859,63.30534],[-69.051541,63.508052]],[[-67.811409,63.11009],[-68.007638,62.897429]],[[-68.080119,63.306998],[-67.980237,63.247718]],[[-67.979353,63.247718],[-67.958139,63.234868]],[[-67.930738,63.2187],[-67.880354,63.188439]],[[-69.051541,63.508052],[-69.619014,63.471157]],[[-69.43074,65.502005],[-69.817895,65.702229]],[[-69.817895,65.702229],[-69.591613,65.939763]],[[-69.654371,65.264472],[-69.43074,65.502005]],[[-73.753081,70.122919],[-73.0212,70.173908]],[[-73.0212,70.173908],[-72.527976,69.984876]],[[-72.527976,69.984876],[-72.764865,69.747757]],[[-72.764865,69.747757],[-72.283132,69.557897]],[[-74.260448,70.308634],[-73.753081,70.122919]],[[-71.343531,69.1732],[-70.886547,68.979194]],[[-73.289026,70.5984],[-73.048602,70.835104]],[[-73.566575,71.021649],[-73.048602,70.835104]],[[-73.289026,70.5984],[-74.034166,70.546997]],[[-71.098687,69.409076],[-71.567161,69.602667]],[[-71.343531,69.1732],[-71.098687,69.409076]],[[-71.567161,69.602667],[-72.283132,69.557897]],[[-65.233031,61.876409],[-65.199442,61.853609]],[[-65.173809,61.835784],[-65.089837,61.778577]],[[-66.683535,62.072488],[-66.19031,62.096117]],[[-66.16998,62.096946],[-66.140811,62.09819]],[[-66.140811,62.09819],[-66.131972,62.092801]],[[-67.669983,62.69223],[-67.115769,62.721663]],[[-67.115769,62.721663],[-66.786069,62.514806]],[[-66.786069,62.514806],[-67.007931,62.27976]],[[-67.007931,62.27976],[-66.683535,62.072488]],[[-68.007638,62.897429],[-67.669983,62.69223]],[[-96.989421,68.555116],[-96.595195,68.482157]],[[-96.594311,68.482157],[-96.467911,68.458528]],[[-84.955811,70.320242],[-84.850626,70.568139]],[[-84.367124,70.16769],[-84.955811,70.320242]],[[-84.436954,70.008505],[-84.367124,70.16769]],[[-85.351805,69.873779],[-85.317332,69.864659]],[[-95.871269,69.363061],[-95.888948,69.576966]],[[-113.928755,68.422877],[-113.907541,68.398004]],[[-114.078136,68.643829],[-114.108189,68.630563]]]}},{"type":"Feature","properties":{"kind":"border","from_year":1871,"to_year":1872,"a":"british_columbia","b":"northwest_territories"},"geometry":{"type":"MultiLineString","coordinates":[[[-119.809437,58.635095],[-120.000362,58.651262]],[[-120.000362,58.651262],[-120.242555,58.671575]],[[-120.242555,58.671575],[-120.422873,58.892526]],[[-120.422873,58.892526],[-120.167422,59.078656]],[[-119.634422,58.4129],[-119.809437,58.635095]],[[-120.167422,59.078656],[-120.349508,59.300022]],[[-120.349508,59.300022],[-120.090522,59.486567]],[[-119.888105,58.228843],[-119.713974,58.007062]],[[-119.713974,58.007062],[-119.964122,57.823419]],[[-119.634422,58.4129],[-119.888105,58.228843]],[[-119.792642,57.602468],[-119.964122,57.823419]],[[-120.011853,59.895721],[-120.198359,60.117916]],[[-120.911678,59.962048],[-120.650923,60.15108]],[[-120.650923,60.15108],[-120.198359,60.117916]],[[-120.011853,59.895721],[-120.27526,59.708348]],[[-120.090522,59.486567],[-120.27526,59.708348]],[[-121.61439,59.803693],[-121.360706,59.993139]],[[-121.360706,59.993139],[-120.911678,59.962048]],[[-122.059883,59.832296],[-121.61439,59.803693]],[[-120.086102,55.994869],[-120.251394,56.214162]],[[-120.251394,56.214162],[-120.015389,56.394903]],[[-120.086102,55.994869],[-120.319455,55.814957]],[[-120.155047,55.596078],[-120.319455,55.814957]],[[-120.182449,56.614611],[-120.000362,56.753068]],[[-120.015389,56.394903],[-120.182449,56.614611]],[[-120.000362,56.753068],[-119.942908,56.796181]],[[-120.384865,55.416995],[-120.222225,55.198946]],[[-120.155047,55.596078],[-120.384865,55.416995]],[[-119.674198,54.939441],[-119.833303,55.15832]],[[-120.222225,55.198946],[-119.833303,55.15832]],[[-119.674198,54.939441],[-119.903132,54.762431]],[[-119.746679,54.543967],[-119.903132,54.762431]],[[-120.039255,57.419654],[-120.000362,57.369494]],[[-120.000362,57.100456],[-120.111736,57.016303]],[[-120.000362,57.369494],[-119.868659,57.198702]],[[-119.868659,57.198702],[-120.000362,57.100456]],[[-119.942908,56.796181],[-120.000362,56.871213]],[[-120.000362,56.871213],[-120.111736,57.016303]],[[-119.792642,57.602468],[-120.000362,57.448258]],[[-120.000362,57.448258],[-120.039255,57.419654]],[[-123.599661,60.122891],[-124.045154,60.144447]],[[-122.257879,60.049931],[-122.706024,60.075633]],[[-125.601727,60.004332],[-125.378097,60.198752]],[[-125.378097,60.198752],[-124.934372,60.182171]],[[-124.934372,60.182171],[-124.750518,60.000186]],[[-124.750518,60.000186],[-124.720465,59.970754]],[[-124.720465,59.970754],[-124.278508,59.95127]],[[-126.041033,60.018841],[-125.601727,60.004332]],[[-124.045154,60.144447],[-124.278508,59.95127]],[[-126.041033,60.018841],[-126.262895,60.227356]],[[-123.392825,59.908572],[-122.9491,59.884529]],[[-122.706024,60.075633],[-122.9491,59.884529]],[[-123.392825,59.908572],[-123.599661,60.122891]],[[-116.917269,51.763625],[-116.5584,51.708905]],[[-116.5584,51.708905],[-116.430232,51.487954]],[[-116.430232,51.487954],[-116.073131,51.431576]],[[-116.073131,51.431576],[-115.948499,51.21021]],[[-116.917269,51.763625],[-117.048972,51.984162]],[[-117.409609,52.036809],[-117.048972,51.984162]],[[-115.472069,50.929979],[-115.594049,51.152174]],[[-115.948499,51.21021],[-115.594049,51.152174]],[[-115.472069,50.929979],[-115.702771,50.767478]],[[-115.232528,50.486832],[-115.581675,50.546526]],[[-115.581675,50.546526],[-115.702771,50.767478]],[[-117.907253,52.307506],[-118.045144,52.526799]],[[-117.543964,52.256517],[-117.907253,52.307506]],[[-117.409609,52.036809],[-117.543964,52.256517]],[[-118.4102,52.575716],[-118.045144,52.526799]],[[-114.316793,49.31782],[-114.428166,49.538771]],[[-114.543959,49.160708],[-114.463523,49.001109]],[[-114.768473,49.601782],[-114.499764,49.552451]],[[-114.499764,49.552451],[-114.428166,49.538771]],[[-114.316793,49.31782],[-114.543959,49.160708]],[[-115.114968,50.265466],[-114.768473,50.203699]],[[-114.768473,50.203699],[-114.653565,49.981918]],[[-114.653565,49.981918],[-114.719858,49.936318]],[[-114.719858,49.936318],[-114.883382,49.822733]],[[-114.768473,49.601782],[-114.883382,49.822733]],[[-115.114968,50.265466],[-115.232528,50.486832]],[[-120.105548,53.581812],[-119.952631,53.365421]],[[-119.952631,53.365421],[-119.582271,53.322308]],[[-119.582271,53.322308],[-119.432889,53.104673]],[[-119.885453,53.756749],[-120.105548,53.581812]],[[-120.039255,53.97397],[-120.000362,53.918836]],[[-120.000362,53.918836],[-119.885453,53.756749]],[[-119.064297,53.059488],[-118.840667,53.231938]],[[-118.840667,53.231938],[-118.470307,53.185094]],[[-118.470307,53.185094],[-118.327113,52.965801]],[[-118.327113,52.965801],[-118.552511,52.794594]],[[-118.4102,52.575716],[-118.552511,52.794594]],[[-119.432889,53.104673],[-119.064297,53.059488]],[[-120.000362,54.005061],[-120.039255,53.97397]],[[-119.972077,54.367372],[-119.816508,54.149736]],[[-119.816508,54.149736],[-120.000362,54.005061]],[[-119.746679,54.543967],[-119.972077,54.367372]],[[-130.79826,60.083924],[-131.223422,60.081437]],[[-134.564619,60.013866],[-134.413469,60.214505]],[[-134.413469,60.214505],[-133.998029,60.226941]],[[-133.998029,60.226941],[-133.739043,60.038324]],[[-133.739043,60.038324],[-133.323603,60.048688]],[[-133.323603,60.048688],[-133.069036,59.858412]],[[-134.974755,59.999772],[-134.564619,60.013866]],[[-134.974755,59.999772],[-134.986246,60.008477]],[[-134.986246,60.008477],[-135.239045,60.185072]],[[-132.653596,59.866703],[-132.543107,60.000186]],[[-132.543107,60.000186],[-132.488304,60.065684]],[[-132.488304,60.065684],[-132.068445,60.072317]],[[-132.068445,60.072317],[-131.818297,59.878725]],[[-131.818297,59.878725],[-131.399321,59.88287]],[[-133.069036,59.858412],[-132.653596,59.866703]],[[-131.223422,60.081437],[-131.295019,60.000186]],[[-131.295019,60.000186],[-131.399321,59.88287]],[[-128.142097,60.000186],[-127.990948,59.866289]],[[-128.850112,59.878725],[-128.653884,60.076048]],[[-128.653884,60.076048],[-128.221649,60.069829]],[[-128.221649,60.069829],[-128.142097,60.000186]],[[-127.990948,59.866289],[-127.558714,59.857998]],[[-129.278811,59.88287],[-128.850112,59.878725]],[[-129.5157,60.083095],[-129.944398,60.084753]],[[-129.278811,59.88287],[-129.5157,60.083095]],[[-126.703085,60.239378],[-126.916108,60.043713]],[[-126.916108,60.043713],[-127.352762,60.054077]],[[-126.703085,60.239378],[-126.262895,60.227356]],[[-127.352762,60.054077],[-127.558714,59.857998]],[[-130.555183,59.887016],[-130.130904,59.887016]],[[-130.555183,59.887016],[-130.79826,60.083924]],[[-129.944398,60.084753],[-130.024835,60.000186]],[[-130.024835,60.000186],[-130.130904,59.887016]],[[-137.395796,59.890332],[-136.997151,59.911474]],[[-137.668926,60.068586],[-138.067571,60.045371]],[[-136.939696,60.000186],[-136.997151,59.911474]],[[-137.395796,59.890332],[-137.668926,60.068586]],[[-136.866331,60.112113],[-136.939696,60.000186]],[[-138.187783,59.844732],[-138.581125,59.820274]],[[-138.067571,60.045371],[-138.187783,59.844732]],[[-136.193673,59.950441],[-136.462383,60.132011]],[[-135.648298,60.168491],[-135.78884,59.967852]],[[-135.78884,59.967852],[-136.193673,59.950441]],[[-135.648298,60.168491],[-135.239045,60.185072]],[[-136.866331,60.112113],[-136.462383,60.132011]]]}},{"type":"Feature","properties":{"kind":"border","from_year":1871,"to_year":1872,"a":"manitoba","b":"northwest_territories"},"geometry":{"type":"MultiLineString","coordinates":[[[-96.512991,50.712343],[-96.544812,50.723536]],[[-96.3751,50.620315],[-96.375984,50.623217]],[[-96.023302,50.2978],[-96.36361,50.419676]],[[-96.36361,50.419676],[-96.3751,50.620315]],[[-97.113169,50.38444],[-97.354477,50.290753]],[[-97.354477,50.290753],[-97.460547,50.327647]],[[-97.460547,50.327647],[-97.697436,50.408483]],[[-97.049527,50.660525],[-97.031849,50.416359]],[[-97.031849,50.416359],[-97.113169,50.38444]],[[-97.697436,50.408483],[-98.014761,50.282877]],[[-98.017413,50.281633],[-98.063377,50.297386]],[[-96.990305,50.68374],[-97.049527,50.660525]],[[-95.987062,49.565717],[-96.322066,49.687592]],[[-96.322066,49.687592],[-96.335324,49.931344]],[[-96.335324,49.931344],[-96.010928,50.053634]],[[-95.979991,49.413994],[-95.987062,49.565717]],[[-95.975571,49.322794],[-95.979991,49.413994]],[[-95.975571,49.322794],[-96.294664,49.201748]],[[-96.010928,50.053634],[-96.023302,50.2978]],[[-99.337097,50.2522],[-99.023308,50.382367]],[[-98.964085,49.897766],[-99.305276,50.010107]],[[-98.934916,49.655672],[-98.964085,49.897766]],[[-98.934916,49.655672],[-99.097557,49.588102]],[[-99.023308,50.382367],[-99.053361,50.625289]],[[-99.053361,50.625289],[-98.745759,50.75131]],[[-96.283173,49.00028],[-96.294664,49.201748]],[[-99.213349,49.286314],[-98.877462,49.173559]],[[-98.877462,49.173559],[-98.857132,49.00028]],[[-99.213349,49.286314],[-99.243402,49.527164]]]}},{"type":"Feature","properties":{"kind":"border","from_year":1871,"to_year":1872,"a":"new_brunswick","b":"nova_scotia"},"geometry":{"type":"MultiLineString","coordinates":[[[-63.901856,46.083138],[-64.116647,46.069044]],[[-64.116647,46.069044],[-64.255422,46.059924]],[[-64.410991,45.841874],[-64.255422,46.059924]],[[-64.410991,45.841874],[-64.513525,45.834827]],[[-64.570095,45.830681],[-64.762789,45.817001]],[[-64.808752,45.497389],[-64.715941,45.406604]],[[-64.715941,45.406604],[-64.76986,45.328255]],[[-64.909518,45.60517],[-64.887421,45.63709]]]}},{"type":"Feature","properties":{"kind":"border","from_year":1871,"to_year":1872,"a":"new_brunswick","b":"prince_edward_island"},"geometry":{"type":"MultiLineString","coordinates":[[[-63.850589,46.154025],[-63.901856,46.083138]],[[-64.104273,46.48566],[-63.941632,46.496023]],[[-63.941632,46.496023],[-63.933677,46.487733]],[[-63.916883,46.471151],[-63.869151,46.424722]],[[-63.838214,46.393631],[-63.834679,46.390315]],[[-63.783412,46.339326],[-63.744519,46.300359]],[[-63.744519,46.300359],[-63.745403,46.298701]]]}},{"type":"Feature","properties":{"kind":"border","from_year":1871,"to_year":1872,"a":"new_brunswick","b":"quebec"},"geometry":{"type":"MultiLineString","coordinates":[[[-68.467274,47.388121],[-68.326731,47.614876]],[[-68.553013,47.805566],[-68.383302,47.662963]],[[-68.383302,47.662963],[-68.326731,47.614876]],[[-68.467274,47.388121],[-68.778411,47.356201]],[[-68.778411,47.356201],[-68.83233,47.350812]],[[-68.924257,47.197845],[-68.837634,47.341692]],[[-68.837634,47.341692],[-68.83233,47.350812]],[[-67.814945,47.877282],[-67.445469,47.911689]],[[-67.445469,47.911689],[-67.223606,47.718926]],[[-68.553013,47.805566],[-68.469925,47.939463]],[[-68.469925,47.939463],[-68.411587,48.033565]],[[-68.411587,48.033565],[-68.040343,48.06963]],[[-68.040343,48.06963],[-67.959023,47.999987]],[[-67.959023,47.999987],[-67.814945,47.877282]],[[-66.704748,47.975943],[-66.855014,47.750846]],[[-66.855014,47.750846],[-67.223606,47.718926]],[[-66.579233,47.986721],[-66.633151,47.982161]],[[-66.633151,47.982161],[-66.704748,47.975943]],[[-66.117829,47.811784],[-65.911877,47.827951]],[[-65.781058,47.8379],[-65.749237,47.840387]],[[-66.330853,48.003303],[-66.117829,47.811784]],[[-65.318771,48.084139],[-65.536214,48.068386]],[[-65.749237,47.840387],[-65.747469,47.84246]],[[-65.222424,48.090772],[-65.170273,48.04227]]]}},{"type":"Feature","properties":{"kind":"border","from_year":1871,"to_year":1872,"a":"newfoundland","b":"northwest_territories"},"geometry":{"type":"MultiLineString","coordinates":[[[-63.085119,56.663113],[-62.835855,56.450866]],[[-63.126663,57.102943],[-62.91364,57.330942]],[[-62.873864,56.890697],[-63.126663,57.102943]],[[-62.377988,56.464546],[-62.835855,56.450866]],[[-63.085119,56.663113],[-62.873864,56.890697]],[[-63.641101,57.527435],[-63.169091,57.543602]],[[-63.169091,57.543602],[-62.91364,57.330942]],[[-61.657598,55.824077],[-62.106626,55.81247]],[[-62.106626,55.81247],[-62.346167,56.025545]],[[-62.346167,56.025545],[-62.134911,56.251471]],[[-61.657598,55.824077],[-61.42336,55.610173]],[[-61.42336,55.610173],[-61.634616,55.386319]],[[-62.377988,56.464546],[-62.134911,56.251471]],[[-64.981999,60.141131],[-64.964321,60.127865]],[[-64.949295,60.117087],[-64.692959,59.930128]],[[-64.692959,59.930128],[-64.911286,59.698399]],[[-64.547998,60.380737],[-64.728316,60.37369]],[[-64.436624,60.384882],[-64.508221,60.381981]],[[-63.903624,57.739267],[-63.641101,57.527435]],[[-64.068032,59.064147],[-64.56214,59.045078]],[[-64.56214,59.045078],[-64.843225,59.256081]],[[-64.843225,59.256081],[-64.626666,59.487396]],[[-64.068032,59.064147],[-64.023836,59.030155]],[[-64.014997,59.023522],[-63.878874,58.917814]],[[-63.87799,58.916984],[-63.794903,58.851901]],[[-63.794903,58.851901],[-64.012345,58.622244]],[[-64.911286,59.698399],[-64.626666,59.487396]],[[-63.691485,57.968509],[-63.957543,58.180341]],[[-63.957543,58.180341],[-63.741868,58.409998]],[[-63.903624,57.739267],[-63.691485,57.968509]],[[-64.012345,58.622244],[-63.741868,58.409998]],[[-56.423941,52.169878],[-56.607795,52.385855]],[[-56.607795,52.385855],[-56.415986,52.570326]],[[-56.411566,52.574472],[-56.387701,52.597272]],[[-56.423941,52.169878],[-56.641384,51.958875]],[[-56.641384,51.958875],[-57.040913,51.962606]],[[-56.387701,52.597272],[-56.573323,52.814078]],[[-56.980807,52.818638],[-56.573323,52.814078]],[[-57.25482,51.75036],[-57.11693,51.590761]],[[-57.11693,51.590761],[-57.070082,51.536041]],[[-57.070082,51.536041],[-57.194714,51.410849]],[[-56.94987,53.248105],[-57.142563,53.465325]],[[-57.558887,53.468642],[-57.306087,53.466984]],[[-57.289293,53.466569],[-57.142563,53.465325]],[[-56.94987,53.248105],[-57.171733,53.03503]],[[-56.980807,52.818638],[-57.171733,53.03503]],[[-57.558887,53.468642],[-57.756,53.685448]],[[-60.714461,54.096675],[-60.286647,54.104137]],[[-60.286647,54.104137],[-60.071855,53.890232]],[[-60.70297,53.662234],[-60.921297,53.874894]],[[-60.921297,53.874894],[-60.714461,54.096675]],[[-60.071855,53.890232],[-59.647577,53.895621]],[[-60.70297,53.662234],[-60.908038,53.440867]],[[-60.275156,53.236912],[-60.692363,53.228621]],[[-60.692363,53.228621],[-60.908038,53.440867]],[[-60.725068,54.531945],[-60.292834,54.538993]],[[-60.292834,54.538993],[-60.075391,54.324674]],[[-60.075391,54.324674],[-59.645809,54.329648]],[[-59.645809,54.329648],[-59.433669,54.1145]],[[-59.433669,54.1145],[-59.508802,54.037395]],[[-59.5309,54.014595],[-59.647577,53.895621]],[[-58.174975,53.686277],[-58.392418,53.4703]],[[-58.392418,53.4703],[-58.81051,53.469056]],[[-58.174975,53.686277],[-57.756,53.685448]],[[-58.81051,53.469056],[-59.024417,53.251836]],[[-59.024417,53.251836],[-59.440741,53.248519]],[[-60.064784,53.023837],[-59.649344,53.030055]],[[-59.440741,53.248519],[-59.649344,53.030055]],[[-60.064784,53.023837],[-60.275156,53.236912]],[[-61.40303,55.172829],[-60.962841,55.181949]],[[-60.962841,55.181949],[-60.736559,54.968045]],[[-60.736559,54.968045],[-60.948698,54.745435]],[[-60.725068,54.531945],[-60.948698,54.745435]],[[-61.40303,55.172829],[-61.634616,55.386319]]]}},{"type":"Feature","properties":{"kind":"border","from_year":1871,"to_year":1872,"a":"newfoundland","b":"quebec"},"geometry":{"type":"MultiLineString","coordinates":[[[-57.040913,51.962606],[-57.107207,51.897108]],[[-57.107207,51.897108],[-57.25482,51.75036]]]}},{"type":"Feature","properties":{"kind":"border","from_year":1871,"to_year":1872,"a":"northwest_territories","b":"ontario"},"geometry":{"type":"MultiLineString","coordinates":[[[-84.755163,48.993232],[-85.057461,49.147857]],[[-85.66913,49.455034],[-85.977616,49.607585]],[[-85.717745,49.210453],[-85.66913,49.455034]],[[-85.057461,49.147857],[-85.412795,49.057486]],[[-85.412795,49.057486],[-85.717745,49.210453]],[[-88.233366,50.405996],[-87.874496,50.506315]],[[-87.874496,50.506315],[-87.552752,50.358323]],[[-87.552752,50.358323],[-87.591644,50.112085]],[[-87.591644,50.112085],[-87.274319,49.963678]],[[-87.274319,49.963678],[-87.314095,49.717854]],[[-88.944033,50.20287],[-88.913096,50.449523]],[[-88.913096,50.449523],[-88.556878,50.551915]],[[-88.556878,50.551915],[-88.233366,50.405996]],[[-87.000305,49.569033],[-86.645855,49.664792]],[[-86.645855,49.664792],[-86.334718,49.513899]],[[-87.314095,49.717854],[-87.000305,49.569033]],[[-85.977616,49.607585],[-86.334718,49.513899]],[[-90.763128,48.700979],[-90.781691,48.457642]],[[-89.995007,49.891133],[-89.971141,50.137372]],[[-89.971141,50.137372],[-89.621111,50.242251]],[[-89.621111,50.242251],[-89.296715,50.100063]],[[-89.995007,49.891133],[-90.341501,49.785839]],[[-90.042738,49.400314],[-90.363599,49.540015]],[[-90.363599,49.540015],[-90.341501,49.785839]],[[-88.944033,50.20287],[-89.296715,50.100063]],[[-83.918096,48.282705],[-83.62552,48.126008]],[[-83.62552,48.126008],[-83.684743,47.884329]],[[-83.684743,47.884329],[-83.395703,47.727217]],[[-82.822926,47.411335],[-82.53919,47.252565]],[[-83.859758,48.525213],[-84.155869,48.68191]],[[-83.918096,48.282705],[-83.859758,48.525213]],[[-84.155869,48.68191],[-84.510318,48.594856]],[[-84.510318,48.594856],[-84.809082,48.749481]],[[-84.809082,48.749481],[-84.755163,48.993232]],[[-82.759284,47.65177],[-83.045672,47.81054]],[[-82.822926,47.411335],[-82.759284,47.65177]],[[-82.124634,47.572592],[-82.191811,47.332572]],[[-82.191811,47.332572],[-82.53919,47.252565]],[[-83.045672,47.81054],[-83.395703,47.727217]],[[-81.77372,47.65177],[-82.124634,47.572592]],[[-90.486463,48.100306],[-90.483811,48.125179]],[[-90.483811,48.132226],[-90.467901,48.319599]],[[-90.781691,48.457642],[-90.467901,48.319599]],[[-90.427241,48.806273],[-90.406027,49.050439]],[[-90.406027,49.050439],[-90.06572,49.155319]],[[-90.427241,48.806273],[-90.763128,48.700979]],[[-90.06572,49.155319],[-90.042738,49.400314]],[[-81.492635,47.490098],[-81.140837,47.567618]],[[-81.77372,47.65177],[-81.492635,47.490098]],[[-79.639067,48.10611],[-79.760163,48.081652]],[[-79.760163,48.081652],[-79.997936,48.03315]],[[-79.997936,48.03315],[-80.277253,48.198967]],[[-80.636122,48.123935],[-80.664407,48.034394]],[[-80.664407,48.034394],[-80.712139,47.8835]],[[-80.712139,47.8835],[-81.067472,47.807638]],[[-81.07366,47.788155],[-81.067472,47.807638]],[[-81.140837,47.567618],[-81.07366,47.78774]],[[-80.277253,48.198967],[-80.636122,48.123935]]]}},{"type":"Feature","properties":{"kind":"border","from_year":1871,"to_year":1872,"a":"northwest_territories","b":"quebec"},"geometry":{"type":"MultiLineString","coordinates":[[[-69.057728,52.757285],[-69.473168,52.718318]],[[-69.473168,52.718318],[-69.736575,52.913983]],[[-69.736575,52.913983],[-70.152898,52.872529]],[[-68.799625,52.560377],[-68.385953,52.597272]],[[-68.385953,52.597272],[-68.13227,52.39912]],[[-69.057728,52.757285],[-68.799625,52.560377]],[[-67.555958,52.666501],[-67.719482,52.433527]],[[-67.719482,52.433527],[-68.13227,52.39912]],[[-70.30228,52.63541],[-70.037989,52.441403]],[[-70.037989,52.441403],[-70.186487,52.205114]],[[-70.186487,52.205114],[-70.595739,52.162001]],[[-70.595739,52.162001],[-70.860914,52.354764]],[[-70.860914,52.354764],[-71.27105,52.309164]],[[-71.411592,52.071216],[-71.27105,52.309164]],[[-71.145534,51.880112],[-71.411592,52.071216]],[[-70.30228,52.63541],[-70.152898,52.872529]],[[-67.141402,52.698835],[-67.555958,52.666501]],[[-66.973458,52.930979],[-67.141402,52.698835]],[[-66.555367,52.961241],[-66.873576,52.938441]],[[-66.873576,52.938441],[-66.884183,52.937612]],[[-66.884183,52.937612],[-66.973458,52.930979]],[[-72.750722,51.021593],[-72.87889,50.783645]],[[-72.87889,50.783645],[-73.049485,50.760845]],[[-73.152019,50.747165],[-73.272232,50.730998]],[[-72.223026,51.3097],[-72.354729,51.072167]],[[-72.354729,51.072167],[-72.750722,51.021593]],[[-73.39598,50.49305],[-73.272232,50.730998]],[[-73.87241,50.267953],[-73.905998,50.200382]],[[-73.810536,50.389414],[-73.825562,50.360396]],[[-73.825562,50.360396],[-73.826446,50.358738]],[[-73.785786,50.439159],[-73.801697,50.407239]],[[-73.905998,50.200382],[-73.63994,50.017154]],[[-73.63994,50.017154],[-73.759269,49.779621]],[[-73.759269,49.779621],[-74.102227,49.73029]],[[-74.102227,49.73029],[-74.142004,49.724487]],[[-73.39598,50.49305],[-73.604584,50.464032]],[[-73.604584,50.464032],[-73.785786,50.439159]],[[-71.823496,51.358616],[-71.687373,51.59615]],[[-71.687373,51.59615],[-71.285192,51.642993]],[[-71.823496,51.358616],[-72.223026,51.3097]],[[-71.285192,51.642993],[-71.145534,51.880112]],[[-64.357956,52.224597],[-64.537391,51.997428]],[[-64.888305,51.543503],[-65.119006,51.746214]],[[-64.537391,51.997428],[-64.308457,51.793058]],[[-64.308457,51.793058],[-64.48524,51.566717]],[[-64.48524,51.566717],[-64.888305,51.543503]],[[-65.587481,52.152052],[-65.825254,52.354349]],[[-65.119006,51.746214],[-65.524723,51.720927]],[[-65.524723,51.720927],[-65.759844,51.92281]],[[-65.759844,51.92281],[-65.587481,52.152052]],[[-63.994667,52.678108],[-63.765733,52.47208]],[[-63.765733,52.47208],[-63.948704,52.245739]],[[-63.948704,52.245739],[-64.357956,52.224597]],[[-66.480234,52.528458],[-66.237158,52.326575]],[[-66.480234,52.528458],[-66.309639,52.759358]],[[-65.825254,52.354349],[-66.237158,52.326575]],[[-66.555367,52.961241],[-66.309639,52.759358]],[[-63.393605,52.923932],[-63.809929,52.904863]],[[-63.994667,52.678108],[-63.809929,52.904863]],[[-63.393605,52.923932],[-63.166439,52.71666]],[[-62.560074,52.957924],[-62.751884,52.733242]],[[-62.751884,52.733242],[-63.166439,52.71666]],[[-57.040913,51.962606],[-57.227419,52.177754]],[[-57.740973,51.400071],[-57.740973,51.400485]],[[-57.766607,51.429918],[-57.86207,51.538528]],[[-57.86207,51.538528],[-57.652582,51.752018]],[[-57.652582,51.752018],[-57.25482,51.75036]],[[-57.6296,52.179412],[-57.227419,52.177754]],[[-57.82141,52.394146],[-58.227126,52.394146]],[[-58.227126,52.394146],[-58.422471,52.608464]],[[-57.6296,52.179412],[-57.82141,52.394146]],[[-59.040327,52.39],[-58.831724,52.606806]],[[-58.831724,52.606806],[-58.422471,52.608464]],[[-61.293425,52.565352],[-60.882405,52.575716]],[[-60.882405,52.575716],[-60.672033,52.364713]],[[-60.672033,52.364713],[-60.263665,52.373418]],[[-59.447812,52.385855],[-59.040327,52.39]],[[-61.5091,52.775525],[-61.922772,52.763089]],[[-61.922772,52.763089],[-62.143751,52.972433]],[[-61.293425,52.565352],[-61.5091,52.775525]],[[-62.560074,52.957924],[-62.143751,52.972433]],[[-59.651112,52.598515],[-60.061248,52.592297]],[[-59.447812,52.385855],[-59.651112,52.598515]],[[-60.061248,52.592297],[-60.263665,52.373418]],[[-77.015609,47.936976],[-76.711542,47.990452]],[[-76.711542,47.990452],[-76.65232,48.000816]],[[-79.639067,48.10611],[-79.555979,48.34613]],[[-79.555979,48.34613],[-79.193574,48.417846]],[[-79.189154,48.429453],[-79.142307,48.561278]],[[-79.142307,48.561693],[-79.107834,48.658281]],[[-79.107834,48.658281],[-78.741894,48.729168]],[[-78.741894,48.729168],[-78.490862,48.574958]],[[-78.490862,48.574958],[-78.464345,48.558376]],[[-78.464345,48.558376],[-78.496165,48.474224]],[[-78.496165,48.474224],[-78.55362,48.31877]],[[-79.193574,48.417846],[-79.189154,48.429453]],[[-78.55362,48.31877],[-78.28049,48.148393]],[[-78.28049,48.148393],[-78.369766,47.909616]],[[-78.099288,47.739239],[-77.738651,47.806395]],[[-75.080721,48.482515],[-75.056855,48.534747]],[[-75.030337,48.591954],[-75.01973,48.613925]],[[-75.053319,48.540551],[-75.033873,48.583249]],[[-74.98349,48.693517],[-74.971999,48.717561]],[[-74.487614,49.011887],[-74.111067,49.06785]],[[-73.995274,49.304969],[-74.25868,49.486539]],[[-74.25868,49.486539],[-74.142004,49.724487]],[[-74.111067,49.06785],[-73.995274,49.304969]],[[-75.530633,48.24208],[-75.556266,48.184873]],[[-75.556266,48.184873],[-75.923091,48.124764]],[[-75.923091,48.124764],[-76.186497,48.30053]],[[-76.186497,48.30053],[-76.553322,48.238349]],[[-76.65232,48.000816],[-76.553322,48.238349]],[[-75.139943,48.471322],[-75.172648,48.466348]],[[-75.081604,48.480442],[-75.087792,48.479613]],[[-74.991445,48.730826],[-74.971999,48.717561]],[[-75.236289,48.896644],[-75.00824,48.742019]],[[-75.437822,48.424064],[-75.451081,48.421992]],[[-75.366225,48.435672],[-75.411304,48.42821]],[[-75.296396,48.44645],[-75.34943,48.438159]],[[-75.188558,48.46386],[-75.214192,48.459715]],[[-75.110774,48.476297],[-75.133755,48.472566]],[[-77.283435,48.110255],[-77.646724,48.044343]],[[-77.738651,47.806395],[-77.646724,48.044343]],[[-77.283435,48.110255],[-77.106652,47.995841]],[[-77.106652,47.995841],[-77.015609,47.936976]],[[-74.75102,49.192213],[-75.126684,49.134177]],[[-75.236289,48.896644],[-75.126684,49.134177]],[[-74.75102,49.192213],[-74.487614,49.011887]]]}},{"type":"Feature","properties":{"kind":"border","from_year":1871,"to_year":1872,"a":"nova_scotia","b":"prince_edward_island"},"geometry":{"type":"MultiLineString","coordinates":[[[-63.901856,46.083138],[-63.885946,46.067386]],[[-63.16202,45.714609],[-62.81199,45.734507]],[[-63.251295,45.80498],[-63.242456,45.79586]],[[-63.207099,45.760209],[-63.197376,45.750675]],[[-63.186769,45.739067],[-63.16202,45.714609]],[[-62.81199,45.734507],[-62.789008,45.765598]]]}},{"type":"Feature","properties":{"kind":"border","from_year":1871,"to_year":1872,"a":"ontario","b":"quebec"},"geometry":{"type":"MultiLineString","coordinates":[[[-75.923888,45.360806],[-75.811843,45.410873]],[[-75.811843,45.410873],[-75.692616,45.370082]],[[-76.043834,45.401359],[-75.923888,45.360806]],[[-75.579853,45.419911],[-75.692616,45.370082]],[[-75.116077,45.436451],[-75.104586,45.462567]],[[-75.104586,45.462567],[-75.014427,45.667766]],[[-75.014427,45.667766],[-74.788145,45.70466]],[[-74.788145,45.70466],[-74.667049,45.724144]],[[-74.667049,45.724144],[-74.546836,45.637504]],[[-74.423972,45.548792],[-74.488498,45.406189]],[[-74.489382,45.406189],[-74.528274,45.31872]],[[-74.528274,45.31872],[-74.358563,45.195187]],[[-74.318786,45.166168],[-74.287849,45.143783]],[[-74.287849,45.143783],[-74.355911,44.995791]],[[-74.355911,44.995791],[-74.356795,44.992475]],[[-75.116077,45.436451],[-75.27253,45.410749]],[[-75.27253,45.410749],[-75.460804,45.378829]],[[-77.408067,46.1134],[-77.612251,46.248127]],[[-77.612251,46.248127],[-77.665286,46.282948]],[[-76.898048,45.77306],[-77.242775,45.710049]],[[-77.242775,45.710049],[-77.497342,45.879183]],[[-77.497342,45.879183],[-77.408067,46.1134]],[[-77.665286,46.282948],[-78.013548,46.217036]],[[-78.013548,46.217036],[-78.274303,46.385755]],[[-76.321736,45.660304],[-76.300522,45.664035]],[[-76.300522,45.664035],[-76.051258,45.492]],[[-76.646133,45.602683],[-76.645249,45.602683]],[[-76.898048,45.77306],[-76.646133,45.602683]],[[-79.60813,47.222303],[-79.688566,46.984355]],[[-79.688566,46.984355],[-79.418972,46.818124]],[[-79.445489,47.699443],[-79.17236,47.531967]],[[-79.17236,47.531967],[-79.225395,47.379415]],[[-79.225395,47.379415],[-79.255448,47.293605]],[[-79.255448,47.293605],[-79.60813,47.222303]],[[-79.068942,46.88901],[-79.418972,46.818124]],[[-78.885972,46.485245],[-78.621681,46.31777]],[[-78.885972,46.485245],[-78.802,46.721535]],[[-78.274303,46.385755],[-78.621681,46.31777]],[[-79.068942,46.88901],[-78.802,46.721535]],[[-79.362401,47.938634],[-79.627576,48.099477]]]}},{"type":"Feature","properties":{"kind":"label","from_year":1871,"to_year":1872,"jurisdiction":"arctic_islands","name":"British Arctic Islands","sovereign":"Britain","status":"unorganized","h3":"84022d9ffffffff"},"geometry":{"type":"Point","coordinates":[-84.37946,80.14781]}},{"type":"Feature","properties":{"kind":"label","from_year":1871,"to_year":1872,"jurisdiction":"british_columbia","name":"British Columbia","sovereign":"Canada","status":"province","h3":"8412aa7ffffffff"},"geometry":{"type":"Point","coordinates":[-125.27189,54.03228]}},{"type":"Feature","properties":{"kind":"label","from_year":1871,"to_year":1872,"jurisdiction":"manitoba","name":"Manitoba","sovereign":"Canada","status":"province","h3":"85271c83fffffff"},"geometry":{"type":"Point","coordinates":[-97.31006,49.7962]}},{"type":"Feature","properties":{"kind":"label","from_year":1871,"to_year":1872,"jurisdiction":"new_brunswick","name":"New Brunswick","sovereign":"Canada","status":"province","h3":"842b025ffffffff"},"geometry":{"type":"Point","coordinates":[-66.28033,46.52931]}},{"type":"Feature","properties":{"kind":"label","from_year":1871,"to_year":1872,"jurisdiction":"newfoundland","name":"Newfoundland","sovereign":"Britain","status":"colony","h3":"841b987ffffffff"},"geometry":{"type":"Point","coordinates":[-56.51042,48.97737]}},{"type":"Feature","properties":{"kind":"label","from_year":1871,"to_year":1872,"jurisdiction":"northwest_territories","name":"North-West Territories","sovereign":"Canada","status":"territory","h3":"8412441ffffffff"},"geometry":{"type":"Point","coordinates":[-106.53537,56.72917]}},{"type":"Feature","properties":{"kind":"label","from_year":1871,"to_year":1872,"jurisdiction":"nova_scotia","name":"Nova Scotia","sovereign":"Canada","status":"province","h3":"842b011ffffffff"},"geometry":{"type":"Point","coordinates":[-63.39259,45.25509]}},{"type":"Feature","properties":{"kind":"label","from_year":1871,"to_year":1872,"jurisdiction":"ontario","name":"Ontario","sovereign":"Canada","status":"province","h3":"842b933ffffffff"},"geometry":{"type":"Point","coordinates":[-80.34474,45.73668]}},{"type":"Feature","properties":{"kind":"label","from_year":1871,"to_year":1872,"jurisdiction":"prince_edward_island","name":"Prince Edward Island","sovereign":"Britain","status":"colony","h3":"842b055ffffffff"},"geometry":{"type":"Point","coordinates":[-62.87475,46.27223]}},{"type":"Feature","properties":{"kind":"label","from_year":1871,"to_year":1872,"jurisdiction":"quebec","name":"Quebec","sovereign":"Canada","status":"province","h3":"840e4b5ffffffff"},"geometry":{"type":"Point","coordinates":[-70.3091,49.55966]}},{"type":"Feature","properties":{"kind":"border","from_year":1873,"to_year":1873,"a":"arctic_islands","b":"northwest_territories"},"geometry":{"type":"MultiLineString","coordinates":[[[-78.826749,71.487596],[-78.641127,71.729274]],[[-78.641127,71.729274],[-77.97996,71.788554]],[[-77.939299,71.792285],[-77.865935,71.798918]],[[-77.865935,71.798918],[-77.773124,71.771143]],[[-77.720089,71.755391],[-77.289622,71.625224]],[[-77.289622,71.625224],[-77.490271,71.384789]],[[-77.490271,71.384789],[-76.928985,71.209852]],[[-79.586916,71.413807],[-80.176487,71.580453]],[[-78.826749,71.487596],[-79.586916,71.413807]],[[-76.167051,71.272862],[-76.928985,71.209852]],[[-75.619908,71.094194],[-74.858858,71.151816]],[[-74.858858,71.151816],[-74.325858,70.969002]],[[-74.034166,70.546997],[-74.260448,70.308634]],[[-76.167051,71.272862],[-75.619908,71.094194]],[[-80.934885,71.50169],[-81.091338,71.257524]],[[-81.091338,71.257524],[-81.83471,71.17503]],[[-81.977904,70.930035],[-81.83471,71.17503]],[[-81.977904,70.930035],[-82.705365,70.84381]],[[-82.705365,70.84381],[-83.301124,71.000922]],[[-80.176487,71.580453],[-80.934885,71.50169]],[[-73.566575,71.021649],[-74.325858,70.969002]],[[-84.02505,70.909722],[-84.141726,70.662654]],[[-84.141726,70.662654],[-84.850626,70.568139]],[[-83.301124,71.000922],[-84.02505,70.909722]],[[-97.900737,68.475939],[-97.559546,68.415001]],[[-97.052179,68.540193],[-97.141454,68.518222]],[[-97.521537,68.424535],[-97.559546,68.415001]],[[-97.277577,68.484644],[-97.47027,68.436971]],[[-104.575174,68.559262],[-104.647655,68.568796]],[[-104.647655,68.568796],[-104.65119,68.575843]],[[-115.421686,68.934838],[-115.592282,68.945202]],[[-115.592282,68.945202],[-115.626754,68.980852]],[[-108.398987,68.56092],[-108.150607,68.533975]],[[-107.825326,68.649632],[-108.150607,68.533975]],[[-107.181837,69.103143],[-107.310888,69.117237]],[[-106.158264,69.212997],[-106.278476,69.173615]],[[-106.158264,69.212997],[-105.87276,69.179419]],[[-107.310888,69.117237],[-107.761685,68.963027]],[[-94.723948,71.834983],[-94.723065,71.834983]],[[-94.623182,71.854052],[-94.449935,71.887215]],[[-94.727484,71.835397],[-94.723948,71.834983]],[[-95.191539,71.911673],[-94.859187,71.857368]],[[-70.139639,64.110383],[-69.771931,63.910573]],[[-69.771931,63.910573],[-69.980535,63.671382]],[[-69.980535,63.671382],[-69.619014,63.471157]],[[-68.297562,67.786968],[-67.629323,67.8164]],[[-67.629323,67.8164],[-67.228026,67.61203]],[[-67.228026,67.61203],[-67.490548,67.380301]],[[-67.490548,67.380301],[-68.147297,67.351283]],[[-68.002335,66.914354],[-68.399212,67.11748]],[[-68.399212,67.11748],[-68.147297,67.351283]],[[-68.71035,67.98885],[-68.297562,67.786968]],[[-68.71035,67.98885],[-68.453131,68.221824]],[[-68.250715,66.680551],[-68.002335,66.914354]],[[-68.888901,66.648217],[-69.127558,66.412757]],[[-69.127558,66.412757],[-69.109879,66.403637]],[[-69.101924,66.399491],[-68.7351,66.210874]],[[-68.7351,66.210874],[-68.746591,66.200096]],[[-68.758965,66.187245],[-68.971105,65.975413]],[[-68.971105,65.975413],[-69.591613,65.939763]],[[-68.250715,66.680551],[-68.888901,66.648217]],[[-69.993794,68.586622],[-69.741878,68.821253]],[[-68.874758,68.422877],[-69.558908,68.38847]],[[-69.558908,68.38847],[-69.993794,68.586622]],[[-68.874758,68.422877],[-68.453131,68.221824]],[[-70.886547,68.979194],[-70.186487,69.018576]],[[-70.186487,69.018576],[-69.741878,68.821253]],[[-69.497034,64.826299],[-69.124022,64.624831]],[[-69.124022,64.624831],[-69.343233,64.387298]],[[-69.343233,64.387298],[-69.929268,64.349574]],[[-70.139639,64.110383],[-69.929268,64.349574]],[[-69.497034,64.826299],[-69.275171,65.063833]],[[-69.654371,65.264472],[-69.275171,65.063833]],[[-68.309937,63.32814],[-68.698859,63.30534]],[[-68.698859,63.30534],[-69.051541,63.508052]],[[-67.811409,63.11009],[-68.007638,62.897429]],[[-68.080119,63.306998],[-67.980237,63.247718]],[[-67.979353,63.247718],[-67.958139,63.234868]],[[-67.930738,63.2187],[-67.880354,63.188439]],[[-69.051541,63.508052],[-69.619014,63.471157]],[[-69.43074,65.502005],[-69.817895,65.702229]],[[-69.817895,65.702229],[-69.591613,65.939763]],[[-69.654371,65.264472],[-69.43074,65.502005]],[[-73.753081,70.122919],[-73.0212,70.173908]],[[-73.0212,70.173908],[-72.527976,69.984876]],[[-72.527976,69.984876],[-72.764865,69.747757]],[[-72.764865,69.747757],[-72.283132,69.557897]],[[-74.260448,70.308634],[-73.753081,70.122919]],[[-71.343531,69.1732],[-70.886547,68.979194]],[[-73.289026,70.5984],[-73.048602,70.835104]],[[-73.566575,71.021649],[-73.048602,70.835104]],[[-73.289026,70.5984],[-74.034166,70.546997]],[[-71.098687,69.409076],[-71.567161,69.602667]],[[-71.343531,69.1732],[-71.098687,69.409076]],[[-71.567161,69.602667],[-72.283132,69.557897]],[[-65.233031,61.876409],[-65.199442,61.853609]],[[-65.173809,61.835784],[-65.089837,61.778577]],[[-66.683535,62.072488],[-66.19031,62.096117]],[[-66.16998,62.096946],[-66.140811,62.09819]],[[-66.140811,62.09819],[-66.131972,62.092801]],[[-67.669983,62.69223],[-67.115769,62.721663]],[[-67.115769,62.721663],[-66.786069,62.514806]],[[-66.786069,62.514806],[-67.007931,62.27976]],[[-67.007931,62.27976],[-66.683535,62.072488]],[[-68.007638,62.897429],[-67.669983,62.69223]],[[-96.989421,68.555116],[-96.595195,68.482157]],[[-96.594311,68.482157],[-96.467911,68.458528]],[[-84.955811,70.320242],[-84.850626,70.568139]],[[-84.367124,70.16769],[-84.955811,70.320242]],[[-84.436954,70.008505],[-84.367124,70.16769]],[[-85.351805,69.873779],[-85.317332,69.864659]],[[-95.871269,69.363061],[-95.888948,69.576966]],[[-113.928755,68.422877],[-113.907541,68.398004]],[[-114.078136,68.643829],[-114.108189,68.630563]]]}},{"type":"Feature","properties":{"kind":"border","from_year":1873,"to_year":1873,"a":"british_columbia","b":"northwest_territories"},"geometry":{"type":"MultiLineString","coordinates":[[[-119.809437,58.635095],[-120.000362,58.651262]],[[-120.000362,58.651262],[-120.242555,58.671575]],[[-120.242555,58.671575],[-120.422873,58.892526]],[[-120.422873,58.892526],[-120.167422,59.078656]],[[-119.634422,58.4129],[-119.809437,58.635095]],[[-120.167422,59.078656],[-120.349508,59.300022]],[[-120.349508,59.300022],[-120.090522,59.486567]],[[-119.888105,58.228843],[-119.713974,58.007062]],[[-119.713974,58.007062],[-119.964122,57.823419]],[[-119.634422,58.4129],[-119.888105,58.228843]],[[-119.792642,57.602468],[-119.964122,57.823419]],[[-120.011853,59.895721],[-120.198359,60.117916]],[[-120.911678,59.962048],[-120.650923,60.15108]],[[-120.650923,60.15108],[-120.198359,60.117916]],[[-120.011853,59.895721],[-120.27526,59.708348]],[[-120.090522,59.486567],[-120.27526,59.708348]],[[-121.61439,59.803693],[-121.360706,59.993139]],[[-121.360706,59.993139],[-120.911678,59.962048]],[[-122.059883,59.832296],[-121.61439,59.803693]],[[-120.086102,55.994869],[-120.251394,56.214162]],[[-120.251394,56.214162],[-120.015389,56.394903]],[[-120.086102,55.994869],[-120.319455,55.814957]],[[-120.155047,55.596078],[-120.319455,55.814957]],[[-120.182449,56.614611],[-120.000362,56.753068]],[[-120.015389,56.394903],[-120.182449,56.614611]],[[-120.000362,56.753068],[-119.942908,56.796181]],[[-120.384865,55.416995],[-120.222225,55.198946]],[[-120.155047,55.596078],[-120.384865,55.416995]],[[-119.674198,54.939441],[-119.833303,55.15832]],[[-120.222225,55.198946],[-119.833303,55.15832]],[[-119.674198,54.939441],[-119.903132,54.762431]],[[-119.746679,54.543967],[-119.903132,54.762431]],[[-120.039255,57.419654],[-120.000362,57.369494]],[[-120.000362,57.100456],[-120.111736,57.016303]],[[-120.000362,57.369494],[-119.868659,57.198702]],[[-119.868659,57.198702],[-120.000362,57.100456]],[[-119.942908,56.796181],[-120.000362,56.871213]],[[-120.000362,56.871213],[-120.111736,57.016303]],[[-119.792642,57.602468],[-120.000362,57.448258]],[[-120.000362,57.448258],[-120.039255,57.419654]],[[-123.599661,60.122891],[-124.045154,60.144447]],[[-122.257879,60.049931],[-122.706024,60.075633]],[[-125.601727,60.004332],[-125.378097,60.198752]],[[-125.378097,60.198752],[-124.934372,60.182171]],[[-124.934372,60.182171],[-124.750518,60.000186]],[[-124.750518,60.000186],[-124.720465,59.970754]],[[-124.720465,59.970754],[-124.278508,59.95127]],[[-126.041033,60.018841],[-125.601727,60.004332]],[[-124.045154,60.144447],[-124.278508,59.95127]],[[-126.041033,60.018841],[-126.262895,60.227356]],[[-123.392825,59.908572],[-122.9491,59.884529]],[[-122.706024,60.075633],[-122.9491,59.884529]],[[-123.392825,59.908572],[-123.599661,60.122891]],[[-116.917269,51.763625],[-116.5584,51.708905]],[[-116.5584,51.708905],[-116.430232,51.487954]],[[-116.430232,51.487954],[-116.073131,51.431576]],[[-116.073131,51.431576],[-115.948499,51.21021]],[[-116.917269,51.763625],[-117.048972,51.984162]],[[-117.409609,52.036809],[-117.048972,51.984162]],[[-115.472069,50.929979],[-115.594049,51.152174]],[[-115.948499,51.21021],[-115.594049,51.152174]],[[-115.472069,50.929979],[-115.702771,50.767478]],[[-115.232528,50.486832],[-115.581675,50.546526]],[[-115.581675,50.546526],[-115.702771,50.767478]],[[-117.907253,52.307506],[-118.045144,52.526799]],[[-117.543964,52.256517],[-117.907253,52.307506]],[[-117.409609,52.036809],[-117.543964,52.256517]],[[-118.4102,52.575716],[-118.045144,52.526799]],[[-114.316793,49.31782],[-114.428166,49.538771]],[[-114.543959,49.160708],[-114.463523,49.001109]],[[-114.768473,49.601782],[-114.499764,49.552451]],[[-114.499764,49.552451],[-114.428166,49.538771]],[[-114.316793,49.31782],[-114.543959,49.160708]],[[-115.114968,50.265466],[-114.768473,50.203699]],[[-114.768473,50.203699],[-114.653565,49.981918]],[[-114.653565,49.981918],[-114.719858,49.936318]],[[-114.719858,49.936318],[-114.883382,49.822733]],[[-114.768473,49.601782],[-114.883382,49.822733]],[[-115.114968,50.265466],[-115.232528,50.486832]],[[-120.105548,53.581812],[-119.952631,53.365421]],[[-119.952631,53.365421],[-119.582271,53.322308]],[[-119.582271,53.322308],[-119.432889,53.104673]],[[-119.885453,53.756749],[-120.105548,53.581812]],[[-120.039255,53.97397],[-120.000362,53.918836]],[[-120.000362,53.918836],[-119.885453,53.756749]],[[-119.064297,53.059488],[-118.840667,53.231938]],[[-118.840667,53.231938],[-118.470307,53.185094]],[[-118.470307,53.185094],[-118.327113,52.965801]],[[-118.327113,52.965801],[-118.552511,52.794594]],[[-118.4102,52.575716],[-118.552511,52.794594]],[[-119.432889,53.104673],[-119.064297,53.059488]],[[-120.000362,54.005061],[-120.039255,53.97397]],[[-119.972077,54.367372],[-119.816508,54.149736]],[[-119.816508,54.149736],[-120.000362,54.005061]],[[-119.746679,54.543967],[-119.972077,54.367372]],[[-130.79826,60.083924],[-131.223422,60.081437]],[[-134.564619,60.013866],[-134.413469,60.214505]],[[-134.413469,60.214505],[-133.998029,60.226941]],[[-133.998029,60.226941],[-133.739043,60.038324]],[[-133.739043,60.038324],[-133.323603,60.048688]],[[-133.323603,60.048688],[-133.069036,59.858412]],[[-134.974755,59.999772],[-134.564619,60.013866]],[[-134.974755,59.999772],[-134.986246,60.008477]],[[-134.986246,60.008477],[-135.239045,60.185072]],[[-132.653596,59.866703],[-132.543107,60.000186]],[[-132.543107,60.000186],[-132.488304,60.065684]],[[-132.488304,60.065684],[-132.068445,60.072317]],[[-132.068445,60.072317],[-131.818297,59.878725]],[[-131.818297,59.878725],[-131.399321,59.88287]],[[-133.069036,59.858412],[-132.653596,59.866703]],[[-131.223422,60.081437],[-131.295019,60.000186]],[[-131.295019,60.000186],[-131.399321,59.88287]],[[-128.142097,60.000186],[-127.990948,59.866289]],[[-128.850112,59.878725],[-128.653884,60.076048]],[[-128.653884,60.076048],[-128.221649,60.069829]],[[-128.221649,60.069829],[-128.142097,60.000186]],[[-127.990948,59.866289],[-127.558714,59.857998]],[[-129.278811,59.88287],[-128.850112,59.878725]],[[-129.5157,60.083095],[-129.944398,60.084753]],[[-129.278811,59.88287],[-129.5157,60.083095]],[[-126.703085,60.239378],[-126.916108,60.043713]],[[-126.916108,60.043713],[-127.352762,60.054077]],[[-126.703085,60.239378],[-126.262895,60.227356]],[[-127.352762,60.054077],[-127.558714,59.857998]],[[-130.555183,59.887016],[-130.130904,59.887016]],[[-130.555183,59.887016],[-130.79826,60.083924]],[[-129.944398,60.084753],[-130.024835,60.000186]],[[-130.024835,60.000186],[-130.130904,59.887016]],[[-137.395796,59.890332],[-136.997151,59.911474]],[[-137.668926,60.068586],[-138.067571,60.045371]],[[-136.939696,60.000186],[-136.997151,59.911474]],[[-137.395796,59.890332],[-137.668926,60.068586]],[[-136.866331,60.112113],[-136.939696,60.000186]],[[-138.187783,59.844732],[-138.581125,59.820274]],[[-138.067571,60.045371],[-138.187783,59.844732]],[[-136.193673,59.950441],[-136.462383,60.132011]],[[-135.648298,60.168491],[-135.78884,59.967852]],[[-135.78884,59.967852],[-136.193673,59.950441]],[[-135.648298,60.168491],[-135.239045,60.185072]],[[-136.866331,60.112113],[-136.462383,60.132011]]]}},{"type":"Feature","properties":{"kind":"border","from_year":1873,"to_year":1873,"a":"manitoba","b":"northwest_territories"},"geometry":{"type":"MultiLineString","coordinates":[[[-96.512991,50.712343],[-96.544812,50.723536]],[[-96.3751,50.620315],[-96.375984,50.623217]],[[-96.023302,50.2978],[-96.36361,50.419676]],[[-96.36361,50.419676],[-96.3751,50.620315]],[[-97.113169,50.38444],[-97.354477,50.290753]],[[-97.354477,50.290753],[-97.460547,50.327647]],[[-97.460547,50.327647],[-97.697436,50.408483]],[[-97.049527,50.660525],[-97.031849,50.416359]],[[-97.031849,50.416359],[-97.113169,50.38444]],[[-97.697436,50.408483],[-98.014761,50.282877]],[[-98.017413,50.281633],[-98.063377,50.297386]],[[-96.990305,50.68374],[-97.049527,50.660525]],[[-95.987062,49.565717],[-96.322066,49.687592]],[[-96.322066,49.687592],[-96.335324,49.931344]],[[-96.335324,49.931344],[-96.010928,50.053634]],[[-95.979991,49.413994],[-95.987062,49.565717]],[[-95.975571,49.322794],[-95.979991,49.413994]],[[-95.975571,49.322794],[-96.294664,49.201748]],[[-96.010928,50.053634],[-96.023302,50.2978]],[[-99.337097,50.2522],[-99.023308,50.382367]],[[-98.964085,49.897766],[-99.305276,50.010107]],[[-98.934916,49.655672],[-98.964085,49.897766]],[[-98.934916,49.655672],[-99.097557,49.588102]],[[-99.023308,50.382367],[-99.053361,50.625289]],[[-99.053361,50.625289],[-98.745759,50.75131]],[[-96.283173,49.00028],[-96.294664,49.201748]],[[-99.213349,49.286314],[-98.877462,49.173559]],[[-98.877462,49.173559],[-98.857132,49.00028]],[[-99.213349,49.286314],[-99.243402,49.527164]]]}},{"type":"Feature","properties":{"kind":"border","from_year":1873,"to_year":1873,"a":"new_brunswick","b":"nova_scotia"},"geometry":{"type":"MultiLineString","coordinates":[[[-63.901856,46.083138],[-64.116647,46.069044]],[[-64.116647,46.069044],[-64.255422,46.059924]],[[-64.410991,45.841874],[-64.255422,46.059924]],[[-64.410991,45.841874],[-64.513525,45.834827]],[[-64.570095,45.830681],[-64.762789,45.817001]],[[-64.808752,45.497389],[-64.715941,45.406604]],[[-64.715941,45.406604],[-64.76986,45.328255]],[[-64.909518,45.60517],[-64.887421,45.63709]]]}},{"type":"Feature","properties":{"kind":"border","from_year":1873,"to_year":1873,"a":"new_brunswick","b":"prince_edward_island"},"geometry":{"type":"MultiLineString","coordinates":[[[-63.850589,46.154025],[-63.901856,46.083138]],[[-64.104273,46.48566],[-63.941632,46.496023]],[[-63.941632,46.496023],[-63.933677,46.487733]],[[-63.916883,46.471151],[-63.869151,46.424722]],[[-63.838214,46.393631],[-63.834679,46.390315]],[[-63.783412,46.339326],[-63.744519,46.300359]],[[-63.744519,46.300359],[-63.745403,46.298701]]]}},{"type":"Feature","properties":{"kind":"border","from_year":1873,"to_year":1873,"a":"new_brunswick","b":"quebec"},"geometry":{"type":"MultiLineString","coordinates":[[[-68.467274,47.388121],[-68.326731,47.614876]],[[-68.553013,47.805566],[-68.383302,47.662963]],[[-68.383302,47.662963],[-68.326731,47.614876]],[[-68.467274,47.388121],[-68.778411,47.356201]],[[-68.778411,47.356201],[-68.83233,47.350812]],[[-68.924257,47.197845],[-68.837634,47.341692]],[[-68.837634,47.341692],[-68.83233,47.350812]],[[-67.814945,47.877282],[-67.445469,47.911689]],[[-67.445469,47.911689],[-67.223606,47.718926]],[[-68.553013,47.805566],[-68.469925,47.939463]],[[-68.469925,47.939463],[-68.411587,48.033565]],[[-68.411587,48.033565],[-68.040343,48.06963]],[[-68.040343,48.06963],[-67.959023,47.999987]],[[-67.959023,47.999987],[-67.814945,47.877282]],[[-66.704748,47.975943],[-66.855014,47.750846]],[[-66.855014,47.750846],[-67.223606,47.718926]],[[-66.579233,47.986721],[-66.633151,47.982161]],[[-66.633151,47.982161],[-66.704748,47.975943]],[[-66.117829,47.811784],[-65.911877,47.827951]],[[-65.781058,47.8379],[-65.749237,47.840387]],[[-66.330853,48.003303],[-66.117829,47.811784]],[[-65.318771,48.084139],[-65.536214,48.068386]],[[-65.749237,47.840387],[-65.747469,47.84246]],[[-65.222424,48.090772],[-65.170273,48.04227]]]}},{"type":"Feature","properties":{"kind":"border","from_year":1873,"to_year":1873,"a":"newfoundland","b":"northwest_territories"},"geometry":{"type":"MultiLineString","coordinates":[[[-63.085119,56.663113],[-62.835855,56.450866]],[[-63.126663,57.102943],[-62.91364,57.330942]],[[-62.873864,56.890697],[-63.126663,57.102943]],[[-62.377988,56.464546],[-62.835855,56.450866]],[[-63.085119,56.663113],[-62.873864,56.890697]],[[-63.641101,57.527435],[-63.169091,57.543602]],[[-63.169091,57.543602],[-62.91364,57.330942]],[[-61.657598,55.824077],[-62.106626,55.81247]],[[-62.106626,55.81247],[-62.346167,56.025545]],[[-62.346167,56.025545],[-62.134911,56.251471]],[[-61.657598,55.824077],[-61.42336,55.610173]],[[-61.42336,55.610173],[-61.634616,55.386319]],[[-62.377988,56.464546],[-62.134911,56.251471]],[[-64.981999,60.141131],[-64.964321,60.127865]],[[-64.949295,60.117087],[-64.692959,59.930128]],[[-64.692959,59.930128],[-64.911286,59.698399]],[[-64.547998,60.380737],[-64.728316,60.37369]],[[-64.436624,60.384882],[-64.508221,60.381981]],[[-63.903624,57.739267],[-63.641101,57.527435]],[[-64.068032,59.064147],[-64.56214,59.045078]],[[-64.56214,59.045078],[-64.843225,59.256081]],[[-64.843225,59.256081],[-64.626666,59.487396]],[[-64.068032,59.064147],[-64.023836,59.030155]],[[-64.014997,59.023522],[-63.878874,58.917814]],[[-63.87799,58.916984],[-63.794903,58.851901]],[[-63.794903,58.851901],[-64.012345,58.622244]],[[-64.911286,59.698399],[-64.626666,59.487396]],[[-63.691485,57.968509],[-63.957543,58.180341]],[[-63.957543,58.180341],[-63.741868,58.409998]],[[-63.903624,57.739267],[-63.691485,57.968509]],[[-64.012345,58.622244],[-63.741868,58.409998]],[[-56.423941,52.169878],[-56.607795,52.385855]],[[-56.607795,52.385855],[-56.415986,52.570326]],[[-56.411566,52.574472],[-56.387701,52.597272]],[[-56.423941,52.169878],[-56.641384,51.958875]],[[-56.641384,51.958875],[-57.040913,51.962606]],[[-56.387701,52.597272],[-56.573323,52.814078]],[[-56.980807,52.818638],[-56.573323,52.814078]],[[-57.25482,51.75036],[-57.11693,51.590761]],[[-57.11693,51.590761],[-57.070082,51.536041]],[[-57.070082,51.536041],[-57.194714,51.410849]],[[-56.94987,53.248105],[-57.142563,53.465325]],[[-57.558887,53.468642],[-57.306087,53.466984]],[[-57.289293,53.466569],[-57.142563,53.465325]],[[-56.94987,53.248105],[-57.171733,53.03503]],[[-56.980807,52.818638],[-57.171733,53.03503]],[[-57.558887,53.468642],[-57.756,53.685448]],[[-60.714461,54.096675],[-60.286647,54.104137]],[[-60.286647,54.104137],[-60.071855,53.890232]],[[-60.70297,53.662234],[-60.921297,53.874894]],[[-60.921297,53.874894],[-60.714461,54.096675]],[[-60.071855,53.890232],[-59.647577,53.895621]],[[-60.70297,53.662234],[-60.908038,53.440867]],[[-60.275156,53.236912],[-60.692363,53.228621]],[[-60.692363,53.228621],[-60.908038,53.440867]],[[-60.725068,54.531945],[-60.292834,54.538993]],[[-60.292834,54.538993],[-60.075391,54.324674]],[[-60.075391,54.324674],[-59.645809,54.329648]],[[-59.645809,54.329648],[-59.433669,54.1145]],[[-59.433669,54.1145],[-59.508802,54.037395]],[[-59.5309,54.014595],[-59.647577,53.895621]],[[-58.174975,53.686277],[-58.392418,53.4703]],[[-58.392418,53.4703],[-58.81051,53.469056]],[[-58.174975,53.686277],[-57.756,53.685448]],[[-58.81051,53.469056],[-59.024417,53.251836]],[[-59.024417,53.251836],[-59.440741,53.248519]],[[-60.064784,53.023837],[-59.649344,53.030055]],[[-59.440741,53.248519],[-59.649344,53.030055]],[[-60.064784,53.023837],[-60.275156,53.236912]],[[-61.40303,55.172829],[-60.962841,55.181949]],[[-60.962841,55.181949],[-60.736559,54.968045]],[[-60.736559,54.968045],[-60.948698,54.745435]],[[-60.725068,54.531945],[-60.948698,54.745435]],[[-61.40303,55.172829],[-61.634616,55.386319]]]}},{"type":"Feature","properties":{"kind":"border","from_year":1873,"to_year":1873,"a":"newfoundland","b":"quebec"},"geometry":{"type":"MultiLineString","coordinates":[[[-57.040913,51.962606],[-57.107207,51.897108]],[[-57.107207,51.897108],[-57.25482,51.75036]]]}},{"type":"Feature","properties":{"kind":"border","from_year":1873,"to_year":1873,"a":"northwest_territories","b":"ontario"},"geometry":{"type":"MultiLineString","coordinates":[[[-84.755163,48.993232],[-85.057461,49.147857]],[[-85.66913,49.455034],[-85.977616,49.607585]],[[-85.717745,49.210453],[-85.66913,49.455034]],[[-85.057461,49.147857],[-85.412795,49.057486]],[[-85.412795,49.057486],[-85.717745,49.210453]],[[-88.233366,50.405996],[-87.874496,50.506315]],[[-87.874496,50.506315],[-87.552752,50.358323]],[[-87.552752,50.358323],[-87.591644,50.112085]],[[-87.591644,50.112085],[-87.274319,49.963678]],[[-87.274319,49.963678],[-87.314095,49.717854]],[[-88.944033,50.20287],[-88.913096,50.449523]],[[-88.913096,50.449523],[-88.556878,50.551915]],[[-88.556878,50.551915],[-88.233366,50.405996]],[[-87.000305,49.569033],[-86.645855,49.664792]],[[-86.645855,49.664792],[-86.334718,49.513899]],[[-87.314095,49.717854],[-87.000305,49.569033]],[[-85.977616,49.607585],[-86.334718,49.513899]],[[-90.763128,48.700979],[-90.781691,48.457642]],[[-89.995007,49.891133],[-89.971141,50.137372]],[[-89.971141,50.137372],[-89.621111,50.242251]],[[-89.621111,50.242251],[-89.296715,50.100063]],[[-89.995007,49.891133],[-90.341501,49.785839]],[[-90.042738,49.400314],[-90.363599,49.540015]],[[-90.363599,49.540015],[-90.341501,49.785839]],[[-88.944033,50.20287],[-89.296715,50.100063]],[[-83.918096,48.282705],[-83.62552,48.126008]],[[-83.62552,48.126008],[-83.684743,47.884329]],[[-83.684743,47.884329],[-83.395703,47.727217]],[[-82.822926,47.411335],[-82.53919,47.252565]],[[-83.859758,48.525213],[-84.155869,48.68191]],[[-83.918096,48.282705],[-83.859758,48.525213]],[[-84.155869,48.68191],[-84.510318,48.594856]],[[-84.510318,48.594856],[-84.809082,48.749481]],[[-84.809082,48.749481],[-84.755163,48.993232]],[[-82.759284,47.65177],[-83.045672,47.81054]],[[-82.822926,47.411335],[-82.759284,47.65177]],[[-82.124634,47.572592],[-82.191811,47.332572]],[[-82.191811,47.332572],[-82.53919,47.252565]],[[-83.045672,47.81054],[-83.395703,47.727217]],[[-81.77372,47.65177],[-82.124634,47.572592]],[[-90.486463,48.100306],[-90.483811,48.125179]],[[-90.483811,48.132226],[-90.467901,48.319599]],[[-90.781691,48.457642],[-90.467901,48.319599]],[[-90.427241,48.806273],[-90.406027,49.050439]],[[-90.406027,49.050439],[-90.06572,49.155319]],[[-90.427241,48.806273],[-90.763128,48.700979]],[[-90.06572,49.155319],[-90.042738,49.400314]],[[-81.492635,47.490098],[-81.140837,47.567618]],[[-81.77372,47.65177],[-81.492635,47.490098]],[[-79.639067,48.10611],[-79.760163,48.081652]],[[-79.760163,48.081652],[-79.997936,48.03315]],[[-79.997936,48.03315],[-80.277253,48.198967]],[[-80.636122,48.123935],[-80.664407,48.034394]],[[-80.664407,48.034394],[-80.712139,47.8835]],[[-80.712139,47.8835],[-81.067472,47.807638]],[[-81.07366,47.788155],[-81.067472,47.807638]],[[-81.140837,47.567618],[-81.07366,47.78774]],[[-80.277253,48.198967],[-80.636122,48.123935]]]}},{"type":"Feature","properties":{"kind":"border","from_year":1873,"to_year":1873,"a":"northwest_territories","b":"quebec"},"geometry":{"type":"MultiLineString","coordinates":[[[-69.057728,52.757285],[-69.473168,52.718318]],[[-69.473168,52.718318],[-69.736575,52.913983]],[[-69.736575,52.913983],[-70.152898,52.872529]],[[-68.799625,52.560377],[-68.385953,52.597272]],[[-68.385953,52.597272],[-68.13227,52.39912]],[[-69.057728,52.757285],[-68.799625,52.560377]],[[-67.555958,52.666501],[-67.719482,52.433527]],[[-67.719482,52.433527],[-68.13227,52.39912]],[[-70.30228,52.63541],[-70.037989,52.441403]],[[-70.037989,52.441403],[-70.186487,52.205114]],[[-70.186487,52.205114],[-70.595739,52.162001]],[[-70.595739,52.162001],[-70.860914,52.354764]],[[-70.860914,52.354764],[-71.27105,52.309164]],[[-71.411592,52.071216],[-71.27105,52.309164]],[[-71.145534,51.880112],[-71.411592,52.071216]],[[-70.30228,52.63541],[-70.152898,52.872529]],[[-67.141402,52.698835],[-67.555958,52.666501]],[[-66.973458,52.930979],[-67.141402,52.698835]],[[-66.555367,52.961241],[-66.873576,52.938441]],[[-66.873576,52.938441],[-66.884183,52.937612]],[[-66.884183,52.937612],[-66.973458,52.930979]],[[-72.750722,51.021593],[-72.87889,50.783645]],[[-72.87889,50.783645],[-73.049485,50.760845]],[[-73.152019,50.747165],[-73.272232,50.730998]],[[-72.223026,51.3097],[-72.354729,51.072167]],[[-72.354729,51.072167],[-72.750722,51.021593]],[[-73.39598,50.49305],[-73.272232,50.730998]],[[-73.87241,50.267953],[-73.905998,50.200382]],[[-73.810536,50.389414],[-73.825562,50.360396]],[[-73.825562,50.360396],[-73.826446,50.358738]],[[-73.785786,50.439159],[-73.801697,50.407239]],[[-73.905998,50.200382],[-73.63994,50.017154]],[[-73.63994,50.017154],[-73.759269,49.779621]],[[-73.759269,49.779621],[-74.102227,49.73029]],[[-74.102227,49.73029],[-74.142004,49.724487]],[[-73.39598,50.49305],[-73.604584,50.464032]],[[-73.604584,50.464032],[-73.785786,50.439159]],[[-71.823496,51.358616],[-71.687373,51.59615]],[[-71.687373,51.59615],[-71.285192,51.642993]],[[-71.823496,51.358616],[-72.223026,51.3097]],[[-71.285192,51.642993],[-71.145534,51.880112]],[[-64.357956,52.224597],[-64.537391,51.997428]],[[-64.888305,51.543503],[-65.119006,51.746214]],[[-64.537391,51.997428],[-64.308457,51.793058]],[[-64.308457,51.793058],[-64.48524,51.566717]],[[-64.48524,51.566717],[-64.888305,51.543503]],[[-65.587481,52.152052],[-65.825254,52.354349]],[[-65.119006,51.746214],[-65.524723,51.720927]],[[-65.524723,51.720927],[-65.759844,51.92281]],[[-65.759844,51.92281],[-65.587481,52.152052]],[[-63.994667,52.678108],[-63.765733,52.47208]],[[-63.765733,52.47208],[-63.948704,52.245739]],[[-63.948704,52.245739],[-64.357956,52.224597]],[[-66.480234,52.528458],[-66.237158,52.326575]],[[-66.480234,52.528458],[-66.309639,52.759358]],[[-65.825254,52.354349],[-66.237158,52.326575]],[[-66.555367,52.961241],[-66.309639,52.759358]],[[-63.393605,52.923932],[-63.809929,52.904863]],[[-63.994667,52.678108],[-63.809929,52.904863]],[[-63.393605,52.923932],[-63.166439,52.71666]],[[-62.560074,52.957924],[-62.751884,52.733242]],[[-62.751884,52.733242],[-63.166439,52.71666]],[[-57.040913,51.962606],[-57.227419,52.177754]],[[-57.740973,51.400071],[-57.740973,51.400485]],[[-57.766607,51.429918],[-57.86207,51.538528]],[[-57.86207,51.538528],[-57.652582,51.752018]],[[-57.652582,51.752018],[-57.25482,51.75036]],[[-57.6296,52.179412],[-57.227419,52.177754]],[[-57.82141,52.394146],[-58.227126,52.394146]],[[-58.227126,52.394146],[-58.422471,52.608464]],[[-57.6296,52.179412],[-57.82141,52.394146]],[[-59.040327,52.39],[-58.831724,52.606806]],[[-58.831724,52.606806],[-58.422471,52.608464]],[[-61.293425,52.565352],[-60.882405,52.575716]],[[-60.882405,52.575716],[-60.672033,52.364713]],[[-60.672033,52.364713],[-60.263665,52.373418]],[[-59.447812,52.385855],[-59.040327,52.39]],[[-61.5091,52.775525],[-61.922772,52.763089]],[[-61.922772,52.763089],[-62.143751,52.972433]],[[-61.293425,52.565352],[-61.5091,52.775525]],[[-62.560074,52.957924],[-62.143751,52.972433]],[[-59.651112,52.598515],[-60.061248,52.592297]],[[-59.447812,52.385855],[-59.651112,52.598515]],[[-60.061248,52.592297],[-60.263665,52.373418]],[[-77.015609,47.936976],[-76.711542,47.990452]],[[-76.711542,47.990452],[-76.65232,48.000816]],[[-79.639067,48.10611],[-79.555979,48.34613]],[[-79.555979,48.34613],[-79.193574,48.417846]],[[-79.189154,48.429453],[-79.142307,48.561278]],[[-79.142307,48.561693],[-79.107834,48.658281]],[[-79.107834,48.658281],[-78.741894,48.729168]],[[-78.741894,48.729168],[-78.490862,48.574958]],[[-78.490862,48.574958],[-78.464345,48.558376]],[[-78.464345,48.558376],[-78.496165,48.474224]],[[-78.496165,48.474224],[-78.55362,48.31877]],[[-79.193574,48.417846],[-79.189154,48.429453]],[[-78.55362,48.31877],[-78.28049,48.148393]],[[-78.28049,48.148393],[-78.369766,47.909616]],[[-78.099288,47.739239],[-77.738651,47.806395]],[[-75.080721,48.482515],[-75.056855,48.534747]],[[-75.030337,48.591954],[-75.01973,48.613925]],[[-75.053319,48.540551],[-75.033873,48.583249]],[[-74.98349,48.693517],[-74.971999,48.717561]],[[-74.487614,49.011887],[-74.111067,49.06785]],[[-73.995274,49.304969],[-74.25868,49.486539]],[[-74.25868,49.486539],[-74.142004,49.724487]],[[-74.111067,49.06785],[-73.995274,49.304969]],[[-75.530633,48.24208],[-75.556266,48.184873]],[[-75.556266,48.184873],[-75.923091,48.124764]],[[-75.923091,48.124764],[-76.186497,48.30053]],[[-76.186497,48.30053],[-76.553322,48.238349]],[[-76.65232,48.000816],[-76.553322,48.238349]],[[-75.139943,48.471322],[-75.172648,48.466348]],[[-75.081604,48.480442],[-75.087792,48.479613]],[[-74.991445,48.730826],[-74.971999,48.717561]],[[-75.236289,48.896644],[-75.00824,48.742019]],[[-75.437822,48.424064],[-75.451081,48.421992]],[[-75.366225,48.435672],[-75.411304,48.42821]],[[-75.296396,48.44645],[-75.34943,48.438159]],[[-75.188558,48.46386],[-75.214192,48.459715]],[[-75.110774,48.476297],[-75.133755,48.472566]],[[-77.283435,48.110255],[-77.646724,48.044343]],[[-77.738651,47.806395],[-77.646724,48.044343]],[[-77.283435,48.110255],[-77.106652,47.995841]],[[-77.106652,47.995841],[-77.015609,47.936976]],[[-74.75102,49.192213],[-75.126684,49.134177]],[[-75.236289,48.896644],[-75.126684,49.134177]],[[-74.75102,49.192213],[-74.487614,49.011887]]]}},{"type":"Feature","properties":{"kind":"border","from_year":1873,"to_year":1873,"a":"nova_scotia","b":"prince_edward_island"},"geometry":{"type":"MultiLineString","coordinates":[[[-63.901856,46.083138],[-63.885946,46.067386]],[[-63.16202,45.714609],[-62.81199,45.734507]],[[-63.251295,45.80498],[-63.242456,45.79586]],[[-63.207099,45.760209],[-63.197376,45.750675]],[[-63.186769,45.739067],[-63.16202,45.714609]],[[-62.81199,45.734507],[-62.789008,45.765598]]]}},{"type":"Feature","properties":{"kind":"border","from_year":1873,"to_year":1873,"a":"ontario","b":"quebec"},"geometry":{"type":"MultiLineString","coordinates":[[[-75.923888,45.360806],[-75.811843,45.410873]],[[-75.811843,45.410873],[-75.692616,45.370082]],[[-76.043834,45.401359],[-75.923888,45.360806]],[[-75.579853,45.419911],[-75.692616,45.370082]],[[-75.116077,45.436451],[-75.104586,45.462567]],[[-75.104586,45.462567],[-75.014427,45.667766]],[[-75.014427,45.667766],[-74.788145,45.70466]],[[-74.788145,45.70466],[-74.667049,45.724144]],[[-74.667049,45.724144],[-74.546836,45.637504]],[[-74.423972,45.548792],[-74.488498,45.406189]],[[-74.489382,45.406189],[-74.528274,45.31872]],[[-74.528274,45.31872],[-74.358563,45.195187]],[[-74.318786,45.166168],[-74.287849,45.143783]],[[-74.287849,45.143783],[-74.355911,44.995791]],[[-74.355911,44.995791],[-74.356795,44.992475]],[[-75.116077,45.436451],[-75.27253,45.410749]],[[-75.27253,45.410749],[-75.460804,45.378829]],[[-77.408067,46.1134],[-77.612251,46.248127]],[[-77.612251,46.248127],[-77.665286,46.282948]],[[-76.898048,45.77306],[-77.242775,45.710049]],[[-77.242775,45.710049],[-77.497342,45.879183]],[[-77.497342,45.879183],[-77.408067,46.1134]],[[-77.665286,46.282948],[-78.013548,46.217036]],[[-78.013548,46.217036],[-78.274303,46.385755]],[[-76.321736,45.660304],[-76.300522,45.664035]],[[-76.300522,45.664035],[-76.051258,45.492]],[[-76.646133,45.602683],[-76.645249,45.602683]],[[-76.898048,45.77306],[-76.646133,45.602683]],[[-79.60813,47.222303],[-79.688566,46.984355]],[[-79.688566,46.984355],[-79.418972,46.818124]],[[-79.445489,47.699443],[-79.17236,47.531967]],[[-79.17236,47.531967],[-79.225395,47.379415]],[[-79.225395,47.379415],[-79.255448,47.293605]],[[-79.255448,47.293605],[-79.60813,47.222303]],[[-79.068942,46.88901],[-79.418972,46.818124]],[[-78.885972,46.485245],[-78.621681,46.31777]],[[-78.885972,46.485245],[-78.802,46.721535]],[[-78.274303,46.385755],[-78.621681,46.31777]],[[-79.068942,46.88901],[-78.802,46.721535]],[[-79.362401,47.938634],[-79.627576,48.099477]]]}},{"type":"Feature","properties":{"kind":"label","from_year":1873,"to_year":1873,"jurisdiction":"arctic_islands","name":"British Arctic Islands","sovereign":"Britain","status":"unorganized","h3":"84022d9ffffffff"},"geometry":{"type":"Point","coordinates":[-84.37946,80.14781]}},{"type":"Feature","properties":{"kind":"label","from_year":1873,"to_year":1873,"jurisdiction":"british_columbia","name":"British Columbia","sovereign":"Canada","status":"province","h3":"8412aa7ffffffff"},"geometry":{"type":"Point","coordinates":[-125.27189,54.03228]}},{"type":"Feature","properties":{"kind":"label","from_year":1873,"to_year":1873,"jurisdiction":"manitoba","name":"Manitoba","sovereign":"Canada","status":"province","h3":"85271c83fffffff"},"geometry":{"type":"Point","coordinates":[-97.31006,49.7962]}},{"type":"Feature","properties":{"kind":"label","from_year":1873,"to_year":1873,"jurisdiction":"new_brunswick","name":"New Brunswick","sovereign":"Canada","status":"province","h3":"842b025ffffffff"},"geometry":{"type":"Point","coordinates":[-66.28033,46.52931]}},{"type":"Feature","properties":{"kind":"label","from_year":1873,"to_year":1873,"jurisdiction":"newfoundland","name":"Newfoundland","sovereign":"Britain","status":"colony","h3":"841b987ffffffff"},"geometry":{"type":"Point","coordinates":[-56.51042,48.97737]}},{"type":"Feature","properties":{"kind":"label","from_year":1873,"to_year":1873,"jurisdiction":"northwest_territories","name":"North-West Territories","sovereign":"Canada","status":"territory","h3":"8412441ffffffff"},"geometry":{"type":"Point","coordinates":[-106.53537,56.72917]}},{"type":"Feature","properties":{"kind":"label","from_year":1873,"to_year":1873,"jurisdiction":"nova_scotia","name":"Nova Scotia","sovereign":"Canada","status":"province","h3":"842b011ffffffff"},"geometry":{"type":"Point","coordinates":[-63.39259,45.25509]}},{"type":"Feature","properties":{"kind":"label","from_year":1873,"to_year":1873,"jurisdiction":"ontario","name":"Ontario","sovereign":"Canada","status":"province","h3":"842b933ffffffff"},"geometry":{"type":"Point","coordinates":[-80.34474,45.73668]}},{"type":"Feature","properties":{"kind":"label","from_year":1873,"to_year":1873,"jurisdiction":"prince_edward_island","name":"Prince Edward Island","sovereign":"Canada","status":"province","h3":"842b055ffffffff"},"geometry":{"type":"Point","coordinates":[-62.87475,46.27223]}},{"type":"Feature","properties":{"kind":"label","from_year":1873,"to_year":1873,"jurisdiction":"quebec","name":"Quebec","sovereign":"Canada","status":"province","h3":"840e4b5ffffffff"},"geometry":{"type":"Point","coordinates":[-70.3091,49.55966]}},{"type":"Feature","properties":{"kind":"border","from_year":1874,"to_year":1875,"a":"arctic_islands","b":"northwest_territories"},"geometry":{"type":"MultiLineString","coordinates":[[[-78.826749,71.487596],[-78.641127,71.729274]],[[-78.641127,71.729274],[-77.97996,71.788554]],[[-77.939299,71.792285],[-77.865935,71.798918]],[[-77.865935,71.798918],[-77.773124,71.771143]],[[-77.720089,71.755391],[-77.289622,71.625224]],[[-77.289622,71.625224],[-77.490271,71.384789]],[[-77.490271,71.384789],[-76.928985,71.209852]],[[-79.586916,71.413807],[-80.176487,71.580453]],[[-78.826749,71.487596],[-79.586916,71.413807]],[[-76.167051,71.272862],[-76.928985,71.209852]],[[-75.619908,71.094194],[-74.858858,71.151816]],[[-74.858858,71.151816],[-74.325858,70.969002]],[[-74.034166,70.546997],[-74.260448,70.308634]],[[-76.167051,71.272862],[-75.619908,71.094194]],[[-80.934885,71.50169],[-81.091338,71.257524]],[[-81.091338,71.257524],[-81.83471,71.17503]],[[-81.977904,70.930035],[-81.83471,71.17503]],[[-81.977904,70.930035],[-82.705365,70.84381]],[[-82.705365,70.84381],[-83.301124,71.000922]],[[-80.176487,71.580453],[-80.934885,71.50169]],[[-73.566575,71.021649],[-74.325858,70.969002]],[[-84.02505,70.909722],[-84.141726,70.662654]],[[-84.141726,70.662654],[-84.850626,70.568139]],[[-83.301124,71.000922],[-84.02505,70.909722]],[[-97.900737,68.475939],[-97.559546,68.415001]],[[-97.052179,68.540193],[-97.141454,68.518222]],[[-97.521537,68.424535],[-97.559546,68.415001]],[[-97.277577,68.484644],[-97.47027,68.436971]],[[-104.575174,68.559262],[-104.647655,68.568796]],[[-104.647655,68.568796],[-104.65119,68.575843]],[[-115.421686,68.934838],[-115.592282,68.945202]],[[-115.592282,68.945202],[-115.626754,68.980852]],[[-108.398987,68.56092],[-108.150607,68.533975]],[[-107.825326,68.649632],[-108.150607,68.533975]],[[-107.181837,69.103143],[-107.310888,69.117237]],[[-106.158264,69.212997],[-106.278476,69.173615]],[[-106.158264,69.212997],[-105.87276,69.179419]],[[-107.310888,69.117237],[-107.761685,68.963027]],[[-94.723948,71.834983],[-94.723065,71.834983]],[[-94.623182,71.854052],[-94.449935,71.887215]],[[-94.727484,71.835397],[-94.723948,71.834983]],[[-95.191539,71.911673],[-94.859187,71.857368]],[[-70.139639,64.110383],[-69.771931,63.910573]],[[-69.771931,63.910573],[-69.980535,63.671382]],[[-69.980535,63.671382],[-69.619014,63.471157]],[[-68.297562,67.786968],[-67.629323,67.8164]],[[-67.629323,67.8164],[-67.228026,67.61203]],[[-67.228026,67.61203],[-67.490548,67.380301]],[[-67.490548,67.380301],[-68.147297,67.351283]],[[-68.002335,66.914354],[-68.399212,67.11748]],[[-68.399212,67.11748],[-68.147297,67.351283]],[[-68.71035,67.98885],[-68.297562,67.786968]],[[-68.71035,67.98885],[-68.453131,68.221824]],[[-68.250715,66.680551],[-68.002335,66.914354]],[[-68.888901,66.648217],[-69.127558,66.412757]],[[-69.127558,66.412757],[-69.109879,66.403637]],[[-69.101924,66.399491],[-68.7351,66.210874]],[[-68.7351,66.210874],[-68.746591,66.200096]],[[-68.758965,66.187245],[-68.971105,65.975413]],[[-68.971105,65.975413],[-69.591613,65.939763]],[[-68.250715,66.680551],[-68.888901,66.648217]],[[-69.993794,68.586622],[-69.741878,68.821253]],[[-68.874758,68.422877],[-69.558908,68.38847]],[[-69.558908,68.38847],[-69.993794,68.586622]],[[-68.874758,68.422877],[-68.453131,68.221824]],[[-70.886547,68.979194],[-70.186487,69.018576]],[[-70.186487,69.018576],[-69.741878,68.821253]],[[-69.497034,64.826299],[-69.124022,64.624831]],[[-69.124022,64.624831],[-69.343233,64.387298]],[[-69.343233,64.387298],[-69.929268,64.349574]],[[-70.139639,64.110383],[-69.929268,64.349574]],[[-69.497034,64.826299],[-69.275171,65.063833]],[[-69.654371,65.264472],[-69.275171,65.063833]],[[-68.309937,63.32814],[-68.698859,63.30534]],[[-68.698859,63.30534],[-69.051541,63.508052]],[[-67.811409,63.11009],[-68.007638,62.897429]],[[-68.080119,63.306998],[-67.980237,63.247718]],[[-67.979353,63.247718],[-67.958139,63.234868]],[[-67.930738,63.2187],[-67.880354,63.188439]],[[-69.051541,63.508052],[-69.619014,63.471157]],[[-69.43074,65.502005],[-69.817895,65.702229]],[[-69.817895,65.702229],[-69.591613,65.939763]],[[-69.654371,65.264472],[-69.43074,65.502005]],[[-73.753081,70.122919],[-73.0212,70.173908]],[[-73.0212,70.173908],[-72.527976,69.984876]],[[-72.527976,69.984876],[-72.764865,69.747757]],[[-72.764865,69.747757],[-72.283132,69.557897]],[[-74.260448,70.308634],[-73.753081,70.122919]],[[-71.343531,69.1732],[-70.886547,68.979194]],[[-73.289026,70.5984],[-73.048602,70.835104]],[[-73.566575,71.021649],[-73.048602,70.835104]],[[-73.289026,70.5984],[-74.034166,70.546997]],[[-71.098687,69.409076],[-71.567161,69.602667]],[[-71.343531,69.1732],[-71.098687,69.409076]],[[-71.567161,69.602667],[-72.283132,69.557897]],[[-65.233031,61.876409],[-65.199442,61.853609]],[[-65.173809,61.835784],[-65.089837,61.778577]],[[-66.683535,62.072488],[-66.19031,62.096117]],[[-66.16998,62.096946],[-66.140811,62.09819]],[[-66.140811,62.09819],[-66.131972,62.092801]],[[-67.669983,62.69223],[-67.115769,62.721663]],[[-67.115769,62.721663],[-66.786069,62.514806]],[[-66.786069,62.514806],[-67.007931,62.27976]],[[-67.007931,62.27976],[-66.683535,62.072488]],[[-68.007638,62.897429],[-67.669983,62.69223]],[[-96.989421,68.555116],[-96.595195,68.482157]],[[-96.594311,68.482157],[-96.467911,68.458528]],[[-84.955811,70.320242],[-84.850626,70.568139]],[[-84.367124,70.16769],[-84.955811,70.320242]],[[-84.436954,70.008505],[-84.367124,70.16769]],[[-85.351805,69.873779],[-85.317332,69.864659]],[[-95.871269,69.363061],[-95.888948,69.576966]],[[-113.928755,68.422877],[-113.907541,68.398004]],[[-114.078136,68.643829],[-114.108189,68.630563]]]}},{"type":"Feature","properties":{"kind":"border","from_year":1874,"to_year":1875,"a":"british_columbia","b":"northwest_territories"},"geometry":{"type":"MultiLineString","coordinates":[[[-119.809437,58.635095],[-120.000362,58.651262]],[[-120.000362,58.651262],[-120.242555,58.671575]],[[-120.242555,58.671575],[-120.422873,58.892526]],[[-120.422873,58.892526],[-120.167422,59.078656]],[[-119.634422,58.4129],[-119.809437,58.635095]],[[-120.167422,59.078656],[-120.349508,59.300022]],[[-120.349508,59.300022],[-120.090522,59.486567]],[[-119.888105,58.228843],[-119.713974,58.007062]],[[-119.713974,58.007062],[-119.964122,57.823419]],[[-119.634422,58.4129],[-119.888105,58.228843]],[[-119.792642,57.602468],[-119.964122,57.823419]],[[-120.011853,59.895721],[-120.198359,60.117916]],[[-120.911678,59.962048],[-120.650923,60.15108]],[[-120.650923,60.15108],[-120.198359,60.117916]],[[-120.011853,59.895721],[-120.27526,59.708348]],[[-120.090522,59.486567],[-120.27526,59.708348]],[[-121.61439,59.803693],[-121.360706,59.993139]],[[-121.360706,59.993139],[-120.911678,59.962048]],[[-122.059883,59.832296],[-121.61439,59.803693]],[[-120.086102,55.994869],[-120.251394,56.214162]],[[-120.251394,56.214162],[-120.015389,56.394903]],[[-120.086102,55.994869],[-120.319455,55.814957]],[[-120.155047,55.596078],[-120.319455,55.814957]],[[-120.182449,56.614611],[-120.000362,56.753068]],[[-120.015389,56.394903],[-120.182449,56.614611]],[[-120.000362,56.753068],[-119.942908,56.796181]],[[-120.384865,55.416995],[-120.222225,55.198946]],[[-120.155047,55.596078],[-120.384865,55.416995]],[[-119.674198,54.939441],[-119.833303,55.15832]],[[-120.222225,55.198946],[-119.833303,55.15832]],[[-119.674198,54.939441],[-119.903132,54.762431]],[[-119.746679,54.543967],[-119.903132,54.762431]],[[-120.039255,57.419654],[-120.000362,57.369494]],[[-120.000362,57.100456],[-120.111736,57.016303]],[[-120.000362,57.369494],[-119.868659,57.198702]],[[-119.868659,57.198702],[-120.000362,57.100456]],[[-119.942908,56.796181],[-120.000362,56.871213]],[[-120.000362,56.871213],[-120.111736,57.016303]],[[-119.792642,57.602468],[-120.000362,57.448258]],[[-120.000362,57.448258],[-120.039255,57.419654]],[[-123.599661,60.122891],[-124.045154,60.144447]],[[-122.257879,60.049931],[-122.706024,60.075633]],[[-125.601727,60.004332],[-125.378097,60.198752]],[[-125.378097,60.198752],[-124.934372,60.182171]],[[-124.934372,60.182171],[-124.750518,60.000186]],[[-124.750518,60.000186],[-124.720465,59.970754]],[[-124.720465,59.970754],[-124.278508,59.95127]],[[-126.041033,60.018841],[-125.601727,60.004332]],[[-124.045154,60.144447],[-124.278508,59.95127]],[[-126.041033,60.018841],[-126.262895,60.227356]],[[-123.392825,59.908572],[-122.9491,59.884529]],[[-122.706024,60.075633],[-122.9491,59.884529]],[[-123.392825,59.908572],[-123.599661,60.122891]],[[-116.917269,51.763625],[-116.5584,51.708905]],[[-116.5584,51.708905],[-116.430232,51.487954]],[[-116.430232,51.487954],[-116.073131,51.431576]],[[-116.073131,51.431576],[-115.948499,51.21021]],[[-116.917269,51.763625],[-117.048972,51.984162]],[[-117.409609,52.036809],[-117.048972,51.984162]],[[-115.472069,50.929979],[-115.594049,51.152174]],[[-115.948499,51.21021],[-115.594049,51.152174]],[[-115.472069,50.929979],[-115.702771,50.767478]],[[-115.232528,50.486832],[-115.581675,50.546526]],[[-115.581675,50.546526],[-115.702771,50.767478]],[[-117.907253,52.307506],[-118.045144,52.526799]],[[-117.543964,52.256517],[-117.907253,52.307506]],[[-117.409609,52.036809],[-117.543964,52.256517]],[[-118.4102,52.575716],[-118.045144,52.526799]],[[-114.316793,49.31782],[-114.428166,49.538771]],[[-114.543959,49.160708],[-114.463523,49.001109]],[[-114.768473,49.601782],[-114.499764,49.552451]],[[-114.499764,49.552451],[-114.428166,49.538771]],[[-114.316793,49.31782],[-114.543959,49.160708]],[[-115.114968,50.265466],[-114.768473,50.203699]],[[-114.768473,50.203699],[-114.653565,49.981918]],[[-114.653565,49.981918],[-114.719858,49.936318]],[[-114.719858,49.936318],[-114.883382,49.822733]],[[-114.768473,49.601782],[-114.883382,49.822733]],[[-115.114968,50.265466],[-115.232528,50.486832]],[[-120.105548,53.581812],[-119.952631,53.365421]],[[-119.952631,53.365421],[-119.582271,53.322308]],[[-119.582271,53.322308],[-119.432889,53.104673]],[[-119.885453,53.756749],[-120.105548,53.581812]],[[-120.039255,53.97397],[-120.000362,53.918836]],[[-120.000362,53.918836],[-119.885453,53.756749]],[[-119.064297,53.059488],[-118.840667,53.231938]],[[-118.840667,53.231938],[-118.470307,53.185094]],[[-118.470307,53.185094],[-118.327113,52.965801]],[[-118.327113,52.965801],[-118.552511,52.794594]],[[-118.4102,52.575716],[-118.552511,52.794594]],[[-119.432889,53.104673],[-119.064297,53.059488]],[[-120.000362,54.005061],[-120.039255,53.97397]],[[-119.972077,54.367372],[-119.816508,54.149736]],[[-119.816508,54.149736],[-120.000362,54.005061]],[[-119.746679,54.543967],[-119.972077,54.367372]],[[-130.79826,60.083924],[-131.223422,60.081437]],[[-134.564619,60.013866],[-134.413469,60.214505]],[[-134.413469,60.214505],[-133.998029,60.226941]],[[-133.998029,60.226941],[-133.739043,60.038324]],[[-133.739043,60.038324],[-133.323603,60.048688]],[[-133.323603,60.048688],[-133.069036,59.858412]],[[-134.974755,59.999772],[-134.564619,60.013866]],[[-134.974755,59.999772],[-134.986246,60.008477]],[[-134.986246,60.008477],[-135.239045,60.185072]],[[-132.653596,59.866703],[-132.543107,60.000186]],[[-132.543107,60.000186],[-132.488304,60.065684]],[[-132.488304,60.065684],[-132.068445,60.072317]],[[-132.068445,60.072317],[-131.818297,59.878725]],[[-131.818297,59.878725],[-131.399321,59.88287]],[[-133.069036,59.858412],[-132.653596,59.866703]],[[-131.223422,60.081437],[-131.295019,60.000186]],[[-131.295019,60.000186],[-131.399321,59.88287]],[[-128.142097,60.000186],[-127.990948,59.866289]],[[-128.850112,59.878725],[-128.653884,60.076048]],[[-128.653884,60.076048],[-128.221649,60.069829]],[[-128.221649,60.069829],[-128.142097,60.000186]],[[-127.990948,59.866289],[-127.558714,59.857998]],[[-129.278811,59.88287],[-128.850112,59.878725]],[[-129.5157,60.083095],[-129.944398,60.084753]],[[-129.278811,59.88287],[-129.5157,60.083095]],[[-126.703085,60.239378],[-126.916108,60.043713]],[[-126.916108,60.043713],[-127.352762,60.054077]],[[-126.703085,60.239378],[-126.262895,60.227356]],[[-127.352762,60.054077],[-127.558714,59.857998]],[[-130.555183,59.887016],[-130.130904,59.887016]],[[-130.555183,59.887016],[-130.79826,60.083924]],[[-129.944398,60.084753],[-130.024835,60.000186]],[[-130.024835,60.000186],[-130.130904,59.887016]],[[-137.395796,59.890332],[-136.997151,59.911474]],[[-137.668926,60.068586],[-138.067571,60.045371]],[[-136.939696,60.000186],[-136.997151,59.911474]],[[-137.395796,59.890332],[-137.668926,60.068586]],[[-136.866331,60.112113],[-136.939696,60.000186]],[[-138.187783,59.844732],[-138.581125,59.820274]],[[-138.067571,60.045371],[-138.187783,59.844732]],[[-136.193673,59.950441],[-136.462383,60.132011]],[[-135.648298,60.168491],[-135.78884,59.967852]],[[-135.78884,59.967852],[-136.193673,59.950441]],[[-135.648298,60.168491],[-135.239045,60.185072]],[[-136.866331,60.112113],[-136.462383,60.132011]]]}},{"type":"Feature","properties":{"kind":"border","from_year":1874,"to_year":1875,"a":"manitoba","b":"northwest_territories"},"geometry":{"type":"MultiLineString","coordinates":[[[-96.512991,50.712343],[-96.544812,50.723536]],[[-96.3751,50.620315],[-96.375984,50.623217]],[[-96.023302,50.2978],[-96.36361,50.419676]],[[-96.36361,50.419676],[-96.3751,50.620315]],[[-97.113169,50.38444],[-97.354477,50.290753]],[[-97.354477,50.290753],[-97.460547,50.327647]],[[-97.460547,50.327647],[-97.697436,50.408483]],[[-97.049527,50.660525],[-97.031849,50.416359]],[[-97.031849,50.416359],[-97.113169,50.38444]],[[-97.697436,50.408483],[-98.014761,50.282877]],[[-98.017413,50.281633],[-98.063377,50.297386]],[[-96.990305,50.68374],[-97.049527,50.660525]],[[-95.987062,49.565717],[-96.322066,49.687592]],[[-96.322066,49.687592],[-96.335324,49.931344]],[[-96.335324,49.931344],[-96.010928,50.053634]],[[-95.979991,49.413994],[-95.987062,49.565717]],[[-95.975571,49.322794],[-95.979991,49.413994]],[[-95.975571,49.322794],[-96.294664,49.201748]],[[-96.010928,50.053634],[-96.023302,50.2978]],[[-99.337097,50.2522],[-99.023308,50.382367]],[[-98.964085,49.897766],[-99.305276,50.010107]],[[-98.934916,49.655672],[-98.964085,49.897766]],[[-98.934916,49.655672],[-99.097557,49.588102]],[[-99.023308,50.382367],[-99.053361,50.625289]],[[-99.053361,50.625289],[-98.745759,50.75131]],[[-96.283173,49.00028],[-96.294664,49.201748]],[[-99.213349,49.286314],[-98.877462,49.173559]],[[-98.877462,49.173559],[-98.857132,49.00028]],[[-99.213349,49.286314],[-99.243402,49.527164]]]}},{"type":"Feature","properties":{"kind":"border","from_year":1874,"to_year":1875,"a":"new_brunswick","b":"nova_scotia"},"geometry":{"type":"MultiLineString","coordinates":[[[-63.901856,46.083138],[-64.116647,46.069044]],[[-64.116647,46.069044],[-64.255422,46.059924]],[[-64.410991,45.841874],[-64.255422,46.059924]],[[-64.410991,45.841874],[-64.513525,45.834827]],[[-64.570095,45.830681],[-64.762789,45.817001]],[[-64.808752,45.497389],[-64.715941,45.406604]],[[-64.715941,45.406604],[-64.76986,45.328255]],[[-64.909518,45.60517],[-64.887421,45.63709]]]}},{"type":"Feature","properties":{"kind":"border","from_year":1874,"to_year":1875,"a":"new_brunswick","b":"prince_edward_island"},"geometry":{"type":"MultiLineString","coordinates":[[[-63.850589,46.154025],[-63.901856,46.083138]],[[-64.104273,46.48566],[-63.941632,46.496023]],[[-63.941632,46.496023],[-63.933677,46.487733]],[[-63.916883,46.471151],[-63.869151,46.424722]],[[-63.838214,46.393631],[-63.834679,46.390315]],[[-63.783412,46.339326],[-63.744519,46.300359]],[[-63.744519,46.300359],[-63.745403,46.298701]]]}},{"type":"Feature","properties":{"kind":"border","from_year":1874,"to_year":1875,"a":"new_brunswick","b":"quebec"},"geometry":{"type":"MultiLineString","coordinates":[[[-68.467274,47.388121],[-68.326731,47.614876]],[[-68.553013,47.805566],[-68.383302,47.662963]],[[-68.383302,47.662963],[-68.326731,47.614876]],[[-68.467274,47.388121],[-68.778411,47.356201]],[[-68.778411,47.356201],[-68.83233,47.350812]],[[-68.924257,47.197845],[-68.837634,47.341692]],[[-68.837634,47.341692],[-68.83233,47.350812]],[[-67.814945,47.877282],[-67.445469,47.911689]],[[-67.445469,47.911689],[-67.223606,47.718926]],[[-68.553013,47.805566],[-68.469925,47.939463]],[[-68.469925,47.939463],[-68.411587,48.033565]],[[-68.411587,48.033565],[-68.040343,48.06963]],[[-68.040343,48.06963],[-67.959023,47.999987]],[[-67.959023,47.999987],[-67.814945,47.877282]],[[-66.704748,47.975943],[-66.855014,47.750846]],[[-66.855014,47.750846],[-67.223606,47.718926]],[[-66.579233,47.986721],[-66.633151,47.982161]],[[-66.633151,47.982161],[-66.704748,47.975943]],[[-66.117829,47.811784],[-65.911877,47.827951]],[[-65.781058,47.8379],[-65.749237,47.840387]],[[-66.330853,48.003303],[-66.117829,47.811784]],[[-65.318771,48.084139],[-65.536214,48.068386]],[[-65.749237,47.840387],[-65.747469,47.84246]],[[-65.222424,48.090772],[-65.170273,48.04227]]]}},{"type":"Feature","properties":{"kind":"border","from_year":1874,"to_year":1875,"a":"newfoundland","b":"northwest_territories"},"geometry":{"type":"MultiLineString","coordinates":[[[-63.085119,56.663113],[-62.835855,56.450866]],[[-63.126663,57.102943],[-62.91364,57.330942]],[[-62.873864,56.890697],[-63.126663,57.102943]],[[-62.377988,56.464546],[-62.835855,56.450866]],[[-63.085119,56.663113],[-62.873864,56.890697]],[[-63.641101,57.527435],[-63.169091,57.543602]],[[-63.169091,57.543602],[-62.91364,57.330942]],[[-61.657598,55.824077],[-62.106626,55.81247]],[[-62.106626,55.81247],[-62.346167,56.025545]],[[-62.346167,56.025545],[-62.134911,56.251471]],[[-61.657598,55.824077],[-61.42336,55.610173]],[[-61.42336,55.610173],[-61.634616,55.386319]],[[-62.377988,56.464546],[-62.134911,56.251471]],[[-64.981999,60.141131],[-64.964321,60.127865]],[[-64.949295,60.117087],[-64.692959,59.930128]],[[-64.692959,59.930128],[-64.911286,59.698399]],[[-64.547998,60.380737],[-64.728316,60.37369]],[[-64.436624,60.384882],[-64.508221,60.381981]],[[-63.903624,57.739267],[-63.641101,57.527435]],[[-64.068032,59.064147],[-64.56214,59.045078]],[[-64.56214,59.045078],[-64.843225,59.256081]],[[-64.843225,59.256081],[-64.626666,59.487396]],[[-64.068032,59.064147],[-64.023836,59.030155]],[[-64.014997,59.023522],[-63.878874,58.917814]],[[-63.87799,58.916984],[-63.794903,58.851901]],[[-63.794903,58.851901],[-64.012345,58.622244]],[[-64.911286,59.698399],[-64.626666,59.487396]],[[-63.691485,57.968509],[-63.957543,58.180341]],[[-63.957543,58.180341],[-63.741868,58.409998]],[[-63.903624,57.739267],[-63.691485,57.968509]],[[-64.012345,58.622244],[-63.741868,58.409998]],[[-56.423941,52.169878],[-56.607795,52.385855]],[[-56.607795,52.385855],[-56.415986,52.570326]],[[-56.411566,52.574472],[-56.387701,52.597272]],[[-56.423941,52.169878],[-56.641384,51.958875]],[[-56.641384,51.958875],[-57.040913,51.962606]],[[-56.387701,52.597272],[-56.573323,52.814078]],[[-56.980807,52.818638],[-56.573323,52.814078]],[[-57.25482,51.75036],[-57.11693,51.590761]],[[-57.11693,51.590761],[-57.070082,51.536041]],[[-57.070082,51.536041],[-57.194714,51.410849]],[[-56.94987,53.248105],[-57.142563,53.465325]],[[-57.558887,53.468642],[-57.306087,53.466984]],[[-57.289293,53.466569],[-57.142563,53.465325]],[[-56.94987,53.248105],[-57.171733,53.03503]],[[-56.980807,52.818638],[-57.171733,53.03503]],[[-57.558887,53.468642],[-57.756,53.685448]],[[-60.714461,54.096675],[-60.286647,54.104137]],[[-60.286647,54.104137],[-60.071855,53.890232]],[[-60.70297,53.662234],[-60.921297,53.874894]],[[-60.921297,53.874894],[-60.714461,54.096675]],[[-60.071855,53.890232],[-59.647577,53.895621]],[[-60.70297,53.662234],[-60.908038,53.440867]],[[-60.275156,53.236912],[-60.692363,53.228621]],[[-60.692363,53.228621],[-60.908038,53.440867]],[[-60.725068,54.531945],[-60.292834,54.538993]],[[-60.292834,54.538993],[-60.075391,54.324674]],[[-60.075391,54.324674],[-59.645809,54.329648]],[[-59.645809,54.329648],[-59.433669,54.1145]],[[-59.433669,54.1145],[-59.508802,54.037395]],[[-59.5309,54.014595],[-59.647577,53.895621]],[[-58.174975,53.686277],[-58.392418,53.4703]],[[-58.392418,53.4703],[-58.81051,53.469056]],[[-58.174975,53.686277],[-57.756,53.685448]],[[-58.81051,53.469056],[-59.024417,53.251836]],[[-59.024417,53.251836],[-59.440741,53.248519]],[[-60.064784,53.023837],[-59.649344,53.030055]],[[-59.440741,53.248519],[-59.649344,53.030055]],[[-60.064784,53.023837],[-60.275156,53.236912]],[[-61.40303,55.172829],[-60.962841,55.181949]],[[-60.962841,55.181949],[-60.736559,54.968045]],[[-60.736559,54.968045],[-60.948698,54.745435]],[[-60.725068,54.531945],[-60.948698,54.745435]],[[-61.40303,55.172829],[-61.634616,55.386319]]]}},{"type":"Feature","properties":{"kind":"border","from_year":1874,"to_year":1875,"a":"newfoundland","b":"quebec"},"geometry":{"type":"MultiLineString","coordinates":[[[-57.040913,51.962606],[-57.107207,51.897108]],[[-57.107207,51.897108],[-57.25482,51.75036]]]}},{"type":"Feature","properties":{"kind":"border","from_year":1874,"to_year":1875,"a":"northwest_territories","b":"ontario"},"geometry":{"type":"MultiLineString","coordinates":[[[-83.16942,51.219744],[-83.54862,51.133105]],[[-83.54862,51.133105],[-83.862409,51.292704]],[[-83.862409,51.292704],[-84.240725,51.204406]],[[-84.240725,51.204406],[-84.55805,51.361933]],[[-79.753976,48.754455],[-79.83618,48.513606]],[[-79.788448,49.648625],[-79.51797,49.489441]],[[-79.51797,49.432648],[-79.586032,49.237398]],[[-79.501176,49.479492],[-79.51797,49.432648]],[[-79.51797,49.489441],[-79.501176,49.479492]],[[-79.586032,49.237398],[-79.51797,49.196773]],[[-79.517087,48.801713],[-79.753976,48.754455]],[[-79.51797,49.196773],[-79.302295,49.068679]],[[-79.302295,49.068679],[-79.323509,49.009399]],[[-79.323509,49.009399],[-79.357982,48.912396]],[[-79.388035,48.827415],[-79.517087,48.801713]],[[-81.103713,50.975164],[-81.023277,51.220573]],[[-81.023277,51.220573],[-80.63789,51.298922]],[[-80.63789,51.298922],[-80.593694,51.274464]],[[-80.593694,51.274464],[-80.335591,51.130618]],[[-81.103713,50.975164],[-81.48468,50.895572]],[[-81.48468,50.895572],[-81.78963,51.06056]],[[-79.950205,51.206479],[-80.335591,51.130618]],[[-79.950205,51.206479],[-79.924571,51.192385]],[[-79.909544,51.184094],[-79.650558,51.036516]],[[-79.650558,51.036516],[-79.738065,50.791936]],[[-79.531229,50.377807],[-79.239537,50.20743]],[[-79.239537,50.20743],[-79.327929,49.964507]],[[-79.327929,49.964507],[-79.703592,49.891133]],[[-79.788448,49.648625],[-79.703592,49.891133]],[[-79.531229,50.377807],[-79.442838,50.621558]],[[-79.738065,50.791936],[-79.442838,50.621558]],[[-82.858283,51.058072],[-82.479083,51.142225]],[[-82.479083,51.142225],[-82.170597,50.978895]],[[-83.16942,51.219744],[-82.858283,51.058072]],[[-81.78963,51.06056],[-82.170597,50.978895]],[[-86.050981,50.99216],[-85.680621,51.086261]],[[-85.680621,51.086261],[-85.361528,50.931637]],[[-86.547741,51.099112],[-86.372726,51.144712]],[[-86.372726,51.144712],[-86.050981,50.99216]],[[-86.742202,51.048538],[-86.547741,51.099112]],[[-84.933713,51.271148],[-84.9894,51.023665]],[[-84.9894,51.023665],[-85.361528,50.931637]],[[-84.55805,51.361933],[-84.933713,51.271148]],[[-87.066599,51.199017],[-87.433423,51.100356]],[[-87.433423,51.100356],[-87.760471,51.249177]],[[-87.066599,51.199017],[-86.742202,51.048538]],[[-87.760471,51.249177],[-88.126412,51.148443]],[[-88.126412,51.148443],[-88.455228,51.294777]],[[-91.113158,48.351519],[-91.126417,48.162073]],[[-91.062775,49.082359],[-91.07957,48.838193]],[[-90.839145,48.734143],[-90.763128,48.700979]],[[-90.763128,48.700979],[-90.781691,48.457642]],[[-90.955822,50.556061],[-91.288173,50.694103]],[[-91.288173,50.694103],[-91.271379,50.941171]],[[-91.271379,50.941171],[-90.918697,51.051025]],[[-90.918697,51.051025],[-90.584578,50.911739]],[[-90.646452,50.17095],[-90.974384,50.309407]],[[-90.974384,50.309407],[-90.955822,50.556061]],[[-90.229244,51.01952],[-90.584578,50.911739]],[[-90.229244,51.01952],[-89.897776,50.878575]],[[-90.665898,49.924711],[-90.646452,50.17095]],[[-91.010624,49.817344],[-91.028303,49.571935]],[[-91.028303,49.571935],[-90.705674,49.433892]],[[-90.705674,49.433892],[-90.72512,49.189311]],[[-90.72512,49.189311],[-91.062775,49.082359]],[[-90.665898,49.924711],[-91.010624,49.817344]],[[-88.851222,50.944488],[-89.210091,50.840852]],[[-89.210091,50.840852],[-89.539791,50.983869]],[[-88.819401,51.192385],[-88.851222,50.944488]],[[-89.539791,50.983869],[-89.897776,50.878575]],[[-88.455228,51.294777],[-88.819401,51.192385]],[[-79.83618,48.513606],[-79.555979,48.34613]]]}},{"type":"Feature","properties":{"kind":"border","from_year":1874,"to_year":1875,"a":"northwest_territories","b":"quebec"},"geometry":{"type":"MultiLineString","coordinates":[[[-69.057728,52.757285],[-69.473168,52.718318]],[[-69.473168,52.718318],[-69.736575,52.913983]],[[-69.736575,52.913983],[-70.152898,52.872529]],[[-68.799625,52.560377],[-68.385953,52.597272]],[[-68.385953,52.597272],[-68.13227,52.39912]],[[-69.057728,52.757285],[-68.799625,52.560377]],[[-67.555958,52.666501],[-67.719482,52.433527]],[[-67.719482,52.433527],[-68.13227,52.39912]],[[-70.30228,52.63541],[-70.037989,52.441403]],[[-70.037989,52.441403],[-70.186487,52.205114]],[[-70.186487,52.205114],[-70.595739,52.162001]],[[-70.595739,52.162001],[-70.860914,52.354764]],[[-70.860914,52.354764],[-71.27105,52.309164]],[[-71.411592,52.071216],[-71.27105,52.309164]],[[-71.145534,51.880112],[-71.411592,52.071216]],[[-70.30228,52.63541],[-70.152898,52.872529]],[[-67.141402,52.698835],[-67.555958,52.666501]],[[-66.973458,52.930979],[-67.141402,52.698835]],[[-66.555367,52.961241],[-66.873576,52.938441]],[[-66.873576,52.938441],[-66.884183,52.937612]],[[-66.884183,52.937612],[-66.973458,52.930979]],[[-72.750722,51.021593],[-72.87889,50.783645]],[[-72.87889,50.783645],[-73.049485,50.760845]],[[-73.152019,50.747165],[-73.272232,50.730998]],[[-72.223026,51.3097],[-72.354729,51.072167]],[[-72.354729,51.072167],[-72.750722,51.021593]],[[-73.39598,50.49305],[-73.272232,50.730998]],[[-73.87241,50.267953],[-73.905998,50.200382]],[[-73.810536,50.389414],[-73.825562,50.360396]],[[-73.825562,50.360396],[-73.826446,50.358738]],[[-73.785786,50.439159],[-73.801697,50.407239]],[[-73.905998,50.200382],[-73.63994,50.017154]],[[-73.63994,50.017154],[-73.759269,49.779621]],[[-73.759269,49.779621],[-74.102227,49.73029]],[[-74.102227,49.73029],[-74.142004,49.724487]],[[-73.39598,50.49305],[-73.604584,50.464032]],[[-73.604584,50.464032],[-73.785786,50.439159]],[[-71.823496,51.358616],[-71.687373,51.59615]],[[-71.687373,51.59615],[-71.285192,51.642993]],[[-71.823496,51.358616],[-72.223026,51.3097]],[[-71.285192,51.642993],[-71.145534,51.880112]],[[-64.357956,52.224597],[-64.537391,51.997428]],[[-64.888305,51.543503],[-65.119006,51.746214]],[[-64.537391,51.997428],[-64.308457,51.793058]],[[-64.308457,51.793058],[-64.48524,51.566717]],[[-64.48524,51.566717],[-64.888305,51.543503]],[[-65.587481,52.152052],[-65.825254,52.354349]],[[-65.119006,51.746214],[-65.524723,51.720927]],[[-65.524723,51.720927],[-65.759844,51.92281]],[[-65.759844,51.92281],[-65.587481,52.152052]],[[-63.994667,52.678108],[-63.765733,52.47208]],[[-63.765733,52.47208],[-63.948704,52.245739]],[[-63.948704,52.245739],[-64.357956,52.224597]],[[-66.480234,52.528458],[-66.237158,52.326575]],[[-66.480234,52.528458],[-66.309639,52.759358]],[[-65.825254,52.354349],[-66.237158,52.326575]],[[-66.555367,52.961241],[-66.309639,52.759358]],[[-63.393605,52.923932],[-63.809929,52.904863]],[[-63.994667,52.678108],[-63.809929,52.904863]],[[-63.393605,52.923932],[-63.166439,52.71666]],[[-62.560074,52.957924],[-62.751884,52.733242]],[[-62.751884,52.733242],[-63.166439,52.71666]],[[-57.040913,51.962606],[-57.227419,52.177754]],[[-57.740973,51.400071],[-57.740973,51.400485]],[[-57.766607,51.429918],[-57.86207,51.538528]],[[-57.86207,51.538528],[-57.652582,51.752018]],[[-57.652582,51.752018],[-57.25482,51.75036]],[[-57.6296,52.179412],[-57.227419,52.177754]],[[-57.82141,52.394146],[-58.227126,52.394146]],[[-58.227126,52.394146],[-58.422471,52.608464]],[[-57.6296,52.179412],[-57.82141,52.394146]],[[-59.040327,52.39],[-58.831724,52.606806]],[[-58.831724,52.606806],[-58.422471,52.608464]],[[-61.293425,52.565352],[-60.882405,52.575716]],[[-60.882405,52.575716],[-60.672033,52.364713]],[[-60.672033,52.364713],[-60.263665,52.373418]],[[-59.447812,52.385855],[-59.040327,52.39]],[[-61.5091,52.775525],[-61.922772,52.763089]],[[-61.922772,52.763089],[-62.143751,52.972433]],[[-61.293425,52.565352],[-61.5091,52.775525]],[[-62.560074,52.957924],[-62.143751,52.972433]],[[-59.651112,52.598515],[-60.061248,52.592297]],[[-59.447812,52.385855],[-59.651112,52.598515]],[[-60.061248,52.592297],[-60.263665,52.373418]],[[-77.015609,47.936976],[-76.711542,47.990452]],[[-76.711542,47.990452],[-76.65232,48.000816]],[[-79.555979,48.34613],[-79.193574,48.417846]],[[-79.189154,48.429453],[-79.142307,48.561278]],[[-79.142307,48.561693],[-79.107834,48.658281]],[[-79.107834,48.658281],[-78.741894,48.729168]],[[-78.741894,48.729168],[-78.490862,48.574958]],[[-78.490862,48.574958],[-78.464345,48.558376]],[[-78.464345,48.558376],[-78.496165,48.474224]],[[-78.496165,48.474224],[-78.55362,48.31877]],[[-79.193574,48.417846],[-79.189154,48.429453]],[[-78.55362,48.31877],[-78.28049,48.148393]],[[-78.28049,48.148393],[-78.369766,47.909616]],[[-78.099288,47.739239],[-77.738651,47.806395]],[[-75.080721,48.482515],[-75.056855,48.534747]],[[-75.030337,48.591954],[-75.01973,48.613925]],[[-75.053319,48.540551],[-75.033873,48.583249]],[[-74.98349,48.693517],[-74.971999,48.717561]],[[-74.487614,49.011887],[-74.111067,49.06785]],[[-73.995274,49.304969],[-74.25868,49.486539]],[[-74.25868,49.486539],[-74.142004,49.724487]],[[-74.111067,49.06785],[-73.995274,49.304969]],[[-75.530633,48.24208],[-75.556266,48.184873]],[[-75.556266,48.184873],[-75.923091,48.124764]],[[-75.923091,48.124764],[-76.186497,48.30053]],[[-76.186497,48.30053],[-76.553322,48.238349]],[[-76.65232,48.000816],[-76.553322,48.238349]],[[-75.139943,48.471322],[-75.172648,48.466348]],[[-75.081604,48.480442],[-75.087792,48.479613]],[[-74.991445,48.730826],[-74.971999,48.717561]],[[-75.236289,48.896644],[-75.00824,48.742019]],[[-75.437822,48.424064],[-75.451081,48.421992]],[[-75.366225,48.435672],[-75.411304,48.42821]],[[-75.296396,48.44645],[-75.34943,48.438159]],[[-75.188558,48.46386],[-75.214192,48.459715]],[[-75.110774,48.476297],[-75.133755,48.472566]],[[-77.283435,48.110255],[-77.646724,48.044343]],[[-77.738651,47.806395],[-77.646724,48.044343]],[[-77.283435,48.110255],[-77.106652,47.995841]],[[-77.106652,47.995841],[-77.015609,47.936976]],[[-74.75102,49.192213],[-75.126684,49.134177]],[[-75.236289,48.896644],[-75.126684,49.134177]],[[-74.75102,49.192213],[-74.487614,49.011887]]]}},{"type":"Feature","properties":{"kind":"border","from_year":1874,"to_year":1875,"a":"nova_scotia","b":"prince_edward_island"},"geometry":{"type":"MultiLineString","coordinates":[[[-63.901856,46.083138],[-63.885946,46.067386]],[[-63.16202,45.714609],[-62.81199,45.734507]],[[-63.251295,45.80498],[-63.242456,45.79586]],[[-63.207099,45.760209],[-63.197376,45.750675]],[[-63.186769,45.739067],[-63.16202,45.714609]],[[-62.81199,45.734507],[-62.789008,45.765598]]]}},{"type":"Feature","properties":{"kind":"border","from_year":1874,"to_year":1875,"a":"ontario","b":"quebec"},"geometry":{"type":"MultiLineString","coordinates":[[[-75.923888,45.360806],[-75.811843,45.410873]],[[-75.811843,45.410873],[-75.692616,45.370082]],[[-76.043834,45.401359],[-75.923888,45.360806]],[[-75.579853,45.419911],[-75.692616,45.370082]],[[-75.116077,45.436451],[-75.104586,45.462567]],[[-75.104586,45.462567],[-75.014427,45.667766]],[[-75.014427,45.667766],[-74.788145,45.70466]],[[-74.788145,45.70466],[-74.667049,45.724144]],[[-74.667049,45.724144],[-74.546836,45.637504]],[[-74.423972,45.548792],[-74.488498,45.406189]],[[-74.489382,45.406189],[-74.528274,45.31872]],[[-74.528274,45.31872],[-74.358563,45.195187]],[[-74.318786,45.166168],[-74.287849,45.143783]],[[-74.287849,45.143783],[-74.355911,44.995791]],[[-74.355911,44.995791],[-74.356795,44.992475]],[[-75.116077,45.436451],[-75.27253,45.410749]],[[-75.27253,45.410749],[-75.460804,45.378829]],[[-77.408067,46.1134],[-77.612251,46.248127]],[[-77.612251,46.248127],[-77.665286,46.282948]],[[-76.898048,45.77306],[-77.242775,45.710049]],[[-77.242775,45.710049],[-77.497342,45.879183]],[[-77.497342,45.879183],[-77.408067,46.1134]],[[-77.665286,46.282948],[-78.013548,46.217036]],[[-78.013548,46.217036],[-78.274303,46.385755]],[[-76.321736,45.660304],[-76.300522,45.664035]],[[-76.300522,45.664035],[-76.051258,45.492]],[[-76.646133,45.602683],[-76.645249,45.602683]],[[-76.898048,45.77306],[-76.646133,45.602683]],[[-79.60813,47.222303],[-79.688566,46.984355]],[[-79.688566,46.984355],[-79.418972,46.818124]],[[-79.445489,47.699443],[-79.17236,47.531967]],[[-79.17236,47.531967],[-79.225395,47.379415]],[[-79.225395,47.379415],[-79.255448,47.293605]],[[-79.255448,47.293605],[-79.60813,47.222303]],[[-79.068942,46.88901],[-79.418972,46.818124]],[[-78.885972,46.485245],[-78.621681,46.31777]],[[-78.885972,46.485245],[-78.802,46.721535]],[[-78.274303,46.385755],[-78.621681,46.31777]],[[-79.068942,46.88901],[-78.802,46.721535]],[[-79.639067,48.10611],[-79.555979,48.34613]],[[-79.362401,47.938634],[-79.627576,48.099477]]]}},{"type":"Feature","properties":{"kind":"label","from_year":1874,"to_year":1875,"jurisdiction":"arctic_islands","name":"British Arctic Islands","sovereign":"Britain","status":"unorganized","h3":"84022d9ffffffff"},"geometry":{"type":"Point","coordinates":[-84.37946,80.14781]}},{"type":"Feature","properties":{"kind":"label","from_year":1874,"to_year":1875,"jurisdiction":"british_columbia","name":"British Columbia","sovereign":"Canada","status":"province","h3":"8412aa7ffffffff"},"geometry":{"type":"Point","coordinates":[-125.27189,54.03228]}},{"type":"Feature","properties":{"kind":"label","from_year":1874,"to_year":1875,"jurisdiction":"manitoba","name":"Manitoba","sovereign":"Canada","status":"province","h3":"85271c83fffffff"},"geometry":{"type":"Point","coordinates":[-97.31006,49.7962]}},{"type":"Feature","properties":{"kind":"label","from_year":1874,"to_year":1875,"jurisdiction":"new_brunswick","name":"New Brunswick","sovereign":"Canada","status":"province","h3":"842b025ffffffff"},"geometry":{"type":"Point","coordinates":[-66.28033,46.52931]}},{"type":"Feature","properties":{"kind":"label","from_year":1874,"to_year":1875,"jurisdiction":"newfoundland","name":"Newfoundland","sovereign":"Britain","status":"colony","h3":"841b987ffffffff"},"geometry":{"type":"Point","coordinates":[-56.51042,48.97737]}},{"type":"Feature","properties":{"kind":"label","from_year":1874,"to_year":1875,"jurisdiction":"northwest_territories","name":"North-West Territories","sovereign":"Canada","status":"territory","h3":"8412441ffffffff"},"geometry":{"type":"Point","coordinates":[-106.53537,56.72917]}},{"type":"Feature","properties":{"kind":"label","from_year":1874,"to_year":1875,"jurisdiction":"nova_scotia","name":"Nova Scotia","sovereign":"Canada","status":"province","h3":"842b011ffffffff"},"geometry":{"type":"Point","coordinates":[-63.39259,45.25509]}},{"type":"Feature","properties":{"kind":"label","from_year":1874,"to_year":1875,"jurisdiction":"ontario","name":"Ontario","sovereign":"Canada","status":"province","h3":"8427653ffffffff"},"geometry":{"type":"Point","coordinates":[-82.47443,47.49261]}},{"type":"Feature","properties":{"kind":"label","from_year":1874,"to_year":1875,"jurisdiction":"prince_edward_island","name":"Prince Edward Island","sovereign":"Canada","status":"province","h3":"842b055ffffffff"},"geometry":{"type":"Point","coordinates":[-62.87475,46.27223]}},{"type":"Feature","properties":{"kind":"label","from_year":1874,"to_year":1875,"jurisdiction":"quebec","name":"Quebec","sovereign":"Canada","status":"province","h3":"840e4b5ffffffff"},"geometry":{"type":"Point","coordinates":[-70.3091,49.55966]}},{"type":"Feature","properties":{"kind":"border","from_year":1876,"to_year":1879,"a":"arctic_islands","b":"district_of_keewatin"},"geometry":{"type":"MultiLineString","coordinates":[[[-97.900737,68.475939],[-97.559546,68.415001]],[[-97.052179,68.540193],[-97.141454,68.518222]],[[-97.521537,68.424535],[-97.559546,68.415001]],[[-97.277577,68.484644],[-97.47027,68.436971]],[[-94.723948,71.834983],[-94.723065,71.834983]],[[-94.623182,71.854052],[-94.449935,71.887215]],[[-94.727484,71.835397],[-94.723948,71.834983]],[[-95.191539,71.911673],[-94.859187,71.857368]],[[-96.989421,68.555116],[-96.595195,68.482157]],[[-96.594311,68.482157],[-96.467911,68.458528]],[[-85.351805,69.873779],[-85.317332,69.864659]]]}},{"type":"Feature","properties":{"kind":"border","from_year":1876,"to_year":1879,"a":"arctic_islands","b":"northwest_territories"},"geometry":{"type":"MultiLineString","coordinates":[[[-78.826749,71.487596],[-78.641127,71.729274]],[[-78.641127,71.729274],[-77.97996,71.788554]],[[-77.939299,71.792285],[-77.865935,71.798918]],[[-77.865935,71.798918],[-77.773124,71.771143]],[[-77.720089,71.755391],[-77.289622,71.625224]],[[-77.289622,71.625224],[-77.490271,71.384789]],[[-77.490271,71.384789],[-76.928985,71.209852]],[[-79.586916,71.413807],[-80.176487,71.580453]],[[-78.826749,71.487596],[-79.586916,71.413807]],[[-76.167051,71.272862],[-76.928985,71.209852]],[[-75.619908,71.094194],[-74.858858,71.151816]],[[-74.858858,71.151816],[-74.325858,70.969002]],[[-74.034166,70.546997],[-74.260448,70.308634]],[[-76.167051,71.272862],[-75.619908,71.094194]],[[-80.934885,71.50169],[-81.091338,71.257524]],[[-81.091338,71.257524],[-81.83471,71.17503]],[[-81.977904,70.930035],[-81.83471,71.17503]],[[-81.977904,70.930035],[-82.705365,70.84381]],[[-82.705365,70.84381],[-83.301124,71.000922]],[[-80.176487,71.580453],[-80.934885,71.50169]],[[-73.566575,71.021649],[-74.325858,70.969002]],[[-84.02505,70.909722],[-84.141726,70.662654]],[[-84.141726,70.662654],[-84.850626,70.568139]],[[-83.301124,71.000922],[-84.02505,70.909722]],[[-104.575174,68.559262],[-104.647655,68.568796]],[[-104.647655,68.568796],[-104.65119,68.575843]],[[-115.421686,68.934838],[-115.592282,68.945202]],[[-115.592282,68.945202],[-115.626754,68.980852]],[[-108.398987,68.56092],[-108.150607,68.533975]],[[-107.825326,68.649632],[-108.150607,68.533975]],[[-107.181837,69.103143],[-107.310888,69.117237]],[[-106.158264,69.212997],[-106.278476,69.173615]],[[-106.158264,69.212997],[-105.87276,69.179419]],[[-107.310888,69.117237],[-107.761685,68.963027]],[[-70.139639,64.110383],[-69.771931,63.910573]],[[-69.771931,63.910573],[-69.980535,63.671382]],[[-69.980535,63.671382],[-69.619014,63.471157]],[[-68.297562,67.786968],[-67.629323,67.8164]],[[-67.629323,67.8164],[-67.228026,67.61203]],[[-67.228026,67.61203],[-67.490548,67.380301]],[[-67.490548,67.380301],[-68.147297,67.351283]],[[-68.002335,66.914354],[-68.399212,67.11748]],[[-68.399212,67.11748],[-68.147297,67.351283]],[[-68.71035,67.98885],[-68.297562,67.786968]],[[-68.71035,67.98885],[-68.453131,68.221824]],[[-68.250715,66.680551],[-68.002335,66.914354]],[[-68.888901,66.648217],[-69.127558,66.412757]],[[-69.127558,66.412757],[-69.109879,66.403637]],[[-69.101924,66.399491],[-68.7351,66.210874]],[[-68.7351,66.210874],[-68.746591,66.200096]],[[-68.758965,66.187245],[-68.971105,65.975413]],[[-68.971105,65.975413],[-69.591613,65.939763]],[[-68.250715,66.680551],[-68.888901,66.648217]],[[-69.993794,68.586622],[-69.741878,68.821253]],[[-68.874758,68.422877],[-69.558908,68.38847]],[[-69.558908,68.38847],[-69.993794,68.586622]],[[-68.874758,68.422877],[-68.453131,68.221824]],[[-70.886547,68.979194],[-70.186487,69.018576]],[[-70.186487,69.018576],[-69.741878,68.821253]],[[-69.497034,64.826299],[-69.124022,64.624831]],[[-69.124022,64.624831],[-69.343233,64.387298]],[[-69.343233,64.387298],[-69.929268,64.349574]],[[-70.139639,64.110383],[-69.929268,64.349574]],[[-69.497034,64.826299],[-69.275171,65.063833]],[[-69.654371,65.264472],[-69.275171,65.063833]],[[-68.309937,63.32814],[-68.698859,63.30534]],[[-68.698859,63.30534],[-69.051541,63.508052]],[[-67.811409,63.11009],[-68.007638,62.897429]],[[-68.080119,63.306998],[-67.980237,63.247718]],[[-67.979353,63.247718],[-67.958139,63.234868]],[[-67.930738,63.2187],[-67.880354,63.188439]],[[-69.051541,63.508052],[-69.619014,63.471157]],[[-69.43074,65.502005],[-69.817895,65.702229]],[[-69.817895,65.702229],[-69.591613,65.939763]],[[-69.654371,65.264472],[-69.43074,65.502005]],[[-73.753081,70.122919],[-73.0212,70.173908]],[[-73.0212,70.173908],[-72.527976,69.984876]],[[-72.527976,69.984876],[-72.764865,69.747757]],[[-72.764865,69.747757],[-72.283132,69.557897]],[[-74.260448,70.308634],[-73.753081,70.122919]],[[-71.343531,69.1732],[-70.886547,68.979194]],[[-73.289026,70.5984],[-73.048602,70.835104]],[[-73.566575,71.021649],[-73.048602,70.835104]],[[-73.289026,70.5984],[-74.034166,70.546997]],[[-71.098687,69.409076],[-71.567161,69.602667]],[[-71.343531,69.1732],[-71.098687,69.409076]],[[-71.567161,69.602667],[-72.283132,69.557897]],[[-65.233031,61.876409],[-65.199442,61.853609]],[[-65.173809,61.835784],[-65.089837,61.778577]],[[-66.683535,62.072488],[-66.19031,62.096117]],[[-66.16998,62.096946],[-66.140811,62.09819]],[[-66.140811,62.09819],[-66.131972,62.092801]],[[-67.669983,62.69223],[-67.115769,62.721663]],[[-67.115769,62.721663],[-66.786069,62.514806]],[[-66.786069,62.514806],[-67.007931,62.27976]],[[-67.007931,62.27976],[-66.683535,62.072488]],[[-68.007638,62.897429],[-67.669983,62.69223]],[[-84.955811,70.320242],[-84.850626,70.568139]],[[-84.367124,70.16769],[-84.955811,70.320242]],[[-84.436954,70.008505],[-84.367124,70.16769]],[[-95.871269,69.363061],[-95.888948,69.576966]],[[-113.928755,68.422877],[-113.907541,68.398004]],[[-114.078136,68.643829],[-114.108189,68.630563]]]}},{"type":"Feature","properties":{"kind":"border","from_year":1876,"to_year":1879,"a":"british_columbia","b":"northwest_territories"},"geometry":{"type":"MultiLineString","coordinates":[[[-119.809437,58.635095],[-120.000362,58.651262]],[[-120.000362,58.651262],[-120.242555,58.671575]],[[-120.242555,58.671575],[-120.422873,58.892526]],[[-120.422873,58.892526],[-120.167422,59.078656]],[[-119.634422,58.4129],[-119.809437,58.635095]],[[-120.167422,59.078656],[-120.349508,59.300022]],[[-120.349508,59.300022],[-120.090522,59.486567]],[[-119.888105,58.228843],[-119.713974,58.007062]],[[-119.713974,58.007062],[-119.964122,57.823419]],[[-119.634422,58.4129],[-119.888105,58.228843]],[[-119.792642,57.602468],[-119.964122,57.823419]],[[-120.011853,59.895721],[-120.198359,60.117916]],[[-120.911678,59.962048],[-120.650923,60.15108]],[[-120.650923,60.15108],[-120.198359,60.117916]],[[-120.011853,59.895721],[-120.27526,59.708348]],[[-120.090522,59.486567],[-120.27526,59.708348]],[[-121.61439,59.803693],[-121.360706,59.993139]],[[-121.360706,59.993139],[-120.911678,59.962048]],[[-122.059883,59.832296],[-121.61439,59.803693]],[[-120.086102,55.994869],[-120.251394,56.214162]],[[-120.251394,56.214162],[-120.015389,56.394903]],[[-120.086102,55.994869],[-120.319455,55.814957]],[[-120.155047,55.596078],[-120.319455,55.814957]],[[-120.182449,56.614611],[-120.000362,56.753068]],[[-120.015389,56.394903],[-120.182449,56.614611]],[[-120.000362,56.753068],[-119.942908,56.796181]],[[-120.384865,55.416995],[-120.222225,55.198946]],[[-120.155047,55.596078],[-120.384865,55.416995]],[[-119.674198,54.939441],[-119.833303,55.15832]],[[-120.222225,55.198946],[-119.833303,55.15832]],[[-119.674198,54.939441],[-119.903132,54.762431]],[[-119.746679,54.543967],[-119.903132,54.762431]],[[-120.039255,57.419654],[-120.000362,57.369494]],[[-120.000362,57.100456],[-120.111736,57.016303]],[[-120.000362,57.369494],[-119.868659,57.198702]],[[-119.868659,57.198702],[-120.000362,57.100456]],[[-119.942908,56.796181],[-120.000362,56.871213]],[[-120.000362,56.871213],[-120.111736,57.016303]],[[-119.792642,57.602468],[-120.000362,57.448258]],[[-120.000362,57.448258],[-120.039255,57.419654]],[[-123.599661,60.122891],[-124.045154,60.144447]],[[-122.257879,60.049931],[-122.706024,60.075633]],[[-125.601727,60.004332],[-125.378097,60.198752]],[[-125.378097,60.198752],[-124.934372,60.182171]],[[-124.934372,60.182171],[-124.750518,60.000186]],[[-124.750518,60.000186],[-124.720465,59.970754]],[[-124.720465,59.970754],[-124.278508,59.95127]],[[-126.041033,60.018841],[-125.601727,60.004332]],[[-124.045154,60.144447],[-124.278508,59.95127]],[[-126.041033,60.018841],[-126.262895,60.227356]],[[-123.392825,59.908572],[-122.9491,59.884529]],[[-122.706024,60.075633],[-122.9491,59.884529]],[[-123.392825,59.908572],[-123.599661,60.122891]],[[-116.917269,51.763625],[-116.5584,51.708905]],[[-116.5584,51.708905],[-116.430232,51.487954]],[[-116.430232,51.487954],[-116.073131,51.431576]],[[-116.073131,51.431576],[-115.948499,51.21021]],[[-116.917269,51.763625],[-117.048972,51.984162]],[[-117.409609,52.036809],[-117.048972,51.984162]],[[-115.472069,50.929979],[-115.594049,51.152174]],[[-115.948499,51.21021],[-115.594049,51.152174]],[[-115.472069,50.929979],[-115.702771,50.767478]],[[-115.232528,50.486832],[-115.581675,50.546526]],[[-115.581675,50.546526],[-115.702771,50.767478]],[[-117.907253,52.307506],[-118.045144,52.526799]],[[-117.543964,52.256517],[-117.907253,52.307506]],[[-117.409609,52.036809],[-117.543964,52.256517]],[[-118.4102,52.575716],[-118.045144,52.526799]],[[-114.316793,49.31782],[-114.428166,49.538771]],[[-114.543959,49.160708],[-114.463523,49.001109]],[[-114.768473,49.601782],[-114.499764,49.552451]],[[-114.499764,49.552451],[-114.428166,49.538771]],[[-114.316793,49.31782],[-114.543959,49.160708]],[[-115.114968,50.265466],[-114.768473,50.203699]],[[-114.768473,50.203699],[-114.653565,49.981918]],[[-114.653565,49.981918],[-114.719858,49.936318]],[[-114.719858,49.936318],[-114.883382,49.822733]],[[-114.768473,49.601782],[-114.883382,49.822733]],[[-115.114968,50.265466],[-115.232528,50.486832]],[[-120.105548,53.581812],[-119.952631,53.365421]],[[-119.952631,53.365421],[-119.582271,53.322308]],[[-119.582271,53.322308],[-119.432889,53.104673]],[[-119.885453,53.756749],[-120.105548,53.581812]],[[-120.039255,53.97397],[-120.000362,53.918836]],[[-120.000362,53.918836],[-119.885453,53.756749]],[[-119.064297,53.059488],[-118.840667,53.231938]],[[-118.840667,53.231938],[-118.470307,53.185094]],[[-118.470307,53.185094],[-118.327113,52.965801]],[[-118.327113,52.965801],[-118.552511,52.794594]],[[-118.4102,52.575716],[-118.552511,52.794594]],[[-119.432889,53.104673],[-119.064297,53.059488]],[[-120.000362,54.005061],[-120.039255,53.97397]],[[-119.972077,54.367372],[-119.816508,54.149736]],[[-119.816508,54.149736],[-120.000362,54.005061]],[[-119.746679,54.543967],[-119.972077,54.367372]],[[-130.79826,60.083924],[-131.223422,60.081437]],[[-134.564619,60.013866],[-134.413469,60.214505]],[[-134.413469,60.214505],[-133.998029,60.226941]],[[-133.998029,60.226941],[-133.739043,60.038324]],[[-133.739043,60.038324],[-133.323603,60.048688]],[[-133.323603,60.048688],[-133.069036,59.858412]],[[-134.974755,59.999772],[-134.564619,60.013866]],[[-134.974755,59.999772],[-134.986246,60.008477]],[[-134.986246,60.008477],[-135.239045,60.185072]],[[-132.653596,59.866703],[-132.543107,60.000186]],[[-132.543107,60.000186],[-132.488304,60.065684]],[[-132.488304,60.065684],[-132.068445,60.072317]],[[-132.068445,60.072317],[-131.818297,59.878725]],[[-131.818297,59.878725],[-131.399321,59.88287]],[[-133.069036,59.858412],[-132.653596,59.866703]],[[-131.223422,60.081437],[-131.295019,60.000186]],[[-131.295019,60.000186],[-131.399321,59.88287]],[[-128.142097,60.000186],[-127.990948,59.866289]],[[-128.850112,59.878725],[-128.653884,60.076048]],[[-128.653884,60.076048],[-128.221649,60.069829]],[[-128.221649,60.069829],[-128.142097,60.000186]],[[-127.990948,59.866289],[-127.558714,59.857998]],[[-129.278811,59.88287],[-128.850112,59.878725]],[[-129.5157,60.083095],[-129.944398,60.084753]],[[-129.278811,59.88287],[-129.5157,60.083095]],[[-126.703085,60.239378],[-126.916108,60.043713]],[[-126.916108,60.043713],[-127.352762,60.054077]],[[-126.703085,60.239378],[-126.262895,60.227356]],[[-127.352762,60.054077],[-127.558714,59.857998]],[[-130.555183,59.887016],[-130.130904,59.887016]],[[-130.555183,59.887016],[-130.79826,60.083924]],[[-129.944398,60.084753],[-130.024835,60.000186]],[[-130.024835,60.000186],[-130.130904,59.887016]],[[-137.395796,59.890332],[-136.997151,59.911474]],[[-137.668926,60.068586],[-138.067571,60.045371]],[[-136.939696,60.000186],[-136.997151,59.911474]],[[-137.395796,59.890332],[-137.668926,60.068586]],[[-136.866331,60.112113],[-136.939696,60.000186]],[[-138.187783,59.844732],[-138.581125,59.820274]],[[-138.067571,60.045371],[-138.187783,59.844732]],[[-136.193673,59.950441],[-136.462383,60.132011]],[[-135.648298,60.168491],[-135.78884,59.967852]],[[-135.78884,59.967852],[-136.193673,59.950441]],[[-135.648298,60.168491],[-135.239045,60.185072]],[[-136.866331,60.112113],[-136.462383,60.132011]]]}},{"type":"Feature","properties":{"kind":"border","from_year":1876,"to_year":1879,"a":"district_of_keewatin","b":"manitoba"},"geometry":{"type":"MultiLineString","coordinates":[[[-96.512991,50.712343],[-96.544812,50.723536]],[[-96.3751,50.620315],[-96.375984,50.623217]],[[-96.023302,50.2978],[-96.36361,50.419676]],[[-96.36361,50.419676],[-96.3751,50.620315]],[[-97.113169,50.38444],[-97.354477,50.290753]],[[-97.354477,50.290753],[-97.460547,50.327647]],[[-97.460547,50.327647],[-97.697436,50.408483]],[[-97.049527,50.660525],[-97.031849,50.416359]],[[-97.031849,50.416359],[-97.113169,50.38444]],[[-97.697436,50.408483],[-98.014761,50.282877]],[[-98.017413,50.281633],[-98.063377,50.297386]],[[-96.990305,50.68374],[-97.049527,50.660525]],[[-95.987062,49.565717],[-96.322066,49.687592]],[[-96.322066,49.687592],[-96.335324,49.931344]],[[-96.335324,49.931344],[-96.010928,50.053634]],[[-95.979991,49.413994],[-95.987062,49.565717]],[[-95.975571,49.322794],[-95.979991,49.413994]],[[-95.975571,49.322794],[-96.294664,49.201748]],[[-96.010928,50.053634],[-96.023302,50.2978]],[[-96.283173,49.00028],[-96.294664,49.201748]]]}},{"type":"Feature","properties":{"kind":"border","from_year":1876,"to_year":1879,"a":"district_of_keewatin","b":"northwest_territories"},"geometry":{"type":"MultiLineString","coordinates":[[[-100.335037,67.835884],[-100.296144,67.686648]],[[-90.891296,55.957974],[-90.869198,56.211675]],[[-91.253701,56.350961],[-90.869198,56.211675]],[[-90.891296,55.957974],[-91.291709,55.84356]],[[-91.310271,55.590274],[-91.291709,55.84356]],[[-90.933724,55.451402],[-91.310271,55.590274]],[[-91.253701,56.350961],[-91.234255,56.604662]],[[-91.234255,56.604662],[-90.825002,56.719905]],[[-90.954938,55.198116],[-90.58281,55.058415]],[[-90.58281,55.058415],[-90.605792,54.805544]],[[-90.605792,54.805544],[-90.995598,54.692788]],[[-90.651755,54.301045],[-91.015928,54.440746]],[[-91.015928,54.440746],[-90.995598,54.692788]],[[-90.954938,55.198116],[-90.933724,55.451402]],[[-90.802021,56.97402],[-91.194479,57.113307]],[[-91.194479,57.113307],[-91.183872,57.240986]],[[-90.825002,56.719905],[-90.802021,56.97402]],[[-99.821482,58.44938],[-100.252833,58.557161]],[[-100.252833,58.557161],[-100.29968,58.808374]],[[-100.29968,58.808374],[-99.90899,58.952221]],[[-99.779054,58.198166],[-99.821482,58.44938]],[[-99.90899,58.952221],[-99.953186,59.203434]],[[-100.161789,58.055563],[-100.11671,57.804765]],[[-99.779054,58.198166],[-100.161789,58.055563]],[[-99.654423,57.445356],[-99.695083,57.696154]],[[-100.11671,57.804765],[-99.695083,57.696154]],[[-99.654423,57.445356],[-100.029202,57.303582]],[[-99.986774,57.053198],[-100.029202,57.303582]],[[-100.062791,59.802449],[-100.064559,59.812398]],[[-100.09196,59.958317],[-100.016827,59.985263]],[[-100.07605,59.872507],[-100.09196,59.958317]],[[-100.045113,59.706689],[-100.047764,59.722857]],[[-99.878053,60.034593],[-99.830321,60.051589]],[[-99.699502,60.180098],[-99.70569,60.212432]],[[-99.687127,60.108796],[-99.689779,60.122062]],[[-100.443758,59.561599],[-100.395143,59.310386]],[[-100.395143,59.310386],[-99.953186,59.203434]],[[-100.045113,59.706689],[-100.443758,59.561599]],[[-99.821482,60.858705],[-99.86833,61.110748]],[[-99.581058,62.012794],[-99.627905,62.264836]],[[-91.130837,52.933052],[-91.112275,53.183436]],[[-91.112275,53.183436],[-90.738379,53.294948]],[[-90.779923,52.793765],[-91.130837,52.933052]],[[-90.801137,52.543796],[-90.779923,52.793765]],[[-90.738379,53.294948],[-90.717165,53.546161]],[[-90.673853,54.049002],[-90.651755,54.301045]],[[-86.435484,66.054177],[-86.507965,65.800476]],[[-86.507965,65.800476],[-86.481447,65.7926]],[[-86.020928,65.614346],[-86.085454,65.395467]],[[-86.085454,65.395467],[-86.122578,65.388835]],[[-86.011205,65.647095],[-86.020044,65.618077]],[[-85.89718,66.148692],[-86.435484,66.054177]],[[-86.429296,67.971439],[-86.492938,67.76624]],[[-99.934623,66.18683],[-99.992078,66.437215]],[[-99.992078,66.437215],[-99.482943,66.585207]],[[-99.934623,66.18683],[-100.432267,66.037595]],[[-99.822366,65.685233],[-100.371277,65.787211]],[[-100.371277,65.787211],[-100.432267,66.037595]],[[-99.482943,66.585207],[-99.536862,66.835591]],[[-100.109638,66.937568],[-99.536862,66.835591]],[[-99.648235,67.335944],[-99.70569,67.585914]],[[-100.296144,67.686648],[-99.70569,67.585914]],[[-99.648235,67.335944],[-100.170628,67.187538]],[[-100.109638,66.937568],[-100.125549,67.000164]],[[-100.125549,67.000164],[-100.170628,67.187538]],[[-83.880088,69.767655],[-83.602538,69.804964]],[[-82.676196,69.705474],[-82.647911,69.697183]],[[-82.244846,69.244087],[-82.349148,69.040961]],[[-81.939896,68.630149],[-81.574839,68.517393]],[[-81.685328,67.734735],[-81.799353,67.719397]],[[-81.939896,68.630149],[-81.80996,68.87846]],[[-82.349148,69.040961],[-81.901003,68.906234]],[[-81.873602,68.897944],[-81.80996,68.87846]],[[-85.804369,68.073002],[-85.717745,68.324216]],[[-86.376262,67.980145],[-86.429296,67.971439]],[[-85.755754,68.334579],[-85.717745,68.324216]],[[-85.804369,68.073002],[-85.869779,68.062639]],[[-82.605483,69.702987],[-82.647911,69.697183]],[[-82.134357,69.300051],[-82.20949,69.290516]],[[-81.54125,69.373839],[-81.695935,69.35477]],[[-81.54567,67.054884],[-81.454627,67.024622]],[[-83.89865,66.004017],[-84.158521,65.962562]],[[-84.999123,66.062467],[-85.048622,66.054177]],[[-81.420154,67.304854],[-81.923101,67.469842]],[[-81.923101,67.469842],[-81.799353,67.719397]],[[-81.54567,67.054884],[-81.420154,67.304854]],[[-90.924885,69.519759],[-90.92842,69.493228]],[[-90.929304,69.48701],[-90.946099,69.362232]],[[-90.947866,69.349796],[-90.947866,69.348552]],[[-90.947866,69.348552],[-90.815279,69.319534]],[[-90.783458,69.312487],[-90.731307,69.300465]],[[-90.68888,69.291345],[-90.498838,69.248647]],[[-95.870385,69.584842],[-95.780226,69.605155]],[[-95.771387,69.607227],[-95.721004,69.61842]],[[-95.396607,69.689721],[-95.278163,69.715838]],[[-95.278163,69.715838],[-94.71069,69.609714]],[[-100.223663,56.162759],[-100.181235,55.913204]],[[-100.05572,55.166611],[-100.097264,55.415337]],[[-100.097264,55.415337],[-99.74193,55.555038]],[[-99.665029,55.057172],[-100.05572,55.166611]],[[-99.627021,54.808446],[-99.665029,55.057172]],[[-99.627021,54.808446],[-99.975283,54.670403]],[[-99.74193,55.555038],[-99.780822,55.804179]],[[-100.181235,55.913204],[-99.780822,55.804179]],[[-100.355367,56.911424],[-100.311171,56.661454]],[[-99.986774,57.053198],[-100.355367,56.911424]],[[-99.861258,56.303289],[-99.902802,56.553259]],[[-100.311171,56.661454],[-99.902802,56.553259]],[[-99.861258,56.303289],[-100.223663,56.162759]],[[-100.236922,60.713615],[-100.187423,60.461573]],[[-100.187423,60.461573],[-99.755189,60.360424]],[[-100.336804,61.216871],[-99.86833,61.110748]],[[-99.821482,60.858705],[-100.236922,60.713615]],[[-100.013292,61.866875],[-99.964676,61.614832]],[[-99.964676,61.614832],[-100.388071,61.468499]],[[-100.336804,61.216871],[-100.388071,61.468499]],[[-100.114058,62.370959],[-99.627905,62.264836]],[[-99.581058,62.012794],[-100.013292,61.866875]],[[-100.436687,63.881141],[-100.494141,64.132354]],[[-100.494141,64.132354],[-100.030086,64.28076]],[[-99.924016,63.777505],[-100.436687,63.881141]],[[-99.872749,63.525462],[-99.924016,63.777505]],[[-99.872749,63.525462],[-100.325313,63.377885]],[[-100.030086,64.28076],[-100.084889,64.532388]],[[-100.084889,64.532388],[-99.611995,64.679551]],[[-100.271395,63.126257],[-99.772867,63.021378]],[[-99.772867,63.021378],[-99.723368,62.769335]],[[-99.723368,62.769335],[-100.165325,62.623002]],[[-100.114058,62.370959],[-100.165325,62.623002]],[[-100.271395,63.126257],[-100.325313,63.377885]],[[-99.663262,64.931179],[-100.196262,65.034815]],[[-100.196262,65.034815],[-100.253716,65.285613]],[[-100.253716,65.285613],[-99.768447,65.43402]],[[-99.611995,64.679551],[-99.663262,64.931179]],[[-99.768447,65.43402],[-99.822366,65.685233]],[[-99.672985,51.756163],[-99.557192,51.720513]],[[-99.505041,51.502048],[-99.500621,51.468885]],[[-99.514764,51.576252],[-99.512996,51.558012]],[[-99.826786,51.803836],[-99.719832,51.771087]],[[-99.692431,52.465032],[-99.638512,52.448451]],[[-99.638512,52.448451],[-99.603155,52.203041]],[[-99.603155,52.203041],[-99.848884,52.101893]],[[-99.875401,52.520167],[-99.850652,52.512705]],[[-99.010933,51.079214],[-99.114351,51.112378]],[[-99.114351,51.112378],[-99.145288,51.356544]],[[-98.858016,51.029884],[-98.968505,51.065949]],[[-99.00121,51.076312],[-99.010933,51.079214]],[[-98.763437,50.999207],[-98.79349,51.009156]],[[-98.751062,50.898059],[-98.757249,50.945317]],[[-98.758133,50.954437],[-98.763437,50.999207]],[[-99.500621,51.468885],[-99.145288,51.356544]],[[-91.167961,52.432698],[-91.185639,52.183558]],[[-90.801137,52.543796],[-91.167961,52.432698]],[[-91.055704,53.937076],[-91.074266,53.685448]],[[-91.074266,53.685448],[-90.717165,53.546161]],[[-90.673853,54.049002],[-91.055704,53.937076]],[[-90.918697,51.051025],[-90.899251,51.298922]],[[-91.23779,51.436965],[-90.899251,51.298922]],[[-90.861243,51.795545],[-90.840913,52.044686]],[[-91.185639,52.183558],[-90.840913,52.044686]],[[-90.861243,51.795545],[-91.220996,51.685277]],[[-91.23779,51.436965],[-91.220996,51.685277]],[[-99.736627,53.12084],[-99.710109,52.940099]],[[-99.710109,52.940099],[-99.764912,52.917714]],[[-99.908106,53.234425],[-99.819714,53.208309]],[[-100.098148,53.567718],[-99.820598,53.680059]],[[-100.128201,53.356301],[-100.130852,53.371224]],[[-100.156486,53.531652],[-100.158254,53.542845]],[[-100.158254,53.542845],[-100.138808,53.550721]],[[-100.280234,54.283634],[-99.936391,54.422091]],[[-99.858607,53.927127],[-100.23869,54.036566]],[[-100.23869,54.036566],[-100.280234,54.283634]],[[-99.820598,53.680059],[-99.858607,53.927127]],[[-99.936391,54.422091],[-99.975283,54.670403]]]}},{"type":"Feature","properties":{"kind":"border","from_year":1876,"to_year":1879,"a":"district_of_keewatin","b":"ontario"},"geometry":{"type":"MultiLineString","coordinates":[[[-91.113158,48.351519],[-91.126417,48.162073]],[[-91.062775,49.082359],[-91.07957,48.838193]],[[-90.839145,48.734143],[-90.763128,48.700979]],[[-90.763128,48.700979],[-90.781691,48.457642]],[[-90.955822,50.556061],[-91.288173,50.694103]],[[-91.288173,50.694103],[-91.271379,50.941171]],[[-91.271379,50.941171],[-90.918697,51.051025]],[[-90.646452,50.17095],[-90.974384,50.309407]],[[-90.974384,50.309407],[-90.955822,50.556061]],[[-90.665898,49.924711],[-90.646452,50.17095]],[[-91.010624,49.817344],[-91.028303,49.571935]],[[-91.028303,49.571935],[-90.705674,49.433892]],[[-90.705674,49.433892],[-90.72512,49.189311]],[[-90.72512,49.189311],[-91.062775,49.082359]],[[-90.665898,49.924711],[-91.010624,49.817344]]]}},{"type":"Feature","properties":{"kind":"border","from_year":1876,"to_year":1879,"a":"manitoba","b":"northwest_territories"},"geometry":{"type":"MultiLineString","coordinates":[[[-99.337097,50.2522],[-99.023308,50.382367]],[[-98.964085,49.897766],[-99.305276,50.010107]],[[-98.934916,49.655672],[-98.964085,49.897766]],[[-98.934916,49.655672],[-99.097557,49.588102]],[[-99.023308,50.382367],[-99.053361,50.625289]],[[-99.053361,50.625289],[-98.745759,50.75131]],[[-99.213349,49.286314],[-98.877462,49.173559]],[[-98.877462,49.173559],[-98.857132,49.00028]],[[-99.213349,49.286314],[-99.243402,49.527164]]]}},{"type":"Feature","properties":{"kind":"border","from_year":1876,"to_year":1879,"a":"new_brunswick","b":"nova_scotia"},"geometry":{"type":"MultiLineString","coordinates":[[[-63.901856,46.083138],[-64.116647,46.069044]],[[-64.116647,46.069044],[-64.255422,46.059924]],[[-64.410991,45.841874],[-64.255422,46.059924]],[[-64.410991,45.841874],[-64.513525,45.834827]],[[-64.570095,45.830681],[-64.762789,45.817001]],[[-64.808752,45.497389],[-64.715941,45.406604]],[[-64.715941,45.406604],[-64.76986,45.328255]],[[-64.909518,45.60517],[-64.887421,45.63709]]]}},{"type":"Feature","properties":{"kind":"border","from_year":1876,"to_year":1879,"a":"new_brunswick","b":"prince_edward_island"},"geometry":{"type":"MultiLineString","coordinates":[[[-63.850589,46.154025],[-63.901856,46.083138]],[[-64.104273,46.48566],[-63.941632,46.496023]],[[-63.941632,46.496023],[-63.933677,46.487733]],[[-63.916883,46.471151],[-63.869151,46.424722]],[[-63.838214,46.393631],[-63.834679,46.390315]],[[-63.783412,46.339326],[-63.744519,46.300359]],[[-63.744519,46.300359],[-63.745403,46.298701]]]}},{"type":"Feature","properties":{"kind":"border","from_year":1876,"to_year":1879,"a":"new_brunswick","b":"quebec"},"geometry":{"type":"MultiLineString","coordinates":[[[-68.467274,47.388121],[-68.326731,47.614876]],[[-68.553013,47.805566],[-68.383302,47.662963]],[[-68.383302,47.662963],[-68.326731,47.614876]],[[-68.467274,47.388121],[-68.778411,47.356201]],[[-68.778411,47.356201],[-68.83233,47.350812]],[[-68.924257,47.197845],[-68.837634,47.341692]],[[-68.837634,47.341692],[-68.83233,47.350812]],[[-67.814945,47.877282],[-67.445469,47.911689]],[[-67.445469,47.911689],[-67.223606,47.718926]],[[-68.553013,47.805566],[-68.469925,47.939463]],[[-68.469925,47.939463],[-68.411587,48.033565]],[[-68.411587,48.033565],[-68.040343,48.06963]],[[-68.040343,48.06963],[-67.959023,47.999987]],[[-67.959023,47.999987],[-67.814945,47.877282]],[[-66.704748,47.975943],[-66.855014,47.750846]],[[-66.855014,47.750846],[-67.223606,47.718926]],[[-66.579233,47.986721],[-66.633151,47.982161]],[[-66.633151,47.982161],[-66.704748,47.975943]],[[-66.117829,47.811784],[-65.911877,47.827951]],[[-65.781058,47.8379],[-65.749237,47.840387]],[[-66.330853,48.003303],[-66.117829,47.811784]],[[-65.318771,48.084139],[-65.536214,48.068386]],[[-65.749237,47.840387],[-65.747469,47.84246]],[[-65.222424,48.090772],[-65.170273,48.04227]]]}},{"type":"Feature","properties":{"kind":"border","from_year":1876,"to_year":1879,"a":"newfoundland","b":"northwest_territories"},"geometry":{"type":"MultiLineString","coordinates":[[[-63.085119,56.663113],[-62.835855,56.450866]],[[-63.126663,57.102943],[-62.91364,57.330942]],[[-62.873864,56.890697],[-63.126663,57.102943]],[[-62.377988,56.464546],[-62.835855,56.450866]],[[-63.085119,56.663113],[-62.873864,56.890697]],[[-63.641101,57.527435],[-63.169091,57.543602]],[[-63.169091,57.543602],[-62.91364,57.330942]],[[-61.657598,55.824077],[-62.106626,55.81247]],[[-62.106626,55.81247],[-62.346167,56.025545]],[[-62.346167,56.025545],[-62.134911,56.251471]],[[-61.657598,55.824077],[-61.42336,55.610173]],[[-61.42336,55.610173],[-61.634616,55.386319]],[[-62.377988,56.464546],[-62.134911,56.251471]],[[-64.981999,60.141131],[-64.964321,60.127865]],[[-64.949295,60.117087],[-64.692959,59.930128]],[[-64.692959,59.930128],[-64.911286,59.698399]],[[-64.547998,60.380737],[-64.728316,60.37369]],[[-64.436624,60.384882],[-64.508221,60.381981]],[[-63.903624,57.739267],[-63.641101,57.527435]],[[-64.068032,59.064147],[-64.56214,59.045078]],[[-64.56214,59.045078],[-64.843225,59.256081]],[[-64.843225,59.256081],[-64.626666,59.487396]],[[-64.068032,59.064147],[-64.023836,59.030155]],[[-64.014997,59.023522],[-63.878874,58.917814]],[[-63.87799,58.916984],[-63.794903,58.851901]],[[-63.794903,58.851901],[-64.012345,58.622244]],[[-64.911286,59.698399],[-64.626666,59.487396]],[[-63.691485,57.968509],[-63.957543,58.180341]],[[-63.957543,58.180341],[-63.741868,58.409998]],[[-63.903624,57.739267],[-63.691485,57.968509]],[[-64.012345,58.622244],[-63.741868,58.409998]],[[-56.423941,52.169878],[-56.607795,52.385855]],[[-56.607795,52.385855],[-56.415986,52.570326]],[[-56.411566,52.574472],[-56.387701,52.597272]],[[-56.423941,52.169878],[-56.641384,51.958875]],[[-56.641384,51.958875],[-57.040913,51.962606]],[[-56.387701,52.597272],[-56.573323,52.814078]],[[-56.980807,52.818638],[-56.573323,52.814078]],[[-57.25482,51.75036],[-57.11693,51.590761]],[[-57.11693,51.590761],[-57.070082,51.536041]],[[-57.070082,51.536041],[-57.194714,51.410849]],[[-56.94987,53.248105],[-57.142563,53.465325]],[[-57.558887,53.468642],[-57.306087,53.466984]],[[-57.289293,53.466569],[-57.142563,53.465325]],[[-56.94987,53.248105],[-57.171733,53.03503]],[[-56.980807,52.818638],[-57.171733,53.03503]],[[-57.558887,53.468642],[-57.756,53.685448]],[[-60.714461,54.096675],[-60.286647,54.104137]],[[-60.286647,54.104137],[-60.071855,53.890232]],[[-60.70297,53.662234],[-60.921297,53.874894]],[[-60.921297,53.874894],[-60.714461,54.096675]],[[-60.071855,53.890232],[-59.647577,53.895621]],[[-60.70297,53.662234],[-60.908038,53.440867]],[[-60.275156,53.236912],[-60.692363,53.228621]],[[-60.692363,53.228621],[-60.908038,53.440867]],[[-60.725068,54.531945],[-60.292834,54.538993]],[[-60.292834,54.538993],[-60.075391,54.324674]],[[-60.075391,54.324674],[-59.645809,54.329648]],[[-59.645809,54.329648],[-59.433669,54.1145]],[[-59.433669,54.1145],[-59.508802,54.037395]],[[-59.5309,54.014595],[-59.647577,53.895621]],[[-58.174975,53.686277],[-58.392418,53.4703]],[[-58.392418,53.4703],[-58.81051,53.469056]],[[-58.174975,53.686277],[-57.756,53.685448]],[[-58.81051,53.469056],[-59.024417,53.251836]],[[-59.024417,53.251836],[-59.440741,53.248519]],[[-60.064784,53.023837],[-59.649344,53.030055]],[[-59.440741,53.248519],[-59.649344,53.030055]],[[-60.064784,53.023837],[-60.275156,53.236912]],[[-61.40303,55.172829],[-60.962841,55.181949]],[[-60.962841,55.181949],[-60.736559,54.968045]],[[-60.736559,54.968045],[-60.948698,54.745435]],[[-60.725068,54.531945],[-60.948698,54.745435]],[[-61.40303,55.172829],[-61.634616,55.386319]]]}},{"type":"Feature","properties":{"kind":"border","from_year":1876,"to_year":1879,"a":"newfoundland","b":"quebec"},"geometry":{"type":"MultiLineString","coordinates":[[[-57.040913,51.962606],[-57.107207,51.897108]],[[-57.107207,51.897108],[-57.25482,51.75036]]]}},{"type":"Feature","properties":{"kind":"border","from_year":1876,"to_year":1879,"a":"northwest_territories","b":"ontario"},"geometry":{"type":"MultiLineString","coordinates":[[[-83.16942,51.219744],[-83.54862,51.133105]],[[-83.54862,51.133105],[-83.862409,51.292704]],[[-83.862409,51.292704],[-84.240725,51.204406]],[[-84.240725,51.204406],[-84.55805,51.361933]],[[-79.753976,48.754455],[-79.83618,48.513606]],[[-79.788448,49.648625],[-79.51797,49.489441]],[[-79.51797,49.432648],[-79.586032,49.237398]],[[-79.501176,49.479492],[-79.51797,49.432648]],[[-79.51797,49.489441],[-79.501176,49.479492]],[[-79.586032,49.237398],[-79.51797,49.196773]],[[-79.517087,48.801713],[-79.753976,48.754455]],[[-79.51797,49.196773],[-79.302295,49.068679]],[[-79.302295,49.068679],[-79.323509,49.009399]],[[-79.323509,49.009399],[-79.357982,48.912396]],[[-79.388035,48.827415],[-79.517087,48.801713]],[[-81.103713,50.975164],[-81.023277,51.220573]],[[-81.023277,51.220573],[-80.63789,51.298922]],[[-80.63789,51.298922],[-80.593694,51.274464]],[[-80.593694,51.274464],[-80.335591,51.130618]],[[-81.103713,50.975164],[-81.48468,50.895572]],[[-81.48468,50.895572],[-81.78963,51.06056]],[[-79.950205,51.206479],[-80.335591,51.130618]],[[-79.950205,51.206479],[-79.924571,51.192385]],[[-79.909544,51.184094],[-79.650558,51.036516]],[[-79.650558,51.036516],[-79.738065,50.791936]],[[-79.531229,50.377807],[-79.239537,50.20743]],[[-79.239537,50.20743],[-79.327929,49.964507]],[[-79.327929,49.964507],[-79.703592,49.891133]],[[-79.788448,49.648625],[-79.703592,49.891133]],[[-79.531229,50.377807],[-79.442838,50.621558]],[[-79.738065,50.791936],[-79.442838,50.621558]],[[-82.858283,51.058072],[-82.479083,51.142225]],[[-82.479083,51.142225],[-82.170597,50.978895]],[[-83.16942,51.219744],[-82.858283,51.058072]],[[-81.78963,51.06056],[-82.170597,50.978895]],[[-86.050981,50.99216],[-85.680621,51.086261]],[[-85.680621,51.086261],[-85.361528,50.931637]],[[-86.547741,51.099112],[-86.372726,51.144712]],[[-86.372726,51.144712],[-86.050981,50.99216]],[[-86.742202,51.048538],[-86.547741,51.099112]],[[-84.933713,51.271148],[-84.9894,51.023665]],[[-84.9894,51.023665],[-85.361528,50.931637]],[[-84.55805,51.361933],[-84.933713,51.271148]],[[-87.066599,51.199017],[-87.433423,51.100356]],[[-87.433423,51.100356],[-87.760471,51.249177]],[[-87.066599,51.199017],[-86.742202,51.048538]],[[-87.760471,51.249177],[-88.126412,51.148443]],[[-88.126412,51.148443],[-88.455228,51.294777]],[[-90.918697,51.051025],[-90.584578,50.911739]],[[-90.229244,51.01952],[-90.584578,50.911739]],[[-90.229244,51.01952],[-89.897776,50.878575]],[[-88.851222,50.944488],[-89.210091,50.840852]],[[-89.210091,50.840852],[-89.539791,50.983869]],[[-88.819401,51.192385],[-88.851222,50.944488]],[[-89.539791,50.983869],[-89.897776,50.878575]],[[-88.455228,51.294777],[-88.819401,51.192385]],[[-79.83618,48.513606],[-79.555979,48.34613]]]}},{"type":"Feature","properties":{"kind":"border","from_year":1876,"to_year":1879,"a":"northwest_territories","b":"quebec"},"geometry":{"type":"MultiLineString","coordinates":[[[-69.057728,52.757285],[-69.473168,52.718318]],[[-69.473168,52.718318],[-69.736575,52.913983]],[[-69.736575,52.913983],[-70.152898,52.872529]],[[-68.799625,52.560377],[-68.385953,52.597272]],[[-68.385953,52.597272],[-68.13227,52.39912]],[[-69.057728,52.757285],[-68.799625,52.560377]],[[-67.555958,52.666501],[-67.719482,52.433527]],[[-67.719482,52.433527],[-68.13227,52.39912]],[[-70.30228,52.63541],[-70.037989,52.441403]],[[-70.037989,52.441403],[-70.186487,52.205114]],[[-70.186487,52.205114],[-70.595739,52.162001]],[[-70.595739,52.162001],[-70.860914,52.354764]],[[-70.860914,52.354764],[-71.27105,52.309164]],[[-71.411592,52.071216],[-71.27105,52.309164]],[[-71.145534,51.880112],[-71.411592,52.071216]],[[-70.30228,52.63541],[-70.152898,52.872529]],[[-67.141402,52.698835],[-67.555958,52.666501]],[[-66.973458,52.930979],[-67.141402,52.698835]],[[-66.555367,52.961241],[-66.873576,52.938441]],[[-66.873576,52.938441],[-66.884183,52.937612]],[[-66.884183,52.937612],[-66.973458,52.930979]],[[-72.750722,51.021593],[-72.87889,50.783645]],[[-72.87889,50.783645],[-73.049485,50.760845]],[[-73.152019,50.747165],[-73.272232,50.730998]],[[-72.223026,51.3097],[-72.354729,51.072167]],[[-72.354729,51.072167],[-72.750722,51.021593]],[[-73.39598,50.49305],[-73.272232,50.730998]],[[-73.87241,50.267953],[-73.905998,50.200382]],[[-73.810536,50.389414],[-73.825562,50.360396]],[[-73.825562,50.360396],[-73.826446,50.358738]],[[-73.785786,50.439159],[-73.801697,50.407239]],[[-73.905998,50.200382],[-73.63994,50.017154]],[[-73.63994,50.017154],[-73.759269,49.779621]],[[-73.759269,49.779621],[-74.102227,49.73029]],[[-74.102227,49.73029],[-74.142004,49.724487]],[[-73.39598,50.49305],[-73.604584,50.464032]],[[-73.604584,50.464032],[-73.785786,50.439159]],[[-71.823496,51.358616],[-71.687373,51.59615]],[[-71.687373,51.59615],[-71.285192,51.642993]],[[-71.823496,51.358616],[-72.223026,51.3097]],[[-71.285192,51.642993],[-71.145534,51.880112]],[[-64.357956,52.224597],[-64.537391,51.997428]],[[-64.888305,51.543503],[-65.119006,51.746214]],[[-64.537391,51.997428],[-64.308457,51.793058]],[[-64.308457,51.793058],[-64.48524,51.566717]],[[-64.48524,51.566717],[-64.888305,51.543503]],[[-65.587481,52.152052],[-65.825254,52.354349]],[[-65.119006,51.746214],[-65.524723,51.720927]],[[-65.524723,51.720927],[-65.759844,51.92281]],[[-65.759844,51.92281],[-65.587481,52.152052]],[[-63.994667,52.678108],[-63.765733,52.47208]],[[-63.765733,52.47208],[-63.948704,52.245739]],[[-63.948704,52.245739],[-64.357956,52.224597]],[[-66.480234,52.528458],[-66.237158,52.326575]],[[-66.480234,52.528458],[-66.309639,52.759358]],[[-65.825254,52.354349],[-66.237158,52.326575]],[[-66.555367,52.961241],[-66.309639,52.759358]],[[-63.393605,52.923932],[-63.809929,52.904863]],[[-63.994667,52.678108],[-63.809929,52.904863]],[[-63.393605,52.923932],[-63.166439,52.71666]],[[-62.560074,52.957924],[-62.751884,52.733242]],[[-62.751884,52.733242],[-63.166439,52.71666]],[[-57.040913,51.962606],[-57.227419,52.177754]],[[-57.740973,51.400071],[-57.740973,51.400485]],[[-57.766607,51.429918],[-57.86207,51.538528]],[[-57.86207,51.538528],[-57.652582,51.752018]],[[-57.652582,51.752018],[-57.25482,51.75036]],[[-57.6296,52.179412],[-57.227419,52.177754]],[[-57.82141,52.394146],[-58.227126,52.394146]],[[-58.227126,52.394146],[-58.422471,52.608464]],[[-57.6296,52.179412],[-57.82141,52.394146]],[[-59.040327,52.39],[-58.831724,52.606806]],[[-58.831724,52.606806],[-58.422471,52.608464]],[[-61.293425,52.565352],[-60.882405,52.575716]],[[-60.882405,52.575716],[-60.672033,52.364713]],[[-60.672033,52.364713],[-60.263665,52.373418]],[[-59.447812,52.385855],[-59.040327,52.39]],[[-61.5091,52.775525],[-61.922772,52.763089]],[[-61.922772,52.763089],[-62.143751,52.972433]],[[-61.293425,52.565352],[-61.5091,52.775525]],[[-62.560074,52.957924],[-62.143751,52.972433]],[[-59.651112,52.598515],[-60.061248,52.592297]],[[-59.447812,52.385855],[-59.651112,52.598515]],[[-60.061248,52.592297],[-60.263665,52.373418]],[[-77.015609,47.936976],[-76.711542,47.990452]],[[-76.711542,47.990452],[-76.65232,48.000816]],[[-79.555979,48.34613],[-79.193574,48.417846]],[[-79.189154,48.429453],[-79.142307,48.561278]],[[-79.142307,48.561693],[-79.107834,48.658281]],[[-79.107834,48.658281],[-78.741894,48.729168]],[[-78.741894,48.729168],[-78.490862,48.574958]],[[-78.490862,48.574958],[-78.464345,48.558376]],[[-78.464345,48.558376],[-78.496165,48.474224]],[[-78.496165,48.474224],[-78.55362,48.31877]],[[-79.193574,48.417846],[-79.189154,48.429453]],[[-78.55362,48.31877],[-78.28049,48.148393]],[[-78.28049,48.148393],[-78.369766,47.909616]],[[-78.099288,47.739239],[-77.738651,47.806395]],[[-75.080721,48.482515],[-75.056855,48.534747]],[[-75.030337,48.591954],[-75.01973,48.613925]],[[-75.053319,48.540551],[-75.033873,48.583249]],[[-74.98349,48.693517],[-74.971999,48.717561]],[[-74.487614,49.011887],[-74.111067,49.06785]],[[-73.995274,49.304969],[-74.25868,49.486539]],[[-74.25868,49.486539],[-74.142004,49.724487]],[[-74.111067,49.06785],[-73.995274,49.304969]],[[-75.530633,48.24208],[-75.556266,48.184873]],[[-75.556266,48.184873],[-75.923091,48.124764]],[[-75.923091,48.124764],[-76.186497,48.30053]],[[-76.186497,48.30053],[-76.553322,48.238349]],[[-76.65232,48.000816],[-76.553322,48.238349]],[[-75.139943,48.471322],[-75.172648,48.466348]],[[-75.081604,48.480442],[-75.087792,48.479613]],[[-74.991445,48.730826],[-74.971999,48.717561]],[[-75.236289,48.896644],[-75.00824,48.742019]],[[-75.437822,48.424064],[-75.451081,48.421992]],[[-75.366225,48.435672],[-75.411304,48.42821]],[[-75.296396,48.44645],[-75.34943,48.438159]],[[-75.188558,48.46386],[-75.214192,48.459715]],[[-75.110774,48.476297],[-75.133755,48.472566]],[[-77.283435,48.110255],[-77.646724,48.044343]],[[-77.738651,47.806395],[-77.646724,48.044343]],[[-77.283435,48.110255],[-77.106652,47.995841]],[[-77.106652,47.995841],[-77.015609,47.936976]],[[-74.75102,49.192213],[-75.126684,49.134177]],[[-75.236289,48.896644],[-75.126684,49.134177]],[[-74.75102,49.192213],[-74.487614,49.011887]]]}},{"type":"Feature","properties":{"kind":"border","from_year":1876,"to_year":1879,"a":"nova_scotia","b":"prince_edward_island"},"geometry":{"type":"MultiLineString","coordinates":[[[-63.901856,46.083138],[-63.885946,46.067386]],[[-63.16202,45.714609],[-62.81199,45.734507]],[[-63.251295,45.80498],[-63.242456,45.79586]],[[-63.207099,45.760209],[-63.197376,45.750675]],[[-63.186769,45.739067],[-63.16202,45.714609]],[[-62.81199,45.734507],[-62.789008,45.765598]]]}},{"type":"Feature","properties":{"kind":"border","from_year":1876,"to_year":1879,"a":"ontario","b":"quebec"},"geometry":{"type":"MultiLineString","coordinates":[[[-75.923888,45.360806],[-75.811843,45.410873]],[[-75.811843,45.410873],[-75.692616,45.370082]],[[-76.043834,45.401359],[-75.923888,45.360806]],[[-75.579853,45.419911],[-75.692616,45.370082]],[[-75.116077,45.436451],[-75.104586,45.462567]],[[-75.104586,45.462567],[-75.014427,45.667766]],[[-75.014427,45.667766],[-74.788145,45.70466]],[[-74.788145,45.70466],[-74.667049,45.724144]],[[-74.667049,45.724144],[-74.546836,45.637504]],[[-74.423972,45.548792],[-74.488498,45.406189]],[[-74.489382,45.406189],[-74.528274,45.31872]],[[-74.528274,45.31872],[-74.358563,45.195187]],[[-74.318786,45.166168],[-74.287849,45.143783]],[[-74.287849,45.143783],[-74.355911,44.995791]],[[-74.355911,44.995791],[-74.356795,44.992475]],[[-75.116077,45.436451],[-75.27253,45.410749]],[[-75.27253,45.410749],[-75.460804,45.378829]],[[-77.408067,46.1134],[-77.612251,46.248127]],[[-77.612251,46.248127],[-77.665286,46.282948]],[[-76.898048,45.77306],[-77.242775,45.710049]],[[-77.242775,45.710049],[-77.497342,45.879183]],[[-77.497342,45.879183],[-77.408067,46.1134]],[[-77.665286,46.282948],[-78.013548,46.217036]],[[-78.013548,46.217036],[-78.274303,46.385755]],[[-76.321736,45.660304],[-76.300522,45.664035]],[[-76.300522,45.664035],[-76.051258,45.492]],[[-76.646133,45.602683],[-76.645249,45.602683]],[[-76.898048,45.77306],[-76.646133,45.602683]],[[-79.60813,47.222303],[-79.688566,46.984355]],[[-79.688566,46.984355],[-79.418972,46.818124]],[[-79.445489,47.699443],[-79.17236,47.531967]],[[-79.17236,47.531967],[-79.225395,47.379415]],[[-79.225395,47.379415],[-79.255448,47.293605]],[[-79.255448,47.293605],[-79.60813,47.222303]],[[-79.068942,46.88901],[-79.418972,46.818124]],[[-78.885972,46.485245],[-78.621681,46.31777]],[[-78.885972,46.485245],[-78.802,46.721535]],[[-78.274303,46.385755],[-78.621681,46.31777]],[[-79.068942,46.88901],[-78.802,46.721535]],[[-79.639067,48.10611],[-79.555979,48.34613]],[[-79.362401,47.938634],[-79.627576,48.099477]]]}},{"type":"Feature","properties":{"kind":"label","from_year":1876,"to_year":1879,"jurisdiction":"arctic_islands","name":"British Arctic Islands","sovereign":"Britain","status":"unorganized","h3":"84022d9ffffffff"},"geometry":{"type":"Point","coordinates":[-84.37946,80.14781]}},{"type":"Feature","properties":{"kind":"label","from_year":1876,"to_year":1879,"jurisdiction":"british_columbia","name":"British Columbia","sovereign":"Canada","status":"province","h3":"8412aa7ffffffff"},"geometry":{"type":"Point","coordinates":[-125.27189,54.03228]}},{"type":"Feature","properties":{"kind":"label","from_year":1876,"to_year":1879,"jurisdiction":"district_of_keewatin","name":"District of Keewatin","sovereign":"Canada","status":"district","h3":"840e9c7ffffffff"},"geometry":{"type":"Point","coordinates":[-96.00869,56.90393]}},{"type":"Feature","properties":{"kind":"label","from_year":1876,"to_year":1879,"jurisdiction":"manitoba","name":"Manitoba","sovereign":"Canada","status":"province","h3":"85271c83fffffff"},"geometry":{"type":"Point","coordinates":[-97.31006,49.7962]}},{"type":"Feature","properties":{"kind":"label","from_year":1876,"to_year":1879,"jurisdiction":"new_brunswick","name":"New Brunswick","sovereign":"Canada","status":"province","h3":"842b025ffffffff"},"geometry":{"type":"Point","coordinates":[-66.28033,46.52931]}},{"type":"Feature","properties":{"kind":"label","from_year":1876,"to_year":1879,"jurisdiction":"newfoundland","name":"Newfoundland","sovereign":"Britain","status":"colony","h3":"841b987ffffffff"},"geometry":{"type":"Point","coordinates":[-56.51042,48.97737]}},{"type":"Feature","properties":{"kind":"label","from_year":1876,"to_year":1879,"jurisdiction":"northwest_territories","name":"North-West Territories","sovereign":"Canada","status":"territory","h3":"841311dffffffff"},"geometry":{"type":"Point","coordinates":[-127.38167,65.13294]}},{"type":"Feature","properties":{"kind":"label","from_year":1876,"to_year":1879,"jurisdiction":"nova_scotia","name":"Nova Scotia","sovereign":"Canada","status":"province","h3":"842b011ffffffff"},"geometry":{"type":"Point","coordinates":[-63.39259,45.25509]}},{"type":"Feature","properties":{"kind":"label","from_year":1876,"to_year":1879,"jurisdiction":"ontario","name":"Ontario","sovereign":"Canada","status":"province","h3":"8427653ffffffff"},"geometry":{"type":"Point","coordinates":[-82.47443,47.49261]}},{"type":"Feature","properties":{"kind":"label","from_year":1876,"to_year":1879,"jurisdiction":"prince_edward_island","name":"Prince Edward Island","sovereign":"Canada","status":"province","h3":"842b055ffffffff"},"geometry":{"type":"Point","coordinates":[-62.87475,46.27223]}},{"type":"Feature","properties":{"kind":"label","from_year":1876,"to_year":1879,"jurisdiction":"quebec","name":"Quebec","sovereign":"Canada","status":"province","h3":"840e4b5ffffffff"},"geometry":{"type":"Point","coordinates":[-70.3091,49.55966]}},{"type":"Feature","properties":{"kind":"border","from_year":1880,"to_year":1880,"a":"british_columbia","b":"northwest_territories"},"geometry":{"type":"MultiLineString","coordinates":[[[-119.809437,58.635095],[-120.000362,58.651262]],[[-120.000362,58.651262],[-120.242555,58.671575]],[[-120.242555,58.671575],[-120.422873,58.892526]],[[-120.422873,58.892526],[-120.167422,59.078656]],[[-119.634422,58.4129],[-119.809437,58.635095]],[[-120.167422,59.078656],[-120.349508,59.300022]],[[-120.349508,59.300022],[-120.090522,59.486567]],[[-119.888105,58.228843],[-119.713974,58.007062]],[[-119.713974,58.007062],[-119.964122,57.823419]],[[-119.634422,58.4129],[-119.888105,58.228843]],[[-119.792642,57.602468],[-119.964122,57.823419]],[[-120.011853,59.895721],[-120.198359,60.117916]],[[-120.911678,59.962048],[-120.650923,60.15108]],[[-120.650923,60.15108],[-120.198359,60.117916]],[[-120.011853,59.895721],[-120.27526,59.708348]],[[-120.090522,59.486567],[-120.27526,59.708348]],[[-121.61439,59.803693],[-121.360706,59.993139]],[[-121.360706,59.993139],[-120.911678,59.962048]],[[-122.059883,59.832296],[-121.61439,59.803693]],[[-120.086102,55.994869],[-120.251394,56.214162]],[[-120.251394,56.214162],[-120.015389,56.394903]],[[-120.086102,55.994869],[-120.319455,55.814957]],[[-120.155047,55.596078],[-120.319455,55.814957]],[[-120.182449,56.614611],[-120.000362,56.753068]],[[-120.015389,56.394903],[-120.182449,56.614611]],[[-120.000362,56.753068],[-119.942908,56.796181]],[[-120.384865,55.416995],[-120.222225,55.198946]],[[-120.155047,55.596078],[-120.384865,55.416995]],[[-119.674198,54.939441],[-119.833303,55.15832]],[[-120.222225,55.198946],[-119.833303,55.15832]],[[-119.674198,54.939441],[-119.903132,54.762431]],[[-119.746679,54.543967],[-119.903132,54.762431]],[[-120.039255,57.419654],[-120.000362,57.369494]],[[-120.000362,57.100456],[-120.111736,57.016303]],[[-120.000362,57.369494],[-119.868659,57.198702]],[[-119.868659,57.198702],[-120.000362,57.100456]],[[-119.942908,56.796181],[-120.000362,56.871213]],[[-120.000362,56.871213],[-120.111736,57.016303]],[[-119.792642,57.602468],[-120.000362,57.448258]],[[-120.000362,57.448258],[-120.039255,57.419654]],[[-123.599661,60.122891],[-124.045154,60.144447]],[[-122.257879,60.049931],[-122.706024,60.075633]],[[-125.601727,60.004332],[-125.378097,60.198752]],[[-125.378097,60.198752],[-124.934372,60.182171]],[[-124.934372,60.182171],[-124.750518,60.000186]],[[-124.750518,60.000186],[-124.720465,59.970754]],[[-124.720465,59.970754],[-124.278508,59.95127]],[[-126.041033,60.018841],[-125.601727,60.004332]],[[-124.045154,60.144447],[-124.278508,59.95127]],[[-126.041033,60.018841],[-126.262895,60.227356]],[[-123.392825,59.908572],[-122.9491,59.884529]],[[-122.706024,60.075633],[-122.9491,59.884529]],[[-123.392825,59.908572],[-123.599661,60.122891]],[[-116.917269,51.763625],[-116.5584,51.708905]],[[-116.5584,51.708905],[-116.430232,51.487954]],[[-116.430232,51.487954],[-116.073131,51.431576]],[[-116.073131,51.431576],[-115.948499,51.21021]],[[-116.917269,51.763625],[-117.048972,51.984162]],[[-117.409609,52.036809],[-117.048972,51.984162]],[[-115.472069,50.929979],[-115.594049,51.152174]],[[-115.948499,51.21021],[-115.594049,51.152174]],[[-115.472069,50.929979],[-115.702771,50.767478]],[[-115.232528,50.486832],[-115.581675,50.546526]],[[-115.581675,50.546526],[-115.702771,50.767478]],[[-117.907253,52.307506],[-118.045144,52.526799]],[[-117.543964,52.256517],[-117.907253,52.307506]],[[-117.409609,52.036809],[-117.543964,52.256517]],[[-118.4102,52.575716],[-118.045144,52.526799]],[[-114.316793,49.31782],[-114.428166,49.538771]],[[-114.543959,49.160708],[-114.463523,49.001109]],[[-114.768473,49.601782],[-114.499764,49.552451]],[[-114.499764,49.552451],[-114.428166,49.538771]],[[-114.316793,49.31782],[-114.543959,49.160708]],[[-115.114968,50.265466],[-114.768473,50.203699]],[[-114.768473,50.203699],[-114.653565,49.981918]],[[-114.653565,49.981918],[-114.719858,49.936318]],[[-114.719858,49.936318],[-114.883382,49.822733]],[[-114.768473,49.601782],[-114.883382,49.822733]],[[-115.114968,50.265466],[-115.232528,50.486832]],[[-120.105548,53.581812],[-119.952631,53.365421]],[[-119.952631,53.365421],[-119.582271,53.322308]],[[-119.582271,53.322308],[-119.432889,53.104673]],[[-119.885453,53.756749],[-120.105548,53.581812]],[[-120.039255,53.97397],[-120.000362,53.918836]],[[-120.000362,53.918836],[-119.885453,53.756749]],[[-119.064297,53.059488],[-118.840667,53.231938]],[[-118.840667,53.231938],[-118.470307,53.185094]],[[-118.470307,53.185094],[-118.327113,52.965801]],[[-118.327113,52.965801],[-118.552511,52.794594]],[[-118.4102,52.575716],[-118.552511,52.794594]],[[-119.432889,53.104673],[-119.064297,53.059488]],[[-120.000362,54.005061],[-120.039255,53.97397]],[[-119.972077,54.367372],[-119.816508,54.149736]],[[-119.816508,54.149736],[-120.000362,54.005061]],[[-119.746679,54.543967],[-119.972077,54.367372]],[[-130.79826,60.083924],[-131.223422,60.081437]],[[-134.564619,60.013866],[-134.413469,60.214505]],[[-134.413469,60.214505],[-133.998029,60.226941]],[[-133.998029,60.226941],[-133.739043,60.038324]],[[-133.739043,60.038324],[-133.323603,60.048688]],[[-133.323603,60.048688],[-133.069036,59.858412]],[[-134.974755,59.999772],[-134.564619,60.013866]],[[-134.974755,59.999772],[-134.986246,60.008477]],[[-134.986246,60.008477],[-135.239045,60.185072]],[[-132.653596,59.866703],[-132.543107,60.000186]],[[-132.543107,60.000186],[-132.488304,60.065684]],[[-132.488304,60.065684],[-132.068445,60.072317]],[[-132.068445,60.072317],[-131.818297,59.878725]],[[-131.818297,59.878725],[-131.399321,59.88287]],[[-133.069036,59.858412],[-132.653596,59.866703]],[[-131.223422,60.081437],[-131.295019,60.000186]],[[-131.295019,60.000186],[-131.399321,59.88287]],[[-128.142097,60.000186],[-127.990948,59.866289]],[[-128.850112,59.878725],[-128.653884,60.076048]],[[-128.653884,60.076048],[-128.221649,60.069829]],[[-128.221649,60.069829],[-128.142097,60.000186]],[[-127.990948,59.866289],[-127.558714,59.857998]],[[-129.278811,59.88287],[-128.850112,59.878725]],[[-129.5157,60.083095],[-129.944398,60.084753]],[[-129.278811,59.88287],[-129.5157,60.083095]],[[-126.703085,60.239378],[-126.916108,60.043713]],[[-126.916108,60.043713],[-127.352762,60.054077]],[[-126.703085,60.239378],[-126.262895,60.227356]],[[-127.352762,60.054077],[-127.558714,59.857998]],[[-130.555183,59.887016],[-130.130904,59.887016]],[[-130.555183,59.887016],[-130.79826,60.083924]],[[-129.944398,60.084753],[-130.024835,60.000186]],[[-130.024835,60.000186],[-130.130904,59.887016]],[[-137.395796,59.890332],[-136.997151,59.911474]],[[-137.668926,60.068586],[-138.067571,60.045371]],[[-136.939696,60.000186],[-136.997151,59.911474]],[[-137.395796,59.890332],[-137.668926,60.068586]],[[-136.866331,60.112113],[-136.939696,60.000186]],[[-138.187783,59.844732],[-138.581125,59.820274]],[[-138.067571,60.045371],[-138.187783,59.844732]],[[-136.193673,59.950441],[-136.462383,60.132011]],[[-135.648298,60.168491],[-135.78884,59.967852]],[[-135.78884,59.967852],[-136.193673,59.950441]],[[-135.648298,60.168491],[-135.239045,60.185072]],[[-136.866331,60.112113],[-136.462383,60.132011]]]}},{"type":"Feature","properties":{"kind":"border","from_year":1880,"to_year":1880,"a":"district_of_keewatin","b":"manitoba"},"geometry":{"type":"MultiLineString","coordinates":[[[-96.512991,50.712343],[-96.544812,50.723536]],[[-96.3751,50.620315],[-96.375984,50.623217]],[[-96.023302,50.2978],[-96.36361,50.419676]],[[-96.36361,50.419676],[-96.3751,50.620315]],[[-97.113169,50.38444],[-97.354477,50.290753]],[[-97.354477,50.290753],[-97.460547,50.327647]],[[-97.460547,50.327647],[-97.697436,50.408483]],[[-97.049527,50.660525],[-97.031849,50.416359]],[[-97.031849,50.416359],[-97.113169,50.38444]],[[-97.697436,50.408483],[-98.014761,50.282877]],[[-98.017413,50.281633],[-98.063377,50.297386]],[[-96.990305,50.68374],[-97.049527,50.660525]],[[-95.987062,49.565717],[-96.322066,49.687592]],[[-96.322066,49.687592],[-96.335324,49.931344]],[[-96.335324,49.931344],[-96.010928,50.053634]],[[-95.979991,49.413994],[-95.987062,49.565717]],[[-95.975571,49.322794],[-95.979991,49.413994]],[[-95.975571,49.322794],[-96.294664,49.201748]],[[-96.010928,50.053634],[-96.023302,50.2978]],[[-96.283173,49.00028],[-96.294664,49.201748]]]}},{"type":"Feature","properties":{"kind":"border","from_year":1880,"to_year":1880,"a":"district_of_keewatin","b":"northwest_territories"},"geometry":{"type":"MultiLineString","coordinates":[[[-97.900737,68.475939],[-97.559546,68.415001]],[[-97.052179,68.540193],[-97.141454,68.518222]],[[-97.521537,68.424535],[-97.559546,68.415001]],[[-97.277577,68.484644],[-97.47027,68.436971]],[[-100.335037,67.835884],[-100.296144,67.686648]],[[-94.723948,71.834983],[-94.723065,71.834983]],[[-94.623182,71.854052],[-94.449935,71.887215]],[[-94.727484,71.835397],[-94.723948,71.834983]],[[-95.191539,71.911673],[-94.859187,71.857368]],[[-90.891296,55.957974],[-90.869198,56.211675]],[[-91.253701,56.350961],[-90.869198,56.211675]],[[-90.891296,55.957974],[-91.291709,55.84356]],[[-91.310271,55.590274],[-91.291709,55.84356]],[[-90.933724,55.451402],[-91.310271,55.590274]],[[-91.253701,56.350961],[-91.234255,56.604662]],[[-91.234255,56.604662],[-90.825002,56.719905]],[[-90.954938,55.198116],[-90.58281,55.058415]],[[-90.58281,55.058415],[-90.605792,54.805544]],[[-90.605792,54.805544],[-90.995598,54.692788]],[[-90.651755,54.301045],[-91.015928,54.440746]],[[-91.015928,54.440746],[-90.995598,54.692788]],[[-90.954938,55.198116],[-90.933724,55.451402]],[[-90.802021,56.97402],[-91.194479,57.113307]],[[-91.194479,57.113307],[-91.183872,57.240986]],[[-90.825002,56.719905],[-90.802021,56.97402]],[[-99.821482,58.44938],[-100.252833,58.557161]],[[-100.252833,58.557161],[-100.29968,58.808374]],[[-100.29968,58.808374],[-99.90899,58.952221]],[[-99.779054,58.198166],[-99.821482,58.44938]],[[-99.90899,58.952221],[-99.953186,59.203434]],[[-100.161789,58.055563],[-100.11671,57.804765]],[[-99.779054,58.198166],[-100.161789,58.055563]],[[-99.654423,57.445356],[-99.695083,57.696154]],[[-100.11671,57.804765],[-99.695083,57.696154]],[[-99.654423,57.445356],[-100.029202,57.303582]],[[-99.986774,57.053198],[-100.029202,57.303582]],[[-100.062791,59.802449],[-100.064559,59.812398]],[[-100.09196,59.958317],[-100.016827,59.985263]],[[-100.07605,59.872507],[-100.09196,59.958317]],[[-100.045113,59.706689],[-100.047764,59.722857]],[[-99.878053,60.034593],[-99.830321,60.051589]],[[-99.699502,60.180098],[-99.70569,60.212432]],[[-99.687127,60.108796],[-99.689779,60.122062]],[[-100.443758,59.561599],[-100.395143,59.310386]],[[-100.395143,59.310386],[-99.953186,59.203434]],[[-100.045113,59.706689],[-100.443758,59.561599]],[[-99.821482,60.858705],[-99.86833,61.110748]],[[-99.581058,62.012794],[-99.627905,62.264836]],[[-91.130837,52.933052],[-91.112275,53.183436]],[[-91.112275,53.183436],[-90.738379,53.294948]],[[-90.779923,52.793765],[-91.130837,52.933052]],[[-90.801137,52.543796],[-90.779923,52.793765]],[[-90.738379,53.294948],[-90.717165,53.546161]],[[-90.673853,54.049002],[-90.651755,54.301045]],[[-86.435484,66.054177],[-86.507965,65.800476]],[[-86.507965,65.800476],[-86.481447,65.7926]],[[-86.020928,65.614346],[-86.085454,65.395467]],[[-86.085454,65.395467],[-86.122578,65.388835]],[[-86.011205,65.647095],[-86.020044,65.618077]],[[-85.89718,66.148692],[-86.435484,66.054177]],[[-86.429296,67.971439],[-86.492938,67.76624]],[[-99.934623,66.18683],[-99.992078,66.437215]],[[-99.992078,66.437215],[-99.482943,66.585207]],[[-99.934623,66.18683],[-100.432267,66.037595]],[[-99.822366,65.685233],[-100.371277,65.787211]],[[-100.371277,65.787211],[-100.432267,66.037595]],[[-99.482943,66.585207],[-99.536862,66.835591]],[[-100.109638,66.937568],[-99.536862,66.835591]],[[-96.989421,68.555116],[-96.595195,68.482157]],[[-96.594311,68.482157],[-96.467911,68.458528]],[[-99.648235,67.335944],[-99.70569,67.585914]],[[-100.296144,67.686648],[-99.70569,67.585914]],[[-99.648235,67.335944],[-100.170628,67.187538]],[[-100.109638,66.937568],[-100.125549,67.000164]],[[-100.125549,67.000164],[-100.170628,67.187538]],[[-83.880088,69.767655],[-83.602538,69.804964]],[[-82.676196,69.705474],[-82.647911,69.697183]],[[-82.244846,69.244087],[-82.349148,69.040961]],[[-81.939896,68.630149],[-81.574839,68.517393]],[[-81.685328,67.734735],[-81.799353,67.719397]],[[-81.939896,68.630149],[-81.80996,68.87846]],[[-82.349148,69.040961],[-81.901003,68.906234]],[[-81.873602,68.897944],[-81.80996,68.87846]],[[-85.804369,68.073002],[-85.717745,68.324216]],[[-86.376262,67.980145],[-86.429296,67.971439]],[[-85.755754,68.334579],[-85.717745,68.324216]],[[-85.804369,68.073002],[-85.869779,68.062639]],[[-82.605483,69.702987],[-82.647911,69.697183]],[[-82.134357,69.300051],[-82.20949,69.290516]],[[-81.54125,69.373839],[-81.695935,69.35477]],[[-85.351805,69.873779],[-85.317332,69.864659]],[[-81.54567,67.054884],[-81.454627,67.024622]],[[-83.89865,66.004017],[-84.158521,65.962562]],[[-84.999123,66.062467],[-85.048622,66.054177]],[[-81.420154,67.304854],[-81.923101,67.469842]],[[-81.923101,67.469842],[-81.799353,67.719397]],[[-81.54567,67.054884],[-81.420154,67.304854]],[[-90.924885,69.519759],[-90.92842,69.493228]],[[-90.929304,69.48701],[-90.946099,69.362232]],[[-90.947866,69.349796],[-90.947866,69.348552]],[[-90.947866,69.348552],[-90.815279,69.319534]],[[-90.783458,69.312487],[-90.731307,69.300465]],[[-90.68888,69.291345],[-90.498838,69.248647]],[[-95.870385,69.584842],[-95.780226,69.605155]],[[-95.771387,69.607227],[-95.721004,69.61842]],[[-95.396607,69.689721],[-95.278163,69.715838]],[[-95.278163,69.715838],[-94.71069,69.609714]],[[-100.223663,56.162759],[-100.181235,55.913204]],[[-100.05572,55.166611],[-100.097264,55.415337]],[[-100.097264,55.415337],[-99.74193,55.555038]],[[-99.665029,55.057172],[-100.05572,55.166611]],[[-99.627021,54.808446],[-99.665029,55.057172]],[[-99.627021,54.808446],[-99.975283,54.670403]],[[-99.74193,55.555038],[-99.780822,55.804179]],[[-100.181235,55.913204],[-99.780822,55.804179]],[[-100.355367,56.911424],[-100.311171,56.661454]],[[-99.986774,57.053198],[-100.355367,56.911424]],[[-99.861258,56.303289],[-99.902802,56.553259]],[[-100.311171,56.661454],[-99.902802,56.553259]],[[-99.861258,56.303289],[-100.223663,56.162759]],[[-100.236922,60.713615],[-100.187423,60.461573]],[[-100.187423,60.461573],[-99.755189,60.360424]],[[-100.336804,61.216871],[-99.86833,61.110748]],[[-99.821482,60.858705],[-100.236922,60.713615]],[[-100.013292,61.866875],[-99.964676,61.614832]],[[-99.964676,61.614832],[-100.388071,61.468499]],[[-100.336804,61.216871],[-100.388071,61.468499]],[[-100.114058,62.370959],[-99.627905,62.264836]],[[-99.581058,62.012794],[-100.013292,61.866875]],[[-100.436687,63.881141],[-100.494141,64.132354]],[[-100.494141,64.132354],[-100.030086,64.28076]],[[-99.924016,63.777505],[-100.436687,63.881141]],[[-99.872749,63.525462],[-99.924016,63.777505]],[[-99.872749,63.525462],[-100.325313,63.377885]],[[-100.030086,64.28076],[-100.084889,64.532388]],[[-100.084889,64.532388],[-99.611995,64.679551]],[[-100.271395,63.126257],[-99.772867,63.021378]],[[-99.772867,63.021378],[-99.723368,62.769335]],[[-99.723368,62.769335],[-100.165325,62.623002]],[[-100.114058,62.370959],[-100.165325,62.623002]],[[-100.271395,63.126257],[-100.325313,63.377885]],[[-99.663262,64.931179],[-100.196262,65.034815]],[[-100.196262,65.034815],[-100.253716,65.285613]],[[-100.253716,65.285613],[-99.768447,65.43402]],[[-99.611995,64.679551],[-99.663262,64.931179]],[[-99.768447,65.43402],[-99.822366,65.685233]],[[-99.672985,51.756163],[-99.557192,51.720513]],[[-99.505041,51.502048],[-99.500621,51.468885]],[[-99.514764,51.576252],[-99.512996,51.558012]],[[-99.826786,51.803836],[-99.719832,51.771087]],[[-99.692431,52.465032],[-99.638512,52.448451]],[[-99.638512,52.448451],[-99.603155,52.203041]],[[-99.603155,52.203041],[-99.848884,52.101893]],[[-99.875401,52.520167],[-99.850652,52.512705]],[[-99.010933,51.079214],[-99.114351,51.112378]],[[-99.114351,51.112378],[-99.145288,51.356544]],[[-98.858016,51.029884],[-98.968505,51.065949]],[[-99.00121,51.076312],[-99.010933,51.079214]],[[-98.763437,50.999207],[-98.79349,51.009156]],[[-98.751062,50.898059],[-98.757249,50.945317]],[[-98.758133,50.954437],[-98.763437,50.999207]],[[-99.500621,51.468885],[-99.145288,51.356544]],[[-91.167961,52.432698],[-91.185639,52.183558]],[[-90.801137,52.543796],[-91.167961,52.432698]],[[-91.055704,53.937076],[-91.074266,53.685448]],[[-91.074266,53.685448],[-90.717165,53.546161]],[[-90.673853,54.049002],[-91.055704,53.937076]],[[-90.918697,51.051025],[-90.899251,51.298922]],[[-91.23779,51.436965],[-90.899251,51.298922]],[[-90.861243,51.795545],[-90.840913,52.044686]],[[-91.185639,52.183558],[-90.840913,52.044686]],[[-90.861243,51.795545],[-91.220996,51.685277]],[[-91.23779,51.436965],[-91.220996,51.685277]],[[-99.736627,53.12084],[-99.710109,52.940099]],[[-99.710109,52.940099],[-99.764912,52.917714]],[[-99.908106,53.234425],[-99.819714,53.208309]],[[-100.098148,53.567718],[-99.820598,53.680059]],[[-100.128201,53.356301],[-100.130852,53.371224]],[[-100.156486,53.531652],[-100.158254,53.542845]],[[-100.158254,53.542845],[-100.138808,53.550721]],[[-100.280234,54.283634],[-99.936391,54.422091]],[[-99.858607,53.927127],[-100.23869,54.036566]],[[-100.23869,54.036566],[-100.280234,54.283634]],[[-99.820598,53.680059],[-99.858607,53.927127]],[[-99.936391,54.422091],[-99.975283,54.670403]]]}},{"type":"Feature","properties":{"kind":"border","from_year":1880,"to_year":1880,"a":"district_of_keewatin","b":"ontario"},"geometry":{"type":"MultiLineString","coordinates":[[[-91.113158,48.351519],[-91.126417,48.162073]],[[-91.062775,49.082359],[-91.07957,48.838193]],[[-90.839145,48.734143],[-90.763128,48.700979]],[[-90.763128,48.700979],[-90.781691,48.457642]],[[-90.955822,50.556061],[-91.288173,50.694103]],[[-91.288173,50.694103],[-91.271379,50.941171]],[[-91.271379,50.941171],[-90.918697,51.051025]],[[-90.646452,50.17095],[-90.974384,50.309407]],[[-90.974384,50.309407],[-90.955822,50.556061]],[[-90.665898,49.924711],[-90.646452,50.17095]],[[-91.010624,49.817344],[-91.028303,49.571935]],[[-91.028303,49.571935],[-90.705674,49.433892]],[[-90.705674,49.433892],[-90.72512,49.189311]],[[-90.72512,49.189311],[-91.062775,49.082359]],[[-90.665898,49.924711],[-91.010624,49.817344]]]}},{"type":"Feature","properties":{"kind":"border","from_year":1880,"to_year":1880,"a":"manitoba","b":"northwest_territories"},"geometry":{"type":"MultiLineString","coordinates":[[[-99.337097,50.2522],[-99.023308,50.382367]],[[-98.964085,49.897766],[-99.305276,50.010107]],[[-98.934916,49.655672],[-98.964085,49.897766]],[[-98.934916,49.655672],[-99.097557,49.588102]],[[-99.023308,50.382367],[-99.053361,50.625289]],[[-99.053361,50.625289],[-98.745759,50.75131]],[[-99.213349,49.286314],[-98.877462,49.173559]],[[-98.877462,49.173559],[-98.857132,49.00028]],[[-99.213349,49.286314],[-99.243402,49.527164]]]}},{"type":"Feature","properties":{"kind":"border","from_year":1880,"to_year":1880,"a":"new_brunswick","b":"nova_scotia"},"geometry":{"type":"MultiLineString","coordinates":[[[-63.901856,46.083138],[-64.116647,46.069044]],[[-64.116647,46.069044],[-64.255422,46.059924]],[[-64.410991,45.841874],[-64.255422,46.059924]],[[-64.410991,45.841874],[-64.513525,45.834827]],[[-64.570095,45.830681],[-64.762789,45.817001]],[[-64.808752,45.497389],[-64.715941,45.406604]],[[-64.715941,45.406604],[-64.76986,45.328255]],[[-64.909518,45.60517],[-64.887421,45.63709]]]}},{"type":"Feature","properties":{"kind":"border","from_year":1880,"to_year":1880,"a":"new_brunswick","b":"prince_edward_island"},"geometry":{"type":"MultiLineString","coordinates":[[[-63.850589,46.154025],[-63.901856,46.083138]],[[-64.104273,46.48566],[-63.941632,46.496023]],[[-63.941632,46.496023],[-63.933677,46.487733]],[[-63.916883,46.471151],[-63.869151,46.424722]],[[-63.838214,46.393631],[-63.834679,46.390315]],[[-63.783412,46.339326],[-63.744519,46.300359]],[[-63.744519,46.300359],[-63.745403,46.298701]]]}},{"type":"Feature","properties":{"kind":"border","from_year":1880,"to_year":1880,"a":"new_brunswick","b":"quebec"},"geometry":{"type":"MultiLineString","coordinates":[[[-68.467274,47.388121],[-68.326731,47.614876]],[[-68.553013,47.805566],[-68.383302,47.662963]],[[-68.383302,47.662963],[-68.326731,47.614876]],[[-68.467274,47.388121],[-68.778411,47.356201]],[[-68.778411,47.356201],[-68.83233,47.350812]],[[-68.924257,47.197845],[-68.837634,47.341692]],[[-68.837634,47.341692],[-68.83233,47.350812]],[[-67.814945,47.877282],[-67.445469,47.911689]],[[-67.445469,47.911689],[-67.223606,47.718926]],[[-68.553013,47.805566],[-68.469925,47.939463]],[[-68.469925,47.939463],[-68.411587,48.033565]],[[-68.411587,48.033565],[-68.040343,48.06963]],[[-68.040343,48.06963],[-67.959023,47.999987]],[[-67.959023,47.999987],[-67.814945,47.877282]],[[-66.704748,47.975943],[-66.855014,47.750846]],[[-66.855014,47.750846],[-67.223606,47.718926]],[[-66.579233,47.986721],[-66.633151,47.982161]],[[-66.633151,47.982161],[-66.704748,47.975943]],[[-66.117829,47.811784],[-65.911877,47.827951]],[[-65.781058,47.8379],[-65.749237,47.840387]],[[-66.330853,48.003303],[-66.117829,47.811784]],[[-65.318771,48.084139],[-65.536214,48.068386]],[[-65.749237,47.840387],[-65.747469,47.84246]],[[-65.222424,48.090772],[-65.170273,48.04227]]]}},{"type":"Feature","properties":{"kind":"border","from_year":1880,"to_year":1880,"a":"newfoundland","b":"northwest_territories"},"geometry":{"type":"MultiLineString","coordinates":[[[-63.085119,56.663113],[-62.835855,56.450866]],[[-63.126663,57.102943],[-62.91364,57.330942]],[[-62.873864,56.890697],[-63.126663,57.102943]],[[-62.377988,56.464546],[-62.835855,56.450866]],[[-63.085119,56.663113],[-62.873864,56.890697]],[[-63.641101,57.527435],[-63.169091,57.543602]],[[-63.169091,57.543602],[-62.91364,57.330942]],[[-61.657598,55.824077],[-62.106626,55.81247]],[[-62.106626,55.81247],[-62.346167,56.025545]],[[-62.346167,56.025545],[-62.134911,56.251471]],[[-61.657598,55.824077],[-61.42336,55.610173]],[[-61.42336,55.610173],[-61.634616,55.386319]],[[-62.377988,56.464546],[-62.134911,56.251471]],[[-64.981999,60.141131],[-64.964321,60.127865]],[[-64.949295,60.117087],[-64.692959,59.930128]],[[-64.692959,59.930128],[-64.911286,59.698399]],[[-64.547998,60.380737],[-64.728316,60.37369]],[[-64.436624,60.384882],[-64.508221,60.381981]],[[-63.903624,57.739267],[-63.641101,57.527435]],[[-64.068032,59.064147],[-64.56214,59.045078]],[[-64.56214,59.045078],[-64.843225,59.256081]],[[-64.843225,59.256081],[-64.626666,59.487396]],[[-64.068032,59.064147],[-64.023836,59.030155]],[[-64.014997,59.023522],[-63.878874,58.917814]],[[-63.87799,58.916984],[-63.794903,58.851901]],[[-63.794903,58.851901],[-64.012345,58.622244]],[[-64.911286,59.698399],[-64.626666,59.487396]],[[-63.691485,57.968509],[-63.957543,58.180341]],[[-63.957543,58.180341],[-63.741868,58.409998]],[[-63.903624,57.739267],[-63.691485,57.968509]],[[-64.012345,58.622244],[-63.741868,58.409998]],[[-56.423941,52.169878],[-56.607795,52.385855]],[[-56.607795,52.385855],[-56.415986,52.570326]],[[-56.411566,52.574472],[-56.387701,52.597272]],[[-56.423941,52.169878],[-56.641384,51.958875]],[[-56.641384,51.958875],[-57.040913,51.962606]],[[-56.387701,52.597272],[-56.573323,52.814078]],[[-56.980807,52.818638],[-56.573323,52.814078]],[[-57.25482,51.75036],[-57.11693,51.590761]],[[-57.11693,51.590761],[-57.070082,51.536041]],[[-57.070082,51.536041],[-57.194714,51.410849]],[[-56.94987,53.248105],[-57.142563,53.465325]],[[-57.558887,53.468642],[-57.306087,53.466984]],[[-57.289293,53.466569],[-57.142563,53.465325]],[[-56.94987,53.248105],[-57.171733,53.03503]],[[-56.980807,52.818638],[-57.171733,53.03503]],[[-57.558887,53.468642],[-57.756,53.685448]],[[-60.714461,54.096675],[-60.286647,54.104137]],[[-60.286647,54.104137],[-60.071855,53.890232]],[[-60.70297,53.662234],[-60.921297,53.874894]],[[-60.921297,53.874894],[-60.714461,54.096675]],[[-60.071855,53.890232],[-59.647577,53.895621]],[[-60.70297,53.662234],[-60.908038,53.440867]],[[-60.275156,53.236912],[-60.692363,53.228621]],[[-60.692363,53.228621],[-60.908038,53.440867]],[[-60.725068,54.531945],[-60.292834,54.538993]],[[-60.292834,54.538993],[-60.075391,54.324674]],[[-60.075391,54.324674],[-59.645809,54.329648]],[[-59.645809,54.329648],[-59.433669,54.1145]],[[-59.433669,54.1145],[-59.508802,54.037395]],[[-59.5309,54.014595],[-59.647577,53.895621]],[[-58.174975,53.686277],[-58.392418,53.4703]],[[-58.392418,53.4703],[-58.81051,53.469056]],[[-58.174975,53.686277],[-57.756,53.685448]],[[-58.81051,53.469056],[-59.024417,53.251836]],[[-59.024417,53.251836],[-59.440741,53.248519]],[[-60.064784,53.023837],[-59.649344,53.030055]],[[-59.440741,53.248519],[-59.649344,53.030055]],[[-60.064784,53.023837],[-60.275156,53.236912]],[[-61.40303,55.172829],[-60.962841,55.181949]],[[-60.962841,55.181949],[-60.736559,54.968045]],[[-60.736559,54.968045],[-60.948698,54.745435]],[[-60.725068,54.531945],[-60.948698,54.745435]],[[-61.40303,55.172829],[-61.634616,55.386319]]]}},{"type":"Feature","properties":{"kind":"border","from_year":1880,"to_year":1880,"a":"newfoundland","b":"quebec"},"geometry":{"type":"MultiLineString","coordinates":[[[-57.040913,51.962606],[-57.107207,51.897108]],[[-57.107207,51.897108],[-57.25482,51.75036]]]}},{"type":"Feature","properties":{"kind":"border","from_year":1880,"to_year":1880,"a":"northwest_territories","b":"ontario"},"geometry":{"type":"MultiLineString","coordinates":[[[-83.16942,51.219744],[-83.54862,51.133105]],[[-83.54862,51.133105],[-83.862409,51.292704]],[[-83.862409,51.292704],[-84.240725,51.204406]],[[-84.240725,51.204406],[-84.55805,51.361933]],[[-79.753976,48.754455],[-79.83618,48.513606]],[[-79.788448,49.648625],[-79.51797,49.489441]],[[-79.51797,49.432648],[-79.586032,49.237398]],[[-79.501176,49.479492],[-79.51797,49.432648]],[[-79.51797,49.489441],[-79.501176,49.479492]],[[-79.586032,49.237398],[-79.51797,49.196773]],[[-79.517087,48.801713],[-79.753976,48.754455]],[[-79.51797,49.196773],[-79.302295,49.068679]],[[-79.302295,49.068679],[-79.323509,49.009399]],[[-79.323509,49.009399],[-79.357982,48.912396]],[[-79.388035,48.827415],[-79.517087,48.801713]],[[-81.103713,50.975164],[-81.023277,51.220573]],[[-81.023277,51.220573],[-80.63789,51.298922]],[[-80.63789,51.298922],[-80.593694,51.274464]],[[-80.593694,51.274464],[-80.335591,51.130618]],[[-81.103713,50.975164],[-81.48468,50.895572]],[[-81.48468,50.895572],[-81.78963,51.06056]],[[-79.950205,51.206479],[-80.335591,51.130618]],[[-79.950205,51.206479],[-79.924571,51.192385]],[[-79.909544,51.184094],[-79.650558,51.036516]],[[-79.650558,51.036516],[-79.738065,50.791936]],[[-79.531229,50.377807],[-79.239537,50.20743]],[[-79.239537,50.20743],[-79.327929,49.964507]],[[-79.327929,49.964507],[-79.703592,49.891133]],[[-79.788448,49.648625],[-79.703592,49.891133]],[[-79.531229,50.377807],[-79.442838,50.621558]],[[-79.738065,50.791936],[-79.442838,50.621558]],[[-82.858283,51.058072],[-82.479083,51.142225]],[[-82.479083,51.142225],[-82.170597,50.978895]],[[-83.16942,51.219744],[-82.858283,51.058072]],[[-81.78963,51.06056],[-82.170597,50.978895]],[[-86.050981,50.99216],[-85.680621,51.086261]],[[-85.680621,51.086261],[-85.361528,50.931637]],[[-86.547741,51.099112],[-86.372726,51.144712]],[[-86.372726,51.144712],[-86.050981,50.99216]],[[-86.742202,51.048538],[-86.547741,51.099112]],[[-84.933713,51.271148],[-84.9894,51.023665]],[[-84.9894,51.023665],[-85.361528,50.931637]],[[-84.55805,51.361933],[-84.933713,51.271148]],[[-87.066599,51.199017],[-87.433423,51.100356]],[[-87.433423,51.100356],[-87.760471,51.249177]],[[-87.066599,51.199017],[-86.742202,51.048538]],[[-87.760471,51.249177],[-88.126412,51.148443]],[[-88.126412,51.148443],[-88.455228,51.294777]],[[-90.918697,51.051025],[-90.584578,50.911739]],[[-90.229244,51.01952],[-90.584578,50.911739]],[[-90.229244,51.01952],[-89.897776,50.878575]],[[-88.851222,50.944488],[-89.210091,50.840852]],[[-89.210091,50.840852],[-89.539791,50.983869]],[[-88.819401,51.192385],[-88.851222,50.944488]],[[-89.539791,50.983869],[-89.897776,50.878575]],[[-88.455228,51.294777],[-88.819401,51.192385]],[[-79.83618,48.513606],[-79.555979,48.34613]]]}},{"type":"Feature","properties":{"kind":"border","from_year":1880,"to_year":1880,"a":"northwest_territories","b":"quebec"},"geometry":{"type":"MultiLineString","coordinates":[[[-69.057728,52.757285],[-69.473168,52.718318]],[[-69.473168,52.718318],[-69.736575,52.913983]],[[-69.736575,52.913983],[-70.152898,52.872529]],[[-68.799625,52.560377],[-68.385953,52.597272]],[[-68.385953,52.597272],[-68.13227,52.39912]],[[-69.057728,52.757285],[-68.799625,52.560377]],[[-67.555958,52.666501],[-67.719482,52.433527]],[[-67.719482,52.433527],[-68.13227,52.39912]],[[-70.30228,52.63541],[-70.037989,52.441403]],[[-70.037989,52.441403],[-70.186487,52.205114]],[[-70.186487,52.205114],[-70.595739,52.162001]],[[-70.595739,52.162001],[-70.860914,52.354764]],[[-70.860914,52.354764],[-71.27105,52.309164]],[[-71.411592,52.071216],[-71.27105,52.309164]],[[-71.145534,51.880112],[-71.411592,52.071216]],[[-70.30228,52.63541],[-70.152898,52.872529]],[[-67.141402,52.698835],[-67.555958,52.666501]],[[-66.973458,52.930979],[-67.141402,52.698835]],[[-66.555367,52.961241],[-66.873576,52.938441]],[[-66.873576,52.938441],[-66.884183,52.937612]],[[-66.884183,52.937612],[-66.973458,52.930979]],[[-72.750722,51.021593],[-72.87889,50.783645]],[[-72.87889,50.783645],[-73.049485,50.760845]],[[-73.152019,50.747165],[-73.272232,50.730998]],[[-72.223026,51.3097],[-72.354729,51.072167]],[[-72.354729,51.072167],[-72.750722,51.021593]],[[-73.39598,50.49305],[-73.272232,50.730998]],[[-73.87241,50.267953],[-73.905998,50.200382]],[[-73.810536,50.389414],[-73.825562,50.360396]],[[-73.825562,50.360396],[-73.826446,50.358738]],[[-73.785786,50.439159],[-73.801697,50.407239]],[[-73.905998,50.200382],[-73.63994,50.017154]],[[-73.63994,50.017154],[-73.759269,49.779621]],[[-73.759269,49.779621],[-74.102227,49.73029]],[[-74.102227,49.73029],[-74.142004,49.724487]],[[-73.39598,50.49305],[-73.604584,50.464032]],[[-73.604584,50.464032],[-73.785786,50.439159]],[[-71.823496,51.358616],[-71.687373,51.59615]],[[-71.687373,51.59615],[-71.285192,51.642993]],[[-71.823496,51.358616],[-72.223026,51.3097]],[[-71.285192,51.642993],[-71.145534,51.880112]],[[-64.357956,52.224597],[-64.537391,51.997428]],[[-64.888305,51.543503],[-65.119006,51.746214]],[[-64.537391,51.997428],[-64.308457,51.793058]],[[-64.308457,51.793058],[-64.48524,51.566717]],[[-64.48524,51.566717],[-64.888305,51.543503]],[[-65.587481,52.152052],[-65.825254,52.354349]],[[-65.119006,51.746214],[-65.524723,51.720927]],[[-65.524723,51.720927],[-65.759844,51.92281]],[[-65.759844,51.92281],[-65.587481,52.152052]],[[-63.994667,52.678108],[-63.765733,52.47208]],[[-63.765733,52.47208],[-63.948704,52.245739]],[[-63.948704,52.245739],[-64.357956,52.224597]],[[-66.480234,52.528458],[-66.237158,52.326575]],[[-66.480234,52.528458],[-66.309639,52.759358]],[[-65.825254,52.354349],[-66.237158,52.326575]],[[-66.555367,52.961241],[-66.309639,52.759358]],[[-63.393605,52.923932],[-63.809929,52.904863]],[[-63.994667,52.678108],[-63.809929,52.904863]],[[-63.393605,52.923932],[-63.166439,52.71666]],[[-62.560074,52.957924],[-62.751884,52.733242]],[[-62.751884,52.733242],[-63.166439,52.71666]],[[-57.040913,51.962606],[-57.227419,52.177754]],[[-57.740973,51.400071],[-57.740973,51.400485]],[[-57.766607,51.429918],[-57.86207,51.538528]],[[-57.86207,51.538528],[-57.652582,51.752018]],[[-57.652582,51.752018],[-57.25482,51.75036]],[[-57.6296,52.179412],[-57.227419,52.177754]],[[-57.82141,52.394146],[-58.227126,52.394146]],[[-58.227126,52.394146],[-58.422471,52.608464]],[[-57.6296,52.179412],[-57.82141,52.394146]],[[-59.040327,52.39],[-58.831724,52.606806]],[[-58.831724,52.606806],[-58.422471,52.608464]],[[-61.293425,52.565352],[-60.882405,52.575716]],[[-60.882405,52.575716],[-60.672033,52.364713]],[[-60.672033,52.364713],[-60.263665,52.373418]],[[-59.447812,52.385855],[-59.040327,52.39]],[[-61.5091,52.775525],[-61.922772,52.763089]],[[-61.922772,52.763089],[-62.143751,52.972433]],[[-61.293425,52.565352],[-61.5091,52.775525]],[[-62.560074,52.957924],[-62.143751,52.972433]],[[-59.651112,52.598515],[-60.061248,52.592297]],[[-59.447812,52.385855],[-59.651112,52.598515]],[[-60.061248,52.592297],[-60.263665,52.373418]],[[-77.015609,47.936976],[-76.711542,47.990452]],[[-76.711542,47.990452],[-76.65232,48.000816]],[[-79.555979,48.34613],[-79.193574,48.417846]],[[-79.189154,48.429453],[-79.142307,48.561278]],[[-79.142307,48.561693],[-79.107834,48.658281]],[[-79.107834,48.658281],[-78.741894,48.729168]],[[-78.741894,48.729168],[-78.490862,48.574958]],[[-78.490862,48.574958],[-78.464345,48.558376]],[[-78.464345,48.558376],[-78.496165,48.474224]],[[-78.496165,48.474224],[-78.55362,48.31877]],[[-79.193574,48.417846],[-79.189154,48.429453]],[[-78.55362,48.31877],[-78.28049,48.148393]],[[-78.28049,48.148393],[-78.369766,47.909616]],[[-78.099288,47.739239],[-77.738651,47.806395]],[[-75.080721,48.482515],[-75.056855,48.534747]],[[-75.030337,48.591954],[-75.01973,48.613925]],[[-75.053319,48.540551],[-75.033873,48.583249]],[[-74.98349,48.693517],[-74.971999,48.717561]],[[-74.487614,49.011887],[-74.111067,49.06785]],[[-73.995274,49.304969],[-74.25868,49.486539]],[[-74.25868,49.486539],[-74.142004,49.724487]],[[-74.111067,49.06785],[-73.995274,49.304969]],[[-75.530633,48.24208],[-75.556266,48.184873]],[[-75.556266,48.184873],[-75.923091,48.124764]],[[-75.923091,48.124764],[-76.186497,48.30053]],[[-76.186497,48.30053],[-76.553322,48.238349]],[[-76.65232,48.000816],[-76.553322,48.238349]],[[-75.139943,48.471322],[-75.172648,48.466348]],[[-75.081604,48.480442],[-75.087792,48.479613]],[[-74.991445,48.730826],[-74.971999,48.717561]],[[-75.236289,48.896644],[-75.00824,48.742019]],[[-75.437822,48.424064],[-75.451081,48.421992]],[[-75.366225,48.435672],[-75.411304,48.42821]],[[-75.296396,48.44645],[-75.34943,48.438159]],[[-75.188558,48.46386],[-75.214192,48.459715]],[[-75.110774,48.476297],[-75.133755,48.472566]],[[-77.283435,48.110255],[-77.646724,48.044343]],[[-77.738651,47.806395],[-77.646724,48.044343]],[[-77.283435,48.110255],[-77.106652,47.995841]],[[-77.106652,47.995841],[-77.015609,47.936976]],[[-74.75102,49.192213],[-75.126684,49.134177]],[[-75.236289,48.896644],[-75.126684,49.134177]],[[-74.75102,49.192213],[-74.487614,49.011887]]]}},{"type":"Feature","properties":{"kind":"border","from_year":1880,"to_year":1880,"a":"nova_scotia","b":"prince_edward_island"},"geometry":{"type":"MultiLineString","coordinates":[[[-63.901856,46.083138],[-63.885946,46.067386]],[[-63.16202,45.714609],[-62.81199,45.734507]],[[-63.251295,45.80498],[-63.242456,45.79586]],[[-63.207099,45.760209],[-63.197376,45.750675]],[[-63.186769,45.739067],[-63.16202,45.714609]],[[-62.81199,45.734507],[-62.789008,45.765598]]]}},{"type":"Feature","properties":{"kind":"border","from_year":1880,"to_year":1880,"a":"ontario","b":"quebec"},"geometry":{"type":"MultiLineString","coordinates":[[[-75.923888,45.360806],[-75.811843,45.410873]],[[-75.811843,45.410873],[-75.692616,45.370082]],[[-76.043834,45.401359],[-75.923888,45.360806]],[[-75.579853,45.419911],[-75.692616,45.370082]],[[-75.116077,45.436451],[-75.104586,45.462567]],[[-75.104586,45.462567],[-75.014427,45.667766]],[[-75.014427,45.667766],[-74.788145,45.70466]],[[-74.788145,45.70466],[-74.667049,45.724144]],[[-74.667049,45.724144],[-74.546836,45.637504]],[[-74.423972,45.548792],[-74.488498,45.406189]],[[-74.489382,45.406189],[-74.528274,45.31872]],[[-74.528274,45.31872],[-74.358563,45.195187]],[[-74.318786,45.166168],[-74.287849,45.143783]],[[-74.287849,45.143783],[-74.355911,44.995791]],[[-74.355911,44.995791],[-74.356795,44.992475]],[[-75.116077,45.436451],[-75.27253,45.410749]],[[-75.27253,45.410749],[-75.460804,45.378829]],[[-77.408067,46.1134],[-77.612251,46.248127]],[[-77.612251,46.248127],[-77.665286,46.282948]],[[-76.898048,45.77306],[-77.242775,45.710049]],[[-77.242775,45.710049],[-77.497342,45.879183]],[[-77.497342,45.879183],[-77.408067,46.1134]],[[-77.665286,46.282948],[-78.013548,46.217036]],[[-78.013548,46.217036],[-78.274303,46.385755]],[[-76.321736,45.660304],[-76.300522,45.664035]],[[-76.300522,45.664035],[-76.051258,45.492]],[[-76.646133,45.602683],[-76.645249,45.602683]],[[-76.898048,45.77306],[-76.646133,45.602683]],[[-79.60813,47.222303],[-79.688566,46.984355]],[[-79.688566,46.984355],[-79.418972,46.818124]],[[-79.445489,47.699443],[-79.17236,47.531967]],[[-79.17236,47.531967],[-79.225395,47.379415]],[[-79.225395,47.379415],[-79.255448,47.293605]],[[-79.255448,47.293605],[-79.60813,47.222303]],[[-79.068942,46.88901],[-79.418972,46.818124]],[[-78.885972,46.485245],[-78.621681,46.31777]],[[-78.885972,46.485245],[-78.802,46.721535]],[[-78.274303,46.385755],[-78.621681,46.31777]],[[-79.068942,46.88901],[-78.802,46.721535]],[[-79.639067,48.10611],[-79.555979,48.34613]],[[-79.362401,47.938634],[-79.627576,48.099477]]]}},{"type":"Feature","properties":{"kind":"label","from_year":1880,"to_year":1880,"jurisdiction":"british_columbia","name":"British Columbia","sovereign":"Canada","status":"province","h3":"8412aa7ffffffff"},"geometry":{"type":"Point","coordinates":[-125.27189,54.03228]}},{"type":"Feature","properties":{"kind":"label","from_year":1880,"to_year":1880,"jurisdiction":"district_of_keewatin","name":"District of Keewatin","sovereign":"Canada","status":"district","h3":"840e9c7ffffffff"},"geometry":{"type":"Point","coordinates":[-96.00869,56.90393]}},{"type":"Feature","properties":{"kind":"label","from_year":1880,"to_year":1880,"jurisdiction":"manitoba","name":"Manitoba","sovereign":"Canada","status":"province","h3":"85271c83fffffff"},"geometry":{"type":"Point","coordinates":[-97.31006,49.7962]}},{"type":"Feature","properties":{"kind":"label","from_year":1880,"to_year":1880,"jurisdiction":"new_brunswick","name":"New Brunswick","sovereign":"Canada","status":"province","h3":"842b025ffffffff"},"geometry":{"type":"Point","coordinates":[-66.28033,46.52931]}},{"type":"Feature","properties":{"kind":"label","from_year":1880,"to_year":1880,"jurisdiction":"newfoundland","name":"Newfoundland","sovereign":"Britain","status":"colony","h3":"841b987ffffffff"},"geometry":{"type":"Point","coordinates":[-56.51042,48.97737]}},{"type":"Feature","properties":{"kind":"label","from_year":1880,"to_year":1880,"jurisdiction":"northwest_territories","name":"North-West Territories","sovereign":"Canada","status":"territory","h3":"841311dffffffff"},"geometry":{"type":"Point","coordinates":[-127.38167,65.13294]}},{"type":"Feature","properties":{"kind":"label","from_year":1880,"to_year":1880,"jurisdiction":"nova_scotia","name":"Nova Scotia","sovereign":"Canada","status":"province","h3":"842b011ffffffff"},"geometry":{"type":"Point","coordinates":[-63.39259,45.25509]}},{"type":"Feature","properties":{"kind":"label","from_year":1880,"to_year":1880,"jurisdiction":"ontario","name":"Ontario","sovereign":"Canada","status":"province","h3":"8427653ffffffff"},"geometry":{"type":"Point","coordinates":[-82.47443,47.49261]}},{"type":"Feature","properties":{"kind":"label","from_year":1880,"to_year":1880,"jurisdiction":"prince_edward_island","name":"Prince Edward Island","sovereign":"Canada","status":"province","h3":"842b055ffffffff"},"geometry":{"type":"Point","coordinates":[-62.87475,46.27223]}},{"type":"Feature","properties":{"kind":"label","from_year":1880,"to_year":1880,"jurisdiction":"quebec","name":"Quebec","sovereign":"Canada","status":"province","h3":"840e4b5ffffffff"},"geometry":{"type":"Point","coordinates":[-70.3091,49.55966]}},{"type":"Feature","properties":{"kind":"border","from_year":1881,"to_year":1881,"a":"british_columbia","b":"northwest_territories"},"geometry":{"type":"MultiLineString","coordinates":[[[-119.809437,58.635095],[-120.000362,58.651262]],[[-120.000362,58.651262],[-120.242555,58.671575]],[[-120.242555,58.671575],[-120.422873,58.892526]],[[-120.422873,58.892526],[-120.167422,59.078656]],[[-119.634422,58.4129],[-119.809437,58.635095]],[[-120.167422,59.078656],[-120.349508,59.300022]],[[-120.349508,59.300022],[-120.090522,59.486567]],[[-119.888105,58.228843],[-119.713974,58.007062]],[[-119.713974,58.007062],[-119.964122,57.823419]],[[-119.634422,58.4129],[-119.888105,58.228843]],[[-119.792642,57.602468],[-119.964122,57.823419]],[[-120.011853,59.895721],[-120.198359,60.117916]],[[-120.911678,59.962048],[-120.650923,60.15108]],[[-120.650923,60.15108],[-120.198359,60.117916]],[[-120.011853,59.895721],[-120.27526,59.708348]],[[-120.090522,59.486567],[-120.27526,59.708348]],[[-121.61439,59.803693],[-121.360706,59.993139]],[[-121.360706,59.993139],[-120.911678,59.962048]],[[-122.059883,59.832296],[-121.61439,59.803693]],[[-120.086102,55.994869],[-120.251394,56.214162]],[[-120.251394,56.214162],[-120.015389,56.394903]],[[-120.086102,55.994869],[-120.319455,55.814957]],[[-120.155047,55.596078],[-120.319455,55.814957]],[[-120.182449,56.614611],[-120.000362,56.753068]],[[-120.015389,56.394903],[-120.182449,56.614611]],[[-120.000362,56.753068],[-119.942908,56.796181]],[[-120.384865,55.416995],[-120.222225,55.198946]],[[-120.155047,55.596078],[-120.384865,55.416995]],[[-119.674198,54.939441],[-119.833303,55.15832]],[[-120.222225,55.198946],[-119.833303,55.15832]],[[-119.674198,54.939441],[-119.903132,54.762431]],[[-119.746679,54.543967],[-119.903132,54.762431]],[[-120.039255,57.419654],[-120.000362,57.369494]],[[-120.000362,57.100456],[-120.111736,57.016303]],[[-120.000362,57.369494],[-119.868659,57.198702]],[[-119.868659,57.198702],[-120.000362,57.100456]],[[-119.942908,56.796181],[-120.000362,56.871213]],[[-120.000362,56.871213],[-120.111736,57.016303]],[[-119.792642,57.602468],[-120.000362,57.448258]],[[-120.000362,57.448258],[-120.039255,57.419654]],[[-123.599661,60.122891],[-124.045154,60.144447]],[[-122.257879,60.049931],[-122.706024,60.075633]],[[-125.601727,60.004332],[-125.378097,60.198752]],[[-125.378097,60.198752],[-124.934372,60.182171]],[[-124.934372,60.182171],[-124.750518,60.000186]],[[-124.750518,60.000186],[-124.720465,59.970754]],[[-124.720465,59.970754],[-124.278508,59.95127]],[[-126.041033,60.018841],[-125.601727,60.004332]],[[-124.045154,60.144447],[-124.278508,59.95127]],[[-126.041033,60.018841],[-126.262895,60.227356]],[[-123.392825,59.908572],[-122.9491,59.884529]],[[-122.706024,60.075633],[-122.9491,59.884529]],[[-123.392825,59.908572],[-123.599661,60.122891]],[[-116.917269,51.763625],[-116.5584,51.708905]],[[-116.5584,51.708905],[-116.430232,51.487954]],[[-116.430232,51.487954],[-116.073131,51.431576]],[[-116.073131,51.431576],[-115.948499,51.21021]],[[-116.917269,51.763625],[-117.048972,51.984162]],[[-117.409609,52.036809],[-117.048972,51.984162]],[[-115.472069,50.929979],[-115.594049,51.152174]],[[-115.948499,51.21021],[-115.594049,51.152174]],[[-115.472069,50.929979],[-115.702771,50.767478]],[[-115.232528,50.486832],[-115.581675,50.546526]],[[-115.581675,50.546526],[-115.702771,50.767478]],[[-117.907253,52.307506],[-118.045144,52.526799]],[[-117.543964,52.256517],[-117.907253,52.307506]],[[-117.409609,52.036809],[-117.543964,52.256517]],[[-118.4102,52.575716],[-118.045144,52.526799]],[[-114.316793,49.31782],[-114.428166,49.538771]],[[-114.543959,49.160708],[-114.463523,49.001109]],[[-114.768473,49.601782],[-114.499764,49.552451]],[[-114.499764,49.552451],[-114.428166,49.538771]],[[-114.316793,49.31782],[-114.543959,49.160708]],[[-115.114968,50.265466],[-114.768473,50.203699]],[[-114.768473,50.203699],[-114.653565,49.981918]],[[-114.653565,49.981918],[-114.719858,49.936318]],[[-114.719858,49.936318],[-114.883382,49.822733]],[[-114.768473,49.601782],[-114.883382,49.822733]],[[-115.114968,50.265466],[-115.232528,50.486832]],[[-120.105548,53.581812],[-119.952631,53.365421]],[[-119.952631,53.365421],[-119.582271,53.322308]],[[-119.582271,53.322308],[-119.432889,53.104673]],[[-119.885453,53.756749],[-120.105548,53.581812]],[[-120.039255,53.97397],[-120.000362,53.918836]],[[-120.000362,53.918836],[-119.885453,53.756749]],[[-119.064297,53.059488],[-118.840667,53.231938]],[[-118.840667,53.231938],[-118.470307,53.185094]],[[-118.470307,53.185094],[-118.327113,52.965801]],[[-118.327113,52.965801],[-118.552511,52.794594]],[[-118.4102,52.575716],[-118.552511,52.794594]],[[-119.432889,53.104673],[-119.064297,53.059488]],[[-120.000362,54.005061],[-120.039255,53.97397]],[[-119.972077,54.367372],[-119.816508,54.149736]],[[-119.816508,54.149736],[-120.000362,54.005061]],[[-119.746679,54.543967],[-119.972077,54.367372]],[[-130.79826,60.083924],[-131.223422,60.081437]],[[-134.564619,60.013866],[-134.413469,60.214505]],[[-134.413469,60.214505],[-133.998029,60.226941]],[[-133.998029,60.226941],[-133.739043,60.038324]],[[-133.739043,60.038324],[-133.323603,60.048688]],[[-133.323603,60.048688],[-133.069036,59.858412]],[[-134.974755,59.999772],[-134.564619,60.013866]],[[-134.974755,59.999772],[-134.986246,60.008477]],[[-134.986246,60.008477],[-135.239045,60.185072]],[[-132.653596,59.866703],[-132.543107,60.000186]],[[-132.543107,60.000186],[-132.488304,60.065684]],[[-132.488304,60.065684],[-132.068445,60.072317]],[[-132.068445,60.072317],[-131.818297,59.878725]],[[-131.818297,59.878725],[-131.399321,59.88287]],[[-133.069036,59.858412],[-132.653596,59.866703]],[[-131.223422,60.081437],[-131.295019,60.000186]],[[-131.295019,60.000186],[-131.399321,59.88287]],[[-128.142097,60.000186],[-127.990948,59.866289]],[[-128.850112,59.878725],[-128.653884,60.076048]],[[-128.653884,60.076048],[-128.221649,60.069829]],[[-128.221649,60.069829],[-128.142097,60.000186]],[[-127.990948,59.866289],[-127.558714,59.857998]],[[-129.278811,59.88287],[-128.850112,59.878725]],[[-129.5157,60.083095],[-129.944398,60.084753]],[[-129.278811,59.88287],[-129.5157,60.083095]],[[-126.703085,60.239378],[-126.916108,60.043713]],[[-126.916108,60.043713],[-127.352762,60.054077]],[[-126.703085,60.239378],[-126.262895,60.227356]],[[-127.352762,60.054077],[-127.558714,59.857998]],[[-130.555183,59.887016],[-130.130904,59.887016]],[[-130.555183,59.887016],[-130.79826,60.083924]],[[-129.944398,60.084753],[-130.024835,60.000186]],[[-130.024835,60.000186],[-130.130904,59.887016]],[[-137.395796,59.890332],[-136.997151,59.911474]],[[-137.668926,60.068586],[-138.067571,60.045371]],[[-136.939696,60.000186],[-136.997151,59.911474]],[[-137.395796,59.890332],[-137.668926,60.068586]],[[-136.866331,60.112113],[-136.939696,60.000186]],[[-138.187783,59.844732],[-138.581125,59.820274]],[[-138.067571,60.045371],[-138.187783,59.844732]],[[-136.193673,59.950441],[-136.462383,60.132011]],[[-135.648298,60.168491],[-135.78884,59.967852]],[[-135.78884,59.967852],[-136.193673,59.950441]],[[-135.648298,60.168491],[-135.239045,60.185072]],[[-136.866331,60.112113],[-136.462383,60.132011]]]}},{"type":"Feature","properties":{"kind":"border","from_year":1881,"to_year":1881,"a":"district_of_keewatin","b":"manitoba"},"geometry":{"type":"MultiLineString","coordinates":[[[-95.089005,52.888281],[-95.450526,53.013888]],[[-95.450526,53.013888],[-95.803208,52.88911]],[[-95.803208,52.88911],[-96.166497,53.01223]],[[-98.888953,52.926834],[-99.006513,52.962899]],[[-97.225426,52.877503],[-96.879815,53.006011]],[[-96.879815,53.006011],[-96.514759,52.885379]],[[-97.451708,52.950877],[-97.225426,52.877503]],[[-96.166497,53.01223],[-96.514759,52.885379]],[[-99.710109,52.940099],[-99.341517,52.828587]],[[-99.006513,52.962899],[-99.341517,52.828587]]]}},{"type":"Feature","properties":{"kind":"border","from_year":1881,"to_year":1881,"a":"district_of_keewatin","b":"northwest_territories"},"geometry":{"type":"MultiLineString","coordinates":[[[-97.900737,68.475939],[-97.559546,68.415001]],[[-97.052179,68.540193],[-97.141454,68.518222]],[[-97.521537,68.424535],[-97.559546,68.415001]],[[-97.277577,68.484644],[-97.47027,68.436971]],[[-100.335037,67.835884],[-100.296144,67.686648]],[[-94.723948,71.834983],[-94.723065,71.834983]],[[-94.623182,71.854052],[-94.449935,71.887215]],[[-94.727484,71.835397],[-94.723948,71.834983]],[[-95.191539,71.911673],[-94.859187,71.857368]],[[-90.891296,55.957974],[-90.869198,56.211675]],[[-91.253701,56.350961],[-90.869198,56.211675]],[[-90.891296,55.957974],[-91.291709,55.84356]],[[-91.310271,55.590274],[-91.291709,55.84356]],[[-90.933724,55.451402],[-91.310271,55.590274]],[[-91.253701,56.350961],[-91.234255,56.604662]],[[-91.234255,56.604662],[-90.825002,56.719905]],[[-90.954938,55.198116],[-90.58281,55.058415]],[[-90.58281,55.058415],[-90.605792,54.805544]],[[-90.605792,54.805544],[-90.995598,54.692788]],[[-90.651755,54.301045],[-91.015928,54.440746]],[[-91.015928,54.440746],[-90.995598,54.692788]],[[-90.954938,55.198116],[-90.933724,55.451402]],[[-90.802021,56.97402],[-91.194479,57.113307]],[[-91.194479,57.113307],[-91.183872,57.240986]],[[-90.825002,56.719905],[-90.802021,56.97402]],[[-99.821482,58.44938],[-100.252833,58.557161]],[[-100.252833,58.557161],[-100.29968,58.808374]],[[-100.29968,58.808374],[-99.90899,58.952221]],[[-99.779054,58.198166],[-99.821482,58.44938]],[[-99.90899,58.952221],[-99.953186,59.203434]],[[-100.161789,58.055563],[-100.11671,57.804765]],[[-99.779054,58.198166],[-100.161789,58.055563]],[[-99.654423,57.445356],[-99.695083,57.696154]],[[-100.11671,57.804765],[-99.695083,57.696154]],[[-99.654423,57.445356],[-100.029202,57.303582]],[[-99.986774,57.053198],[-100.029202,57.303582]],[[-100.062791,59.802449],[-100.064559,59.812398]],[[-100.09196,59.958317],[-100.016827,59.985263]],[[-100.07605,59.872507],[-100.09196,59.958317]],[[-100.045113,59.706689],[-100.047764,59.722857]],[[-99.878053,60.034593],[-99.830321,60.051589]],[[-99.699502,60.180098],[-99.70569,60.212432]],[[-99.687127,60.108796],[-99.689779,60.122062]],[[-100.443758,59.561599],[-100.395143,59.310386]],[[-100.395143,59.310386],[-99.953186,59.203434]],[[-100.045113,59.706689],[-100.443758,59.561599]],[[-99.821482,60.858705],[-99.86833,61.110748]],[[-99.581058,62.012794],[-99.627905,62.264836]],[[-91.130837,52.933052],[-91.112275,53.183436]],[[-91.112275,53.183436],[-90.738379,53.294948]],[[-90.738379,53.294948],[-90.717165,53.546161]],[[-90.673853,54.049002],[-90.651755,54.301045]],[[-86.435484,66.054177],[-86.507965,65.800476]],[[-86.507965,65.800476],[-86.481447,65.7926]],[[-86.020928,65.614346],[-86.085454,65.395467]],[[-86.085454,65.395467],[-86.122578,65.388835]],[[-86.011205,65.647095],[-86.020044,65.618077]],[[-85.89718,66.148692],[-86.435484,66.054177]],[[-86.429296,67.971439],[-86.492938,67.76624]],[[-99.934623,66.18683],[-99.992078,66.437215]],[[-99.992078,66.437215],[-99.482943,66.585207]],[[-99.934623,66.18683],[-100.432267,66.037595]],[[-99.822366,65.685233],[-100.371277,65.787211]],[[-100.371277,65.787211],[-100.432267,66.037595]],[[-99.482943,66.585207],[-99.536862,66.835591]],[[-100.109638,66.937568],[-99.536862,66.835591]],[[-96.989421,68.555116],[-96.595195,68.482157]],[[-96.594311,68.482157],[-96.467911,68.458528]],[[-99.648235,67.335944],[-99.70569,67.585914]],[[-100.296144,67.686648],[-99.70569,67.585914]],[[-99.648235,67.335944],[-100.170628,67.187538]],[[-100.109638,66.937568],[-100.125549,67.000164]],[[-100.125549,67.000164],[-100.170628,67.187538]],[[-83.880088,69.767655],[-83.602538,69.804964]],[[-82.676196,69.705474],[-82.647911,69.697183]],[[-82.244846,69.244087],[-82.349148,69.040961]],[[-81.939896,68.630149],[-81.574839,68.517393]],[[-81.685328,67.734735],[-81.799353,67.719397]],[[-81.939896,68.630149],[-81.80996,68.87846]],[[-82.349148,69.040961],[-81.901003,68.906234]],[[-81.873602,68.897944],[-81.80996,68.87846]],[[-85.804369,68.073002],[-85.717745,68.324216]],[[-86.376262,67.980145],[-86.429296,67.971439]],[[-85.755754,68.334579],[-85.717745,68.324216]],[[-85.804369,68.073002],[-85.869779,68.062639]],[[-82.605483,69.702987],[-82.647911,69.697183]],[[-82.134357,69.300051],[-82.20949,69.290516]],[[-81.54125,69.373839],[-81.695935,69.35477]],[[-85.351805,69.873779],[-85.317332,69.864659]],[[-81.54567,67.054884],[-81.454627,67.024622]],[[-83.89865,66.004017],[-84.158521,65.962562]],[[-84.999123,66.062467],[-85.048622,66.054177]],[[-81.420154,67.304854],[-81.923101,67.469842]],[[-81.923101,67.469842],[-81.799353,67.719397]],[[-81.54567,67.054884],[-81.420154,67.304854]],[[-90.924885,69.519759],[-90.92842,69.493228]],[[-90.929304,69.48701],[-90.946099,69.362232]],[[-90.947866,69.349796],[-90.947866,69.348552]],[[-90.947866,69.348552],[-90.815279,69.319534]],[[-90.783458,69.312487],[-90.731307,69.300465]],[[-90.68888,69.291345],[-90.498838,69.248647]],[[-95.870385,69.584842],[-95.780226,69.605155]],[[-95.771387,69.607227],[-95.721004,69.61842]],[[-95.396607,69.689721],[-95.278163,69.715838]],[[-95.278163,69.715838],[-94.71069,69.609714]],[[-100.223663,56.162759],[-100.181235,55.913204]],[[-100.05572,55.166611],[-100.097264,55.415337]],[[-100.097264,55.415337],[-99.74193,55.555038]],[[-99.665029,55.057172],[-100.05572,55.166611]],[[-99.627021,54.808446],[-99.665029,55.057172]],[[-99.627021,54.808446],[-99.975283,54.670403]],[[-99.74193,55.555038],[-99.780822,55.804179]],[[-100.181235,55.913204],[-99.780822,55.804179]],[[-100.355367,56.911424],[-100.311171,56.661454]],[[-99.986774,57.053198],[-100.355367,56.911424]],[[-99.861258,56.303289],[-99.902802,56.553259]],[[-100.311171,56.661454],[-99.902802,56.553259]],[[-99.861258,56.303289],[-100.223663,56.162759]],[[-100.236922,60.713615],[-100.187423,60.461573]],[[-100.187423,60.461573],[-99.755189,60.360424]],[[-100.336804,61.216871],[-99.86833,61.110748]],[[-99.821482,60.858705],[-100.236922,60.713615]],[[-100.013292,61.866875],[-99.964676,61.614832]],[[-99.964676,61.614832],[-100.388071,61.468499]],[[-100.336804,61.216871],[-100.388071,61.468499]],[[-100.114058,62.370959],[-99.627905,62.264836]],[[-99.581058,62.012794],[-100.013292,61.866875]],[[-100.436687,63.881141],[-100.494141,64.132354]],[[-100.494141,64.132354],[-100.030086,64.28076]],[[-99.924016,63.777505],[-100.436687,63.881141]],[[-99.872749,63.525462],[-99.924016,63.777505]],[[-99.872749,63.525462],[-100.325313,63.377885]],[[-100.030086,64.28076],[-100.084889,64.532388]],[[-100.084889,64.532388],[-99.611995,64.679551]],[[-100.271395,63.126257],[-99.772867,63.021378]],[[-99.772867,63.021378],[-99.723368,62.769335]],[[-99.723368,62.769335],[-100.165325,62.623002]],[[-100.114058,62.370959],[-100.165325,62.623002]],[[-100.271395,63.126257],[-100.325313,63.377885]],[[-99.663262,64.931179],[-100.196262,65.034815]],[[-100.196262,65.034815],[-100.253716,65.285613]],[[-100.253716,65.285613],[-99.768447,65.43402]],[[-99.611995,64.679551],[-99.663262,64.931179]],[[-99.768447,65.43402],[-99.822366,65.685233]],[[-91.055704,53.937076],[-91.074266,53.685448]],[[-91.074266,53.685448],[-90.717165,53.546161]],[[-90.673853,54.049002],[-91.055704,53.937076]],[[-99.736627,53.12084],[-99.710109,52.940099]],[[-99.908106,53.234425],[-99.819714,53.208309]],[[-100.098148,53.567718],[-99.820598,53.680059]],[[-100.128201,53.356301],[-100.130852,53.371224]],[[-100.156486,53.531652],[-100.158254,53.542845]],[[-100.158254,53.542845],[-100.138808,53.550721]],[[-100.280234,54.283634],[-99.936391,54.422091]],[[-99.858607,53.927127],[-100.23869,54.036566]],[[-100.23869,54.036566],[-100.280234,54.283634]],[[-99.820598,53.680059],[-99.858607,53.927127]],[[-99.936391,54.422091],[-99.975283,54.670403]]]}},{"type":"Feature","properties":{"kind":"border","from_year":1881,"to_year":1881,"a":"district_of_keewatin","b":"ontario_manitoba_disputed_area"},"geometry":{"type":"MultiLineString","coordinates":[[[-92.938442,52.860921],[-93.295543,52.993161]],[[-92.575153,52.977408],[-92.938442,52.860921]],[[-93.657064,52.874601],[-94.015049,53.004353]],[[-93.295543,52.993161],[-93.657064,52.874601]],[[-92.219819,52.843096],[-91.852995,52.95751]],[[-91.852995,52.95751],[-91.500313,52.820711]],[[-92.575153,52.977408],[-92.219819,52.843096]],[[-91.130837,52.933052],[-91.500313,52.820711]],[[-94.733672,53.011401],[-95.089005,52.888281]],[[-94.733672,53.011401],[-94.373918,52.883721]],[[-94.015049,53.004353],[-94.373918,52.883721]]]}},{"type":"Feature","properties":{"kind":"border","from_year":1881,"to_year":1881,"a":"manitoba","b":"northwest_territories"},"geometry":{"type":"MultiLineString","coordinates":[[[-101.432858,52.743191],[-101.386011,52.499025]],[[-101.386011,52.499025],[-101.705988,52.360153]],[[-101.658256,52.116402],[-101.697149,52.317455]],[[-101.697149,52.317455],[-101.705988,52.360153]],[[-101.294967,52.011522],[-101.658256,52.116402]],[[-101.108462,52.882478],[-101.432858,52.743191]],[[-100.853894,52.809103],[-100.810582,52.796667]],[[-101.108462,52.882478],[-101.028909,52.859678]],[[-100.990017,52.848485],[-100.944937,52.835634]],[[-100.944937,52.835634],[-100.933447,52.832318]],[[-101.689193,50.526628],[-101.686542,50.511704]],[[-101.644114,50.286193],[-101.447001,50.226499]],[[-101.447001,50.226499],[-101.296735,50.180899]],[[-101.296735,50.180899],[-101.276405,50.063583]],[[-101.276405,50.063583],[-101.254307,49.940464]],[[-101.254307,49.940464],[-101.417832,49.867504]],[[-101.417832,49.867504],[-101.554838,49.806152]],[[-101.78112,51.008742],[-101.428439,50.904277]],[[-101.384243,50.662598],[-101.508875,50.607464]],[[-101.508875,50.607464],[-101.689193,50.526628]],[[-101.170336,49.461252],[-101.392198,49.53048]],[[-101.417832,49.537942],[-101.510643,49.566546]],[[-101.510643,49.566546],[-101.554838,49.806152]],[[-101.128792,49.22206],[-101.170336,49.461252]],[[-101.249888,51.768185],[-101.294967,52.011522]],[[-101.570749,51.365249],[-101.713943,51.301409]],[[-101.747532,51.286486],[-101.828852,51.250421]],[[-101.564561,51.630557],[-101.518598,51.388049]],[[-101.518598,51.388049],[-101.570749,51.365249]],[[-101.78112,51.008742],[-101.828852,51.250421]],[[-101.249888,51.768185],[-101.564561,51.630557]],[[-100.236038,52.862165],[-100.284653,52.876259]],[[-99.710109,52.940099],[-99.764912,52.917714]],[[-100.449945,52.896987],[-100.669156,52.805373]],[[-101.424903,49.088992],[-101.408109,48.99945]],[[-101.128792,49.22206],[-101.424903,49.088992]]]}},{"type":"Feature","properties":{"kind":"border","from_year":1881,"to_year":1881,"a":"manitoba","b":"ontario_manitoba_disputed_area"},"geometry":{"type":"MultiLineString","coordinates":[[[-95.379813,51.032371],[-95.370974,50.786547]],[[-95.022711,50.41553],[-95.355063,50.295727]],[[-95.370974,50.786547],[-95.029783,50.661355]],[[-95.029783,50.661355],[-95.022711,50.41553]],[[-95.396607,51.525677],[-95.048345,51.400485]],[[-95.048345,51.400485],[-95.042158,51.153417]],[[-95.042158,51.153417],[-95.379813,51.032371]],[[-95.346224,50.050732],[-95.355063,50.295727]],[[-95.011221,49.925955],[-95.346224,50.050732]],[[-95.005033,49.681374],[-95.011221,49.925955]],[[-95.330314,49.5624],[-95.323242,49.319063]],[[-95.213637,49.605513],[-95.330314,49.5624]],[[-95.423125,52.268124],[-95.068675,52.142932]],[[-95.068675,52.142932],[-95.061604,51.895035]],[[-95.061604,51.895035],[-95.405446,51.772745]],[[-95.396607,51.525677],[-95.405446,51.772745]],[[-95.423125,52.268124],[-95.431964,52.516436]],[[-95.431964,52.516436],[-95.081934,52.639555]],[[-95.323242,49.319063],[-95.153531,49.255224]],[[-95.081934,52.639555],[-95.089005,52.888281]]]}},{"type":"Feature","properties":{"kind":"border","from_year":1881,"to_year":1881,"a":"new_brunswick","b":"nova_scotia"},"geometry":{"type":"MultiLineString","coordinates":[[[-63.901856,46.083138],[-64.116647,46.069044]],[[-64.116647,46.069044],[-64.255422,46.059924]],[[-64.410991,45.841874],[-64.255422,46.059924]],[[-64.410991,45.841874],[-64.513525,45.834827]],[[-64.570095,45.830681],[-64.762789,45.817001]],[[-64.808752,45.497389],[-64.715941,45.406604]],[[-64.715941,45.406604],[-64.76986,45.328255]],[[-64.909518,45.60517],[-64.887421,45.63709]]]}},{"type":"Feature","properties":{"kind":"border","from_year":1881,"to_year":1881,"a":"new_brunswick","b":"prince_edward_island"},"geometry":{"type":"MultiLineString","coordinates":[[[-63.850589,46.154025],[-63.901856,46.083138]],[[-64.104273,46.48566],[-63.941632,46.496023]],[[-63.941632,46.496023],[-63.933677,46.487733]],[[-63.916883,46.471151],[-63.869151,46.424722]],[[-63.838214,46.393631],[-63.834679,46.390315]],[[-63.783412,46.339326],[-63.744519,46.300359]],[[-63.744519,46.300359],[-63.745403,46.298701]]]}},{"type":"Feature","properties":{"kind":"border","from_year":1881,"to_year":1881,"a":"new_brunswick","b":"quebec"},"geometry":{"type":"MultiLineString","coordinates":[[[-68.467274,47.388121],[-68.326731,47.614876]],[[-68.553013,47.805566],[-68.383302,47.662963]],[[-68.383302,47.662963],[-68.326731,47.614876]],[[-68.467274,47.388121],[-68.778411,47.356201]],[[-68.778411,47.356201],[-68.83233,47.350812]],[[-68.924257,47.197845],[-68.837634,47.341692]],[[-68.837634,47.341692],[-68.83233,47.350812]],[[-67.814945,47.877282],[-67.445469,47.911689]],[[-67.445469,47.911689],[-67.223606,47.718926]],[[-68.553013,47.805566],[-68.469925,47.939463]],[[-68.469925,47.939463],[-68.411587,48.033565]],[[-68.411587,48.033565],[-68.040343,48.06963]],[[-68.040343,48.06963],[-67.959023,47.999987]],[[-67.959023,47.999987],[-67.814945,47.877282]],[[-66.704748,47.975943],[-66.855014,47.750846]],[[-66.855014,47.750846],[-67.223606,47.718926]],[[-66.579233,47.986721],[-66.633151,47.982161]],[[-66.633151,47.982161],[-66.704748,47.975943]],[[-66.117829,47.811784],[-65.911877,47.827951]],[[-65.781058,47.8379],[-65.749237,47.840387]],[[-66.330853,48.003303],[-66.117829,47.811784]],[[-65.318771,48.084139],[-65.536214,48.068386]],[[-65.749237,47.840387],[-65.747469,47.84246]],[[-65.222424,48.090772],[-65.170273,48.04227]]]}},{"type":"Feature","properties":{"kind":"border","from_year":1881,"to_year":1881,"a":"newfoundland","b":"northwest_territories"},"geometry":{"type":"MultiLineString","coordinates":[[[-63.085119,56.663113],[-62.835855,56.450866]],[[-63.126663,57.102943],[-62.91364,57.330942]],[[-62.873864,56.890697],[-63.126663,57.102943]],[[-62.377988,56.464546],[-62.835855,56.450866]],[[-63.085119,56.663113],[-62.873864,56.890697]],[[-63.641101,57.527435],[-63.169091,57.543602]],[[-63.169091,57.543602],[-62.91364,57.330942]],[[-61.657598,55.824077],[-62.106626,55.81247]],[[-62.106626,55.81247],[-62.346167,56.025545]],[[-62.346167,56.025545],[-62.134911,56.251471]],[[-61.657598,55.824077],[-61.42336,55.610173]],[[-61.42336,55.610173],[-61.634616,55.386319]],[[-62.377988,56.464546],[-62.134911,56.251471]],[[-64.981999,60.141131],[-64.964321,60.127865]],[[-64.949295,60.117087],[-64.692959,59.930128]],[[-64.692959,59.930128],[-64.911286,59.698399]],[[-64.547998,60.380737],[-64.728316,60.37369]],[[-64.436624,60.384882],[-64.508221,60.381981]],[[-63.903624,57.739267],[-63.641101,57.527435]],[[-64.068032,59.064147],[-64.56214,59.045078]],[[-64.56214,59.045078],[-64.843225,59.256081]],[[-64.843225,59.256081],[-64.626666,59.487396]],[[-64.068032,59.064147],[-64.023836,59.030155]],[[-64.014997,59.023522],[-63.878874,58.917814]],[[-63.87799,58.916984],[-63.794903,58.851901]],[[-63.794903,58.851901],[-64.012345,58.622244]],[[-64.911286,59.698399],[-64.626666,59.487396]],[[-63.691485,57.968509],[-63.957543,58.180341]],[[-63.957543,58.180341],[-63.741868,58.409998]],[[-63.903624,57.739267],[-63.691485,57.968509]],[[-64.012345,58.622244],[-63.741868,58.409998]],[[-56.423941,52.169878],[-56.607795,52.385855]],[[-56.607795,52.385855],[-56.415986,52.570326]],[[-56.411566,52.574472],[-56.387701,52.597272]],[[-56.423941,52.169878],[-56.641384,51.958875]],[[-56.641384,51.958875],[-57.040913,51.962606]],[[-56.387701,52.597272],[-56.573323,52.814078]],[[-56.980807,52.818638],[-56.573323,52.814078]],[[-57.25482,51.75036],[-57.11693,51.590761]],[[-57.11693,51.590761],[-57.070082,51.536041]],[[-57.070082,51.536041],[-57.194714,51.410849]],[[-56.94987,53.248105],[-57.142563,53.465325]],[[-57.558887,53.468642],[-57.306087,53.466984]],[[-57.289293,53.466569],[-57.142563,53.465325]],[[-56.94987,53.248105],[-57.171733,53.03503]],[[-56.980807,52.818638],[-57.171733,53.03503]],[[-57.558887,53.468642],[-57.756,53.685448]],[[-60.714461,54.096675],[-60.286647,54.104137]],[[-60.286647,54.104137],[-60.071855,53.890232]],[[-60.70297,53.662234],[-60.921297,53.874894]],[[-60.921297,53.874894],[-60.714461,54.096675]],[[-60.071855,53.890232],[-59.647577,53.895621]],[[-60.70297,53.662234],[-60.908038,53.440867]],[[-60.275156,53.236912],[-60.692363,53.228621]],[[-60.692363,53.228621],[-60.908038,53.440867]],[[-60.725068,54.531945],[-60.292834,54.538993]],[[-60.292834,54.538993],[-60.075391,54.324674]],[[-60.075391,54.324674],[-59.645809,54.329648]],[[-59.645809,54.329648],[-59.433669,54.1145]],[[-59.433669,54.1145],[-59.508802,54.037395]],[[-59.5309,54.014595],[-59.647577,53.895621]],[[-58.174975,53.686277],[-58.392418,53.4703]],[[-58.392418,53.4703],[-58.81051,53.469056]],[[-58.174975,53.686277],[-57.756,53.685448]],[[-58.81051,53.469056],[-59.024417,53.251836]],[[-59.024417,53.251836],[-59.440741,53.248519]],[[-60.064784,53.023837],[-59.649344,53.030055]],[[-59.440741,53.248519],[-59.649344,53.030055]],[[-60.064784,53.023837],[-60.275156,53.236912]],[[-61.40303,55.172829],[-60.962841,55.181949]],[[-60.962841,55.181949],[-60.736559,54.968045]],[[-60.736559,54.968045],[-60.948698,54.745435]],[[-60.725068,54.531945],[-60.948698,54.745435]],[[-61.40303,55.172829],[-61.634616,55.386319]]]}},{"type":"Feature","properties":{"kind":"border","from_year":1881,"to_year":1881,"a":"newfoundland","b":"quebec"},"geometry":{"type":"MultiLineString","coordinates":[[[-57.040913,51.962606],[-57.107207,51.897108]],[[-57.107207,51.897108],[-57.25482,51.75036]]]}},{"type":"Feature","properties":{"kind":"border","from_year":1881,"to_year":1881,"a":"northwest_territories","b":"ontario"},"geometry":{"type":"MultiLineString","coordinates":[[[-83.16942,51.219744],[-83.54862,51.133105]],[[-83.54862,51.133105],[-83.862409,51.292704]],[[-83.862409,51.292704],[-84.240725,51.204406]],[[-84.240725,51.204406],[-84.55805,51.361933]],[[-79.753976,48.754455],[-79.83618,48.513606]],[[-79.788448,49.648625],[-79.51797,49.489441]],[[-79.51797,49.432648],[-79.586032,49.237398]],[[-79.501176,49.479492],[-79.51797,49.432648]],[[-79.51797,49.489441],[-79.501176,49.479492]],[[-79.586032,49.237398],[-79.51797,49.196773]],[[-79.517087,48.801713],[-79.753976,48.754455]],[[-79.51797,49.196773],[-79.302295,49.068679]],[[-79.302295,49.068679],[-79.323509,49.009399]],[[-79.323509,49.009399],[-79.357982,48.912396]],[[-79.388035,48.827415],[-79.517087,48.801713]],[[-81.103713,50.975164],[-81.023277,51.220573]],[[-81.023277,51.220573],[-80.63789,51.298922]],[[-80.63789,51.298922],[-80.593694,51.274464]],[[-80.593694,51.274464],[-80.335591,51.130618]],[[-81.103713,50.975164],[-81.48468,50.895572]],[[-81.48468,50.895572],[-81.78963,51.06056]],[[-79.950205,51.206479],[-80.335591,51.130618]],[[-79.950205,51.206479],[-79.924571,51.192385]],[[-79.909544,51.184094],[-79.650558,51.036516]],[[-79.650558,51.036516],[-79.738065,50.791936]],[[-79.531229,50.377807],[-79.239537,50.20743]],[[-79.239537,50.20743],[-79.327929,49.964507]],[[-79.327929,49.964507],[-79.703592,49.891133]],[[-79.788448,49.648625],[-79.703592,49.891133]],[[-79.531229,50.377807],[-79.442838,50.621558]],[[-79.738065,50.791936],[-79.442838,50.621558]],[[-82.858283,51.058072],[-82.479083,51.142225]],[[-82.479083,51.142225],[-82.170597,50.978895]],[[-83.16942,51.219744],[-82.858283,51.058072]],[[-81.78963,51.06056],[-82.170597,50.978895]],[[-86.050981,50.99216],[-85.680621,51.086261]],[[-85.680621,51.086261],[-85.361528,50.931637]],[[-86.547741,51.099112],[-86.372726,51.144712]],[[-86.372726,51.144712],[-86.050981,50.99216]],[[-86.742202,51.048538],[-86.547741,51.099112]],[[-84.933713,51.271148],[-84.9894,51.023665]],[[-84.9894,51.023665],[-85.361528,50.931637]],[[-84.55805,51.361933],[-84.933713,51.271148]],[[-87.066599,51.199017],[-87.433423,51.100356]],[[-87.433423,51.100356],[-87.760471,51.249177]],[[-87.066599,51.199017],[-86.742202,51.048538]],[[-87.760471,51.249177],[-88.126412,51.148443]],[[-88.126412,51.148443],[-88.455228,51.294777]],[[-90.918697,51.051025],[-90.584578,50.911739]],[[-90.229244,51.01952],[-90.584578,50.911739]],[[-90.229244,51.01952],[-89.897776,50.878575]],[[-88.851222,50.944488],[-89.210091,50.840852]],[[-89.210091,50.840852],[-89.539791,50.983869]],[[-88.819401,51.192385],[-88.851222,50.944488]],[[-89.539791,50.983869],[-89.897776,50.878575]],[[-88.455228,51.294777],[-88.819401,51.192385]],[[-79.83618,48.513606],[-79.555979,48.34613]]]}},{"type":"Feature","properties":{"kind":"border","from_year":1881,"to_year":1881,"a":"northwest_territories","b":"ontario_manitoba_disputed_area"},"geometry":{"type":"MultiLineString","coordinates":[[[-90.779923,52.793765],[-91.130837,52.933052]],[[-90.801137,52.543796],[-90.779923,52.793765]],[[-91.167961,52.432698],[-91.185639,52.183558]],[[-90.801137,52.543796],[-91.167961,52.432698]],[[-90.918697,51.051025],[-90.899251,51.298922]],[[-91.23779,51.436965],[-90.899251,51.298922]],[[-90.861243,51.795545],[-90.840913,52.044686]],[[-91.185639,52.183558],[-90.840913,52.044686]],[[-90.861243,51.795545],[-91.220996,51.685277]],[[-91.23779,51.436965],[-91.220996,51.685277]]]}},{"type":"Feature","properties":{"kind":"border","from_year":1881,"to_year":1881,"a":"northwest_territories","b":"quebec"},"geometry":{"type":"MultiLineString","coordinates":[[[-69.057728,52.757285],[-69.473168,52.718318]],[[-69.473168,52.718318],[-69.736575,52.913983]],[[-69.736575,52.913983],[-70.152898,52.872529]],[[-68.799625,52.560377],[-68.385953,52.597272]],[[-68.385953,52.597272],[-68.13227,52.39912]],[[-69.057728,52.757285],[-68.799625,52.560377]],[[-67.555958,52.666501],[-67.719482,52.433527]],[[-67.719482,52.433527],[-68.13227,52.39912]],[[-70.30228,52.63541],[-70.037989,52.441403]],[[-70.037989,52.441403],[-70.186487,52.205114]],[[-70.186487,52.205114],[-70.595739,52.162001]],[[-70.595739,52.162001],[-70.860914,52.354764]],[[-70.860914,52.354764],[-71.27105,52.309164]],[[-71.411592,52.071216],[-71.27105,52.309164]],[[-71.145534,51.880112],[-71.411592,52.071216]],[[-70.30228,52.63541],[-70.152898,52.872529]],[[-67.141402,52.698835],[-67.555958,52.666501]],[[-66.973458,52.930979],[-67.141402,52.698835]],[[-66.555367,52.961241],[-66.873576,52.938441]],[[-66.873576,52.938441],[-66.884183,52.937612]],[[-66.884183,52.937612],[-66.973458,52.930979]],[[-72.750722,51.021593],[-72.87889,50.783645]],[[-72.87889,50.783645],[-73.049485,50.760845]],[[-73.152019,50.747165],[-73.272232,50.730998]],[[-72.223026,51.3097],[-72.354729,51.072167]],[[-72.354729,51.072167],[-72.750722,51.021593]],[[-73.39598,50.49305],[-73.272232,50.730998]],[[-73.87241,50.267953],[-73.905998,50.200382]],[[-73.810536,50.389414],[-73.825562,50.360396]],[[-73.825562,50.360396],[-73.826446,50.358738]],[[-73.785786,50.439159],[-73.801697,50.407239]],[[-73.905998,50.200382],[-73.63994,50.017154]],[[-73.63994,50.017154],[-73.759269,49.779621]],[[-73.759269,49.779621],[-74.102227,49.73029]],[[-74.102227,49.73029],[-74.142004,49.724487]],[[-73.39598,50.49305],[-73.604584,50.464032]],[[-73.604584,50.464032],[-73.785786,50.439159]],[[-71.823496,51.358616],[-71.687373,51.59615]],[[-71.687373,51.59615],[-71.285192,51.642993]],[[-71.823496,51.358616],[-72.223026,51.3097]],[[-71.285192,51.642993],[-71.145534,51.880112]],[[-64.357956,52.224597],[-64.537391,51.997428]],[[-64.888305,51.543503],[-65.119006,51.746214]],[[-64.537391,51.997428],[-64.308457,51.793058]],[[-64.308457,51.793058],[-64.48524,51.566717]],[[-64.48524,51.566717],[-64.888305,51.543503]],[[-65.587481,52.152052],[-65.825254,52.354349]],[[-65.119006,51.746214],[-65.524723,51.720927]],[[-65.524723,51.720927],[-65.759844,51.92281]],[[-65.759844,51.92281],[-65.587481,52.152052]],[[-63.994667,52.678108],[-63.765733,52.47208]],[[-63.765733,52.47208],[-63.948704,52.245739]],[[-63.948704,52.245739],[-64.357956,52.224597]],[[-66.480234,52.528458],[-66.237158,52.326575]],[[-66.480234,52.528458],[-66.309639,52.759358]],[[-65.825254,52.354349],[-66.237158,52.326575]],[[-66.555367,52.961241],[-66.309639,52.759358]],[[-63.393605,52.923932],[-63.809929,52.904863]],[[-63.994667,52.678108],[-63.809929,52.904863]],[[-63.393605,52.923932],[-63.166439,52.71666]],[[-62.560074,52.957924],[-62.751884,52.733242]],[[-62.751884,52.733242],[-63.166439,52.71666]],[[-57.040913,51.962606],[-57.227419,52.177754]],[[-57.740973,51.400071],[-57.740973,51.400485]],[[-57.766607,51.429918],[-57.86207,51.538528]],[[-57.86207,51.538528],[-57.652582,51.752018]],[[-57.652582,51.752018],[-57.25482,51.75036]],[[-57.6296,52.179412],[-57.227419,52.177754]],[[-57.82141,52.394146],[-58.227126,52.394146]],[[-58.227126,52.394146],[-58.422471,52.608464]],[[-57.6296,52.179412],[-57.82141,52.394146]],[[-59.040327,52.39],[-58.831724,52.606806]],[[-58.831724,52.606806],[-58.422471,52.608464]],[[-61.293425,52.565352],[-60.882405,52.575716]],[[-60.882405,52.575716],[-60.672033,52.364713]],[[-60.672033,52.364713],[-60.263665,52.373418]],[[-59.447812,52.385855],[-59.040327,52.39]],[[-61.5091,52.775525],[-61.922772,52.763089]],[[-61.922772,52.763089],[-62.143751,52.972433]],[[-61.293425,52.565352],[-61.5091,52.775525]],[[-62.560074,52.957924],[-62.143751,52.972433]],[[-59.651112,52.598515],[-60.061248,52.592297]],[[-59.447812,52.385855],[-59.651112,52.598515]],[[-60.061248,52.592297],[-60.263665,52.373418]],[[-77.015609,47.936976],[-76.711542,47.990452]],[[-76.711542,47.990452],[-76.65232,48.000816]],[[-79.555979,48.34613],[-79.193574,48.417846]],[[-79.189154,48.429453],[-79.142307,48.561278]],[[-79.142307,48.561693],[-79.107834,48.658281]],[[-79.107834,48.658281],[-78.741894,48.729168]],[[-78.741894,48.729168],[-78.490862,48.574958]],[[-78.490862,48.574958],[-78.464345,48.558376]],[[-78.464345,48.558376],[-78.496165,48.474224]],[[-78.496165,48.474224],[-78.55362,48.31877]],[[-79.193574,48.417846],[-79.189154,48.429453]],[[-78.55362,48.31877],[-78.28049,48.148393]],[[-78.28049,48.148393],[-78.369766,47.909616]],[[-78.099288,47.739239],[-77.738651,47.806395]],[[-75.080721,48.482515],[-75.056855,48.534747]],[[-75.030337,48.591954],[-75.01973,48.613925]],[[-75.053319,48.540551],[-75.033873,48.583249]],[[-74.98349,48.693517],[-74.971999,48.717561]],[[-74.487614,49.011887],[-74.111067,49.06785]],[[-73.995274,49.304969],[-74.25868,49.486539]],[[-74.25868,49.486539],[-74.142004,49.724487]],[[-74.111067,49.06785],[-73.995274,49.304969]],[[-75.530633,48.24208],[-75.556266,48.184873]],[[-75.556266,48.184873],[-75.923091,48.124764]],[[-75.923091,48.124764],[-76.186497,48.30053]],[[-76.186497,48.30053],[-76.553322,48.238349]],[[-76.65232,48.000816],[-76.553322,48.238349]],[[-75.139943,48.471322],[-75.172648,48.466348]],[[-75.081604,48.480442],[-75.087792,48.479613]],[[-74.991445,48.730826],[-74.971999,48.717561]],[[-75.236289,48.896644],[-75.00824,48.742019]],[[-75.437822,48.424064],[-75.451081,48.421992]],[[-75.366225,48.435672],[-75.411304,48.42821]],[[-75.296396,48.44645],[-75.34943,48.438159]],[[-75.188558,48.46386],[-75.214192,48.459715]],[[-75.110774,48.476297],[-75.133755,48.472566]],[[-77.283435,48.110255],[-77.646724,48.044343]],[[-77.738651,47.806395],[-77.646724,48.044343]],[[-77.283435,48.110255],[-77.106652,47.995841]],[[-77.106652,47.995841],[-77.015609,47.936976]],[[-74.75102,49.192213],[-75.126684,49.134177]],[[-75.236289,48.896644],[-75.126684,49.134177]],[[-74.75102,49.192213],[-74.487614,49.011887]]]}},{"type":"Feature","properties":{"kind":"border","from_year":1881,"to_year":1881,"a":"nova_scotia","b":"prince_edward_island"},"geometry":{"type":"MultiLineString","coordinates":[[[-63.901856,46.083138],[-63.885946,46.067386]],[[-63.16202,45.714609],[-62.81199,45.734507]],[[-63.251295,45.80498],[-63.242456,45.79586]],[[-63.207099,45.760209],[-63.197376,45.750675]],[[-63.186769,45.739067],[-63.16202,45.714609]],[[-62.81199,45.734507],[-62.789008,45.765598]]]}},{"type":"Feature","properties":{"kind":"border","from_year":1881,"to_year":1881,"a":"ontario","b":"ontario_manitoba_disputed_area"},"geometry":{"type":"MultiLineString","coordinates":[[[-91.113158,48.351519],[-91.126417,48.162073]],[[-91.062775,49.082359],[-91.07957,48.838193]],[[-90.839145,48.734143],[-90.763128,48.700979]],[[-90.763128,48.700979],[-90.781691,48.457642]],[[-90.955822,50.556061],[-91.288173,50.694103]],[[-91.288173,50.694103],[-91.271379,50.941171]],[[-91.271379,50.941171],[-90.918697,51.051025]],[[-90.646452,50.17095],[-90.974384,50.309407]],[[-90.974384,50.309407],[-90.955822,50.556061]],[[-90.665898,49.924711],[-90.646452,50.17095]],[[-91.010624,49.817344],[-91.028303,49.571935]],[[-91.028303,49.571935],[-90.705674,49.433892]],[[-90.705674,49.433892],[-90.72512,49.189311]],[[-90.72512,49.189311],[-91.062775,49.082359]],[[-90.665898,49.924711],[-91.010624,49.817344]]]}},{"type":"Feature","properties":{"kind":"border","from_year":1881,"to_year":1881,"a":"ontario","b":"quebec"},"geometry":{"type":"MultiLineString","coordinates":[[[-75.923888,45.360806],[-75.811843,45.410873]],[[-75.811843,45.410873],[-75.692616,45.370082]],[[-76.043834,45.401359],[-75.923888,45.360806]],[[-75.579853,45.419911],[-75.692616,45.370082]],[[-75.116077,45.436451],[-75.104586,45.462567]],[[-75.104586,45.462567],[-75.014427,45.667766]],[[-75.014427,45.667766],[-74.788145,45.70466]],[[-74.788145,45.70466],[-74.667049,45.724144]],[[-74.667049,45.724144],[-74.546836,45.637504]],[[-74.423972,45.548792],[-74.488498,45.406189]],[[-74.489382,45.406189],[-74.528274,45.31872]],[[-74.528274,45.31872],[-74.358563,45.195187]],[[-74.318786,45.166168],[-74.287849,45.143783]],[[-74.287849,45.143783],[-74.355911,44.995791]],[[-74.355911,44.995791],[-74.356795,44.992475]],[[-75.116077,45.436451],[-75.27253,45.410749]],[[-75.27253,45.410749],[-75.460804,45.378829]],[[-77.408067,46.1134],[-77.612251,46.248127]],[[-77.612251,46.248127],[-77.665286,46.282948]],[[-76.898048,45.77306],[-77.242775,45.710049]],[[-77.242775,45.710049],[-77.497342,45.879183]],[[-77.497342,45.879183],[-77.408067,46.1134]],[[-77.665286,46.282948],[-78.013548,46.217036]],[[-78.013548,46.217036],[-78.274303,46.385755]],[[-76.321736,45.660304],[-76.300522,45.664035]],[[-76.300522,45.664035],[-76.051258,45.492]],[[-76.646133,45.602683],[-76.645249,45.602683]],[[-76.898048,45.77306],[-76.646133,45.602683]],[[-79.60813,47.222303],[-79.688566,46.984355]],[[-79.688566,46.984355],[-79.418972,46.818124]],[[-79.445489,47.699443],[-79.17236,47.531967]],[[-79.17236,47.531967],[-79.225395,47.379415]],[[-79.225395,47.379415],[-79.255448,47.293605]],[[-79.255448,47.293605],[-79.60813,47.222303]],[[-79.068942,46.88901],[-79.418972,46.818124]],[[-78.885972,46.485245],[-78.621681,46.31777]],[[-78.885972,46.485245],[-78.802,46.721535]],[[-78.274303,46.385755],[-78.621681,46.31777]],[[-79.068942,46.88901],[-78.802,46.721535]],[[-79.639067,48.10611],[-79.555979,48.34613]],[[-79.362401,47.938634],[-79.627576,48.099477]]]}},{"type":"Feature","properties":{"kind":"label","from_year":1881,"to_year":1881,"jurisdiction":"british_columbia","name":"British Columbia","sovereign":"Canada","status":"province","h3":"8412aa7ffffffff"},"geometry":{"type":"Point","coordinates":[-125.27189,54.03228]}},{"type":"Feature","properties":{"kind":"label","from_year":1881,"to_year":1881,"jurisdiction":"district_of_keewatin","name":"District of Keewatin","sovereign":"Canada","status":"district","h3":"840f9a9ffffffff"},"geometry":{"type":"Point","coordinates":[-95.05329,64.01779]}},{"type":"Feature","properties":{"kind":"label","from_year":1881,"to_year":1881,"jurisdiction":"manitoba","name":"Manitoba","sovereign":"Canada","status":"province","h3":"8427153ffffffff"},"geometry":{"type":"Point","coordinates":[-98.32265,50.91362]}},{"type":"Feature","properties":{"kind":"label","from_year":1881,"to_year":1881,"jurisdiction":"new_brunswick","name":"New Brunswick","sovereign":"Canada","status":"province","h3":"842b025ffffffff"},"geometry":{"type":"Point","coordinates":[-66.28033,46.52931]}},{"type":"Feature","properties":{"kind":"label","from_year":1881,"to_year":1881,"jurisdiction":"newfoundland","name":"Newfoundland","sovereign":"Britain","status":"colony","h3":"841b987ffffffff"},"geometry":{"type":"Point","coordinates":[-56.51042,48.97737]}},{"type":"Feature","properties":{"kind":"label","from_year":1881,"to_year":1881,"jurisdiction":"northwest_territories","name":"North-West Territories","sovereign":"Canada","status":"territory","h3":"841311dffffffff"},"geometry":{"type":"Point","coordinates":[-127.38167,65.13294]}},{"type":"Feature","properties":{"kind":"label","from_year":1881,"to_year":1881,"jurisdiction":"nova_scotia","name":"Nova Scotia","sovereign":"Canada","status":"province","h3":"842b011ffffffff"},"geometry":{"type":"Point","coordinates":[-63.39259,45.25509]}},{"type":"Feature","properties":{"kind":"label","from_year":1881,"to_year":1881,"jurisdiction":"ontario","name":"Ontario","sovereign":"Canada","status":"province","h3":"8427653ffffffff"},"geometry":{"type":"Point","coordinates":[-82.47443,47.49261]}},{"type":"Feature","properties":{"kind":"label","from_year":1881,"to_year":1881,"jurisdiction":"ontario_manitoba_disputed_area","name":"Ontario–Manitoba disputed area","sovereign":"Canada (Ontario and Manitoba)","status":"disputed","h3":"84272a7ffffffff"},"geometry":{"type":"Point","coordinates":[-93.00853,50.1209]}},{"type":"Feature","properties":{"kind":"label","from_year":1881,"to_year":1881,"jurisdiction":"prince_edward_island","name":"Prince Edward Island","sovereign":"Canada","status":"province","h3":"842b055ffffffff"},"geometry":{"type":"Point","coordinates":[-62.87475,46.27223]}},{"type":"Feature","properties":{"kind":"label","from_year":1881,"to_year":1881,"jurisdiction":"quebec","name":"Quebec","sovereign":"Canada","status":"province","h3":"840e4b5ffffffff"},"geometry":{"type":"Point","coordinates":[-70.3091,49.55966]}},{"type":"Feature","properties":{"kind":"border","from_year":1882,"to_year":1885,"a":"british_columbia","b":"northwest_territories"},"geometry":{"type":"MultiLineString","coordinates":[[[-119.809437,58.635095],[-120.000362,58.651262]],[[-120.000362,58.651262],[-120.242555,58.671575]],[[-120.242555,58.671575],[-120.422873,58.892526]],[[-120.422873,58.892526],[-120.167422,59.078656]],[[-119.634422,58.4129],[-119.809437,58.635095]],[[-120.167422,59.078656],[-120.349508,59.300022]],[[-120.349508,59.300022],[-120.090522,59.486567]],[[-119.888105,58.228843],[-119.713974,58.007062]],[[-119.713974,58.007062],[-119.964122,57.823419]],[[-119.634422,58.4129],[-119.888105,58.228843]],[[-119.792642,57.602468],[-119.964122,57.823419]],[[-120.011853,59.895721],[-120.198359,60.117916]],[[-120.911678,59.962048],[-120.650923,60.15108]],[[-120.650923,60.15108],[-120.198359,60.117916]],[[-120.011853,59.895721],[-120.27526,59.708348]],[[-120.090522,59.486567],[-120.27526,59.708348]],[[-121.61439,59.803693],[-121.360706,59.993139]],[[-121.360706,59.993139],[-120.911678,59.962048]],[[-122.059883,59.832296],[-121.61439,59.803693]],[[-120.086102,55.994869],[-120.251394,56.214162]],[[-120.251394,56.214162],[-120.015389,56.394903]],[[-120.086102,55.994869],[-120.319455,55.814957]],[[-120.155047,55.596078],[-120.319455,55.814957]],[[-120.182449,56.614611],[-120.000362,56.753068]],[[-120.015389,56.394903],[-120.182449,56.614611]],[[-120.000362,56.753068],[-119.942908,56.796181]],[[-120.384865,55.416995],[-120.222225,55.198946]],[[-120.155047,55.596078],[-120.384865,55.416995]],[[-119.674198,54.939441],[-119.833303,55.15832]],[[-120.222225,55.198946],[-119.833303,55.15832]],[[-119.674198,54.939441],[-119.903132,54.762431]],[[-119.746679,54.543967],[-119.903132,54.762431]],[[-120.039255,57.419654],[-120.000362,57.369494]],[[-120.000362,57.100456],[-120.111736,57.016303]],[[-120.000362,57.369494],[-119.868659,57.198702]],[[-119.868659,57.198702],[-120.000362,57.100456]],[[-119.942908,56.796181],[-120.000362,56.871213]],[[-120.000362,56.871213],[-120.111736,57.016303]],[[-119.792642,57.602468],[-120.000362,57.448258]],[[-120.000362,57.448258],[-120.039255,57.419654]],[[-123.599661,60.122891],[-124.045154,60.144447]],[[-122.257879,60.049931],[-122.706024,60.075633]],[[-125.601727,60.004332],[-125.378097,60.198752]],[[-125.378097,60.198752],[-124.934372,60.182171]],[[-124.934372,60.182171],[-124.750518,60.000186]],[[-124.750518,60.000186],[-124.720465,59.970754]],[[-124.720465,59.970754],[-124.278508,59.95127]],[[-126.041033,60.018841],[-125.601727,60.004332]],[[-124.045154,60.144447],[-124.278508,59.95127]],[[-126.041033,60.018841],[-126.262895,60.227356]],[[-123.392825,59.908572],[-122.9491,59.884529]],[[-122.706024,60.075633],[-122.9491,59.884529]],[[-123.392825,59.908572],[-123.599661,60.122891]],[[-116.917269,51.763625],[-116.5584,51.708905]],[[-116.5584,51.708905],[-116.430232,51.487954]],[[-116.430232,51.487954],[-116.073131,51.431576]],[[-116.073131,51.431576],[-115.948499,51.21021]],[[-116.917269,51.763625],[-117.048972,51.984162]],[[-117.409609,52.036809],[-117.048972,51.984162]],[[-115.472069,50.929979],[-115.594049,51.152174]],[[-115.948499,51.21021],[-115.594049,51.152174]],[[-115.472069,50.929979],[-115.702771,50.767478]],[[-115.232528,50.486832],[-115.581675,50.546526]],[[-115.581675,50.546526],[-115.702771,50.767478]],[[-117.907253,52.307506],[-118.045144,52.526799]],[[-117.543964,52.256517],[-117.907253,52.307506]],[[-117.409609,52.036809],[-117.543964,52.256517]],[[-118.4102,52.575716],[-118.045144,52.526799]],[[-114.316793,49.31782],[-114.428166,49.538771]],[[-114.543959,49.160708],[-114.463523,49.001109]],[[-114.768473,49.601782],[-114.499764,49.552451]],[[-114.499764,49.552451],[-114.428166,49.538771]],[[-114.316793,49.31782],[-114.543959,49.160708]],[[-115.114968,50.265466],[-114.768473,50.203699]],[[-114.768473,50.203699],[-114.653565,49.981918]],[[-114.653565,49.981918],[-114.719858,49.936318]],[[-114.719858,49.936318],[-114.883382,49.822733]],[[-114.768473,49.601782],[-114.883382,49.822733]],[[-115.114968,50.265466],[-115.232528,50.486832]],[[-120.105548,53.581812],[-119.952631,53.365421]],[[-119.952631,53.365421],[-119.582271,53.322308]],[[-119.582271,53.322308],[-119.432889,53.104673]],[[-119.885453,53.756749],[-120.105548,53.581812]],[[-120.039255,53.97397],[-120.000362,53.918836]],[[-120.000362,53.918836],[-119.885453,53.756749]],[[-119.064297,53.059488],[-118.840667,53.231938]],[[-118.840667,53.231938],[-118.470307,53.185094]],[[-118.470307,53.185094],[-118.327113,52.965801]],[[-118.327113,52.965801],[-118.552511,52.794594]],[[-118.4102,52.575716],[-118.552511,52.794594]],[[-119.432889,53.104673],[-119.064297,53.059488]],[[-120.000362,54.005061],[-120.039255,53.97397]],[[-119.972077,54.367372],[-119.816508,54.149736]],[[-119.816508,54.149736],[-120.000362,54.005061]],[[-119.746679,54.543967],[-119.972077,54.367372]],[[-130.79826,60.083924],[-131.223422,60.081437]],[[-134.564619,60.013866],[-134.413469,60.214505]],[[-134.413469,60.214505],[-133.998029,60.226941]],[[-133.998029,60.226941],[-133.739043,60.038324]],[[-133.739043,60.038324],[-133.323603,60.048688]],[[-133.323603,60.048688],[-133.069036,59.858412]],[[-134.974755,59.999772],[-134.564619,60.013866]],[[-134.974755,59.999772],[-134.986246,60.008477]],[[-134.986246,60.008477],[-135.239045,60.185072]],[[-132.653596,59.866703],[-132.543107,60.000186]],[[-132.543107,60.000186],[-132.488304,60.065684]],[[-132.488304,60.065684],[-132.068445,60.072317]],[[-132.068445,60.072317],[-131.818297,59.878725]],[[-131.818297,59.878725],[-131.399321,59.88287]],[[-133.069036,59.858412],[-132.653596,59.866703]],[[-131.223422,60.081437],[-131.295019,60.000186]],[[-131.295019,60.000186],[-131.399321,59.88287]],[[-128.142097,60.000186],[-127.990948,59.866289]],[[-128.850112,59.878725],[-128.653884,60.076048]],[[-128.653884,60.076048],[-128.221649,60.069829]],[[-128.221649,60.069829],[-128.142097,60.000186]],[[-127.990948,59.866289],[-127.558714,59.857998]],[[-129.278811,59.88287],[-128.850112,59.878725]],[[-129.5157,60.083095],[-129.944398,60.084753]],[[-129.278811,59.88287],[-129.5157,60.083095]],[[-126.703085,60.239378],[-126.916108,60.043713]],[[-126.916108,60.043713],[-127.352762,60.054077]],[[-126.703085,60.239378],[-126.262895,60.227356]],[[-127.352762,60.054077],[-127.558714,59.857998]],[[-130.555183,59.887016],[-130.130904,59.887016]],[[-130.555183,59.887016],[-130.79826,60.083924]],[[-129.944398,60.084753],[-130.024835,60.000186]],[[-130.024835,60.000186],[-130.130904,59.887016]],[[-137.395796,59.890332],[-136.997151,59.911474]],[[-137.668926,60.068586],[-138.067571,60.045371]],[[-136.939696,60.000186],[-136.997151,59.911474]],[[-137.395796,59.890332],[-137.668926,60.068586]],[[-136.866331,60.112113],[-136.939696,60.000186]],[[-138.187783,59.844732],[-138.581125,59.820274]],[[-138.067571,60.045371],[-138.187783,59.844732]],[[-136.193673,59.950441],[-136.462383,60.132011]],[[-135.648298,60.168491],[-135.78884,59.967852]],[[-135.78884,59.967852],[-136.193673,59.950441]],[[-135.648298,60.168491],[-135.239045,60.185072]],[[-136.866331,60.112113],[-136.462383,60.132011]]]}},{"type":"Feature","properties":{"kind":"border","from_year":1882,"to_year":1885,"a":"district_of_keewatin","b":"manitoba"},"geometry":{"type":"MultiLineString","coordinates":[[[-95.089005,52.888281],[-95.450526,53.013888]],[[-95.450526,53.013888],[-95.803208,52.88911]],[[-95.803208,52.88911],[-96.166497,53.01223]],[[-98.888953,52.926834],[-99.006513,52.962899]],[[-97.225426,52.877503],[-96.879815,53.006011]],[[-96.879815,53.006011],[-96.514759,52.885379]],[[-97.451708,52.950877],[-97.225426,52.877503]],[[-96.166497,53.01223],[-96.514759,52.885379]],[[-99.710109,52.940099],[-99.341517,52.828587]],[[-99.006513,52.962899],[-99.341517,52.828587]]]}},{"type":"Feature","properties":{"kind":"border","from_year":1882,"to_year":1885,"a":"district_of_keewatin","b":"northwest_territories"},"geometry":{"type":"MultiLineString","coordinates":[[[-97.900737,68.475939],[-97.559546,68.415001]],[[-97.052179,68.540193],[-97.141454,68.518222]],[[-97.521537,68.424535],[-97.559546,68.415001]],[[-97.277577,68.484644],[-97.47027,68.436971]],[[-100.335037,67.835884],[-100.296144,67.686648]],[[-94.723948,71.834983],[-94.723065,71.834983]],[[-94.623182,71.854052],[-94.449935,71.887215]],[[-94.727484,71.835397],[-94.723948,71.834983]],[[-95.191539,71.911673],[-94.859187,71.857368]],[[-90.891296,55.957974],[-90.869198,56.211675]],[[-91.253701,56.350961],[-90.869198,56.211675]],[[-90.891296,55.957974],[-91.291709,55.84356]],[[-91.310271,55.590274],[-91.291709,55.84356]],[[-90.933724,55.451402],[-91.310271,55.590274]],[[-91.253701,56.350961],[-91.234255,56.604662]],[[-91.234255,56.604662],[-90.825002,56.719905]],[[-90.954938,55.198116],[-90.58281,55.058415]],[[-90.58281,55.058415],[-90.605792,54.805544]],[[-90.605792,54.805544],[-90.995598,54.692788]],[[-90.651755,54.301045],[-91.015928,54.440746]],[[-91.015928,54.440746],[-90.995598,54.692788]],[[-90.954938,55.198116],[-90.933724,55.451402]],[[-90.802021,56.97402],[-91.194479,57.113307]],[[-91.194479,57.113307],[-91.183872,57.240986]],[[-90.825002,56.719905],[-90.802021,56.97402]],[[-99.821482,58.44938],[-100.252833,58.557161]],[[-100.252833,58.557161],[-100.29968,58.808374]],[[-100.29968,58.808374],[-99.90899,58.952221]],[[-99.779054,58.198166],[-99.821482,58.44938]],[[-99.90899,58.952221],[-99.953186,59.203434]],[[-100.161789,58.055563],[-100.11671,57.804765]],[[-99.779054,58.198166],[-100.161789,58.055563]],[[-99.654423,57.445356],[-99.695083,57.696154]],[[-100.11671,57.804765],[-99.695083,57.696154]],[[-99.654423,57.445356],[-100.029202,57.303582]],[[-99.986774,57.053198],[-100.029202,57.303582]],[[-100.062791,59.802449],[-100.064559,59.812398]],[[-100.09196,59.958317],[-100.016827,59.985263]],[[-100.07605,59.872507],[-100.09196,59.958317]],[[-100.045113,59.706689],[-100.047764,59.722857]],[[-99.878053,60.034593],[-99.830321,60.051589]],[[-99.699502,60.180098],[-99.70569,60.212432]],[[-99.687127,60.108796],[-99.689779,60.122062]],[[-100.443758,59.561599],[-100.395143,59.310386]],[[-100.395143,59.310386],[-99.953186,59.203434]],[[-100.045113,59.706689],[-100.443758,59.561599]],[[-99.821482,60.858705],[-99.86833,61.110748]],[[-99.581058,62.012794],[-99.627905,62.264836]],[[-91.130837,52.933052],[-91.112275,53.183436]],[[-91.112275,53.183436],[-90.738379,53.294948]],[[-90.738379,53.294948],[-90.717165,53.546161]],[[-90.673853,54.049002],[-90.651755,54.301045]],[[-86.435484,66.054177],[-86.507965,65.800476]],[[-86.507965,65.800476],[-86.481447,65.7926]],[[-86.020928,65.614346],[-86.085454,65.395467]],[[-86.085454,65.395467],[-86.122578,65.388835]],[[-86.011205,65.647095],[-86.020044,65.618077]],[[-85.89718,66.148692],[-86.435484,66.054177]],[[-86.429296,67.971439],[-86.492938,67.76624]],[[-99.934623,66.18683],[-99.992078,66.437215]],[[-99.992078,66.437215],[-99.482943,66.585207]],[[-99.934623,66.18683],[-100.432267,66.037595]],[[-99.822366,65.685233],[-100.371277,65.787211]],[[-100.371277,65.787211],[-100.432267,66.037595]],[[-99.482943,66.585207],[-99.536862,66.835591]],[[-100.109638,66.937568],[-99.536862,66.835591]],[[-96.989421,68.555116],[-96.595195,68.482157]],[[-96.594311,68.482157],[-96.467911,68.458528]],[[-99.648235,67.335944],[-99.70569,67.585914]],[[-100.296144,67.686648],[-99.70569,67.585914]],[[-99.648235,67.335944],[-100.170628,67.187538]],[[-100.109638,66.937568],[-100.125549,67.000164]],[[-100.125549,67.000164],[-100.170628,67.187538]],[[-83.880088,69.767655],[-83.602538,69.804964]],[[-82.676196,69.705474],[-82.647911,69.697183]],[[-82.244846,69.244087],[-82.349148,69.040961]],[[-81.939896,68.630149],[-81.574839,68.517393]],[[-81.685328,67.734735],[-81.799353,67.719397]],[[-81.939896,68.630149],[-81.80996,68.87846]],[[-82.349148,69.040961],[-81.901003,68.906234]],[[-81.873602,68.897944],[-81.80996,68.87846]],[[-85.804369,68.073002],[-85.717745,68.324216]],[[-86.376262,67.980145],[-86.429296,67.971439]],[[-85.755754,68.334579],[-85.717745,68.324216]],[[-85.804369,68.073002],[-85.869779,68.062639]],[[-82.605483,69.702987],[-82.647911,69.697183]],[[-82.134357,69.300051],[-82.20949,69.290516]],[[-81.54125,69.373839],[-81.695935,69.35477]],[[-85.351805,69.873779],[-85.317332,69.864659]],[[-81.54567,67.054884],[-81.454627,67.024622]],[[-83.89865,66.004017],[-84.158521,65.962562]],[[-84.999123,66.062467],[-85.048622,66.054177]],[[-81.420154,67.304854],[-81.923101,67.469842]],[[-81.923101,67.469842],[-81.799353,67.719397]],[[-81.54567,67.054884],[-81.420154,67.304854]],[[-90.924885,69.519759],[-90.92842,69.493228]],[[-90.929304,69.48701],[-90.946099,69.362232]],[[-90.947866,69.349796],[-90.947866,69.348552]],[[-90.947866,69.348552],[-90.815279,69.319534]],[[-90.783458,69.312487],[-90.731307,69.300465]],[[-90.68888,69.291345],[-90.498838,69.248647]],[[-95.870385,69.584842],[-95.780226,69.605155]],[[-95.771387,69.607227],[-95.721004,69.61842]],[[-95.396607,69.689721],[-95.278163,69.715838]],[[-95.278163,69.715838],[-94.71069,69.609714]],[[-100.223663,56.162759],[-100.181235,55.913204]],[[-100.05572,55.166611],[-100.097264,55.415337]],[[-100.097264,55.415337],[-99.74193,55.555038]],[[-99.665029,55.057172],[-100.05572,55.166611]],[[-99.627021,54.808446],[-99.665029,55.057172]],[[-99.627021,54.808446],[-99.975283,54.670403]],[[-99.74193,55.555038],[-99.780822,55.804179]],[[-100.181235,55.913204],[-99.780822,55.804179]],[[-100.355367,56.911424],[-100.311171,56.661454]],[[-99.986774,57.053198],[-100.355367,56.911424]],[[-99.861258,56.303289],[-99.902802,56.553259]],[[-100.311171,56.661454],[-99.902802,56.553259]],[[-99.861258,56.303289],[-100.223663,56.162759]],[[-100.236922,60.713615],[-100.187423,60.461573]],[[-100.187423,60.461573],[-99.755189,60.360424]],[[-100.336804,61.216871],[-99.86833,61.110748]],[[-99.821482,60.858705],[-100.236922,60.713615]],[[-100.013292,61.866875],[-99.964676,61.614832]],[[-99.964676,61.614832],[-100.388071,61.468499]],[[-100.336804,61.216871],[-100.388071,61.468499]],[[-100.114058,62.370959],[-99.627905,62.264836]],[[-99.581058,62.012794],[-100.013292,61.866875]],[[-100.436687,63.881141],[-100.494141,64.132354]],[[-100.494141,64.132354],[-100.030086,64.28076]],[[-99.924016,63.777505],[-100.436687,63.881141]],[[-99.872749,63.525462],[-99.924016,63.777505]],[[-99.872749,63.525462],[-100.325313,63.377885]],[[-100.030086,64.28076],[-100.084889,64.532388]],[[-100.084889,64.532388],[-99.611995,64.679551]],[[-100.271395,63.126257],[-99.772867,63.021378]],[[-99.772867,63.021378],[-99.723368,62.769335]],[[-99.723368,62.769335],[-100.165325,62.623002]],[[-100.114058,62.370959],[-100.165325,62.623002]],[[-100.271395,63.126257],[-100.325313,63.377885]],[[-99.663262,64.931179],[-100.196262,65.034815]],[[-100.196262,65.034815],[-100.253716,65.285613]],[[-100.253716,65.285613],[-99.768447,65.43402]],[[-99.611995,64.679551],[-99.663262,64.931179]],[[-99.768447,65.43402],[-99.822366,65.685233]],[[-91.055704,53.937076],[-91.074266,53.685448]],[[-91.074266,53.685448],[-90.717165,53.546161]],[[-90.673853,54.049002],[-91.055704,53.937076]],[[-99.736627,53.12084],[-99.710109,52.940099]],[[-99.908106,53.234425],[-99.819714,53.208309]],[[-100.098148,53.567718],[-99.820598,53.680059]],[[-100.128201,53.356301],[-100.130852,53.371224]],[[-100.156486,53.531652],[-100.158254,53.542845]],[[-100.158254,53.542845],[-100.138808,53.550721]],[[-100.280234,54.283634],[-99.936391,54.422091]],[[-99.858607,53.927127],[-100.23869,54.036566]],[[-100.23869,54.036566],[-100.280234,54.283634]],[[-99.820598,53.680059],[-99.858607,53.927127]],[[-99.936391,54.422091],[-99.975283,54.670403]]]}},{"type":"Feature","properties":{"kind":"border","from_year":1882,"to_year":1885,"a":"district_of_keewatin","b":"ontario_manitoba_disputed_area"},"geometry":{"type":"MultiLineString","coordinates":[[[-92.938442,52.860921],[-93.295543,52.993161]],[[-92.575153,52.977408],[-92.938442,52.860921]],[[-93.657064,52.874601],[-94.015049,53.004353]],[[-93.295543,52.993161],[-93.657064,52.874601]],[[-92.219819,52.843096],[-91.852995,52.95751]],[[-91.852995,52.95751],[-91.500313,52.820711]],[[-92.575153,52.977408],[-92.219819,52.843096]],[[-91.130837,52.933052],[-91.500313,52.820711]],[[-94.733672,53.011401],[-95.089005,52.888281]],[[-94.733672,53.011401],[-94.373918,52.883721]],[[-94.015049,53.004353],[-94.373918,52.883721]]]}},{"type":"Feature","properties":{"kind":"border","from_year":1882,"to_year":1885,"a":"manitoba","b":"northwest_territories"},"geometry":{"type":"MultiLineString","coordinates":[[[-101.432858,52.743191],[-101.386011,52.499025]],[[-101.386011,52.499025],[-101.705988,52.360153]],[[-101.658256,52.116402],[-101.697149,52.317455]],[[-101.697149,52.317455],[-101.705988,52.360153]],[[-101.658256,52.116402],[-101.97293,51.977115]],[[-101.108462,52.882478],[-101.432858,52.743191]],[[-100.853894,52.809103],[-100.810582,52.796667]],[[-101.108462,52.882478],[-101.028909,52.859678]],[[-100.990017,52.848485],[-100.944937,52.835634]],[[-100.944937,52.835634],[-100.933447,52.832318]],[[-101.689193,50.526628],[-101.686542,50.511704]],[[-101.644114,50.286193],[-101.447001,50.226499]],[[-101.447001,50.226499],[-101.296735,50.180899]],[[-101.296735,50.180899],[-101.276405,50.063583]],[[-101.276405,50.063583],[-101.254307,49.940464]],[[-101.254307,49.940464],[-101.417832,49.867504]],[[-101.417832,49.867504],[-101.554838,49.806152]],[[-101.78112,51.008742],[-101.428439,50.904277]],[[-101.384243,50.662598],[-101.508875,50.607464]],[[-101.508875,50.607464],[-101.689193,50.526628]],[[-101.170336,49.461252],[-101.392198,49.53048]],[[-101.417832,49.537942],[-101.510643,49.566546]],[[-101.510643,49.566546],[-101.554838,49.806152]],[[-101.128792,49.22206],[-101.170336,49.461252]],[[-101.924314,51.734607],[-101.647649,51.655015]],[[-101.647649,51.655015],[-101.570749,51.632215]],[[-101.570749,51.365249],[-101.713943,51.301409]],[[-101.747532,51.286486],[-101.828852,51.250421]],[[-101.570749,51.632215],[-101.564561,51.630557]],[[-101.564561,51.630557],[-101.518598,51.388049]],[[-101.518598,51.388049],[-101.570749,51.365249]],[[-101.78112,51.008742],[-101.828852,51.250421]],[[-101.924314,51.734607],[-101.97293,51.977115]],[[-100.236038,52.862165],[-100.284653,52.876259]],[[-99.710109,52.940099],[-99.764912,52.917714]],[[-100.449945,52.896987],[-100.669156,52.805373]],[[-101.424903,49.088992],[-101.408109,48.99945]],[[-101.128792,49.22206],[-101.424903,49.088992]]]}},{"type":"Feature","properties":{"kind":"border","from_year":1882,"to_year":1885,"a":"manitoba","b":"ontario_manitoba_disputed_area"},"geometry":{"type":"MultiLineString","coordinates":[[[-95.379813,51.032371],[-95.370974,50.786547]],[[-95.022711,50.41553],[-95.355063,50.295727]],[[-95.370974,50.786547],[-95.029783,50.661355]],[[-95.029783,50.661355],[-95.022711,50.41553]],[[-95.396607,51.525677],[-95.048345,51.400485]],[[-95.048345,51.400485],[-95.042158,51.153417]],[[-95.042158,51.153417],[-95.379813,51.032371]],[[-95.346224,50.050732],[-95.355063,50.295727]],[[-95.011221,49.925955],[-95.346224,50.050732]],[[-95.005033,49.681374],[-95.011221,49.925955]],[[-95.330314,49.5624],[-95.323242,49.319063]],[[-95.213637,49.605513],[-95.330314,49.5624]],[[-95.423125,52.268124],[-95.068675,52.142932]],[[-95.068675,52.142932],[-95.061604,51.895035]],[[-95.061604,51.895035],[-95.405446,51.772745]],[[-95.396607,51.525677],[-95.405446,51.772745]],[[-95.423125,52.268124],[-95.431964,52.516436]],[[-95.431964,52.516436],[-95.081934,52.639555]],[[-95.323242,49.319063],[-95.153531,49.255224]],[[-95.081934,52.639555],[-95.089005,52.888281]]]}},{"type":"Feature","properties":{"kind":"border","from_year":1882,"to_year":1885,"a":"new_brunswick","b":"nova_scotia"},"geometry":{"type":"MultiLineString","coordinates":[[[-63.901856,46.083138],[-64.116647,46.069044]],[[-64.116647,46.069044],[-64.255422,46.059924]],[[-64.410991,45.841874],[-64.255422,46.059924]],[[-64.410991,45.841874],[-64.513525,45.834827]],[[-64.570095,45.830681],[-64.762789,45.817001]],[[-64.808752,45.497389],[-64.715941,45.406604]],[[-64.715941,45.406604],[-64.76986,45.328255]],[[-64.909518,45.60517],[-64.887421,45.63709]]]}},{"type":"Feature","properties":{"kind":"border","from_year":1882,"to_year":1885,"a":"new_brunswick","b":"prince_edward_island"},"geometry":{"type":"MultiLineString","coordinates":[[[-63.850589,46.154025],[-63.901856,46.083138]],[[-64.104273,46.48566],[-63.941632,46.496023]],[[-63.941632,46.496023],[-63.933677,46.487733]],[[-63.916883,46.471151],[-63.869151,46.424722]],[[-63.838214,46.393631],[-63.834679,46.390315]],[[-63.783412,46.339326],[-63.744519,46.300359]],[[-63.744519,46.300359],[-63.745403,46.298701]]]}},{"type":"Feature","properties":{"kind":"border","from_year":1882,"to_year":1885,"a":"new_brunswick","b":"quebec"},"geometry":{"type":"MultiLineString","coordinates":[[[-68.467274,47.388121],[-68.326731,47.614876]],[[-68.553013,47.805566],[-68.383302,47.662963]],[[-68.383302,47.662963],[-68.326731,47.614876]],[[-68.467274,47.388121],[-68.778411,47.356201]],[[-68.778411,47.356201],[-68.83233,47.350812]],[[-68.924257,47.197845],[-68.837634,47.341692]],[[-68.837634,47.341692],[-68.83233,47.350812]],[[-67.814945,47.877282],[-67.445469,47.911689]],[[-67.445469,47.911689],[-67.223606,47.718926]],[[-68.553013,47.805566],[-68.469925,47.939463]],[[-68.469925,47.939463],[-68.411587,48.033565]],[[-68.411587,48.033565],[-68.040343,48.06963]],[[-68.040343,48.06963],[-67.959023,47.999987]],[[-67.959023,47.999987],[-67.814945,47.877282]],[[-66.704748,47.975943],[-66.855014,47.750846]],[[-66.855014,47.750846],[-67.223606,47.718926]],[[-66.579233,47.986721],[-66.633151,47.982161]],[[-66.633151,47.982161],[-66.704748,47.975943]],[[-66.117829,47.811784],[-65.911877,47.827951]],[[-65.781058,47.8379],[-65.749237,47.840387]],[[-66.330853,48.003303],[-66.117829,47.811784]],[[-65.318771,48.084139],[-65.536214,48.068386]],[[-65.749237,47.840387],[-65.747469,47.84246]],[[-65.222424,48.090772],[-65.170273,48.04227]]]}},{"type":"Feature","properties":{"kind":"border","from_year":1882,"to_year":1885,"a":"newfoundland","b":"northwest_territories"},"geometry":{"type":"MultiLineString","coordinates":[[[-63.085119,56.663113],[-62.835855,56.450866]],[[-63.126663,57.102943],[-62.91364,57.330942]],[[-62.873864,56.890697],[-63.126663,57.102943]],[[-62.377988,56.464546],[-62.835855,56.450866]],[[-63.085119,56.663113],[-62.873864,56.890697]],[[-63.641101,57.527435],[-63.169091,57.543602]],[[-63.169091,57.543602],[-62.91364,57.330942]],[[-61.657598,55.824077],[-62.106626,55.81247]],[[-62.106626,55.81247],[-62.346167,56.025545]],[[-62.346167,56.025545],[-62.134911,56.251471]],[[-61.657598,55.824077],[-61.42336,55.610173]],[[-61.42336,55.610173],[-61.634616,55.386319]],[[-62.377988,56.464546],[-62.134911,56.251471]],[[-64.981999,60.141131],[-64.964321,60.127865]],[[-64.949295,60.117087],[-64.692959,59.930128]],[[-64.692959,59.930128],[-64.911286,59.698399]],[[-64.547998,60.380737],[-64.728316,60.37369]],[[-64.436624,60.384882],[-64.508221,60.381981]],[[-63.903624,57.739267],[-63.641101,57.527435]],[[-64.068032,59.064147],[-64.56214,59.045078]],[[-64.56214,59.045078],[-64.843225,59.256081]],[[-64.843225,59.256081],[-64.626666,59.487396]],[[-64.068032,59.064147],[-64.023836,59.030155]],[[-64.014997,59.023522],[-63.878874,58.917814]],[[-63.87799,58.916984],[-63.794903,58.851901]],[[-63.794903,58.851901],[-64.012345,58.622244]],[[-64.911286,59.698399],[-64.626666,59.487396]],[[-63.691485,57.968509],[-63.957543,58.180341]],[[-63.957543,58.180341],[-63.741868,58.409998]],[[-63.903624,57.739267],[-63.691485,57.968509]],[[-64.012345,58.622244],[-63.741868,58.409998]],[[-56.423941,52.169878],[-56.607795,52.385855]],[[-56.607795,52.385855],[-56.415986,52.570326]],[[-56.411566,52.574472],[-56.387701,52.597272]],[[-56.423941,52.169878],[-56.641384,51.958875]],[[-56.641384,51.958875],[-57.040913,51.962606]],[[-56.387701,52.597272],[-56.573323,52.814078]],[[-56.980807,52.818638],[-56.573323,52.814078]],[[-57.25482,51.75036],[-57.11693,51.590761]],[[-57.11693,51.590761],[-57.070082,51.536041]],[[-57.070082,51.536041],[-57.194714,51.410849]],[[-56.94987,53.248105],[-57.142563,53.465325]],[[-57.558887,53.468642],[-57.306087,53.466984]],[[-57.289293,53.466569],[-57.142563,53.465325]],[[-56.94987,53.248105],[-57.171733,53.03503]],[[-56.980807,52.818638],[-57.171733,53.03503]],[[-57.558887,53.468642],[-57.756,53.685448]],[[-60.714461,54.096675],[-60.286647,54.104137]],[[-60.286647,54.104137],[-60.071855,53.890232]],[[-60.70297,53.662234],[-60.921297,53.874894]],[[-60.921297,53.874894],[-60.714461,54.096675]],[[-60.071855,53.890232],[-59.647577,53.895621]],[[-60.70297,53.662234],[-60.908038,53.440867]],[[-60.275156,53.236912],[-60.692363,53.228621]],[[-60.692363,53.228621],[-60.908038,53.440867]],[[-60.725068,54.531945],[-60.292834,54.538993]],[[-60.292834,54.538993],[-60.075391,54.324674]],[[-60.075391,54.324674],[-59.645809,54.329648]],[[-59.645809,54.329648],[-59.433669,54.1145]],[[-59.433669,54.1145],[-59.508802,54.037395]],[[-59.5309,54.014595],[-59.647577,53.895621]],[[-58.174975,53.686277],[-58.392418,53.4703]],[[-58.392418,53.4703],[-58.81051,53.469056]],[[-58.174975,53.686277],[-57.756,53.685448]],[[-58.81051,53.469056],[-59.024417,53.251836]],[[-59.024417,53.251836],[-59.440741,53.248519]],[[-60.064784,53.023837],[-59.649344,53.030055]],[[-59.440741,53.248519],[-59.649344,53.030055]],[[-60.064784,53.023837],[-60.275156,53.236912]],[[-61.40303,55.172829],[-60.962841,55.181949]],[[-60.962841,55.181949],[-60.736559,54.968045]],[[-60.736559,54.968045],[-60.948698,54.745435]],[[-60.725068,54.531945],[-60.948698,54.745435]],[[-61.40303,55.172829],[-61.634616,55.386319]]]}},{"type":"Feature","properties":{"kind":"border","from_year":1882,"to_year":1885,"a":"newfoundland","b":"quebec"},"geometry":{"type":"MultiLineString","coordinates":[[[-57.040913,51.962606],[-57.107207,51.897108]],[[-57.107207,51.897108],[-57.25482,51.75036]]]}},{"type":"Feature","properties":{"kind":"border","from_year":1882,"to_year":1885,"a":"northwest_territories","b":"ontario"},"geometry":{"type":"MultiLineString","coordinates":[[[-83.16942,51.219744],[-83.54862,51.133105]],[[-83.54862,51.133105],[-83.862409,51.292704]],[[-83.862409,51.292704],[-84.240725,51.204406]],[[-84.240725,51.204406],[-84.55805,51.361933]],[[-79.753976,48.754455],[-79.83618,48.513606]],[[-79.788448,49.648625],[-79.51797,49.489441]],[[-79.51797,49.432648],[-79.586032,49.237398]],[[-79.501176,49.479492],[-79.51797,49.432648]],[[-79.51797,49.489441],[-79.501176,49.479492]],[[-79.586032,49.237398],[-79.51797,49.196773]],[[-79.517087,48.801713],[-79.753976,48.754455]],[[-79.51797,49.196773],[-79.302295,49.068679]],[[-79.302295,49.068679],[-79.323509,49.009399]],[[-79.323509,49.009399],[-79.357982,48.912396]],[[-79.388035,48.827415],[-79.517087,48.801713]],[[-81.103713,50.975164],[-81.023277,51.220573]],[[-81.023277,51.220573],[-80.63789,51.298922]],[[-80.63789,51.298922],[-80.593694,51.274464]],[[-80.593694,51.274464],[-80.335591,51.130618]],[[-81.103713,50.975164],[-81.48468,50.895572]],[[-81.48468,50.895572],[-81.78963,51.06056]],[[-79.950205,51.206479],[-80.335591,51.130618]],[[-79.950205,51.206479],[-79.924571,51.192385]],[[-79.909544,51.184094],[-79.650558,51.036516]],[[-79.650558,51.036516],[-79.738065,50.791936]],[[-79.531229,50.377807],[-79.239537,50.20743]],[[-79.239537,50.20743],[-79.327929,49.964507]],[[-79.327929,49.964507],[-79.703592,49.891133]],[[-79.788448,49.648625],[-79.703592,49.891133]],[[-79.531229,50.377807],[-79.442838,50.621558]],[[-79.738065,50.791936],[-79.442838,50.621558]],[[-82.858283,51.058072],[-82.479083,51.142225]],[[-82.479083,51.142225],[-82.170597,50.978895]],[[-83.16942,51.219744],[-82.858283,51.058072]],[[-81.78963,51.06056],[-82.170597,50.978895]],[[-86.050981,50.99216],[-85.680621,51.086261]],[[-85.680621,51.086261],[-85.361528,50.931637]],[[-86.547741,51.099112],[-86.372726,51.144712]],[[-86.372726,51.144712],[-86.050981,50.99216]],[[-86.742202,51.048538],[-86.547741,51.099112]],[[-84.933713,51.271148],[-84.9894,51.023665]],[[-84.9894,51.023665],[-85.361528,50.931637]],[[-84.55805,51.361933],[-84.933713,51.271148]],[[-87.066599,51.199017],[-87.433423,51.100356]],[[-87.433423,51.100356],[-87.760471,51.249177]],[[-87.066599,51.199017],[-86.742202,51.048538]],[[-87.760471,51.249177],[-88.126412,51.148443]],[[-88.126412,51.148443],[-88.455228,51.294777]],[[-90.918697,51.051025],[-90.584578,50.911739]],[[-90.229244,51.01952],[-90.584578,50.911739]],[[-90.229244,51.01952],[-89.897776,50.878575]],[[-88.851222,50.944488],[-89.210091,50.840852]],[[-89.210091,50.840852],[-89.539791,50.983869]],[[-88.819401,51.192385],[-88.851222,50.944488]],[[-89.539791,50.983869],[-89.897776,50.878575]],[[-88.455228,51.294777],[-88.819401,51.192385]],[[-79.83618,48.513606],[-79.555979,48.34613]]]}},{"type":"Feature","properties":{"kind":"border","from_year":1882,"to_year":1885,"a":"northwest_territories","b":"ontario_manitoba_disputed_area"},"geometry":{"type":"MultiLineString","coordinates":[[[-90.779923,52.793765],[-91.130837,52.933052]],[[-90.801137,52.543796],[-90.779923,52.793765]],[[-91.167961,52.432698],[-91.185639,52.183558]],[[-90.801137,52.543796],[-91.167961,52.432698]],[[-90.918697,51.051025],[-90.899251,51.298922]],[[-91.23779,51.436965],[-90.899251,51.298922]],[[-90.861243,51.795545],[-90.840913,52.044686]],[[-91.185639,52.183558],[-90.840913,52.044686]],[[-90.861243,51.795545],[-91.220996,51.685277]],[[-91.23779,51.436965],[-91.220996,51.685277]]]}},{"type":"Feature","properties":{"kind":"border","from_year":1882,"to_year":1885,"a":"northwest_territories","b":"quebec"},"geometry":{"type":"MultiLineString","coordinates":[[[-69.057728,52.757285],[-69.473168,52.718318]],[[-69.473168,52.718318],[-69.736575,52.913983]],[[-69.736575,52.913983],[-70.152898,52.872529]],[[-68.799625,52.560377],[-68.385953,52.597272]],[[-68.385953,52.597272],[-68.13227,52.39912]],[[-69.057728,52.757285],[-68.799625,52.560377]],[[-67.555958,52.666501],[-67.719482,52.433527]],[[-67.719482,52.433527],[-68.13227,52.39912]],[[-70.30228,52.63541],[-70.037989,52.441403]],[[-70.037989,52.441403],[-70.186487,52.205114]],[[-70.186487,52.205114],[-70.595739,52.162001]],[[-70.595739,52.162001],[-70.860914,52.354764]],[[-70.860914,52.354764],[-71.27105,52.309164]],[[-71.411592,52.071216],[-71.27105,52.309164]],[[-71.145534,51.880112],[-71.411592,52.071216]],[[-70.30228,52.63541],[-70.152898,52.872529]],[[-67.141402,52.698835],[-67.555958,52.666501]],[[-66.973458,52.930979],[-67.141402,52.698835]],[[-66.555367,52.961241],[-66.873576,52.938441]],[[-66.873576,52.938441],[-66.884183,52.937612]],[[-66.884183,52.937612],[-66.973458,52.930979]],[[-72.750722,51.021593],[-72.87889,50.783645]],[[-72.87889,50.783645],[-73.049485,50.760845]],[[-73.152019,50.747165],[-73.272232,50.730998]],[[-72.223026,51.3097],[-72.354729,51.072167]],[[-72.354729,51.072167],[-72.750722,51.021593]],[[-73.39598,50.49305],[-73.272232,50.730998]],[[-73.87241,50.267953],[-73.905998,50.200382]],[[-73.810536,50.389414],[-73.825562,50.360396]],[[-73.825562,50.360396],[-73.826446,50.358738]],[[-73.785786,50.439159],[-73.801697,50.407239]],[[-73.905998,50.200382],[-73.63994,50.017154]],[[-73.63994,50.017154],[-73.759269,49.779621]],[[-73.759269,49.779621],[-74.102227,49.73029]],[[-74.102227,49.73029],[-74.142004,49.724487]],[[-73.39598,50.49305],[-73.604584,50.464032]],[[-73.604584,50.464032],[-73.785786,50.439159]],[[-71.823496,51.358616],[-71.687373,51.59615]],[[-71.687373,51.59615],[-71.285192,51.642993]],[[-71.823496,51.358616],[-72.223026,51.3097]],[[-71.285192,51.642993],[-71.145534,51.880112]],[[-64.357956,52.224597],[-64.537391,51.997428]],[[-64.888305,51.543503],[-65.119006,51.746214]],[[-64.537391,51.997428],[-64.308457,51.793058]],[[-64.308457,51.793058],[-64.48524,51.566717]],[[-64.48524,51.566717],[-64.888305,51.543503]],[[-65.587481,52.152052],[-65.825254,52.354349]],[[-65.119006,51.746214],[-65.524723,51.720927]],[[-65.524723,51.720927],[-65.759844,51.92281]],[[-65.759844,51.92281],[-65.587481,52.152052]],[[-63.994667,52.678108],[-63.765733,52.47208]],[[-63.765733,52.47208],[-63.948704,52.245739]],[[-63.948704,52.245739],[-64.357956,52.224597]],[[-66.480234,52.528458],[-66.237158,52.326575]],[[-66.480234,52.528458],[-66.309639,52.759358]],[[-65.825254,52.354349],[-66.237158,52.326575]],[[-66.555367,52.961241],[-66.309639,52.759358]],[[-63.393605,52.923932],[-63.809929,52.904863]],[[-63.994667,52.678108],[-63.809929,52.904863]],[[-63.393605,52.923932],[-63.166439,52.71666]],[[-62.560074,52.957924],[-62.751884,52.733242]],[[-62.751884,52.733242],[-63.166439,52.71666]],[[-57.040913,51.962606],[-57.227419,52.177754]],[[-57.740973,51.400071],[-57.740973,51.400485]],[[-57.766607,51.429918],[-57.86207,51.538528]],[[-57.86207,51.538528],[-57.652582,51.752018]],[[-57.652582,51.752018],[-57.25482,51.75036]],[[-57.6296,52.179412],[-57.227419,52.177754]],[[-57.82141,52.394146],[-58.227126,52.394146]],[[-58.227126,52.394146],[-58.422471,52.608464]],[[-57.6296,52.179412],[-57.82141,52.394146]],[[-59.040327,52.39],[-58.831724,52.606806]],[[-58.831724,52.606806],[-58.422471,52.608464]],[[-61.293425,52.565352],[-60.882405,52.575716]],[[-60.882405,52.575716],[-60.672033,52.364713]],[[-60.672033,52.364713],[-60.263665,52.373418]],[[-59.447812,52.385855],[-59.040327,52.39]],[[-61.5091,52.775525],[-61.922772,52.763089]],[[-61.922772,52.763089],[-62.143751,52.972433]],[[-61.293425,52.565352],[-61.5091,52.775525]],[[-62.560074,52.957924],[-62.143751,52.972433]],[[-59.651112,52.598515],[-60.061248,52.592297]],[[-59.447812,52.385855],[-59.651112,52.598515]],[[-60.061248,52.592297],[-60.263665,52.373418]],[[-77.015609,47.936976],[-76.711542,47.990452]],[[-76.711542,47.990452],[-76.65232,48.000816]],[[-79.555979,48.34613],[-79.193574,48.417846]],[[-79.189154,48.429453],[-79.142307,48.561278]],[[-79.142307,48.561693],[-79.107834,48.658281]],[[-79.107834,48.658281],[-78.741894,48.729168]],[[-78.741894,48.729168],[-78.490862,48.574958]],[[-78.490862,48.574958],[-78.464345,48.558376]],[[-78.464345,48.558376],[-78.496165,48.474224]],[[-78.496165,48.474224],[-78.55362,48.31877]],[[-79.193574,48.417846],[-79.189154,48.429453]],[[-78.55362,48.31877],[-78.28049,48.148393]],[[-78.28049,48.148393],[-78.369766,47.909616]],[[-78.099288,47.739239],[-77.738651,47.806395]],[[-75.080721,48.482515],[-75.056855,48.534747]],[[-75.030337,48.591954],[-75.01973,48.613925]],[[-75.053319,48.540551],[-75.033873,48.583249]],[[-74.98349,48.693517],[-74.971999,48.717561]],[[-74.487614,49.011887],[-74.111067,49.06785]],[[-73.995274,49.304969],[-74.25868,49.486539]],[[-74.25868,49.486539],[-74.142004,49.724487]],[[-74.111067,49.06785],[-73.995274,49.304969]],[[-75.530633,48.24208],[-75.556266,48.184873]],[[-75.556266,48.184873],[-75.923091,48.124764]],[[-75.923091,48.124764],[-76.186497,48.30053]],[[-76.186497,48.30053],[-76.553322,48.238349]],[[-76.65232,48.000816],[-76.553322,48.238349]],[[-75.139943,48.471322],[-75.172648,48.466348]],[[-75.081604,48.480442],[-75.087792,48.479613]],[[-74.991445,48.730826],[-74.971999,48.717561]],[[-75.236289,48.896644],[-75.00824,48.742019]],[[-75.437822,48.424064],[-75.451081,48.421992]],[[-75.366225,48.435672],[-75.411304,48.42821]],[[-75.296396,48.44645],[-75.34943,48.438159]],[[-75.188558,48.46386],[-75.214192,48.459715]],[[-75.110774,48.476297],[-75.133755,48.472566]],[[-77.283435,48.110255],[-77.646724,48.044343]],[[-77.738651,47.806395],[-77.646724,48.044343]],[[-77.283435,48.110255],[-77.106652,47.995841]],[[-77.106652,47.995841],[-77.015609,47.936976]],[[-74.75102,49.192213],[-75.126684,49.134177]],[[-75.236289,48.896644],[-75.126684,49.134177]],[[-74.75102,49.192213],[-74.487614,49.011887]]]}},{"type":"Feature","properties":{"kind":"border","from_year":1882,"to_year":1885,"a":"nova_scotia","b":"prince_edward_island"},"geometry":{"type":"MultiLineString","coordinates":[[[-63.901856,46.083138],[-63.885946,46.067386]],[[-63.16202,45.714609],[-62.81199,45.734507]],[[-63.251295,45.80498],[-63.242456,45.79586]],[[-63.207099,45.760209],[-63.197376,45.750675]],[[-63.186769,45.739067],[-63.16202,45.714609]],[[-62.81199,45.734507],[-62.789008,45.765598]]]}},{"type":"Feature","properties":{"kind":"border","from_year":1882,"to_year":1885,"a":"ontario","b":"ontario_manitoba_disputed_area"},"geometry":{"type":"MultiLineString","coordinates":[[[-91.113158,48.351519],[-91.126417,48.162073]],[[-91.062775,49.082359],[-91.07957,48.838193]],[[-90.839145,48.734143],[-90.763128,48.700979]],[[-90.763128,48.700979],[-90.781691,48.457642]],[[-90.955822,50.556061],[-91.288173,50.694103]],[[-91.288173,50.694103],[-91.271379,50.941171]],[[-91.271379,50.941171],[-90.918697,51.051025]],[[-90.646452,50.17095],[-90.974384,50.309407]],[[-90.974384,50.309407],[-90.955822,50.556061]],[[-90.665898,49.924711],[-90.646452,50.17095]],[[-91.010624,49.817344],[-91.028303,49.571935]],[[-91.028303,49.571935],[-90.705674,49.433892]],[[-90.705674,49.433892],[-90.72512,49.189311]],[[-90.72512,49.189311],[-91.062775,49.082359]],[[-90.665898,49.924711],[-91.010624,49.817344]]]}},{"type":"Feature","properties":{"kind":"border","from_year":1882,"to_year":1885,"a":"ontario","b":"quebec"},"geometry":{"type":"MultiLineString","coordinates":[[[-75.923888,45.360806],[-75.811843,45.410873]],[[-75.811843,45.410873],[-75.692616,45.370082]],[[-76.043834,45.401359],[-75.923888,45.360806]],[[-75.579853,45.419911],[-75.692616,45.370082]],[[-75.116077,45.436451],[-75.104586,45.462567]],[[-75.104586,45.462567],[-75.014427,45.667766]],[[-75.014427,45.667766],[-74.788145,45.70466]],[[-74.788145,45.70466],[-74.667049,45.724144]],[[-74.667049,45.724144],[-74.546836,45.637504]],[[-74.423972,45.548792],[-74.488498,45.406189]],[[-74.489382,45.406189],[-74.528274,45.31872]],[[-74.528274,45.31872],[-74.358563,45.195187]],[[-74.318786,45.166168],[-74.287849,45.143783]],[[-74.287849,45.143783],[-74.355911,44.995791]],[[-74.355911,44.995791],[-74.356795,44.992475]],[[-75.116077,45.436451],[-75.27253,45.410749]],[[-75.27253,45.410749],[-75.460804,45.378829]],[[-77.408067,46.1134],[-77.612251,46.248127]],[[-77.612251,46.248127],[-77.665286,46.282948]],[[-76.898048,45.77306],[-77.242775,45.710049]],[[-77.242775,45.710049],[-77.497342,45.879183]],[[-77.497342,45.879183],[-77.408067,46.1134]],[[-77.665286,46.282948],[-78.013548,46.217036]],[[-78.013548,46.217036],[-78.274303,46.385755]],[[-76.321736,45.660304],[-76.300522,45.664035]],[[-76.300522,45.664035],[-76.051258,45.492]],[[-76.646133,45.602683],[-76.645249,45.602683]],[[-76.898048,45.77306],[-76.646133,45.602683]],[[-79.60813,47.222303],[-79.688566,46.984355]],[[-79.688566,46.984355],[-79.418972,46.818124]],[[-79.445489,47.699443],[-79.17236,47.531967]],[[-79.17236,47.531967],[-79.225395,47.379415]],[[-79.225395,47.379415],[-79.255448,47.293605]],[[-79.255448,47.293605],[-79.60813,47.222303]],[[-79.068942,46.88901],[-79.418972,46.818124]],[[-78.885972,46.485245],[-78.621681,46.31777]],[[-78.885972,46.485245],[-78.802,46.721535]],[[-78.274303,46.385755],[-78.621681,46.31777]],[[-79.068942,46.88901],[-78.802,46.721535]],[[-79.639067,48.10611],[-79.555979,48.34613]],[[-79.362401,47.938634],[-79.627576,48.099477]]]}},{"type":"Feature","properties":{"kind":"label","from_year":1882,"to_year":1885,"jurisdiction":"british_columbia","name":"British Columbia","sovereign":"Canada","status":"province","h3":"8412aa7ffffffff"},"geometry":{"type":"Point","coordinates":[-125.27189,54.03228]}},{"type":"Feature","properties":{"kind":"label","from_year":1882,"to_year":1885,"jurisdiction":"district_of_keewatin","name":"District of Keewatin","sovereign":"Canada","status":"district","h3":"840f9a9ffffffff"},"geometry":{"type":"Point","coordinates":[-95.05329,64.01779]}},{"type":"Feature","properties":{"kind":"label","from_year":1882,"to_year":1885,"jurisdiction":"manitoba","name":"Manitoba","sovereign":"Canada","status":"province","h3":"8427153ffffffff"},"geometry":{"type":"Point","coordinates":[-98.32265,50.91362]}},{"type":"Feature","properties":{"kind":"label","from_year":1882,"to_year":1885,"jurisdiction":"new_brunswick","name":"New Brunswick","sovereign":"Canada","status":"province","h3":"842b025ffffffff"},"geometry":{"type":"Point","coordinates":[-66.28033,46.52931]}},{"type":"Feature","properties":{"kind":"label","from_year":1882,"to_year":1885,"jurisdiction":"newfoundland","name":"Newfoundland","sovereign":"Britain","status":"colony","h3":"841b987ffffffff"},"geometry":{"type":"Point","coordinates":[-56.51042,48.97737]}},{"type":"Feature","properties":{"kind":"label","from_year":1882,"to_year":1885,"jurisdiction":"northwest_territories","name":"North-West Territories","sovereign":"Canada","status":"territory","h3":"841311dffffffff"},"geometry":{"type":"Point","coordinates":[-127.38167,65.13294]}},{"type":"Feature","properties":{"kind":"label","from_year":1882,"to_year":1885,"jurisdiction":"nova_scotia","name":"Nova Scotia","sovereign":"Canada","status":"province","h3":"842b011ffffffff"},"geometry":{"type":"Point","coordinates":[-63.39259,45.25509]}},{"type":"Feature","properties":{"kind":"label","from_year":1882,"to_year":1885,"jurisdiction":"ontario","name":"Ontario","sovereign":"Canada","status":"province","h3":"8427653ffffffff"},"geometry":{"type":"Point","coordinates":[-82.47443,47.49261]}},{"type":"Feature","properties":{"kind":"label","from_year":1882,"to_year":1885,"jurisdiction":"ontario_manitoba_disputed_area","name":"Ontario–Manitoba disputed area","sovereign":"Canada (Ontario and Manitoba)","status":"disputed","h3":"84272a7ffffffff"},"geometry":{"type":"Point","coordinates":[-93.00853,50.1209]}},{"type":"Feature","properties":{"kind":"label","from_year":1882,"to_year":1885,"jurisdiction":"prince_edward_island","name":"Prince Edward Island","sovereign":"Canada","status":"province","h3":"842b055ffffffff"},"geometry":{"type":"Point","coordinates":[-62.87475,46.27223]}},{"type":"Feature","properties":{"kind":"label","from_year":1882,"to_year":1885,"jurisdiction":"quebec","name":"Quebec","sovereign":"Canada","status":"province","h3":"840e4b5ffffffff"},"geometry":{"type":"Point","coordinates":[-70.3091,49.55966]}},{"type":"Feature","properties":{"kind":"border","from_year":1886,"to_year":1888,"a":"british_columbia","b":"northwest_territories"},"geometry":{"type":"MultiLineString","coordinates":[[[-119.809437,58.635095],[-120.000362,58.651262]],[[-120.000362,58.651262],[-120.242555,58.671575]],[[-120.242555,58.671575],[-120.422873,58.892526]],[[-120.422873,58.892526],[-120.167422,59.078656]],[[-119.634422,58.4129],[-119.809437,58.635095]],[[-120.167422,59.078656],[-120.349508,59.300022]],[[-120.349508,59.300022],[-120.090522,59.486567]],[[-119.888105,58.228843],[-119.713974,58.007062]],[[-119.713974,58.007062],[-119.964122,57.823419]],[[-119.634422,58.4129],[-119.888105,58.228843]],[[-119.792642,57.602468],[-119.964122,57.823419]],[[-120.011853,59.895721],[-120.198359,60.117916]],[[-120.911678,59.962048],[-120.650923,60.15108]],[[-120.650923,60.15108],[-120.198359,60.117916]],[[-120.011853,59.895721],[-120.27526,59.708348]],[[-120.090522,59.486567],[-120.27526,59.708348]],[[-121.61439,59.803693],[-121.360706,59.993139]],[[-121.360706,59.993139],[-120.911678,59.962048]],[[-122.059883,59.832296],[-121.61439,59.803693]],[[-120.086102,55.994869],[-120.251394,56.214162]],[[-120.251394,56.214162],[-120.015389,56.394903]],[[-120.086102,55.994869],[-120.319455,55.814957]],[[-120.155047,55.596078],[-120.319455,55.814957]],[[-120.182449,56.614611],[-120.000362,56.753068]],[[-120.015389,56.394903],[-120.182449,56.614611]],[[-120.000362,56.753068],[-119.942908,56.796181]],[[-120.384865,55.416995],[-120.222225,55.198946]],[[-120.155047,55.596078],[-120.384865,55.416995]],[[-119.674198,54.939441],[-119.833303,55.15832]],[[-120.222225,55.198946],[-119.833303,55.15832]],[[-119.674198,54.939441],[-119.903132,54.762431]],[[-119.746679,54.543967],[-119.903132,54.762431]],[[-120.039255,57.419654],[-120.000362,57.369494]],[[-120.000362,57.100456],[-120.111736,57.016303]],[[-120.000362,57.369494],[-119.868659,57.198702]],[[-119.868659,57.198702],[-120.000362,57.100456]],[[-119.942908,56.796181],[-120.000362,56.871213]],[[-120.000362,56.871213],[-120.111736,57.016303]],[[-119.792642,57.602468],[-120.000362,57.448258]],[[-120.000362,57.448258],[-120.039255,57.419654]],[[-123.599661,60.122891],[-124.045154,60.144447]],[[-122.257879,60.049931],[-122.706024,60.075633]],[[-125.601727,60.004332],[-125.378097,60.198752]],[[-125.378097,60.198752],[-124.934372,60.182171]],[[-124.934372,60.182171],[-124.750518,60.000186]],[[-124.750518,60.000186],[-124.720465,59.970754]],[[-124.720465,59.970754],[-124.278508,59.95127]],[[-126.041033,60.018841],[-125.601727,60.004332]],[[-124.045154,60.144447],[-124.278508,59.95127]],[[-126.041033,60.018841],[-126.262895,60.227356]],[[-123.392825,59.908572],[-122.9491,59.884529]],[[-122.706024,60.075633],[-122.9491,59.884529]],[[-123.392825,59.908572],[-123.599661,60.122891]],[[-116.917269,51.763625],[-116.5584,51.708905]],[[-116.5584,51.708905],[-116.430232,51.487954]],[[-116.430232,51.487954],[-116.073131,51.431576]],[[-116.073131,51.431576],[-115.948499,51.21021]],[[-116.917269,51.763625],[-117.048972,51.984162]],[[-117.409609,52.036809],[-117.048972,51.984162]],[[-115.472069,50.929979],[-115.594049,51.152174]],[[-115.948499,51.21021],[-115.594049,51.152174]],[[-115.472069,50.929979],[-115.702771,50.767478]],[[-115.232528,50.486832],[-115.581675,50.546526]],[[-115.581675,50.546526],[-115.702771,50.767478]],[[-117.907253,52.307506],[-118.045144,52.526799]],[[-117.543964,52.256517],[-117.907253,52.307506]],[[-117.409609,52.036809],[-117.543964,52.256517]],[[-118.4102,52.575716],[-118.045144,52.526799]],[[-114.316793,49.31782],[-114.428166,49.538771]],[[-114.543959,49.160708],[-114.463523,49.001109]],[[-114.768473,49.601782],[-114.499764,49.552451]],[[-114.499764,49.552451],[-114.428166,49.538771]],[[-114.316793,49.31782],[-114.543959,49.160708]],[[-115.114968,50.265466],[-114.768473,50.203699]],[[-114.768473,50.203699],[-114.653565,49.981918]],[[-114.653565,49.981918],[-114.719858,49.936318]],[[-114.719858,49.936318],[-114.883382,49.822733]],[[-114.768473,49.601782],[-114.883382,49.822733]],[[-115.114968,50.265466],[-115.232528,50.486832]],[[-120.105548,53.581812],[-119.952631,53.365421]],[[-119.952631,53.365421],[-119.582271,53.322308]],[[-119.582271,53.322308],[-119.432889,53.104673]],[[-119.885453,53.756749],[-120.105548,53.581812]],[[-120.039255,53.97397],[-120.000362,53.918836]],[[-120.000362,53.918836],[-119.885453,53.756749]],[[-119.064297,53.059488],[-118.840667,53.231938]],[[-118.840667,53.231938],[-118.470307,53.185094]],[[-118.470307,53.185094],[-118.327113,52.965801]],[[-118.327113,52.965801],[-118.552511,52.794594]],[[-118.4102,52.575716],[-118.552511,52.794594]],[[-119.432889,53.104673],[-119.064297,53.059488]],[[-120.000362,54.005061],[-120.039255,53.97397]],[[-119.972077,54.367372],[-119.816508,54.149736]],[[-119.816508,54.149736],[-120.000362,54.005061]],[[-119.746679,54.543967],[-119.972077,54.367372]],[[-130.79826,60.083924],[-131.223422,60.081437]],[[-134.564619,60.013866],[-134.413469,60.214505]],[[-134.413469,60.214505],[-133.998029,60.226941]],[[-133.998029,60.226941],[-133.739043,60.038324]],[[-133.739043,60.038324],[-133.323603,60.048688]],[[-133.323603,60.048688],[-133.069036,59.858412]],[[-134.974755,59.999772],[-134.564619,60.013866]],[[-134.974755,59.999772],[-134.986246,60.008477]],[[-134.986246,60.008477],[-135.239045,60.185072]],[[-132.653596,59.866703],[-132.543107,60.000186]],[[-132.543107,60.000186],[-132.488304,60.065684]],[[-132.488304,60.065684],[-132.068445,60.072317]],[[-132.068445,60.072317],[-131.818297,59.878725]],[[-131.818297,59.878725],[-131.399321,59.88287]],[[-133.069036,59.858412],[-132.653596,59.866703]],[[-131.223422,60.081437],[-131.295019,60.000186]],[[-131.295019,60.000186],[-131.399321,59.88287]],[[-128.142097,60.000186],[-127.990948,59.866289]],[[-128.850112,59.878725],[-128.653884,60.076048]],[[-128.653884,60.076048],[-128.221649,60.069829]],[[-128.221649,60.069829],[-128.142097,60.000186]],[[-127.990948,59.866289],[-127.558714,59.857998]],[[-129.278811,59.88287],[-128.850112,59.878725]],[[-129.5157,60.083095],[-129.944398,60.084753]],[[-129.278811,59.88287],[-129.5157,60.083095]],[[-126.703085,60.239378],[-126.916108,60.043713]],[[-126.916108,60.043713],[-127.352762,60.054077]],[[-126.703085,60.239378],[-126.262895,60.227356]],[[-127.352762,60.054077],[-127.558714,59.857998]],[[-130.555183,59.887016],[-130.130904,59.887016]],[[-130.555183,59.887016],[-130.79826,60.083924]],[[-129.944398,60.084753],[-130.024835,60.000186]],[[-130.024835,60.000186],[-130.130904,59.887016]],[[-137.395796,59.890332],[-136.997151,59.911474]],[[-137.668926,60.068586],[-138.067571,60.045371]],[[-136.939696,60.000186],[-136.997151,59.911474]],[[-137.395796,59.890332],[-137.668926,60.068586]],[[-136.866331,60.112113],[-136.939696,60.000186]],[[-138.187783,59.844732],[-138.581125,59.820274]],[[-138.067571,60.045371],[-138.187783,59.844732]],[[-136.193673,59.950441],[-136.462383,60.132011]],[[-135.648298,60.168491],[-135.78884,59.967852]],[[-135.78884,59.967852],[-136.193673,59.950441]],[[-135.648298,60.168491],[-135.239045,60.185072]],[[-136.866331,60.112113],[-136.462383,60.132011]]]}},{"type":"Feature","properties":{"kind":"border","from_year":1886,"to_year":1888,"a":"district_of_keewatin","b":"manitoba"},"geometry":{"type":"MultiLineString","coordinates":[[[-95.089005,52.888281],[-95.450526,53.013888]],[[-95.450526,53.013888],[-95.803208,52.88911]],[[-95.803208,52.88911],[-96.166497,53.01223]],[[-97.225426,52.877503],[-96.879815,53.006011]],[[-96.879815,53.006011],[-96.514759,52.885379]],[[-97.451708,52.950877],[-97.225426,52.877503]],[[-96.166497,53.01223],[-96.514759,52.885379]]]}},{"type":"Feature","properties":{"kind":"border","from_year":1886,"to_year":1888,"a":"district_of_keewatin","b":"northwest_territories"},"geometry":{"type":"MultiLineString","coordinates":[[[-97.900737,68.475939],[-97.559546,68.415001]],[[-97.052179,68.540193],[-97.141454,68.518222]],[[-97.521537,68.424535],[-97.559546,68.415001]],[[-97.277577,68.484644],[-97.47027,68.436971]],[[-100.335037,67.835884],[-100.296144,67.686648]],[[-94.723948,71.834983],[-94.723065,71.834983]],[[-94.623182,71.854052],[-94.449935,71.887215]],[[-94.727484,71.835397],[-94.723948,71.834983]],[[-95.191539,71.911673],[-94.859187,71.857368]],[[-90.891296,55.957974],[-90.869198,56.211675]],[[-91.253701,56.350961],[-90.869198,56.211675]],[[-90.891296,55.957974],[-91.291709,55.84356]],[[-91.310271,55.590274],[-91.291709,55.84356]],[[-90.933724,55.451402],[-91.310271,55.590274]],[[-91.253701,56.350961],[-91.234255,56.604662]],[[-91.234255,56.604662],[-90.825002,56.719905]],[[-90.954938,55.198116],[-90.58281,55.058415]],[[-90.58281,55.058415],[-90.605792,54.805544]],[[-90.605792,54.805544],[-90.995598,54.692788]],[[-90.651755,54.301045],[-91.015928,54.440746]],[[-91.015928,54.440746],[-90.995598,54.692788]],[[-90.954938,55.198116],[-90.933724,55.451402]],[[-90.802021,56.97402],[-91.194479,57.113307]],[[-91.194479,57.113307],[-91.183872,57.240986]],[[-90.825002,56.719905],[-90.802021,56.97402]],[[-99.821482,58.44938],[-100.252833,58.557161]],[[-100.252833,58.557161],[-100.29968,58.808374]],[[-100.29968,58.808374],[-99.90899,58.952221]],[[-99.779054,58.198166],[-99.821482,58.44938]],[[-99.90899,58.952221],[-99.953186,59.203434]],[[-100.161789,58.055563],[-100.11671,57.804765]],[[-99.779054,58.198166],[-100.161789,58.055563]],[[-99.654423,57.445356],[-99.695083,57.696154]],[[-100.11671,57.804765],[-99.695083,57.696154]],[[-99.654423,57.445356],[-100.029202,57.303582]],[[-99.986774,57.053198],[-100.029202,57.303582]],[[-100.062791,59.802449],[-100.064559,59.812398]],[[-100.09196,59.958317],[-100.016827,59.985263]],[[-100.07605,59.872507],[-100.09196,59.958317]],[[-100.045113,59.706689],[-100.047764,59.722857]],[[-99.878053,60.034593],[-99.830321,60.051589]],[[-99.699502,60.180098],[-99.70569,60.212432]],[[-99.687127,60.108796],[-99.689779,60.122062]],[[-100.443758,59.561599],[-100.395143,59.310386]],[[-100.395143,59.310386],[-99.953186,59.203434]],[[-100.045113,59.706689],[-100.443758,59.561599]],[[-98.172098,55.103601],[-98.561904,55.218429]],[[-99.821482,60.858705],[-99.86833,61.110748]],[[-99.581058,62.012794],[-99.627905,62.264836]],[[-91.130837,52.933052],[-91.112275,53.183436]],[[-91.112275,53.183436],[-90.738379,53.294948]],[[-90.738379,53.294948],[-90.717165,53.546161]],[[-90.673853,54.049002],[-90.651755,54.301045]],[[-86.435484,66.054177],[-86.507965,65.800476]],[[-86.507965,65.800476],[-86.481447,65.7926]],[[-86.020928,65.614346],[-86.085454,65.395467]],[[-86.085454,65.395467],[-86.122578,65.388835]],[[-86.011205,65.647095],[-86.020044,65.618077]],[[-85.89718,66.148692],[-86.435484,66.054177]],[[-86.429296,67.971439],[-86.492938,67.76624]],[[-99.934623,66.18683],[-99.992078,66.437215]],[[-99.992078,66.437215],[-99.482943,66.585207]],[[-99.934623,66.18683],[-100.432267,66.037595]],[[-99.822366,65.685233],[-100.371277,65.787211]],[[-100.371277,65.787211],[-100.432267,66.037595]],[[-99.482943,66.585207],[-99.536862,66.835591]],[[-100.109638,66.937568],[-99.536862,66.835591]],[[-96.989421,68.555116],[-96.595195,68.482157]],[[-96.594311,68.482157],[-96.467911,68.458528]],[[-99.648235,67.335944],[-99.70569,67.585914]],[[-100.296144,67.686648],[-99.70569,67.585914]],[[-99.648235,67.335944],[-100.170628,67.187538]],[[-100.109638,66.937568],[-100.125549,67.000164]],[[-100.125549,67.000164],[-100.170628,67.187538]],[[-83.880088,69.767655],[-83.602538,69.804964]],[[-82.676196,69.705474],[-82.647911,69.697183]],[[-82.244846,69.244087],[-82.349148,69.040961]],[[-81.939896,68.630149],[-81.574839,68.517393]],[[-81.685328,67.734735],[-81.799353,67.719397]],[[-81.939896,68.630149],[-81.80996,68.87846]],[[-82.349148,69.040961],[-81.901003,68.906234]],[[-81.873602,68.897944],[-81.80996,68.87846]],[[-85.804369,68.073002],[-85.717745,68.324216]],[[-86.376262,67.980145],[-86.429296,67.971439]],[[-85.755754,68.334579],[-85.717745,68.324216]],[[-85.804369,68.073002],[-85.869779,68.062639]],[[-82.605483,69.702987],[-82.647911,69.697183]],[[-82.134357,69.300051],[-82.20949,69.290516]],[[-81.54125,69.373839],[-81.695935,69.35477]],[[-85.351805,69.873779],[-85.317332,69.864659]],[[-81.54567,67.054884],[-81.454627,67.024622]],[[-83.89865,66.004017],[-84.158521,65.962562]],[[-84.999123,66.062467],[-85.048622,66.054177]],[[-81.420154,67.304854],[-81.923101,67.469842]],[[-81.923101,67.469842],[-81.799353,67.719397]],[[-81.54567,67.054884],[-81.420154,67.304854]],[[-90.924885,69.519759],[-90.92842,69.493228]],[[-90.929304,69.48701],[-90.946099,69.362232]],[[-90.947866,69.349796],[-90.947866,69.348552]],[[-90.947866,69.348552],[-90.815279,69.319534]],[[-90.783458,69.312487],[-90.731307,69.300465]],[[-90.68888,69.291345],[-90.498838,69.248647]],[[-95.870385,69.584842],[-95.780226,69.605155]],[[-95.771387,69.607227],[-95.721004,69.61842]],[[-95.396607,69.689721],[-95.278163,69.715838]],[[-95.278163,69.715838],[-94.71069,69.609714]],[[-100.223663,56.162759],[-100.181235,55.913204]],[[-100.05572,55.166611],[-100.097264,55.415337]],[[-100.097264,55.415337],[-99.74193,55.555038]],[[-99.31058,55.1948],[-99.665029,55.057172]],[[-99.665029,55.057172],[-100.05572,55.166611]],[[-99.31058,55.1948],[-98.91989,55.082459]],[[-99.74193,55.555038],[-99.780822,55.804179]],[[-98.561904,55.218429],[-98.91989,55.082459]],[[-100.181235,55.913204],[-99.780822,55.804179]],[[-100.355367,56.911424],[-100.311171,56.661454]],[[-99.986774,57.053198],[-100.355367,56.911424]],[[-99.861258,56.303289],[-99.902802,56.553259]],[[-100.311171,56.661454],[-99.902802,56.553259]],[[-99.861258,56.303289],[-100.223663,56.162759]],[[-100.236922,60.713615],[-100.187423,60.461573]],[[-100.187423,60.461573],[-99.755189,60.360424]],[[-100.336804,61.216871],[-99.86833,61.110748]],[[-99.821482,60.858705],[-100.236922,60.713615]],[[-100.013292,61.866875],[-99.964676,61.614832]],[[-99.964676,61.614832],[-100.388071,61.468499]],[[-100.336804,61.216871],[-100.388071,61.468499]],[[-100.114058,62.370959],[-99.627905,62.264836]],[[-99.581058,62.012794],[-100.013292,61.866875]],[[-100.436687,63.881141],[-100.494141,64.132354]],[[-100.494141,64.132354],[-100.030086,64.28076]],[[-99.924016,63.777505],[-100.436687,63.881141]],[[-99.872749,63.525462],[-99.924016,63.777505]],[[-99.872749,63.525462],[-100.325313,63.377885]],[[-100.030086,64.28076],[-100.084889,64.532388]],[[-100.084889,64.532388],[-99.611995,64.679551]],[[-100.271395,63.126257],[-99.772867,63.021378]],[[-99.772867,63.021378],[-99.723368,62.769335]],[[-99.723368,62.769335],[-100.165325,62.623002]],[[-100.114058,62.370959],[-100.165325,62.623002]],[[-100.271395,63.126257],[-100.325313,63.377885]],[[-99.663262,64.931179],[-100.196262,65.034815]],[[-100.196262,65.034815],[-100.253716,65.285613]],[[-100.253716,65.285613],[-99.768447,65.43402]],[[-99.611995,64.679551],[-99.663262,64.931179]],[[-99.768447,65.43402],[-99.822366,65.685233]],[[-91.055704,53.937076],[-91.074266,53.685448]],[[-91.074266,53.685448],[-90.717165,53.546161]],[[-90.673853,54.049002],[-91.055704,53.937076]],[[-98.397496,53.843389],[-98.412523,53.973141]],[[-98.412523,53.973141],[-98.310873,54.012108]],[[-98.013878,54.383539],[-98.08901,54.354935]],[[-98.143813,54.854046],[-97.75931,54.737559]],[[-97.75931,54.737559],[-97.734561,54.488004]],[[-97.734561,54.488004],[-97.833559,54.451109]],[[-98.084591,54.313896],[-98.08901,54.354935]],[[-98.143813,54.854046],[-98.172098,55.103601]]]}},{"type":"Feature","properties":{"kind":"border","from_year":1886,"to_year":1888,"a":"district_of_keewatin","b":"ontario_manitoba_disputed_area"},"geometry":{"type":"MultiLineString","coordinates":[[[-92.938442,52.860921],[-93.295543,52.993161]],[[-92.575153,52.977408],[-92.938442,52.860921]],[[-93.657064,52.874601],[-94.015049,53.004353]],[[-93.295543,52.993161],[-93.657064,52.874601]],[[-92.219819,52.843096],[-91.852995,52.95751]],[[-91.852995,52.95751],[-91.500313,52.820711]],[[-92.575153,52.977408],[-92.219819,52.843096]],[[-91.130837,52.933052],[-91.500313,52.820711]],[[-94.733672,53.011401],[-95.089005,52.888281]],[[-94.733672,53.011401],[-94.373918,52.883721]],[[-94.015049,53.004353],[-94.373918,52.883721]]]}},{"type":"Feature","properties":{"kind":"border","from_year":1886,"to_year":1888,"a":"manitoba","b":"northwest_territories"},"geometry":{"type":"MultiLineString","coordinates":[[[-101.432858,52.743191],[-101.386011,52.499025]],[[-101.386011,52.499025],[-101.705988,52.360153]],[[-101.658256,52.116402],[-101.697149,52.317455]],[[-101.697149,52.317455],[-101.705988,52.360153]],[[-101.658256,52.116402],[-101.97293,51.977115]],[[-101.108462,52.882478],[-101.432858,52.743191]],[[-100.853894,52.809103],[-100.810582,52.796667]],[[-101.108462,52.882478],[-101.028909,52.859678]],[[-100.990017,52.848485],[-100.944937,52.835634]],[[-100.944937,52.835634],[-100.933447,52.832318]],[[-101.689193,50.526628],[-101.686542,50.511704]],[[-101.644114,50.286193],[-101.447001,50.226499]],[[-101.447001,50.226499],[-101.296735,50.180899]],[[-101.296735,50.180899],[-101.276405,50.063583]],[[-101.276405,50.063583],[-101.254307,49.940464]],[[-101.254307,49.940464],[-101.417832,49.867504]],[[-101.417832,49.867504],[-101.554838,49.806152]],[[-101.78112,51.008742],[-101.428439,50.904277]],[[-101.384243,50.662598],[-101.508875,50.607464]],[[-101.508875,50.607464],[-101.689193,50.526628]],[[-101.170336,49.461252],[-101.392198,49.53048]],[[-101.417832,49.537942],[-101.510643,49.566546]],[[-101.510643,49.566546],[-101.554838,49.806152]],[[-101.128792,49.22206],[-101.170336,49.461252]],[[-101.924314,51.734607],[-101.647649,51.655015]],[[-101.647649,51.655015],[-101.570749,51.632215]],[[-101.570749,51.365249],[-101.713943,51.301409]],[[-101.747532,51.286486],[-101.828852,51.250421]],[[-101.570749,51.632215],[-101.564561,51.630557]],[[-101.564561,51.630557],[-101.518598,51.388049]],[[-101.518598,51.388049],[-101.570749,51.365249]],[[-101.78112,51.008742],[-101.828852,51.250421]],[[-101.924314,51.734607],[-101.97293,51.977115]],[[-98.888953,52.926834],[-99.006513,52.962899]],[[-100.236038,52.862165],[-100.284653,52.876259]],[[-99.710109,52.940099],[-99.764912,52.917714]],[[-99.710109,52.940099],[-99.341517,52.828587]],[[-100.449945,52.896987],[-100.669156,52.805373]],[[-99.006513,52.962899],[-99.341517,52.828587]],[[-101.424903,49.088992],[-101.408109,48.99945]],[[-101.128792,49.22206],[-101.424903,49.088992]]]}},{"type":"Feature","properties":{"kind":"border","from_year":1886,"to_year":1888,"a":"manitoba","b":"ontario_manitoba_disputed_area"},"geometry":{"type":"MultiLineString","coordinates":[[[-95.379813,51.032371],[-95.370974,50.786547]],[[-95.022711,50.41553],[-95.355063,50.295727]],[[-95.370974,50.786547],[-95.029783,50.661355]],[[-95.029783,50.661355],[-95.022711,50.41553]],[[-95.396607,51.525677],[-95.048345,51.400485]],[[-95.048345,51.400485],[-95.042158,51.153417]],[[-95.042158,51.153417],[-95.379813,51.032371]],[[-95.346224,50.050732],[-95.355063,50.295727]],[[-95.011221,49.925955],[-95.346224,50.050732]],[[-95.005033,49.681374],[-95.011221,49.925955]],[[-95.330314,49.5624],[-95.323242,49.319063]],[[-95.213637,49.605513],[-95.330314,49.5624]],[[-95.423125,52.268124],[-95.068675,52.142932]],[[-95.068675,52.142932],[-95.061604,51.895035]],[[-95.061604,51.895035],[-95.405446,51.772745]],[[-95.396607,51.525677],[-95.405446,51.772745]],[[-95.423125,52.268124],[-95.431964,52.516436]],[[-95.431964,52.516436],[-95.081934,52.639555]],[[-95.323242,49.319063],[-95.153531,49.255224]],[[-95.081934,52.639555],[-95.089005,52.888281]]]}},{"type":"Feature","properties":{"kind":"border","from_year":1886,"to_year":1888,"a":"new_brunswick","b":"nova_scotia"},"geometry":{"type":"MultiLineString","coordinates":[[[-63.901856,46.083138],[-64.116647,46.069044]],[[-64.116647,46.069044],[-64.255422,46.059924]],[[-64.410991,45.841874],[-64.255422,46.059924]],[[-64.410991,45.841874],[-64.513525,45.834827]],[[-64.570095,45.830681],[-64.762789,45.817001]],[[-64.808752,45.497389],[-64.715941,45.406604]],[[-64.715941,45.406604],[-64.76986,45.328255]],[[-64.909518,45.60517],[-64.887421,45.63709]]]}},{"type":"Feature","properties":{"kind":"border","from_year":1886,"to_year":1888,"a":"new_brunswick","b":"prince_edward_island"},"geometry":{"type":"MultiLineString","coordinates":[[[-63.850589,46.154025],[-63.901856,46.083138]],[[-64.104273,46.48566],[-63.941632,46.496023]],[[-63.941632,46.496023],[-63.933677,46.487733]],[[-63.916883,46.471151],[-63.869151,46.424722]],[[-63.838214,46.393631],[-63.834679,46.390315]],[[-63.783412,46.339326],[-63.744519,46.300359]],[[-63.744519,46.300359],[-63.745403,46.298701]]]}},{"type":"Feature","properties":{"kind":"border","from_year":1886,"to_year":1888,"a":"new_brunswick","b":"quebec"},"geometry":{"type":"MultiLineString","coordinates":[[[-68.467274,47.388121],[-68.326731,47.614876]],[[-68.553013,47.805566],[-68.383302,47.662963]],[[-68.383302,47.662963],[-68.326731,47.614876]],[[-68.467274,47.388121],[-68.778411,47.356201]],[[-68.778411,47.356201],[-68.83233,47.350812]],[[-68.924257,47.197845],[-68.837634,47.341692]],[[-68.837634,47.341692],[-68.83233,47.350812]],[[-67.814945,47.877282],[-67.445469,47.911689]],[[-67.445469,47.911689],[-67.223606,47.718926]],[[-68.553013,47.805566],[-68.469925,47.939463]],[[-68.469925,47.939463],[-68.411587,48.033565]],[[-68.411587,48.033565],[-68.040343,48.06963]],[[-68.040343,48.06963],[-67.959023,47.999987]],[[-67.959023,47.999987],[-67.814945,47.877282]],[[-66.704748,47.975943],[-66.855014,47.750846]],[[-66.855014,47.750846],[-67.223606,47.718926]],[[-66.579233,47.986721],[-66.633151,47.982161]],[[-66.633151,47.982161],[-66.704748,47.975943]],[[-66.117829,47.811784],[-65.911877,47.827951]],[[-65.781058,47.8379],[-65.749237,47.840387]],[[-66.330853,48.003303],[-66.117829,47.811784]],[[-65.318771,48.084139],[-65.536214,48.068386]],[[-65.749237,47.840387],[-65.747469,47.84246]],[[-65.222424,48.090772],[-65.170273,48.04227]]]}},{"type":"Feature","properties":{"kind":"border","from_year":1886,"to_year":1888,"a":"newfoundland","b":"northwest_territories"},"geometry":{"type":"MultiLineString","coordinates":[[[-63.085119,56.663113],[-62.835855,56.450866]],[[-63.126663,57.102943],[-62.91364,57.330942]],[[-62.873864,56.890697],[-63.126663,57.102943]],[[-62.377988,56.464546],[-62.835855,56.450866]],[[-63.085119,56.663113],[-62.873864,56.890697]],[[-63.641101,57.527435],[-63.169091,57.543602]],[[-63.169091,57.543602],[-62.91364,57.330942]],[[-61.657598,55.824077],[-62.106626,55.81247]],[[-62.106626,55.81247],[-62.346167,56.025545]],[[-62.346167,56.025545],[-62.134911,56.251471]],[[-61.657598,55.824077],[-61.42336,55.610173]],[[-61.42336,55.610173],[-61.634616,55.386319]],[[-62.377988,56.464546],[-62.134911,56.251471]],[[-64.981999,60.141131],[-64.964321,60.127865]],[[-64.949295,60.117087],[-64.692959,59.930128]],[[-64.692959,59.930128],[-64.911286,59.698399]],[[-64.547998,60.380737],[-64.728316,60.37369]],[[-64.436624,60.384882],[-64.508221,60.381981]],[[-63.903624,57.739267],[-63.641101,57.527435]],[[-64.068032,59.064147],[-64.56214,59.045078]],[[-64.56214,59.045078],[-64.843225,59.256081]],[[-64.843225,59.256081],[-64.626666,59.487396]],[[-64.068032,59.064147],[-64.023836,59.030155]],[[-64.014997,59.023522],[-63.878874,58.917814]],[[-63.87799,58.916984],[-63.794903,58.851901]],[[-63.794903,58.851901],[-64.012345,58.622244]],[[-64.911286,59.698399],[-64.626666,59.487396]],[[-63.691485,57.968509],[-63.957543,58.180341]],[[-63.957543,58.180341],[-63.741868,58.409998]],[[-63.903624,57.739267],[-63.691485,57.968509]],[[-64.012345,58.622244],[-63.741868,58.409998]],[[-56.423941,52.169878],[-56.607795,52.385855]],[[-56.607795,52.385855],[-56.415986,52.570326]],[[-56.411566,52.574472],[-56.387701,52.597272]],[[-56.423941,52.169878],[-56.641384,51.958875]],[[-56.641384,51.958875],[-57.040913,51.962606]],[[-56.387701,52.597272],[-56.573323,52.814078]],[[-56.980807,52.818638],[-56.573323,52.814078]],[[-57.25482,51.75036],[-57.11693,51.590761]],[[-57.11693,51.590761],[-57.070082,51.536041]],[[-57.070082,51.536041],[-57.194714,51.410849]],[[-56.94987,53.248105],[-57.142563,53.465325]],[[-57.558887,53.468642],[-57.306087,53.466984]],[[-57.289293,53.466569],[-57.142563,53.465325]],[[-56.94987,53.248105],[-57.171733,53.03503]],[[-56.980807,52.818638],[-57.171733,53.03503]],[[-57.558887,53.468642],[-57.756,53.685448]],[[-60.714461,54.096675],[-60.286647,54.104137]],[[-60.286647,54.104137],[-60.071855,53.890232]],[[-60.70297,53.662234],[-60.921297,53.874894]],[[-60.921297,53.874894],[-60.714461,54.096675]],[[-60.071855,53.890232],[-59.647577,53.895621]],[[-60.70297,53.662234],[-60.908038,53.440867]],[[-60.275156,53.236912],[-60.692363,53.228621]],[[-60.692363,53.228621],[-60.908038,53.440867]],[[-60.725068,54.531945],[-60.292834,54.538993]],[[-60.292834,54.538993],[-60.075391,54.324674]],[[-60.075391,54.324674],[-59.645809,54.329648]],[[-59.645809,54.329648],[-59.433669,54.1145]],[[-59.433669,54.1145],[-59.508802,54.037395]],[[-59.5309,54.014595],[-59.647577,53.895621]],[[-58.174975,53.686277],[-58.392418,53.4703]],[[-58.392418,53.4703],[-58.81051,53.469056]],[[-58.174975,53.686277],[-57.756,53.685448]],[[-58.81051,53.469056],[-59.024417,53.251836]],[[-59.024417,53.251836],[-59.440741,53.248519]],[[-60.064784,53.023837],[-59.649344,53.030055]],[[-59.440741,53.248519],[-59.649344,53.030055]],[[-60.064784,53.023837],[-60.275156,53.236912]],[[-61.40303,55.172829],[-60.962841,55.181949]],[[-60.962841,55.181949],[-60.736559,54.968045]],[[-60.736559,54.968045],[-60.948698,54.745435]],[[-60.725068,54.531945],[-60.948698,54.745435]],[[-61.40303,55.172829],[-61.634616,55.386319]]]}},{"type":"Feature","properties":{"kind":"border","from_year":1886,"to_year":1888,"a":"newfoundland","b":"quebec"},"geometry":{"type":"MultiLineString","coordinates":[[[-57.040913,51.962606],[-57.107207,51.897108]],[[-57.107207,51.897108],[-57.25482,51.75036]]]}},{"type":"Feature","properties":{"kind":"border","from_year":1886,"to_year":1888,"a":"northwest_territories","b":"ontario"},"geometry":{"type":"MultiLineString","coordinates":[[[-83.16942,51.219744],[-83.54862,51.133105]],[[-83.54862,51.133105],[-83.862409,51.292704]],[[-83.862409,51.292704],[-84.240725,51.204406]],[[-84.240725,51.204406],[-84.55805,51.361933]],[[-79.753976,48.754455],[-79.83618,48.513606]],[[-79.788448,49.648625],[-79.51797,49.489441]],[[-79.51797,49.432648],[-79.586032,49.237398]],[[-79.501176,49.479492],[-79.51797,49.432648]],[[-79.51797,49.489441],[-79.501176,49.479492]],[[-79.586032,49.237398],[-79.51797,49.196773]],[[-79.517087,48.801713],[-79.753976,48.754455]],[[-79.51797,49.196773],[-79.302295,49.068679]],[[-79.302295,49.068679],[-79.323509,49.009399]],[[-79.323509,49.009399],[-79.357982,48.912396]],[[-79.388035,48.827415],[-79.517087,48.801713]],[[-81.103713,50.975164],[-81.023277,51.220573]],[[-81.023277,51.220573],[-80.63789,51.298922]],[[-80.63789,51.298922],[-80.593694,51.274464]],[[-80.593694,51.274464],[-80.335591,51.130618]],[[-81.103713,50.975164],[-81.48468,50.895572]],[[-81.48468,50.895572],[-81.78963,51.06056]],[[-79.950205,51.206479],[-80.335591,51.130618]],[[-79.950205,51.206479],[-79.924571,51.192385]],[[-79.909544,51.184094],[-79.650558,51.036516]],[[-79.650558,51.036516],[-79.738065,50.791936]],[[-79.531229,50.377807],[-79.239537,50.20743]],[[-79.239537,50.20743],[-79.327929,49.964507]],[[-79.327929,49.964507],[-79.703592,49.891133]],[[-79.788448,49.648625],[-79.703592,49.891133]],[[-79.531229,50.377807],[-79.442838,50.621558]],[[-79.738065,50.791936],[-79.442838,50.621558]],[[-82.858283,51.058072],[-82.479083,51.142225]],[[-82.479083,51.142225],[-82.170597,50.978895]],[[-83.16942,51.219744],[-82.858283,51.058072]],[[-81.78963,51.06056],[-82.170597,50.978895]],[[-86.050981,50.99216],[-85.680621,51.086261]],[[-85.680621,51.086261],[-85.361528,50.931637]],[[-86.547741,51.099112],[-86.372726,51.144712]],[[-86.372726,51.144712],[-86.050981,50.99216]],[[-86.742202,51.048538],[-86.547741,51.099112]],[[-84.933713,51.271148],[-84.9894,51.023665]],[[-84.9894,51.023665],[-85.361528,50.931637]],[[-84.55805,51.361933],[-84.933713,51.271148]],[[-87.066599,51.199017],[-87.433423,51.100356]],[[-87.433423,51.100356],[-87.760471,51.249177]],[[-87.066599,51.199017],[-86.742202,51.048538]],[[-87.760471,51.249177],[-88.126412,51.148443]],[[-88.126412,51.148443],[-88.455228,51.294777]],[[-90.918697,51.051025],[-90.584578,50.911739]],[[-90.229244,51.01952],[-90.584578,50.911739]],[[-90.229244,51.01952],[-89.897776,50.878575]],[[-88.851222,50.944488],[-89.210091,50.840852]],[[-89.210091,50.840852],[-89.539791,50.983869]],[[-88.819401,51.192385],[-88.851222,50.944488]],[[-89.539791,50.983869],[-89.897776,50.878575]],[[-88.455228,51.294777],[-88.819401,51.192385]],[[-79.83618,48.513606],[-79.555979,48.34613]]]}},{"type":"Feature","properties":{"kind":"border","from_year":1886,"to_year":1888,"a":"northwest_territories","b":"ontario_manitoba_disputed_area"},"geometry":{"type":"MultiLineString","coordinates":[[[-90.779923,52.793765],[-91.130837,52.933052]],[[-90.801137,52.543796],[-90.779923,52.793765]],[[-91.167961,52.432698],[-91.185639,52.183558]],[[-90.801137,52.543796],[-91.167961,52.432698]],[[-90.918697,51.051025],[-90.899251,51.298922]],[[-91.23779,51.436965],[-90.899251,51.298922]],[[-90.861243,51.795545],[-90.840913,52.044686]],[[-91.185639,52.183558],[-90.840913,52.044686]],[[-90.861243,51.795545],[-91.220996,51.685277]],[[-91.23779,51.436965],[-91.220996,51.685277]]]}},{"type":"Feature","properties":{"kind":"border","from_year":1886,"to_year":1888,"a":"northwest_territories","b":"quebec"},"geometry":{"type":"MultiLineString","coordinates":[[[-69.057728,52.757285],[-69.473168,52.718318]],[[-69.473168,52.718318],[-69.736575,52.913983]],[[-69.736575,52.913983],[-70.152898,52.872529]],[[-68.799625,52.560377],[-68.385953,52.597272]],[[-68.385953,52.597272],[-68.13227,52.39912]],[[-69.057728,52.757285],[-68.799625,52.560377]],[[-67.555958,52.666501],[-67.719482,52.433527]],[[-67.719482,52.433527],[-68.13227,52.39912]],[[-70.30228,52.63541],[-70.037989,52.441403]],[[-70.037989,52.441403],[-70.186487,52.205114]],[[-70.186487,52.205114],[-70.595739,52.162001]],[[-70.595739,52.162001],[-70.860914,52.354764]],[[-70.860914,52.354764],[-71.27105,52.309164]],[[-71.411592,52.071216],[-71.27105,52.309164]],[[-71.145534,51.880112],[-71.411592,52.071216]],[[-70.30228,52.63541],[-70.152898,52.872529]],[[-67.141402,52.698835],[-67.555958,52.666501]],[[-66.973458,52.930979],[-67.141402,52.698835]],[[-66.555367,52.961241],[-66.873576,52.938441]],[[-66.873576,52.938441],[-66.884183,52.937612]],[[-66.884183,52.937612],[-66.973458,52.930979]],[[-72.750722,51.021593],[-72.87889,50.783645]],[[-72.87889,50.783645],[-73.049485,50.760845]],[[-73.152019,50.747165],[-73.272232,50.730998]],[[-72.223026,51.3097],[-72.354729,51.072167]],[[-72.354729,51.072167],[-72.750722,51.021593]],[[-73.39598,50.49305],[-73.272232,50.730998]],[[-73.87241,50.267953],[-73.905998,50.200382]],[[-73.810536,50.389414],[-73.825562,50.360396]],[[-73.825562,50.360396],[-73.826446,50.358738]],[[-73.785786,50.439159],[-73.801697,50.407239]],[[-73.905998,50.200382],[-73.63994,50.017154]],[[-73.63994,50.017154],[-73.759269,49.779621]],[[-73.759269,49.779621],[-74.102227,49.73029]],[[-74.102227,49.73029],[-74.142004,49.724487]],[[-73.39598,50.49305],[-73.604584,50.464032]],[[-73.604584,50.464032],[-73.785786,50.439159]],[[-71.823496,51.358616],[-71.687373,51.59615]],[[-71.687373,51.59615],[-71.285192,51.642993]],[[-71.823496,51.358616],[-72.223026,51.3097]],[[-71.285192,51.642993],[-71.145534,51.880112]],[[-64.357956,52.224597],[-64.537391,51.997428]],[[-64.888305,51.543503],[-65.119006,51.746214]],[[-64.537391,51.997428],[-64.308457,51.793058]],[[-64.308457,51.793058],[-64.48524,51.566717]],[[-64.48524,51.566717],[-64.888305,51.543503]],[[-65.587481,52.152052],[-65.825254,52.354349]],[[-65.119006,51.746214],[-65.524723,51.720927]],[[-65.524723,51.720927],[-65.759844,51.92281]],[[-65.759844,51.92281],[-65.587481,52.152052]],[[-63.994667,52.678108],[-63.765733,52.47208]],[[-63.765733,52.47208],[-63.948704,52.245739]],[[-63.948704,52.245739],[-64.357956,52.224597]],[[-66.480234,52.528458],[-66.237158,52.326575]],[[-66.480234,52.528458],[-66.309639,52.759358]],[[-65.825254,52.354349],[-66.237158,52.326575]],[[-66.555367,52.961241],[-66.309639,52.759358]],[[-63.393605,52.923932],[-63.809929,52.904863]],[[-63.994667,52.678108],[-63.809929,52.904863]],[[-63.393605,52.923932],[-63.166439,52.71666]],[[-62.560074,52.957924],[-62.751884,52.733242]],[[-62.751884,52.733242],[-63.166439,52.71666]],[[-57.040913,51.962606],[-57.227419,52.177754]],[[-57.740973,51.400071],[-57.740973,51.400485]],[[-57.766607,51.429918],[-57.86207,51.538528]],[[-57.86207,51.538528],[-57.652582,51.752018]],[[-57.652582,51.752018],[-57.25482,51.75036]],[[-57.6296,52.179412],[-57.227419,52.177754]],[[-57.82141,52.394146],[-58.227126,52.394146]],[[-58.227126,52.394146],[-58.422471,52.608464]],[[-57.6296,52.179412],[-57.82141,52.394146]],[[-59.040327,52.39],[-58.831724,52.606806]],[[-58.831724,52.606806],[-58.422471,52.608464]],[[-61.293425,52.565352],[-60.882405,52.575716]],[[-60.882405,52.575716],[-60.672033,52.364713]],[[-60.672033,52.364713],[-60.263665,52.373418]],[[-59.447812,52.385855],[-59.040327,52.39]],[[-61.5091,52.775525],[-61.922772,52.763089]],[[-61.922772,52.763089],[-62.143751,52.972433]],[[-61.293425,52.565352],[-61.5091,52.775525]],[[-62.560074,52.957924],[-62.143751,52.972433]],[[-59.651112,52.598515],[-60.061248,52.592297]],[[-59.447812,52.385855],[-59.651112,52.598515]],[[-60.061248,52.592297],[-60.263665,52.373418]],[[-77.015609,47.936976],[-76.711542,47.990452]],[[-76.711542,47.990452],[-76.65232,48.000816]],[[-79.555979,48.34613],[-79.193574,48.417846]],[[-79.189154,48.429453],[-79.142307,48.561278]],[[-79.142307,48.561693],[-79.107834,48.658281]],[[-79.107834,48.658281],[-78.741894,48.729168]],[[-78.741894,48.729168],[-78.490862,48.574958]],[[-78.490862,48.574958],[-78.464345,48.558376]],[[-78.464345,48.558376],[-78.496165,48.474224]],[[-78.496165,48.474224],[-78.55362,48.31877]],[[-79.193574,48.417846],[-79.189154,48.429453]],[[-78.55362,48.31877],[-78.28049,48.148393]],[[-78.28049,48.148393],[-78.369766,47.909616]],[[-78.099288,47.739239],[-77.738651,47.806395]],[[-75.080721,48.482515],[-75.056855,48.534747]],[[-75.030337,48.591954],[-75.01973,48.613925]],[[-75.053319,48.540551],[-75.033873,48.583249]],[[-74.98349,48.693517],[-74.971999,48.717561]],[[-74.487614,49.011887],[-74.111067,49.06785]],[[-73.995274,49.304969],[-74.25868,49.486539]],[[-74.25868,49.486539],[-74.142004,49.724487]],[[-74.111067,49.06785],[-73.995274,49.304969]],[[-75.530633,48.24208],[-75.556266,48.184873]],[[-75.556266,48.184873],[-75.923091,48.124764]],[[-75.923091,48.124764],[-76.186497,48.30053]],[[-76.186497,48.30053],[-76.553322,48.238349]],[[-76.65232,48.000816],[-76.553322,48.238349]],[[-75.139943,48.471322],[-75.172648,48.466348]],[[-75.081604,48.480442],[-75.087792,48.479613]],[[-74.991445,48.730826],[-74.971999,48.717561]],[[-75.236289,48.896644],[-75.00824,48.742019]],[[-75.437822,48.424064],[-75.451081,48.421992]],[[-75.366225,48.435672],[-75.411304,48.42821]],[[-75.296396,48.44645],[-75.34943,48.438159]],[[-75.188558,48.46386],[-75.214192,48.459715]],[[-75.110774,48.476297],[-75.133755,48.472566]],[[-77.283435,48.110255],[-77.646724,48.044343]],[[-77.738651,47.806395],[-77.646724,48.044343]],[[-77.283435,48.110255],[-77.106652,47.995841]],[[-77.106652,47.995841],[-77.015609,47.936976]],[[-74.75102,49.192213],[-75.126684,49.134177]],[[-75.236289,48.896644],[-75.126684,49.134177]],[[-74.75102,49.192213],[-74.487614,49.011887]]]}},{"type":"Feature","properties":{"kind":"border","from_year":1886,"to_year":1888,"a":"nova_scotia","b":"prince_edward_island"},"geometry":{"type":"MultiLineString","coordinates":[[[-63.901856,46.083138],[-63.885946,46.067386]],[[-63.16202,45.714609],[-62.81199,45.734507]],[[-63.251295,45.80498],[-63.242456,45.79586]],[[-63.207099,45.760209],[-63.197376,45.750675]],[[-63.186769,45.739067],[-63.16202,45.714609]],[[-62.81199,45.734507],[-62.789008,45.765598]]]}},{"type":"Feature","properties":{"kind":"border","from_year":1886,"to_year":1888,"a":"ontario","b":"ontario_manitoba_disputed_area"},"geometry":{"type":"MultiLineString","coordinates":[[[-91.113158,48.351519],[-91.126417,48.162073]],[[-91.062775,49.082359],[-91.07957,48.838193]],[[-90.839145,48.734143],[-90.763128,48.700979]],[[-90.763128,48.700979],[-90.781691,48.457642]],[[-90.955822,50.556061],[-91.288173,50.694103]],[[-91.288173,50.694103],[-91.271379,50.941171]],[[-91.271379,50.941171],[-90.918697,51.051025]],[[-90.646452,50.17095],[-90.974384,50.309407]],[[-90.974384,50.309407],[-90.955822,50.556061]],[[-90.665898,49.924711],[-90.646452,50.17095]],[[-91.010624,49.817344],[-91.028303,49.571935]],[[-91.028303,49.571935],[-90.705674,49.433892]],[[-90.705674,49.433892],[-90.72512,49.189311]],[[-90.72512,49.189311],[-91.062775,49.082359]],[[-90.665898,49.924711],[-91.010624,49.817344]]]}},{"type":"Feature","properties":{"kind":"border","from_year":1886,"to_year":1888,"a":"ontario","b":"quebec"},"geometry":{"type":"MultiLineString","coordinates":[[[-75.923888,45.360806],[-75.811843,45.410873]],[[-75.811843,45.410873],[-75.692616,45.370082]],[[-76.043834,45.401359],[-75.923888,45.360806]],[[-75.579853,45.419911],[-75.692616,45.370082]],[[-75.116077,45.436451],[-75.104586,45.462567]],[[-75.104586,45.462567],[-75.014427,45.667766]],[[-75.014427,45.667766],[-74.788145,45.70466]],[[-74.788145,45.70466],[-74.667049,45.724144]],[[-74.667049,45.724144],[-74.546836,45.637504]],[[-74.423972,45.548792],[-74.488498,45.406189]],[[-74.489382,45.406189],[-74.528274,45.31872]],[[-74.528274,45.31872],[-74.358563,45.195187]],[[-74.318786,45.166168],[-74.287849,45.143783]],[[-74.287849,45.143783],[-74.355911,44.995791]],[[-74.355911,44.995791],[-74.356795,44.992475]],[[-75.116077,45.436451],[-75.27253,45.410749]],[[-75.27253,45.410749],[-75.460804,45.378829]],[[-77.408067,46.1134],[-77.612251,46.248127]],[[-77.612251,46.248127],[-77.665286,46.282948]],[[-76.898048,45.77306],[-77.242775,45.710049]],[[-77.242775,45.710049],[-77.497342,45.879183]],[[-77.497342,45.879183],[-77.408067,46.1134]],[[-77.665286,46.282948],[-78.013548,46.217036]],[[-78.013548,46.217036],[-78.274303,46.385755]],[[-76.321736,45.660304],[-76.300522,45.664035]],[[-76.300522,45.664035],[-76.051258,45.492]],[[-76.646133,45.602683],[-76.645249,45.602683]],[[-76.898048,45.77306],[-76.646133,45.602683]],[[-79.60813,47.222303],[-79.688566,46.984355]],[[-79.688566,46.984355],[-79.418972,46.818124]],[[-79.445489,47.699443],[-79.17236,47.531967]],[[-79.17236,47.531967],[-79.225395,47.379415]],[[-79.225395,47.379415],[-79.255448,47.293605]],[[-79.255448,47.293605],[-79.60813,47.222303]],[[-79.068942,46.88901],[-79.418972,46.818124]],[[-78.885972,46.485245],[-78.621681,46.31777]],[[-78.885972,46.485245],[-78.802,46.721535]],[[-78.274303,46.385755],[-78.621681,46.31777]],[[-79.068942,46.88901],[-78.802,46.721535]],[[-79.639067,48.10611],[-79.555979,48.34613]],[[-79.362401,47.938634],[-79.627576,48.099477]]]}},{"type":"Feature","properties":{"kind":"label","from_year":1886,"to_year":1888,"jurisdiction":"british_columbia","name":"British Columbia","sovereign":"Canada","status":"province","h3":"8412aa7ffffffff"},"geometry":{"type":"Point","coordinates":[-125.27189,54.03228]}},{"type":"Feature","properties":{"kind":"label","from_year":1886,"to_year":1888,"jurisdiction":"district_of_keewatin","name":"District of Keewatin","sovereign":"Canada","status":"district","h3":"840f9a9ffffffff"},"geometry":{"type":"Point","coordinates":[-95.05329,64.01779]}},{"type":"Feature","properties":{"kind":"label","from_year":1886,"to_year":1888,"jurisdiction":"manitoba","name":"Manitoba","sovereign":"Canada","status":"province","h3":"8427153ffffffff"},"geometry":{"type":"Point","coordinates":[-98.32265,50.91362]}},{"type":"Feature","properties":{"kind":"label","from_year":1886,"to_year":1888,"jurisdiction":"new_brunswick","name":"New Brunswick","sovereign":"Canada","status":"province","h3":"842b025ffffffff"},"geometry":{"type":"Point","coordinates":[-66.28033,46.52931]}},{"type":"Feature","properties":{"kind":"label","from_year":1886,"to_year":1888,"jurisdiction":"newfoundland","name":"Newfoundland","sovereign":"Britain","status":"colony","h3":"841b987ffffffff"},"geometry":{"type":"Point","coordinates":[-56.51042,48.97737]}},{"type":"Feature","properties":{"kind":"label","from_year":1886,"to_year":1888,"jurisdiction":"northwest_territories","name":"North-West Territories","sovereign":"Canada","status":"territory","h3":"841311dffffffff"},"geometry":{"type":"Point","coordinates":[-127.38167,65.13294]}},{"type":"Feature","properties":{"kind":"label","from_year":1886,"to_year":1888,"jurisdiction":"nova_scotia","name":"Nova Scotia","sovereign":"Canada","status":"province","h3":"842b011ffffffff"},"geometry":{"type":"Point","coordinates":[-63.39259,45.25509]}},{"type":"Feature","properties":{"kind":"label","from_year":1886,"to_year":1888,"jurisdiction":"ontario","name":"Ontario","sovereign":"Canada","status":"province","h3":"8427653ffffffff"},"geometry":{"type":"Point","coordinates":[-82.47443,47.49261]}},{"type":"Feature","properties":{"kind":"label","from_year":1886,"to_year":1888,"jurisdiction":"ontario_manitoba_disputed_area","name":"Ontario–Manitoba disputed area","sovereign":"Canada (Ontario and Manitoba)","status":"disputed","h3":"84272a7ffffffff"},"geometry":{"type":"Point","coordinates":[-93.00853,50.1209]}},{"type":"Feature","properties":{"kind":"label","from_year":1886,"to_year":1888,"jurisdiction":"prince_edward_island","name":"Prince Edward Island","sovereign":"Canada","status":"province","h3":"842b055ffffffff"},"geometry":{"type":"Point","coordinates":[-62.87475,46.27223]}},{"type":"Feature","properties":{"kind":"label","from_year":1886,"to_year":1888,"jurisdiction":"quebec","name":"Quebec","sovereign":"Canada","status":"province","h3":"840e4b5ffffffff"},"geometry":{"type":"Point","coordinates":[-70.3091,49.55966]}},{"type":"Feature","properties":{"kind":"border","from_year":1889,"to_year":1896,"a":"british_columbia","b":"northwest_territories"},"geometry":{"type":"MultiLineString","coordinates":[[[-119.809437,58.635095],[-120.000362,58.651262]],[[-120.000362,58.651262],[-120.242555,58.671575]],[[-120.242555,58.671575],[-120.422873,58.892526]],[[-120.422873,58.892526],[-120.167422,59.078656]],[[-119.634422,58.4129],[-119.809437,58.635095]],[[-120.167422,59.078656],[-120.349508,59.300022]],[[-120.349508,59.300022],[-120.090522,59.486567]],[[-119.888105,58.228843],[-119.713974,58.007062]],[[-119.713974,58.007062],[-119.964122,57.823419]],[[-119.634422,58.4129],[-119.888105,58.228843]],[[-119.792642,57.602468],[-119.964122,57.823419]],[[-120.011853,59.895721],[-120.198359,60.117916]],[[-120.911678,59.962048],[-120.650923,60.15108]],[[-120.650923,60.15108],[-120.198359,60.117916]],[[-120.011853,59.895721],[-120.27526,59.708348]],[[-120.090522,59.486567],[-120.27526,59.708348]],[[-121.61439,59.803693],[-121.360706,59.993139]],[[-121.360706,59.993139],[-120.911678,59.962048]],[[-122.059883,59.832296],[-121.61439,59.803693]],[[-120.086102,55.994869],[-120.251394,56.214162]],[[-120.251394,56.214162],[-120.015389,56.394903]],[[-120.086102,55.994869],[-120.319455,55.814957]],[[-120.155047,55.596078],[-120.319455,55.814957]],[[-120.182449,56.614611],[-120.000362,56.753068]],[[-120.015389,56.394903],[-120.182449,56.614611]],[[-120.000362,56.753068],[-119.942908,56.796181]],[[-120.384865,55.416995],[-120.222225,55.198946]],[[-120.155047,55.596078],[-120.384865,55.416995]],[[-119.674198,54.939441],[-119.833303,55.15832]],[[-120.222225,55.198946],[-119.833303,55.15832]],[[-119.674198,54.939441],[-119.903132,54.762431]],[[-119.746679,54.543967],[-119.903132,54.762431]],[[-120.039255,57.419654],[-120.000362,57.369494]],[[-120.000362,57.100456],[-120.111736,57.016303]],[[-120.000362,57.369494],[-119.868659,57.198702]],[[-119.868659,57.198702],[-120.000362,57.100456]],[[-119.942908,56.796181],[-120.000362,56.871213]],[[-120.000362,56.871213],[-120.111736,57.016303]],[[-119.792642,57.602468],[-120.000362,57.448258]],[[-120.000362,57.448258],[-120.039255,57.419654]],[[-123.599661,60.122891],[-124.045154,60.144447]],[[-122.257879,60.049931],[-122.706024,60.075633]],[[-125.601727,60.004332],[-125.378097,60.198752]],[[-125.378097,60.198752],[-124.934372,60.182171]],[[-124.934372,60.182171],[-124.750518,60.000186]],[[-124.750518,60.000186],[-124.720465,59.970754]],[[-124.720465,59.970754],[-124.278508,59.95127]],[[-126.041033,60.018841],[-125.601727,60.004332]],[[-124.045154,60.144447],[-124.278508,59.95127]],[[-126.041033,60.018841],[-126.262895,60.227356]],[[-123.392825,59.908572],[-122.9491,59.884529]],[[-122.706024,60.075633],[-122.9491,59.884529]],[[-123.392825,59.908572],[-123.599661,60.122891]],[[-116.917269,51.763625],[-116.5584,51.708905]],[[-116.5584,51.708905],[-116.430232,51.487954]],[[-116.430232,51.487954],[-116.073131,51.431576]],[[-116.073131,51.431576],[-115.948499,51.21021]],[[-116.917269,51.763625],[-117.048972,51.984162]],[[-117.409609,52.036809],[-117.048972,51.984162]],[[-115.472069,50.929979],[-115.594049,51.152174]],[[-115.948499,51.21021],[-115.594049,51.152174]],[[-115.472069,50.929979],[-115.702771,50.767478]],[[-115.232528,50.486832],[-115.581675,50.546526]],[[-115.581675,50.546526],[-115.702771,50.767478]],[[-117.907253,52.307506],[-118.045144,52.526799]],[[-117.543964,52.256517],[-117.907253,52.307506]],[[-117.409609,52.036809],[-117.543964,52.256517]],[[-118.4102,52.575716],[-118.045144,52.526799]],[[-114.316793,49.31782],[-114.428166,49.538771]],[[-114.543959,49.160708],[-114.463523,49.001109]],[[-114.768473,49.601782],[-114.499764,49.552451]],[[-114.499764,49.552451],[-114.428166,49.538771]],[[-114.316793,49.31782],[-114.543959,49.160708]],[[-115.114968,50.265466],[-114.768473,50.203699]],[[-114.768473,50.203699],[-114.653565,49.981918]],[[-114.653565,49.981918],[-114.719858,49.936318]],[[-114.719858,49.936318],[-114.883382,49.822733]],[[-114.768473,49.601782],[-114.883382,49.822733]],[[-115.114968,50.265466],[-115.232528,50.486832]],[[-120.105548,53.581812],[-119.952631,53.365421]],[[-119.952631,53.365421],[-119.582271,53.322308]],[[-119.582271,53.322308],[-119.432889,53.104673]],[[-119.885453,53.756749],[-120.105548,53.581812]],[[-120.039255,53.97397],[-120.000362,53.918836]],[[-120.000362,53.918836],[-119.885453,53.756749]],[[-119.064297,53.059488],[-118.840667,53.231938]],[[-118.840667,53.231938],[-118.470307,53.185094]],[[-118.470307,53.185094],[-118.327113,52.965801]],[[-118.327113,52.965801],[-118.552511,52.794594]],[[-118.4102,52.575716],[-118.552511,52.794594]],[[-119.432889,53.104673],[-119.064297,53.059488]],[[-120.000362,54.005061],[-120.039255,53.97397]],[[-119.972077,54.367372],[-119.816508,54.149736]],[[-119.816508,54.149736],[-120.000362,54.005061]],[[-119.746679,54.543967],[-119.972077,54.367372]],[[-130.79826,60.083924],[-131.223422,60.081437]],[[-134.564619,60.013866],[-134.413469,60.214505]],[[-134.413469,60.214505],[-133.998029,60.226941]],[[-133.998029,60.226941],[-133.739043,60.038324]],[[-133.739043,60.038324],[-133.323603,60.048688]],[[-133.323603,60.048688],[-133.069036,59.858412]],[[-134.974755,59.999772],[-134.564619,60.013866]],[[-134.974755,59.999772],[-134.986246,60.008477]],[[-134.986246,60.008477],[-135.239045,60.185072]],[[-132.653596,59.866703],[-132.543107,60.000186]],[[-132.543107,60.000186],[-132.488304,60.065684]],[[-132.488304,60.065684],[-132.068445,60.072317]],[[-132.068445,60.072317],[-131.818297,59.878725]],[[-131.818297,59.878725],[-131.399321,59.88287]],[[-133.069036,59.858412],[-132.653596,59.866703]],[[-131.223422,60.081437],[-131.295019,60.000186]],[[-131.295019,60.000186],[-131.399321,59.88287]],[[-128.142097,60.000186],[-127.990948,59.866289]],[[-128.850112,59.878725],[-128.653884,60.076048]],[[-128.653884,60.076048],[-128.221649,60.069829]],[[-128.221649,60.069829],[-128.142097,60.000186]],[[-127.990948,59.866289],[-127.558714,59.857998]],[[-129.278811,59.88287],[-128.850112,59.878725]],[[-129.5157,60.083095],[-129.944398,60.084753]],[[-129.278811,59.88287],[-129.5157,60.083095]],[[-126.703085,60.239378],[-126.916108,60.043713]],[[-126.916108,60.043713],[-127.352762,60.054077]],[[-126.703085,60.239378],[-126.262895,60.227356]],[[-127.352762,60.054077],[-127.558714,59.857998]],[[-130.555183,59.887016],[-130.130904,59.887016]],[[-130.555183,59.887016],[-130.79826,60.083924]],[[-129.944398,60.084753],[-130.024835,60.000186]],[[-130.024835,60.000186],[-130.130904,59.887016]],[[-137.395796,59.890332],[-136.997151,59.911474]],[[-137.668926,60.068586],[-138.067571,60.045371]],[[-136.939696,60.000186],[-136.997151,59.911474]],[[-137.395796,59.890332],[-137.668926,60.068586]],[[-136.866331,60.112113],[-136.939696,60.000186]],[[-138.187783,59.844732],[-138.581125,59.820274]],[[-138.067571,60.045371],[-138.187783,59.844732]],[[-136.193673,59.950441],[-136.462383,60.132011]],[[-135.648298,60.168491],[-135.78884,59.967852]],[[-135.78884,59.967852],[-136.193673,59.950441]],[[-135.648298,60.168491],[-135.239045,60.185072]],[[-136.866331,60.112113],[-136.462383,60.132011]]]}},{"type":"Feature","properties":{"kind":"border","from_year":1889,"to_year":1896,"a":"district_of_keewatin","b":"manitoba"},"geometry":{"type":"MultiLineString","coordinates":[[[-95.379813,51.032371],[-95.370974,50.786547]],[[-95.370974,50.786547],[-95.029783,50.661355]],[[-95.029783,50.661355],[-95.022711,50.41553]],[[-95.396607,51.525677],[-95.048345,51.400485]],[[-95.048345,51.400485],[-95.042158,51.153417]],[[-95.042158,51.153417],[-95.379813,51.032371]],[[-95.423125,52.268124],[-95.068675,52.142932]],[[-95.068675,52.142932],[-95.061604,51.895035]],[[-95.061604,51.895035],[-95.405446,51.772745]],[[-95.396607,51.525677],[-95.405446,51.772745]],[[-95.423125,52.268124],[-95.431964,52.516436]],[[-95.431964,52.516436],[-95.081934,52.639555]],[[-95.089005,52.888281],[-95.450526,53.013888]],[[-95.081934,52.639555],[-95.089005,52.888281]],[[-95.450526,53.013888],[-95.803208,52.88911]],[[-95.803208,52.88911],[-96.166497,53.01223]],[[-97.225426,52.877503],[-96.879815,53.006011]],[[-96.879815,53.006011],[-96.514759,52.885379]],[[-97.451708,52.950877],[-97.225426,52.877503]],[[-96.166497,53.01223],[-96.514759,52.885379]]]}},{"type":"Feature","properties":{"kind":"border","from_year":1889,"to_year":1896,"a":"district_of_keewatin","b":"northwest_territories"},"geometry":{"type":"MultiLineString","coordinates":[[[-97.900737,68.475939],[-97.559546,68.415001]],[[-97.052179,68.540193],[-97.141454,68.518222]],[[-97.521537,68.424535],[-97.559546,68.415001]],[[-97.277577,68.484644],[-97.47027,68.436971]],[[-100.335037,67.835884],[-100.296144,67.686648]],[[-94.723948,71.834983],[-94.723065,71.834983]],[[-94.623182,71.854052],[-94.449935,71.887215]],[[-94.727484,71.835397],[-94.723948,71.834983]],[[-95.191539,71.911673],[-94.859187,71.857368]],[[-90.891296,55.957974],[-90.869198,56.211675]],[[-91.253701,56.350961],[-90.869198,56.211675]],[[-90.891296,55.957974],[-91.291709,55.84356]],[[-91.310271,55.590274],[-91.291709,55.84356]],[[-90.933724,55.451402],[-91.310271,55.590274]],[[-91.253701,56.350961],[-91.234255,56.604662]],[[-91.234255,56.604662],[-90.825002,56.719905]],[[-90.954938,55.198116],[-90.58281,55.058415]],[[-90.58281,55.058415],[-90.605792,54.805544]],[[-90.605792,54.805544],[-90.995598,54.692788]],[[-90.651755,54.301045],[-91.015928,54.440746]],[[-91.015928,54.440746],[-90.995598,54.692788]],[[-90.954938,55.198116],[-90.933724,55.451402]],[[-90.802021,56.97402],[-91.194479,57.113307]],[[-91.194479,57.113307],[-91.183872,57.240986]],[[-90.825002,56.719905],[-90.802021,56.97402]],[[-99.821482,58.44938],[-100.252833,58.557161]],[[-100.252833,58.557161],[-100.29968,58.808374]],[[-100.29968,58.808374],[-99.90899,58.952221]],[[-99.779054,58.198166],[-99.821482,58.44938]],[[-99.90899,58.952221],[-99.953186,59.203434]],[[-100.161789,58.055563],[-100.11671,57.804765]],[[-99.779054,58.198166],[-100.161789,58.055563]],[[-99.654423,57.445356],[-99.695083,57.696154]],[[-100.11671,57.804765],[-99.695083,57.696154]],[[-99.654423,57.445356],[-100.029202,57.303582]],[[-99.986774,57.053198],[-100.029202,57.303582]],[[-100.062791,59.802449],[-100.064559,59.812398]],[[-100.09196,59.958317],[-100.016827,59.985263]],[[-100.07605,59.872507],[-100.09196,59.958317]],[[-100.045113,59.706689],[-100.047764,59.722857]],[[-99.878053,60.034593],[-99.830321,60.051589]],[[-99.699502,60.180098],[-99.70569,60.212432]],[[-99.687127,60.108796],[-99.689779,60.122062]],[[-100.443758,59.561599],[-100.395143,59.310386]],[[-100.395143,59.310386],[-99.953186,59.203434]],[[-100.045113,59.706689],[-100.443758,59.561599]],[[-98.172098,55.103601],[-98.561904,55.218429]],[[-99.821482,60.858705],[-99.86833,61.110748]],[[-99.581058,62.012794],[-99.627905,62.264836]],[[-91.130837,52.933052],[-91.112275,53.183436]],[[-91.112275,53.183436],[-90.738379,53.294948]],[[-90.779923,52.793765],[-91.130837,52.933052]],[[-90.801137,52.543796],[-90.779923,52.793765]],[[-90.738379,53.294948],[-90.717165,53.546161]],[[-90.673853,54.049002],[-90.651755,54.301045]],[[-86.435484,66.054177],[-86.507965,65.800476]],[[-86.507965,65.800476],[-86.481447,65.7926]],[[-86.020928,65.614346],[-86.085454,65.395467]],[[-86.085454,65.395467],[-86.122578,65.388835]],[[-86.011205,65.647095],[-86.020044,65.618077]],[[-85.89718,66.148692],[-86.435484,66.054177]],[[-86.429296,67.971439],[-86.492938,67.76624]],[[-99.934623,66.18683],[-99.992078,66.437215]],[[-99.992078,66.437215],[-99.482943,66.585207]],[[-99.934623,66.18683],[-100.432267,66.037595]],[[-99.822366,65.685233],[-100.371277,65.787211]],[[-100.371277,65.787211],[-100.432267,66.037595]],[[-99.482943,66.585207],[-99.536862,66.835591]],[[-100.109638,66.937568],[-99.536862,66.835591]],[[-96.989421,68.555116],[-96.595195,68.482157]],[[-96.594311,68.482157],[-96.467911,68.458528]],[[-99.648235,67.335944],[-99.70569,67.585914]],[[-100.296144,67.686648],[-99.70569,67.585914]],[[-99.648235,67.335944],[-100.170628,67.187538]],[[-100.109638,66.937568],[-100.125549,67.000164]],[[-100.125549,67.000164],[-100.170628,67.187538]],[[-83.880088,69.767655],[-83.602538,69.804964]],[[-82.676196,69.705474],[-82.647911,69.697183]],[[-82.244846,69.244087],[-82.349148,69.040961]],[[-81.939896,68.630149],[-81.574839,68.517393]],[[-81.685328,67.734735],[-81.799353,67.719397]],[[-81.939896,68.630149],[-81.80996,68.87846]],[[-82.349148,69.040961],[-81.901003,68.906234]],[[-81.873602,68.897944],[-81.80996,68.87846]],[[-85.804369,68.073002],[-85.717745,68.324216]],[[-86.376262,67.980145],[-86.429296,67.971439]],[[-85.755754,68.334579],[-85.717745,68.324216]],[[-85.804369,68.073002],[-85.869779,68.062639]],[[-82.605483,69.702987],[-82.647911,69.697183]],[[-82.134357,69.300051],[-82.20949,69.290516]],[[-81.54125,69.373839],[-81.695935,69.35477]],[[-85.351805,69.873779],[-85.317332,69.864659]],[[-81.54567,67.054884],[-81.454627,67.024622]],[[-83.89865,66.004017],[-84.158521,65.962562]],[[-84.999123,66.062467],[-85.048622,66.054177]],[[-81.420154,67.304854],[-81.923101,67.469842]],[[-81.923101,67.469842],[-81.799353,67.719397]],[[-81.54567,67.054884],[-81.420154,67.304854]],[[-90.924885,69.519759],[-90.92842,69.493228]],[[-90.929304,69.48701],[-90.946099,69.362232]],[[-90.947866,69.349796],[-90.947866,69.348552]],[[-90.947866,69.348552],[-90.815279,69.319534]],[[-90.783458,69.312487],[-90.731307,69.300465]],[[-90.68888,69.291345],[-90.498838,69.248647]],[[-95.870385,69.584842],[-95.780226,69.605155]],[[-95.771387,69.607227],[-95.721004,69.61842]],[[-95.396607,69.689721],[-95.278163,69.715838]],[[-95.278163,69.715838],[-94.71069,69.609714]],[[-100.223663,56.162759],[-100.181235,55.913204]],[[-100.05572,55.166611],[-100.097264,55.415337]],[[-100.097264,55.415337],[-99.74193,55.555038]],[[-99.31058,55.1948],[-99.665029,55.057172]],[[-99.665029,55.057172],[-100.05572,55.166611]],[[-99.31058,55.1948],[-98.91989,55.082459]],[[-99.74193,55.555038],[-99.780822,55.804179]],[[-98.561904,55.218429],[-98.91989,55.082459]],[[-100.181235,55.913204],[-99.780822,55.804179]],[[-100.355367,56.911424],[-100.311171,56.661454]],[[-99.986774,57.053198],[-100.355367,56.911424]],[[-99.861258,56.303289],[-99.902802,56.553259]],[[-100.311171,56.661454],[-99.902802,56.553259]],[[-99.861258,56.303289],[-100.223663,56.162759]],[[-100.236922,60.713615],[-100.187423,60.461573]],[[-100.187423,60.461573],[-99.755189,60.360424]],[[-100.336804,61.216871],[-99.86833,61.110748]],[[-99.821482,60.858705],[-100.236922,60.713615]],[[-100.013292,61.866875],[-99.964676,61.614832]],[[-99.964676,61.614832],[-100.388071,61.468499]],[[-100.336804,61.216871],[-100.388071,61.468499]],[[-100.114058,62.370959],[-99.627905,62.264836]],[[-99.581058,62.012794],[-100.013292,61.866875]],[[-100.436687,63.881141],[-100.494141,64.132354]],[[-100.494141,64.132354],[-100.030086,64.28076]],[[-99.924016,63.777505],[-100.436687,63.881141]],[[-99.872749,63.525462],[-99.924016,63.777505]],[[-99.872749,63.525462],[-100.325313,63.377885]],[[-100.030086,64.28076],[-100.084889,64.532388]],[[-100.084889,64.532388],[-99.611995,64.679551]],[[-100.271395,63.126257],[-99.772867,63.021378]],[[-99.772867,63.021378],[-99.723368,62.769335]],[[-99.723368,62.769335],[-100.165325,62.623002]],[[-100.114058,62.370959],[-100.165325,62.623002]],[[-100.271395,63.126257],[-100.325313,63.377885]],[[-99.663262,64.931179],[-100.196262,65.034815]],[[-100.196262,65.034815],[-100.253716,65.285613]],[[-100.253716,65.285613],[-99.768447,65.43402]],[[-99.611995,64.679551],[-99.663262,64.931179]],[[-99.768447,65.43402],[-99.822366,65.685233]],[[-91.167961,52.432698],[-91.185639,52.183558]],[[-90.801137,52.543796],[-91.167961,52.432698]],[[-91.055704,53.937076],[-91.074266,53.685448]],[[-91.074266,53.685448],[-90.717165,53.546161]],[[-90.673853,54.049002],[-91.055704,53.937076]],[[-90.918697,51.051025],[-90.899251,51.298922]],[[-91.23779,51.436965],[-90.899251,51.298922]],[[-90.861243,51.795545],[-90.840913,52.044686]],[[-91.185639,52.183558],[-90.840913,52.044686]],[[-90.861243,51.795545],[-91.220996,51.685277]],[[-91.23779,51.436965],[-91.220996,51.685277]],[[-98.397496,53.843389],[-98.412523,53.973141]],[[-98.412523,53.973141],[-98.310873,54.012108]],[[-98.013878,54.383539],[-98.08901,54.354935]],[[-98.143813,54.854046],[-97.75931,54.737559]],[[-97.75931,54.737559],[-97.734561,54.488004]],[[-97.734561,54.488004],[-97.833559,54.451109]],[[-98.084591,54.313896],[-98.08901,54.354935]],[[-98.143813,54.854046],[-98.172098,55.103601]]]}},{"type":"Feature","properties":{"kind":"border","from_year":1889,"to_year":1896,"a":"district_of_keewatin","b":"ontario"},"geometry":{"type":"MultiLineString","coordinates":[[[-94.685056,50.289509],[-94.350937,50.407654]],[[-94.350937,50.407654],[-94.014165,50.27956]],[[-95.022711,50.41553],[-94.685056,50.289509]],[[-93.674742,50.642286],[-93.677394,50.396047]],[[-93.677394,50.396047],[-94.014165,50.27956]],[[-93.333551,50.758358],[-93.674742,50.642286]],[[-91.288173,50.694103],[-91.271379,50.941171]],[[-91.271379,50.941171],[-90.918697,51.051025]],[[-91.288173,50.694103],[-91.636436,50.583835]],[[-91.650578,50.337182],[-91.636436,50.583835]],[[-92.782873,50.29324],[-92.806738,50.303189]],[[-92.866844,50.326818],[-92.902201,50.340913]],[[-92.943745,50.357494],[-93.002083,50.380294]],[[-93.002083,50.380294],[-93.002083,50.410556]],[[-92.99678,50.609122],[-92.99678,50.626533]],[[-92.326773,50.360811],[-92.372736,50.345473]],[[-92.999432,50.505072],[-92.998548,50.531188]],[[-92.651169,50.253858],[-92.668848,50.248055]],[[-92.668848,50.248055],[-92.684758,50.254273]],[[-92.72365,50.270026],[-92.745748,50.278731]],[[-92.326773,50.360811],[-92.326773,50.360396]],[[-92.318818,50.35708],[-92.25606,50.332207]],[[-92.00326,50.229815],[-91.995305,50.226084]],[[-92.197721,50.308578],[-92.060715,50.253029]],[[-93.333551,50.758358],[-93.017994,50.635238]],[[-92.997664,50.627362],[-92.99678,50.626533]],[[-91.650578,50.337182],[-91.823826,50.281633]],[[-91.989118,50.228157],[-91.995305,50.226084]],[[-91.868021,50.267124],[-91.963484,50.236448]]]}},{"type":"Feature","properties":{"kind":"border","from_year":1889,"to_year":1896,"a":"manitoba","b":"northwest_territories"},"geometry":{"type":"MultiLineString","coordinates":[[[-101.432858,52.743191],[-101.386011,52.499025]],[[-101.386011,52.499025],[-101.705988,52.360153]],[[-101.658256,52.116402],[-101.697149,52.317455]],[[-101.697149,52.317455],[-101.705988,52.360153]],[[-101.658256,52.116402],[-101.97293,51.977115]],[[-101.108462,52.882478],[-101.432858,52.743191]],[[-100.853894,52.809103],[-100.810582,52.796667]],[[-101.108462,52.882478],[-101.028909,52.859678]],[[-100.990017,52.848485],[-100.944937,52.835634]],[[-100.944937,52.835634],[-100.933447,52.832318]],[[-101.689193,50.526628],[-101.686542,50.511704]],[[-101.644114,50.286193],[-101.447001,50.226499]],[[-101.447001,50.226499],[-101.296735,50.180899]],[[-101.296735,50.180899],[-101.276405,50.063583]],[[-101.276405,50.063583],[-101.254307,49.940464]],[[-101.254307,49.940464],[-101.417832,49.867504]],[[-101.417832,49.867504],[-101.554838,49.806152]],[[-101.78112,51.008742],[-101.428439,50.904277]],[[-101.384243,50.662598],[-101.508875,50.607464]],[[-101.508875,50.607464],[-101.689193,50.526628]],[[-101.170336,49.461252],[-101.392198,49.53048]],[[-101.417832,49.537942],[-101.510643,49.566546]],[[-101.510643,49.566546],[-101.554838,49.806152]],[[-101.128792,49.22206],[-101.170336,49.461252]],[[-101.924314,51.734607],[-101.647649,51.655015]],[[-101.647649,51.655015],[-101.570749,51.632215]],[[-101.570749,51.365249],[-101.713943,51.301409]],[[-101.747532,51.286486],[-101.828852,51.250421]],[[-101.570749,51.632215],[-101.564561,51.630557]],[[-101.564561,51.630557],[-101.518598,51.388049]],[[-101.518598,51.388049],[-101.570749,51.365249]],[[-101.78112,51.008742],[-101.828852,51.250421]],[[-101.924314,51.734607],[-101.97293,51.977115]],[[-98.888953,52.926834],[-99.006513,52.962899]],[[-100.236038,52.862165],[-100.284653,52.876259]],[[-99.710109,52.940099],[-99.764912,52.917714]],[[-99.710109,52.940099],[-99.341517,52.828587]],[[-100.449945,52.896987],[-100.669156,52.805373]],[[-99.006513,52.962899],[-99.341517,52.828587]],[[-101.424903,49.088992],[-101.408109,48.99945]],[[-101.128792,49.22206],[-101.424903,49.088992]]]}},{"type":"Feature","properties":{"kind":"border","from_year":1889,"to_year":1896,"a":"manitoba","b":"ontario"},"geometry":{"type":"MultiLineString","coordinates":[[[-95.022711,50.41553],[-95.355063,50.295727]],[[-95.346224,50.050732],[-95.355063,50.295727]],[[-95.011221,49.925955],[-95.346224,50.050732]],[[-95.005033,49.681374],[-95.011221,49.925955]],[[-95.330314,49.5624],[-95.323242,49.319063]],[[-95.213637,49.605513],[-95.330314,49.5624]],[[-95.323242,49.319063],[-95.153531,49.255224]]]}},{"type":"Feature","properties":{"kind":"border","from_year":1889,"to_year":1896,"a":"new_brunswick","b":"nova_scotia"},"geometry":{"type":"MultiLineString","coordinates":[[[-63.901856,46.083138],[-64.116647,46.069044]],[[-64.116647,46.069044],[-64.255422,46.059924]],[[-64.410991,45.841874],[-64.255422,46.059924]],[[-64.410991,45.841874],[-64.513525,45.834827]],[[-64.570095,45.830681],[-64.762789,45.817001]],[[-64.808752,45.497389],[-64.715941,45.406604]],[[-64.715941,45.406604],[-64.76986,45.328255]],[[-64.909518,45.60517],[-64.887421,45.63709]]]}},{"type":"Feature","properties":{"kind":"border","from_year":1889,"to_year":1896,"a":"new_brunswick","b":"prince_edward_island"},"geometry":{"type":"MultiLineString","coordinates":[[[-63.850589,46.154025],[-63.901856,46.083138]],[[-64.104273,46.48566],[-63.941632,46.496023]],[[-63.941632,46.496023],[-63.933677,46.487733]],[[-63.916883,46.471151],[-63.869151,46.424722]],[[-63.838214,46.393631],[-63.834679,46.390315]],[[-63.783412,46.339326],[-63.744519,46.300359]],[[-63.744519,46.300359],[-63.745403,46.298701]]]}},{"type":"Feature","properties":{"kind":"border","from_year":1889,"to_year":1896,"a":"new_brunswick","b":"quebec"},"geometry":{"type":"MultiLineString","coordinates":[[[-68.467274,47.388121],[-68.326731,47.614876]],[[-68.553013,47.805566],[-68.383302,47.662963]],[[-68.383302,47.662963],[-68.326731,47.614876]],[[-68.467274,47.388121],[-68.778411,47.356201]],[[-68.778411,47.356201],[-68.83233,47.350812]],[[-68.924257,47.197845],[-68.837634,47.341692]],[[-68.837634,47.341692],[-68.83233,47.350812]],[[-67.814945,47.877282],[-67.445469,47.911689]],[[-67.445469,47.911689],[-67.223606,47.718926]],[[-68.553013,47.805566],[-68.469925,47.939463]],[[-68.469925,47.939463],[-68.411587,48.033565]],[[-68.411587,48.033565],[-68.040343,48.06963]],[[-68.040343,48.06963],[-67.959023,47.999987]],[[-67.959023,47.999987],[-67.814945,47.877282]],[[-66.704748,47.975943],[-66.855014,47.750846]],[[-66.855014,47.750846],[-67.223606,47.718926]],[[-66.579233,47.986721],[-66.633151,47.982161]],[[-66.633151,47.982161],[-66.704748,47.975943]],[[-66.117829,47.811784],[-65.911877,47.827951]],[[-65.781058,47.8379],[-65.749237,47.840387]],[[-66.330853,48.003303],[-66.117829,47.811784]],[[-65.318771,48.084139],[-65.536214,48.068386]],[[-65.749237,47.840387],[-65.747469,47.84246]],[[-65.222424,48.090772],[-65.170273,48.04227]]]}},{"type":"Feature","properties":{"kind":"border","from_year":1889,"to_year":1896,"a":"newfoundland","b":"northwest_territories"},"geometry":{"type":"MultiLineString","coordinates":[[[-63.085119,56.663113],[-62.835855,56.450866]],[[-63.126663,57.102943],[-62.91364,57.330942]],[[-62.873864,56.890697],[-63.126663,57.102943]],[[-62.377988,56.464546],[-62.835855,56.450866]],[[-63.085119,56.663113],[-62.873864,56.890697]],[[-63.641101,57.527435],[-63.169091,57.543602]],[[-63.169091,57.543602],[-62.91364,57.330942]],[[-61.657598,55.824077],[-62.106626,55.81247]],[[-62.106626,55.81247],[-62.346167,56.025545]],[[-62.346167,56.025545],[-62.134911,56.251471]],[[-61.657598,55.824077],[-61.42336,55.610173]],[[-61.42336,55.610173],[-61.634616,55.386319]],[[-62.377988,56.464546],[-62.134911,56.251471]],[[-64.981999,60.141131],[-64.964321,60.127865]],[[-64.949295,60.117087],[-64.692959,59.930128]],[[-64.692959,59.930128],[-64.911286,59.698399]],[[-64.547998,60.380737],[-64.728316,60.37369]],[[-64.436624,60.384882],[-64.508221,60.381981]],[[-63.903624,57.739267],[-63.641101,57.527435]],[[-64.068032,59.064147],[-64.56214,59.045078]],[[-64.56214,59.045078],[-64.843225,59.256081]],[[-64.843225,59.256081],[-64.626666,59.487396]],[[-64.068032,59.064147],[-64.023836,59.030155]],[[-64.014997,59.023522],[-63.878874,58.917814]],[[-63.87799,58.916984],[-63.794903,58.851901]],[[-63.794903,58.851901],[-64.012345,58.622244]],[[-64.911286,59.698399],[-64.626666,59.487396]],[[-63.691485,57.968509],[-63.957543,58.180341]],[[-63.957543,58.180341],[-63.741868,58.409998]],[[-63.903624,57.739267],[-63.691485,57.968509]],[[-64.012345,58.622244],[-63.741868,58.409998]],[[-56.423941,52.169878],[-56.607795,52.385855]],[[-56.607795,52.385855],[-56.415986,52.570326]],[[-56.411566,52.574472],[-56.387701,52.597272]],[[-56.423941,52.169878],[-56.641384,51.958875]],[[-56.641384,51.958875],[-57.040913,51.962606]],[[-56.387701,52.597272],[-56.573323,52.814078]],[[-56.980807,52.818638],[-56.573323,52.814078]],[[-57.25482,51.75036],[-57.11693,51.590761]],[[-57.11693,51.590761],[-57.070082,51.536041]],[[-57.070082,51.536041],[-57.194714,51.410849]],[[-56.94987,53.248105],[-57.142563,53.465325]],[[-57.558887,53.468642],[-57.306087,53.466984]],[[-57.289293,53.466569],[-57.142563,53.465325]],[[-56.94987,53.248105],[-57.171733,53.03503]],[[-56.980807,52.818638],[-57.171733,53.03503]],[[-57.558887,53.468642],[-57.756,53.685448]],[[-60.714461,54.096675],[-60.286647,54.104137]],[[-60.286647,54.104137],[-60.071855,53.890232]],[[-60.70297,53.662234],[-60.921297,53.874894]],[[-60.921297,53.874894],[-60.714461,54.096675]],[[-60.071855,53.890232],[-59.647577,53.895621]],[[-60.70297,53.662234],[-60.908038,53.440867]],[[-60.275156,53.236912],[-60.692363,53.228621]],[[-60.692363,53.228621],[-60.908038,53.440867]],[[-60.725068,54.531945],[-60.292834,54.538993]],[[-60.292834,54.538993],[-60.075391,54.324674]],[[-60.075391,54.324674],[-59.645809,54.329648]],[[-59.645809,54.329648],[-59.433669,54.1145]],[[-59.433669,54.1145],[-59.508802,54.037395]],[[-59.5309,54.014595],[-59.647577,53.895621]],[[-58.174975,53.686277],[-58.392418,53.4703]],[[-58.392418,53.4703],[-58.81051,53.469056]],[[-58.174975,53.686277],[-57.756,53.685448]],[[-58.81051,53.469056],[-59.024417,53.251836]],[[-59.024417,53.251836],[-59.440741,53.248519]],[[-60.064784,53.023837],[-59.649344,53.030055]],[[-59.440741,53.248519],[-59.649344,53.030055]],[[-60.064784,53.023837],[-60.275156,53.236912]],[[-61.40303,55.172829],[-60.962841,55.181949]],[[-60.962841,55.181949],[-60.736559,54.968045]],[[-60.736559,54.968045],[-60.948698,54.745435]],[[-60.725068,54.531945],[-60.948698,54.745435]],[[-61.40303,55.172829],[-61.634616,55.386319]]]}},{"type":"Feature","properties":{"kind":"border","from_year":1889,"to_year":1896,"a":"newfoundland","b":"quebec"},"geometry":{"type":"MultiLineString","coordinates":[[[-57.040913,51.962606],[-57.107207,51.897108]],[[-57.107207,51.897108],[-57.25482,51.75036]]]}},{"type":"Feature","properties":{"kind":"border","from_year":1889,"to_year":1896,"a":"northwest_territories","b":"ontario"},"geometry":{"type":"MultiLineString","coordinates":[[[-82.187392,52.130496],[-81.795818,52.213405]],[[-82.26164,51.883014],[-82.187392,52.130496]],[[-82.26164,51.883014],[-82.648795,51.799276]],[[-82.648795,51.799276],[-82.965236,51.961777]],[[-81.795818,52.213405],[-81.718033,52.460887]],[[-81.718033,52.460887],[-81.619035,52.481614]],[[-83.351507,51.875552],[-83.4178,51.627655]],[[-83.4178,51.627655],[-83.799651,51.540186]],[[-83.862409,51.292704],[-83.799651,51.540186]],[[-83.862409,51.292704],[-84.240725,51.204406]],[[-84.240725,51.204406],[-84.55805,51.361933]],[[-82.965236,51.961777],[-83.351507,51.875552]],[[-79.753976,48.754455],[-79.83618,48.513606]],[[-79.788448,49.648625],[-79.51797,49.489441]],[[-79.51797,49.432648],[-79.586032,49.237398]],[[-79.501176,49.479492],[-79.51797,49.432648]],[[-79.51797,49.489441],[-79.501176,49.479492]],[[-79.586032,49.237398],[-79.51797,49.196773]],[[-79.517087,48.801713],[-79.753976,48.754455]],[[-79.51797,49.196773],[-79.302295,49.068679]],[[-79.302295,49.068679],[-79.323509,49.009399]],[[-79.323509,49.009399],[-79.357982,48.912396]],[[-79.388035,48.827415],[-79.517087,48.801713]],[[-79.948437,51.211454],[-79.950205,51.206479]],[[-79.950205,51.206479],[-79.924571,51.192385]],[[-79.909544,51.184094],[-79.650558,51.036516]],[[-79.650558,51.036516],[-79.738065,50.791936]],[[-79.531229,50.377807],[-79.239537,50.20743]],[[-79.239537,50.20743],[-79.327929,49.964507]],[[-79.327929,49.964507],[-79.703592,49.891133]],[[-79.788448,49.648625],[-79.703592,49.891133]],[[-79.531229,50.377807],[-79.442838,50.621558]],[[-79.738065,50.791936],[-79.442838,50.621558]],[[-86.229532,51.889646],[-86.605195,51.793058]],[[-88.053047,51.645066],[-88.420755,51.543503]],[[-88.420755,51.543503],[-88.753991,51.689007]],[[-88.753991,51.689007],[-89.120816,51.585372]],[[-85.9016,51.736265],[-85.524168,51.830781]],[[-85.524168,51.830781],[-85.199772,51.675327]],[[-85.199772,51.675327],[-85.254574,51.427016]],[[-85.254574,51.427016],[-84.933713,51.271148]],[[-86.651159,51.544746],[-86.605195,51.793058]],[[-86.229532,51.889646],[-85.9016,51.736265]],[[-84.55805,51.361933],[-84.933713,51.271148]],[[-87.760471,51.249177],[-87.721579,51.497488]],[[-87.023287,51.446914],[-87.066599,51.199017]],[[-87.066599,51.199017],[-87.433423,51.100356]],[[-87.433423,51.100356],[-87.760471,51.249177]],[[-88.053047,51.645066],[-87.721579,51.497488]],[[-86.651159,51.544746],[-87.023287,51.446914]],[[-90.918697,51.051025],[-90.584578,50.911739]],[[-90.206262,51.267417],[-90.229244,51.01952]],[[-90.229244,51.01952],[-90.584578,50.911739]],[[-89.846509,51.374369],[-90.206262,51.267417]],[[-89.51239,51.231766],[-89.150869,51.336646]],[[-89.846509,51.374369],[-89.51239,51.231766]],[[-89.150869,51.336646],[-89.120816,51.585372]],[[-79.83618,48.513606],[-79.555979,48.34613]]]}},{"type":"Feature","properties":{"kind":"border","from_year":1889,"to_year":1896,"a":"northwest_territories","b":"quebec"},"geometry":{"type":"MultiLineString","coordinates":[[[-69.057728,52.757285],[-69.473168,52.718318]],[[-69.473168,52.718318],[-69.736575,52.913983]],[[-69.736575,52.913983],[-70.152898,52.872529]],[[-68.799625,52.560377],[-68.385953,52.597272]],[[-68.385953,52.597272],[-68.13227,52.39912]],[[-69.057728,52.757285],[-68.799625,52.560377]],[[-67.555958,52.666501],[-67.719482,52.433527]],[[-67.719482,52.433527],[-68.13227,52.39912]],[[-70.30228,52.63541],[-70.037989,52.441403]],[[-70.037989,52.441403],[-70.186487,52.205114]],[[-70.186487,52.205114],[-70.595739,52.162001]],[[-70.595739,52.162001],[-70.860914,52.354764]],[[-70.860914,52.354764],[-71.27105,52.309164]],[[-71.411592,52.071216],[-71.27105,52.309164]],[[-71.145534,51.880112],[-71.411592,52.071216]],[[-70.30228,52.63541],[-70.152898,52.872529]],[[-67.141402,52.698835],[-67.555958,52.666501]],[[-66.973458,52.930979],[-67.141402,52.698835]],[[-66.555367,52.961241],[-66.873576,52.938441]],[[-66.873576,52.938441],[-66.884183,52.937612]],[[-66.884183,52.937612],[-66.973458,52.930979]],[[-72.750722,51.021593],[-72.87889,50.783645]],[[-72.87889,50.783645],[-73.049485,50.760845]],[[-73.152019,50.747165],[-73.272232,50.730998]],[[-72.223026,51.3097],[-72.354729,51.072167]],[[-72.354729,51.072167],[-72.750722,51.021593]],[[-73.39598,50.49305],[-73.272232,50.730998]],[[-73.87241,50.267953],[-73.905998,50.200382]],[[-73.810536,50.389414],[-73.825562,50.360396]],[[-73.825562,50.360396],[-73.826446,50.358738]],[[-73.785786,50.439159],[-73.801697,50.407239]],[[-73.905998,50.200382],[-73.63994,50.017154]],[[-73.63994,50.017154],[-73.759269,49.779621]],[[-73.759269,49.779621],[-74.102227,49.73029]],[[-74.102227,49.73029],[-74.142004,49.724487]],[[-73.39598,50.49305],[-73.604584,50.464032]],[[-73.604584,50.464032],[-73.785786,50.439159]],[[-71.823496,51.358616],[-71.687373,51.59615]],[[-71.687373,51.59615],[-71.285192,51.642993]],[[-71.823496,51.358616],[-72.223026,51.3097]],[[-71.285192,51.642993],[-71.145534,51.880112]],[[-64.357956,52.224597],[-64.537391,51.997428]],[[-64.888305,51.543503],[-65.119006,51.746214]],[[-64.537391,51.997428],[-64.308457,51.793058]],[[-64.308457,51.793058],[-64.48524,51.566717]],[[-64.48524,51.566717],[-64.888305,51.543503]],[[-65.587481,52.152052],[-65.825254,52.354349]],[[-65.119006,51.746214],[-65.524723,51.720927]],[[-65.524723,51.720927],[-65.759844,51.92281]],[[-65.759844,51.92281],[-65.587481,52.152052]],[[-63.994667,52.678108],[-63.765733,52.47208]],[[-63.765733,52.47208],[-63.948704,52.245739]],[[-63.948704,52.245739],[-64.357956,52.224597]],[[-66.480234,52.528458],[-66.237158,52.326575]],[[-66.480234,52.528458],[-66.309639,52.759358]],[[-65.825254,52.354349],[-66.237158,52.326575]],[[-66.555367,52.961241],[-66.309639,52.759358]],[[-63.393605,52.923932],[-63.809929,52.904863]],[[-63.994667,52.678108],[-63.809929,52.904863]],[[-63.393605,52.923932],[-63.166439,52.71666]],[[-62.560074,52.957924],[-62.751884,52.733242]],[[-62.751884,52.733242],[-63.166439,52.71666]],[[-57.040913,51.962606],[-57.227419,52.177754]],[[-57.740973,51.400071],[-57.740973,51.400485]],[[-57.766607,51.429918],[-57.86207,51.538528]],[[-57.86207,51.538528],[-57.652582,51.752018]],[[-57.652582,51.752018],[-57.25482,51.75036]],[[-57.6296,52.179412],[-57.227419,52.177754]],[[-57.82141,52.394146],[-58.227126,52.394146]],[[-58.227126,52.394146],[-58.422471,52.608464]],[[-57.6296,52.179412],[-57.82141,52.394146]],[[-59.040327,52.39],[-58.831724,52.606806]],[[-58.831724,52.606806],[-58.422471,52.608464]],[[-61.293425,52.565352],[-60.882405,52.575716]],[[-60.882405,52.575716],[-60.672033,52.364713]],[[-60.672033,52.364713],[-60.263665,52.373418]],[[-59.447812,52.385855],[-59.040327,52.39]],[[-61.5091,52.775525],[-61.922772,52.763089]],[[-61.922772,52.763089],[-62.143751,52.972433]],[[-61.293425,52.565352],[-61.5091,52.775525]],[[-62.560074,52.957924],[-62.143751,52.972433]],[[-59.651112,52.598515],[-60.061248,52.592297]],[[-59.447812,52.385855],[-59.651112,52.598515]],[[-60.061248,52.592297],[-60.263665,52.373418]],[[-77.015609,47.936976],[-76.711542,47.990452]],[[-76.711542,47.990452],[-76.65232,48.000816]],[[-79.555979,48.34613],[-79.193574,48.417846]],[[-79.189154,48.429453],[-79.142307,48.561278]],[[-79.142307,48.561693],[-79.107834,48.658281]],[[-79.107834,48.658281],[-78.741894,48.729168]],[[-78.741894,48.729168],[-78.490862,48.574958]],[[-78.490862,48.574958],[-78.464345,48.558376]],[[-78.464345,48.558376],[-78.496165,48.474224]],[[-78.496165,48.474224],[-78.55362,48.31877]],[[-79.193574,48.417846],[-79.189154,48.429453]],[[-78.55362,48.31877],[-78.28049,48.148393]],[[-78.28049,48.148393],[-78.369766,47.909616]],[[-78.099288,47.739239],[-77.738651,47.806395]],[[-75.080721,48.482515],[-75.056855,48.534747]],[[-75.030337,48.591954],[-75.01973,48.613925]],[[-75.053319,48.540551],[-75.033873,48.583249]],[[-74.98349,48.693517],[-74.971999,48.717561]],[[-74.487614,49.011887],[-74.111067,49.06785]],[[-73.995274,49.304969],[-74.25868,49.486539]],[[-74.25868,49.486539],[-74.142004,49.724487]],[[-74.111067,49.06785],[-73.995274,49.304969]],[[-75.530633,48.24208],[-75.556266,48.184873]],[[-75.556266,48.184873],[-75.923091,48.124764]],[[-75.923091,48.124764],[-76.186497,48.30053]],[[-76.186497,48.30053],[-76.553322,48.238349]],[[-76.65232,48.000816],[-76.553322,48.238349]],[[-75.139943,48.471322],[-75.172648,48.466348]],[[-75.081604,48.480442],[-75.087792,48.479613]],[[-74.991445,48.730826],[-74.971999,48.717561]],[[-75.236289,48.896644],[-75.00824,48.742019]],[[-75.437822,48.424064],[-75.451081,48.421992]],[[-75.366225,48.435672],[-75.411304,48.42821]],[[-75.296396,48.44645],[-75.34943,48.438159]],[[-75.188558,48.46386],[-75.214192,48.459715]],[[-75.110774,48.476297],[-75.133755,48.472566]],[[-77.283435,48.110255],[-77.646724,48.044343]],[[-77.738651,47.806395],[-77.646724,48.044343]],[[-77.283435,48.110255],[-77.106652,47.995841]],[[-77.106652,47.995841],[-77.015609,47.936976]],[[-74.75102,49.192213],[-75.126684,49.134177]],[[-75.236289,48.896644],[-75.126684,49.134177]],[[-74.75102,49.192213],[-74.487614,49.011887]]]}},{"type":"Feature","properties":{"kind":"border","from_year":1889,"to_year":1896,"a":"nova_scotia","b":"prince_edward_island"},"geometry":{"type":"MultiLineString","coordinates":[[[-63.901856,46.083138],[-63.885946,46.067386]],[[-63.16202,45.714609],[-62.81199,45.734507]],[[-63.251295,45.80498],[-63.242456,45.79586]],[[-63.207099,45.760209],[-63.197376,45.750675]],[[-63.186769,45.739067],[-63.16202,45.714609]],[[-62.81199,45.734507],[-62.789008,45.765598]]]}},{"type":"Feature","properties":{"kind":"border","from_year":1889,"to_year":1896,"a":"ontario","b":"quebec"},"geometry":{"type":"MultiLineString","coordinates":[[[-75.923888,45.360806],[-75.811843,45.410873]],[[-75.811843,45.410873],[-75.692616,45.370082]],[[-76.043834,45.401359],[-75.923888,45.360806]],[[-75.579853,45.419911],[-75.692616,45.370082]],[[-75.116077,45.436451],[-75.104586,45.462567]],[[-75.104586,45.462567],[-75.014427,45.667766]],[[-75.014427,45.667766],[-74.788145,45.70466]],[[-74.788145,45.70466],[-74.667049,45.724144]],[[-74.667049,45.724144],[-74.546836,45.637504]],[[-74.423972,45.548792],[-74.488498,45.406189]],[[-74.489382,45.406189],[-74.528274,45.31872]],[[-74.528274,45.31872],[-74.358563,45.195187]],[[-74.318786,45.166168],[-74.287849,45.143783]],[[-74.287849,45.143783],[-74.355911,44.995791]],[[-74.355911,44.995791],[-74.356795,44.992475]],[[-75.116077,45.436451],[-75.27253,45.410749]],[[-75.27253,45.410749],[-75.460804,45.378829]],[[-77.408067,46.1134],[-77.612251,46.248127]],[[-77.612251,46.248127],[-77.665286,46.282948]],[[-76.898048,45.77306],[-77.242775,45.710049]],[[-77.242775,45.710049],[-77.497342,45.879183]],[[-77.497342,45.879183],[-77.408067,46.1134]],[[-77.665286,46.282948],[-78.013548,46.217036]],[[-78.013548,46.217036],[-78.274303,46.385755]],[[-76.321736,45.660304],[-76.300522,45.664035]],[[-76.300522,45.664035],[-76.051258,45.492]],[[-76.646133,45.602683],[-76.645249,45.602683]],[[-76.898048,45.77306],[-76.646133,45.602683]],[[-79.60813,47.222303],[-79.688566,46.984355]],[[-79.688566,46.984355],[-79.418972,46.818124]],[[-79.445489,47.699443],[-79.17236,47.531967]],[[-79.17236,47.531967],[-79.225395,47.379415]],[[-79.225395,47.379415],[-79.255448,47.293605]],[[-79.255448,47.293605],[-79.60813,47.222303]],[[-79.068942,46.88901],[-79.418972,46.818124]],[[-78.885972,46.485245],[-78.621681,46.31777]],[[-78.885972,46.485245],[-78.802,46.721535]],[[-78.274303,46.385755],[-78.621681,46.31777]],[[-79.068942,46.88901],[-78.802,46.721535]],[[-79.639067,48.10611],[-79.555979,48.34613]],[[-79.362401,47.938634],[-79.627576,48.099477]]]}},{"type":"Feature","properties":{"kind":"label","from_year":1889,"to_year":1896,"jurisdiction":"british_columbia","name":"British Columbia","sovereign":"Canada","status":"province","h3":"8412aa7ffffffff"},"geometry":{"type":"Point","coordinates":[-125.27189,54.03228]}},{"type":"Feature","properties":{"kind":"label","from_year":1889,"to_year":1896,"jurisdiction":"district_of_keewatin","name":"District of Keewatin","sovereign":"Canada","status":"district","h3":"840f9a9ffffffff"},"geometry":{"type":"Point","coordinates":[-95.05329,64.01779]}},{"type":"Feature","properties":{"kind":"label","from_year":1889,"to_year":1896,"jurisdiction":"manitoba","name":"Manitoba","sovereign":"Canada","status":"province","h3":"8427153ffffffff"},"geometry":{"type":"Point","coordinates":[-98.32265,50.91362]}},{"type":"Feature","properties":{"kind":"label","from_year":1889,"to_year":1896,"jurisdiction":"new_brunswick","name":"New Brunswick","sovereign":"Canada","status":"province","h3":"842b025ffffffff"},"geometry":{"type":"Point","coordinates":[-66.28033,46.52931]}},{"type":"Feature","properties":{"kind":"label","from_year":1889,"to_year":1896,"jurisdiction":"newfoundland","name":"Newfoundland","sovereign":"Britain","status":"colony","h3":"841b987ffffffff"},"geometry":{"type":"Point","coordinates":[-56.51042,48.97737]}},{"type":"Feature","properties":{"kind":"label","from_year":1889,"to_year":1896,"jurisdiction":"northwest_territories","name":"North-West Territories","sovereign":"Canada","status":"territory","h3":"841311dffffffff"},"geometry":{"type":"Point","coordinates":[-127.38167,65.13294]}},{"type":"Feature","properties":{"kind":"label","from_year":1889,"to_year":1896,"jurisdiction":"nova_scotia","name":"Nova Scotia","sovereign":"Canada","status":"province","h3":"842b011ffffffff"},"geometry":{"type":"Point","coordinates":[-63.39259,45.25509]}},{"type":"Feature","properties":{"kind":"label","from_year":1889,"to_year":1896,"jurisdiction":"ontario","name":"Ontario","sovereign":"Canada","status":"province","h3":"8427651ffffffff"},"geometry":{"type":"Point","coordinates":[-82.69498,47.8927]}},{"type":"Feature","properties":{"kind":"label","from_year":1889,"to_year":1896,"jurisdiction":"prince_edward_island","name":"Prince Edward Island","sovereign":"Canada","status":"province","h3":"842b055ffffffff"},"geometry":{"type":"Point","coordinates":[-62.87475,46.27223]}},{"type":"Feature","properties":{"kind":"label","from_year":1889,"to_year":1896,"jurisdiction":"quebec","name":"Quebec","sovereign":"Canada","status":"province","h3":"840e4b5ffffffff"},"geometry":{"type":"Point","coordinates":[-70.3091,49.55966]}},{"type":"Feature","properties":{"kind":"border","from_year":1897,"to_year":1897,"a":"british_columbia","b":"northwest_territories"},"geometry":{"type":"MultiLineString","coordinates":[[[-119.809437,58.635095],[-120.000362,58.651262]],[[-120.000362,58.651262],[-120.242555,58.671575]],[[-120.242555,58.671575],[-120.422873,58.892526]],[[-120.422873,58.892526],[-120.167422,59.078656]],[[-119.634422,58.4129],[-119.809437,58.635095]],[[-120.167422,59.078656],[-120.349508,59.300022]],[[-120.349508,59.300022],[-120.090522,59.486567]],[[-119.888105,58.228843],[-119.713974,58.007062]],[[-119.713974,58.007062],[-119.964122,57.823419]],[[-119.634422,58.4129],[-119.888105,58.228843]],[[-119.792642,57.602468],[-119.964122,57.823419]],[[-120.011853,59.895721],[-120.198359,60.117916]],[[-120.911678,59.962048],[-120.650923,60.15108]],[[-120.650923,60.15108],[-120.198359,60.117916]],[[-120.011853,59.895721],[-120.27526,59.708348]],[[-120.090522,59.486567],[-120.27526,59.708348]],[[-121.61439,59.803693],[-121.360706,59.993139]],[[-121.360706,59.993139],[-120.911678,59.962048]],[[-122.059883,59.832296],[-121.61439,59.803693]],[[-120.086102,55.994869],[-120.251394,56.214162]],[[-120.251394,56.214162],[-120.015389,56.394903]],[[-120.086102,55.994869],[-120.319455,55.814957]],[[-120.155047,55.596078],[-120.319455,55.814957]],[[-120.182449,56.614611],[-120.000362,56.753068]],[[-120.015389,56.394903],[-120.182449,56.614611]],[[-120.000362,56.753068],[-119.942908,56.796181]],[[-120.384865,55.416995],[-120.222225,55.198946]],[[-120.155047,55.596078],[-120.384865,55.416995]],[[-119.674198,54.939441],[-119.833303,55.15832]],[[-120.222225,55.198946],[-119.833303,55.15832]],[[-119.674198,54.939441],[-119.903132,54.762431]],[[-119.746679,54.543967],[-119.903132,54.762431]],[[-120.039255,57.419654],[-120.000362,57.369494]],[[-120.000362,57.100456],[-120.111736,57.016303]],[[-120.000362,57.369494],[-119.868659,57.198702]],[[-119.868659,57.198702],[-120.000362,57.100456]],[[-119.942908,56.796181],[-120.000362,56.871213]],[[-120.000362,56.871213],[-120.111736,57.016303]],[[-119.792642,57.602468],[-120.000362,57.448258]],[[-120.000362,57.448258],[-120.039255,57.419654]],[[-123.599661,60.122891],[-124.045154,60.144447]],[[-122.257879,60.049931],[-122.706024,60.075633]],[[-125.601727,60.004332],[-125.378097,60.198752]],[[-125.378097,60.198752],[-124.934372,60.182171]],[[-124.934372,60.182171],[-124.750518,60.000186]],[[-124.750518,60.000186],[-124.720465,59.970754]],[[-124.720465,59.970754],[-124.278508,59.95127]],[[-126.041033,60.018841],[-125.601727,60.004332]],[[-124.045154,60.144447],[-124.278508,59.95127]],[[-126.041033,60.018841],[-126.262895,60.227356]],[[-123.392825,59.908572],[-122.9491,59.884529]],[[-122.706024,60.075633],[-122.9491,59.884529]],[[-123.392825,59.908572],[-123.599661,60.122891]],[[-116.917269,51.763625],[-116.5584,51.708905]],[[-116.5584,51.708905],[-116.430232,51.487954]],[[-116.430232,51.487954],[-116.073131,51.431576]],[[-116.073131,51.431576],[-115.948499,51.21021]],[[-116.917269,51.763625],[-117.048972,51.984162]],[[-117.409609,52.036809],[-117.048972,51.984162]],[[-115.472069,50.929979],[-115.594049,51.152174]],[[-115.948499,51.21021],[-115.594049,51.152174]],[[-115.472069,50.929979],[-115.702771,50.767478]],[[-115.232528,50.486832],[-115.581675,50.546526]],[[-115.581675,50.546526],[-115.702771,50.767478]],[[-117.907253,52.307506],[-118.045144,52.526799]],[[-117.543964,52.256517],[-117.907253,52.307506]],[[-117.409609,52.036809],[-117.543964,52.256517]],[[-118.4102,52.575716],[-118.045144,52.526799]],[[-114.316793,49.31782],[-114.428166,49.538771]],[[-114.543959,49.160708],[-114.463523,49.001109]],[[-114.768473,49.601782],[-114.499764,49.552451]],[[-114.499764,49.552451],[-114.428166,49.538771]],[[-114.316793,49.31782],[-114.543959,49.160708]],[[-115.114968,50.265466],[-114.768473,50.203699]],[[-114.768473,50.203699],[-114.653565,49.981918]],[[-114.653565,49.981918],[-114.719858,49.936318]],[[-114.719858,49.936318],[-114.883382,49.822733]],[[-114.768473,49.601782],[-114.883382,49.822733]],[[-115.114968,50.265466],[-115.232528,50.486832]],[[-120.105548,53.581812],[-119.952631,53.365421]],[[-119.952631,53.365421],[-119.582271,53.322308]],[[-119.582271,53.322308],[-119.432889,53.104673]],[[-119.885453,53.756749],[-120.105548,53.581812]],[[-120.039255,53.97397],[-120.000362,53.918836]],[[-120.000362,53.918836],[-119.885453,53.756749]],[[-119.064297,53.059488],[-118.840667,53.231938]],[[-118.840667,53.231938],[-118.470307,53.185094]],[[-118.470307,53.185094],[-118.327113,52.965801]],[[-118.327113,52.965801],[-118.552511,52.794594]],[[-118.4102,52.575716],[-118.552511,52.794594]],[[-119.432889,53.104673],[-119.064297,53.059488]],[[-120.000362,54.005061],[-120.039255,53.97397]],[[-119.972077,54.367372],[-119.816508,54.149736]],[[-119.816508,54.149736],[-120.000362,54.005061]],[[-119.746679,54.543967],[-119.972077,54.367372]],[[-130.79826,60.083924],[-131.223422,60.081437]],[[-134.564619,60.013866],[-134.413469,60.214505]],[[-134.413469,60.214505],[-133.998029,60.226941]],[[-133.998029,60.226941],[-133.739043,60.038324]],[[-133.739043,60.038324],[-133.323603,60.048688]],[[-133.323603,60.048688],[-133.069036,59.858412]],[[-134.974755,59.999772],[-134.564619,60.013866]],[[-134.974755,59.999772],[-134.986246,60.008477]],[[-134.986246,60.008477],[-135.239045,60.185072]],[[-132.653596,59.866703],[-132.543107,60.000186]],[[-132.543107,60.000186],[-132.488304,60.065684]],[[-132.488304,60.065684],[-132.068445,60.072317]],[[-132.068445,60.072317],[-131.818297,59.878725]],[[-131.818297,59.878725],[-131.399321,59.88287]],[[-133.069036,59.858412],[-132.653596,59.866703]],[[-131.223422,60.081437],[-131.295019,60.000186]],[[-131.295019,60.000186],[-131.399321,59.88287]],[[-128.142097,60.000186],[-127.990948,59.866289]],[[-128.850112,59.878725],[-128.653884,60.076048]],[[-128.653884,60.076048],[-128.221649,60.069829]],[[-128.221649,60.069829],[-128.142097,60.000186]],[[-127.990948,59.866289],[-127.558714,59.857998]],[[-129.278811,59.88287],[-128.850112,59.878725]],[[-129.5157,60.083095],[-129.944398,60.084753]],[[-129.278811,59.88287],[-129.5157,60.083095]],[[-126.703085,60.239378],[-126.916108,60.043713]],[[-126.916108,60.043713],[-127.352762,60.054077]],[[-126.703085,60.239378],[-126.262895,60.227356]],[[-127.352762,60.054077],[-127.558714,59.857998]],[[-130.555183,59.887016],[-130.130904,59.887016]],[[-130.555183,59.887016],[-130.79826,60.083924]],[[-129.944398,60.084753],[-130.024835,60.000186]],[[-130.024835,60.000186],[-130.130904,59.887016]],[[-137.395796,59.890332],[-136.997151,59.911474]],[[-137.668926,60.068586],[-138.067571,60.045371]],[[-136.939696,60.000186],[-136.997151,59.911474]],[[-137.395796,59.890332],[-137.668926,60.068586]],[[-136.866331,60.112113],[-136.939696,60.000186]],[[-138.187783,59.844732],[-138.581125,59.820274]],[[-138.067571,60.045371],[-138.187783,59.844732]],[[-136.193673,59.950441],[-136.462383,60.132011]],[[-135.648298,60.168491],[-135.78884,59.967852]],[[-135.78884,59.967852],[-136.193673,59.950441]],[[-135.648298,60.168491],[-135.239045,60.185072]],[[-136.866331,60.112113],[-136.462383,60.132011]]]}},{"type":"Feature","properties":{"kind":"border","from_year":1897,"to_year":1897,"a":"district_of_keewatin","b":"manitoba"},"geometry":{"type":"MultiLineString","coordinates":[[[-95.379813,51.032371],[-95.370974,50.786547]],[[-95.370974,50.786547],[-95.029783,50.661355]],[[-95.029783,50.661355],[-95.022711,50.41553]],[[-95.396607,51.525677],[-95.048345,51.400485]],[[-95.048345,51.400485],[-95.042158,51.153417]],[[-95.042158,51.153417],[-95.379813,51.032371]],[[-95.423125,52.268124],[-95.068675,52.142932]],[[-95.068675,52.142932],[-95.061604,51.895035]],[[-95.061604,51.895035],[-95.405446,51.772745]],[[-95.396607,51.525677],[-95.405446,51.772745]],[[-95.423125,52.268124],[-95.431964,52.516436]],[[-95.431964,52.516436],[-95.081934,52.639555]],[[-95.089005,52.888281],[-95.450526,53.013888]],[[-95.081934,52.639555],[-95.089005,52.888281]],[[-95.450526,53.013888],[-95.803208,52.88911]],[[-95.803208,52.88911],[-96.166497,53.01223]],[[-97.225426,52.877503],[-96.879815,53.006011]],[[-96.879815,53.006011],[-96.514759,52.885379]],[[-97.451708,52.950877],[-97.225426,52.877503]],[[-96.166497,53.01223],[-96.514759,52.885379]]]}},{"type":"Feature","properties":{"kind":"border","from_year":1897,"to_year":1897,"a":"district_of_keewatin","b":"northwest_territories"},"geometry":{"type":"MultiLineString","coordinates":[[[-97.900737,68.475939],[-97.559546,68.415001]],[[-97.052179,68.540193],[-97.141454,68.518222]],[[-97.521537,68.424535],[-97.559546,68.415001]],[[-97.277577,68.484644],[-97.47027,68.436971]],[[-100.335037,67.835884],[-100.296144,67.686648]],[[-99.821482,58.44938],[-100.252833,58.557161]],[[-100.252833,58.557161],[-100.29968,58.808374]],[[-100.29968,58.808374],[-99.90899,58.952221]],[[-99.779054,58.198166],[-99.821482,58.44938]],[[-99.90899,58.952221],[-99.953186,59.203434]],[[-100.161789,58.055563],[-100.11671,57.804765]],[[-99.779054,58.198166],[-100.161789,58.055563]],[[-99.654423,57.445356],[-99.695083,57.696154]],[[-100.11671,57.804765],[-99.695083,57.696154]],[[-99.654423,57.445356],[-100.029202,57.303582]],[[-99.986774,57.053198],[-100.029202,57.303582]],[[-100.062791,59.802449],[-100.064559,59.812398]],[[-100.09196,59.958317],[-100.016827,59.985263]],[[-100.07605,59.872507],[-100.09196,59.958317]],[[-100.045113,59.706689],[-100.047764,59.722857]],[[-99.878053,60.034593],[-99.830321,60.051589]],[[-99.699502,60.180098],[-99.70569,60.212432]],[[-99.687127,60.108796],[-99.689779,60.122062]],[[-100.443758,59.561599],[-100.395143,59.310386]],[[-100.395143,59.310386],[-99.953186,59.203434]],[[-100.045113,59.706689],[-100.443758,59.561599]],[[-98.172098,55.103601],[-98.561904,55.218429]],[[-99.821482,60.858705],[-99.86833,61.110748]],[[-99.581058,62.012794],[-99.627905,62.264836]],[[-87.324702,66.857976],[-87.390995,66.605105]],[[-86.873905,66.457113],[-86.720104,66.484473]],[[-86.415154,66.537949],[-86.349744,66.549556]],[[-86.324995,66.553701],[-86.286986,66.560334]],[[-86.286986,66.560334],[-86.209202,66.537534]],[[-86.187988,66.531316],[-86.097829,66.504371]],[[-87.390995,66.605105],[-86.873905,66.457113]],[[-86.720988,67.000164],[-86.65823,67.215727]],[[-86.731595,66.962855],[-86.720988,67.000164]],[[-86.969368,67.302781],[-86.65823,67.215727]],[[-86.731595,66.962855],[-87.324702,66.857976]],[[-87.0171,67.316046],[-86.973788,67.30361]],[[-99.934623,66.18683],[-99.992078,66.437215]],[[-99.992078,66.437215],[-99.482943,66.585207]],[[-99.934623,66.18683],[-100.432267,66.037595]],[[-99.822366,65.685233],[-100.371277,65.787211]],[[-100.371277,65.787211],[-100.432267,66.037595]],[[-99.482943,66.585207],[-99.536862,66.835591]],[[-100.109638,66.937568],[-99.536862,66.835591]],[[-96.989421,68.555116],[-96.595195,68.482157]],[[-96.594311,68.482157],[-96.467911,68.458528]],[[-99.648235,67.335944],[-99.70569,67.585914]],[[-100.296144,67.686648],[-99.70569,67.585914]],[[-99.648235,67.335944],[-100.170628,67.187538]],[[-100.109638,66.937568],[-100.125549,67.000164]],[[-100.125549,67.000164],[-100.170628,67.187538]],[[-84.999123,66.062467],[-85.048622,66.054177]],[[-93.414871,69.357258],[-93.414871,69.361403]],[[-93.413987,69.384617],[-93.408684,69.607642]],[[-93.408684,69.607642],[-92.778453,69.734077]],[[-92.778453,69.734077],[-92.756355,69.729518]],[[-92.677687,69.71335],[-92.599902,69.698012]],[[-92.554823,69.688478],[-92.245453,69.625053]],[[-93.414871,69.357258],[-93.42371,69.355185]],[[-93.84357,69.268131],[-94.029192,69.228749]],[[-94.029192,69.228749],[-94.242215,69.270618]],[[-92.078393,69.624224],[-92.128776,69.614274]],[[-100.223663,56.162759],[-100.181235,55.913204]],[[-100.05572,55.166611],[-100.097264,55.415337]],[[-100.097264,55.415337],[-99.74193,55.555038]],[[-99.31058,55.1948],[-99.665029,55.057172]],[[-99.665029,55.057172],[-100.05572,55.166611]],[[-99.31058,55.1948],[-98.91989,55.082459]],[[-99.74193,55.555038],[-99.780822,55.804179]],[[-98.561904,55.218429],[-98.91989,55.082459]],[[-100.181235,55.913204],[-99.780822,55.804179]],[[-100.355367,56.911424],[-100.311171,56.661454]],[[-99.986774,57.053198],[-100.355367,56.911424]],[[-99.861258,56.303289],[-99.902802,56.553259]],[[-100.311171,56.661454],[-99.902802,56.553259]],[[-99.861258,56.303289],[-100.223663,56.162759]],[[-100.236922,60.713615],[-100.187423,60.461573]],[[-100.187423,60.461573],[-99.755189,60.360424]],[[-100.336804,61.216871],[-99.86833,61.110748]],[[-99.821482,60.858705],[-100.236922,60.713615]],[[-100.013292,61.866875],[-99.964676,61.614832]],[[-99.964676,61.614832],[-100.388071,61.468499]],[[-100.336804,61.216871],[-100.388071,61.468499]],[[-100.114058,62.370959],[-99.627905,62.264836]],[[-99.581058,62.012794],[-100.013292,61.866875]],[[-100.436687,63.881141],[-100.494141,64.132354]],[[-100.494141,64.132354],[-100.030086,64.28076]],[[-99.924016,63.777505],[-100.436687,63.881141]],[[-99.872749,63.525462],[-99.924016,63.777505]],[[-99.872749,63.525462],[-100.325313,63.377885]],[[-100.030086,64.28076],[-100.084889,64.532388]],[[-100.084889,64.532388],[-99.611995,64.679551]],[[-100.271395,63.126257],[-99.772867,63.021378]],[[-99.772867,63.021378],[-99.723368,62.769335]],[[-99.723368,62.769335],[-100.165325,62.623002]],[[-100.114058,62.370959],[-100.165325,62.623002]],[[-100.271395,63.126257],[-100.325313,63.377885]],[[-99.663262,64.931179],[-100.196262,65.034815]],[[-100.196262,65.034815],[-100.253716,65.285613]],[[-100.253716,65.285613],[-99.768447,65.43402]],[[-99.611995,64.679551],[-99.663262,64.931179]],[[-99.768447,65.43402],[-99.822366,65.685233]],[[-98.397496,53.843389],[-98.412523,53.973141]],[[-98.412523,53.973141],[-98.310873,54.012108]],[[-98.013878,54.383539],[-98.08901,54.354935]],[[-98.143813,54.854046],[-97.75931,54.737559]],[[-97.75931,54.737559],[-97.734561,54.488004]],[[-97.734561,54.488004],[-97.833559,54.451109]],[[-98.084591,54.313896],[-98.08901,54.354935]],[[-98.143813,54.854046],[-98.172098,55.103601]]]}},{"type":"Feature","properties":{"kind":"border","from_year":1897,"to_year":1897,"a":"district_of_keewatin","b":"ontario"},"geometry":{"type":"MultiLineString","coordinates":[[[-82.187392,52.130496],[-81.795818,52.213405]],[[-82.26164,51.883014],[-82.187392,52.130496]],[[-82.26164,51.883014],[-82.648795,51.799276]],[[-82.648795,51.799276],[-82.965236,51.961777]],[[-81.795818,52.213405],[-81.718033,52.460887]],[[-81.718033,52.460887],[-81.619035,52.481614]],[[-83.351507,51.875552],[-83.4178,51.627655]],[[-83.4178,51.627655],[-83.799651,51.540186]],[[-83.862409,51.292704],[-83.799651,51.540186]],[[-83.862409,51.292704],[-84.240725,51.204406]],[[-84.240725,51.204406],[-84.55805,51.361933]],[[-82.965236,51.961777],[-83.351507,51.875552]],[[-86.229532,51.889646],[-86.605195,51.793058]],[[-88.053047,51.645066],[-88.420755,51.543503]],[[-88.420755,51.543503],[-88.753991,51.689007]],[[-88.753991,51.689007],[-89.120816,51.585372]],[[-85.9016,51.736265],[-85.524168,51.830781]],[[-85.524168,51.830781],[-85.199772,51.675327]],[[-85.199772,51.675327],[-85.254574,51.427016]],[[-85.254574,51.427016],[-84.933713,51.271148]],[[-86.651159,51.544746],[-86.605195,51.793058]],[[-86.229532,51.889646],[-85.9016,51.736265]],[[-84.55805,51.361933],[-84.933713,51.271148]],[[-87.760471,51.249177],[-87.721579,51.497488]],[[-87.023287,51.446914],[-87.066599,51.199017]],[[-87.066599,51.199017],[-87.433423,51.100356]],[[-87.433423,51.100356],[-87.760471,51.249177]],[[-88.053047,51.645066],[-87.721579,51.497488]],[[-86.651159,51.544746],[-87.023287,51.446914]],[[-94.685056,50.289509],[-94.350937,50.407654]],[[-94.350937,50.407654],[-94.014165,50.27956]],[[-95.022711,50.41553],[-94.685056,50.289509]],[[-93.674742,50.642286],[-93.677394,50.396047]],[[-93.677394,50.396047],[-94.014165,50.27956]],[[-93.333551,50.758358],[-93.674742,50.642286]],[[-91.288173,50.694103],[-91.271379,50.941171]],[[-91.271379,50.941171],[-90.918697,51.051025]],[[-90.918697,51.051025],[-90.584578,50.911739]],[[-91.288173,50.694103],[-91.636436,50.583835]],[[-91.650578,50.337182],[-91.636436,50.583835]],[[-90.206262,51.267417],[-90.229244,51.01952]],[[-90.229244,51.01952],[-90.584578,50.911739]],[[-92.782873,50.29324],[-92.806738,50.303189]],[[-92.866844,50.326818],[-92.902201,50.340913]],[[-92.943745,50.357494],[-93.002083,50.380294]],[[-93.002083,50.380294],[-93.002083,50.410556]],[[-92.99678,50.609122],[-92.99678,50.626533]],[[-92.326773,50.360811],[-92.372736,50.345473]],[[-92.999432,50.505072],[-92.998548,50.531188]],[[-92.651169,50.253858],[-92.668848,50.248055]],[[-92.668848,50.248055],[-92.684758,50.254273]],[[-92.72365,50.270026],[-92.745748,50.278731]],[[-92.326773,50.360811],[-92.326773,50.360396]],[[-92.318818,50.35708],[-92.25606,50.332207]],[[-92.00326,50.229815],[-91.995305,50.226084]],[[-92.197721,50.308578],[-92.060715,50.253029]],[[-93.333551,50.758358],[-93.017994,50.635238]],[[-92.997664,50.627362],[-92.99678,50.626533]],[[-91.650578,50.337182],[-91.823826,50.281633]],[[-91.989118,50.228157],[-91.995305,50.226084]],[[-91.868021,50.267124],[-91.963484,50.236448]],[[-89.846509,51.374369],[-90.206262,51.267417]],[[-89.51239,51.231766],[-89.150869,51.336646]],[[-89.846509,51.374369],[-89.51239,51.231766]],[[-89.150869,51.336646],[-89.120816,51.585372]]]}},{"type":"Feature","properties":{"kind":"border","from_year":1897,"to_year":1897,"a":"manitoba","b":"northwest_territories"},"geometry":{"type":"MultiLineString","coordinates":[[[-101.432858,52.743191],[-101.386011,52.499025]],[[-101.386011,52.499025],[-101.705988,52.360153]],[[-101.658256,52.116402],[-101.697149,52.317455]],[[-101.697149,52.317455],[-101.705988,52.360153]],[[-101.658256,52.116402],[-101.97293,51.977115]],[[-101.108462,52.882478],[-101.432858,52.743191]],[[-100.853894,52.809103],[-100.810582,52.796667]],[[-101.108462,52.882478],[-101.028909,52.859678]],[[-100.990017,52.848485],[-100.944937,52.835634]],[[-100.944937,52.835634],[-100.933447,52.832318]],[[-101.689193,50.526628],[-101.686542,50.511704]],[[-101.644114,50.286193],[-101.447001,50.226499]],[[-101.447001,50.226499],[-101.296735,50.180899]],[[-101.296735,50.180899],[-101.276405,50.063583]],[[-101.276405,50.063583],[-101.254307,49.940464]],[[-101.254307,49.940464],[-101.417832,49.867504]],[[-101.417832,49.867504],[-101.554838,49.806152]],[[-101.78112,51.008742],[-101.428439,50.904277]],[[-101.384243,50.662598],[-101.508875,50.607464]],[[-101.508875,50.607464],[-101.689193,50.526628]],[[-101.170336,49.461252],[-101.392198,49.53048]],[[-101.417832,49.537942],[-101.510643,49.566546]],[[-101.510643,49.566546],[-101.554838,49.806152]],[[-101.128792,49.22206],[-101.170336,49.461252]],[[-101.924314,51.734607],[-101.647649,51.655015]],[[-101.647649,51.655015],[-101.570749,51.632215]],[[-101.570749,51.365249],[-101.713943,51.301409]],[[-101.747532,51.286486],[-101.828852,51.250421]],[[-101.570749,51.632215],[-101.564561,51.630557]],[[-101.564561,51.630557],[-101.518598,51.388049]],[[-101.518598,51.388049],[-101.570749,51.365249]],[[-101.78112,51.008742],[-101.828852,51.250421]],[[-101.924314,51.734607],[-101.97293,51.977115]],[[-98.888953,52.926834],[-99.006513,52.962899]],[[-100.236038,52.862165],[-100.284653,52.876259]],[[-99.710109,52.940099],[-99.764912,52.917714]],[[-99.710109,52.940099],[-99.341517,52.828587]],[[-100.449945,52.896987],[-100.669156,52.805373]],[[-99.006513,52.962899],[-99.341517,52.828587]],[[-101.424903,49.088992],[-101.408109,48.99945]],[[-101.128792,49.22206],[-101.424903,49.088992]]]}},{"type":"Feature","properties":{"kind":"border","from_year":1897,"to_year":1897,"a":"manitoba","b":"ontario"},"geometry":{"type":"MultiLineString","coordinates":[[[-95.022711,50.41553],[-95.355063,50.295727]],[[-95.346224,50.050732],[-95.355063,50.295727]],[[-95.011221,49.925955],[-95.346224,50.050732]],[[-95.005033,49.681374],[-95.011221,49.925955]],[[-95.330314,49.5624],[-95.323242,49.319063]],[[-95.213637,49.605513],[-95.330314,49.5624]],[[-95.323242,49.319063],[-95.153531,49.255224]]]}},{"type":"Feature","properties":{"kind":"border","from_year":1897,"to_year":1897,"a":"new_brunswick","b":"nova_scotia"},"geometry":{"type":"MultiLineString","coordinates":[[[-63.901856,46.083138],[-64.116647,46.069044]],[[-64.116647,46.069044],[-64.255422,46.059924]],[[-64.410991,45.841874],[-64.255422,46.059924]],[[-64.410991,45.841874],[-64.513525,45.834827]],[[-64.570095,45.830681],[-64.762789,45.817001]],[[-64.808752,45.497389],[-64.715941,45.406604]],[[-64.715941,45.406604],[-64.76986,45.328255]],[[-64.909518,45.60517],[-64.887421,45.63709]]]}},{"type":"Feature","properties":{"kind":"border","from_year":1897,"to_year":1897,"a":"new_brunswick","b":"prince_edward_island"},"geometry":{"type":"MultiLineString","coordinates":[[[-63.850589,46.154025],[-63.901856,46.083138]],[[-64.104273,46.48566],[-63.941632,46.496023]],[[-63.941632,46.496023],[-63.933677,46.487733]],[[-63.916883,46.471151],[-63.869151,46.424722]],[[-63.838214,46.393631],[-63.834679,46.390315]],[[-63.783412,46.339326],[-63.744519,46.300359]],[[-63.744519,46.300359],[-63.745403,46.298701]]]}},{"type":"Feature","properties":{"kind":"border","from_year":1897,"to_year":1897,"a":"new_brunswick","b":"quebec"},"geometry":{"type":"MultiLineString","coordinates":[[[-68.467274,47.388121],[-68.326731,47.614876]],[[-68.553013,47.805566],[-68.383302,47.662963]],[[-68.383302,47.662963],[-68.326731,47.614876]],[[-68.467274,47.388121],[-68.778411,47.356201]],[[-68.778411,47.356201],[-68.83233,47.350812]],[[-68.924257,47.197845],[-68.837634,47.341692]],[[-68.837634,47.341692],[-68.83233,47.350812]],[[-67.814945,47.877282],[-67.445469,47.911689]],[[-67.445469,47.911689],[-67.223606,47.718926]],[[-68.553013,47.805566],[-68.469925,47.939463]],[[-68.469925,47.939463],[-68.411587,48.033565]],[[-68.411587,48.033565],[-68.040343,48.06963]],[[-68.040343,48.06963],[-67.959023,47.999987]],[[-67.959023,47.999987],[-67.814945,47.877282]],[[-66.704748,47.975943],[-66.855014,47.750846]],[[-66.855014,47.750846],[-67.223606,47.718926]],[[-66.579233,47.986721],[-66.633151,47.982161]],[[-66.633151,47.982161],[-66.704748,47.975943]],[[-66.117829,47.811784],[-65.911877,47.827951]],[[-65.781058,47.8379],[-65.749237,47.840387]],[[-66.330853,48.003303],[-66.117829,47.811784]],[[-65.318771,48.084139],[-65.536214,48.068386]],[[-65.749237,47.840387],[-65.747469,47.84246]],[[-65.222424,48.090772],[-65.170273,48.04227]]]}},{"type":"Feature","properties":{"kind":"border","from_year":1897,"to_year":1897,"a":"newfoundland","b":"northwest_territories"},"geometry":{"type":"MultiLineString","coordinates":[[[-63.085119,56.663113],[-62.835855,56.450866]],[[-63.126663,57.102943],[-62.91364,57.330942]],[[-62.873864,56.890697],[-63.126663,57.102943]],[[-62.377988,56.464546],[-62.835855,56.450866]],[[-63.085119,56.663113],[-62.873864,56.890697]],[[-63.641101,57.527435],[-63.169091,57.543602]],[[-63.169091,57.543602],[-62.91364,57.330942]],[[-61.657598,55.824077],[-62.106626,55.81247]],[[-62.106626,55.81247],[-62.346167,56.025545]],[[-62.346167,56.025545],[-62.134911,56.251471]],[[-61.657598,55.824077],[-61.42336,55.610173]],[[-61.42336,55.610173],[-61.634616,55.386319]],[[-62.377988,56.464546],[-62.134911,56.251471]],[[-64.981999,60.141131],[-64.964321,60.127865]],[[-64.949295,60.117087],[-64.692959,59.930128]],[[-64.692959,59.930128],[-64.911286,59.698399]],[[-64.547998,60.380737],[-64.728316,60.37369]],[[-64.436624,60.384882],[-64.508221,60.381981]],[[-63.903624,57.739267],[-63.641101,57.527435]],[[-64.068032,59.064147],[-64.56214,59.045078]],[[-64.56214,59.045078],[-64.843225,59.256081]],[[-64.843225,59.256081],[-64.626666,59.487396]],[[-64.068032,59.064147],[-64.023836,59.030155]],[[-64.014997,59.023522],[-63.878874,58.917814]],[[-63.87799,58.916984],[-63.794903,58.851901]],[[-63.794903,58.851901],[-64.012345,58.622244]],[[-64.911286,59.698399],[-64.626666,59.487396]],[[-63.691485,57.968509],[-63.957543,58.180341]],[[-63.957543,58.180341],[-63.741868,58.409998]],[[-63.903624,57.739267],[-63.691485,57.968509]],[[-64.012345,58.622244],[-63.741868,58.409998]],[[-56.423941,52.169878],[-56.607795,52.385855]],[[-56.607795,52.385855],[-56.415986,52.570326]],[[-56.411566,52.574472],[-56.387701,52.597272]],[[-56.423941,52.169878],[-56.641384,51.958875]],[[-56.641384,51.958875],[-57.040913,51.962606]],[[-56.387701,52.597272],[-56.573323,52.814078]],[[-56.980807,52.818638],[-56.573323,52.814078]],[[-57.25482,51.75036],[-57.11693,51.590761]],[[-57.11693,51.590761],[-57.070082,51.536041]],[[-57.070082,51.536041],[-57.194714,51.410849]],[[-56.94987,53.248105],[-57.142563,53.465325]],[[-57.558887,53.468642],[-57.306087,53.466984]],[[-57.289293,53.466569],[-57.142563,53.465325]],[[-56.94987,53.248105],[-57.171733,53.03503]],[[-56.980807,52.818638],[-57.171733,53.03503]],[[-57.558887,53.468642],[-57.756,53.685448]],[[-60.714461,54.096675],[-60.286647,54.104137]],[[-60.286647,54.104137],[-60.071855,53.890232]],[[-60.70297,53.662234],[-60.921297,53.874894]],[[-60.921297,53.874894],[-60.714461,54.096675]],[[-60.071855,53.890232],[-59.647577,53.895621]],[[-60.70297,53.662234],[-60.908038,53.440867]],[[-60.275156,53.236912],[-60.692363,53.228621]],[[-60.692363,53.228621],[-60.908038,53.440867]],[[-60.725068,54.531945],[-60.292834,54.538993]],[[-60.292834,54.538993],[-60.075391,54.324674]],[[-60.075391,54.324674],[-59.645809,54.329648]],[[-59.645809,54.329648],[-59.433669,54.1145]],[[-59.433669,54.1145],[-59.508802,54.037395]],[[-59.5309,54.014595],[-59.647577,53.895621]],[[-58.174975,53.686277],[-58.392418,53.4703]],[[-58.392418,53.4703],[-58.81051,53.469056]],[[-58.174975,53.686277],[-57.756,53.685448]],[[-58.81051,53.469056],[-59.024417,53.251836]],[[-59.024417,53.251836],[-59.440741,53.248519]],[[-60.064784,53.023837],[-59.649344,53.030055]],[[-59.440741,53.248519],[-59.649344,53.030055]],[[-60.064784,53.023837],[-60.275156,53.236912]],[[-61.40303,55.172829],[-60.962841,55.181949]],[[-60.962841,55.181949],[-60.736559,54.968045]],[[-60.736559,54.968045],[-60.948698,54.745435]],[[-60.725068,54.531945],[-60.948698,54.745435]],[[-61.40303,55.172829],[-61.634616,55.386319]]]}},{"type":"Feature","properties":{"kind":"border","from_year":1897,"to_year":1897,"a":"newfoundland","b":"quebec"},"geometry":{"type":"MultiLineString","coordinates":[[[-57.040913,51.962606],[-57.107207,51.897108]],[[-57.107207,51.897108],[-57.25482,51.75036]]]}},{"type":"Feature","properties":{"kind":"border","from_year":1897,"to_year":1897,"a":"northwest_territories","b":"ontario"},"geometry":{"type":"MultiLineString","coordinates":[[[-79.753976,48.754455],[-79.83618,48.513606]],[[-79.788448,49.648625],[-79.51797,49.489441]],[[-79.51797,49.432648],[-79.586032,49.237398]],[[-79.501176,49.479492],[-79.51797,49.432648]],[[-79.51797,49.489441],[-79.501176,49.479492]],[[-79.586032,49.237398],[-79.51797,49.196773]],[[-79.517087,48.801713],[-79.753976,48.754455]],[[-79.51797,49.196773],[-79.302295,49.068679]],[[-79.302295,49.068679],[-79.323509,49.009399]],[[-79.323509,49.009399],[-79.357982,48.912396]],[[-79.388035,48.827415],[-79.517087,48.801713]],[[-79.948437,51.211454],[-79.950205,51.206479]],[[-79.950205,51.206479],[-79.924571,51.192385]],[[-79.909544,51.184094],[-79.650558,51.036516]],[[-79.650558,51.036516],[-79.738065,50.791936]],[[-79.531229,50.377807],[-79.239537,50.20743]],[[-79.239537,50.20743],[-79.327929,49.964507]],[[-79.327929,49.964507],[-79.703592,49.891133]],[[-79.788448,49.648625],[-79.703592,49.891133]],[[-79.531229,50.377807],[-79.442838,50.621558]],[[-79.738065,50.791936],[-79.442838,50.621558]],[[-79.83618,48.513606],[-79.555979,48.34613]]]}},{"type":"Feature","properties":{"kind":"border","from_year":1897,"to_year":1897,"a":"northwest_territories","b":"quebec"},"geometry":{"type":"MultiLineString","coordinates":[[[-69.057728,52.757285],[-69.473168,52.718318]],[[-69.473168,52.718318],[-69.736575,52.913983]],[[-69.736575,52.913983],[-70.152898,52.872529]],[[-68.799625,52.560377],[-68.385953,52.597272]],[[-68.385953,52.597272],[-68.13227,52.39912]],[[-69.057728,52.757285],[-68.799625,52.560377]],[[-67.555958,52.666501],[-67.719482,52.433527]],[[-67.719482,52.433527],[-68.13227,52.39912]],[[-70.30228,52.63541],[-70.037989,52.441403]],[[-70.037989,52.441403],[-70.186487,52.205114]],[[-70.186487,52.205114],[-70.595739,52.162001]],[[-70.595739,52.162001],[-70.860914,52.354764]],[[-70.860914,52.354764],[-71.27105,52.309164]],[[-71.411592,52.071216],[-71.27105,52.309164]],[[-71.145534,51.880112],[-71.411592,52.071216]],[[-70.30228,52.63541],[-70.152898,52.872529]],[[-67.141402,52.698835],[-67.555958,52.666501]],[[-66.973458,52.930979],[-67.141402,52.698835]],[[-66.555367,52.961241],[-66.873576,52.938441]],[[-66.873576,52.938441],[-66.884183,52.937612]],[[-66.884183,52.937612],[-66.973458,52.930979]],[[-72.750722,51.021593],[-72.87889,50.783645]],[[-72.87889,50.783645],[-73.049485,50.760845]],[[-73.152019,50.747165],[-73.272232,50.730998]],[[-72.223026,51.3097],[-72.354729,51.072167]],[[-72.354729,51.072167],[-72.750722,51.021593]],[[-73.39598,50.49305],[-73.272232,50.730998]],[[-73.87241,50.267953],[-73.905998,50.200382]],[[-73.810536,50.389414],[-73.825562,50.360396]],[[-73.825562,50.360396],[-73.826446,50.358738]],[[-73.785786,50.439159],[-73.801697,50.407239]],[[-73.905998,50.200382],[-73.63994,50.017154]],[[-73.63994,50.017154],[-73.759269,49.779621]],[[-73.759269,49.779621],[-74.102227,49.73029]],[[-74.102227,49.73029],[-74.142004,49.724487]],[[-73.39598,50.49305],[-73.604584,50.464032]],[[-73.604584,50.464032],[-73.785786,50.439159]],[[-71.823496,51.358616],[-71.687373,51.59615]],[[-71.687373,51.59615],[-71.285192,51.642993]],[[-71.823496,51.358616],[-72.223026,51.3097]],[[-71.285192,51.642993],[-71.145534,51.880112]],[[-64.357956,52.224597],[-64.537391,51.997428]],[[-64.888305,51.543503],[-65.119006,51.746214]],[[-64.537391,51.997428],[-64.308457,51.793058]],[[-64.308457,51.793058],[-64.48524,51.566717]],[[-64.48524,51.566717],[-64.888305,51.543503]],[[-65.587481,52.152052],[-65.825254,52.354349]],[[-65.119006,51.746214],[-65.524723,51.720927]],[[-65.524723,51.720927],[-65.759844,51.92281]],[[-65.759844,51.92281],[-65.587481,52.152052]],[[-63.994667,52.678108],[-63.765733,52.47208]],[[-63.765733,52.47208],[-63.948704,52.245739]],[[-63.948704,52.245739],[-64.357956,52.224597]],[[-66.480234,52.528458],[-66.237158,52.326575]],[[-66.480234,52.528458],[-66.309639,52.759358]],[[-65.825254,52.354349],[-66.237158,52.326575]],[[-66.555367,52.961241],[-66.309639,52.759358]],[[-63.393605,52.923932],[-63.809929,52.904863]],[[-63.994667,52.678108],[-63.809929,52.904863]],[[-63.393605,52.923932],[-63.166439,52.71666]],[[-62.560074,52.957924],[-62.751884,52.733242]],[[-62.751884,52.733242],[-63.166439,52.71666]],[[-57.040913,51.962606],[-57.227419,52.177754]],[[-57.740973,51.400071],[-57.740973,51.400485]],[[-57.766607,51.429918],[-57.86207,51.538528]],[[-57.86207,51.538528],[-57.652582,51.752018]],[[-57.652582,51.752018],[-57.25482,51.75036]],[[-57.6296,52.179412],[-57.227419,52.177754]],[[-57.82141,52.394146],[-58.227126,52.394146]],[[-58.227126,52.394146],[-58.422471,52.608464]],[[-57.6296,52.179412],[-57.82141,52.394146]],[[-59.040327,52.39],[-58.831724,52.606806]],[[-58.831724,52.606806],[-58.422471,52.608464]],[[-61.293425,52.565352],[-60.882405,52.575716]],[[-60.882405,52.575716],[-60.672033,52.364713]],[[-60.672033,52.364713],[-60.263665,52.373418]],[[-59.447812,52.385855],[-59.040327,52.39]],[[-61.5091,52.775525],[-61.922772,52.763089]],[[-61.922772,52.763089],[-62.143751,52.972433]],[[-61.293425,52.565352],[-61.5091,52.775525]],[[-62.560074,52.957924],[-62.143751,52.972433]],[[-59.651112,52.598515],[-60.061248,52.592297]],[[-59.447812,52.385855],[-59.651112,52.598515]],[[-60.061248,52.592297],[-60.263665,52.373418]],[[-77.015609,47.936976],[-76.711542,47.990452]],[[-76.711542,47.990452],[-76.65232,48.000816]],[[-79.555979,48.34613],[-79.193574,48.417846]],[[-79.189154,48.429453],[-79.142307,48.561278]],[[-79.142307,48.561693],[-79.107834,48.658281]],[[-79.107834,48.658281],[-78.741894,48.729168]],[[-78.741894,48.729168],[-78.490862,48.574958]],[[-78.490862,48.574958],[-78.464345,48.558376]],[[-78.464345,48.558376],[-78.496165,48.474224]],[[-78.496165,48.474224],[-78.55362,48.31877]],[[-79.193574,48.417846],[-79.189154,48.429453]],[[-78.55362,48.31877],[-78.28049,48.148393]],[[-78.28049,48.148393],[-78.369766,47.909616]],[[-78.099288,47.739239],[-77.738651,47.806395]],[[-75.080721,48.482515],[-75.056855,48.534747]],[[-75.030337,48.591954],[-75.01973,48.613925]],[[-75.053319,48.540551],[-75.033873,48.583249]],[[-74.98349,48.693517],[-74.971999,48.717561]],[[-74.487614,49.011887],[-74.111067,49.06785]],[[-73.995274,49.304969],[-74.25868,49.486539]],[[-74.25868,49.486539],[-74.142004,49.724487]],[[-74.111067,49.06785],[-73.995274,49.304969]],[[-75.530633,48.24208],[-75.556266,48.184873]],[[-75.556266,48.184873],[-75.923091,48.124764]],[[-75.923091,48.124764],[-76.186497,48.30053]],[[-76.186497,48.30053],[-76.553322,48.238349]],[[-76.65232,48.000816],[-76.553322,48.238349]],[[-75.139943,48.471322],[-75.172648,48.466348]],[[-75.081604,48.480442],[-75.087792,48.479613]],[[-74.991445,48.730826],[-74.971999,48.717561]],[[-75.236289,48.896644],[-75.00824,48.742019]],[[-75.437822,48.424064],[-75.451081,48.421992]],[[-75.366225,48.435672],[-75.411304,48.42821]],[[-75.296396,48.44645],[-75.34943,48.438159]],[[-75.188558,48.46386],[-75.214192,48.459715]],[[-75.110774,48.476297],[-75.133755,48.472566]],[[-77.283435,48.110255],[-77.646724,48.044343]],[[-77.738651,47.806395],[-77.646724,48.044343]],[[-77.283435,48.110255],[-77.106652,47.995841]],[[-77.106652,47.995841],[-77.015609,47.936976]],[[-74.75102,49.192213],[-75.126684,49.134177]],[[-75.236289,48.896644],[-75.126684,49.134177]],[[-74.75102,49.192213],[-74.487614,49.011887]]]}},{"type":"Feature","properties":{"kind":"border","from_year":1897,"to_year":1897,"a":"nova_scotia","b":"prince_edward_island"},"geometry":{"type":"MultiLineString","coordinates":[[[-63.901856,46.083138],[-63.885946,46.067386]],[[-63.16202,45.714609],[-62.81199,45.734507]],[[-63.251295,45.80498],[-63.242456,45.79586]],[[-63.207099,45.760209],[-63.197376,45.750675]],[[-63.186769,45.739067],[-63.16202,45.714609]],[[-62.81199,45.734507],[-62.789008,45.765598]]]}},{"type":"Feature","properties":{"kind":"border","from_year":1897,"to_year":1897,"a":"ontario","b":"quebec"},"geometry":{"type":"MultiLineString","coordinates":[[[-75.923888,45.360806],[-75.811843,45.410873]],[[-75.811843,45.410873],[-75.692616,45.370082]],[[-76.043834,45.401359],[-75.923888,45.360806]],[[-75.579853,45.419911],[-75.692616,45.370082]],[[-75.116077,45.436451],[-75.104586,45.462567]],[[-75.104586,45.462567],[-75.014427,45.667766]],[[-75.014427,45.667766],[-74.788145,45.70466]],[[-74.788145,45.70466],[-74.667049,45.724144]],[[-74.667049,45.724144],[-74.546836,45.637504]],[[-74.423972,45.548792],[-74.488498,45.406189]],[[-74.489382,45.406189],[-74.528274,45.31872]],[[-74.528274,45.31872],[-74.358563,45.195187]],[[-74.318786,45.166168],[-74.287849,45.143783]],[[-74.287849,45.143783],[-74.355911,44.995791]],[[-74.355911,44.995791],[-74.356795,44.992475]],[[-75.116077,45.436451],[-75.27253,45.410749]],[[-75.27253,45.410749],[-75.460804,45.378829]],[[-77.408067,46.1134],[-77.612251,46.248127]],[[-77.612251,46.248127],[-77.665286,46.282948]],[[-76.898048,45.77306],[-77.242775,45.710049]],[[-77.242775,45.710049],[-77.497342,45.879183]],[[-77.497342,45.879183],[-77.408067,46.1134]],[[-77.665286,46.282948],[-78.013548,46.217036]],[[-78.013548,46.217036],[-78.274303,46.385755]],[[-76.321736,45.660304],[-76.300522,45.664035]],[[-76.300522,45.664035],[-76.051258,45.492]],[[-76.646133,45.602683],[-76.645249,45.602683]],[[-76.898048,45.77306],[-76.646133,45.602683]],[[-79.60813,47.222303],[-79.688566,46.984355]],[[-79.688566,46.984355],[-79.418972,46.818124]],[[-79.445489,47.699443],[-79.17236,47.531967]],[[-79.17236,47.531967],[-79.225395,47.379415]],[[-79.225395,47.379415],[-79.255448,47.293605]],[[-79.255448,47.293605],[-79.60813,47.222303]],[[-79.068942,46.88901],[-79.418972,46.818124]],[[-78.885972,46.485245],[-78.621681,46.31777]],[[-78.885972,46.485245],[-78.802,46.721535]],[[-78.274303,46.385755],[-78.621681,46.31777]],[[-79.068942,46.88901],[-78.802,46.721535]],[[-79.639067,48.10611],[-79.555979,48.34613]],[[-79.362401,47.938634],[-79.627576,48.099477]]]}},{"type":"Feature","properties":{"kind":"label","from_year":1897,"to_year":1897,"jurisdiction":"british_columbia","name":"British Columbia","sovereign":"Canada","status":"province","h3":"8412aa7ffffffff"},"geometry":{"type":"Point","coordinates":[-125.27189,54.03228]}},{"type":"Feature","properties":{"kind":"label","from_year":1897,"to_year":1897,"jurisdiction":"district_of_keewatin","name":"District of Keewatin","sovereign":"Canada","status":"district","h3":"8427249ffffffff"},"geometry":{"type":"Point","coordinates":[-92.49746,54.98805]}},{"type":"Feature","properties":{"kind":"label","from_year":1897,"to_year":1897,"jurisdiction":"manitoba","name":"Manitoba","sovereign":"Canada","status":"province","h3":"8427153ffffffff"},"geometry":{"type":"Point","coordinates":[-98.32265,50.91362]}},{"type":"Feature","properties":{"kind":"label","from_year":1897,"to_year":1897,"jurisdiction":"new_brunswick","name":"New Brunswick","sovereign":"Canada","status":"province","h3":"842b025ffffffff"},"geometry":{"type":"Point","coordinates":[-66.28033,46.52931]}},{"type":"Feature","properties":{"kind":"label","from_year":1897,"to_year":1897,"jurisdiction":"newfoundland","name":"Newfoundland","sovereign":"Britain","status":"colony","h3":"841b987ffffffff"},"geometry":{"type":"Point","coordinates":[-56.51042,48.97737]}},{"type":"Feature","properties":{"kind":"label","from_year":1897,"to_year":1897,"jurisdiction":"northwest_territories","name":"North-West Territories","sovereign":"Canada","status":"territory","h3":"841311dffffffff"},"geometry":{"type":"Point","coordinates":[-127.38167,65.13294]}},{"type":"Feature","properties":{"kind":"label","from_year":1897,"to_year":1897,"jurisdiction":"nova_scotia","name":"Nova Scotia","sovereign":"Canada","status":"province","h3":"842b011ffffffff"},"geometry":{"type":"Point","coordinates":[-63.39259,45.25509]}},{"type":"Feature","properties":{"kind":"label","from_year":1897,"to_year":1897,"jurisdiction":"ontario","name":"Ontario","sovereign":"Canada","status":"province","h3":"8427651ffffffff"},"geometry":{"type":"Point","coordinates":[-82.69498,47.8927]}},{"type":"Feature","properties":{"kind":"label","from_year":1897,"to_year":1897,"jurisdiction":"prince_edward_island","name":"Prince Edward Island","sovereign":"Canada","status":"province","h3":"842b055ffffffff"},"geometry":{"type":"Point","coordinates":[-62.87475,46.27223]}},{"type":"Feature","properties":{"kind":"label","from_year":1897,"to_year":1897,"jurisdiction":"quebec","name":"Quebec","sovereign":"Canada","status":"province","h3":"840e4b5ffffffff"},"geometry":{"type":"Point","coordinates":[-70.3091,49.55966]}},{"type":"Feature","properties":{"kind":"border","from_year":1898,"to_year":1900,"a":"british_columbia","b":"northwest_territories"},"geometry":{"type":"MultiLineString","coordinates":[[[-119.809437,58.635095],[-120.000362,58.651262]],[[-120.000362,58.651262],[-120.242555,58.671575]],[[-120.242555,58.671575],[-120.422873,58.892526]],[[-120.422873,58.892526],[-120.167422,59.078656]],[[-119.634422,58.4129],[-119.809437,58.635095]],[[-120.167422,59.078656],[-120.349508,59.300022]],[[-120.349508,59.300022],[-120.090522,59.486567]],[[-119.888105,58.228843],[-119.713974,58.007062]],[[-119.713974,58.007062],[-119.964122,57.823419]],[[-119.634422,58.4129],[-119.888105,58.228843]],[[-119.792642,57.602468],[-119.964122,57.823419]],[[-120.011853,59.895721],[-120.198359,60.117916]],[[-120.911678,59.962048],[-120.650923,60.15108]],[[-120.650923,60.15108],[-120.198359,60.117916]],[[-120.011853,59.895721],[-120.27526,59.708348]],[[-120.090522,59.486567],[-120.27526,59.708348]],[[-121.61439,59.803693],[-121.360706,59.993139]],[[-121.360706,59.993139],[-120.911678,59.962048]],[[-122.059883,59.832296],[-121.61439,59.803693]],[[-120.086102,55.994869],[-120.251394,56.214162]],[[-120.251394,56.214162],[-120.015389,56.394903]],[[-120.086102,55.994869],[-120.319455,55.814957]],[[-120.155047,55.596078],[-120.319455,55.814957]],[[-120.182449,56.614611],[-120.000362,56.753068]],[[-120.015389,56.394903],[-120.182449,56.614611]],[[-120.000362,56.753068],[-119.942908,56.796181]],[[-120.384865,55.416995],[-120.222225,55.198946]],[[-120.155047,55.596078],[-120.384865,55.416995]],[[-119.674198,54.939441],[-119.833303,55.15832]],[[-120.222225,55.198946],[-119.833303,55.15832]],[[-119.674198,54.939441],[-119.903132,54.762431]],[[-119.746679,54.543967],[-119.903132,54.762431]],[[-120.039255,57.419654],[-120.000362,57.369494]],[[-120.000362,57.100456],[-120.111736,57.016303]],[[-120.000362,57.369494],[-119.868659,57.198702]],[[-119.868659,57.198702],[-120.000362,57.100456]],[[-119.942908,56.796181],[-120.000362,56.871213]],[[-120.000362,56.871213],[-120.111736,57.016303]],[[-119.792642,57.602468],[-120.000362,57.448258]],[[-120.000362,57.448258],[-120.039255,57.419654]],[[-123.599661,60.122891],[-124.045154,60.144447]],[[-122.257879,60.049931],[-122.706024,60.075633]],[[-123.392825,59.908572],[-122.9491,59.884529]],[[-122.706024,60.075633],[-122.9491,59.884529]],[[-123.392825,59.908572],[-123.599661,60.122891]],[[-116.917269,51.763625],[-116.5584,51.708905]],[[-116.5584,51.708905],[-116.430232,51.487954]],[[-116.430232,51.487954],[-116.073131,51.431576]],[[-116.073131,51.431576],[-115.948499,51.21021]],[[-116.917269,51.763625],[-117.048972,51.984162]],[[-117.409609,52.036809],[-117.048972,51.984162]],[[-115.472069,50.929979],[-115.594049,51.152174]],[[-115.948499,51.21021],[-115.594049,51.152174]],[[-115.472069,50.929979],[-115.702771,50.767478]],[[-115.232528,50.486832],[-115.581675,50.546526]],[[-115.581675,50.546526],[-115.702771,50.767478]],[[-117.907253,52.307506],[-118.045144,52.526799]],[[-117.543964,52.256517],[-117.907253,52.307506]],[[-117.409609,52.036809],[-117.543964,52.256517]],[[-118.4102,52.575716],[-118.045144,52.526799]],[[-114.316793,49.31782],[-114.428166,49.538771]],[[-114.543959,49.160708],[-114.463523,49.001109]],[[-114.768473,49.601782],[-114.499764,49.552451]],[[-114.499764,49.552451],[-114.428166,49.538771]],[[-114.316793,49.31782],[-114.543959,49.160708]],[[-115.114968,50.265466],[-114.768473,50.203699]],[[-114.768473,50.203699],[-114.653565,49.981918]],[[-114.653565,49.981918],[-114.719858,49.936318]],[[-114.719858,49.936318],[-114.883382,49.822733]],[[-114.768473,49.601782],[-114.883382,49.822733]],[[-115.114968,50.265466],[-115.232528,50.486832]],[[-120.105548,53.581812],[-119.952631,53.365421]],[[-119.952631,53.365421],[-119.582271,53.322308]],[[-119.582271,53.322308],[-119.432889,53.104673]],[[-119.885453,53.756749],[-120.105548,53.581812]],[[-120.039255,53.97397],[-120.000362,53.918836]],[[-120.000362,53.918836],[-119.885453,53.756749]],[[-119.064297,53.059488],[-118.840667,53.231938]],[[-118.840667,53.231938],[-118.470307,53.185094]],[[-118.470307,53.185094],[-118.327113,52.965801]],[[-118.327113,52.965801],[-118.552511,52.794594]],[[-118.4102,52.575716],[-118.552511,52.794594]],[[-119.432889,53.104673],[-119.064297,53.059488]],[[-120.000362,54.005061],[-120.039255,53.97397]],[[-119.972077,54.367372],[-119.816508,54.149736]],[[-119.816508,54.149736],[-120.000362,54.005061]],[[-119.746679,54.543967],[-119.972077,54.367372]]]}},{"type":"Feature","properties":{"kind":"border","from_year":1898,"to_year":1900,"a":"british_columbia","b":"yukon"},"geometry":{"type":"MultiLineString","coordinates":[[[-125.601727,60.004332],[-125.378097,60.198752]],[[-125.378097,60.198752],[-124.934372,60.182171]],[[-124.934372,60.182171],[-124.750518,60.000186]],[[-124.750518,60.000186],[-124.720465,59.970754]],[[-124.720465,59.970754],[-124.278508,59.95127]],[[-126.041033,60.018841],[-125.601727,60.004332]],[[-124.045154,60.144447],[-124.278508,59.95127]],[[-126.041033,60.018841],[-126.262895,60.227356]],[[-130.79826,60.083924],[-131.223422,60.081437]],[[-134.564619,60.013866],[-134.413469,60.214505]],[[-134.413469,60.214505],[-133.998029,60.226941]],[[-133.998029,60.226941],[-133.739043,60.038324]],[[-133.739043,60.038324],[-133.323603,60.048688]],[[-133.323603,60.048688],[-133.069036,59.858412]],[[-134.974755,59.999772],[-134.564619,60.013866]],[[-134.974755,59.999772],[-134.986246,60.008477]],[[-134.986246,60.008477],[-135.239045,60.185072]],[[-132.653596,59.866703],[-132.543107,60.000186]],[[-132.543107,60.000186],[-132.488304,60.065684]],[[-132.488304,60.065684],[-132.068445,60.072317]],[[-132.068445,60.072317],[-131.818297,59.878725]],[[-131.818297,59.878725],[-131.399321,59.88287]],[[-133.069036,59.858412],[-132.653596,59.866703]],[[-131.223422,60.081437],[-131.295019,60.000186]],[[-131.295019,60.000186],[-131.399321,59.88287]],[[-128.142097,60.000186],[-127.990948,59.866289]],[[-128.850112,59.878725],[-128.653884,60.076048]],[[-128.653884,60.076048],[-128.221649,60.069829]],[[-128.221649,60.069829],[-128.142097,60.000186]],[[-127.990948,59.866289],[-127.558714,59.857998]],[[-129.278811,59.88287],[-128.850112,59.878725]],[[-129.5157,60.083095],[-129.944398,60.084753]],[[-129.278811,59.88287],[-129.5157,60.083095]],[[-126.703085,60.239378],[-126.916108,60.043713]],[[-126.916108,60.043713],[-127.352762,60.054077]],[[-126.703085,60.239378],[-126.262895,60.227356]],[[-127.352762,60.054077],[-127.558714,59.857998]],[[-130.555183,59.887016],[-130.130904,59.887016]],[[-130.555183,59.887016],[-130.79826,60.083924]],[[-129.944398,60.084753],[-130.024835,60.000186]],[[-130.024835,60.000186],[-130.130904,59.887016]],[[-137.395796,59.890332],[-136.997151,59.911474]],[[-137.668926,60.068586],[-138.067571,60.045371]],[[-136.939696,60.000186],[-136.997151,59.911474]],[[-137.395796,59.890332],[-137.668926,60.068586]],[[-136.866331,60.112113],[-136.939696,60.000186]],[[-138.187783,59.844732],[-138.581125,59.820274]],[[-138.067571,60.045371],[-138.187783,59.844732]],[[-136.193673,59.950441],[-136.462383,60.132011]],[[-135.648298,60.168491],[-135.78884,59.967852]],[[-135.78884,59.967852],[-136.193673,59.950441]],[[-135.648298,60.168491],[-135.239045,60.185072]],[[-136.866331,60.112113],[-136.462383,60.132011]]]}},{"type":"Feature","properties":{"kind":"border","from_year":1898,"to_year":1900,"a":"district_of_keewatin","b":"manitoba"},"geometry":{"type":"MultiLineString","coordinates":[[[-95.379813,51.032371],[-95.370974,50.786547]],[[-95.370974,50.786547],[-95.029783,50.661355]],[[-95.029783,50.661355],[-95.022711,50.41553]],[[-95.396607,51.525677],[-95.048345,51.400485]],[[-95.048345,51.400485],[-95.042158,51.153417]],[[-95.042158,51.153417],[-95.379813,51.032371]],[[-95.423125,52.268124],[-95.068675,52.142932]],[[-95.068675,52.142932],[-95.061604,51.895035]],[[-95.061604,51.895035],[-95.405446,51.772745]],[[-95.396607,51.525677],[-95.405446,51.772745]],[[-95.423125,52.268124],[-95.431964,52.516436]],[[-95.431964,52.516436],[-95.081934,52.639555]],[[-95.089005,52.888281],[-95.450526,53.013888]],[[-95.081934,52.639555],[-95.089005,52.888281]],[[-95.450526,53.013888],[-95.803208,52.88911]],[[-95.803208,52.88911],[-96.166497,53.01223]],[[-97.225426,52.877503],[-96.879815,53.006011]],[[-96.879815,53.006011],[-96.514759,52.885379]],[[-97.451708,52.950877],[-97.225426,52.877503]],[[-96.166497,53.01223],[-96.514759,52.885379]]]}},{"type":"Feature","properties":{"kind":"border","from_year":1898,"to_year":1900,"a":"district_of_keewatin","b":"northwest_territories"},"geometry":{"type":"MultiLineString","coordinates":[[[-97.900737,68.475939],[-97.559546,68.415001]],[[-97.052179,68.540193],[-97.141454,68.518222]],[[-97.521537,68.424535],[-97.559546,68.415001]],[[-97.277577,68.484644],[-97.47027,68.436971]],[[-100.335037,67.835884],[-100.296144,67.686648]],[[-99.821482,58.44938],[-100.252833,58.557161]],[[-100.252833,58.557161],[-100.29968,58.808374]],[[-100.29968,58.808374],[-99.90899,58.952221]],[[-99.779054,58.198166],[-99.821482,58.44938]],[[-99.90899,58.952221],[-99.953186,59.203434]],[[-100.161789,58.055563],[-100.11671,57.804765]],[[-99.779054,58.198166],[-100.161789,58.055563]],[[-99.654423,57.445356],[-99.695083,57.696154]],[[-100.11671,57.804765],[-99.695083,57.696154]],[[-99.654423,57.445356],[-100.029202,57.303582]],[[-99.986774,57.053198],[-100.029202,57.303582]],[[-100.062791,59.802449],[-100.064559,59.812398]],[[-100.09196,59.958317],[-100.016827,59.985263]],[[-100.07605,59.872507],[-100.09196,59.958317]],[[-100.045113,59.706689],[-100.047764,59.722857]],[[-99.878053,60.034593],[-99.830321,60.051589]],[[-99.699502,60.180098],[-99.70569,60.212432]],[[-99.687127,60.108796],[-99.689779,60.122062]],[[-100.443758,59.561599],[-100.395143,59.310386]],[[-100.395143,59.310386],[-99.953186,59.203434]],[[-100.045113,59.706689],[-100.443758,59.561599]],[[-98.172098,55.103601],[-98.561904,55.218429]],[[-99.821482,60.858705],[-99.86833,61.110748]],[[-99.581058,62.012794],[-99.627905,62.264836]],[[-87.324702,66.857976],[-87.390995,66.605105]],[[-86.873905,66.457113],[-86.720104,66.484473]],[[-86.415154,66.537949],[-86.349744,66.549556]],[[-86.324995,66.553701],[-86.286986,66.560334]],[[-86.286986,66.560334],[-86.209202,66.537534]],[[-86.187988,66.531316],[-86.097829,66.504371]],[[-87.390995,66.605105],[-86.873905,66.457113]],[[-86.720988,67.000164],[-86.65823,67.215727]],[[-86.731595,66.962855],[-86.720988,67.000164]],[[-86.969368,67.302781],[-86.65823,67.215727]],[[-86.731595,66.962855],[-87.324702,66.857976]],[[-87.0171,67.316046],[-86.973788,67.30361]],[[-99.934623,66.18683],[-99.992078,66.437215]],[[-99.992078,66.437215],[-99.482943,66.585207]],[[-99.934623,66.18683],[-100.432267,66.037595]],[[-99.822366,65.685233],[-100.371277,65.787211]],[[-100.371277,65.787211],[-100.432267,66.037595]],[[-99.482943,66.585207],[-99.536862,66.835591]],[[-100.109638,66.937568],[-99.536862,66.835591]],[[-96.989421,68.555116],[-96.595195,68.482157]],[[-96.594311,68.482157],[-96.467911,68.458528]],[[-99.648235,67.335944],[-99.70569,67.585914]],[[-100.296144,67.686648],[-99.70569,67.585914]],[[-99.648235,67.335944],[-100.170628,67.187538]],[[-100.109638,66.937568],[-100.125549,67.000164]],[[-100.125549,67.000164],[-100.170628,67.187538]],[[-84.999123,66.062467],[-85.048622,66.054177]],[[-93.414871,69.357258],[-93.414871,69.361403]],[[-93.413987,69.384617],[-93.408684,69.607642]],[[-93.408684,69.607642],[-92.778453,69.734077]],[[-92.778453,69.734077],[-92.756355,69.729518]],[[-92.677687,69.71335],[-92.599902,69.698012]],[[-92.554823,69.688478],[-92.245453,69.625053]],[[-93.414871,69.357258],[-93.42371,69.355185]],[[-93.84357,69.268131],[-94.029192,69.228749]],[[-94.029192,69.228749],[-94.242215,69.270618]],[[-92.078393,69.624224],[-92.128776,69.614274]],[[-100.223663,56.162759],[-100.181235,55.913204]],[[-100.05572,55.166611],[-100.097264,55.415337]],[[-100.097264,55.415337],[-99.74193,55.555038]],[[-99.31058,55.1948],[-99.665029,55.057172]],[[-99.665029,55.057172],[-100.05572,55.166611]],[[-99.31058,55.1948],[-98.91989,55.082459]],[[-99.74193,55.555038],[-99.780822,55.804179]],[[-98.561904,55.218429],[-98.91989,55.082459]],[[-100.181235,55.913204],[-99.780822,55.804179]],[[-100.355367,56.911424],[-100.311171,56.661454]],[[-99.986774,57.053198],[-100.355367,56.911424]],[[-99.861258,56.303289],[-99.902802,56.553259]],[[-100.311171,56.661454],[-99.902802,56.553259]],[[-99.861258,56.303289],[-100.223663,56.162759]],[[-100.236922,60.713615],[-100.187423,60.461573]],[[-100.187423,60.461573],[-99.755189,60.360424]],[[-100.336804,61.216871],[-99.86833,61.110748]],[[-99.821482,60.858705],[-100.236922,60.713615]],[[-100.013292,61.866875],[-99.964676,61.614832]],[[-99.964676,61.614832],[-100.388071,61.468499]],[[-100.336804,61.216871],[-100.388071,61.468499]],[[-100.114058,62.370959],[-99.627905,62.264836]],[[-99.581058,62.012794],[-100.013292,61.866875]],[[-100.436687,63.881141],[-100.494141,64.132354]],[[-100.494141,64.132354],[-100.030086,64.28076]],[[-99.924016,63.777505],[-100.436687,63.881141]],[[-99.872749,63.525462],[-99.924016,63.777505]],[[-99.872749,63.525462],[-100.325313,63.377885]],[[-100.030086,64.28076],[-100.084889,64.532388]],[[-100.084889,64.532388],[-99.611995,64.679551]],[[-100.271395,63.126257],[-99.772867,63.021378]],[[-99.772867,63.021378],[-99.723368,62.769335]],[[-99.723368,62.769335],[-100.165325,62.623002]],[[-100.114058,62.370959],[-100.165325,62.623002]],[[-100.271395,63.126257],[-100.325313,63.377885]],[[-99.663262,64.931179],[-100.196262,65.034815]],[[-100.196262,65.034815],[-100.253716,65.285613]],[[-100.253716,65.285613],[-99.768447,65.43402]],[[-99.611995,64.679551],[-99.663262,64.931179]],[[-99.768447,65.43402],[-99.822366,65.685233]],[[-98.397496,53.843389],[-98.412523,53.973141]],[[-98.412523,53.973141],[-98.310873,54.012108]],[[-98.013878,54.383539],[-98.08901,54.354935]],[[-98.143813,54.854046],[-97.75931,54.737559]],[[-97.75931,54.737559],[-97.734561,54.488004]],[[-97.734561,54.488004],[-97.833559,54.451109]],[[-98.084591,54.313896],[-98.08901,54.354935]],[[-98.143813,54.854046],[-98.172098,55.103601]]]}},{"type":"Feature","properties":{"kind":"border","from_year":1898,"to_year":1900,"a":"district_of_keewatin","b":"ontario"},"geometry":{"type":"MultiLineString","coordinates":[[[-82.187392,52.130496],[-81.795818,52.213405]],[[-82.26164,51.883014],[-82.187392,52.130496]],[[-82.26164,51.883014],[-82.648795,51.799276]],[[-82.648795,51.799276],[-82.965236,51.961777]],[[-81.795818,52.213405],[-81.718033,52.460887]],[[-81.718033,52.460887],[-81.619035,52.481614]],[[-83.351507,51.875552],[-83.4178,51.627655]],[[-83.4178,51.627655],[-83.799651,51.540186]],[[-83.862409,51.292704],[-83.799651,51.540186]],[[-83.862409,51.292704],[-84.240725,51.204406]],[[-84.240725,51.204406],[-84.55805,51.361933]],[[-82.965236,51.961777],[-83.351507,51.875552]],[[-86.229532,51.889646],[-86.605195,51.793058]],[[-88.053047,51.645066],[-88.420755,51.543503]],[[-88.420755,51.543503],[-88.753991,51.689007]],[[-88.753991,51.689007],[-89.120816,51.585372]],[[-85.9016,51.736265],[-85.524168,51.830781]],[[-85.524168,51.830781],[-85.199772,51.675327]],[[-85.199772,51.675327],[-85.254574,51.427016]],[[-85.254574,51.427016],[-84.933713,51.271148]],[[-86.651159,51.544746],[-86.605195,51.793058]],[[-86.229532,51.889646],[-85.9016,51.736265]],[[-84.55805,51.361933],[-84.933713,51.271148]],[[-87.760471,51.249177],[-87.721579,51.497488]],[[-87.023287,51.446914],[-87.066599,51.199017]],[[-87.066599,51.199017],[-87.433423,51.100356]],[[-87.433423,51.100356],[-87.760471,51.249177]],[[-88.053047,51.645066],[-87.721579,51.497488]],[[-86.651159,51.544746],[-87.023287,51.446914]],[[-94.685056,50.289509],[-94.350937,50.407654]],[[-94.350937,50.407654],[-94.014165,50.27956]],[[-95.022711,50.41553],[-94.685056,50.289509]],[[-93.674742,50.642286],[-93.677394,50.396047]],[[-93.677394,50.396047],[-94.014165,50.27956]],[[-93.333551,50.758358],[-93.674742,50.642286]],[[-91.288173,50.694103],[-91.271379,50.941171]],[[-91.271379,50.941171],[-90.918697,51.051025]],[[-90.918697,51.051025],[-90.584578,50.911739]],[[-91.288173,50.694103],[-91.636436,50.583835]],[[-91.650578,50.337182],[-91.636436,50.583835]],[[-90.206262,51.267417],[-90.229244,51.01952]],[[-90.229244,51.01952],[-90.584578,50.911739]],[[-92.782873,50.29324],[-92.806738,50.303189]],[[-92.866844,50.326818],[-92.902201,50.340913]],[[-92.943745,50.357494],[-93.002083,50.380294]],[[-93.002083,50.380294],[-93.002083,50.410556]],[[-92.99678,50.609122],[-92.99678,50.626533]],[[-92.326773,50.360811],[-92.372736,50.345473]],[[-92.999432,50.505072],[-92.998548,50.531188]],[[-92.651169,50.253858],[-92.668848,50.248055]],[[-92.668848,50.248055],[-92.684758,50.254273]],[[-92.72365,50.270026],[-92.745748,50.278731]],[[-92.326773,50.360811],[-92.326773,50.360396]],[[-92.318818,50.35708],[-92.25606,50.332207]],[[-92.00326,50.229815],[-91.995305,50.226084]],[[-92.197721,50.308578],[-92.060715,50.253029]],[[-93.333551,50.758358],[-93.017994,50.635238]],[[-92.997664,50.627362],[-92.99678,50.626533]],[[-91.650578,50.337182],[-91.823826,50.281633]],[[-91.989118,50.228157],[-91.995305,50.226084]],[[-91.868021,50.267124],[-91.963484,50.236448]],[[-89.846509,51.374369],[-90.206262,51.267417]],[[-89.51239,51.231766],[-89.150869,51.336646]],[[-89.846509,51.374369],[-89.51239,51.231766]],[[-89.150869,51.336646],[-89.120816,51.585372]]]}},{"type":"Feature","properties":{"kind":"border","from_year":1898,"to_year":1900,"a":"manitoba","b":"northwest_territories"},"geometry":{"type":"MultiLineString","coordinates":[[[-101.432858,52.743191],[-101.386011,52.499025]],[[-101.386011,52.499025],[-101.705988,52.360153]],[[-101.658256,52.116402],[-101.697149,52.317455]],[[-101.697149,52.317455],[-101.705988,52.360153]],[[-101.658256,52.116402],[-101.97293,51.977115]],[[-101.108462,52.882478],[-101.432858,52.743191]],[[-100.853894,52.809103],[-100.810582,52.796667]],[[-101.108462,52.882478],[-101.028909,52.859678]],[[-100.990017,52.848485],[-100.944937,52.835634]],[[-100.944937,52.835634],[-100.933447,52.832318]],[[-101.689193,50.526628],[-101.686542,50.511704]],[[-101.644114,50.286193],[-101.447001,50.226499]],[[-101.447001,50.226499],[-101.296735,50.180899]],[[-101.296735,50.180899],[-101.276405,50.063583]],[[-101.276405,50.063583],[-101.254307,49.940464]],[[-101.254307,49.940464],[-101.417832,49.867504]],[[-101.417832,49.867504],[-101.554838,49.806152]],[[-101.78112,51.008742],[-101.428439,50.904277]],[[-101.384243,50.662598],[-101.508875,50.607464]],[[-101.508875,50.607464],[-101.689193,50.526628]],[[-101.170336,49.461252],[-101.392198,49.53048]],[[-101.417832,49.537942],[-101.510643,49.566546]],[[-101.510643,49.566546],[-101.554838,49.806152]],[[-101.128792,49.22206],[-101.170336,49.461252]],[[-101.924314,51.734607],[-101.647649,51.655015]],[[-101.647649,51.655015],[-101.570749,51.632215]],[[-101.570749,51.365249],[-101.713943,51.301409]],[[-101.747532,51.286486],[-101.828852,51.250421]],[[-101.570749,51.632215],[-101.564561,51.630557]],[[-101.564561,51.630557],[-101.518598,51.388049]],[[-101.518598,51.388049],[-101.570749,51.365249]],[[-101.78112,51.008742],[-101.828852,51.250421]],[[-101.924314,51.734607],[-101.97293,51.977115]],[[-98.888953,52.926834],[-99.006513,52.962899]],[[-100.236038,52.862165],[-100.284653,52.876259]],[[-99.710109,52.940099],[-99.764912,52.917714]],[[-99.710109,52.940099],[-99.341517,52.828587]],[[-100.449945,52.896987],[-100.669156,52.805373]],[[-99.006513,52.962899],[-99.341517,52.828587]],[[-101.424903,49.088992],[-101.408109,48.99945]],[[-101.128792,49.22206],[-101.424903,49.088992]]]}},{"type":"Feature","properties":{"kind":"border","from_year":1898,"to_year":1900,"a":"manitoba","b":"ontario"},"geometry":{"type":"MultiLineString","coordinates":[[[-95.022711,50.41553],[-95.355063,50.295727]],[[-95.346224,50.050732],[-95.355063,50.295727]],[[-95.011221,49.925955],[-95.346224,50.050732]],[[-95.005033,49.681374],[-95.011221,49.925955]],[[-95.330314,49.5624],[-95.323242,49.319063]],[[-95.213637,49.605513],[-95.330314,49.5624]],[[-95.323242,49.319063],[-95.153531,49.255224]]]}},{"type":"Feature","properties":{"kind":"border","from_year":1898,"to_year":1900,"a":"new_brunswick","b":"nova_scotia"},"geometry":{"type":"MultiLineString","coordinates":[[[-63.901856,46.083138],[-64.116647,46.069044]],[[-64.116647,46.069044],[-64.255422,46.059924]],[[-64.410991,45.841874],[-64.255422,46.059924]],[[-64.410991,45.841874],[-64.513525,45.834827]],[[-64.570095,45.830681],[-64.762789,45.817001]],[[-64.808752,45.497389],[-64.715941,45.406604]],[[-64.715941,45.406604],[-64.76986,45.328255]],[[-64.909518,45.60517],[-64.887421,45.63709]]]}},{"type":"Feature","properties":{"kind":"border","from_year":1898,"to_year":1900,"a":"new_brunswick","b":"prince_edward_island"},"geometry":{"type":"MultiLineString","coordinates":[[[-63.850589,46.154025],[-63.901856,46.083138]],[[-64.104273,46.48566],[-63.941632,46.496023]],[[-63.941632,46.496023],[-63.933677,46.487733]],[[-63.916883,46.471151],[-63.869151,46.424722]],[[-63.838214,46.393631],[-63.834679,46.390315]],[[-63.783412,46.339326],[-63.744519,46.300359]],[[-63.744519,46.300359],[-63.745403,46.298701]]]}},{"type":"Feature","properties":{"kind":"border","from_year":1898,"to_year":1900,"a":"new_brunswick","b":"quebec"},"geometry":{"type":"MultiLineString","coordinates":[[[-68.467274,47.388121],[-68.326731,47.614876]],[[-68.553013,47.805566],[-68.383302,47.662963]],[[-68.383302,47.662963],[-68.326731,47.614876]],[[-68.467274,47.388121],[-68.778411,47.356201]],[[-68.778411,47.356201],[-68.83233,47.350812]],[[-68.924257,47.197845],[-68.837634,47.341692]],[[-68.837634,47.341692],[-68.83233,47.350812]],[[-67.814945,47.877282],[-67.445469,47.911689]],[[-67.445469,47.911689],[-67.223606,47.718926]],[[-68.553013,47.805566],[-68.469925,47.939463]],[[-68.469925,47.939463],[-68.411587,48.033565]],[[-68.411587,48.033565],[-68.040343,48.06963]],[[-68.040343,48.06963],[-67.959023,47.999987]],[[-67.959023,47.999987],[-67.814945,47.877282]],[[-66.704748,47.975943],[-66.855014,47.750846]],[[-66.855014,47.750846],[-67.223606,47.718926]],[[-66.579233,47.986721],[-66.633151,47.982161]],[[-66.633151,47.982161],[-66.704748,47.975943]],[[-66.117829,47.811784],[-65.911877,47.827951]],[[-65.781058,47.8379],[-65.749237,47.840387]],[[-66.330853,48.003303],[-66.117829,47.811784]],[[-65.318771,48.084139],[-65.536214,48.068386]],[[-65.749237,47.840387],[-65.747469,47.84246]],[[-65.222424,48.090772],[-65.170273,48.04227]]]}},{"type":"Feature","properties":{"kind":"border","from_year":1898,"to_year":1900,"a":"newfoundland","b":"northwest_territories"},"geometry":{"type":"MultiLineString","coordinates":[[[-63.085119,56.663113],[-62.835855,56.450866]],[[-63.126663,57.102943],[-62.91364,57.330942]],[[-62.873864,56.890697],[-63.126663,57.102943]],[[-62.377988,56.464546],[-62.835855,56.450866]],[[-63.085119,56.663113],[-62.873864,56.890697]],[[-63.641101,57.527435],[-63.169091,57.543602]],[[-63.169091,57.543602],[-62.91364,57.330942]],[[-61.657598,55.824077],[-62.106626,55.81247]],[[-62.106626,55.81247],[-62.346167,56.025545]],[[-62.346167,56.025545],[-62.134911,56.251471]],[[-61.657598,55.824077],[-61.42336,55.610173]],[[-61.42336,55.610173],[-61.634616,55.386319]],[[-62.377988,56.464546],[-62.134911,56.251471]],[[-64.981999,60.141131],[-64.964321,60.127865]],[[-64.949295,60.117087],[-64.692959,59.930128]],[[-64.692959,59.930128],[-64.911286,59.698399]],[[-64.547998,60.380737],[-64.728316,60.37369]],[[-64.436624,60.384882],[-64.508221,60.381981]],[[-63.903624,57.739267],[-63.641101,57.527435]],[[-64.068032,59.064147],[-64.56214,59.045078]],[[-64.56214,59.045078],[-64.843225,59.256081]],[[-64.843225,59.256081],[-64.626666,59.487396]],[[-64.068032,59.064147],[-64.023836,59.030155]],[[-64.014997,59.023522],[-63.878874,58.917814]],[[-63.87799,58.916984],[-63.794903,58.851901]],[[-63.794903,58.851901],[-64.012345,58.622244]],[[-64.911286,59.698399],[-64.626666,59.487396]],[[-63.691485,57.968509],[-63.957543,58.180341]],[[-63.957543,58.180341],[-63.741868,58.409998]],[[-63.903624,57.739267],[-63.691485,57.968509]],[[-64.012345,58.622244],[-63.741868,58.409998]],[[-56.607795,52.385855],[-56.415986,52.570326]],[[-56.411566,52.574472],[-56.387701,52.597272]],[[-57.011744,52.39],[-56.607795,52.385855]],[[-56.387701,52.597272],[-56.573323,52.814078]],[[-56.980807,52.818638],[-56.573323,52.814078]],[[-56.94987,53.248105],[-57.142563,53.465325]],[[-57.558887,53.468642],[-57.306087,53.466984]],[[-57.289293,53.466569],[-57.142563,53.465325]],[[-56.94987,53.248105],[-57.171733,53.03503]],[[-57.558887,53.468642],[-57.756,53.685448]],[[-60.714461,54.096675],[-60.286647,54.104137]],[[-60.286647,54.104137],[-60.071855,53.890232]],[[-60.70297,53.662234],[-60.921297,53.874894]],[[-60.921297,53.874894],[-60.714461,54.096675]],[[-60.071855,53.890232],[-59.647577,53.895621]],[[-60.70297,53.662234],[-60.908038,53.440867]],[[-60.692363,53.228621],[-60.908038,53.440867]],[[-60.725068,54.531945],[-60.292834,54.538993]],[[-60.292834,54.538993],[-60.075391,54.324674]],[[-60.075391,54.324674],[-59.645809,54.329648]],[[-59.645809,54.329648],[-59.433669,54.1145]],[[-59.433669,54.1145],[-59.508802,54.037395]],[[-59.5309,54.014595],[-59.647577,53.895621]],[[-58.174975,53.686277],[-58.392418,53.4703]],[[-58.392418,53.4703],[-58.81051,53.469056]],[[-58.174975,53.686277],[-57.756,53.685448]],[[-58.81051,53.469056],[-59.024417,53.251836]],[[-61.40303,55.172829],[-60.962841,55.181949]],[[-60.962841,55.181949],[-60.736559,54.968045]],[[-60.736559,54.968045],[-60.948698,54.745435]],[[-60.725068,54.531945],[-60.948698,54.745435]],[[-61.40303,55.172829],[-61.634616,55.386319]]]}},{"type":"Feature","properties":{"kind":"border","from_year":1898,"to_year":1900,"a":"newfoundland","b":"quebec"},"geometry":{"type":"MultiLineString","coordinates":[[[-57.227419,52.177754],[-57.011744,52.39]],[[-57.040913,51.962606],[-57.227419,52.177754]],[[-57.25482,51.75036],[-57.11693,51.590761]],[[-57.11693,51.590761],[-57.070082,51.536041]],[[-57.070082,51.536041],[-57.194714,51.410849]],[[-57.040913,51.962606],[-57.107207,51.897108]],[[-57.107207,51.897108],[-57.25482,51.75036]],[[-56.980807,52.818638],[-57.171733,53.03503]],[[-60.275156,53.236912],[-60.692363,53.228621]],[[-59.024417,53.251836],[-59.440741,53.248519]],[[-60.064784,53.023837],[-59.649344,53.030055]],[[-59.440741,53.248519],[-59.649344,53.030055]],[[-60.064784,53.023837],[-60.275156,53.236912]]]}},{"type":"Feature","properties":{"kind":"border","from_year":1898,"to_year":1900,"a":"northwest_territories","b":"quebec"},"geometry":{"type":"MultiLineString","coordinates":[[[-69.162914,53.189654],[-69.582773,53.150273]],[[-69.736575,52.913983],[-69.582773,53.150273]],[[-69.162914,53.189654],[-68.901276,52.992332]],[[-70.152898,52.872529],[-70.420724,53.066949]],[[-69.736575,52.913983],[-70.152898,52.872529]],[[-68.4823,53.02964],[-68.901276,52.992332]],[[-68.225081,52.831074],[-67.808757,52.865896]],[[-68.4823,53.02964],[-68.225081,52.831074]],[[-70.838816,53.023008],[-70.984662,52.78506]],[[-70.420724,53.066949],[-70.838816,53.023008]],[[-70.860914,52.354764],[-70.715952,52.591883]],[[-70.984662,52.78506],[-70.715952,52.591883]],[[-70.860914,52.354764],[-71.27105,52.309164]],[[-71.27105,52.309164],[-71.540644,52.500683]],[[-67.22449,53.132033],[-67.644349,53.099284]],[[-67.808757,52.865896],[-67.644349,53.099284]],[[-67.22449,53.132033],[-66.973458,52.930979]],[[-66.710936,53.829709],[-66.45902,53.626997]],[[-66.45902,53.626997],[-66.632267,53.395268]],[[-66.632267,53.395268],[-66.383888,53.192556]],[[-66.383888,53.192556],[-66.555367,52.961241]],[[-66.555367,52.961241],[-66.873576,52.938441]],[[-66.873576,52.938441],[-66.884183,52.937612]],[[-66.884183,52.937612],[-66.973458,52.930979]],[[-73.714189,52.006548],[-73.309356,52.060438]],[[-75.609301,51.958461],[-75.20712,52.018984]],[[-72.637581,52.592712],[-72.225677,52.642872]],[[-72.225677,52.642872],[-71.951664,52.452596]],[[-72.771052,52.352691],[-72.637581,52.592712]],[[-72.771052,52.352691],[-73.180305,52.300459]],[[-73.309356,52.060438],[-73.180305,52.300459]],[[-71.540644,52.500683],[-71.951664,52.452596]],[[-73.99439,52.192263],[-74.399223,52.135885]],[[-74.399223,52.135885],[-74.683843,52.319942]],[[-73.99439,52.192263],[-73.714189,52.006548]],[[-74.683843,52.319942],[-75.08956,52.261077]],[[-75.20712,52.018984],[-75.08956,52.261077]],[[-64.091014,53.545747],[-64.515293,53.524605]],[[-64.515293,53.524605],[-64.755717,53.730633]],[[-64.755717,53.730633],[-65.181764,53.707004]],[[-65.181764,53.707004],[-65.254245,53.767942]],[[-65.348824,53.847534],[-65.381529,53.87448]],[[-66.615473,54.498367],[-66.179703,54.526971]],[[-66.179703,54.526971],[-65.92602,54.322186]],[[-65.92602,54.322186],[-66.106338,54.090457]],[[-66.535921,54.062268],[-66.792256,54.265394]],[[-66.792256,54.265394],[-66.615473,54.498367]],[[-66.710936,53.829709],[-66.535921,54.062268]],[[-66.106338,54.090457],[-65.855307,53.886501]],[[-65.463733,53.91013],[-65.855307,53.886501]],[[-63.855893,53.33889],[-63.434265,53.357959]],[[-63.434265,53.357959],[-63.204448,53.149858]],[[-64.091014,53.545747],[-63.855893,53.33889]],[[-62.785472,53.166854],[-63.204448,53.149858]],[[-62.785472,53.166854],[-62.560074,52.957924]],[[-77.694455,52.301288],[-77.796105,52.056707]],[[-77.796105,52.056707],[-78.194751,51.987479]],[[-78.194751,51.987479],[-78.495282,52.162001]],[[-78.495282,52.162001],[-78.558039,52.150809]],[[-77.29139,52.368858],[-77.694455,52.301288]],[[-77.29139,52.368858],[-76.995279,52.191019]],[[-76.569232,52.242008],[-76.593098,52.256517]],[[-75.898341,52.139616],[-76.300522,52.07702]],[[-76.300522,52.07702],[-76.549786,52.229986]],[[-75.898341,52.139616],[-75.609301,51.958461]],[[-76.593098,52.256517],[-76.995279,52.191019]],[[-57.011744,52.39],[-57.200018,52.605977]],[[-57.200018,52.605977],[-56.980807,52.818638]],[[-57.171733,53.03503],[-57.582753,53.037931]],[[-57.582753,53.037931],[-57.778098,53.253908]],[[-58.192654,53.254737],[-57.778098,53.253908]],[[-58.408329,53.039175],[-58.192654,53.254737]],[[-58.821117,53.037517],[-58.408329,53.039175]],[[-58.821117,53.037517],[-59.024417,53.251836]],[[-61.311103,52.997306],[-61.5091,52.775525]],[[-61.5091,52.775525],[-61.922772,52.763089]],[[-61.922772,52.763089],[-62.143751,52.972433]],[[-61.311103,52.997306],[-60.89478,53.00767]],[[-62.560074,52.957924],[-62.143751,52.972433]],[[-60.692363,53.228621],[-60.89478,53.00767]]]}},{"type":"Feature","properties":{"kind":"border","from_year":1898,"to_year":1900,"a":"northwest_territories","b":"yukon"},"geometry":{"type":"MultiLineString","coordinates":[[[-136.122076,68.38391],[-136.454427,68.507029]],[[-135.905517,68.01165],[-136.313001,68.165031]],[[-136.313001,68.165031],[-136.122076,68.38391]],[[-135.696913,67.641048],[-136.095558,67.794015]],[[-136.095558,67.794015],[-135.905517,68.01165]],[[-134.934979,66.175638],[-135.300035,66.326532]],[[-134.790901,65.778091],[-135.117949,65.964221]],[[-135.117949,65.964221],[-134.934979,66.175638]],[[-134.280882,65.80172],[-134.790901,65.778091]],[[-135.84983,66.263106],[-136.22461,66.412342]],[[-136.22461,66.412342],[-136.047827,66.626661]],[[-135.300035,66.326532],[-135.84983,66.263106]],[[-133.833621,65.213897],[-134.148295,65.402929]],[[-134.148295,65.402929],[-133.960021,65.613102]],[[-133.330674,65.233795],[-133.833621,65.213897]],[[-133.330674,65.233795],[-133.023072,65.042691]],[[-133.023072,65.042691],[-133.215765,64.833761]],[[-134.280882,65.80172],[-133.960021,65.613102]],[[-136.430562,66.776311],[-136.047827,66.626661]],[[-136.252011,66.992288],[-136.643585,67.142353]],[[-136.643585,67.142353],[-136.46415,67.359159]],[[-136.46415,67.359159],[-135.88607,67.424657]],[[-136.430562,66.776311],[-136.252011,66.992288]],[[-135.88607,67.424657],[-135.696913,67.641048]],[[-124.019521,60.551114],[-124.234312,60.764604]],[[-124.688644,60.782844],[-124.234312,60.764604]],[[-124.019521,60.551114],[-124.257294,60.357522]],[[-124.045154,60.144447],[-124.257294,60.357522]],[[-124.688644,60.782844],[-124.907855,60.994676]],[[-125.363954,61.010014],[-125.593772,60.814349]],[[-125.593772,60.814349],[-126.044568,60.827615]],[[-125.363954,61.010014],[-124.907855,60.994676]],[[-126.944393,60.85],[-126.725182,61.047323]],[[-126.044568,60.827615],[-126.267315,60.631536]],[[-126.267315,60.631536],[-126.714575,60.643143]],[[-126.714575,60.643143],[-126.944393,60.85]],[[-126.725182,61.047323],[-126.958536,61.254594]],[[-130.560487,64.093387],[-130.844223,64.291124]],[[-131.337447,64.281175],[-130.844223,64.291124]],[[-130.560487,64.093387],[-130.76909,63.887359]],[[-130.490657,63.689622],[-130.76909,63.887359]],[[-130.005388,63.695425],[-130.490657,63.689622]],[[-131.337447,64.281175],[-131.627371,64.476839]],[[-132.913467,64.642242],[-132.418475,64.657995]],[[-132.418475,64.657995],[-132.122363,64.463988]],[[-132.122363,64.463988],[-131.627371,64.476839]],[[-132.913467,64.642242],[-133.215765,64.833761]],[[-128.386941,62.081194],[-128.850112,62.083266]],[[-128.850112,62.083266],[-129.103796,62.285563]],[[-129.103796,62.285563],[-128.89254,62.487031]],[[-128.138561,61.877653],[-128.386941,62.081194]],[[-127.677158,61.872678],[-128.138561,61.877653]],[[-128.89254,62.487031],[-129.150643,62.689329]],[[-129.62177,62.68767],[-129.150643,62.689329]],[[-127.434082,61.667065],[-127.677158,61.872678]],[[-127.652409,61.468084],[-127.412868,61.26247]],[[-127.412868,61.26247],[-126.958536,61.254594]],[[-127.434082,61.667065],[-127.652409,61.468084]],[[-129.676572,63.091436],[-129.944398,63.291245]],[[-129.944398,63.291245],[-129.732259,63.495615]],[[-129.676572,63.091436],[-129.885176,62.887895]],[[-129.62177,62.68767],[-129.885176,62.887895]],[[-129.732259,63.495615],[-130.005388,63.695425]]]}},{"type":"Feature","properties":{"kind":"border","from_year":1898,"to_year":1900,"a":"nova_scotia","b":"prince_edward_island"},"geometry":{"type":"MultiLineString","coordinates":[[[-63.901856,46.083138],[-63.885946,46.067386]],[[-63.16202,45.714609],[-62.81199,45.734507]],[[-63.251295,45.80498],[-63.242456,45.79586]],[[-63.207099,45.760209],[-63.197376,45.750675]],[[-63.186769,45.739067],[-63.16202,45.714609]],[[-62.81199,45.734507],[-62.789008,45.765598]]]}},{"type":"Feature","properties":{"kind":"border","from_year":1898,"to_year":1900,"a":"ontario","b":"quebec"},"geometry":{"type":"MultiLineString","coordinates":[[[-75.923888,45.360806],[-75.811843,45.410873]],[[-75.811843,45.410873],[-75.692616,45.370082]],[[-76.043834,45.401359],[-75.923888,45.360806]],[[-75.579853,45.419911],[-75.692616,45.370082]],[[-79.753976,48.754455],[-79.83618,48.513606]],[[-79.788448,49.648625],[-79.51797,49.489441]],[[-79.51797,49.432648],[-79.586032,49.237398]],[[-79.501176,49.479492],[-79.51797,49.432648]],[[-79.51797,49.489441],[-79.501176,49.479492]],[[-79.586032,49.237398],[-79.51797,49.196773]],[[-79.517087,48.801713],[-79.753976,48.754455]],[[-79.51797,49.196773],[-79.302295,49.068679]],[[-79.302295,49.068679],[-79.323509,49.009399]],[[-79.323509,49.009399],[-79.357982,48.912396]],[[-79.388035,48.827415],[-79.517087,48.801713]],[[-79.948437,51.211454],[-79.950205,51.206479]],[[-79.950205,51.206479],[-79.924571,51.192385]],[[-79.909544,51.184094],[-79.650558,51.036516]],[[-79.650558,51.036516],[-79.738065,50.791936]],[[-79.531229,50.377807],[-79.239537,50.20743]],[[-79.239537,50.20743],[-79.327929,49.964507]],[[-79.327929,49.964507],[-79.703592,49.891133]],[[-79.788448,49.648625],[-79.703592,49.891133]],[[-79.531229,50.377807],[-79.442838,50.621558]],[[-79.738065,50.791936],[-79.442838,50.621558]],[[-75.116077,45.436451],[-75.104586,45.462567]],[[-75.104586,45.462567],[-75.014427,45.667766]],[[-75.014427,45.667766],[-74.788145,45.70466]],[[-74.788145,45.70466],[-74.667049,45.724144]],[[-74.667049,45.724144],[-74.546836,45.637504]],[[-74.423972,45.548792],[-74.488498,45.406189]],[[-74.489382,45.406189],[-74.528274,45.31872]],[[-74.528274,45.31872],[-74.358563,45.195187]],[[-74.318786,45.166168],[-74.287849,45.143783]],[[-74.287849,45.143783],[-74.355911,44.995791]],[[-74.355911,44.995791],[-74.356795,44.992475]],[[-75.116077,45.436451],[-75.27253,45.410749]],[[-75.27253,45.410749],[-75.460804,45.378829]],[[-77.408067,46.1134],[-77.612251,46.248127]],[[-77.612251,46.248127],[-77.665286,46.282948]],[[-76.898048,45.77306],[-77.242775,45.710049]],[[-77.242775,45.710049],[-77.497342,45.879183]],[[-77.497342,45.879183],[-77.408067,46.1134]],[[-77.665286,46.282948],[-78.013548,46.217036]],[[-78.013548,46.217036],[-78.274303,46.385755]],[[-76.321736,45.660304],[-76.300522,45.664035]],[[-76.300522,45.664035],[-76.051258,45.492]],[[-76.646133,45.602683],[-76.645249,45.602683]],[[-76.898048,45.77306],[-76.646133,45.602683]],[[-79.60813,47.222303],[-79.688566,46.984355]],[[-79.688566,46.984355],[-79.418972,46.818124]],[[-79.445489,47.699443],[-79.17236,47.531967]],[[-79.17236,47.531967],[-79.225395,47.379415]],[[-79.225395,47.379415],[-79.255448,47.293605]],[[-79.255448,47.293605],[-79.60813,47.222303]],[[-79.068942,46.88901],[-79.418972,46.818124]],[[-78.885972,46.485245],[-78.621681,46.31777]],[[-78.885972,46.485245],[-78.802,46.721535]],[[-78.274303,46.385755],[-78.621681,46.31777]],[[-79.068942,46.88901],[-78.802,46.721535]],[[-79.639067,48.10611],[-79.555979,48.34613]],[[-79.362401,47.938634],[-79.627576,48.099477]],[[-79.83618,48.513606],[-79.555979,48.34613]]]}},{"type":"Feature","properties":{"kind":"label","from_year":1898,"to_year":1900,"jurisdiction":"british_columbia","name":"British Columbia","sovereign":"Canada","status":"province","h3":"8412aa7ffffffff"},"geometry":{"type":"Point","coordinates":[-125.27189,54.03228]}},{"type":"Feature","properties":{"kind":"label","from_year":1898,"to_year":1900,"jurisdiction":"district_of_keewatin","name":"District of Keewatin","sovereign":"Canada","status":"district","h3":"8427249ffffffff"},"geometry":{"type":"Point","coordinates":[-92.49746,54.98805]}},{"type":"Feature","properties":{"kind":"label","from_year":1898,"to_year":1900,"jurisdiction":"manitoba","name":"Manitoba","sovereign":"Canada","status":"province","h3":"8427153ffffffff"},"geometry":{"type":"Point","coordinates":[-98.32265,50.91362]}},{"type":"Feature","properties":{"kind":"label","from_year":1898,"to_year":1900,"jurisdiction":"new_brunswick","name":"New Brunswick","sovereign":"Canada","status":"province","h3":"842b025ffffffff"},"geometry":{"type":"Point","coordinates":[-66.28033,46.52931]}},{"type":"Feature","properties":{"kind":"label","from_year":1898,"to_year":1900,"jurisdiction":"newfoundland","name":"Newfoundland","sovereign":"Britain","status":"colony","h3":"841b987ffffffff"},"geometry":{"type":"Point","coordinates":[-56.51042,48.97737]}},{"type":"Feature","properties":{"kind":"label","from_year":1898,"to_year":1900,"jurisdiction":"northwest_territories","name":"North-West Territories","sovereign":"Canada","status":"territory","h3":"841271dffffffff"},"geometry":{"type":"Point","coordinates":[-108.83611,57.62023]}},{"type":"Feature","properties":{"kind":"label","from_year":1898,"to_year":1900,"jurisdiction":"nova_scotia","name":"Nova Scotia","sovereign":"Canada","status":"province","h3":"842b011ffffffff"},"geometry":{"type":"Point","coordinates":[-63.39259,45.25509]}},{"type":"Feature","properties":{"kind":"label","from_year":1898,"to_year":1900,"jurisdiction":"ontario","name":"Ontario","sovereign":"Canada","status":"province","h3":"8427651ffffffff"},"geometry":{"type":"Point","coordinates":[-82.69498,47.8927]}},{"type":"Feature","properties":{"kind":"label","from_year":1898,"to_year":1900,"jurisdiction":"prince_edward_island","name":"Prince Edward Island","sovereign":"Canada","status":"province","h3":"842b055ffffffff"},"geometry":{"type":"Point","coordinates":[-62.87475,46.27223]}},{"type":"Feature","properties":{"kind":"label","from_year":1898,"to_year":1900,"jurisdiction":"quebec","name":"Quebec","sovereign":"Canada","status":"province","h3":"842ba63ffffffff"},"geometry":{"type":"Point","coordinates":[-73.07816,49.03567]}},{"type":"Feature","properties":{"kind":"label","from_year":1898,"to_year":1900,"jurisdiction":"yukon","name":"Yukon Territory","sovereign":"Canada","status":"territory","h3":"8413a2dffffffff"},"geometry":{"type":"Point","coordinates":[-135.7168,62.92285]}},{"type":"Feature","properties":{"kind":"border","from_year":1901,"to_year":1904,"a":"british_columbia","b":"northwest_territories"},"geometry":{"type":"MultiLineString","coordinates":[[[-119.809437,58.635095],[-120.000362,58.651262]],[[-120.000362,58.651262],[-120.242555,58.671575]],[[-120.242555,58.671575],[-120.422873,58.892526]],[[-120.422873,58.892526],[-120.167422,59.078656]],[[-119.634422,58.4129],[-119.809437,58.635095]],[[-120.167422,59.078656],[-120.349508,59.300022]],[[-120.349508,59.300022],[-120.090522,59.486567]],[[-119.888105,58.228843],[-119.713974,58.007062]],[[-119.713974,58.007062],[-119.964122,57.823419]],[[-119.634422,58.4129],[-119.888105,58.228843]],[[-119.792642,57.602468],[-119.964122,57.823419]],[[-120.011853,59.895721],[-120.198359,60.117916]],[[-120.911678,59.962048],[-120.650923,60.15108]],[[-120.650923,60.15108],[-120.198359,60.117916]],[[-120.011853,59.895721],[-120.27526,59.708348]],[[-120.090522,59.486567],[-120.27526,59.708348]],[[-121.61439,59.803693],[-121.360706,59.993139]],[[-121.360706,59.993139],[-120.911678,59.962048]],[[-122.059883,59.832296],[-121.61439,59.803693]],[[-120.086102,55.994869],[-120.251394,56.214162]],[[-120.251394,56.214162],[-120.015389,56.394903]],[[-120.086102,55.994869],[-120.319455,55.814957]],[[-120.155047,55.596078],[-120.319455,55.814957]],[[-120.182449,56.614611],[-120.000362,56.753068]],[[-120.015389,56.394903],[-120.182449,56.614611]],[[-120.000362,56.753068],[-119.942908,56.796181]],[[-120.384865,55.416995],[-120.222225,55.198946]],[[-120.155047,55.596078],[-120.384865,55.416995]],[[-119.674198,54.939441],[-119.833303,55.15832]],[[-120.222225,55.198946],[-119.833303,55.15832]],[[-119.674198,54.939441],[-119.903132,54.762431]],[[-119.746679,54.543967],[-119.903132,54.762431]],[[-120.039255,57.419654],[-120.000362,57.369494]],[[-120.000362,57.100456],[-120.111736,57.016303]],[[-120.000362,57.369494],[-119.868659,57.198702]],[[-119.868659,57.198702],[-120.000362,57.100456]],[[-119.942908,56.796181],[-120.000362,56.871213]],[[-120.000362,56.871213],[-120.111736,57.016303]],[[-119.792642,57.602468],[-120.000362,57.448258]],[[-120.000362,57.448258],[-120.039255,57.419654]],[[-123.599661,60.122891],[-124.045154,60.144447]],[[-122.257879,60.049931],[-122.706024,60.075633]],[[-123.392825,59.908572],[-122.9491,59.884529]],[[-122.706024,60.075633],[-122.9491,59.884529]],[[-123.392825,59.908572],[-123.599661,60.122891]],[[-116.917269,51.763625],[-116.5584,51.708905]],[[-116.5584,51.708905],[-116.430232,51.487954]],[[-116.430232,51.487954],[-116.073131,51.431576]],[[-116.073131,51.431576],[-115.948499,51.21021]],[[-116.917269,51.763625],[-117.048972,51.984162]],[[-117.409609,52.036809],[-117.048972,51.984162]],[[-115.472069,50.929979],[-115.594049,51.152174]],[[-115.948499,51.21021],[-115.594049,51.152174]],[[-115.472069,50.929979],[-115.702771,50.767478]],[[-115.232528,50.486832],[-115.581675,50.546526]],[[-115.581675,50.546526],[-115.702771,50.767478]],[[-117.907253,52.307506],[-118.045144,52.526799]],[[-117.543964,52.256517],[-117.907253,52.307506]],[[-117.409609,52.036809],[-117.543964,52.256517]],[[-118.4102,52.575716],[-118.045144,52.526799]],[[-114.316793,49.31782],[-114.428166,49.538771]],[[-114.543959,49.160708],[-114.463523,49.001109]],[[-114.768473,49.601782],[-114.499764,49.552451]],[[-114.499764,49.552451],[-114.428166,49.538771]],[[-114.316793,49.31782],[-114.543959,49.160708]],[[-115.114968,50.265466],[-114.768473,50.203699]],[[-114.768473,50.203699],[-114.653565,49.981918]],[[-114.653565,49.981918],[-114.719858,49.936318]],[[-114.719858,49.936318],[-114.883382,49.822733]],[[-114.768473,49.601782],[-114.883382,49.822733]],[[-115.114968,50.265466],[-115.232528,50.486832]],[[-120.105548,53.581812],[-119.952631,53.365421]],[[-119.952631,53.365421],[-119.582271,53.322308]],[[-119.582271,53.322308],[-119.432889,53.104673]],[[-119.885453,53.756749],[-120.105548,53.581812]],[[-120.039255,53.97397],[-120.000362,53.918836]],[[-120.000362,53.918836],[-119.885453,53.756749]],[[-119.064297,53.059488],[-118.840667,53.231938]],[[-118.840667,53.231938],[-118.470307,53.185094]],[[-118.470307,53.185094],[-118.327113,52.965801]],[[-118.327113,52.965801],[-118.552511,52.794594]],[[-118.4102,52.575716],[-118.552511,52.794594]],[[-119.432889,53.104673],[-119.064297,53.059488]],[[-120.000362,54.005061],[-120.039255,53.97397]],[[-119.972077,54.367372],[-119.816508,54.149736]],[[-119.816508,54.149736],[-120.000362,54.005061]],[[-119.746679,54.543967],[-119.972077,54.367372]]]}},{"type":"Feature","properties":{"kind":"border","from_year":1901,"to_year":1904,"a":"british_columbia","b":"yukon"},"geometry":{"type":"MultiLineString","coordinates":[[[-125.601727,60.004332],[-125.378097,60.198752]],[[-125.378097,60.198752],[-124.934372,60.182171]],[[-124.934372,60.182171],[-124.750518,60.000186]],[[-124.750518,60.000186],[-124.720465,59.970754]],[[-124.720465,59.970754],[-124.278508,59.95127]],[[-126.041033,60.018841],[-125.601727,60.004332]],[[-124.045154,60.144447],[-124.278508,59.95127]],[[-126.041033,60.018841],[-126.262895,60.227356]],[[-130.79826,60.083924],[-131.223422,60.081437]],[[-134.564619,60.013866],[-134.413469,60.214505]],[[-134.413469,60.214505],[-133.998029,60.226941]],[[-133.998029,60.226941],[-133.739043,60.038324]],[[-133.739043,60.038324],[-133.323603,60.048688]],[[-133.323603,60.048688],[-133.069036,59.858412]],[[-134.974755,59.999772],[-134.564619,60.013866]],[[-134.974755,59.999772],[-134.986246,60.008477]],[[-134.986246,60.008477],[-135.239045,60.185072]],[[-132.653596,59.866703],[-132.543107,60.000186]],[[-132.543107,60.000186],[-132.488304,60.065684]],[[-132.488304,60.065684],[-132.068445,60.072317]],[[-132.068445,60.072317],[-131.818297,59.878725]],[[-131.818297,59.878725],[-131.399321,59.88287]],[[-133.069036,59.858412],[-132.653596,59.866703]],[[-131.223422,60.081437],[-131.295019,60.000186]],[[-131.295019,60.000186],[-131.399321,59.88287]],[[-128.142097,60.000186],[-127.990948,59.866289]],[[-128.850112,59.878725],[-128.653884,60.076048]],[[-128.653884,60.076048],[-128.221649,60.069829]],[[-128.221649,60.069829],[-128.142097,60.000186]],[[-127.990948,59.866289],[-127.558714,59.857998]],[[-129.278811,59.88287],[-128.850112,59.878725]],[[-129.5157,60.083095],[-129.944398,60.084753]],[[-129.278811,59.88287],[-129.5157,60.083095]],[[-126.703085,60.239378],[-126.916108,60.043713]],[[-126.916108,60.043713],[-127.352762,60.054077]],[[-126.703085,60.239378],[-126.262895,60.227356]],[[-127.352762,60.054077],[-127.558714,59.857998]],[[-130.555183,59.887016],[-130.130904,59.887016]],[[-130.555183,59.887016],[-130.79826,60.083924]],[[-129.944398,60.084753],[-130.024835,60.000186]],[[-130.024835,60.000186],[-130.130904,59.887016]],[[-137.395796,59.890332],[-136.997151,59.911474]],[[-137.668926,60.068586],[-138.067571,60.045371]],[[-136.939696,60.000186],[-136.997151,59.911474]],[[-137.395796,59.890332],[-137.668926,60.068586]],[[-136.866331,60.112113],[-136.939696,60.000186]],[[-138.187783,59.844732],[-138.581125,59.820274]],[[-138.067571,60.045371],[-138.187783,59.844732]],[[-136.193673,59.950441],[-136.462383,60.132011]],[[-135.648298,60.168491],[-135.78884,59.967852]],[[-135.78884,59.967852],[-136.193673,59.950441]],[[-135.648298,60.168491],[-135.239045,60.185072]],[[-136.866331,60.112113],[-136.462383,60.132011]]]}},{"type":"Feature","properties":{"kind":"border","from_year":1901,"to_year":1904,"a":"district_of_keewatin","b":"manitoba"},"geometry":{"type":"MultiLineString","coordinates":[[[-95.379813,51.032371],[-95.370974,50.786547]],[[-95.370974,50.786547],[-95.029783,50.661355]],[[-95.029783,50.661355],[-95.022711,50.41553]],[[-95.396607,51.525677],[-95.048345,51.400485]],[[-95.048345,51.400485],[-95.042158,51.153417]],[[-95.042158,51.153417],[-95.379813,51.032371]],[[-95.423125,52.268124],[-95.068675,52.142932]],[[-95.068675,52.142932],[-95.061604,51.895035]],[[-95.061604,51.895035],[-95.405446,51.772745]],[[-95.396607,51.525677],[-95.405446,51.772745]],[[-95.423125,52.268124],[-95.431964,52.516436]],[[-95.431964,52.516436],[-95.081934,52.639555]],[[-95.089005,52.888281],[-95.450526,53.013888]],[[-95.081934,52.639555],[-95.089005,52.888281]],[[-95.450526,53.013888],[-95.803208,52.88911]],[[-95.803208,52.88911],[-96.166497,53.01223]],[[-97.225426,52.877503],[-96.879815,53.006011]],[[-96.879815,53.006011],[-96.514759,52.885379]],[[-97.451708,52.950877],[-97.225426,52.877503]],[[-96.166497,53.01223],[-96.514759,52.885379]]]}},{"type":"Feature","properties":{"kind":"border","from_year":1901,"to_year":1904,"a":"district_of_keewatin","b":"northwest_territories"},"geometry":{"type":"MultiLineString","coordinates":[[[-97.900737,68.475939],[-97.559546,68.415001]],[[-97.052179,68.540193],[-97.141454,68.518222]],[[-97.521537,68.424535],[-97.559546,68.415001]],[[-97.277577,68.484644],[-97.47027,68.436971]],[[-100.335037,67.835884],[-100.296144,67.686648]],[[-99.821482,58.44938],[-100.252833,58.557161]],[[-100.252833,58.557161],[-100.29968,58.808374]],[[-100.29968,58.808374],[-99.90899,58.952221]],[[-99.779054,58.198166],[-99.821482,58.44938]],[[-99.90899,58.952221],[-99.953186,59.203434]],[[-100.161789,58.055563],[-100.11671,57.804765]],[[-99.779054,58.198166],[-100.161789,58.055563]],[[-99.654423,57.445356],[-99.695083,57.696154]],[[-100.11671,57.804765],[-99.695083,57.696154]],[[-99.654423,57.445356],[-100.029202,57.303582]],[[-99.986774,57.053198],[-100.029202,57.303582]],[[-100.062791,59.802449],[-100.064559,59.812398]],[[-100.09196,59.958317],[-100.016827,59.985263]],[[-100.07605,59.872507],[-100.09196,59.958317]],[[-100.045113,59.706689],[-100.047764,59.722857]],[[-99.878053,60.034593],[-99.830321,60.051589]],[[-99.699502,60.180098],[-99.70569,60.212432]],[[-99.687127,60.108796],[-99.689779,60.122062]],[[-100.443758,59.561599],[-100.395143,59.310386]],[[-100.395143,59.310386],[-99.953186,59.203434]],[[-100.045113,59.706689],[-100.443758,59.561599]],[[-98.172098,55.103601],[-98.561904,55.218429]],[[-99.821482,60.858705],[-99.86833,61.110748]],[[-99.581058,62.012794],[-99.627905,62.264836]],[[-87.324702,66.857976],[-87.390995,66.605105]],[[-86.873905,66.457113],[-86.720104,66.484473]],[[-86.415154,66.537949],[-86.349744,66.549556]],[[-86.324995,66.553701],[-86.286986,66.560334]],[[-86.286986,66.560334],[-86.209202,66.537534]],[[-86.187988,66.531316],[-86.097829,66.504371]],[[-87.390995,66.605105],[-86.873905,66.457113]],[[-86.720988,67.000164],[-86.65823,67.215727]],[[-86.731595,66.962855],[-86.720988,67.000164]],[[-86.969368,67.302781],[-86.65823,67.215727]],[[-86.731595,66.962855],[-87.324702,66.857976]],[[-87.0171,67.316046],[-86.973788,67.30361]],[[-99.934623,66.18683],[-99.992078,66.437215]],[[-99.992078,66.437215],[-99.482943,66.585207]],[[-99.934623,66.18683],[-100.432267,66.037595]],[[-99.822366,65.685233],[-100.371277,65.787211]],[[-100.371277,65.787211],[-100.432267,66.037595]],[[-99.482943,66.585207],[-99.536862,66.835591]],[[-100.109638,66.937568],[-99.536862,66.835591]],[[-96.989421,68.555116],[-96.595195,68.482157]],[[-96.594311,68.482157],[-96.467911,68.458528]],[[-99.648235,67.335944],[-99.70569,67.585914]],[[-100.296144,67.686648],[-99.70569,67.585914]],[[-99.648235,67.335944],[-100.170628,67.187538]],[[-100.109638,66.937568],[-100.125549,67.000164]],[[-100.125549,67.000164],[-100.170628,67.187538]],[[-84.999123,66.062467],[-85.048622,66.054177]],[[-93.414871,69.357258],[-93.414871,69.361403]],[[-93.413987,69.384617],[-93.408684,69.607642]],[[-93.408684,69.607642],[-92.778453,69.734077]],[[-92.778453,69.734077],[-92.756355,69.729518]],[[-92.677687,69.71335],[-92.599902,69.698012]],[[-92.554823,69.688478],[-92.245453,69.625053]],[[-93.414871,69.357258],[-93.42371,69.355185]],[[-93.84357,69.268131],[-94.029192,69.228749]],[[-94.029192,69.228749],[-94.242215,69.270618]],[[-92.078393,69.624224],[-92.128776,69.614274]],[[-100.223663,56.162759],[-100.181235,55.913204]],[[-100.05572,55.166611],[-100.097264,55.415337]],[[-100.097264,55.415337],[-99.74193,55.555038]],[[-99.31058,55.1948],[-99.665029,55.057172]],[[-99.665029,55.057172],[-100.05572,55.166611]],[[-99.31058,55.1948],[-98.91989,55.082459]],[[-99.74193,55.555038],[-99.780822,55.804179]],[[-98.561904,55.218429],[-98.91989,55.082459]],[[-100.181235,55.913204],[-99.780822,55.804179]],[[-100.355367,56.911424],[-100.311171,56.661454]],[[-99.986774,57.053198],[-100.355367,56.911424]],[[-99.861258,56.303289],[-99.902802,56.553259]],[[-100.311171,56.661454],[-99.902802,56.553259]],[[-99.861258,56.303289],[-100.223663,56.162759]],[[-100.236922,60.713615],[-100.187423,60.461573]],[[-100.187423,60.461573],[-99.755189,60.360424]],[[-100.336804,61.216871],[-99.86833,61.110748]],[[-99.821482,60.858705],[-100.236922,60.713615]],[[-100.013292,61.866875],[-99.964676,61.614832]],[[-99.964676,61.614832],[-100.388071,61.468499]],[[-100.336804,61.216871],[-100.388071,61.468499]],[[-100.114058,62.370959],[-99.627905,62.264836]],[[-99.581058,62.012794],[-100.013292,61.866875]],[[-100.436687,63.881141],[-100.494141,64.132354]],[[-100.494141,64.132354],[-100.030086,64.28076]],[[-99.924016,63.777505],[-100.436687,63.881141]],[[-99.872749,63.525462],[-99.924016,63.777505]],[[-99.872749,63.525462],[-100.325313,63.377885]],[[-100.030086,64.28076],[-100.084889,64.532388]],[[-100.084889,64.532388],[-99.611995,64.679551]],[[-100.271395,63.126257],[-99.772867,63.021378]],[[-99.772867,63.021378],[-99.723368,62.769335]],[[-99.723368,62.769335],[-100.165325,62.623002]],[[-100.114058,62.370959],[-100.165325,62.623002]],[[-100.271395,63.126257],[-100.325313,63.377885]],[[-99.663262,64.931179],[-100.196262,65.034815]],[[-100.196262,65.034815],[-100.253716,65.285613]],[[-100.253716,65.285613],[-99.768447,65.43402]],[[-99.611995,64.679551],[-99.663262,64.931179]],[[-99.768447,65.43402],[-99.822366,65.685233]],[[-98.397496,53.843389],[-98.412523,53.973141]],[[-98.412523,53.973141],[-98.310873,54.012108]],[[-98.013878,54.383539],[-98.08901,54.354935]],[[-98.143813,54.854046],[-97.75931,54.737559]],[[-97.75931,54.737559],[-97.734561,54.488004]],[[-97.734561,54.488004],[-97.833559,54.451109]],[[-98.084591,54.313896],[-98.08901,54.354935]],[[-98.143813,54.854046],[-98.172098,55.103601]]]}},{"type":"Feature","properties":{"kind":"border","from_year":1901,"to_year":1904,"a":"district_of_keewatin","b":"ontario"},"geometry":{"type":"MultiLineString","coordinates":[[[-82.187392,52.130496],[-81.795818,52.213405]],[[-82.26164,51.883014],[-82.187392,52.130496]],[[-82.26164,51.883014],[-82.648795,51.799276]],[[-82.648795,51.799276],[-82.965236,51.961777]],[[-81.795818,52.213405],[-81.718033,52.460887]],[[-81.718033,52.460887],[-81.619035,52.481614]],[[-83.351507,51.875552],[-83.4178,51.627655]],[[-83.4178,51.627655],[-83.799651,51.540186]],[[-83.862409,51.292704],[-83.799651,51.540186]],[[-83.862409,51.292704],[-84.240725,51.204406]],[[-84.240725,51.204406],[-84.55805,51.361933]],[[-82.965236,51.961777],[-83.351507,51.875552]],[[-86.229532,51.889646],[-86.605195,51.793058]],[[-88.053047,51.645066],[-88.420755,51.543503]],[[-88.420755,51.543503],[-88.753991,51.689007]],[[-88.753991,51.689007],[-89.120816,51.585372]],[[-85.9016,51.736265],[-85.524168,51.830781]],[[-85.524168,51.830781],[-85.199772,51.675327]],[[-85.199772,51.675327],[-85.254574,51.427016]],[[-85.254574,51.427016],[-84.933713,51.271148]],[[-86.651159,51.544746],[-86.605195,51.793058]],[[-86.229532,51.889646],[-85.9016,51.736265]],[[-84.55805,51.361933],[-84.933713,51.271148]],[[-87.760471,51.249177],[-87.721579,51.497488]],[[-87.023287,51.446914],[-87.066599,51.199017]],[[-87.066599,51.199017],[-87.433423,51.100356]],[[-87.433423,51.100356],[-87.760471,51.249177]],[[-88.053047,51.645066],[-87.721579,51.497488]],[[-86.651159,51.544746],[-87.023287,51.446914]],[[-94.685056,50.289509],[-94.350937,50.407654]],[[-94.350937,50.407654],[-94.014165,50.27956]],[[-95.022711,50.41553],[-94.685056,50.289509]],[[-93.674742,50.642286],[-93.677394,50.396047]],[[-93.677394,50.396047],[-94.014165,50.27956]],[[-93.333551,50.758358],[-93.674742,50.642286]],[[-91.288173,50.694103],[-91.271379,50.941171]],[[-91.271379,50.941171],[-90.918697,51.051025]],[[-90.918697,51.051025],[-90.584578,50.911739]],[[-91.288173,50.694103],[-91.636436,50.583835]],[[-91.650578,50.337182],[-91.636436,50.583835]],[[-90.206262,51.267417],[-90.229244,51.01952]],[[-90.229244,51.01952],[-90.584578,50.911739]],[[-92.782873,50.29324],[-92.806738,50.303189]],[[-92.866844,50.326818],[-92.902201,50.340913]],[[-92.943745,50.357494],[-93.002083,50.380294]],[[-93.002083,50.380294],[-93.002083,50.410556]],[[-92.99678,50.609122],[-92.99678,50.626533]],[[-92.326773,50.360811],[-92.372736,50.345473]],[[-92.999432,50.505072],[-92.998548,50.531188]],[[-92.651169,50.253858],[-92.668848,50.248055]],[[-92.668848,50.248055],[-92.684758,50.254273]],[[-92.72365,50.270026],[-92.745748,50.278731]],[[-92.326773,50.360811],[-92.326773,50.360396]],[[-92.318818,50.35708],[-92.25606,50.332207]],[[-92.00326,50.229815],[-91.995305,50.226084]],[[-92.197721,50.308578],[-92.060715,50.253029]],[[-93.333551,50.758358],[-93.017994,50.635238]],[[-92.997664,50.627362],[-92.99678,50.626533]],[[-91.650578,50.337182],[-91.823826,50.281633]],[[-91.989118,50.228157],[-91.995305,50.226084]],[[-91.868021,50.267124],[-91.963484,50.236448]],[[-89.846509,51.374369],[-90.206262,51.267417]],[[-89.51239,51.231766],[-89.150869,51.336646]],[[-89.846509,51.374369],[-89.51239,51.231766]],[[-89.150869,51.336646],[-89.120816,51.585372]]]}},{"type":"Feature","properties":{"kind":"border","from_year":1901,"to_year":1904,"a":"manitoba","b":"northwest_territories"},"geometry":{"type":"MultiLineString","coordinates":[[[-101.432858,52.743191],[-101.386011,52.499025]],[[-101.386011,52.499025],[-101.705988,52.360153]],[[-101.658256,52.116402],[-101.697149,52.317455]],[[-101.697149,52.317455],[-101.705988,52.360153]],[[-101.658256,52.116402],[-101.97293,51.977115]],[[-101.108462,52.882478],[-101.432858,52.743191]],[[-100.853894,52.809103],[-100.810582,52.796667]],[[-101.108462,52.882478],[-101.028909,52.859678]],[[-100.990017,52.848485],[-100.944937,52.835634]],[[-100.944937,52.835634],[-100.933447,52.832318]],[[-101.689193,50.526628],[-101.686542,50.511704]],[[-101.644114,50.286193],[-101.447001,50.226499]],[[-101.447001,50.226499],[-101.296735,50.180899]],[[-101.296735,50.180899],[-101.276405,50.063583]],[[-101.276405,50.063583],[-101.254307,49.940464]],[[-101.254307,49.940464],[-101.417832,49.867504]],[[-101.417832,49.867504],[-101.554838,49.806152]],[[-101.78112,51.008742],[-101.428439,50.904277]],[[-101.384243,50.662598],[-101.508875,50.607464]],[[-101.508875,50.607464],[-101.689193,50.526628]],[[-101.170336,49.461252],[-101.392198,49.53048]],[[-101.417832,49.537942],[-101.510643,49.566546]],[[-101.510643,49.566546],[-101.554838,49.806152]],[[-101.128792,49.22206],[-101.170336,49.461252]],[[-101.924314,51.734607],[-101.647649,51.655015]],[[-101.647649,51.655015],[-101.570749,51.632215]],[[-101.570749,51.365249],[-101.713943,51.301409]],[[-101.747532,51.286486],[-101.828852,51.250421]],[[-101.570749,51.632215],[-101.564561,51.630557]],[[-101.564561,51.630557],[-101.518598,51.388049]],[[-101.518598,51.388049],[-101.570749,51.365249]],[[-101.78112,51.008742],[-101.828852,51.250421]],[[-101.924314,51.734607],[-101.97293,51.977115]],[[-98.888953,52.926834],[-99.006513,52.962899]],[[-100.236038,52.862165],[-100.284653,52.876259]],[[-99.710109,52.940099],[-99.764912,52.917714]],[[-99.710109,52.940099],[-99.341517,52.828587]],[[-100.449945,52.896987],[-100.669156,52.805373]],[[-99.006513,52.962899],[-99.341517,52.828587]],[[-101.424903,49.088992],[-101.408109,48.99945]],[[-101.128792,49.22206],[-101.424903,49.088992]]]}},{"type":"Feature","properties":{"kind":"border","from_year":1901,"to_year":1904,"a":"manitoba","b":"ontario"},"geometry":{"type":"MultiLineString","coordinates":[[[-95.022711,50.41553],[-95.355063,50.295727]],[[-95.346224,50.050732],[-95.355063,50.295727]],[[-95.011221,49.925955],[-95.346224,50.050732]],[[-95.005033,49.681374],[-95.011221,49.925955]],[[-95.330314,49.5624],[-95.323242,49.319063]],[[-95.213637,49.605513],[-95.330314,49.5624]],[[-95.323242,49.319063],[-95.153531,49.255224]]]}},{"type":"Feature","properties":{"kind":"border","from_year":1901,"to_year":1904,"a":"new_brunswick","b":"nova_scotia"},"geometry":{"type":"MultiLineString","coordinates":[[[-63.901856,46.083138],[-64.116647,46.069044]],[[-64.116647,46.069044],[-64.255422,46.059924]],[[-64.410991,45.841874],[-64.255422,46.059924]],[[-64.410991,45.841874],[-64.513525,45.834827]],[[-64.570095,45.830681],[-64.762789,45.817001]],[[-64.808752,45.497389],[-64.715941,45.406604]],[[-64.715941,45.406604],[-64.76986,45.328255]],[[-64.909518,45.60517],[-64.887421,45.63709]]]}},{"type":"Feature","properties":{"kind":"border","from_year":1901,"to_year":1904,"a":"new_brunswick","b":"prince_edward_island"},"geometry":{"type":"MultiLineString","coordinates":[[[-63.850589,46.154025],[-63.901856,46.083138]],[[-64.104273,46.48566],[-63.941632,46.496023]],[[-63.941632,46.496023],[-63.933677,46.487733]],[[-63.916883,46.471151],[-63.869151,46.424722]],[[-63.838214,46.393631],[-63.834679,46.390315]],[[-63.783412,46.339326],[-63.744519,46.300359]],[[-63.744519,46.300359],[-63.745403,46.298701]]]}},{"type":"Feature","properties":{"kind":"border","from_year":1901,"to_year":1904,"a":"new_brunswick","b":"quebec"},"geometry":{"type":"MultiLineString","coordinates":[[[-68.467274,47.388121],[-68.326731,47.614876]],[[-68.553013,47.805566],[-68.383302,47.662963]],[[-68.383302,47.662963],[-68.326731,47.614876]],[[-68.467274,47.388121],[-68.778411,47.356201]],[[-68.778411,47.356201],[-68.83233,47.350812]],[[-68.924257,47.197845],[-68.837634,47.341692]],[[-68.837634,47.341692],[-68.83233,47.350812]],[[-67.814945,47.877282],[-67.445469,47.911689]],[[-67.445469,47.911689],[-67.223606,47.718926]],[[-68.553013,47.805566],[-68.469925,47.939463]],[[-68.469925,47.939463],[-68.411587,48.033565]],[[-68.411587,48.033565],[-68.040343,48.06963]],[[-68.040343,48.06963],[-67.959023,47.999987]],[[-67.959023,47.999987],[-67.814945,47.877282]],[[-66.704748,47.975943],[-66.855014,47.750846]],[[-66.855014,47.750846],[-67.223606,47.718926]],[[-66.579233,47.986721],[-66.633151,47.982161]],[[-66.633151,47.982161],[-66.704748,47.975943]],[[-66.117829,47.811784],[-65.911877,47.827951]],[[-65.781058,47.8379],[-65.749237,47.840387]],[[-66.330853,48.003303],[-66.117829,47.811784]],[[-65.318771,48.084139],[-65.536214,48.068386]],[[-65.749237,47.840387],[-65.747469,47.84246]],[[-65.222424,48.090772],[-65.170273,48.04227]]]}},{"type":"Feature","properties":{"kind":"border","from_year":1901,"to_year":1904,"a":"newfoundland","b":"northwest_territories"},"geometry":{"type":"MultiLineString","coordinates":[[[-63.085119,56.663113],[-62.835855,56.450866]],[[-63.126663,57.102943],[-62.91364,57.330942]],[[-62.873864,56.890697],[-63.126663,57.102943]],[[-62.377988,56.464546],[-62.835855,56.450866]],[[-63.085119,56.663113],[-62.873864,56.890697]],[[-63.641101,57.527435],[-63.169091,57.543602]],[[-63.169091,57.543602],[-62.91364,57.330942]],[[-61.657598,55.824077],[-62.106626,55.81247]],[[-62.106626,55.81247],[-62.346167,56.025545]],[[-62.346167,56.025545],[-62.134911,56.251471]],[[-61.657598,55.824077],[-61.42336,55.610173]],[[-61.42336,55.610173],[-61.634616,55.386319]],[[-62.377988,56.464546],[-62.134911,56.251471]],[[-64.981999,60.141131],[-64.964321,60.127865]],[[-64.949295,60.117087],[-64.692959,59.930128]],[[-64.692959,59.930128],[-64.911286,59.698399]],[[-64.547998,60.380737],[-64.728316,60.37369]],[[-64.436624,60.384882],[-64.508221,60.381981]],[[-63.903624,57.739267],[-63.641101,57.527435]],[[-64.068032,59.064147],[-64.56214,59.045078]],[[-64.56214,59.045078],[-64.843225,59.256081]],[[-64.843225,59.256081],[-64.626666,59.487396]],[[-64.068032,59.064147],[-64.023836,59.030155]],[[-64.014997,59.023522],[-63.878874,58.917814]],[[-63.87799,58.916984],[-63.794903,58.851901]],[[-63.794903,58.851901],[-64.012345,58.622244]],[[-64.911286,59.698399],[-64.626666,59.487396]],[[-63.691485,57.968509],[-63.957543,58.180341]],[[-63.957543,58.180341],[-63.741868,58.409998]],[[-63.903624,57.739267],[-63.691485,57.968509]],[[-64.012345,58.622244],[-63.741868,58.409998]],[[-56.607795,52.385855],[-56.415986,52.570326]],[[-56.411566,52.574472],[-56.387701,52.597272]],[[-57.011744,52.39],[-56.607795,52.385855]],[[-56.387701,52.597272],[-56.573323,52.814078]],[[-56.980807,52.818638],[-56.573323,52.814078]],[[-56.94987,53.248105],[-57.142563,53.465325]],[[-57.558887,53.468642],[-57.306087,53.466984]],[[-57.289293,53.466569],[-57.142563,53.465325]],[[-56.94987,53.248105],[-57.171733,53.03503]],[[-57.558887,53.468642],[-57.756,53.685448]],[[-60.714461,54.096675],[-60.286647,54.104137]],[[-60.286647,54.104137],[-60.071855,53.890232]],[[-60.70297,53.662234],[-60.921297,53.874894]],[[-60.921297,53.874894],[-60.714461,54.096675]],[[-60.071855,53.890232],[-59.647577,53.895621]],[[-60.70297,53.662234],[-60.908038,53.440867]],[[-60.692363,53.228621],[-60.908038,53.440867]],[[-60.725068,54.531945],[-60.292834,54.538993]],[[-60.292834,54.538993],[-60.075391,54.324674]],[[-60.075391,54.324674],[-59.645809,54.329648]],[[-59.645809,54.329648],[-59.433669,54.1145]],[[-59.433669,54.1145],[-59.508802,54.037395]],[[-59.5309,54.014595],[-59.647577,53.895621]],[[-58.174975,53.686277],[-58.392418,53.4703]],[[-58.392418,53.4703],[-58.81051,53.469056]],[[-58.174975,53.686277],[-57.756,53.685448]],[[-58.81051,53.469056],[-59.024417,53.251836]],[[-61.40303,55.172829],[-60.962841,55.181949]],[[-60.962841,55.181949],[-60.736559,54.968045]],[[-60.736559,54.968045],[-60.948698,54.745435]],[[-60.725068,54.531945],[-60.948698,54.745435]],[[-61.40303,55.172829],[-61.634616,55.386319]]]}},{"type":"Feature","properties":{"kind":"border","from_year":1901,"to_year":1904,"a":"newfoundland","b":"quebec"},"geometry":{"type":"MultiLineString","coordinates":[[[-57.227419,52.177754],[-57.011744,52.39]],[[-57.040913,51.962606],[-57.227419,52.177754]],[[-57.25482,51.75036],[-57.11693,51.590761]],[[-57.11693,51.590761],[-57.070082,51.536041]],[[-57.070082,51.536041],[-57.194714,51.410849]],[[-57.040913,51.962606],[-57.107207,51.897108]],[[-57.107207,51.897108],[-57.25482,51.75036]],[[-56.980807,52.818638],[-57.171733,53.03503]],[[-60.275156,53.236912],[-60.692363,53.228621]],[[-59.024417,53.251836],[-59.440741,53.248519]],[[-60.064784,53.023837],[-59.649344,53.030055]],[[-59.440741,53.248519],[-59.649344,53.030055]],[[-60.064784,53.023837],[-60.275156,53.236912]]]}},{"type":"Feature","properties":{"kind":"border","from_year":1901,"to_year":1904,"a":"northwest_territories","b":"quebec"},"geometry":{"type":"MultiLineString","coordinates":[[[-69.162914,53.189654],[-69.582773,53.150273]],[[-69.736575,52.913983],[-69.582773,53.150273]],[[-69.162914,53.189654],[-68.901276,52.992332]],[[-70.152898,52.872529],[-70.420724,53.066949]],[[-69.736575,52.913983],[-70.152898,52.872529]],[[-68.4823,53.02964],[-68.901276,52.992332]],[[-68.225081,52.831074],[-67.808757,52.865896]],[[-68.4823,53.02964],[-68.225081,52.831074]],[[-70.838816,53.023008],[-70.984662,52.78506]],[[-70.420724,53.066949],[-70.838816,53.023008]],[[-70.860914,52.354764],[-70.715952,52.591883]],[[-70.984662,52.78506],[-70.715952,52.591883]],[[-70.860914,52.354764],[-71.27105,52.309164]],[[-71.27105,52.309164],[-71.540644,52.500683]],[[-67.22449,53.132033],[-67.644349,53.099284]],[[-67.808757,52.865896],[-67.644349,53.099284]],[[-67.22449,53.132033],[-66.973458,52.930979]],[[-66.710936,53.829709],[-66.45902,53.626997]],[[-66.45902,53.626997],[-66.632267,53.395268]],[[-66.632267,53.395268],[-66.383888,53.192556]],[[-66.383888,53.192556],[-66.555367,52.961241]],[[-66.555367,52.961241],[-66.873576,52.938441]],[[-66.873576,52.938441],[-66.884183,52.937612]],[[-66.884183,52.937612],[-66.973458,52.930979]],[[-73.714189,52.006548],[-73.309356,52.060438]],[[-75.609301,51.958461],[-75.20712,52.018984]],[[-72.637581,52.592712],[-72.225677,52.642872]],[[-72.225677,52.642872],[-71.951664,52.452596]],[[-72.771052,52.352691],[-72.637581,52.592712]],[[-72.771052,52.352691],[-73.180305,52.300459]],[[-73.309356,52.060438],[-73.180305,52.300459]],[[-71.540644,52.500683],[-71.951664,52.452596]],[[-73.99439,52.192263],[-74.399223,52.135885]],[[-74.399223,52.135885],[-74.683843,52.319942]],[[-73.99439,52.192263],[-73.714189,52.006548]],[[-74.683843,52.319942],[-75.08956,52.261077]],[[-75.20712,52.018984],[-75.08956,52.261077]],[[-64.091014,53.545747],[-64.515293,53.524605]],[[-64.515293,53.524605],[-64.755717,53.730633]],[[-64.755717,53.730633],[-65.181764,53.707004]],[[-65.181764,53.707004],[-65.254245,53.767942]],[[-65.348824,53.847534],[-65.381529,53.87448]],[[-66.615473,54.498367],[-66.179703,54.526971]],[[-66.179703,54.526971],[-65.92602,54.322186]],[[-65.92602,54.322186],[-66.106338,54.090457]],[[-66.535921,54.062268],[-66.792256,54.265394]],[[-66.792256,54.265394],[-66.615473,54.498367]],[[-66.710936,53.829709],[-66.535921,54.062268]],[[-66.106338,54.090457],[-65.855307,53.886501]],[[-65.463733,53.91013],[-65.855307,53.886501]],[[-63.855893,53.33889],[-63.434265,53.357959]],[[-63.434265,53.357959],[-63.204448,53.149858]],[[-64.091014,53.545747],[-63.855893,53.33889]],[[-62.785472,53.166854],[-63.204448,53.149858]],[[-62.785472,53.166854],[-62.560074,52.957924]],[[-77.694455,52.301288],[-77.796105,52.056707]],[[-77.796105,52.056707],[-78.194751,51.987479]],[[-78.194751,51.987479],[-78.495282,52.162001]],[[-78.495282,52.162001],[-78.558039,52.150809]],[[-77.29139,52.368858],[-77.694455,52.301288]],[[-77.29139,52.368858],[-76.995279,52.191019]],[[-76.569232,52.242008],[-76.593098,52.256517]],[[-75.898341,52.139616],[-76.300522,52.07702]],[[-76.300522,52.07702],[-76.549786,52.229986]],[[-75.898341,52.139616],[-75.609301,51.958461]],[[-76.593098,52.256517],[-76.995279,52.191019]],[[-57.011744,52.39],[-57.200018,52.605977]],[[-57.200018,52.605977],[-56.980807,52.818638]],[[-57.171733,53.03503],[-57.582753,53.037931]],[[-57.582753,53.037931],[-57.778098,53.253908]],[[-58.192654,53.254737],[-57.778098,53.253908]],[[-58.408329,53.039175],[-58.192654,53.254737]],[[-58.821117,53.037517],[-58.408329,53.039175]],[[-58.821117,53.037517],[-59.024417,53.251836]],[[-61.311103,52.997306],[-61.5091,52.775525]],[[-61.5091,52.775525],[-61.922772,52.763089]],[[-61.922772,52.763089],[-62.143751,52.972433]],[[-61.311103,52.997306],[-60.89478,53.00767]],[[-62.560074,52.957924],[-62.143751,52.972433]],[[-60.692363,53.228621],[-60.89478,53.00767]]]}},{"type":"Feature","properties":{"kind":"border","from_year":1901,"to_year":1904,"a":"northwest_territories","b":"yukon"},"geometry":{"type":"MultiLineString","coordinates":[[[-136.122076,68.38391],[-136.454427,68.507029]],[[-135.905517,68.01165],[-136.313001,68.165031]],[[-136.313001,68.165031],[-136.122076,68.38391]],[[-136.095558,67.794015],[-135.905517,68.01165]],[[-136.684245,67.728102],[-136.864564,67.510053]],[[-136.095558,67.794015],[-136.684245,67.728102]],[[-134.36397,66.812376],[-133.830086,66.83642]],[[-133.830086,66.83642],[-133.497734,66.646973]],[[-133.497734,66.646973],[-133.699266,66.435556]],[[-133.699266,66.435556],[-133.373102,66.245696]],[[-133.373102,66.245696],[-133.571983,66.034693]],[[-135.302687,66.904819],[-134.736098,66.965757]],[[-134.736098,66.965757],[-134.36397,66.812376]],[[-133.25289,65.844418],[-132.734916,65.863072]],[[-132.734916,65.863072],[-132.42201,65.670724]],[[-132.42201,65.670724],[-132.626194,65.460965]],[[-132.318592,65.268202],[-132.520125,65.059273]],[[-132.626194,65.460965],[-132.318592,65.268202]],[[-133.571983,66.034693],[-133.25289,65.844418]],[[-136.252011,66.992288],[-136.643585,67.142353]],[[-136.643585,67.142353],[-136.46415,67.359159]],[[-135.683654,67.056957],[-136.252011,66.992288]],[[-135.683654,67.056957],[-135.302687,66.904819]],[[-136.864564,67.510053],[-136.46415,67.359159]],[[-124.019521,60.551114],[-124.234312,60.764604]],[[-124.688644,60.782844],[-124.234312,60.764604]],[[-124.019521,60.551114],[-124.257294,60.357522]],[[-124.045154,60.144447],[-124.257294,60.357522]],[[-124.688644,60.782844],[-124.907855,60.994676]],[[-125.363954,61.010014],[-125.593772,60.814349]],[[-125.593772,60.814349],[-126.044568,60.827615]],[[-125.363954,61.010014],[-124.907855,60.994676]],[[-126.944393,60.85],[-126.725182,61.047323]],[[-126.044568,60.827615],[-126.267315,60.631536]],[[-126.267315,60.631536],[-126.714575,60.643143]],[[-126.714575,60.643143],[-126.944393,60.85]],[[-126.725182,61.047323],[-126.958536,61.254594]],[[-130.560487,64.093387],[-130.844223,64.291124]],[[-131.337447,64.281175],[-130.844223,64.291124]],[[-130.560487,64.093387],[-130.76909,63.887359]],[[-130.490657,63.689622],[-130.76909,63.887359]],[[-130.005388,63.695425],[-130.490657,63.689622]],[[-131.337447,64.281175],[-131.627371,64.476839]],[[-132.21871,64.866095],[-132.520125,65.059273]],[[-132.418475,64.657995],[-132.122363,64.463988]],[[-132.122363,64.463988],[-131.627371,64.476839]],[[-132.21871,64.866095],[-132.418475,64.657995]],[[-128.386941,62.081194],[-128.850112,62.083266]],[[-128.850112,62.083266],[-129.103796,62.285563]],[[-129.103796,62.285563],[-128.89254,62.487031]],[[-128.138561,61.877653],[-128.386941,62.081194]],[[-127.677158,61.872678],[-128.138561,61.877653]],[[-128.89254,62.487031],[-129.150643,62.689329]],[[-129.62177,62.68767],[-129.150643,62.689329]],[[-127.434082,61.667065],[-127.677158,61.872678]],[[-127.652409,61.468084],[-127.412868,61.26247]],[[-127.412868,61.26247],[-126.958536,61.254594]],[[-127.434082,61.667065],[-127.652409,61.468084]],[[-129.676572,63.091436],[-129.944398,63.291245]],[[-129.944398,63.291245],[-129.732259,63.495615]],[[-129.676572,63.091436],[-129.885176,62.887895]],[[-129.62177,62.68767],[-129.885176,62.887895]],[[-129.732259,63.495615],[-130.005388,63.695425]]]}},{"type":"Feature","properties":{"kind":"border","from_year":1901,"to_year":1904,"a":"nova_scotia","b":"prince_edward_island"},"geometry":{"type":"MultiLineString","coordinates":[[[-63.901856,46.083138],[-63.885946,46.067386]],[[-63.16202,45.714609],[-62.81199,45.734507]],[[-63.251295,45.80498],[-63.242456,45.79586]],[[-63.207099,45.760209],[-63.197376,45.750675]],[[-63.186769,45.739067],[-63.16202,45.714609]],[[-62.81199,45.734507],[-62.789008,45.765598]]]}},{"type":"Feature","properties":{"kind":"border","from_year":1901,"to_year":1904,"a":"ontario","b":"quebec"},"geometry":{"type":"MultiLineString","coordinates":[[[-75.923888,45.360806],[-75.811843,45.410873]],[[-75.811843,45.410873],[-75.692616,45.370082]],[[-76.043834,45.401359],[-75.923888,45.360806]],[[-75.579853,45.419911],[-75.692616,45.370082]],[[-79.753976,48.754455],[-79.83618,48.513606]],[[-79.788448,49.648625],[-79.51797,49.489441]],[[-79.51797,49.432648],[-79.586032,49.237398]],[[-79.501176,49.479492],[-79.51797,49.432648]],[[-79.51797,49.489441],[-79.501176,49.479492]],[[-79.586032,49.237398],[-79.51797,49.196773]],[[-79.517087,48.801713],[-79.753976,48.754455]],[[-79.51797,49.196773],[-79.302295,49.068679]],[[-79.302295,49.068679],[-79.323509,49.009399]],[[-79.323509,49.009399],[-79.357982,48.912396]],[[-79.388035,48.827415],[-79.517087,48.801713]],[[-79.948437,51.211454],[-79.950205,51.206479]],[[-79.950205,51.206479],[-79.924571,51.192385]],[[-79.909544,51.184094],[-79.650558,51.036516]],[[-79.650558,51.036516],[-79.738065,50.791936]],[[-79.531229,50.377807],[-79.239537,50.20743]],[[-79.239537,50.20743],[-79.327929,49.964507]],[[-79.327929,49.964507],[-79.703592,49.891133]],[[-79.788448,49.648625],[-79.703592,49.891133]],[[-79.531229,50.377807],[-79.442838,50.621558]],[[-79.738065,50.791936],[-79.442838,50.621558]],[[-75.116077,45.436451],[-75.104586,45.462567]],[[-75.104586,45.462567],[-75.014427,45.667766]],[[-75.014427,45.667766],[-74.788145,45.70466]],[[-74.788145,45.70466],[-74.667049,45.724144]],[[-74.667049,45.724144],[-74.546836,45.637504]],[[-74.423972,45.548792],[-74.488498,45.406189]],[[-74.489382,45.406189],[-74.528274,45.31872]],[[-74.528274,45.31872],[-74.358563,45.195187]],[[-74.318786,45.166168],[-74.287849,45.143783]],[[-74.287849,45.143783],[-74.355911,44.995791]],[[-74.355911,44.995791],[-74.356795,44.992475]],[[-75.116077,45.436451],[-75.27253,45.410749]],[[-75.27253,45.410749],[-75.460804,45.378829]],[[-77.408067,46.1134],[-77.612251,46.248127]],[[-77.612251,46.248127],[-77.665286,46.282948]],[[-76.898048,45.77306],[-77.242775,45.710049]],[[-77.242775,45.710049],[-77.497342,45.879183]],[[-77.497342,45.879183],[-77.408067,46.1134]],[[-77.665286,46.282948],[-78.013548,46.217036]],[[-78.013548,46.217036],[-78.274303,46.385755]],[[-76.321736,45.660304],[-76.300522,45.664035]],[[-76.300522,45.664035],[-76.051258,45.492]],[[-76.646133,45.602683],[-76.645249,45.602683]],[[-76.898048,45.77306],[-76.646133,45.602683]],[[-79.60813,47.222303],[-79.688566,46.984355]],[[-79.688566,46.984355],[-79.418972,46.818124]],[[-79.445489,47.699443],[-79.17236,47.531967]],[[-79.17236,47.531967],[-79.225395,47.379415]],[[-79.225395,47.379415],[-79.255448,47.293605]],[[-79.255448,47.293605],[-79.60813,47.222303]],[[-79.068942,46.88901],[-79.418972,46.818124]],[[-78.885972,46.485245],[-78.621681,46.31777]],[[-78.885972,46.485245],[-78.802,46.721535]],[[-78.274303,46.385755],[-78.621681,46.31777]],[[-79.068942,46.88901],[-78.802,46.721535]],[[-79.639067,48.10611],[-79.555979,48.34613]],[[-79.362401,47.938634],[-79.627576,48.099477]],[[-79.83618,48.513606],[-79.555979,48.34613]]]}},{"type":"Feature","properties":{"kind":"label","from_year":1901,"to_year":1904,"jurisdiction":"british_columbia","name":"British Columbia","sovereign":"Canada","status":"province","h3":"8412aa7ffffffff"},"geometry":{"type":"Point","coordinates":[-125.27189,54.03228]}},{"type":"Feature","properties":{"kind":"label","from_year":1901,"to_year":1904,"jurisdiction":"district_of_keewatin","name":"District of Keewatin","sovereign":"Canada","status":"district","h3":"8427249ffffffff"},"geometry":{"type":"Point","coordinates":[-92.49746,54.98805]}},{"type":"Feature","properties":{"kind":"label","from_year":1901,"to_year":1904,"jurisdiction":"manitoba","name":"Manitoba","sovereign":"Canada","status":"province","h3":"8427153ffffffff"},"geometry":{"type":"Point","coordinates":[-98.32265,50.91362]}},{"type":"Feature","properties":{"kind":"label","from_year":1901,"to_year":1904,"jurisdiction":"new_brunswick","name":"New Brunswick","sovereign":"Canada","status":"province","h3":"842b025ffffffff"},"geometry":{"type":"Point","coordinates":[-66.28033,46.52931]}},{"type":"Feature","properties":{"kind":"label","from_year":1901,"to_year":1904,"jurisdiction":"newfoundland","name":"Newfoundland","sovereign":"Britain","status":"colony","h3":"841b987ffffffff"},"geometry":{"type":"Point","coordinates":[-56.51042,48.97737]}},{"type":"Feature","properties":{"kind":"label","from_year":1901,"to_year":1904,"jurisdiction":"northwest_territories","name":"North-West Territories","sovereign":"Canada","status":"territory","h3":"841271dffffffff"},"geometry":{"type":"Point","coordinates":[-108.83611,57.62023]}},{"type":"Feature","properties":{"kind":"label","from_year":1901,"to_year":1904,"jurisdiction":"nova_scotia","name":"Nova Scotia","sovereign":"Canada","status":"province","h3":"842b011ffffffff"},"geometry":{"type":"Point","coordinates":[-63.39259,45.25509]}},{"type":"Feature","properties":{"kind":"label","from_year":1901,"to_year":1904,"jurisdiction":"ontario","name":"Ontario","sovereign":"Canada","status":"province","h3":"8427651ffffffff"},"geometry":{"type":"Point","coordinates":[-82.69498,47.8927]}},{"type":"Feature","properties":{"kind":"label","from_year":1901,"to_year":1904,"jurisdiction":"prince_edward_island","name":"Prince Edward Island","sovereign":"Canada","status":"province","h3":"842b055ffffffff"},"geometry":{"type":"Point","coordinates":[-62.87475,46.27223]}},{"type":"Feature","properties":{"kind":"label","from_year":1901,"to_year":1904,"jurisdiction":"quebec","name":"Quebec","sovereign":"Canada","status":"province","h3":"842ba63ffffffff"},"geometry":{"type":"Point","coordinates":[-73.07816,49.03567]}},{"type":"Feature","properties":{"kind":"label","from_year":1901,"to_year":1904,"jurisdiction":"yukon","name":"Yukon Territory","sovereign":"Canada","status":"territory","h3":"8413a2dffffffff"},"geometry":{"type":"Point","coordinates":[-135.7168,62.92285]}},{"type":"Feature","properties":{"kind":"border","from_year":1905,"to_year":1911,"a":"alberta","b":"british_columbia"},"geometry":{"type":"MultiLineString","coordinates":[[[-119.809437,58.635095],[-120.000362,58.651262]],[[-120.000362,58.651262],[-120.242555,58.671575]],[[-120.242555,58.671575],[-120.422873,58.892526]],[[-120.422873,58.892526],[-120.167422,59.078656]],[[-119.634422,58.4129],[-119.809437,58.635095]],[[-120.167422,59.078656],[-120.349508,59.300022]],[[-120.349508,59.300022],[-120.090522,59.486567]],[[-119.888105,58.228843],[-119.713974,58.007062]],[[-119.713974,58.007062],[-119.964122,57.823419]],[[-119.634422,58.4129],[-119.888105,58.228843]],[[-119.792642,57.602468],[-119.964122,57.823419]],[[-120.011853,59.895721],[-120.27526,59.708348]],[[-120.090522,59.486567],[-120.27526,59.708348]],[[-120.086102,55.994869],[-120.251394,56.214162]],[[-120.251394,56.214162],[-120.015389,56.394903]],[[-120.086102,55.994869],[-120.319455,55.814957]],[[-120.155047,55.596078],[-120.319455,55.814957]],[[-120.182449,56.614611],[-120.000362,56.753068]],[[-120.015389,56.394903],[-120.182449,56.614611]],[[-120.000362,56.753068],[-119.942908,56.796181]],[[-120.384865,55.416995],[-120.222225,55.198946]],[[-120.155047,55.596078],[-120.384865,55.416995]],[[-119.674198,54.939441],[-119.833303,55.15832]],[[-120.222225,55.198946],[-119.833303,55.15832]],[[-119.674198,54.939441],[-119.903132,54.762431]],[[-119.746679,54.543967],[-119.903132,54.762431]],[[-120.039255,57.419654],[-120.000362,57.369494]],[[-120.000362,57.100456],[-120.111736,57.016303]],[[-120.000362,57.369494],[-119.868659,57.198702]],[[-119.868659,57.198702],[-120.000362,57.100456]],[[-119.942908,56.796181],[-120.000362,56.871213]],[[-120.000362,56.871213],[-120.111736,57.016303]],[[-119.792642,57.602468],[-120.000362,57.448258]],[[-120.000362,57.448258],[-120.039255,57.419654]],[[-116.917269,51.763625],[-116.5584,51.708905]],[[-116.5584,51.708905],[-116.430232,51.487954]],[[-116.430232,51.487954],[-116.073131,51.431576]],[[-116.073131,51.431576],[-115.948499,51.21021]],[[-116.917269,51.763625],[-117.048972,51.984162]],[[-117.409609,52.036809],[-117.048972,51.984162]],[[-115.472069,50.929979],[-115.594049,51.152174]],[[-115.948499,51.21021],[-115.594049,51.152174]],[[-115.472069,50.929979],[-115.702771,50.767478]],[[-115.232528,50.486832],[-115.581675,50.546526]],[[-115.581675,50.546526],[-115.702771,50.767478]],[[-117.907253,52.307506],[-118.045144,52.526799]],[[-117.543964,52.256517],[-117.907253,52.307506]],[[-117.409609,52.036809],[-117.543964,52.256517]],[[-118.4102,52.575716],[-118.045144,52.526799]],[[-114.316793,49.31782],[-114.428166,49.538771]],[[-114.543959,49.160708],[-114.463523,49.001109]],[[-114.768473,49.601782],[-114.499764,49.552451]],[[-114.499764,49.552451],[-114.428166,49.538771]],[[-114.316793,49.31782],[-114.543959,49.160708]],[[-115.114968,50.265466],[-114.768473,50.203699]],[[-114.768473,50.203699],[-114.653565,49.981918]],[[-114.653565,49.981918],[-114.719858,49.936318]],[[-114.719858,49.936318],[-114.883382,49.822733]],[[-114.768473,49.601782],[-114.883382,49.822733]],[[-115.114968,50.265466],[-115.232528,50.486832]],[[-120.105548,53.581812],[-119.952631,53.365421]],[[-119.952631,53.365421],[-119.582271,53.322308]],[[-119.582271,53.322308],[-119.432889,53.104673]],[[-119.885453,53.756749],[-120.105548,53.581812]],[[-120.039255,53.97397],[-120.000362,53.918836]],[[-120.000362,53.918836],[-119.885453,53.756749]],[[-119.064297,53.059488],[-118.840667,53.231938]],[[-118.840667,53.231938],[-118.470307,53.185094]],[[-118.470307,53.185094],[-118.327113,52.965801]],[[-118.327113,52.965801],[-118.552511,52.794594]],[[-118.4102,52.575716],[-118.552511,52.794594]],[[-119.432889,53.104673],[-119.064297,53.059488]],[[-120.000362,54.005061],[-120.039255,53.97397]],[[-119.972077,54.367372],[-119.816508,54.149736]],[[-119.816508,54.149736],[-120.000362,54.005061]],[[-119.746679,54.543967],[-119.972077,54.367372]]]}},{"type":"Feature","properties":{"kind":"border","from_year":1905,"to_year":1911,"a":"alberta","b":"northwest_territories"},"geometry":{"type":"MultiLineString","coordinates":[[[-119.561941,59.86007],[-120.000362,59.894892]],[[-120.000362,59.894892],[-120.011853,59.895721]],[[-119.291463,60.046615],[-119.561941,59.86007]],[[-119.291463,60.046615],[-118.838015,60.008892]],[[-118.56135,60.194607],[-118.838015,60.008892]],[[-117.931119,59.927641],[-117.477671,59.884943]],[[-117.931119,59.927641],[-117.985922,60.000186]],[[-117.985922,60.000186],[-118.104366,60.153982]],[[-117.191283,60.068171],[-117.477671,59.884943]],[[-117.191283,60.068171],[-116.734299,60.022571]],[[-118.56135,60.194607],[-118.104366,60.153982]],[[-114.604949,60.002673],[-114.295579,60.181342]],[[-114.295579,60.181342],[-113.83506,60.125793]],[[-113.83506,60.125793],[-113.756392,60.000186]],[[-113.756392,60.000186],[-113.689214,59.891576]],[[-113.689214,59.891576],[-113.23223,59.833125]],[[-115.365116,59.876238],[-115.063701,60.056149]],[[-115.063701,60.056149],[-114.604949,60.002673]],[[-112.914905,60.008892],[-113.23223,59.833125]],[[-112.252853,60.056979],[-112.205122,60.08268]],[[-112.205122,60.08268],[-112.130873,60.122476]],[[-112.130873,60.122476],[-111.66947,60.058637]],[[-112.45527,59.947954],[-112.384557,59.986092]],[[-112.914905,60.008892],[-112.45527,59.947954]],[[-115.821215,59.926812],[-115.365116,59.876238]],[[-111.338886,60.231501],[-111.66947,60.058637]],[[-115.982088,60.157298],[-116.440839,60.205385]],[[-115.821215,59.926812],[-115.982088,60.157298]],[[-116.440839,60.205385],[-116.734299,60.022571]],[[-110.750199,59.925983],[-110.875715,60.165174]],[[-110.291447,59.856754],[-110.750199,59.925983]],[[-111.338886,60.231501],[-110.875715,60.165174]]]}},{"type":"Feature","properties":{"kind":"border","from_year":1905,"to_year":1911,"a":"alberta","b":"saskatchewan"},"geometry":{"type":"MultiLineString","coordinates":[[[-110.044835,54.337525],[-110.147369,54.5734]],[[-110.147369,54.5734],[-109.856562,54.734657]],[[-110.044835,54.337525],[-110.331224,54.176682]],[[-110.22869,53.941221],[-110.331224,54.176682]],[[-109.843303,53.865774],[-110.22869,53.941221]],[[-109.959096,54.971361],[-109.664752,55.133033]],[[-109.856562,54.734657],[-109.959096,54.971361]],[[-109.999756,55.413679],[-110.168583,55.44477]],[[-110.168583,55.44477],[-110.274653,55.681889]],[[-110.274653,55.681889],[-110.032461,55.814542]],[[-109.767286,55.370152],[-109.999756,55.413679]],[[-109.664752,55.133033],[-109.767286,55.370152]],[[-110.019202,55.942636],[-110.082844,56.082752]],[[-110.082844,56.082752],[-109.778777,56.246496]],[[-109.818553,52.143761],[-109.914016,52.377149]],[[-109.914016,52.377149],[-109.639119,52.533847]],[[-109.994452,51.75492],[-110.089915,51.987479]],[[-109.639119,52.533847],[-109.693037,52.66733]],[[-109.693037,52.66733],[-109.734581,52.767649]],[[-110.108477,52.84434],[-109.734581,52.767649]],[[-109.945837,53.277952],[-110.027157,53.471544]],[[-110.027157,53.471544],[-109.745188,53.630314]],[[-109.928159,53.236912],[-109.945837,53.277952]],[[-109.928159,53.236912],[-110.207476,53.078142]],[[-110.108477,52.84434],[-110.207476,53.078142]],[[-109.745188,53.630314],[-109.843303,53.865774]],[[-110.238413,58.082923],[-109.805295,58.010378]],[[-109.805295,58.010378],[-109.693921,57.770772]],[[-109.693921,57.770772],[-110.012131,57.604955]],[[-109.900757,57.365763],[-110.012131,57.604955]],[[-109.900757,57.365763],[-110.213663,57.199946]],[[-110.238413,58.082923],[-110.354205,58.3217]],[[-110.354205,58.3217],[-110.031577,58.48959]],[[-110.300287,56.558233],[-110.410776,56.795766]],[[-110.410776,56.795766],[-110.103174,56.961584]],[[-109.885731,56.484859],[-110.300287,56.558233]],[[-109.778777,56.246496],[-109.885731,56.484859]],[[-110.103174,56.961584],[-110.213663,57.199946]],[[-109.879543,59.022693],[-109.819437,58.897086]],[[-109.819437,58.897086],[-110.147369,58.729196]],[[-110.031577,58.48959],[-110.147369,58.729196]],[[-110.170351,59.617148],[-109.716903,59.545847]],[[-109.716903,59.545847],[-109.700109,59.512269]],[[-110.262278,51.599051],[-110.166816,51.367322]],[[-109.994452,51.75492],[-110.262278,51.599051]],[[-110.170351,59.617148],[-110.291447,59.856754]],[[-110.201288,49.072825],[-110.173003,48.99945]],[[-110.220734,49.908958],[-110.312661,50.137786]],[[-110.312661,50.137786],[-110.055442,50.290753]],[[-109.87424,49.831439],[-110.220734,49.908958]],[[-109.784965,49.602196],[-109.87424,49.831439]],[[-110.055442,50.290753],[-110.148253,50.520824]],[[-110.148253,50.520824],[-109.887499,50.673791]],[[-110.039532,49.451303],[-109.950257,49.223304]],[[-109.950257,49.223304],[-110.201288,49.072825]],[[-110.005059,49.472444],[-110.039532,49.451303]],[[-109.784965,49.602196],[-110.005059,49.472444]],[[-109.715135,51.058902],[-109.807062,51.290631]],[[-110.166816,51.367322],[-109.807062,51.290631]],[[-109.715135,51.058902],[-109.979426,50.904691]],[[-109.887499,50.673791],[-109.979426,50.904691]]]}},{"type":"Feature","properties":{"kind":"border","from_year":1905,"to_year":1911,"a":"british_columbia","b":"northwest_territories"},"geometry":{"type":"MultiLineString","coordinates":[[[-120.011853,59.895721],[-120.198359,60.117916]],[[-120.911678,59.962048],[-120.650923,60.15108]],[[-120.650923,60.15108],[-120.198359,60.117916]],[[-121.61439,59.803693],[-121.360706,59.993139]],[[-121.360706,59.993139],[-120.911678,59.962048]],[[-122.059883,59.832296],[-121.61439,59.803693]],[[-123.599661,60.122891],[-124.045154,60.144447]],[[-122.257879,60.049931],[-122.706024,60.075633]],[[-123.392825,59.908572],[-122.9491,59.884529]],[[-122.706024,60.075633],[-122.9491,59.884529]],[[-123.392825,59.908572],[-123.599661,60.122891]]]}},{"type":"Feature","properties":{"kind":"border","from_year":1905,"to_year":1911,"a":"british_columbia","b":"yukon"},"geometry":{"type":"MultiLineString","coordinates":[[[-125.601727,60.004332],[-125.378097,60.198752]],[[-125.378097,60.198752],[-124.934372,60.182171]],[[-124.934372,60.182171],[-124.750518,60.000186]],[[-124.750518,60.000186],[-124.720465,59.970754]],[[-124.720465,59.970754],[-124.278508,59.95127]],[[-126.041033,60.018841],[-125.601727,60.004332]],[[-124.045154,60.144447],[-124.278508,59.95127]],[[-126.041033,60.018841],[-126.262895,60.227356]],[[-130.79826,60.083924],[-131.223422,60.081437]],[[-134.564619,60.013866],[-134.413469,60.214505]],[[-134.413469,60.214505],[-133.998029,60.226941]],[[-133.998029,60.226941],[-133.739043,60.038324]],[[-133.739043,60.038324],[-133.323603,60.048688]],[[-133.323603,60.048688],[-133.069036,59.858412]],[[-134.974755,59.999772],[-134.564619,60.013866]],[[-134.974755,59.999772],[-134.986246,60.008477]],[[-134.986246,60.008477],[-135.239045,60.185072]],[[-132.653596,59.866703],[-132.543107,60.000186]],[[-132.543107,60.000186],[-132.488304,60.065684]],[[-132.488304,60.065684],[-132.068445,60.072317]],[[-132.068445,60.072317],[-131.818297,59.878725]],[[-131.818297,59.878725],[-131.399321,59.88287]],[[-133.069036,59.858412],[-132.653596,59.866703]],[[-131.223422,60.081437],[-131.295019,60.000186]],[[-131.295019,60.000186],[-131.399321,59.88287]],[[-128.142097,60.000186],[-127.990948,59.866289]],[[-128.850112,59.878725],[-128.653884,60.076048]],[[-128.653884,60.076048],[-128.221649,60.069829]],[[-128.221649,60.069829],[-128.142097,60.000186]],[[-127.990948,59.866289],[-127.558714,59.857998]],[[-129.278811,59.88287],[-128.850112,59.878725]],[[-129.5157,60.083095],[-129.944398,60.084753]],[[-129.278811,59.88287],[-129.5157,60.083095]],[[-126.703085,60.239378],[-126.916108,60.043713]],[[-126.916108,60.043713],[-127.352762,60.054077]],[[-126.703085,60.239378],[-126.262895,60.227356]],[[-127.352762,60.054077],[-127.558714,59.857998]],[[-130.555183,59.887016],[-130.130904,59.887016]],[[-130.555183,59.887016],[-130.79826,60.083924]],[[-129.944398,60.084753],[-130.024835,60.000186]],[[-130.024835,60.000186],[-130.130904,59.887016]],[[-137.395796,59.890332],[-136.997151,59.911474]],[[-137.668926,60.068586],[-138.067571,60.045371]],[[-136.939696,60.000186],[-136.997151,59.911474]],[[-137.395796,59.890332],[-137.668926,60.068586]],[[-136.866331,60.112113],[-136.939696,60.000186]],[[-138.187783,59.844732],[-138.581125,59.820274]],[[-138.067571,60.045371],[-138.187783,59.844732]],[[-136.193673,59.950441],[-136.462383,60.132011]],[[-135.648298,60.168491],[-135.78884,59.967852]],[[-135.78884,59.967852],[-136.193673,59.950441]],[[-135.648298,60.168491],[-135.239045,60.185072]],[[-136.866331,60.112113],[-136.462383,60.132011]]]}},{"type":"Feature","properties":{"kind":"border","from_year":1905,"to_year":1911,"a":"manitoba","b":"northwest_territories"},"geometry":{"type":"MultiLineString","coordinates":[[[-101.108462,52.882478],[-101.432858,52.743191]],[[-100.853894,52.809103],[-100.810582,52.796667]],[[-101.108462,52.882478],[-101.028909,52.859678]],[[-100.990017,52.848485],[-100.944937,52.835634]],[[-100.944937,52.835634],[-100.933447,52.832318]],[[-95.379813,51.032371],[-95.370974,50.786547]],[[-95.370974,50.786547],[-95.029783,50.661355]],[[-95.029783,50.661355],[-95.022711,50.41553]],[[-95.396607,51.525677],[-95.048345,51.400485]],[[-95.048345,51.400485],[-95.042158,51.153417]],[[-95.042158,51.153417],[-95.379813,51.032371]],[[-95.423125,52.268124],[-95.068675,52.142932]],[[-95.068675,52.142932],[-95.061604,51.895035]],[[-95.061604,51.895035],[-95.405446,51.772745]],[[-95.396607,51.525677],[-95.405446,51.772745]],[[-95.423125,52.268124],[-95.431964,52.516436]],[[-95.431964,52.516436],[-95.081934,52.639555]],[[-95.089005,52.888281],[-95.450526,53.013888]],[[-95.081934,52.639555],[-95.089005,52.888281]],[[-95.450526,53.013888],[-95.803208,52.88911]],[[-95.803208,52.88911],[-96.166497,53.01223]],[[-98.888953,52.926834],[-99.006513,52.962899]],[[-97.225426,52.877503],[-96.879815,53.006011]],[[-96.879815,53.006011],[-96.514759,52.885379]],[[-97.451708,52.950877],[-97.225426,52.877503]],[[-96.166497,53.01223],[-96.514759,52.885379]],[[-100.236038,52.862165],[-100.284653,52.876259]],[[-99.710109,52.940099],[-99.764912,52.917714]],[[-99.710109,52.940099],[-99.341517,52.828587]],[[-100.449945,52.896987],[-100.669156,52.805373]],[[-99.006513,52.962899],[-99.341517,52.828587]]]}},{"type":"Feature","properties":{"kind":"border","from_year":1905,"to_year":1911,"a":"manitoba","b":"ontario"},"geometry":{"type":"MultiLineString","coordinates":[[[-95.022711,50.41553],[-95.355063,50.295727]],[[-95.346224,50.050732],[-95.355063,50.295727]],[[-95.011221,49.925955],[-95.346224,50.050732]],[[-95.005033,49.681374],[-95.011221,49.925955]],[[-95.330314,49.5624],[-95.323242,49.319063]],[[-95.213637,49.605513],[-95.330314,49.5624]],[[-95.323242,49.319063],[-95.153531,49.255224]]]}},{"type":"Feature","properties":{"kind":"border","from_year":1905,"to_year":1911,"a":"manitoba","b":"saskatchewan"},"geometry":{"type":"MultiLineString","coordinates":[[[-101.432858,52.743191],[-101.386011,52.499025]],[[-101.386011,52.499025],[-101.705988,52.360153]],[[-101.658256,52.116402],[-101.697149,52.317455]],[[-101.697149,52.317455],[-101.705988,52.360153]],[[-101.294967,52.011522],[-101.658256,52.116402]],[[-101.689193,50.526628],[-101.686542,50.511704]],[[-101.644114,50.286193],[-101.447001,50.226499]],[[-101.447001,50.226499],[-101.296735,50.180899]],[[-101.296735,50.180899],[-101.276405,50.063583]],[[-101.276405,50.063583],[-101.254307,49.940464]],[[-101.254307,49.940464],[-101.417832,49.867504]],[[-101.417832,49.867504],[-101.554838,49.806152]],[[-101.78112,51.008742],[-101.428439,50.904277]],[[-101.384243,50.662598],[-101.508875,50.607464]],[[-101.508875,50.607464],[-101.689193,50.526628]],[[-101.170336,49.461252],[-101.392198,49.53048]],[[-101.417832,49.537942],[-101.510643,49.566546]],[[-101.510643,49.566546],[-101.554838,49.806152]],[[-101.128792,49.22206],[-101.170336,49.461252]],[[-101.249888,51.768185],[-101.294967,52.011522]],[[-101.570749,51.365249],[-101.713943,51.301409]],[[-101.747532,51.286486],[-101.828852,51.250421]],[[-101.564561,51.630557],[-101.518598,51.388049]],[[-101.518598,51.388049],[-101.570749,51.365249]],[[-101.78112,51.008742],[-101.828852,51.250421]],[[-101.249888,51.768185],[-101.564561,51.630557]],[[-101.424903,49.088992],[-101.408109,48.99945]],[[-101.128792,49.22206],[-101.424903,49.088992]]]}},{"type":"Feature","properties":{"kind":"border","from_year":1905,"to_year":1911,"a":"new_brunswick","b":"nova_scotia"},"geometry":{"type":"MultiLineString","coordinates":[[[-63.901856,46.083138],[-64.116647,46.069044]],[[-64.116647,46.069044],[-64.255422,46.059924]],[[-64.410991,45.841874],[-64.255422,46.059924]],[[-64.410991,45.841874],[-64.513525,45.834827]],[[-64.570095,45.830681],[-64.762789,45.817001]],[[-64.808752,45.497389],[-64.715941,45.406604]],[[-64.715941,45.406604],[-64.76986,45.328255]],[[-64.909518,45.60517],[-64.887421,45.63709]]]}},{"type":"Feature","properties":{"kind":"border","from_year":1905,"to_year":1911,"a":"new_brunswick","b":"prince_edward_island"},"geometry":{"type":"MultiLineString","coordinates":[[[-63.850589,46.154025],[-63.901856,46.083138]],[[-64.104273,46.48566],[-63.941632,46.496023]],[[-63.941632,46.496023],[-63.933677,46.487733]],[[-63.916883,46.471151],[-63.869151,46.424722]],[[-63.838214,46.393631],[-63.834679,46.390315]],[[-63.783412,46.339326],[-63.744519,46.300359]],[[-63.744519,46.300359],[-63.745403,46.298701]]]}},{"type":"Feature","properties":{"kind":"border","from_year":1905,"to_year":1911,"a":"new_brunswick","b":"quebec"},"geometry":{"type":"MultiLineString","coordinates":[[[-68.467274,47.388121],[-68.326731,47.614876]],[[-68.553013,47.805566],[-68.383302,47.662963]],[[-68.383302,47.662963],[-68.326731,47.614876]],[[-68.467274,47.388121],[-68.778411,47.356201]],[[-68.778411,47.356201],[-68.83233,47.350812]],[[-68.924257,47.197845],[-68.837634,47.341692]],[[-68.837634,47.341692],[-68.83233,47.350812]],[[-67.814945,47.877282],[-67.445469,47.911689]],[[-67.445469,47.911689],[-67.223606,47.718926]],[[-68.553013,47.805566],[-68.469925,47.939463]],[[-68.469925,47.939463],[-68.411587,48.033565]],[[-68.411587,48.033565],[-68.040343,48.06963]],[[-68.040343,48.06963],[-67.959023,47.999987]],[[-67.959023,47.999987],[-67.814945,47.877282]],[[-66.704748,47.975943],[-66.855014,47.750846]],[[-66.855014,47.750846],[-67.223606,47.718926]],[[-66.579233,47.986721],[-66.633151,47.982161]],[[-66.633151,47.982161],[-66.704748,47.975943]],[[-66.117829,47.811784],[-65.911877,47.827951]],[[-65.781058,47.8379],[-65.749237,47.840387]],[[-66.330853,48.003303],[-66.117829,47.811784]],[[-65.318771,48.084139],[-65.536214,48.068386]],[[-65.749237,47.840387],[-65.747469,47.84246]],[[-65.222424,48.090772],[-65.170273,48.04227]]]}},{"type":"Feature","properties":{"kind":"border","from_year":1905,"to_year":1911,"a":"newfoundland","b":"northwest_territories"},"geometry":{"type":"MultiLineString","coordinates":[[[-63.085119,56.663113],[-62.835855,56.450866]],[[-63.126663,57.102943],[-62.91364,57.330942]],[[-62.873864,56.890697],[-63.126663,57.102943]],[[-62.377988,56.464546],[-62.835855,56.450866]],[[-63.085119,56.663113],[-62.873864,56.890697]],[[-63.641101,57.527435],[-63.169091,57.543602]],[[-63.169091,57.543602],[-62.91364,57.330942]],[[-61.657598,55.824077],[-62.106626,55.81247]],[[-62.106626,55.81247],[-62.346167,56.025545]],[[-62.346167,56.025545],[-62.134911,56.251471]],[[-61.657598,55.824077],[-61.42336,55.610173]],[[-61.42336,55.610173],[-61.634616,55.386319]],[[-62.377988,56.464546],[-62.134911,56.251471]],[[-64.981999,60.141131],[-64.964321,60.127865]],[[-64.949295,60.117087],[-64.692959,59.930128]],[[-64.692959,59.930128],[-64.911286,59.698399]],[[-64.547998,60.380737],[-64.728316,60.37369]],[[-64.436624,60.384882],[-64.508221,60.381981]],[[-63.903624,57.739267],[-63.641101,57.527435]],[[-64.068032,59.064147],[-64.56214,59.045078]],[[-64.56214,59.045078],[-64.843225,59.256081]],[[-64.843225,59.256081],[-64.626666,59.487396]],[[-64.068032,59.064147],[-64.023836,59.030155]],[[-64.014997,59.023522],[-63.878874,58.917814]],[[-63.87799,58.916984],[-63.794903,58.851901]],[[-63.794903,58.851901],[-64.012345,58.622244]],[[-64.911286,59.698399],[-64.626666,59.487396]],[[-63.691485,57.968509],[-63.957543,58.180341]],[[-63.957543,58.180341],[-63.741868,58.409998]],[[-63.903624,57.739267],[-63.691485,57.968509]],[[-64.012345,58.622244],[-63.741868,58.409998]],[[-56.607795,52.385855],[-56.415986,52.570326]],[[-56.411566,52.574472],[-56.387701,52.597272]],[[-57.011744,52.39],[-56.607795,52.385855]],[[-56.387701,52.597272],[-56.573323,52.814078]],[[-56.980807,52.818638],[-56.573323,52.814078]],[[-56.94987,53.248105],[-57.142563,53.465325]],[[-57.558887,53.468642],[-57.306087,53.466984]],[[-57.289293,53.466569],[-57.142563,53.465325]],[[-56.94987,53.248105],[-57.171733,53.03503]],[[-57.558887,53.468642],[-57.756,53.685448]],[[-60.714461,54.096675],[-60.286647,54.104137]],[[-60.286647,54.104137],[-60.071855,53.890232]],[[-60.70297,53.662234],[-60.921297,53.874894]],[[-60.921297,53.874894],[-60.714461,54.096675]],[[-60.071855,53.890232],[-59.647577,53.895621]],[[-60.70297,53.662234],[-60.908038,53.440867]],[[-60.692363,53.228621],[-60.908038,53.440867]],[[-60.725068,54.531945],[-60.292834,54.538993]],[[-60.292834,54.538993],[-60.075391,54.324674]],[[-60.075391,54.324674],[-59.645809,54.329648]],[[-59.645809,54.329648],[-59.433669,54.1145]],[[-59.433669,54.1145],[-59.508802,54.037395]],[[-59.5309,54.014595],[-59.647577,53.895621]],[[-58.174975,53.686277],[-58.392418,53.4703]],[[-58.392418,53.4703],[-58.81051,53.469056]],[[-58.174975,53.686277],[-57.756,53.685448]],[[-58.81051,53.469056],[-59.024417,53.251836]],[[-61.40303,55.172829],[-60.962841,55.181949]],[[-60.962841,55.181949],[-60.736559,54.968045]],[[-60.736559,54.968045],[-60.948698,54.745435]],[[-60.725068,54.531945],[-60.948698,54.745435]],[[-61.40303,55.172829],[-61.634616,55.386319]]]}},{"type":"Feature","properties":{"kind":"border","from_year":1905,"to_year":1911,"a":"newfoundland","b":"quebec"},"geometry":{"type":"MultiLineString","coordinates":[[[-57.227419,52.177754],[-57.011744,52.39]],[[-57.040913,51.962606],[-57.227419,52.177754]],[[-57.25482,51.75036],[-57.11693,51.590761]],[[-57.11693,51.590761],[-57.070082,51.536041]],[[-57.070082,51.536041],[-57.194714,51.410849]],[[-57.040913,51.962606],[-57.107207,51.897108]],[[-57.107207,51.897108],[-57.25482,51.75036]],[[-56.980807,52.818638],[-57.171733,53.03503]],[[-60.275156,53.236912],[-60.692363,53.228621]],[[-59.024417,53.251836],[-59.440741,53.248519]],[[-60.064784,53.023837],[-59.649344,53.030055]],[[-59.440741,53.248519],[-59.649344,53.030055]],[[-60.064784,53.023837],[-60.275156,53.236912]]]}},{"type":"Feature","properties":{"kind":"border","from_year":1905,"to_year":1911,"a":"northwest_territories","b":"ontario"},"geometry":{"type":"MultiLineString","coordinates":[[[-82.187392,52.130496],[-81.795818,52.213405]],[[-82.26164,51.883014],[-82.187392,52.130496]],[[-82.26164,51.883014],[-82.648795,51.799276]],[[-82.648795,51.799276],[-82.965236,51.961777]],[[-81.795818,52.213405],[-81.718033,52.460887]],[[-81.718033,52.460887],[-81.619035,52.481614]],[[-83.351507,51.875552],[-83.4178,51.627655]],[[-83.4178,51.627655],[-83.799651,51.540186]],[[-83.862409,51.292704],[-83.799651,51.540186]],[[-83.862409,51.292704],[-84.240725,51.204406]],[[-84.240725,51.204406],[-84.55805,51.361933]],[[-82.965236,51.961777],[-83.351507,51.875552]],[[-86.229532,51.889646],[-86.605195,51.793058]],[[-88.053047,51.645066],[-88.420755,51.543503]],[[-88.420755,51.543503],[-88.753991,51.689007]],[[-88.753991,51.689007],[-89.120816,51.585372]],[[-85.9016,51.736265],[-85.524168,51.830781]],[[-85.524168,51.830781],[-85.199772,51.675327]],[[-85.199772,51.675327],[-85.254574,51.427016]],[[-85.254574,51.427016],[-84.933713,51.271148]],[[-86.651159,51.544746],[-86.605195,51.793058]],[[-86.229532,51.889646],[-85.9016,51.736265]],[[-84.55805,51.361933],[-84.933713,51.271148]],[[-87.760471,51.249177],[-87.721579,51.497488]],[[-87.023287,51.446914],[-87.066599,51.199017]],[[-87.066599,51.199017],[-87.433423,51.100356]],[[-87.433423,51.100356],[-87.760471,51.249177]],[[-88.053047,51.645066],[-87.721579,51.497488]],[[-86.651159,51.544746],[-87.023287,51.446914]],[[-94.685056,50.289509],[-94.350937,50.407654]],[[-94.350937,50.407654],[-94.014165,50.27956]],[[-95.022711,50.41553],[-94.685056,50.289509]],[[-93.674742,50.642286],[-93.677394,50.396047]],[[-93.677394,50.396047],[-94.014165,50.27956]],[[-93.333551,50.758358],[-93.674742,50.642286]],[[-91.288173,50.694103],[-91.271379,50.941171]],[[-91.271379,50.941171],[-90.918697,51.051025]],[[-90.918697,51.051025],[-90.584578,50.911739]],[[-91.288173,50.694103],[-91.636436,50.583835]],[[-91.650578,50.337182],[-91.636436,50.583835]],[[-90.206262,51.267417],[-90.229244,51.01952]],[[-90.229244,51.01952],[-90.584578,50.911739]],[[-92.782873,50.29324],[-92.806738,50.303189]],[[-92.866844,50.326818],[-92.902201,50.340913]],[[-92.943745,50.357494],[-93.002083,50.380294]],[[-93.002083,50.380294],[-93.002083,50.410556]],[[-92.99678,50.609122],[-92.99678,50.626533]],[[-92.326773,50.360811],[-92.372736,50.345473]],[[-92.999432,50.505072],[-92.998548,50.531188]],[[-92.651169,50.253858],[-92.668848,50.248055]],[[-92.668848,50.248055],[-92.684758,50.254273]],[[-92.72365,50.270026],[-92.745748,50.278731]],[[-92.326773,50.360811],[-92.326773,50.360396]],[[-92.318818,50.35708],[-92.25606,50.332207]],[[-92.00326,50.229815],[-91.995305,50.226084]],[[-92.197721,50.308578],[-92.060715,50.253029]],[[-93.333551,50.758358],[-93.017994,50.635238]],[[-92.997664,50.627362],[-92.99678,50.626533]],[[-91.650578,50.337182],[-91.823826,50.281633]],[[-91.989118,50.228157],[-91.995305,50.226084]],[[-91.868021,50.267124],[-91.963484,50.236448]],[[-89.846509,51.374369],[-90.206262,51.267417]],[[-89.51239,51.231766],[-89.150869,51.336646]],[[-89.846509,51.374369],[-89.51239,51.231766]],[[-89.150869,51.336646],[-89.120816,51.585372]]]}},{"type":"Feature","properties":{"kind":"border","from_year":1905,"to_year":1911,"a":"northwest_territories","b":"quebec"},"geometry":{"type":"MultiLineString","coordinates":[[[-69.162914,53.189654],[-69.582773,53.150273]],[[-69.736575,52.913983],[-69.582773,53.150273]],[[-69.162914,53.189654],[-68.901276,52.992332]],[[-70.152898,52.872529],[-70.420724,53.066949]],[[-69.736575,52.913983],[-70.152898,52.872529]],[[-68.4823,53.02964],[-68.901276,52.992332]],[[-68.225081,52.831074],[-67.808757,52.865896]],[[-68.4823,53.02964],[-68.225081,52.831074]],[[-70.838816,53.023008],[-70.984662,52.78506]],[[-70.420724,53.066949],[-70.838816,53.023008]],[[-70.860914,52.354764],[-70.715952,52.591883]],[[-70.984662,52.78506],[-70.715952,52.591883]],[[-70.860914,52.354764],[-71.27105,52.309164]],[[-71.27105,52.309164],[-71.540644,52.500683]],[[-67.22449,53.132033],[-67.644349,53.099284]],[[-67.808757,52.865896],[-67.644349,53.099284]],[[-67.22449,53.132033],[-66.973458,52.930979]],[[-66.710936,53.829709],[-66.45902,53.626997]],[[-66.45902,53.626997],[-66.632267,53.395268]],[[-66.632267,53.395268],[-66.383888,53.192556]],[[-66.383888,53.192556],[-66.555367,52.961241]],[[-66.555367,52.961241],[-66.873576,52.938441]],[[-66.873576,52.938441],[-66.884183,52.937612]],[[-66.884183,52.937612],[-66.973458,52.930979]],[[-73.714189,52.006548],[-73.309356,52.060438]],[[-75.609301,51.958461],[-75.20712,52.018984]],[[-72.637581,52.592712],[-72.225677,52.642872]],[[-72.225677,52.642872],[-71.951664,52.452596]],[[-72.771052,52.352691],[-72.637581,52.592712]],[[-72.771052,52.352691],[-73.180305,52.300459]],[[-73.309356,52.060438],[-73.180305,52.300459]],[[-71.540644,52.500683],[-71.951664,52.452596]],[[-73.99439,52.192263],[-74.399223,52.135885]],[[-74.399223,52.135885],[-74.683843,52.319942]],[[-73.99439,52.192263],[-73.714189,52.006548]],[[-74.683843,52.319942],[-75.08956,52.261077]],[[-75.20712,52.018984],[-75.08956,52.261077]],[[-64.091014,53.545747],[-64.515293,53.524605]],[[-64.515293,53.524605],[-64.755717,53.730633]],[[-64.755717,53.730633],[-65.181764,53.707004]],[[-65.181764,53.707004],[-65.254245,53.767942]],[[-65.348824,53.847534],[-65.381529,53.87448]],[[-66.615473,54.498367],[-66.179703,54.526971]],[[-66.179703,54.526971],[-65.92602,54.322186]],[[-65.92602,54.322186],[-66.106338,54.090457]],[[-66.535921,54.062268],[-66.792256,54.265394]],[[-66.792256,54.265394],[-66.615473,54.498367]],[[-66.710936,53.829709],[-66.535921,54.062268]],[[-66.106338,54.090457],[-65.855307,53.886501]],[[-65.463733,53.91013],[-65.855307,53.886501]],[[-63.855893,53.33889],[-63.434265,53.357959]],[[-63.434265,53.357959],[-63.204448,53.149858]],[[-64.091014,53.545747],[-63.855893,53.33889]],[[-62.785472,53.166854],[-63.204448,53.149858]],[[-62.785472,53.166854],[-62.560074,52.957924]],[[-77.694455,52.301288],[-77.796105,52.056707]],[[-77.796105,52.056707],[-78.194751,51.987479]],[[-78.194751,51.987479],[-78.495282,52.162001]],[[-78.495282,52.162001],[-78.558039,52.150809]],[[-77.29139,52.368858],[-77.694455,52.301288]],[[-77.29139,52.368858],[-76.995279,52.191019]],[[-76.569232,52.242008],[-76.593098,52.256517]],[[-75.898341,52.139616],[-76.300522,52.07702]],[[-76.300522,52.07702],[-76.549786,52.229986]],[[-75.898341,52.139616],[-75.609301,51.958461]],[[-76.593098,52.256517],[-76.995279,52.191019]],[[-57.011744,52.39],[-57.200018,52.605977]],[[-57.200018,52.605977],[-56.980807,52.818638]],[[-57.171733,53.03503],[-57.582753,53.037931]],[[-57.582753,53.037931],[-57.778098,53.253908]],[[-58.192654,53.254737],[-57.778098,53.253908]],[[-58.408329,53.039175],[-58.192654,53.254737]],[[-58.821117,53.037517],[-58.408329,53.039175]],[[-58.821117,53.037517],[-59.024417,53.251836]],[[-61.311103,52.997306],[-61.5091,52.775525]],[[-61.5091,52.775525],[-61.922772,52.763089]],[[-61.922772,52.763089],[-62.143751,52.972433]],[[-61.311103,52.997306],[-60.89478,53.00767]],[[-62.560074,52.957924],[-62.143751,52.972433]],[[-60.692363,53.228621],[-60.89478,53.00767]]]}},{"type":"Feature","properties":{"kind":"border","from_year":1905,"to_year":1911,"a":"northwest_territories","b":"saskatchewan"},"geometry":{"type":"MultiLineString","coordinates":[[[-102.13557,58.061782],[-102.194792,58.075462]],[[-102.194792,58.075462],[-102.254898,58.324602]],[[-102.254898,58.324602],[-101.881003,58.473423]],[[-101.766094,57.974313],[-101.804986,57.983847]],[[-101.845646,57.993382],[-101.995028,58.028618]],[[-101.748416,57.893892],[-101.759906,57.946953]],[[-101.76521,57.969753],[-101.766094,57.974313]],[[-101.881003,58.473423],[-101.939341,58.722978]],[[-102.058669,59.222088],[-102.11966,59.472058]],[[-102.11966,59.472058],[-101.732505,59.621294]],[[-101.732505,59.621294],[-101.791727,59.871678]],[[-101.802334,52.847656],[-101.6229,52.797496]],[[-101.802334,52.847656],[-101.851834,53.092236]],[[-101.851834,53.092236],[-101.527437,53.232767]],[[-102.162971,54.563865],[-102.109053,54.317626]],[[-101.9526,53.581812],[-102.004751,53.826807]],[[-102.004751,53.826807],[-101.674167,53.968996]],[[-101.575168,53.477762],[-101.9526,53.581812]],[[-101.527437,53.232767],[-101.575168,53.477762]],[[-101.674167,53.968996],[-101.723666,54.21482]],[[-102.109053,54.317626],[-101.723666,54.21482]],[[-102.069276,57.308971],[-102.095794,57.298193]],[[-102.09933,57.296535],[-102.117892,57.289073]],[[-102.059553,57.502148],[-102.019777,57.329284]],[[-102.019777,57.329284],[-102.027732,57.325967]],[[-104.837696,60.039982],[-104.460265,60.197509]],[[-104.460265,60.197509],[-104.000629,60.10548]],[[-104.000629,60.10548],[-103.967924,60.000186]],[[-103.967924,60.000186],[-103.924613,59.857583]],[[-103.924613,59.857583],[-103.470281,59.763896]],[[-105.668576,59.96951],[-105.297332,60.128695]],[[-105.297332,60.128695],[-104.837696,60.039982]],[[-102.439637,59.072024],[-102.377763,58.822883]],[[-102.377763,58.822883],[-101.939341,58.722978]],[[-102.058669,59.222088],[-102.439637,59.072024]],[[-101.690961,55.83983],[-101.743996,56.087726]],[[-102.149713,56.189704],[-101.743996,56.087726]],[[-101.587543,55.34445],[-101.984421,55.447672]],[[-101.984421,55.447672],[-102.039223,55.694739]],[[-102.149713,56.189704],[-102.206283,56.437601]],[[-102.206283,56.437601],[-101.851834,56.583935]],[[-101.8262,54.707297],[-101.878351,54.95395]],[[-101.878351,54.95395],[-101.53716,55.097382]],[[-101.8262,54.707297],[-102.162971,54.563865]],[[-101.53716,55.097382],[-101.587543,55.34445]],[[-101.90752,56.832246],[-102.138222,56.888624]],[[-102.228381,56.910595],[-102.269041,56.920544]],[[-102.149713,56.891526],[-102.166507,56.895671]],[[-102.182417,56.899402],[-102.208051,56.90562]],[[-101.851834,56.583935],[-101.90752,56.832246]],[[-102.245175,59.971583],[-102.634098,59.820274]],[[-102.634098,59.820274],[-103.087546,59.917277]],[[-102.245175,59.971583],[-101.791727,59.871678]],[[-103.087546,59.917277],[-103.470281,59.763896]],[[-107.87129,60.1374],[-108.334461,60.21492]],[[-108.334461,60.21492],[-108.686259,60.048273]],[[-108.686259,60.048273],[-109.147662,60.122891]],[[-106.127327,60.05532],[-106.492384,59.894478]],[[-106.492384,59.894478],[-106.951135,59.976972]],[[-106.127327,60.05532],[-105.829448,60.000186]],[[-105.829448,60.000186],[-105.668576,59.96951]],[[-107.309121,59.814056],[-107.766988,59.894063]],[[-107.766988,59.894063],[-107.812068,60.000186]],[[-107.812068,60.000186],[-107.87129,60.1374]],[[-106.951135,59.976972],[-107.309121,59.814056]],[[-109.952908,60.026717],[-110.005943,60.000186]],[[-110.005943,60.000186],[-110.291447,59.856754]],[[-109.594923,59.971168],[-109.492389,59.955001]]]}},{"type":"Feature","properties":{"kind":"border","from_year":1905,"to_year":1911,"a":"northwest_territories","b":"yukon"},"geometry":{"type":"MultiLineString","coordinates":[[[-136.122076,68.38391],[-136.454427,68.507029]],[[-135.905517,68.01165],[-136.313001,68.165031]],[[-136.313001,68.165031],[-136.122076,68.38391]],[[-136.095558,67.794015],[-135.905517,68.01165]],[[-136.684245,67.728102],[-136.864564,67.510053]],[[-136.095558,67.794015],[-136.684245,67.728102]],[[-134.36397,66.812376],[-133.830086,66.83642]],[[-133.830086,66.83642],[-133.497734,66.646973]],[[-133.497734,66.646973],[-133.699266,66.435556]],[[-133.699266,66.435556],[-133.373102,66.245696]],[[-133.373102,66.245696],[-133.571983,66.034693]],[[-135.302687,66.904819],[-134.736098,66.965757]],[[-134.736098,66.965757],[-134.36397,66.812376]],[[-133.25289,65.844418],[-132.734916,65.863072]],[[-132.734916,65.863072],[-132.42201,65.670724]],[[-132.42201,65.670724],[-132.626194,65.460965]],[[-132.318592,65.268202],[-132.520125,65.059273]],[[-132.626194,65.460965],[-132.318592,65.268202]],[[-133.571983,66.034693],[-133.25289,65.844418]],[[-136.252011,66.992288],[-136.643585,67.142353]],[[-136.643585,67.142353],[-136.46415,67.359159]],[[-135.683654,67.056957],[-136.252011,66.992288]],[[-135.683654,67.056957],[-135.302687,66.904819]],[[-136.864564,67.510053],[-136.46415,67.359159]],[[-124.019521,60.551114],[-124.234312,60.764604]],[[-124.688644,60.782844],[-124.234312,60.764604]],[[-124.019521,60.551114],[-124.257294,60.357522]],[[-124.045154,60.144447],[-124.257294,60.357522]],[[-124.688644,60.782844],[-124.907855,60.994676]],[[-125.363954,61.010014],[-125.593772,60.814349]],[[-125.593772,60.814349],[-126.044568,60.827615]],[[-125.363954,61.010014],[-124.907855,60.994676]],[[-126.944393,60.85],[-126.725182,61.047323]],[[-126.044568,60.827615],[-126.267315,60.631536]],[[-126.267315,60.631536],[-126.714575,60.643143]],[[-126.714575,60.643143],[-126.944393,60.85]],[[-126.725182,61.047323],[-126.958536,61.254594]],[[-130.560487,64.093387],[-130.844223,64.291124]],[[-131.337447,64.281175],[-130.844223,64.291124]],[[-130.560487,64.093387],[-130.76909,63.887359]],[[-130.490657,63.689622],[-130.76909,63.887359]],[[-130.005388,63.695425],[-130.490657,63.689622]],[[-131.337447,64.281175],[-131.627371,64.476839]],[[-132.21871,64.866095],[-132.520125,65.059273]],[[-132.418475,64.657995],[-132.122363,64.463988]],[[-132.122363,64.463988],[-131.627371,64.476839]],[[-132.21871,64.866095],[-132.418475,64.657995]],[[-128.386941,62.081194],[-128.850112,62.083266]],[[-128.850112,62.083266],[-129.103796,62.285563]],[[-129.103796,62.285563],[-128.89254,62.487031]],[[-128.138561,61.877653],[-128.386941,62.081194]],[[-127.677158,61.872678],[-128.138561,61.877653]],[[-128.89254,62.487031],[-129.150643,62.689329]],[[-129.62177,62.68767],[-129.150643,62.689329]],[[-127.434082,61.667065],[-127.677158,61.872678]],[[-127.652409,61.468084],[-127.412868,61.26247]],[[-127.412868,61.26247],[-126.958536,61.254594]],[[-127.434082,61.667065],[-127.652409,61.468084]],[[-129.676572,63.091436],[-129.944398,63.291245]],[[-129.944398,63.291245],[-129.732259,63.495615]],[[-129.676572,63.091436],[-129.885176,62.887895]],[[-129.62177,62.68767],[-129.885176,62.887895]],[[-129.732259,63.495615],[-130.005388,63.695425]]]}},{"type":"Feature","properties":{"kind":"border","from_year":1905,"to_year":1911,"a":"nova_scotia","b":"prince_edward_island"},"geometry":{"type":"MultiLineString","coordinates":[[[-63.901856,46.083138],[-63.885946,46.067386]],[[-63.16202,45.714609],[-62.81199,45.734507]],[[-63.251295,45.80498],[-63.242456,45.79586]],[[-63.207099,45.760209],[-63.197376,45.750675]],[[-63.186769,45.739067],[-63.16202,45.714609]],[[-62.81199,45.734507],[-62.789008,45.765598]]]}},{"type":"Feature","properties":{"kind":"border","from_year":1905,"to_year":1911,"a":"ontario","b":"quebec"},"geometry":{"type":"MultiLineString","coordinates":[[[-75.923888,45.360806],[-75.811843,45.410873]],[[-75.811843,45.410873],[-75.692616,45.370082]],[[-76.043834,45.401359],[-75.923888,45.360806]],[[-75.579853,45.419911],[-75.692616,45.370082]],[[-79.753976,48.754455],[-79.83618,48.513606]],[[-79.788448,49.648625],[-79.51797,49.489441]],[[-79.51797,49.432648],[-79.586032,49.237398]],[[-79.501176,49.479492],[-79.51797,49.432648]],[[-79.51797,49.489441],[-79.501176,49.479492]],[[-79.586032,49.237398],[-79.51797,49.196773]],[[-79.517087,48.801713],[-79.753976,48.754455]],[[-79.51797,49.196773],[-79.302295,49.068679]],[[-79.302295,49.068679],[-79.323509,49.009399]],[[-79.323509,49.009399],[-79.357982,48.912396]],[[-79.388035,48.827415],[-79.517087,48.801713]],[[-79.948437,51.211454],[-79.950205,51.206479]],[[-79.950205,51.206479],[-79.924571,51.192385]],[[-79.909544,51.184094],[-79.650558,51.036516]],[[-79.650558,51.036516],[-79.738065,50.791936]],[[-79.531229,50.377807],[-79.239537,50.20743]],[[-79.239537,50.20743],[-79.327929,49.964507]],[[-79.327929,49.964507],[-79.703592,49.891133]],[[-79.788448,49.648625],[-79.703592,49.891133]],[[-79.531229,50.377807],[-79.442838,50.621558]],[[-79.738065,50.791936],[-79.442838,50.621558]],[[-75.116077,45.436451],[-75.104586,45.462567]],[[-75.104586,45.462567],[-75.014427,45.667766]],[[-75.014427,45.667766],[-74.788145,45.70466]],[[-74.788145,45.70466],[-74.667049,45.724144]],[[-74.667049,45.724144],[-74.546836,45.637504]],[[-74.423972,45.548792],[-74.488498,45.406189]],[[-74.489382,45.406189],[-74.528274,45.31872]],[[-74.528274,45.31872],[-74.358563,45.195187]],[[-74.318786,45.166168],[-74.287849,45.143783]],[[-74.287849,45.143783],[-74.355911,44.995791]],[[-74.355911,44.995791],[-74.356795,44.992475]],[[-75.116077,45.436451],[-75.27253,45.410749]],[[-75.27253,45.410749],[-75.460804,45.378829]],[[-77.408067,46.1134],[-77.612251,46.248127]],[[-77.612251,46.248127],[-77.665286,46.282948]],[[-76.898048,45.77306],[-77.242775,45.710049]],[[-77.242775,45.710049],[-77.497342,45.879183]],[[-77.497342,45.879183],[-77.408067,46.1134]],[[-77.665286,46.282948],[-78.013548,46.217036]],[[-78.013548,46.217036],[-78.274303,46.385755]],[[-76.321736,45.660304],[-76.300522,45.664035]],[[-76.300522,45.664035],[-76.051258,45.492]],[[-76.646133,45.602683],[-76.645249,45.602683]],[[-76.898048,45.77306],[-76.646133,45.602683]],[[-79.60813,47.222303],[-79.688566,46.984355]],[[-79.688566,46.984355],[-79.418972,46.818124]],[[-79.445489,47.699443],[-79.17236,47.531967]],[[-79.17236,47.531967],[-79.225395,47.379415]],[[-79.225395,47.379415],[-79.255448,47.293605]],[[-79.255448,47.293605],[-79.60813,47.222303]],[[-79.068942,46.88901],[-79.418972,46.818124]],[[-78.885972,46.485245],[-78.621681,46.31777]],[[-78.885972,46.485245],[-78.802,46.721535]],[[-78.274303,46.385755],[-78.621681,46.31777]],[[-79.068942,46.88901],[-78.802,46.721535]],[[-79.639067,48.10611],[-79.555979,48.34613]],[[-79.362401,47.938634],[-79.627576,48.099477]],[[-79.83618,48.513606],[-79.555979,48.34613]]]}},{"type":"Feature","properties":{"kind":"label","from_year":1905,"to_year":1911,"jurisdiction":"alberta","name":"Alberta","sovereign":"Canada","status":"province","h3":"84120bdffffffff"},"geometry":{"type":"Point","coordinates":[-115.44271,56.28179]}},{"type":"Feature","properties":{"kind":"label","from_year":1905,"to_year":1911,"jurisdiction":"british_columbia","name":"British Columbia","sovereign":"Canada","status":"province","h3":"8412aa7ffffffff"},"geometry":{"type":"Point","coordinates":[-125.27189,54.03228]}},{"type":"Feature","properties":{"kind":"label","from_year":1905,"to_year":1911,"jurisdiction":"manitoba","name":"Manitoba","sovereign":"Canada","status":"province","h3":"8427153ffffffff"},"geometry":{"type":"Point","coordinates":[-98.32265,50.91362]}},{"type":"Feature","properties":{"kind":"label","from_year":1905,"to_year":1911,"jurisdiction":"new_brunswick","name":"New Brunswick","sovereign":"Canada","status":"province","h3":"842b025ffffffff"},"geometry":{"type":"Point","coordinates":[-66.28033,46.52931]}},{"type":"Feature","properties":{"kind":"label","from_year":1905,"to_year":1911,"jurisdiction":"newfoundland","name":"Newfoundland","sovereign":"Britain","status":"colony","h3":"841b987ffffffff"},"geometry":{"type":"Point","coordinates":[-56.51042,48.97737]}},{"type":"Feature","properties":{"kind":"label","from_year":1905,"to_year":1911,"jurisdiction":"northwest_territories","name":"North-West Territories","sovereign":"Canada","status":"territory","h3":"8413681ffffffff"},"geometry":{"type":"Point","coordinates":[-99.97657,64.0292]}},{"type":"Feature","properties":{"kind":"label","from_year":1905,"to_year":1911,"jurisdiction":"nova_scotia","name":"Nova Scotia","sovereign":"Canada","status":"province","h3":"842b011ffffffff"},"geometry":{"type":"Point","coordinates":[-63.39259,45.25509]}},{"type":"Feature","properties":{"kind":"label","from_year":1905,"to_year":1911,"jurisdiction":"ontario","name":"Ontario","sovereign":"Canada","status":"province","h3":"8427651ffffffff"},"geometry":{"type":"Point","coordinates":[-82.69498,47.8927]}},{"type":"Feature","properties":{"kind":"label","from_year":1905,"to_year":1911,"jurisdiction":"prince_edward_island","name":"Prince Edward Island","sovereign":"Canada","status":"province","h3":"842b055ffffffff"},"geometry":{"type":"Point","coordinates":[-62.87475,46.27223]}},{"type":"Feature","properties":{"kind":"label","from_year":1905,"to_year":1911,"jurisdiction":"quebec","name":"Quebec","sovereign":"Canada","status":"province","h3":"842ba63ffffffff"},"geometry":{"type":"Point","coordinates":[-73.07816,49.03567]}},{"type":"Feature","properties":{"kind":"label","from_year":1905,"to_year":1911,"jurisdiction":"saskatchewan","name":"Saskatchewan","sovereign":"Canada","status":"province","h3":"841259bffffffff"},"geometry":{"type":"Point","coordinates":[-105.81411,52.31088]}},{"type":"Feature","properties":{"kind":"label","from_year":1905,"to_year":1911,"jurisdiction":"yukon","name":"Yukon Territory","sovereign":"Canada","status":"territory","h3":"8413a2dffffffff"},"geometry":{"type":"Point","coordinates":[-135.7168,62.92285]}},{"type":"Feature","properties":{"kind":"border","from_year":1912,"to_year":1926,"a":"alberta","b":"british_columbia"},"geometry":{"type":"MultiLineString","coordinates":[[[-119.809437,58.635095],[-120.000362,58.651262]],[[-120.000362,58.651262],[-120.242555,58.671575]],[[-120.242555,58.671575],[-120.422873,58.892526]],[[-120.422873,58.892526],[-120.167422,59.078656]],[[-119.634422,58.4129],[-119.809437,58.635095]],[[-120.167422,59.078656],[-120.349508,59.300022]],[[-120.349508,59.300022],[-120.090522,59.486567]],[[-119.888105,58.228843],[-119.713974,58.007062]],[[-119.713974,58.007062],[-119.964122,57.823419]],[[-119.634422,58.4129],[-119.888105,58.228843]],[[-119.792642,57.602468],[-119.964122,57.823419]],[[-120.011853,59.895721],[-120.27526,59.708348]],[[-120.090522,59.486567],[-120.27526,59.708348]],[[-120.086102,55.994869],[-120.251394,56.214162]],[[-120.251394,56.214162],[-120.015389,56.394903]],[[-120.086102,55.994869],[-120.319455,55.814957]],[[-120.155047,55.596078],[-120.319455,55.814957]],[[-120.182449,56.614611],[-120.000362,56.753068]],[[-120.015389,56.394903],[-120.182449,56.614611]],[[-120.000362,56.753068],[-119.942908,56.796181]],[[-120.384865,55.416995],[-120.222225,55.198946]],[[-120.155047,55.596078],[-120.384865,55.416995]],[[-119.674198,54.939441],[-119.833303,55.15832]],[[-120.222225,55.198946],[-119.833303,55.15832]],[[-119.674198,54.939441],[-119.903132,54.762431]],[[-119.746679,54.543967],[-119.903132,54.762431]],[[-120.039255,57.419654],[-120.000362,57.369494]],[[-120.000362,57.100456],[-120.111736,57.016303]],[[-120.000362,57.369494],[-119.868659,57.198702]],[[-119.868659,57.198702],[-120.000362,57.100456]],[[-119.942908,56.796181],[-120.000362,56.871213]],[[-120.000362,56.871213],[-120.111736,57.016303]],[[-119.792642,57.602468],[-120.000362,57.448258]],[[-120.000362,57.448258],[-120.039255,57.419654]],[[-116.917269,51.763625],[-116.5584,51.708905]],[[-116.5584,51.708905],[-116.430232,51.487954]],[[-116.430232,51.487954],[-116.073131,51.431576]],[[-116.073131,51.431576],[-115.948499,51.21021]],[[-116.917269,51.763625],[-117.048972,51.984162]],[[-117.409609,52.036809],[-117.048972,51.984162]],[[-115.472069,50.929979],[-115.594049,51.152174]],[[-115.948499,51.21021],[-115.594049,51.152174]],[[-115.472069,50.929979],[-115.702771,50.767478]],[[-115.232528,50.486832],[-115.581675,50.546526]],[[-115.581675,50.546526],[-115.702771,50.767478]],[[-117.907253,52.307506],[-118.045144,52.526799]],[[-117.543964,52.256517],[-117.907253,52.307506]],[[-117.409609,52.036809],[-117.543964,52.256517]],[[-118.4102,52.575716],[-118.045144,52.526799]],[[-114.316793,49.31782],[-114.428166,49.538771]],[[-114.543959,49.160708],[-114.463523,49.001109]],[[-114.768473,49.601782],[-114.499764,49.552451]],[[-114.499764,49.552451],[-114.428166,49.538771]],[[-114.316793,49.31782],[-114.543959,49.160708]],[[-115.114968,50.265466],[-114.768473,50.203699]],[[-114.768473,50.203699],[-114.653565,49.981918]],[[-114.653565,49.981918],[-114.719858,49.936318]],[[-114.719858,49.936318],[-114.883382,49.822733]],[[-114.768473,49.601782],[-114.883382,49.822733]],[[-115.114968,50.265466],[-115.232528,50.486832]],[[-120.105548,53.581812],[-119.952631,53.365421]],[[-119.952631,53.365421],[-119.582271,53.322308]],[[-119.582271,53.322308],[-119.432889,53.104673]],[[-119.885453,53.756749],[-120.105548,53.581812]],[[-120.039255,53.97397],[-120.000362,53.918836]],[[-120.000362,53.918836],[-119.885453,53.756749]],[[-119.064297,53.059488],[-118.840667,53.231938]],[[-118.840667,53.231938],[-118.470307,53.185094]],[[-118.470307,53.185094],[-118.327113,52.965801]],[[-118.327113,52.965801],[-118.552511,52.794594]],[[-118.4102,52.575716],[-118.552511,52.794594]],[[-119.432889,53.104673],[-119.064297,53.059488]],[[-120.000362,54.005061],[-120.039255,53.97397]],[[-119.972077,54.367372],[-119.816508,54.149736]],[[-119.816508,54.149736],[-120.000362,54.005061]],[[-119.746679,54.543967],[-119.972077,54.367372]]]}},{"type":"Feature","properties":{"kind":"border","from_year":1912,"to_year":1926,"a":"alberta","b":"northwest_territories"},"geometry":{"type":"MultiLineString","coordinates":[[[-119.561941,59.86007],[-120.000362,59.894892]],[[-120.000362,59.894892],[-120.011853,59.895721]],[[-119.291463,60.046615],[-119.561941,59.86007]],[[-119.291463,60.046615],[-118.838015,60.008892]],[[-118.56135,60.194607],[-118.838015,60.008892]],[[-117.931119,59.927641],[-117.477671,59.884943]],[[-117.931119,59.927641],[-117.985922,60.000186]],[[-117.985922,60.000186],[-118.104366,60.153982]],[[-117.191283,60.068171],[-117.477671,59.884943]],[[-117.191283,60.068171],[-116.734299,60.022571]],[[-118.56135,60.194607],[-118.104366,60.153982]],[[-114.604949,60.002673],[-114.295579,60.181342]],[[-114.295579,60.181342],[-113.83506,60.125793]],[[-113.83506,60.125793],[-113.756392,60.000186]],[[-113.756392,60.000186],[-113.689214,59.891576]],[[-113.689214,59.891576],[-113.23223,59.833125]],[[-115.365116,59.876238],[-115.063701,60.056149]],[[-115.063701,60.056149],[-114.604949,60.002673]],[[-112.914905,60.008892],[-113.23223,59.833125]],[[-112.252853,60.056979],[-112.205122,60.08268]],[[-112.205122,60.08268],[-112.130873,60.122476]],[[-112.130873,60.122476],[-111.66947,60.058637]],[[-112.45527,59.947954],[-112.384557,59.986092]],[[-112.914905,60.008892],[-112.45527,59.947954]],[[-115.821215,59.926812],[-115.365116,59.876238]],[[-111.338886,60.231501],[-111.66947,60.058637]],[[-115.982088,60.157298],[-116.440839,60.205385]],[[-115.821215,59.926812],[-115.982088,60.157298]],[[-116.440839,60.205385],[-116.734299,60.022571]],[[-110.750199,59.925983],[-110.875715,60.165174]],[[-110.291447,59.856754],[-110.750199,59.925983]],[[-111.338886,60.231501],[-110.875715,60.165174]]]}},{"type":"Feature","properties":{"kind":"border","from_year":1912,"to_year":1926,"a":"alberta","b":"saskatchewan"},"geometry":{"type":"MultiLineString","coordinates":[[[-110.044835,54.337525],[-110.147369,54.5734]],[[-110.147369,54.5734],[-109.856562,54.734657]],[[-110.044835,54.337525],[-110.331224,54.176682]],[[-110.22869,53.941221],[-110.331224,54.176682]],[[-109.843303,53.865774],[-110.22869,53.941221]],[[-109.959096,54.971361],[-109.664752,55.133033]],[[-109.856562,54.734657],[-109.959096,54.971361]],[[-109.999756,55.413679],[-110.168583,55.44477]],[[-110.168583,55.44477],[-110.274653,55.681889]],[[-110.274653,55.681889],[-110.032461,55.814542]],[[-109.767286,55.370152],[-109.999756,55.413679]],[[-109.664752,55.133033],[-109.767286,55.370152]],[[-110.019202,55.942636],[-110.082844,56.082752]],[[-110.082844,56.082752],[-109.778777,56.246496]],[[-109.818553,52.143761],[-109.914016,52.377149]],[[-109.914016,52.377149],[-109.639119,52.533847]],[[-109.994452,51.75492],[-110.089915,51.987479]],[[-109.639119,52.533847],[-109.693037,52.66733]],[[-109.693037,52.66733],[-109.734581,52.767649]],[[-110.108477,52.84434],[-109.734581,52.767649]],[[-109.945837,53.277952],[-110.027157,53.471544]],[[-110.027157,53.471544],[-109.745188,53.630314]],[[-109.928159,53.236912],[-109.945837,53.277952]],[[-109.928159,53.236912],[-110.207476,53.078142]],[[-110.108477,52.84434],[-110.207476,53.078142]],[[-109.745188,53.630314],[-109.843303,53.865774]],[[-110.238413,58.082923],[-109.805295,58.010378]],[[-109.805295,58.010378],[-109.693921,57.770772]],[[-109.693921,57.770772],[-110.012131,57.604955]],[[-109.900757,57.365763],[-110.012131,57.604955]],[[-109.900757,57.365763],[-110.213663,57.199946]],[[-110.238413,58.082923],[-110.354205,58.3217]],[[-110.354205,58.3217],[-110.031577,58.48959]],[[-110.300287,56.558233],[-110.410776,56.795766]],[[-110.410776,56.795766],[-110.103174,56.961584]],[[-109.885731,56.484859],[-110.300287,56.558233]],[[-109.778777,56.246496],[-109.885731,56.484859]],[[-110.103174,56.961584],[-110.213663,57.199946]],[[-109.879543,59.022693],[-109.819437,58.897086]],[[-109.819437,58.897086],[-110.147369,58.729196]],[[-110.031577,58.48959],[-110.147369,58.729196]],[[-110.170351,59.617148],[-109.716903,59.545847]],[[-109.716903,59.545847],[-109.700109,59.512269]],[[-110.262278,51.599051],[-110.166816,51.367322]],[[-109.994452,51.75492],[-110.262278,51.599051]],[[-110.170351,59.617148],[-110.291447,59.856754]],[[-110.201288,49.072825],[-110.173003,48.99945]],[[-110.220734,49.908958],[-110.312661,50.137786]],[[-110.312661,50.137786],[-110.055442,50.290753]],[[-109.87424,49.831439],[-110.220734,49.908958]],[[-109.784965,49.602196],[-109.87424,49.831439]],[[-110.055442,50.290753],[-110.148253,50.520824]],[[-110.148253,50.520824],[-109.887499,50.673791]],[[-110.039532,49.451303],[-109.950257,49.223304]],[[-109.950257,49.223304],[-110.201288,49.072825]],[[-110.005059,49.472444],[-110.039532,49.451303]],[[-109.784965,49.602196],[-110.005059,49.472444]],[[-109.715135,51.058902],[-109.807062,51.290631]],[[-110.166816,51.367322],[-109.807062,51.290631]],[[-109.715135,51.058902],[-109.979426,50.904691]],[[-109.887499,50.673791],[-109.979426,50.904691]]]}},{"type":"Feature","properties":{"kind":"border","from_year":1912,"to_year":1926,"a":"british_columbia","b":"northwest_territories"},"geometry":{"type":"MultiLineString","coordinates":[[[-120.011853,59.895721],[-120.198359,60.117916]],[[-120.911678,59.962048],[-120.650923,60.15108]],[[-120.650923,60.15108],[-120.198359,60.117916]],[[-121.61439,59.803693],[-121.360706,59.993139]],[[-121.360706,59.993139],[-120.911678,59.962048]],[[-122.059883,59.832296],[-121.61439,59.803693]],[[-123.599661,60.122891],[-124.045154,60.144447]],[[-122.257879,60.049931],[-122.706024,60.075633]],[[-123.392825,59.908572],[-122.9491,59.884529]],[[-122.706024,60.075633],[-122.9491,59.884529]],[[-123.392825,59.908572],[-123.599661,60.122891]]]}},{"type":"Feature","properties":{"kind":"border","from_year":1912,"to_year":1926,"a":"british_columbia","b":"yukon"},"geometry":{"type":"MultiLineString","coordinates":[[[-125.601727,60.004332],[-125.378097,60.198752]],[[-125.378097,60.198752],[-124.934372,60.182171]],[[-124.934372,60.182171],[-124.750518,60.000186]],[[-124.750518,60.000186],[-124.720465,59.970754]],[[-124.720465,59.970754],[-124.278508,59.95127]],[[-126.041033,60.018841],[-125.601727,60.004332]],[[-124.045154,60.144447],[-124.278508,59.95127]],[[-126.041033,60.018841],[-126.262895,60.227356]],[[-130.79826,60.083924],[-131.223422,60.081437]],[[-134.564619,60.013866],[-134.413469,60.214505]],[[-134.413469,60.214505],[-133.998029,60.226941]],[[-133.998029,60.226941],[-133.739043,60.038324]],[[-133.739043,60.038324],[-133.323603,60.048688]],[[-133.323603,60.048688],[-133.069036,59.858412]],[[-134.974755,59.999772],[-134.564619,60.013866]],[[-134.974755,59.999772],[-134.986246,60.008477]],[[-134.986246,60.008477],[-135.239045,60.185072]],[[-132.653596,59.866703],[-132.543107,60.000186]],[[-132.543107,60.000186],[-132.488304,60.065684]],[[-132.488304,60.065684],[-132.068445,60.072317]],[[-132.068445,60.072317],[-131.818297,59.878725]],[[-131.818297,59.878725],[-131.399321,59.88287]],[[-133.069036,59.858412],[-132.653596,59.866703]],[[-131.223422,60.081437],[-131.295019,60.000186]],[[-131.295019,60.000186],[-131.399321,59.88287]],[[-128.142097,60.000186],[-127.990948,59.866289]],[[-128.850112,59.878725],[-128.653884,60.076048]],[[-128.653884,60.076048],[-128.221649,60.069829]],[[-128.221649,60.069829],[-128.142097,60.000186]],[[-127.990948,59.866289],[-127.558714,59.857998]],[[-129.278811,59.88287],[-128.850112,59.878725]],[[-129.5157,60.083095],[-129.944398,60.084753]],[[-129.278811,59.88287],[-129.5157,60.083095]],[[-126.703085,60.239378],[-126.916108,60.043713]],[[-126.916108,60.043713],[-127.352762,60.054077]],[[-126.703085,60.239378],[-126.262895,60.227356]],[[-127.352762,60.054077],[-127.558714,59.857998]],[[-130.555183,59.887016],[-130.130904,59.887016]],[[-130.555183,59.887016],[-130.79826,60.083924]],[[-129.944398,60.084753],[-130.024835,60.000186]],[[-130.024835,60.000186],[-130.130904,59.887016]],[[-137.395796,59.890332],[-136.997151,59.911474]],[[-137.668926,60.068586],[-138.067571,60.045371]],[[-136.939696,60.000186],[-136.997151,59.911474]],[[-137.395796,59.890332],[-137.668926,60.068586]],[[-136.866331,60.112113],[-136.939696,60.000186]],[[-138.187783,59.844732],[-138.581125,59.820274]],[[-138.067571,60.045371],[-138.187783,59.844732]],[[-136.193673,59.950441],[-136.462383,60.132011]],[[-135.648298,60.168491],[-135.78884,59.967852]],[[-135.78884,59.967852],[-136.193673,59.950441]],[[-135.648298,60.168491],[-135.239045,60.185072]],[[-136.866331,60.112113],[-136.462383,60.132011]]]}},{"type":"Feature","properties":{"kind":"border","from_year":1912,"to_year":1926,"a":"manitoba","b":"northwest_territories"},"geometry":{"type":"MultiLineString","coordinates":[[[-94.88924,59.831882],[-94.79201,59.804107]],[[-94.88924,59.831882],[-94.89366,60.000186]],[[-94.89366,60.000186],[-94.896312,60.086826]],[[-95.769619,60.079364],[-95.338269,60.211189]],[[-95.338269,60.211189],[-94.896312,60.086826]],[[-99.234563,59.993553],[-99.219537,59.998942]],[[-99.190368,60.009306],[-98.823543,60.135742]],[[-98.823543,60.135742],[-98.373631,60.023401]],[[-99.61995,60.086826],[-99.234563,59.993553]],[[-100.09196,59.958317],[-100.016827,59.985263]],[[-99.878053,60.034593],[-99.830321,60.051589]],[[-97.957307,60.163102],[-98.373631,60.023401]],[[-97.957307,60.163102],[-97.509162,60.047859]],[[-100.944054,59.917692],[-100.54364,60.06444]],[[-100.54364,60.06444],[-100.09196,59.958317]],[[-101.791727,59.871678],[-101.396618,60.020499]],[[-101.396618,60.020499],[-100.944054,59.917692]],[[-96.214228,60.200825],[-96.641159,60.066513]],[[-96.641159,60.066513],[-97.087535,60.184658]],[[-96.214228,60.200825],[-95.769619,60.079364]],[[-97.087535,60.184658],[-97.509162,60.047859]]]}},{"type":"Feature","properties":{"kind":"border","from_year":1912,"to_year":1926,"a":"manitoba","b":"ontario"},"geometry":{"type":"MultiLineString","coordinates":[[[-90.080747,56.183486],[-90.108148,55.929785]],[[-90.108148,55.929785],[-90.512097,55.817859]],[[-90.535962,55.564573],[-90.512097,55.817859]],[[-90.535962,55.564573],[-90.933724,55.451402]],[[-90.933724,55.451402],[-91.310271,55.590274]],[[-89.640557,56.548699],[-89.671494,56.294584]],[[-89.671494,56.294584],[-90.080747,56.183486]],[[-91.705381,55.474617],[-91.721292,55.221745]],[[-91.721292,55.221745],[-92.111098,55.105259]],[[-91.310271,55.590274],[-91.705381,55.474617]],[[-92.123473,54.852802],[-92.111098,55.105259]],[[-89.195948,56.877846],[-89.225117,56.658553]],[[-89.225117,56.658553],[-89.640557,56.548699]],[[-95.379813,51.032371],[-95.370974,50.786547]],[[-95.022711,50.41553],[-95.355063,50.295727]],[[-95.370974,50.786547],[-95.029783,50.661355]],[[-95.029783,50.661355],[-95.022711,50.41553]],[[-95.396607,51.525677],[-95.048345,51.400485]],[[-95.048345,51.400485],[-95.042158,51.153417]],[[-95.042158,51.153417],[-95.379813,51.032371]],[[-95.346224,50.050732],[-95.355063,50.295727]],[[-95.011221,49.925955],[-95.346224,50.050732]],[[-95.005033,49.681374],[-95.011221,49.925955]],[[-95.330314,49.5624],[-95.323242,49.319063]],[[-95.213637,49.605513],[-95.330314,49.5624]],[[-95.423125,52.268124],[-95.068675,52.142932]],[[-95.068675,52.142932],[-95.061604,51.895035]],[[-95.061604,51.895035],[-95.405446,51.772745]],[[-95.396607,51.525677],[-95.405446,51.772745]],[[-95.423125,52.268124],[-95.431964,52.516436]],[[-95.431964,52.516436],[-95.081934,52.639555]],[[-95.323242,49.319063],[-95.153531,49.255224]],[[-93.649993,53.624925],[-93.2814,53.744313]],[[-94.38099,53.633215],[-94.258126,53.674255]],[[-94.215698,53.68835],[-94.109628,53.723586]],[[-93.910747,53.717782],[-93.88423,53.708248]],[[-93.845338,53.694568],[-93.649993,53.624925]],[[-94.378338,53.382831],[-94.38099,53.633215]],[[-94.25459,53.675499],[-94.221001,53.686692]],[[-93.2814,53.744313],[-93.276981,53.995112]],[[-93.276981,53.995112],[-92.903969,54.114086]],[[-94.733672,53.011401],[-95.089005,52.888281]],[[-94.738975,53.260956],[-94.733672,53.011401]],[[-95.081934,52.639555],[-95.089005,52.888281]],[[-94.378338,53.382831],[-94.738975,53.260956]],[[-92.507975,54.735486],[-92.517698,54.483444]],[[-92.517698,54.483444],[-92.896014,54.365714]],[[-92.903969,54.114086],[-92.896014,54.365714]],[[-92.123473,54.852802],[-92.507975,54.735486]]]}},{"type":"Feature","properties":{"kind":"border","from_year":1912,"to_year":1926,"a":"manitoba","b":"saskatchewan"},"geometry":{"type":"MultiLineString","coordinates":[[[-102.13557,58.061782],[-102.194792,58.075462]],[[-102.194792,58.075462],[-102.254898,58.324602]],[[-102.254898,58.324602],[-101.881003,58.473423]],[[-101.766094,57.974313],[-101.804986,57.983847]],[[-101.845646,57.993382],[-101.995028,58.028618]],[[-101.748416,57.893892],[-101.759906,57.946953]],[[-101.76521,57.969753],[-101.766094,57.974313]],[[-101.881003,58.473423],[-101.939341,58.722978]],[[-102.058669,59.222088],[-102.11966,59.472058]],[[-102.11966,59.472058],[-101.732505,59.621294]],[[-101.732505,59.621294],[-101.791727,59.871678]],[[-101.802334,52.847656],[-101.6229,52.797496]],[[-101.432858,52.743191],[-101.386011,52.499025]],[[-101.386011,52.499025],[-101.705988,52.360153]],[[-101.658256,52.116402],[-101.697149,52.317455]],[[-101.697149,52.317455],[-101.705988,52.360153]],[[-101.294967,52.011522],[-101.658256,52.116402]],[[-101.802334,52.847656],[-101.851834,53.092236]],[[-101.851834,53.092236],[-101.527437,53.232767]],[[-102.162971,54.563865],[-102.109053,54.317626]],[[-101.9526,53.581812],[-102.004751,53.826807]],[[-102.004751,53.826807],[-101.674167,53.968996]],[[-101.575168,53.477762],[-101.9526,53.581812]],[[-101.527437,53.232767],[-101.575168,53.477762]],[[-101.674167,53.968996],[-101.723666,54.21482]],[[-102.109053,54.317626],[-101.723666,54.21482]],[[-102.069276,57.308971],[-102.095794,57.298193]],[[-102.09933,57.296535],[-102.117892,57.289073]],[[-102.059553,57.502148],[-102.019777,57.329284]],[[-102.019777,57.329284],[-102.027732,57.325967]],[[-102.439637,59.072024],[-102.377763,58.822883]],[[-102.377763,58.822883],[-101.939341,58.722978]],[[-102.058669,59.222088],[-102.439637,59.072024]],[[-101.690961,55.83983],[-101.743996,56.087726]],[[-102.149713,56.189704],[-101.743996,56.087726]],[[-101.587543,55.34445],[-101.984421,55.447672]],[[-101.984421,55.447672],[-102.039223,55.694739]],[[-102.149713,56.189704],[-102.206283,56.437601]],[[-102.206283,56.437601],[-101.851834,56.583935]],[[-101.8262,54.707297],[-101.878351,54.95395]],[[-101.878351,54.95395],[-101.53716,55.097382]],[[-101.8262,54.707297],[-102.162971,54.563865]],[[-101.53716,55.097382],[-101.587543,55.34445]],[[-101.90752,56.832246],[-102.138222,56.888624]],[[-102.228381,56.910595],[-102.269041,56.920544]],[[-102.149713,56.891526],[-102.166507,56.895671]],[[-102.182417,56.899402],[-102.208051,56.90562]],[[-101.851834,56.583935],[-101.90752,56.832246]],[[-101.689193,50.526628],[-101.686542,50.511704]],[[-101.644114,50.286193],[-101.447001,50.226499]],[[-101.447001,50.226499],[-101.296735,50.180899]],[[-101.296735,50.180899],[-101.276405,50.063583]],[[-101.276405,50.063583],[-101.254307,49.940464]],[[-101.254307,49.940464],[-101.417832,49.867504]],[[-101.417832,49.867504],[-101.554838,49.806152]],[[-101.78112,51.008742],[-101.428439,50.904277]],[[-101.384243,50.662598],[-101.508875,50.607464]],[[-101.508875,50.607464],[-101.689193,50.526628]],[[-101.170336,49.461252],[-101.392198,49.53048]],[[-101.417832,49.537942],[-101.510643,49.566546]],[[-101.510643,49.566546],[-101.554838,49.806152]],[[-101.128792,49.22206],[-101.170336,49.461252]],[[-101.249888,51.768185],[-101.294967,52.011522]],[[-101.570749,51.365249],[-101.713943,51.301409]],[[-101.747532,51.286486],[-101.828852,51.250421]],[[-101.564561,51.630557],[-101.518598,51.388049]],[[-101.518598,51.388049],[-101.570749,51.365249]],[[-101.78112,51.008742],[-101.828852,51.250421]],[[-101.249888,51.768185],[-101.564561,51.630557]],[[-101.424903,49.088992],[-101.408109,48.99945]],[[-101.128792,49.22206],[-101.424903,49.088992]]]}},{"type":"Feature","properties":{"kind":"border","from_year":1912,"to_year":1926,"a":"new_brunswick","b":"nova_scotia"},"geometry":{"type":"MultiLineString","coordinates":[[[-63.901856,46.083138],[-64.116647,46.069044]],[[-64.116647,46.069044],[-64.255422,46.059924]],[[-64.410991,45.841874],[-64.255422,46.059924]],[[-64.410991,45.841874],[-64.513525,45.834827]],[[-64.570095,45.830681],[-64.762789,45.817001]],[[-64.808752,45.497389],[-64.715941,45.406604]],[[-64.715941,45.406604],[-64.76986,45.328255]],[[-64.909518,45.60517],[-64.887421,45.63709]]]}},{"type":"Feature","properties":{"kind":"border","from_year":1912,"to_year":1926,"a":"new_brunswick","b":"prince_edward_island"},"geometry":{"type":"MultiLineString","coordinates":[[[-63.850589,46.154025],[-63.901856,46.083138]],[[-64.104273,46.48566],[-63.941632,46.496023]],[[-63.941632,46.496023],[-63.933677,46.487733]],[[-63.916883,46.471151],[-63.869151,46.424722]],[[-63.838214,46.393631],[-63.834679,46.390315]],[[-63.783412,46.339326],[-63.744519,46.300359]],[[-63.744519,46.300359],[-63.745403,46.298701]]]}},{"type":"Feature","properties":{"kind":"border","from_year":1912,"to_year":1926,"a":"new_brunswick","b":"quebec"},"geometry":{"type":"MultiLineString","coordinates":[[[-68.467274,47.388121],[-68.326731,47.614876]],[[-68.553013,47.805566],[-68.383302,47.662963]],[[-68.383302,47.662963],[-68.326731,47.614876]],[[-68.467274,47.388121],[-68.778411,47.356201]],[[-68.778411,47.356201],[-68.83233,47.350812]],[[-68.924257,47.197845],[-68.837634,47.341692]],[[-68.837634,47.341692],[-68.83233,47.350812]],[[-67.814945,47.877282],[-67.445469,47.911689]],[[-67.445469,47.911689],[-67.223606,47.718926]],[[-68.553013,47.805566],[-68.469925,47.939463]],[[-68.469925,47.939463],[-68.411587,48.033565]],[[-68.411587,48.033565],[-68.040343,48.06963]],[[-68.040343,48.06963],[-67.959023,47.999987]],[[-67.959023,47.999987],[-67.814945,47.877282]],[[-66.704748,47.975943],[-66.855014,47.750846]],[[-66.855014,47.750846],[-67.223606,47.718926]],[[-66.579233,47.986721],[-66.633151,47.982161]],[[-66.633151,47.982161],[-66.704748,47.975943]],[[-66.117829,47.811784],[-65.911877,47.827951]],[[-65.781058,47.8379],[-65.749237,47.840387]],[[-66.330853,48.003303],[-66.117829,47.811784]],[[-65.318771,48.084139],[-65.536214,48.068386]],[[-65.749237,47.840387],[-65.747469,47.84246]],[[-65.222424,48.090772],[-65.170273,48.04227]]]}},{"type":"Feature","properties":{"kind":"border","from_year":1912,"to_year":1926,"a":"newfoundland","b":"northwest_territories"},"geometry":{"type":"MultiLineString","coordinates":[[[-64.547998,60.380737],[-64.728316,60.37369]],[[-64.436624,60.384882],[-64.508221,60.381981]]]}},{"type":"Feature","properties":{"kind":"border","from_year":1912,"to_year":1926,"a":"newfoundland","b":"quebec"},"geometry":{"type":"MultiLineString","coordinates":[[[-63.085119,56.663113],[-62.835855,56.450866]],[[-63.126663,57.102943],[-62.91364,57.330942]],[[-62.873864,56.890697],[-63.126663,57.102943]],[[-62.377988,56.464546],[-62.835855,56.450866]],[[-63.085119,56.663113],[-62.873864,56.890697]],[[-63.641101,57.527435],[-63.169091,57.543602]],[[-63.169091,57.543602],[-62.91364,57.330942]],[[-61.657598,55.824077],[-62.106626,55.81247]],[[-62.106626,55.81247],[-62.346167,56.025545]],[[-62.346167,56.025545],[-62.134911,56.251471]],[[-61.657598,55.824077],[-61.42336,55.610173]],[[-61.42336,55.610173],[-61.634616,55.386319]],[[-62.377988,56.464546],[-62.134911,56.251471]],[[-64.981999,60.141131],[-64.964321,60.127865]],[[-64.949295,60.117087],[-64.692959,59.930128]],[[-64.692959,59.930128],[-64.911286,59.698399]],[[-63.903624,57.739267],[-63.641101,57.527435]],[[-64.068032,59.064147],[-64.56214,59.045078]],[[-64.56214,59.045078],[-64.843225,59.256081]],[[-64.843225,59.256081],[-64.626666,59.487396]],[[-64.068032,59.064147],[-64.023836,59.030155]],[[-64.014997,59.023522],[-63.878874,58.917814]],[[-63.87799,58.916984],[-63.794903,58.851901]],[[-63.794903,58.851901],[-64.012345,58.622244]],[[-64.911286,59.698399],[-64.626666,59.487396]],[[-63.691485,57.968509],[-63.957543,58.180341]],[[-63.957543,58.180341],[-63.741868,58.409998]],[[-63.903624,57.739267],[-63.691485,57.968509]],[[-64.012345,58.622244],[-63.741868,58.409998]],[[-56.423941,52.169878],[-56.607795,52.385855]],[[-56.607795,52.385855],[-56.415986,52.570326]],[[-56.411566,52.574472],[-56.387701,52.597272]],[[-56.423941,52.169878],[-56.641384,51.958875]],[[-56.641384,51.958875],[-57.040913,51.962606]],[[-56.387701,52.597272],[-56.573323,52.814078]],[[-56.980807,52.818638],[-56.573323,52.814078]],[[-57.25482,51.75036],[-57.11693,51.590761]],[[-57.11693,51.590761],[-57.070082,51.536041]],[[-57.070082,51.536041],[-57.194714,51.410849]],[[-57.040913,51.962606],[-57.107207,51.897108]],[[-57.107207,51.897108],[-57.25482,51.75036]],[[-56.94987,53.248105],[-57.142563,53.465325]],[[-57.558887,53.468642],[-57.306087,53.466984]],[[-57.289293,53.466569],[-57.142563,53.465325]],[[-56.94987,53.248105],[-57.171733,53.03503]],[[-56.980807,52.818638],[-57.171733,53.03503]],[[-57.558887,53.468642],[-57.756,53.685448]],[[-60.714461,54.096675],[-60.286647,54.104137]],[[-60.286647,54.104137],[-60.071855,53.890232]],[[-60.70297,53.662234],[-60.921297,53.874894]],[[-60.921297,53.874894],[-60.714461,54.096675]],[[-60.071855,53.890232],[-59.647577,53.895621]],[[-60.70297,53.662234],[-60.908038,53.440867]],[[-60.275156,53.236912],[-60.692363,53.228621]],[[-60.692363,53.228621],[-60.908038,53.440867]],[[-60.725068,54.531945],[-60.292834,54.538993]],[[-60.292834,54.538993],[-60.075391,54.324674]],[[-60.075391,54.324674],[-59.645809,54.329648]],[[-59.645809,54.329648],[-59.433669,54.1145]],[[-59.433669,54.1145],[-59.508802,54.037395]],[[-59.5309,54.014595],[-59.647577,53.895621]],[[-58.174975,53.686277],[-58.392418,53.4703]],[[-58.392418,53.4703],[-58.81051,53.469056]],[[-58.174975,53.686277],[-57.756,53.685448]],[[-58.81051,53.469056],[-59.024417,53.251836]],[[-59.024417,53.251836],[-59.440741,53.248519]],[[-60.064784,53.023837],[-59.649344,53.030055]],[[-59.440741,53.248519],[-59.649344,53.030055]],[[-60.064784,53.023837],[-60.275156,53.236912]],[[-61.40303,55.172829],[-60.962841,55.181949]],[[-60.962841,55.181949],[-60.736559,54.968045]],[[-60.736559,54.968045],[-60.948698,54.745435]],[[-60.725068,54.531945],[-60.948698,54.745435]],[[-61.40303,55.172829],[-61.634616,55.386319]]]}},{"type":"Feature","properties":{"kind":"border","from_year":1912,"to_year":1926,"a":"northwest_territories","b":"ontario"},"geometry":{"type":"MultiLineString","coordinates":[[[-82.20507,53.289559],[-82.234239,53.194629]],[[-82.280203,53.04332],[-82.281087,53.040419]],[[-82.281087,53.040419],[-82.280203,53.039589]],[[-82.115795,53.308214],[-82.20507,53.289559]],[[-81.352093,52.8489],[-81.559812,52.95751]],[[-81.559812,52.95751],[-81.741015,52.920201]]]}},{"type":"Feature","properties":{"kind":"border","from_year":1912,"to_year":1926,"a":"northwest_territories","b":"quebec"},"geometry":{"type":"MultiLineString","coordinates":[[[-73.976712,62.652849],[-74.298456,62.619685]]]}},{"type":"Feature","properties":{"kind":"border","from_year":1912,"to_year":1926,"a":"northwest_territories","b":"saskatchewan"},"geometry":{"type":"MultiLineString","coordinates":[[[-104.837696,60.039982],[-104.460265,60.197509]],[[-104.460265,60.197509],[-104.000629,60.10548]],[[-104.000629,60.10548],[-103.967924,60.000186]],[[-103.967924,60.000186],[-103.924613,59.857583]],[[-103.924613,59.857583],[-103.470281,59.763896]],[[-105.668576,59.96951],[-105.297332,60.128695]],[[-105.297332,60.128695],[-104.837696,60.039982]],[[-102.245175,59.971583],[-102.634098,59.820274]],[[-102.634098,59.820274],[-103.087546,59.917277]],[[-102.245175,59.971583],[-101.791727,59.871678]],[[-103.087546,59.917277],[-103.470281,59.763896]],[[-107.87129,60.1374],[-108.334461,60.21492]],[[-108.334461,60.21492],[-108.686259,60.048273]],[[-108.686259,60.048273],[-109.147662,60.122891]],[[-106.127327,60.05532],[-106.492384,59.894478]],[[-106.492384,59.894478],[-106.951135,59.976972]],[[-106.127327,60.05532],[-105.829448,60.000186]],[[-105.829448,60.000186],[-105.668576,59.96951]],[[-107.309121,59.814056],[-107.766988,59.894063]],[[-107.766988,59.894063],[-107.812068,60.000186]],[[-107.812068,60.000186],[-107.87129,60.1374]],[[-106.951135,59.976972],[-107.309121,59.814056]],[[-109.952908,60.026717],[-110.005943,60.000186]],[[-110.005943,60.000186],[-110.291447,59.856754]],[[-109.594923,59.971168],[-109.492389,59.955001]]]}},{"type":"Feature","properties":{"kind":"border","from_year":1912,"to_year":1926,"a":"northwest_territories","b":"yukon"},"geometry":{"type":"MultiLineString","coordinates":[[[-136.122076,68.38391],[-136.454427,68.507029]],[[-135.905517,68.01165],[-136.313001,68.165031]],[[-136.313001,68.165031],[-136.122076,68.38391]],[[-136.095558,67.794015],[-135.905517,68.01165]],[[-136.684245,67.728102],[-136.864564,67.510053]],[[-136.095558,67.794015],[-136.684245,67.728102]],[[-134.36397,66.812376],[-133.830086,66.83642]],[[-133.830086,66.83642],[-133.497734,66.646973]],[[-133.497734,66.646973],[-133.699266,66.435556]],[[-133.699266,66.435556],[-133.373102,66.245696]],[[-133.373102,66.245696],[-133.571983,66.034693]],[[-135.302687,66.904819],[-134.736098,66.965757]],[[-134.736098,66.965757],[-134.36397,66.812376]],[[-133.25289,65.844418],[-132.734916,65.863072]],[[-132.734916,65.863072],[-132.42201,65.670724]],[[-132.42201,65.670724],[-132.626194,65.460965]],[[-132.318592,65.268202],[-132.520125,65.059273]],[[-132.626194,65.460965],[-132.318592,65.268202]],[[-133.571983,66.034693],[-133.25289,65.844418]],[[-136.252011,66.992288],[-136.643585,67.142353]],[[-136.643585,67.142353],[-136.46415,67.359159]],[[-135.683654,67.056957],[-136.252011,66.992288]],[[-135.683654,67.056957],[-135.302687,66.904819]],[[-136.864564,67.510053],[-136.46415,67.359159]],[[-124.019521,60.551114],[-124.234312,60.764604]],[[-124.688644,60.782844],[-124.234312,60.764604]],[[-124.019521,60.551114],[-124.257294,60.357522]],[[-124.045154,60.144447],[-124.257294,60.357522]],[[-124.688644,60.782844],[-124.907855,60.994676]],[[-125.363954,61.010014],[-125.593772,60.814349]],[[-125.593772,60.814349],[-126.044568,60.827615]],[[-125.363954,61.010014],[-124.907855,60.994676]],[[-126.944393,60.85],[-126.725182,61.047323]],[[-126.044568,60.827615],[-126.267315,60.631536]],[[-126.267315,60.631536],[-126.714575,60.643143]],[[-126.714575,60.643143],[-126.944393,60.85]],[[-126.725182,61.047323],[-126.958536,61.254594]],[[-130.560487,64.093387],[-130.844223,64.291124]],[[-131.337447,64.281175],[-130.844223,64.291124]],[[-130.560487,64.093387],[-130.76909,63.887359]],[[-130.490657,63.689622],[-130.76909,63.887359]],[[-130.005388,63.695425],[-130.490657,63.689622]],[[-131.337447,64.281175],[-131.627371,64.476839]],[[-132.21871,64.866095],[-132.520125,65.059273]],[[-132.418475,64.657995],[-132.122363,64.463988]],[[-132.122363,64.463988],[-131.627371,64.476839]],[[-132.21871,64.866095],[-132.418475,64.657995]],[[-128.386941,62.081194],[-128.850112,62.083266]],[[-128.850112,62.083266],[-129.103796,62.285563]],[[-129.103796,62.285563],[-128.89254,62.487031]],[[-128.138561,61.877653],[-128.386941,62.081194]],[[-127.677158,61.872678],[-128.138561,61.877653]],[[-128.89254,62.487031],[-129.150643,62.689329]],[[-129.62177,62.68767],[-129.150643,62.689329]],[[-127.434082,61.667065],[-127.677158,61.872678]],[[-127.652409,61.468084],[-127.412868,61.26247]],[[-127.412868,61.26247],[-126.958536,61.254594]],[[-127.434082,61.667065],[-127.652409,61.468084]],[[-129.676572,63.091436],[-129.944398,63.291245]],[[-129.944398,63.291245],[-129.732259,63.495615]],[[-129.676572,63.091436],[-129.885176,62.887895]],[[-129.62177,62.68767],[-129.885176,62.887895]],[[-129.732259,63.495615],[-130.005388,63.695425]]]}},{"type":"Feature","properties":{"kind":"border","from_year":1912,"to_year":1926,"a":"nova_scotia","b":"prince_edward_island"},"geometry":{"type":"MultiLineString","coordinates":[[[-63.901856,46.083138],[-63.885946,46.067386]],[[-63.16202,45.714609],[-62.81199,45.734507]],[[-63.251295,45.80498],[-63.242456,45.79586]],[[-63.207099,45.760209],[-63.197376,45.750675]],[[-63.186769,45.739067],[-63.16202,45.714609]],[[-62.81199,45.734507],[-62.789008,45.765598]]]}},{"type":"Feature","properties":{"kind":"border","from_year":1912,"to_year":1926,"a":"ontario","b":"quebec"},"geometry":{"type":"MultiLineString","coordinates":[[[-75.923888,45.360806],[-75.811843,45.410873]],[[-75.811843,45.410873],[-75.692616,45.370082]],[[-76.043834,45.401359],[-75.923888,45.360806]],[[-75.579853,45.419911],[-75.692616,45.370082]],[[-79.753976,48.754455],[-79.83618,48.513606]],[[-79.788448,49.648625],[-79.51797,49.489441]],[[-79.51797,49.432648],[-79.586032,49.237398]],[[-79.501176,49.479492],[-79.51797,49.432648]],[[-79.51797,49.489441],[-79.501176,49.479492]],[[-79.586032,49.237398],[-79.51797,49.196773]],[[-79.517087,48.801713],[-79.753976,48.754455]],[[-79.51797,49.196773],[-79.302295,49.068679]],[[-79.302295,49.068679],[-79.323509,49.009399]],[[-79.323509,49.009399],[-79.357982,48.912396]],[[-79.388035,48.827415],[-79.517087,48.801713]],[[-79.948437,51.211454],[-79.950205,51.206479]],[[-79.950205,51.206479],[-79.924571,51.192385]],[[-79.909544,51.184094],[-79.650558,51.036516]],[[-79.650558,51.036516],[-79.738065,50.791936]],[[-79.531229,50.377807],[-79.239537,50.20743]],[[-79.239537,50.20743],[-79.327929,49.964507]],[[-79.327929,49.964507],[-79.703592,49.891133]],[[-79.788448,49.648625],[-79.703592,49.891133]],[[-79.531229,50.377807],[-79.442838,50.621558]],[[-79.738065,50.791936],[-79.442838,50.621558]],[[-75.116077,45.436451],[-75.104586,45.462567]],[[-75.104586,45.462567],[-75.014427,45.667766]],[[-75.014427,45.667766],[-74.788145,45.70466]],[[-74.788145,45.70466],[-74.667049,45.724144]],[[-74.667049,45.724144],[-74.546836,45.637504]],[[-74.423972,45.548792],[-74.488498,45.406189]],[[-74.489382,45.406189],[-74.528274,45.31872]],[[-74.528274,45.31872],[-74.358563,45.195187]],[[-74.318786,45.166168],[-74.287849,45.143783]],[[-74.287849,45.143783],[-74.355911,44.995791]],[[-74.355911,44.995791],[-74.356795,44.992475]],[[-75.116077,45.436451],[-75.27253,45.410749]],[[-75.27253,45.410749],[-75.460804,45.378829]],[[-77.408067,46.1134],[-77.612251,46.248127]],[[-77.612251,46.248127],[-77.665286,46.282948]],[[-76.898048,45.77306],[-77.242775,45.710049]],[[-77.242775,45.710049],[-77.497342,45.879183]],[[-77.497342,45.879183],[-77.408067,46.1134]],[[-77.665286,46.282948],[-78.013548,46.217036]],[[-78.013548,46.217036],[-78.274303,46.385755]],[[-76.321736,45.660304],[-76.300522,45.664035]],[[-76.300522,45.664035],[-76.051258,45.492]],[[-76.646133,45.602683],[-76.645249,45.602683]],[[-76.898048,45.77306],[-76.646133,45.602683]],[[-79.60813,47.222303],[-79.688566,46.984355]],[[-79.688566,46.984355],[-79.418972,46.818124]],[[-79.445489,47.699443],[-79.17236,47.531967]],[[-79.17236,47.531967],[-79.225395,47.379415]],[[-79.225395,47.379415],[-79.255448,47.293605]],[[-79.255448,47.293605],[-79.60813,47.222303]],[[-79.068942,46.88901],[-79.418972,46.818124]],[[-78.885972,46.485245],[-78.621681,46.31777]],[[-78.885972,46.485245],[-78.802,46.721535]],[[-78.274303,46.385755],[-78.621681,46.31777]],[[-79.068942,46.88901],[-78.802,46.721535]],[[-79.639067,48.10611],[-79.555979,48.34613]],[[-79.362401,47.938634],[-79.627576,48.099477]],[[-79.83618,48.513606],[-79.555979,48.34613]]]}},{"type":"Feature","properties":{"kind":"label","from_year":1912,"to_year":1926,"jurisdiction":"alberta","name":"Alberta","sovereign":"Canada","status":"province","h3":"84120bdffffffff"},"geometry":{"type":"Point","coordinates":[-115.44271,56.28179]}},{"type":"Feature","properties":{"kind":"label","from_year":1912,"to_year":1926,"jurisdiction":"british_columbia","name":"British Columbia","sovereign":"Canada","status":"province","h3":"8412aa7ffffffff"},"geometry":{"type":"Point","coordinates":[-125.27189,54.03228]}},{"type":"Feature","properties":{"kind":"label","from_year":1912,"to_year":1926,"jurisdiction":"manitoba","name":"Manitoba","sovereign":"Canada","status":"province","h3":"840e985ffffffff"},"geometry":{"type":"Point","coordinates":[-96.74167,56.12181]}},{"type":"Feature","properties":{"kind":"label","from_year":1912,"to_year":1926,"jurisdiction":"new_brunswick","name":"New Brunswick","sovereign":"Canada","status":"province","h3":"842b025ffffffff"},"geometry":{"type":"Point","coordinates":[-66.28033,46.52931]}},{"type":"Feature","properties":{"kind":"label","from_year":1912,"to_year":1926,"jurisdiction":"newfoundland","name":"Newfoundland","sovereign":"Britain","status":"colony","h3":"841b987ffffffff"},"geometry":{"type":"Point","coordinates":[-56.51042,48.97737]}},{"type":"Feature","properties":{"kind":"label","from_year":1912,"to_year":1926,"jurisdiction":"northwest_territories","name":"North-West Territories","sovereign":"Canada","status":"territory","h3":"8413681ffffffff"},"geometry":{"type":"Point","coordinates":[-99.97657,64.0292]}},{"type":"Feature","properties":{"kind":"label","from_year":1912,"to_year":1926,"jurisdiction":"nova_scotia","name":"Nova Scotia","sovereign":"Canada","status":"province","h3":"842b011ffffffff"},"geometry":{"type":"Point","coordinates":[-63.39259,45.25509]}},{"type":"Feature","properties":{"kind":"label","from_year":1912,"to_year":1926,"jurisdiction":"ontario","name":"Ontario","sovereign":"Canada","status":"province","h3":"840ede9ffffffff"},"geometry":{"type":"Point","coordinates":[-86.97949,51.69577]}},{"type":"Feature","properties":{"kind":"label","from_year":1912,"to_year":1926,"jurisdiction":"prince_edward_island","name":"Prince Edward Island","sovereign":"Canada","status":"province","h3":"842b055ffffffff"},"geometry":{"type":"Point","coordinates":[-62.87475,46.27223]}},{"type":"Feature","properties":{"kind":"label","from_year":1912,"to_year":1926,"jurisdiction":"quebec","name":"Quebec","sovereign":"Canada","status":"province","h3":"840e42bffffffff"},"geometry":{"type":"Point","coordinates":[-70.69109,53.26105]}},{"type":"Feature","properties":{"kind":"label","from_year":1912,"to_year":1926,"jurisdiction":"saskatchewan","name":"Saskatchewan","sovereign":"Canada","status":"province","h3":"841259bffffffff"},"geometry":{"type":"Point","coordinates":[-105.81411,52.31088]}},{"type":"Feature","properties":{"kind":"label","from_year":1912,"to_year":1926,"jurisdiction":"yukon","name":"Yukon Territory","sovereign":"Canada","status":"territory","h3":"8413a2dffffffff"},"geometry":{"type":"Point","coordinates":[-135.7168,62.92285]}},{"type":"Feature","properties":{"kind":"border","from_year":1927,"to_year":1948,"a":"alberta","b":"british_columbia"},"geometry":{"type":"MultiLineString","coordinates":[[[-119.809437,58.635095],[-120.000362,58.651262]],[[-120.000362,58.651262],[-120.242555,58.671575]],[[-120.242555,58.671575],[-120.422873,58.892526]],[[-120.422873,58.892526],[-120.167422,59.078656]],[[-119.634422,58.4129],[-119.809437,58.635095]],[[-120.167422,59.078656],[-120.349508,59.300022]],[[-120.349508,59.300022],[-120.090522,59.486567]],[[-119.888105,58.228843],[-119.713974,58.007062]],[[-119.713974,58.007062],[-119.964122,57.823419]],[[-119.634422,58.4129],[-119.888105,58.228843]],[[-119.792642,57.602468],[-119.964122,57.823419]],[[-120.011853,59.895721],[-120.27526,59.708348]],[[-120.090522,59.486567],[-120.27526,59.708348]],[[-120.086102,55.994869],[-120.251394,56.214162]],[[-120.251394,56.214162],[-120.015389,56.394903]],[[-120.086102,55.994869],[-120.319455,55.814957]],[[-120.155047,55.596078],[-120.319455,55.814957]],[[-120.182449,56.614611],[-120.000362,56.753068]],[[-120.015389,56.394903],[-120.182449,56.614611]],[[-120.000362,56.753068],[-119.942908,56.796181]],[[-120.384865,55.416995],[-120.222225,55.198946]],[[-120.155047,55.596078],[-120.384865,55.416995]],[[-119.674198,54.939441],[-119.833303,55.15832]],[[-120.222225,55.198946],[-119.833303,55.15832]],[[-119.674198,54.939441],[-119.903132,54.762431]],[[-119.746679,54.543967],[-119.903132,54.762431]],[[-120.039255,57.419654],[-120.000362,57.369494]],[[-120.000362,57.100456],[-120.111736,57.016303]],[[-120.000362,57.369494],[-119.868659,57.198702]],[[-119.868659,57.198702],[-120.000362,57.100456]],[[-119.942908,56.796181],[-120.000362,56.871213]],[[-120.000362,56.871213],[-120.111736,57.016303]],[[-119.792642,57.602468],[-120.000362,57.448258]],[[-120.000362,57.448258],[-120.039255,57.419654]],[[-116.917269,51.763625],[-116.5584,51.708905]],[[-116.5584,51.708905],[-116.430232,51.487954]],[[-116.430232,51.487954],[-116.073131,51.431576]],[[-116.073131,51.431576],[-115.948499,51.21021]],[[-116.917269,51.763625],[-117.048972,51.984162]],[[-117.409609,52.036809],[-117.048972,51.984162]],[[-115.472069,50.929979],[-115.594049,51.152174]],[[-115.948499,51.21021],[-115.594049,51.152174]],[[-115.472069,50.929979],[-115.702771,50.767478]],[[-115.232528,50.486832],[-115.581675,50.546526]],[[-115.581675,50.546526],[-115.702771,50.767478]],[[-117.907253,52.307506],[-118.045144,52.526799]],[[-117.543964,52.256517],[-117.907253,52.307506]],[[-117.409609,52.036809],[-117.543964,52.256517]],[[-118.4102,52.575716],[-118.045144,52.526799]],[[-114.316793,49.31782],[-114.428166,49.538771]],[[-114.543959,49.160708],[-114.463523,49.001109]],[[-114.768473,49.601782],[-114.499764,49.552451]],[[-114.499764,49.552451],[-114.428166,49.538771]],[[-114.316793,49.31782],[-114.543959,49.160708]],[[-115.114968,50.265466],[-114.768473,50.203699]],[[-114.768473,50.203699],[-114.653565,49.981918]],[[-114.653565,49.981918],[-114.719858,49.936318]],[[-114.719858,49.936318],[-114.883382,49.822733]],[[-114.768473,49.601782],[-114.883382,49.822733]],[[-115.114968,50.265466],[-115.232528,50.486832]],[[-120.105548,53.581812],[-119.952631,53.365421]],[[-119.952631,53.365421],[-119.582271,53.322308]],[[-119.582271,53.322308],[-119.432889,53.104673]],[[-119.885453,53.756749],[-120.105548,53.581812]],[[-120.039255,53.97397],[-120.000362,53.918836]],[[-120.000362,53.918836],[-119.885453,53.756749]],[[-119.064297,53.059488],[-118.840667,53.231938]],[[-118.840667,53.231938],[-118.470307,53.185094]],[[-118.470307,53.185094],[-118.327113,52.965801]],[[-118.327113,52.965801],[-118.552511,52.794594]],[[-118.4102,52.575716],[-118.552511,52.794594]],[[-119.432889,53.104673],[-119.064297,53.059488]],[[-120.000362,54.005061],[-120.039255,53.97397]],[[-119.972077,54.367372],[-119.816508,54.149736]],[[-119.816508,54.149736],[-120.000362,54.005061]],[[-119.746679,54.543967],[-119.972077,54.367372]]]}},{"type":"Feature","properties":{"kind":"border","from_year":1927,"to_year":1948,"a":"alberta","b":"northwest_territories"},"geometry":{"type":"MultiLineString","coordinates":[[[-119.561941,59.86007],[-120.000362,59.894892]],[[-120.000362,59.894892],[-120.011853,59.895721]],[[-119.291463,60.046615],[-119.561941,59.86007]],[[-119.291463,60.046615],[-118.838015,60.008892]],[[-118.56135,60.194607],[-118.838015,60.008892]],[[-117.931119,59.927641],[-117.477671,59.884943]],[[-117.931119,59.927641],[-117.985922,60.000186]],[[-117.985922,60.000186],[-118.104366,60.153982]],[[-117.191283,60.068171],[-117.477671,59.884943]],[[-117.191283,60.068171],[-116.734299,60.022571]],[[-118.56135,60.194607],[-118.104366,60.153982]],[[-114.604949,60.002673],[-114.295579,60.181342]],[[-114.295579,60.181342],[-113.83506,60.125793]],[[-113.83506,60.125793],[-113.756392,60.000186]],[[-113.756392,60.000186],[-113.689214,59.891576]],[[-113.689214,59.891576],[-113.23223,59.833125]],[[-115.365116,59.876238],[-115.063701,60.056149]],[[-115.063701,60.056149],[-114.604949,60.002673]],[[-112.914905,60.008892],[-113.23223,59.833125]],[[-112.252853,60.056979],[-112.205122,60.08268]],[[-112.205122,60.08268],[-112.130873,60.122476]],[[-112.130873,60.122476],[-111.66947,60.058637]],[[-112.45527,59.947954],[-112.384557,59.986092]],[[-112.914905,60.008892],[-112.45527,59.947954]],[[-115.821215,59.926812],[-115.365116,59.876238]],[[-111.338886,60.231501],[-111.66947,60.058637]],[[-115.982088,60.157298],[-116.440839,60.205385]],[[-115.821215,59.926812],[-115.982088,60.157298]],[[-116.440839,60.205385],[-116.734299,60.022571]],[[-110.750199,59.925983],[-110.875715,60.165174]],[[-110.291447,59.856754],[-110.750199,59.925983]],[[-111.338886,60.231501],[-110.875715,60.165174]]]}},{"type":"Feature","properties":{"kind":"border","from_year":1927,"to_year":1948,"a":"alberta","b":"saskatchewan"},"geometry":{"type":"MultiLineString","coordinates":[[[-110.044835,54.337525],[-110.147369,54.5734]],[[-110.147369,54.5734],[-109.856562,54.734657]],[[-110.044835,54.337525],[-110.331224,54.176682]],[[-110.22869,53.941221],[-110.331224,54.176682]],[[-109.843303,53.865774],[-110.22869,53.941221]],[[-109.959096,54.971361],[-109.664752,55.133033]],[[-109.856562,54.734657],[-109.959096,54.971361]],[[-109.999756,55.413679],[-110.168583,55.44477]],[[-110.168583,55.44477],[-110.274653,55.681889]],[[-110.274653,55.681889],[-110.032461,55.814542]],[[-109.767286,55.370152],[-109.999756,55.413679]],[[-109.664752,55.133033],[-109.767286,55.370152]],[[-110.019202,55.942636],[-110.082844,56.082752]],[[-110.082844,56.082752],[-109.778777,56.246496]],[[-109.818553,52.143761],[-109.914016,52.377149]],[[-109.914016,52.377149],[-109.639119,52.533847]],[[-109.994452,51.75492],[-110.089915,51.987479]],[[-109.639119,52.533847],[-109.693037,52.66733]],[[-109.693037,52.66733],[-109.734581,52.767649]],[[-110.108477,52.84434],[-109.734581,52.767649]],[[-109.945837,53.277952],[-110.027157,53.471544]],[[-110.027157,53.471544],[-109.745188,53.630314]],[[-109.928159,53.236912],[-109.945837,53.277952]],[[-109.928159,53.236912],[-110.207476,53.078142]],[[-110.108477,52.84434],[-110.207476,53.078142]],[[-109.745188,53.630314],[-109.843303,53.865774]],[[-110.238413,58.082923],[-109.805295,58.010378]],[[-109.805295,58.010378],[-109.693921,57.770772]],[[-109.693921,57.770772],[-110.012131,57.604955]],[[-109.900757,57.365763],[-110.012131,57.604955]],[[-109.900757,57.365763],[-110.213663,57.199946]],[[-110.238413,58.082923],[-110.354205,58.3217]],[[-110.354205,58.3217],[-110.031577,58.48959]],[[-110.300287,56.558233],[-110.410776,56.795766]],[[-110.410776,56.795766],[-110.103174,56.961584]],[[-109.885731,56.484859],[-110.300287,56.558233]],[[-109.778777,56.246496],[-109.885731,56.484859]],[[-110.103174,56.961584],[-110.213663,57.199946]],[[-109.879543,59.022693],[-109.819437,58.897086]],[[-109.819437,58.897086],[-110.147369,58.729196]],[[-110.031577,58.48959],[-110.147369,58.729196]],[[-110.170351,59.617148],[-109.716903,59.545847]],[[-109.716903,59.545847],[-109.700109,59.512269]],[[-110.262278,51.599051],[-110.166816,51.367322]],[[-109.994452,51.75492],[-110.262278,51.599051]],[[-110.170351,59.617148],[-110.291447,59.856754]],[[-110.201288,49.072825],[-110.173003,48.99945]],[[-110.220734,49.908958],[-110.312661,50.137786]],[[-110.312661,50.137786],[-110.055442,50.290753]],[[-109.87424,49.831439],[-110.220734,49.908958]],[[-109.784965,49.602196],[-109.87424,49.831439]],[[-110.055442,50.290753],[-110.148253,50.520824]],[[-110.148253,50.520824],[-109.887499,50.673791]],[[-110.039532,49.451303],[-109.950257,49.223304]],[[-109.950257,49.223304],[-110.201288,49.072825]],[[-110.005059,49.472444],[-110.039532,49.451303]],[[-109.784965,49.602196],[-110.005059,49.472444]],[[-109.715135,51.058902],[-109.807062,51.290631]],[[-110.166816,51.367322],[-109.807062,51.290631]],[[-109.715135,51.058902],[-109.979426,50.904691]],[[-109.887499,50.673791],[-109.979426,50.904691]]]}},{"type":"Feature","properties":{"kind":"border","from_year":1927,"to_year":1948,"a":"british_columbia","b":"northwest_territories"},"geometry":{"type":"MultiLineString","coordinates":[[[-120.011853,59.895721],[-120.198359,60.117916]],[[-120.911678,59.962048],[-120.650923,60.15108]],[[-120.650923,60.15108],[-120.198359,60.117916]],[[-121.61439,59.803693],[-121.360706,59.993139]],[[-121.360706,59.993139],[-120.911678,59.962048]],[[-122.059883,59.832296],[-121.61439,59.803693]],[[-123.599661,60.122891],[-124.045154,60.144447]],[[-122.257879,60.049931],[-122.706024,60.075633]],[[-123.392825,59.908572],[-122.9491,59.884529]],[[-122.706024,60.075633],[-122.9491,59.884529]],[[-123.392825,59.908572],[-123.599661,60.122891]]]}},{"type":"Feature","properties":{"kind":"border","from_year":1927,"to_year":1948,"a":"british_columbia","b":"yukon"},"geometry":{"type":"MultiLineString","coordinates":[[[-125.601727,60.004332],[-125.378097,60.198752]],[[-125.378097,60.198752],[-124.934372,60.182171]],[[-124.934372,60.182171],[-124.750518,60.000186]],[[-124.750518,60.000186],[-124.720465,59.970754]],[[-124.720465,59.970754],[-124.278508,59.95127]],[[-126.041033,60.018841],[-125.601727,60.004332]],[[-124.045154,60.144447],[-124.278508,59.95127]],[[-126.041033,60.018841],[-126.262895,60.227356]],[[-130.79826,60.083924],[-131.223422,60.081437]],[[-134.564619,60.013866],[-134.413469,60.214505]],[[-134.413469,60.214505],[-133.998029,60.226941]],[[-133.998029,60.226941],[-133.739043,60.038324]],[[-133.739043,60.038324],[-133.323603,60.048688]],[[-133.323603,60.048688],[-133.069036,59.858412]],[[-134.974755,59.999772],[-134.564619,60.013866]],[[-134.974755,59.999772],[-134.986246,60.008477]],[[-134.986246,60.008477],[-135.239045,60.185072]],[[-132.653596,59.866703],[-132.543107,60.000186]],[[-132.543107,60.000186],[-132.488304,60.065684]],[[-132.488304,60.065684],[-132.068445,60.072317]],[[-132.068445,60.072317],[-131.818297,59.878725]],[[-131.818297,59.878725],[-131.399321,59.88287]],[[-133.069036,59.858412],[-132.653596,59.866703]],[[-131.223422,60.081437],[-131.295019,60.000186]],[[-131.295019,60.000186],[-131.399321,59.88287]],[[-128.142097,60.000186],[-127.990948,59.866289]],[[-128.850112,59.878725],[-128.653884,60.076048]],[[-128.653884,60.076048],[-128.221649,60.069829]],[[-128.221649,60.069829],[-128.142097,60.000186]],[[-127.990948,59.866289],[-127.558714,59.857998]],[[-129.278811,59.88287],[-128.850112,59.878725]],[[-129.5157,60.083095],[-129.944398,60.084753]],[[-129.278811,59.88287],[-129.5157,60.083095]],[[-126.703085,60.239378],[-126.916108,60.043713]],[[-126.916108,60.043713],[-127.352762,60.054077]],[[-126.703085,60.239378],[-126.262895,60.227356]],[[-127.352762,60.054077],[-127.558714,59.857998]],[[-130.555183,59.887016],[-130.130904,59.887016]],[[-130.555183,59.887016],[-130.79826,60.083924]],[[-129.944398,60.084753],[-130.024835,60.000186]],[[-130.024835,60.000186],[-130.130904,59.887016]],[[-137.395796,59.890332],[-136.997151,59.911474]],[[-137.668926,60.068586],[-138.067571,60.045371]],[[-136.939696,60.000186],[-136.997151,59.911474]],[[-137.395796,59.890332],[-137.668926,60.068586]],[[-136.866331,60.112113],[-136.939696,60.000186]],[[-138.187783,59.844732],[-138.581125,59.820274]],[[-138.067571,60.045371],[-138.187783,59.844732]],[[-136.193673,59.950441],[-136.462383,60.132011]],[[-135.648298,60.168491],[-135.78884,59.967852]],[[-135.78884,59.967852],[-136.193673,59.950441]],[[-135.648298,60.168491],[-135.239045,60.185072]],[[-136.866331,60.112113],[-136.462383,60.132011]]]}},{"type":"Feature","properties":{"kind":"border","from_year":1927,"to_year":1948,"a":"manitoba","b":"northwest_territories"},"geometry":{"type":"MultiLineString","coordinates":[[[-94.88924,59.831882],[-94.79201,59.804107]],[[-94.88924,59.831882],[-94.89366,60.000186]],[[-94.89366,60.000186],[-94.896312,60.086826]],[[-95.769619,60.079364],[-95.338269,60.211189]],[[-95.338269,60.211189],[-94.896312,60.086826]],[[-99.234563,59.993553],[-99.219537,59.998942]],[[-99.190368,60.009306],[-98.823543,60.135742]],[[-98.823543,60.135742],[-98.373631,60.023401]],[[-99.61995,60.086826],[-99.234563,59.993553]],[[-100.09196,59.958317],[-100.016827,59.985263]],[[-99.878053,60.034593],[-99.830321,60.051589]],[[-97.957307,60.163102],[-98.373631,60.023401]],[[-97.957307,60.163102],[-97.509162,60.047859]],[[-100.944054,59.917692],[-100.54364,60.06444]],[[-100.54364,60.06444],[-100.09196,59.958317]],[[-101.791727,59.871678],[-101.396618,60.020499]],[[-101.396618,60.020499],[-100.944054,59.917692]],[[-96.214228,60.200825],[-96.641159,60.066513]],[[-96.641159,60.066513],[-97.087535,60.184658]],[[-96.214228,60.200825],[-95.769619,60.079364]],[[-97.087535,60.184658],[-97.509162,60.047859]]]}},{"type":"Feature","properties":{"kind":"border","from_year":1927,"to_year":1948,"a":"manitoba","b":"ontario"},"geometry":{"type":"MultiLineString","coordinates":[[[-90.080747,56.183486],[-90.108148,55.929785]],[[-90.108148,55.929785],[-90.512097,55.817859]],[[-90.535962,55.564573],[-90.512097,55.817859]],[[-90.535962,55.564573],[-90.933724,55.451402]],[[-90.933724,55.451402],[-91.310271,55.590274]],[[-89.640557,56.548699],[-89.671494,56.294584]],[[-89.671494,56.294584],[-90.080747,56.183486]],[[-91.705381,55.474617],[-91.721292,55.221745]],[[-91.721292,55.221745],[-92.111098,55.105259]],[[-91.310271,55.590274],[-91.705381,55.474617]],[[-92.123473,54.852802],[-92.111098,55.105259]],[[-89.195948,56.877846],[-89.225117,56.658553]],[[-89.225117,56.658553],[-89.640557,56.548699]],[[-95.379813,51.032371],[-95.370974,50.786547]],[[-95.022711,50.41553],[-95.355063,50.295727]],[[-95.370974,50.786547],[-95.029783,50.661355]],[[-95.029783,50.661355],[-95.022711,50.41553]],[[-95.396607,51.525677],[-95.048345,51.400485]],[[-95.048345,51.400485],[-95.042158,51.153417]],[[-95.042158,51.153417],[-95.379813,51.032371]],[[-95.346224,50.050732],[-95.355063,50.295727]],[[-95.011221,49.925955],[-95.346224,50.050732]],[[-95.005033,49.681374],[-95.011221,49.925955]],[[-95.330314,49.5624],[-95.323242,49.319063]],[[-95.213637,49.605513],[-95.330314,49.5624]],[[-95.423125,52.268124],[-95.068675,52.142932]],[[-95.068675,52.142932],[-95.061604,51.895035]],[[-95.061604,51.895035],[-95.405446,51.772745]],[[-95.396607,51.525677],[-95.405446,51.772745]],[[-95.423125,52.268124],[-95.431964,52.516436]],[[-95.431964,52.516436],[-95.081934,52.639555]],[[-95.323242,49.319063],[-95.153531,49.255224]],[[-93.649993,53.624925],[-93.2814,53.744313]],[[-94.38099,53.633215],[-94.258126,53.674255]],[[-94.215698,53.68835],[-94.109628,53.723586]],[[-93.910747,53.717782],[-93.88423,53.708248]],[[-93.845338,53.694568],[-93.649993,53.624925]],[[-94.378338,53.382831],[-94.38099,53.633215]],[[-94.25459,53.675499],[-94.221001,53.686692]],[[-93.2814,53.744313],[-93.276981,53.995112]],[[-93.276981,53.995112],[-92.903969,54.114086]],[[-94.733672,53.011401],[-95.089005,52.888281]],[[-94.738975,53.260956],[-94.733672,53.011401]],[[-95.081934,52.639555],[-95.089005,52.888281]],[[-94.378338,53.382831],[-94.738975,53.260956]],[[-92.507975,54.735486],[-92.517698,54.483444]],[[-92.517698,54.483444],[-92.896014,54.365714]],[[-92.903969,54.114086],[-92.896014,54.365714]],[[-92.123473,54.852802],[-92.507975,54.735486]]]}},{"type":"Feature","properties":{"kind":"border","from_year":1927,"to_year":1948,"a":"manitoba","b":"saskatchewan"},"geometry":{"type":"MultiLineString","coordinates":[[[-102.13557,58.061782],[-102.194792,58.075462]],[[-102.194792,58.075462],[-102.254898,58.324602]],[[-102.254898,58.324602],[-101.881003,58.473423]],[[-101.766094,57.974313],[-101.804986,57.983847]],[[-101.845646,57.993382],[-101.995028,58.028618]],[[-101.748416,57.893892],[-101.759906,57.946953]],[[-101.76521,57.969753],[-101.766094,57.974313]],[[-101.881003,58.473423],[-101.939341,58.722978]],[[-102.058669,59.222088],[-102.11966,59.472058]],[[-102.11966,59.472058],[-101.732505,59.621294]],[[-101.732505,59.621294],[-101.791727,59.871678]],[[-101.802334,52.847656],[-101.6229,52.797496]],[[-101.432858,52.743191],[-101.386011,52.499025]],[[-101.386011,52.499025],[-101.705988,52.360153]],[[-101.658256,52.116402],[-101.697149,52.317455]],[[-101.697149,52.317455],[-101.705988,52.360153]],[[-101.294967,52.011522],[-101.658256,52.116402]],[[-101.802334,52.847656],[-101.851834,53.092236]],[[-101.851834,53.092236],[-101.527437,53.232767]],[[-102.162971,54.563865],[-102.109053,54.317626]],[[-101.9526,53.581812],[-102.004751,53.826807]],[[-102.004751,53.826807],[-101.674167,53.968996]],[[-101.575168,53.477762],[-101.9526,53.581812]],[[-101.527437,53.232767],[-101.575168,53.477762]],[[-101.674167,53.968996],[-101.723666,54.21482]],[[-102.109053,54.317626],[-101.723666,54.21482]],[[-102.069276,57.308971],[-102.095794,57.298193]],[[-102.09933,57.296535],[-102.117892,57.289073]],[[-102.059553,57.502148],[-102.019777,57.329284]],[[-102.019777,57.329284],[-102.027732,57.325967]],[[-102.439637,59.072024],[-102.377763,58.822883]],[[-102.377763,58.822883],[-101.939341,58.722978]],[[-102.058669,59.222088],[-102.439637,59.072024]],[[-101.690961,55.83983],[-101.743996,56.087726]],[[-102.149713,56.189704],[-101.743996,56.087726]],[[-101.587543,55.34445],[-101.984421,55.447672]],[[-101.984421,55.447672],[-102.039223,55.694739]],[[-102.149713,56.189704],[-102.206283,56.437601]],[[-102.206283,56.437601],[-101.851834,56.583935]],[[-101.8262,54.707297],[-101.878351,54.95395]],[[-101.878351,54.95395],[-101.53716,55.097382]],[[-101.8262,54.707297],[-102.162971,54.563865]],[[-101.53716,55.097382],[-101.587543,55.34445]],[[-101.90752,56.832246],[-102.138222,56.888624]],[[-102.228381,56.910595],[-102.269041,56.920544]],[[-102.149713,56.891526],[-102.166507,56.895671]],[[-102.182417,56.899402],[-102.208051,56.90562]],[[-101.851834,56.583935],[-101.90752,56.832246]],[[-101.689193,50.526628],[-101.686542,50.511704]],[[-101.644114,50.286193],[-101.447001,50.226499]],[[-101.447001,50.226499],[-101.296735,50.180899]],[[-101.296735,50.180899],[-101.276405,50.063583]],[[-101.276405,50.063583],[-101.254307,49.940464]],[[-101.254307,49.940464],[-101.417832,49.867504]],[[-101.417832,49.867504],[-101.554838,49.806152]],[[-101.78112,51.008742],[-101.428439,50.904277]],[[-101.384243,50.662598],[-101.508875,50.607464]],[[-101.508875,50.607464],[-101.689193,50.526628]],[[-101.170336,49.461252],[-101.392198,49.53048]],[[-101.417832,49.537942],[-101.510643,49.566546]],[[-101.510643,49.566546],[-101.554838,49.806152]],[[-101.128792,49.22206],[-101.170336,49.461252]],[[-101.249888,51.768185],[-101.294967,52.011522]],[[-101.570749,51.365249],[-101.713943,51.301409]],[[-101.747532,51.286486],[-101.828852,51.250421]],[[-101.564561,51.630557],[-101.518598,51.388049]],[[-101.518598,51.388049],[-101.570749,51.365249]],[[-101.78112,51.008742],[-101.828852,51.250421]],[[-101.249888,51.768185],[-101.564561,51.630557]],[[-101.424903,49.088992],[-101.408109,48.99945]],[[-101.128792,49.22206],[-101.424903,49.088992]]]}},{"type":"Feature","properties":{"kind":"border","from_year":1927,"to_year":1948,"a":"new_brunswick","b":"nova_scotia"},"geometry":{"type":"MultiLineString","coordinates":[[[-63.901856,46.083138],[-64.116647,46.069044]],[[-64.116647,46.069044],[-64.255422,46.059924]],[[-64.410991,45.841874],[-64.255422,46.059924]],[[-64.410991,45.841874],[-64.513525,45.834827]],[[-64.570095,45.830681],[-64.762789,45.817001]],[[-64.808752,45.497389],[-64.715941,45.406604]],[[-64.715941,45.406604],[-64.76986,45.328255]],[[-64.909518,45.60517],[-64.887421,45.63709]]]}},{"type":"Feature","properties":{"kind":"border","from_year":1927,"to_year":1948,"a":"new_brunswick","b":"prince_edward_island"},"geometry":{"type":"MultiLineString","coordinates":[[[-63.850589,46.154025],[-63.901856,46.083138]],[[-64.104273,46.48566],[-63.941632,46.496023]],[[-63.941632,46.496023],[-63.933677,46.487733]],[[-63.916883,46.471151],[-63.869151,46.424722]],[[-63.838214,46.393631],[-63.834679,46.390315]],[[-63.783412,46.339326],[-63.744519,46.300359]],[[-63.744519,46.300359],[-63.745403,46.298701]]]}},{"type":"Feature","properties":{"kind":"border","from_year":1927,"to_year":1948,"a":"new_brunswick","b":"quebec"},"geometry":{"type":"MultiLineString","coordinates":[[[-68.467274,47.388121],[-68.326731,47.614876]],[[-68.553013,47.805566],[-68.383302,47.662963]],[[-68.383302,47.662963],[-68.326731,47.614876]],[[-68.467274,47.388121],[-68.778411,47.356201]],[[-68.778411,47.356201],[-68.83233,47.350812]],[[-68.924257,47.197845],[-68.837634,47.341692]],[[-68.837634,47.341692],[-68.83233,47.350812]],[[-67.814945,47.877282],[-67.445469,47.911689]],[[-67.445469,47.911689],[-67.223606,47.718926]],[[-68.553013,47.805566],[-68.469925,47.939463]],[[-68.469925,47.939463],[-68.411587,48.033565]],[[-68.411587,48.033565],[-68.040343,48.06963]],[[-68.040343,48.06963],[-67.959023,47.999987]],[[-67.959023,47.999987],[-67.814945,47.877282]],[[-66.704748,47.975943],[-66.855014,47.750846]],[[-66.855014,47.750846],[-67.223606,47.718926]],[[-66.579233,47.986721],[-66.633151,47.982161]],[[-66.633151,47.982161],[-66.704748,47.975943]],[[-66.117829,47.811784],[-65.911877,47.827951]],[[-65.781058,47.8379],[-65.749237,47.840387]],[[-66.330853,48.003303],[-66.117829,47.811784]],[[-65.318771,48.084139],[-65.536214,48.068386]],[[-65.749237,47.840387],[-65.747469,47.84246]],[[-65.222424,48.090772],[-65.170273,48.04227]]]}},{"type":"Feature","properties":{"kind":"border","from_year":1927,"to_year":1948,"a":"newfoundland","b":"northwest_territories"},"geometry":{"type":"MultiLineString","coordinates":[[[-64.547998,60.380737],[-64.728316,60.37369]],[[-64.436624,60.384882],[-64.508221,60.381981]]]}},{"type":"Feature","properties":{"kind":"border","from_year":1927,"to_year":1948,"a":"newfoundland","b":"quebec"},"geometry":{"type":"MultiLineString","coordinates":[[[-67.919247,54.403022],[-68.088074,54.168391]],[[-68.088074,54.168391],[-67.825552,53.967752]],[[-67.485245,54.4366],[-67.919247,54.403022]],[[-67.311998,54.670817],[-67.485245,54.4366]],[[-67.395969,54.000915],[-67.825552,53.967752]],[[-67.309346,53.566059],[-67.055662,53.364591]],[[-67.055662,53.364591],[-67.22449,53.132033]],[[-67.22449,53.132033],[-66.973458,52.930979]],[[-67.309346,53.566059],[-67.13875,53.799033]],[[-66.555367,52.961241],[-66.873576,52.938441]],[[-66.873576,52.938441],[-66.884183,52.937612]],[[-66.884183,52.937612],[-66.973458,52.930979]],[[-67.395969,54.000915],[-67.13875,53.799033]],[[-64.933384,55.040175],[-65.374457,55.016132]],[[-65.560079,54.785231],[-65.374457,55.016132]],[[-64.933384,55.040175],[-64.683236,54.832904]],[[-65.998501,54.758701],[-66.25572,54.9639]],[[-65.560079,54.785231],[-65.998501,54.758701]],[[-64.244815,54.854046],[-64.683236,54.832904]],[[-63.999971,54.64553],[-63.564201,54.664599]],[[-64.244815,54.854046],[-63.999971,54.64553]],[[-66.696793,54.934881],[-66.781649,54.823369]],[[-66.794024,54.808031],[-66.87446,54.701494]],[[-66.87446,54.701494],[-67.311998,54.670817]],[[-66.25572,54.9639],[-66.696793,54.934881]],[[-64.208574,56.399048],[-63.750707,56.418117]],[[-63.750707,56.418117],[-63.498791,56.207115]],[[-63.498791,56.207115],[-63.702092,55.978702]],[[-63.702092,55.978702],[-63.453712,55.768114]],[[-63.453712,55.768114],[-63.655244,55.540115]],[[-64.465793,56.608807],[-64.208574,56.399048]],[[-64.465793,56.608807],[-64.263377,56.838879]],[[-64.263377,56.838879],[-63.800206,56.857948]],[[-63.367088,54.892184],[-63.609281,55.101942]],[[-63.609281,55.101942],[-63.409516,55.329941]],[[-63.564201,54.664599],[-63.367088,54.892184]],[[-63.655244,55.540115],[-63.409516,55.329941]],[[-64.357956,52.224597],[-64.537391,51.997428]],[[-64.888305,51.543503],[-65.119006,51.746214]],[[-64.537391,51.997428],[-64.308457,51.793058]],[[-64.308457,51.793058],[-64.48524,51.566717]],[[-64.48524,51.566717],[-64.888305,51.543503]],[[-65.587481,52.152052],[-65.825254,52.354349]],[[-65.119006,51.746214],[-65.524723,51.720927]],[[-65.524723,51.720927],[-65.759844,51.92281]],[[-65.759844,51.92281],[-65.587481,52.152052]],[[-63.948704,52.245739],[-64.357956,52.224597]],[[-63.948704,52.245739],[-63.721538,52.040126]],[[-66.480234,52.528458],[-66.237158,52.326575]],[[-66.480234,52.528458],[-66.309639,52.759358]],[[-65.825254,52.354349],[-66.237158,52.326575]],[[-66.555367,52.961241],[-66.309639,52.759358]],[[-62.499084,52.093602],[-62.686474,51.870163]],[[-62.686474,51.870163],[-63.092191,51.852752]],[[-63.092191,51.852752],[-63.314053,52.059195]],[[-63.314053,52.059195],[-63.721538,52.040126]],[[-62.0916,52.108525],[-62.499084,52.093602]],[[-62.0916,52.108525],[-61.875925,51.90001]],[[-63.851473,57.298193],[-63.641101,57.527435]],[[-63.592486,57.086776],[-63.851473,57.298193]],[[-63.800206,56.857948],[-63.592486,57.086776]],[[-64.981999,60.141131],[-64.964321,60.127865]],[[-64.949295,60.117087],[-64.692959,59.930128]],[[-64.692959,59.930128],[-64.911286,59.698399]],[[-64.438392,58.161687],[-64.646996,57.930786]],[[-64.378286,57.720198],[-63.903624,57.739267]],[[-63.903624,57.739267],[-63.641101,57.527435]],[[-64.646996,57.930786],[-64.378286,57.720198]],[[-64.068032,59.064147],[-64.56214,59.045078]],[[-64.56214,59.045078],[-64.843225,59.256081]],[[-64.843225,59.256081],[-64.626666,59.487396]],[[-64.068032,59.064147],[-64.023836,59.030155]],[[-64.014997,59.023522],[-63.878874,58.917814]],[[-63.87799,58.916984],[-63.794903,58.851901]],[[-63.794903,58.851901],[-64.012345,58.622244]],[[-64.911286,59.698399],[-64.626666,59.487396]],[[-63.957543,58.180341],[-63.741868,58.409998]],[[-64.012345,58.622244],[-63.741868,58.409998]],[[-63.957543,58.180341],[-64.438392,58.161687]],[[-57.040913,51.962606],[-57.227419,52.177754]],[[-57.25482,51.75036],[-57.11693,51.590761]],[[-57.11693,51.590761],[-57.070082,51.536041]],[[-57.070082,51.536041],[-57.194714,51.410849]],[[-57.6296,52.179412],[-57.227419,52.177754]],[[-57.040913,51.962606],[-57.107207,51.897108]],[[-57.107207,51.897108],[-57.25482,51.75036]],[[-57.84174,51.965922],[-57.6296,52.179412]],[[-58.243037,51.965508],[-57.84174,51.965922]],[[-58.437498,52.178998],[-58.841447,52.176925]],[[-58.243037,51.965508],[-58.437498,52.178998]],[[-61.471092,51.912861],[-61.276631,52.133812]],[[-61.276631,52.133812],[-60.87003,52.14459]],[[-60.87003,52.14459],[-60.66231,51.934417]],[[-60.66231,51.934417],[-60.257477,51.943122]],[[-61.875925,51.90001],[-61.471092,51.912861]],[[-60.057713,52.161587],[-60.257477,51.943122]],[[-59.450464,51.955973],[-59.047399,51.960533]],[[-58.841447,52.176925],[-59.047399,51.960533]],[[-59.450464,51.955973],[-59.651996,52.168219]],[[-60.057713,52.161587],[-59.651996,52.168219]]]}},{"type":"Feature","properties":{"kind":"border","from_year":1927,"to_year":1948,"a":"northwest_territories","b":"ontario"},"geometry":{"type":"MultiLineString","coordinates":[[[-82.20507,53.289559],[-82.234239,53.194629]],[[-82.280203,53.04332],[-82.281087,53.040419]],[[-82.281087,53.040419],[-82.280203,53.039589]],[[-82.115795,53.308214],[-82.20507,53.289559]],[[-81.352093,52.8489],[-81.559812,52.95751]],[[-81.559812,52.95751],[-81.741015,52.920201]]]}},{"type":"Feature","properties":{"kind":"border","from_year":1927,"to_year":1948,"a":"northwest_territories","b":"quebec"},"geometry":{"type":"MultiLineString","coordinates":[[[-73.976712,62.652849],[-74.298456,62.619685]]]}},{"type":"Feature","properties":{"kind":"border","from_year":1927,"to_year":1948,"a":"northwest_territories","b":"saskatchewan"},"geometry":{"type":"MultiLineString","coordinates":[[[-104.837696,60.039982],[-104.460265,60.197509]],[[-104.460265,60.197509],[-104.000629,60.10548]],[[-104.000629,60.10548],[-103.967924,60.000186]],[[-103.967924,60.000186],[-103.924613,59.857583]],[[-103.924613,59.857583],[-103.470281,59.763896]],[[-105.668576,59.96951],[-105.297332,60.128695]],[[-105.297332,60.128695],[-104.837696,60.039982]],[[-102.245175,59.971583],[-102.634098,59.820274]],[[-102.634098,59.820274],[-103.087546,59.917277]],[[-102.245175,59.971583],[-101.791727,59.871678]],[[-103.087546,59.917277],[-103.470281,59.763896]],[[-107.87129,60.1374],[-108.334461,60.21492]],[[-108.334461,60.21492],[-108.686259,60.048273]],[[-108.686259,60.048273],[-109.147662,60.122891]],[[-106.127327,60.05532],[-106.492384,59.894478]],[[-106.492384,59.894478],[-106.951135,59.976972]],[[-106.127327,60.05532],[-105.829448,60.000186]],[[-105.829448,60.000186],[-105.668576,59.96951]],[[-107.309121,59.814056],[-107.766988,59.894063]],[[-107.766988,59.894063],[-107.812068,60.000186]],[[-107.812068,60.000186],[-107.87129,60.1374]],[[-106.951135,59.976972],[-107.309121,59.814056]],[[-109.952908,60.026717],[-110.005943,60.000186]],[[-110.005943,60.000186],[-110.291447,59.856754]],[[-109.594923,59.971168],[-109.492389,59.955001]]]}},{"type":"Feature","properties":{"kind":"border","from_year":1927,"to_year":1948,"a":"northwest_territories","b":"yukon"},"geometry":{"type":"MultiLineString","coordinates":[[[-136.122076,68.38391],[-136.454427,68.507029]],[[-135.905517,68.01165],[-136.313001,68.165031]],[[-136.313001,68.165031],[-136.122076,68.38391]],[[-136.095558,67.794015],[-135.905517,68.01165]],[[-136.684245,67.728102],[-136.864564,67.510053]],[[-136.095558,67.794015],[-136.684245,67.728102]],[[-134.36397,66.812376],[-133.830086,66.83642]],[[-133.830086,66.83642],[-133.497734,66.646973]],[[-133.497734,66.646973],[-133.699266,66.435556]],[[-133.699266,66.435556],[-133.373102,66.245696]],[[-133.373102,66.245696],[-133.571983,66.034693]],[[-135.302687,66.904819],[-134.736098,66.965757]],[[-134.736098,66.965757],[-134.36397,66.812376]],[[-133.25289,65.844418],[-132.734916,65.863072]],[[-132.734916,65.863072],[-132.42201,65.670724]],[[-132.42201,65.670724],[-132.626194,65.460965]],[[-132.318592,65.268202],[-132.520125,65.059273]],[[-132.626194,65.460965],[-132.318592,65.268202]],[[-133.571983,66.034693],[-133.25289,65.844418]],[[-136.252011,66.992288],[-136.643585,67.142353]],[[-136.643585,67.142353],[-136.46415,67.359159]],[[-135.683654,67.056957],[-136.252011,66.992288]],[[-135.683654,67.056957],[-135.302687,66.904819]],[[-136.864564,67.510053],[-136.46415,67.359159]],[[-124.019521,60.551114],[-124.234312,60.764604]],[[-124.688644,60.782844],[-124.234312,60.764604]],[[-124.019521,60.551114],[-124.257294,60.357522]],[[-124.045154,60.144447],[-124.257294,60.357522]],[[-124.688644,60.782844],[-124.907855,60.994676]],[[-125.363954,61.010014],[-125.593772,60.814349]],[[-125.593772,60.814349],[-126.044568,60.827615]],[[-125.363954,61.010014],[-124.907855,60.994676]],[[-126.944393,60.85],[-126.725182,61.047323]],[[-126.044568,60.827615],[-126.267315,60.631536]],[[-126.267315,60.631536],[-126.714575,60.643143]],[[-126.714575,60.643143],[-126.944393,60.85]],[[-126.725182,61.047323],[-126.958536,61.254594]],[[-130.560487,64.093387],[-130.844223,64.291124]],[[-131.337447,64.281175],[-130.844223,64.291124]],[[-130.560487,64.093387],[-130.76909,63.887359]],[[-130.490657,63.689622],[-130.76909,63.887359]],[[-130.005388,63.695425],[-130.490657,63.689622]],[[-131.337447,64.281175],[-131.627371,64.476839]],[[-132.21871,64.866095],[-132.520125,65.059273]],[[-132.418475,64.657995],[-132.122363,64.463988]],[[-132.122363,64.463988],[-131.627371,64.476839]],[[-132.21871,64.866095],[-132.418475,64.657995]],[[-128.386941,62.081194],[-128.850112,62.083266]],[[-128.850112,62.083266],[-129.103796,62.285563]],[[-129.103796,62.285563],[-128.89254,62.487031]],[[-128.138561,61.877653],[-128.386941,62.081194]],[[-127.677158,61.872678],[-128.138561,61.877653]],[[-128.89254,62.487031],[-129.150643,62.689329]],[[-129.62177,62.68767],[-129.150643,62.689329]],[[-127.434082,61.667065],[-127.677158,61.872678]],[[-127.652409,61.468084],[-127.412868,61.26247]],[[-127.412868,61.26247],[-126.958536,61.254594]],[[-127.434082,61.667065],[-127.652409,61.468084]],[[-129.676572,63.091436],[-129.944398,63.291245]],[[-129.944398,63.291245],[-129.732259,63.495615]],[[-129.676572,63.091436],[-129.885176,62.887895]],[[-129.62177,62.68767],[-129.885176,62.887895]],[[-129.732259,63.495615],[-130.005388,63.695425]]]}},{"type":"Feature","properties":{"kind":"border","from_year":1927,"to_year":1948,"a":"nova_scotia","b":"prince_edward_island"},"geometry":{"type":"MultiLineString","coordinates":[[[-63.901856,46.083138],[-63.885946,46.067386]],[[-63.16202,45.714609],[-62.81199,45.734507]],[[-63.251295,45.80498],[-63.242456,45.79586]],[[-63.207099,45.760209],[-63.197376,45.750675]],[[-63.186769,45.739067],[-63.16202,45.714609]],[[-62.81199,45.734507],[-62.789008,45.765598]]]}},{"type":"Feature","properties":{"kind":"border","from_year":1927,"to_year":1948,"a":"ontario","b":"quebec"},"geometry":{"type":"MultiLineString","coordinates":[[[-75.923888,45.360806],[-75.811843,45.410873]],[[-75.811843,45.410873],[-75.692616,45.370082]],[[-76.043834,45.401359],[-75.923888,45.360806]],[[-75.579853,45.419911],[-75.692616,45.370082]],[[-79.753976,48.754455],[-79.83618,48.513606]],[[-79.788448,49.648625],[-79.51797,49.489441]],[[-79.51797,49.432648],[-79.586032,49.237398]],[[-79.501176,49.479492],[-79.51797,49.432648]],[[-79.51797,49.489441],[-79.501176,49.479492]],[[-79.586032,49.237398],[-79.51797,49.196773]],[[-79.517087,48.801713],[-79.753976,48.754455]],[[-79.51797,49.196773],[-79.302295,49.068679]],[[-79.302295,49.068679],[-79.323509,49.009399]],[[-79.323509,49.009399],[-79.357982,48.912396]],[[-79.388035,48.827415],[-79.517087,48.801713]],[[-79.948437,51.211454],[-79.950205,51.206479]],[[-79.950205,51.206479],[-79.924571,51.192385]],[[-79.909544,51.184094],[-79.650558,51.036516]],[[-79.650558,51.036516],[-79.738065,50.791936]],[[-79.531229,50.377807],[-79.239537,50.20743]],[[-79.239537,50.20743],[-79.327929,49.964507]],[[-79.327929,49.964507],[-79.703592,49.891133]],[[-79.788448,49.648625],[-79.703592,49.891133]],[[-79.531229,50.377807],[-79.442838,50.621558]],[[-79.738065,50.791936],[-79.442838,50.621558]],[[-75.116077,45.436451],[-75.104586,45.462567]],[[-75.104586,45.462567],[-75.014427,45.667766]],[[-75.014427,45.667766],[-74.788145,45.70466]],[[-74.788145,45.70466],[-74.667049,45.724144]],[[-74.667049,45.724144],[-74.546836,45.637504]],[[-74.423972,45.548792],[-74.488498,45.406189]],[[-74.489382,45.406189],[-74.528274,45.31872]],[[-74.528274,45.31872],[-74.358563,45.195187]],[[-74.318786,45.166168],[-74.287849,45.143783]],[[-74.287849,45.143783],[-74.355911,44.995791]],[[-74.355911,44.995791],[-74.356795,44.992475]],[[-75.116077,45.436451],[-75.27253,45.410749]],[[-75.27253,45.410749],[-75.460804,45.378829]],[[-77.408067,46.1134],[-77.612251,46.248127]],[[-77.612251,46.248127],[-77.665286,46.282948]],[[-76.898048,45.77306],[-77.242775,45.710049]],[[-77.242775,45.710049],[-77.497342,45.879183]],[[-77.497342,45.879183],[-77.408067,46.1134]],[[-77.665286,46.282948],[-78.013548,46.217036]],[[-78.013548,46.217036],[-78.274303,46.385755]],[[-76.321736,45.660304],[-76.300522,45.664035]],[[-76.300522,45.664035],[-76.051258,45.492]],[[-76.646133,45.602683],[-76.645249,45.602683]],[[-76.898048,45.77306],[-76.646133,45.602683]],[[-79.60813,47.222303],[-79.688566,46.984355]],[[-79.688566,46.984355],[-79.418972,46.818124]],[[-79.445489,47.699443],[-79.17236,47.531967]],[[-79.17236,47.531967],[-79.225395,47.379415]],[[-79.225395,47.379415],[-79.255448,47.293605]],[[-79.255448,47.293605],[-79.60813,47.222303]],[[-79.068942,46.88901],[-79.418972,46.818124]],[[-78.885972,46.485245],[-78.621681,46.31777]],[[-78.885972,46.485245],[-78.802,46.721535]],[[-78.274303,46.385755],[-78.621681,46.31777]],[[-79.068942,46.88901],[-78.802,46.721535]],[[-79.639067,48.10611],[-79.555979,48.34613]],[[-79.362401,47.938634],[-79.627576,48.099477]],[[-79.83618,48.513606],[-79.555979,48.34613]]]}},{"type":"Feature","properties":{"kind":"label","from_year":1927,"to_year":1948,"jurisdiction":"alberta","name":"Alberta","sovereign":"Canada","status":"province","h3":"84120bdffffffff"},"geometry":{"type":"Point","coordinates":[-115.44271,56.28179]}},{"type":"Feature","properties":{"kind":"label","from_year":1927,"to_year":1948,"jurisdiction":"british_columbia","name":"British Columbia","sovereign":"Canada","status":"province","h3":"8412aa7ffffffff"},"geometry":{"type":"Point","coordinates":[-125.27189,54.03228]}},{"type":"Feature","properties":{"kind":"label","from_year":1927,"to_year":1948,"jurisdiction":"manitoba","name":"Manitoba","sovereign":"Canada","status":"province","h3":"840e985ffffffff"},"geometry":{"type":"Point","coordinates":[-96.74167,56.12181]}},{"type":"Feature","properties":{"kind":"label","from_year":1927,"to_year":1948,"jurisdiction":"new_brunswick","name":"New Brunswick","sovereign":"Canada","status":"province","h3":"842b025ffffffff"},"geometry":{"type":"Point","coordinates":[-66.28033,46.52931]}},{"type":"Feature","properties":{"kind":"label","from_year":1927,"to_year":1948,"jurisdiction":"newfoundland","name":"Newfoundland","sovereign":"Britain","status":"colony","h3":"841bb15ffffffff"},"geometry":{"type":"Point","coordinates":[-59.21523,53.46252]}},{"type":"Feature","properties":{"kind":"label","from_year":1927,"to_year":1948,"jurisdiction":"northwest_territories","name":"North-West Territories","sovereign":"Canada","status":"territory","h3":"8413681ffffffff"},"geometry":{"type":"Point","coordinates":[-99.97657,64.0292]}},{"type":"Feature","properties":{"kind":"label","from_year":1927,"to_year":1948,"jurisdiction":"nova_scotia","name":"Nova Scotia","sovereign":"Canada","status":"province","h3":"842b011ffffffff"},"geometry":{"type":"Point","coordinates":[-63.39259,45.25509]}},{"type":"Feature","properties":{"kind":"label","from_year":1927,"to_year":1948,"jurisdiction":"ontario","name":"Ontario","sovereign":"Canada","status":"province","h3":"840ede9ffffffff"},"geometry":{"type":"Point","coordinates":[-86.97949,51.69577]}},{"type":"Feature","properties":{"kind":"label","from_year":1927,"to_year":1948,"jurisdiction":"prince_edward_island","name":"Prince Edward Island","sovereign":"Canada","status":"province","h3":"842b055ffffffff"},"geometry":{"type":"Point","coordinates":[-62.87475,46.27223]}},{"type":"Feature","properties":{"kind":"label","from_year":1927,"to_year":1948,"jurisdiction":"quebec","name":"Quebec","sovereign":"Canada","status":"province","h3":"840e58bffffffff"},"geometry":{"type":"Point","coordinates":[-72.55177,51.24503]}},{"type":"Feature","properties":{"kind":"label","from_year":1927,"to_year":1948,"jurisdiction":"saskatchewan","name":"Saskatchewan","sovereign":"Canada","status":"province","h3":"841259bffffffff"},"geometry":{"type":"Point","coordinates":[-105.81411,52.31088]}},{"type":"Feature","properties":{"kind":"label","from_year":1927,"to_year":1948,"jurisdiction":"yukon","name":"Yukon Territory","sovereign":"Canada","status":"territory","h3":"8413a2dffffffff"},"geometry":{"type":"Point","coordinates":[-135.7168,62.92285]}},{"type":"Feature","properties":{"kind":"border","from_year":1949,"to_year":1998,"a":"alberta","b":"british_columbia"},"geometry":{"type":"MultiLineString","coordinates":[[[-119.809437,58.635095],[-120.000362,58.651262]],[[-120.000362,58.651262],[-120.242555,58.671575]],[[-120.242555,58.671575],[-120.422873,58.892526]],[[-120.422873,58.892526],[-120.167422,59.078656]],[[-119.634422,58.4129],[-119.809437,58.635095]],[[-120.167422,59.078656],[-120.349508,59.300022]],[[-120.349508,59.300022],[-120.090522,59.486567]],[[-119.888105,58.228843],[-119.713974,58.007062]],[[-119.713974,58.007062],[-119.964122,57.823419]],[[-119.634422,58.4129],[-119.888105,58.228843]],[[-119.792642,57.602468],[-119.964122,57.823419]],[[-120.011853,59.895721],[-120.27526,59.708348]],[[-120.090522,59.486567],[-120.27526,59.708348]],[[-120.086102,55.994869],[-120.251394,56.214162]],[[-120.251394,56.214162],[-120.015389,56.394903]],[[-120.086102,55.994869],[-120.319455,55.814957]],[[-120.155047,55.596078],[-120.319455,55.814957]],[[-120.182449,56.614611],[-120.000362,56.753068]],[[-120.015389,56.394903],[-120.182449,56.614611]],[[-120.000362,56.753068],[-119.942908,56.796181]],[[-120.384865,55.416995],[-120.222225,55.198946]],[[-120.155047,55.596078],[-120.384865,55.416995]],[[-119.674198,54.939441],[-119.833303,55.15832]],[[-120.222225,55.198946],[-119.833303,55.15832]],[[-119.674198,54.939441],[-119.903132,54.762431]],[[-119.746679,54.543967],[-119.903132,54.762431]],[[-120.039255,57.419654],[-120.000362,57.369494]],[[-120.000362,57.100456],[-120.111736,57.016303]],[[-120.000362,57.369494],[-119.868659,57.198702]],[[-119.868659,57.198702],[-120.000362,57.100456]],[[-119.942908,56.796181],[-120.000362,56.871213]],[[-120.000362,56.871213],[-120.111736,57.016303]],[[-119.792642,57.602468],[-120.000362,57.448258]],[[-120.000362,57.448258],[-120.039255,57.419654]],[[-116.917269,51.763625],[-116.5584,51.708905]],[[-116.5584,51.708905],[-116.430232,51.487954]],[[-116.430232,51.487954],[-116.073131,51.431576]],[[-116.073131,51.431576],[-115.948499,51.21021]],[[-116.917269,51.763625],[-117.048972,51.984162]],[[-117.409609,52.036809],[-117.048972,51.984162]],[[-115.472069,50.929979],[-115.594049,51.152174]],[[-115.948499,51.21021],[-115.594049,51.152174]],[[-115.472069,50.929979],[-115.702771,50.767478]],[[-115.232528,50.486832],[-115.581675,50.546526]],[[-115.581675,50.546526],[-115.702771,50.767478]],[[-117.907253,52.307506],[-118.045144,52.526799]],[[-117.543964,52.256517],[-117.907253,52.307506]],[[-117.409609,52.036809],[-117.543964,52.256517]],[[-118.4102,52.575716],[-118.045144,52.526799]],[[-114.316793,49.31782],[-114.428166,49.538771]],[[-114.543959,49.160708],[-114.463523,49.001109]],[[-114.768473,49.601782],[-114.499764,49.552451]],[[-114.499764,49.552451],[-114.428166,49.538771]],[[-114.316793,49.31782],[-114.543959,49.160708]],[[-115.114968,50.265466],[-114.768473,50.203699]],[[-114.768473,50.203699],[-114.653565,49.981918]],[[-114.653565,49.981918],[-114.719858,49.936318]],[[-114.719858,49.936318],[-114.883382,49.822733]],[[-114.768473,49.601782],[-114.883382,49.822733]],[[-115.114968,50.265466],[-115.232528,50.486832]],[[-120.105548,53.581812],[-119.952631,53.365421]],[[-119.952631,53.365421],[-119.582271,53.322308]],[[-119.582271,53.322308],[-119.432889,53.104673]],[[-119.885453,53.756749],[-120.105548,53.581812]],[[-120.039255,53.97397],[-120.000362,53.918836]],[[-120.000362,53.918836],[-119.885453,53.756749]],[[-119.064297,53.059488],[-118.840667,53.231938]],[[-118.840667,53.231938],[-118.470307,53.185094]],[[-118.470307,53.185094],[-118.327113,52.965801]],[[-118.327113,52.965801],[-118.552511,52.794594]],[[-118.4102,52.575716],[-118.552511,52.794594]],[[-119.432889,53.104673],[-119.064297,53.059488]],[[-120.000362,54.005061],[-120.039255,53.97397]],[[-119.972077,54.367372],[-119.816508,54.149736]],[[-119.816508,54.149736],[-120.000362,54.005061]],[[-119.746679,54.543967],[-119.972077,54.367372]]]}},{"type":"Feature","properties":{"kind":"border","from_year":1949,"to_year":1998,"a":"alberta","b":"northwest_territories"},"geometry":{"type":"MultiLineString","coordinates":[[[-119.561941,59.86007],[-120.000362,59.894892]],[[-120.000362,59.894892],[-120.011853,59.895721]],[[-119.291463,60.046615],[-119.561941,59.86007]],[[-119.291463,60.046615],[-118.838015,60.008892]],[[-118.56135,60.194607],[-118.838015,60.008892]],[[-117.931119,59.927641],[-117.477671,59.884943]],[[-117.931119,59.927641],[-117.985922,60.000186]],[[-117.985922,60.000186],[-118.104366,60.153982]],[[-117.191283,60.068171],[-117.477671,59.884943]],[[-117.191283,60.068171],[-116.734299,60.022571]],[[-118.56135,60.194607],[-118.104366,60.153982]],[[-114.604949,60.002673],[-114.295579,60.181342]],[[-114.295579,60.181342],[-113.83506,60.125793]],[[-113.83506,60.125793],[-113.756392,60.000186]],[[-113.756392,60.000186],[-113.689214,59.891576]],[[-113.689214,59.891576],[-113.23223,59.833125]],[[-115.365116,59.876238],[-115.063701,60.056149]],[[-115.063701,60.056149],[-114.604949,60.002673]],[[-112.914905,60.008892],[-113.23223,59.833125]],[[-112.252853,60.056979],[-112.205122,60.08268]],[[-112.205122,60.08268],[-112.130873,60.122476]],[[-112.130873,60.122476],[-111.66947,60.058637]],[[-112.45527,59.947954],[-112.384557,59.986092]],[[-112.914905,60.008892],[-112.45527,59.947954]],[[-115.821215,59.926812],[-115.365116,59.876238]],[[-111.338886,60.231501],[-111.66947,60.058637]],[[-115.982088,60.157298],[-116.440839,60.205385]],[[-115.821215,59.926812],[-115.982088,60.157298]],[[-116.440839,60.205385],[-116.734299,60.022571]],[[-110.750199,59.925983],[-110.875715,60.165174]],[[-110.291447,59.856754],[-110.750199,59.925983]],[[-111.338886,60.231501],[-110.875715,60.165174]]]}},{"type":"Feature","properties":{"kind":"border","from_year":1949,"to_year":1998,"a":"alberta","b":"saskatchewan"},"geometry":{"type":"MultiLineString","coordinates":[[[-110.044835,54.337525],[-110.147369,54.5734]],[[-110.147369,54.5734],[-109.856562,54.734657]],[[-110.044835,54.337525],[-110.331224,54.176682]],[[-110.22869,53.941221],[-110.331224,54.176682]],[[-109.843303,53.865774],[-110.22869,53.941221]],[[-109.959096,54.971361],[-109.664752,55.133033]],[[-109.856562,54.734657],[-109.959096,54.971361]],[[-109.999756,55.413679],[-110.168583,55.44477]],[[-110.168583,55.44477],[-110.274653,55.681889]],[[-110.274653,55.681889],[-110.032461,55.814542]],[[-109.767286,55.370152],[-109.999756,55.413679]],[[-109.664752,55.133033],[-109.767286,55.370152]],[[-110.019202,55.942636],[-110.082844,56.082752]],[[-110.082844,56.082752],[-109.778777,56.246496]],[[-109.818553,52.143761],[-109.914016,52.377149]],[[-109.914016,52.377149],[-109.639119,52.533847]],[[-109.994452,51.75492],[-110.089915,51.987479]],[[-109.639119,52.533847],[-109.693037,52.66733]],[[-109.693037,52.66733],[-109.734581,52.767649]],[[-110.108477,52.84434],[-109.734581,52.767649]],[[-109.945837,53.277952],[-110.027157,53.471544]],[[-110.027157,53.471544],[-109.745188,53.630314]],[[-109.928159,53.236912],[-109.945837,53.277952]],[[-109.928159,53.236912],[-110.207476,53.078142]],[[-110.108477,52.84434],[-110.207476,53.078142]],[[-109.745188,53.630314],[-109.843303,53.865774]],[[-110.238413,58.082923],[-109.805295,58.010378]],[[-109.805295,58.010378],[-109.693921,57.770772]],[[-109.693921,57.770772],[-110.012131,57.604955]],[[-109.900757,57.365763],[-110.012131,57.604955]],[[-109.900757,57.365763],[-110.213663,57.199946]],[[-110.238413,58.082923],[-110.354205,58.3217]],[[-110.354205,58.3217],[-110.031577,58.48959]],[[-110.300287,56.558233],[-110.410776,56.795766]],[[-110.410776,56.795766],[-110.103174,56.961584]],[[-109.885731,56.484859],[-110.300287,56.558233]],[[-109.778777,56.246496],[-109.885731,56.484859]],[[-110.103174,56.961584],[-110.213663,57.199946]],[[-109.879543,59.022693],[-109.819437,58.897086]],[[-109.819437,58.897086],[-110.147369,58.729196]],[[-110.031577,58.48959],[-110.147369,58.729196]],[[-110.170351,59.617148],[-109.716903,59.545847]],[[-109.716903,59.545847],[-109.700109,59.512269]],[[-110.262278,51.599051],[-110.166816,51.367322]],[[-109.994452,51.75492],[-110.262278,51.599051]],[[-110.170351,59.617148],[-110.291447,59.856754]],[[-110.201288,49.072825],[-110.173003,48.99945]],[[-110.220734,49.908958],[-110.312661,50.137786]],[[-110.312661,50.137786],[-110.055442,50.290753]],[[-109.87424,49.831439],[-110.220734,49.908958]],[[-109.784965,49.602196],[-109.87424,49.831439]],[[-110.055442,50.290753],[-110.148253,50.520824]],[[-110.148253,50.520824],[-109.887499,50.673791]],[[-110.039532,49.451303],[-109.950257,49.223304]],[[-109.950257,49.223304],[-110.201288,49.072825]],[[-110.005059,49.472444],[-110.039532,49.451303]],[[-109.784965,49.602196],[-110.005059,49.472444]],[[-109.715135,51.058902],[-109.807062,51.290631]],[[-110.166816,51.367322],[-109.807062,51.290631]],[[-109.715135,51.058902],[-109.979426,50.904691]],[[-109.887499,50.673791],[-109.979426,50.904691]]]}},{"type":"Feature","properties":{"kind":"border","from_year":1949,"to_year":1998,"a":"british_columbia","b":"northwest_territories"},"geometry":{"type":"MultiLineString","coordinates":[[[-120.011853,59.895721],[-120.198359,60.117916]],[[-120.911678,59.962048],[-120.650923,60.15108]],[[-120.650923,60.15108],[-120.198359,60.117916]],[[-121.61439,59.803693],[-121.360706,59.993139]],[[-121.360706,59.993139],[-120.911678,59.962048]],[[-122.059883,59.832296],[-121.61439,59.803693]],[[-123.599661,60.122891],[-124.045154,60.144447]],[[-122.257879,60.049931],[-122.706024,60.075633]],[[-123.392825,59.908572],[-122.9491,59.884529]],[[-122.706024,60.075633],[-122.9491,59.884529]],[[-123.392825,59.908572],[-123.599661,60.122891]]]}},{"type":"Feature","properties":{"kind":"border","from_year":1949,"to_year":1998,"a":"british_columbia","b":"yukon"},"geometry":{"type":"MultiLineString","coordinates":[[[-125.601727,60.004332],[-125.378097,60.198752]],[[-125.378097,60.198752],[-124.934372,60.182171]],[[-124.934372,60.182171],[-124.750518,60.000186]],[[-124.750518,60.000186],[-124.720465,59.970754]],[[-124.720465,59.970754],[-124.278508,59.95127]],[[-126.041033,60.018841],[-125.601727,60.004332]],[[-124.045154,60.144447],[-124.278508,59.95127]],[[-126.041033,60.018841],[-126.262895,60.227356]],[[-130.79826,60.083924],[-131.223422,60.081437]],[[-134.564619,60.013866],[-134.413469,60.214505]],[[-134.413469,60.214505],[-133.998029,60.226941]],[[-133.998029,60.226941],[-133.739043,60.038324]],[[-133.739043,60.038324],[-133.323603,60.048688]],[[-133.323603,60.048688],[-133.069036,59.858412]],[[-134.974755,59.999772],[-134.564619,60.013866]],[[-134.974755,59.999772],[-134.986246,60.008477]],[[-134.986246,60.008477],[-135.239045,60.185072]],[[-132.653596,59.866703],[-132.543107,60.000186]],[[-132.543107,60.000186],[-132.488304,60.065684]],[[-132.488304,60.065684],[-132.068445,60.072317]],[[-132.068445,60.072317],[-131.818297,59.878725]],[[-131.818297,59.878725],[-131.399321,59.88287]],[[-133.069036,59.858412],[-132.653596,59.866703]],[[-131.223422,60.081437],[-131.295019,60.000186]],[[-131.295019,60.000186],[-131.399321,59.88287]],[[-128.142097,60.000186],[-127.990948,59.866289]],[[-128.850112,59.878725],[-128.653884,60.076048]],[[-128.653884,60.076048],[-128.221649,60.069829]],[[-128.221649,60.069829],[-128.142097,60.000186]],[[-127.990948,59.866289],[-127.558714,59.857998]],[[-129.278811,59.88287],[-128.850112,59.878725]],[[-129.5157,60.083095],[-129.944398,60.084753]],[[-129.278811,59.88287],[-129.5157,60.083095]],[[-126.703085,60.239378],[-126.916108,60.043713]],[[-126.916108,60.043713],[-127.352762,60.054077]],[[-126.703085,60.239378],[-126.262895,60.227356]],[[-127.352762,60.054077],[-127.558714,59.857998]],[[-130.555183,59.887016],[-130.130904,59.887016]],[[-130.555183,59.887016],[-130.79826,60.083924]],[[-129.944398,60.084753],[-130.024835,60.000186]],[[-130.024835,60.000186],[-130.130904,59.887016]],[[-137.395796,59.890332],[-136.997151,59.911474]],[[-137.668926,60.068586],[-138.067571,60.045371]],[[-136.939696,60.000186],[-136.997151,59.911474]],[[-137.395796,59.890332],[-137.668926,60.068586]],[[-136.866331,60.112113],[-136.939696,60.000186]],[[-138.187783,59.844732],[-138.581125,59.820274]],[[-138.067571,60.045371],[-138.187783,59.844732]],[[-136.193673,59.950441],[-136.462383,60.132011]],[[-135.648298,60.168491],[-135.78884,59.967852]],[[-135.78884,59.967852],[-136.193673,59.950441]],[[-135.648298,60.168491],[-135.239045,60.185072]],[[-136.866331,60.112113],[-136.462383,60.132011]]]}},{"type":"Feature","properties":{"kind":"border","from_year":1949,"to_year":1998,"a":"manitoba","b":"northwest_territories"},"geometry":{"type":"MultiLineString","coordinates":[[[-94.88924,59.831882],[-94.79201,59.804107]],[[-94.88924,59.831882],[-94.89366,60.000186]],[[-94.89366,60.000186],[-94.896312,60.086826]],[[-95.769619,60.079364],[-95.338269,60.211189]],[[-95.338269,60.211189],[-94.896312,60.086826]],[[-99.234563,59.993553],[-99.219537,59.998942]],[[-99.190368,60.009306],[-98.823543,60.135742]],[[-98.823543,60.135742],[-98.373631,60.023401]],[[-99.61995,60.086826],[-99.234563,59.993553]],[[-100.09196,59.958317],[-100.016827,59.985263]],[[-99.878053,60.034593],[-99.830321,60.051589]],[[-97.957307,60.163102],[-98.373631,60.023401]],[[-97.957307,60.163102],[-97.509162,60.047859]],[[-100.944054,59.917692],[-100.54364,60.06444]],[[-100.54364,60.06444],[-100.09196,59.958317]],[[-101.791727,59.871678],[-101.396618,60.020499]],[[-101.396618,60.020499],[-100.944054,59.917692]],[[-96.214228,60.200825],[-96.641159,60.066513]],[[-96.641159,60.066513],[-97.087535,60.184658]],[[-96.214228,60.200825],[-95.769619,60.079364]],[[-97.087535,60.184658],[-97.509162,60.047859]]]}},{"type":"Feature","properties":{"kind":"border","from_year":1949,"to_year":1998,"a":"manitoba","b":"ontario"},"geometry":{"type":"MultiLineString","coordinates":[[[-90.080747,56.183486],[-90.108148,55.929785]],[[-90.108148,55.929785],[-90.512097,55.817859]],[[-90.535962,55.564573],[-90.512097,55.817859]],[[-90.535962,55.564573],[-90.933724,55.451402]],[[-90.933724,55.451402],[-91.310271,55.590274]],[[-89.640557,56.548699],[-89.671494,56.294584]],[[-89.671494,56.294584],[-90.080747,56.183486]],[[-91.705381,55.474617],[-91.721292,55.221745]],[[-91.721292,55.221745],[-92.111098,55.105259]],[[-91.310271,55.590274],[-91.705381,55.474617]],[[-92.123473,54.852802],[-92.111098,55.105259]],[[-89.195948,56.877846],[-89.225117,56.658553]],[[-89.225117,56.658553],[-89.640557,56.548699]],[[-95.379813,51.032371],[-95.370974,50.786547]],[[-95.022711,50.41553],[-95.355063,50.295727]],[[-95.370974,50.786547],[-95.029783,50.661355]],[[-95.029783,50.661355],[-95.022711,50.41553]],[[-95.396607,51.525677],[-95.048345,51.400485]],[[-95.048345,51.400485],[-95.042158,51.153417]],[[-95.042158,51.153417],[-95.379813,51.032371]],[[-95.346224,50.050732],[-95.355063,50.295727]],[[-95.011221,49.925955],[-95.346224,50.050732]],[[-95.005033,49.681374],[-95.011221,49.925955]],[[-95.330314,49.5624],[-95.323242,49.319063]],[[-95.213637,49.605513],[-95.330314,49.5624]],[[-95.423125,52.268124],[-95.068675,52.142932]],[[-95.068675,52.142932],[-95.061604,51.895035]],[[-95.061604,51.895035],[-95.405446,51.772745]],[[-95.396607,51.525677],[-95.405446,51.772745]],[[-95.423125,52.268124],[-95.431964,52.516436]],[[-95.431964,52.516436],[-95.081934,52.639555]],[[-95.323242,49.319063],[-95.153531,49.255224]],[[-93.649993,53.624925],[-93.2814,53.744313]],[[-94.38099,53.633215],[-94.258126,53.674255]],[[-94.215698,53.68835],[-94.109628,53.723586]],[[-93.910747,53.717782],[-93.88423,53.708248]],[[-93.845338,53.694568],[-93.649993,53.624925]],[[-94.378338,53.382831],[-94.38099,53.633215]],[[-94.25459,53.675499],[-94.221001,53.686692]],[[-93.2814,53.744313],[-93.276981,53.995112]],[[-93.276981,53.995112],[-92.903969,54.114086]],[[-94.733672,53.011401],[-95.089005,52.888281]],[[-94.738975,53.260956],[-94.733672,53.011401]],[[-95.081934,52.639555],[-95.089005,52.888281]],[[-94.378338,53.382831],[-94.738975,53.260956]],[[-92.507975,54.735486],[-92.517698,54.483444]],[[-92.517698,54.483444],[-92.896014,54.365714]],[[-92.903969,54.114086],[-92.896014,54.365714]],[[-92.123473,54.852802],[-92.507975,54.735486]]]}},{"type":"Feature","properties":{"kind":"border","from_year":1949,"to_year":1998,"a":"manitoba","b":"saskatchewan"},"geometry":{"type":"MultiLineString","coordinates":[[[-102.13557,58.061782],[-102.194792,58.075462]],[[-102.194792,58.075462],[-102.254898,58.324602]],[[-102.254898,58.324602],[-101.881003,58.473423]],[[-101.766094,57.974313],[-101.804986,57.983847]],[[-101.845646,57.993382],[-101.995028,58.028618]],[[-101.748416,57.893892],[-101.759906,57.946953]],[[-101.76521,57.969753],[-101.766094,57.974313]],[[-101.881003,58.473423],[-101.939341,58.722978]],[[-102.058669,59.222088],[-102.11966,59.472058]],[[-102.11966,59.472058],[-101.732505,59.621294]],[[-101.732505,59.621294],[-101.791727,59.871678]],[[-101.802334,52.847656],[-101.6229,52.797496]],[[-101.432858,52.743191],[-101.386011,52.499025]],[[-101.386011,52.499025],[-101.705988,52.360153]],[[-101.658256,52.116402],[-101.697149,52.317455]],[[-101.697149,52.317455],[-101.705988,52.360153]],[[-101.294967,52.011522],[-101.658256,52.116402]],[[-101.802334,52.847656],[-101.851834,53.092236]],[[-101.851834,53.092236],[-101.527437,53.232767]],[[-102.162971,54.563865],[-102.109053,54.317626]],[[-101.9526,53.581812],[-102.004751,53.826807]],[[-102.004751,53.826807],[-101.674167,53.968996]],[[-101.575168,53.477762],[-101.9526,53.581812]],[[-101.527437,53.232767],[-101.575168,53.477762]],[[-101.674167,53.968996],[-101.723666,54.21482]],[[-102.109053,54.317626],[-101.723666,54.21482]],[[-102.069276,57.308971],[-102.095794,57.298193]],[[-102.09933,57.296535],[-102.117892,57.289073]],[[-102.059553,57.502148],[-102.019777,57.329284]],[[-102.019777,57.329284],[-102.027732,57.325967]],[[-102.439637,59.072024],[-102.377763,58.822883]],[[-102.377763,58.822883],[-101.939341,58.722978]],[[-102.058669,59.222088],[-102.439637,59.072024]],[[-101.690961,55.83983],[-101.743996,56.087726]],[[-102.149713,56.189704],[-101.743996,56.087726]],[[-101.587543,55.34445],[-101.984421,55.447672]],[[-101.984421,55.447672],[-102.039223,55.694739]],[[-102.149713,56.189704],[-102.206283,56.437601]],[[-102.206283,56.437601],[-101.851834,56.583935]],[[-101.8262,54.707297],[-101.878351,54.95395]],[[-101.878351,54.95395],[-101.53716,55.097382]],[[-101.8262,54.707297],[-102.162971,54.563865]],[[-101.53716,55.097382],[-101.587543,55.34445]],[[-101.90752,56.832246],[-102.138222,56.888624]],[[-102.228381,56.910595],[-102.269041,56.920544]],[[-102.149713,56.891526],[-102.166507,56.895671]],[[-102.182417,56.899402],[-102.208051,56.90562]],[[-101.851834,56.583935],[-101.90752,56.832246]],[[-101.689193,50.526628],[-101.686542,50.511704]],[[-101.644114,50.286193],[-101.447001,50.226499]],[[-101.447001,50.226499],[-101.296735,50.180899]],[[-101.296735,50.180899],[-101.276405,50.063583]],[[-101.276405,50.063583],[-101.254307,49.940464]],[[-101.254307,49.940464],[-101.417832,49.867504]],[[-101.417832,49.867504],[-101.554838,49.806152]],[[-101.78112,51.008742],[-101.428439,50.904277]],[[-101.384243,50.662598],[-101.508875,50.607464]],[[-101.508875,50.607464],[-101.689193,50.526628]],[[-101.170336,49.461252],[-101.392198,49.53048]],[[-101.417832,49.537942],[-101.510643,49.566546]],[[-101.510643,49.566546],[-101.554838,49.806152]],[[-101.128792,49.22206],[-101.170336,49.461252]],[[-101.249888,51.768185],[-101.294967,52.011522]],[[-101.570749,51.365249],[-101.713943,51.301409]],[[-101.747532,51.286486],[-101.828852,51.250421]],[[-101.564561,51.630557],[-101.518598,51.388049]],[[-101.518598,51.388049],[-101.570749,51.365249]],[[-101.78112,51.008742],[-101.828852,51.250421]],[[-101.249888,51.768185],[-101.564561,51.630557]],[[-101.424903,49.088992],[-101.408109,48.99945]],[[-101.128792,49.22206],[-101.424903,49.088992]]]}},{"type":"Feature","properties":{"kind":"border","from_year":1949,"to_year":1998,"a":"new_brunswick","b":"nova_scotia"},"geometry":{"type":"MultiLineString","coordinates":[[[-63.901856,46.083138],[-64.116647,46.069044]],[[-64.116647,46.069044],[-64.255422,46.059924]],[[-64.410991,45.841874],[-64.255422,46.059924]],[[-64.410991,45.841874],[-64.513525,45.834827]],[[-64.570095,45.830681],[-64.762789,45.817001]],[[-64.808752,45.497389],[-64.715941,45.406604]],[[-64.715941,45.406604],[-64.76986,45.328255]],[[-64.909518,45.60517],[-64.887421,45.63709]]]}},{"type":"Feature","properties":{"kind":"border","from_year":1949,"to_year":1998,"a":"new_brunswick","b":"prince_edward_island"},"geometry":{"type":"MultiLineString","coordinates":[[[-63.850589,46.154025],[-63.901856,46.083138]],[[-64.104273,46.48566],[-63.941632,46.496023]],[[-63.941632,46.496023],[-63.933677,46.487733]],[[-63.916883,46.471151],[-63.869151,46.424722]],[[-63.838214,46.393631],[-63.834679,46.390315]],[[-63.783412,46.339326],[-63.744519,46.300359]],[[-63.744519,46.300359],[-63.745403,46.298701]]]}},{"type":"Feature","properties":{"kind":"border","from_year":1949,"to_year":1998,"a":"new_brunswick","b":"quebec"},"geometry":{"type":"MultiLineString","coordinates":[[[-68.467274,47.388121],[-68.326731,47.614876]],[[-68.553013,47.805566],[-68.383302,47.662963]],[[-68.383302,47.662963],[-68.326731,47.614876]],[[-68.467274,47.388121],[-68.778411,47.356201]],[[-68.778411,47.356201],[-68.83233,47.350812]],[[-68.924257,47.197845],[-68.837634,47.341692]],[[-68.837634,47.341692],[-68.83233,47.350812]],[[-67.814945,47.877282],[-67.445469,47.911689]],[[-67.445469,47.911689],[-67.223606,47.718926]],[[-68.553013,47.805566],[-68.469925,47.939463]],[[-68.469925,47.939463],[-68.411587,48.033565]],[[-68.411587,48.033565],[-68.040343,48.06963]],[[-68.040343,48.06963],[-67.959023,47.999987]],[[-67.959023,47.999987],[-67.814945,47.877282]],[[-66.704748,47.975943],[-66.855014,47.750846]],[[-66.855014,47.750846],[-67.223606,47.718926]],[[-66.579233,47.986721],[-66.633151,47.982161]],[[-66.633151,47.982161],[-66.704748,47.975943]],[[-66.117829,47.811784],[-65.911877,47.827951]],[[-65.781058,47.8379],[-65.749237,47.840387]],[[-66.330853,48.003303],[-66.117829,47.811784]],[[-65.318771,48.084139],[-65.536214,48.068386]],[[-65.749237,47.840387],[-65.747469,47.84246]],[[-65.222424,48.090772],[-65.170273,48.04227]]]}},{"type":"Feature","properties":{"kind":"border","from_year":1949,"to_year":1998,"a":"newfoundland","b":"northwest_territories"},"geometry":{"type":"MultiLineString","coordinates":[[[-64.547998,60.380737],[-64.728316,60.37369]],[[-64.436624,60.384882],[-64.508221,60.381981]]]}},{"type":"Feature","properties":{"kind":"border","from_year":1949,"to_year":1998,"a":"newfoundland","b":"quebec"},"geometry":{"type":"MultiLineString","coordinates":[[[-67.919247,54.403022],[-68.088074,54.168391]],[[-68.088074,54.168391],[-67.825552,53.967752]],[[-67.485245,54.4366],[-67.919247,54.403022]],[[-67.311998,54.670817],[-67.485245,54.4366]],[[-67.395969,54.000915],[-67.825552,53.967752]],[[-67.309346,53.566059],[-67.055662,53.364591]],[[-67.055662,53.364591],[-67.22449,53.132033]],[[-67.22449,53.132033],[-66.973458,52.930979]],[[-67.309346,53.566059],[-67.13875,53.799033]],[[-66.555367,52.961241],[-66.873576,52.938441]],[[-66.873576,52.938441],[-66.884183,52.937612]],[[-66.884183,52.937612],[-66.973458,52.930979]],[[-67.395969,54.000915],[-67.13875,53.799033]],[[-64.933384,55.040175],[-65.374457,55.016132]],[[-65.560079,54.785231],[-65.374457,55.016132]],[[-64.933384,55.040175],[-64.683236,54.832904]],[[-65.998501,54.758701],[-66.25572,54.9639]],[[-65.560079,54.785231],[-65.998501,54.758701]],[[-64.244815,54.854046],[-64.683236,54.832904]],[[-63.999971,54.64553],[-63.564201,54.664599]],[[-64.244815,54.854046],[-63.999971,54.64553]],[[-66.696793,54.934881],[-66.781649,54.823369]],[[-66.794024,54.808031],[-66.87446,54.701494]],[[-66.87446,54.701494],[-67.311998,54.670817]],[[-66.25572,54.9639],[-66.696793,54.934881]],[[-64.208574,56.399048],[-63.750707,56.418117]],[[-63.750707,56.418117],[-63.498791,56.207115]],[[-63.498791,56.207115],[-63.702092,55.978702]],[[-63.702092,55.978702],[-63.453712,55.768114]],[[-63.453712,55.768114],[-63.655244,55.540115]],[[-64.465793,56.608807],[-64.208574,56.399048]],[[-64.465793,56.608807],[-64.263377,56.838879]],[[-64.263377,56.838879],[-63.800206,56.857948]],[[-63.367088,54.892184],[-63.609281,55.101942]],[[-63.609281,55.101942],[-63.409516,55.329941]],[[-63.564201,54.664599],[-63.367088,54.892184]],[[-63.655244,55.540115],[-63.409516,55.329941]],[[-64.357956,52.224597],[-64.537391,51.997428]],[[-64.888305,51.543503],[-65.119006,51.746214]],[[-64.537391,51.997428],[-64.308457,51.793058]],[[-64.308457,51.793058],[-64.48524,51.566717]],[[-64.48524,51.566717],[-64.888305,51.543503]],[[-65.587481,52.152052],[-65.825254,52.354349]],[[-65.119006,51.746214],[-65.524723,51.720927]],[[-65.524723,51.720927],[-65.759844,51.92281]],[[-65.759844,51.92281],[-65.587481,52.152052]],[[-63.948704,52.245739],[-64.357956,52.224597]],[[-63.948704,52.245739],[-63.721538,52.040126]],[[-66.480234,52.528458],[-66.237158,52.326575]],[[-66.480234,52.528458],[-66.309639,52.759358]],[[-65.825254,52.354349],[-66.237158,52.326575]],[[-66.555367,52.961241],[-66.309639,52.759358]],[[-62.499084,52.093602],[-62.686474,51.870163]],[[-62.686474,51.870163],[-63.092191,51.852752]],[[-63.092191,51.852752],[-63.314053,52.059195]],[[-63.314053,52.059195],[-63.721538,52.040126]],[[-62.0916,52.108525],[-62.499084,52.093602]],[[-62.0916,52.108525],[-61.875925,51.90001]],[[-63.851473,57.298193],[-63.641101,57.527435]],[[-63.592486,57.086776],[-63.851473,57.298193]],[[-63.800206,56.857948],[-63.592486,57.086776]],[[-64.981999,60.141131],[-64.964321,60.127865]],[[-64.949295,60.117087],[-64.692959,59.930128]],[[-64.692959,59.930128],[-64.911286,59.698399]],[[-64.438392,58.161687],[-64.646996,57.930786]],[[-64.378286,57.720198],[-63.903624,57.739267]],[[-63.903624,57.739267],[-63.641101,57.527435]],[[-64.646996,57.930786],[-64.378286,57.720198]],[[-64.068032,59.064147],[-64.56214,59.045078]],[[-64.56214,59.045078],[-64.843225,59.256081]],[[-64.843225,59.256081],[-64.626666,59.487396]],[[-64.068032,59.064147],[-64.023836,59.030155]],[[-64.014997,59.023522],[-63.878874,58.917814]],[[-63.87799,58.916984],[-63.794903,58.851901]],[[-63.794903,58.851901],[-64.012345,58.622244]],[[-64.911286,59.698399],[-64.626666,59.487396]],[[-63.957543,58.180341],[-63.741868,58.409998]],[[-64.012345,58.622244],[-63.741868,58.409998]],[[-63.957543,58.180341],[-64.438392,58.161687]],[[-57.040913,51.962606],[-57.227419,52.177754]],[[-57.25482,51.75036],[-57.11693,51.590761]],[[-57.11693,51.590761],[-57.070082,51.536041]],[[-57.070082,51.536041],[-57.194714,51.410849]],[[-57.6296,52.179412],[-57.227419,52.177754]],[[-57.040913,51.962606],[-57.107207,51.897108]],[[-57.107207,51.897108],[-57.25482,51.75036]],[[-57.84174,51.965922],[-57.6296,52.179412]],[[-58.243037,51.965508],[-57.84174,51.965922]],[[-58.437498,52.178998],[-58.841447,52.176925]],[[-58.243037,51.965508],[-58.437498,52.178998]],[[-61.471092,51.912861],[-61.276631,52.133812]],[[-61.276631,52.133812],[-60.87003,52.14459]],[[-60.87003,52.14459],[-60.66231,51.934417]],[[-60.66231,51.934417],[-60.257477,51.943122]],[[-61.875925,51.90001],[-61.471092,51.912861]],[[-60.057713,52.161587],[-60.257477,51.943122]],[[-59.450464,51.955973],[-59.047399,51.960533]],[[-58.841447,52.176925],[-59.047399,51.960533]],[[-59.450464,51.955973],[-59.651996,52.168219]],[[-60.057713,52.161587],[-59.651996,52.168219]]]}},{"type":"Feature","properties":{"kind":"border","from_year":1949,"to_year":1998,"a":"northwest_territories","b":"ontario"},"geometry":{"type":"MultiLineString","coordinates":[[[-82.20507,53.289559],[-82.234239,53.194629]],[[-82.280203,53.04332],[-82.281087,53.040419]],[[-82.281087,53.040419],[-82.280203,53.039589]],[[-82.115795,53.308214],[-82.20507,53.289559]],[[-81.352093,52.8489],[-81.559812,52.95751]],[[-81.559812,52.95751],[-81.741015,52.920201]]]}},{"type":"Feature","properties":{"kind":"border","from_year":1949,"to_year":1998,"a":"northwest_territories","b":"quebec"},"geometry":{"type":"MultiLineString","coordinates":[[[-73.976712,62.652849],[-74.298456,62.619685]]]}},{"type":"Feature","properties":{"kind":"border","from_year":1949,"to_year":1998,"a":"northwest_territories","b":"saskatchewan"},"geometry":{"type":"MultiLineString","coordinates":[[[-104.837696,60.039982],[-104.460265,60.197509]],[[-104.460265,60.197509],[-104.000629,60.10548]],[[-104.000629,60.10548],[-103.967924,60.000186]],[[-103.967924,60.000186],[-103.924613,59.857583]],[[-103.924613,59.857583],[-103.470281,59.763896]],[[-105.668576,59.96951],[-105.297332,60.128695]],[[-105.297332,60.128695],[-104.837696,60.039982]],[[-102.245175,59.971583],[-102.634098,59.820274]],[[-102.634098,59.820274],[-103.087546,59.917277]],[[-102.245175,59.971583],[-101.791727,59.871678]],[[-103.087546,59.917277],[-103.470281,59.763896]],[[-107.87129,60.1374],[-108.334461,60.21492]],[[-108.334461,60.21492],[-108.686259,60.048273]],[[-108.686259,60.048273],[-109.147662,60.122891]],[[-106.127327,60.05532],[-106.492384,59.894478]],[[-106.492384,59.894478],[-106.951135,59.976972]],[[-106.127327,60.05532],[-105.829448,60.000186]],[[-105.829448,60.000186],[-105.668576,59.96951]],[[-107.309121,59.814056],[-107.766988,59.894063]],[[-107.766988,59.894063],[-107.812068,60.000186]],[[-107.812068,60.000186],[-107.87129,60.1374]],[[-106.951135,59.976972],[-107.309121,59.814056]],[[-109.952908,60.026717],[-110.005943,60.000186]],[[-110.005943,60.000186],[-110.291447,59.856754]],[[-109.594923,59.971168],[-109.492389,59.955001]]]}},{"type":"Feature","properties":{"kind":"border","from_year":1949,"to_year":1998,"a":"northwest_territories","b":"yukon"},"geometry":{"type":"MultiLineString","coordinates":[[[-136.122076,68.38391],[-136.454427,68.507029]],[[-135.905517,68.01165],[-136.313001,68.165031]],[[-136.313001,68.165031],[-136.122076,68.38391]],[[-136.095558,67.794015],[-135.905517,68.01165]],[[-136.684245,67.728102],[-136.864564,67.510053]],[[-136.095558,67.794015],[-136.684245,67.728102]],[[-134.36397,66.812376],[-133.830086,66.83642]],[[-133.830086,66.83642],[-133.497734,66.646973]],[[-133.497734,66.646973],[-133.699266,66.435556]],[[-133.699266,66.435556],[-133.373102,66.245696]],[[-133.373102,66.245696],[-133.571983,66.034693]],[[-135.302687,66.904819],[-134.736098,66.965757]],[[-134.736098,66.965757],[-134.36397,66.812376]],[[-133.25289,65.844418],[-132.734916,65.863072]],[[-132.734916,65.863072],[-132.42201,65.670724]],[[-132.42201,65.670724],[-132.626194,65.460965]],[[-132.318592,65.268202],[-132.520125,65.059273]],[[-132.626194,65.460965],[-132.318592,65.268202]],[[-133.571983,66.034693],[-133.25289,65.844418]],[[-136.252011,66.992288],[-136.643585,67.142353]],[[-136.643585,67.142353],[-136.46415,67.359159]],[[-135.683654,67.056957],[-136.252011,66.992288]],[[-135.683654,67.056957],[-135.302687,66.904819]],[[-136.864564,67.510053],[-136.46415,67.359159]],[[-124.019521,60.551114],[-124.234312,60.764604]],[[-124.688644,60.782844],[-124.234312,60.764604]],[[-124.019521,60.551114],[-124.257294,60.357522]],[[-124.045154,60.144447],[-124.257294,60.357522]],[[-124.688644,60.782844],[-124.907855,60.994676]],[[-125.363954,61.010014],[-125.593772,60.814349]],[[-125.593772,60.814349],[-126.044568,60.827615]],[[-125.363954,61.010014],[-124.907855,60.994676]],[[-126.944393,60.85],[-126.725182,61.047323]],[[-126.044568,60.827615],[-126.267315,60.631536]],[[-126.267315,60.631536],[-126.714575,60.643143]],[[-126.714575,60.643143],[-126.944393,60.85]],[[-126.725182,61.047323],[-126.958536,61.254594]],[[-130.560487,64.093387],[-130.844223,64.291124]],[[-131.337447,64.281175],[-130.844223,64.291124]],[[-130.560487,64.093387],[-130.76909,63.887359]],[[-130.490657,63.689622],[-130.76909,63.887359]],[[-130.005388,63.695425],[-130.490657,63.689622]],[[-131.337447,64.281175],[-131.627371,64.476839]],[[-132.21871,64.866095],[-132.520125,65.059273]],[[-132.418475,64.657995],[-132.122363,64.463988]],[[-132.122363,64.463988],[-131.627371,64.476839]],[[-132.21871,64.866095],[-132.418475,64.657995]],[[-128.386941,62.081194],[-128.850112,62.083266]],[[-128.850112,62.083266],[-129.103796,62.285563]],[[-129.103796,62.285563],[-128.89254,62.487031]],[[-128.138561,61.877653],[-128.386941,62.081194]],[[-127.677158,61.872678],[-128.138561,61.877653]],[[-128.89254,62.487031],[-129.150643,62.689329]],[[-129.62177,62.68767],[-129.150643,62.689329]],[[-127.434082,61.667065],[-127.677158,61.872678]],[[-127.652409,61.468084],[-127.412868,61.26247]],[[-127.412868,61.26247],[-126.958536,61.254594]],[[-127.434082,61.667065],[-127.652409,61.468084]],[[-129.676572,63.091436],[-129.944398,63.291245]],[[-129.944398,63.291245],[-129.732259,63.495615]],[[-129.676572,63.091436],[-129.885176,62.887895]],[[-129.62177,62.68767],[-129.885176,62.887895]],[[-129.732259,63.495615],[-130.005388,63.695425]]]}},{"type":"Feature","properties":{"kind":"border","from_year":1949,"to_year":1998,"a":"nova_scotia","b":"prince_edward_island"},"geometry":{"type":"MultiLineString","coordinates":[[[-63.901856,46.083138],[-63.885946,46.067386]],[[-63.16202,45.714609],[-62.81199,45.734507]],[[-63.251295,45.80498],[-63.242456,45.79586]],[[-63.207099,45.760209],[-63.197376,45.750675]],[[-63.186769,45.739067],[-63.16202,45.714609]],[[-62.81199,45.734507],[-62.789008,45.765598]]]}},{"type":"Feature","properties":{"kind":"border","from_year":1949,"to_year":1998,"a":"ontario","b":"quebec"},"geometry":{"type":"MultiLineString","coordinates":[[[-75.923888,45.360806],[-75.811843,45.410873]],[[-75.811843,45.410873],[-75.692616,45.370082]],[[-76.043834,45.401359],[-75.923888,45.360806]],[[-75.579853,45.419911],[-75.692616,45.370082]],[[-79.753976,48.754455],[-79.83618,48.513606]],[[-79.788448,49.648625],[-79.51797,49.489441]],[[-79.51797,49.432648],[-79.586032,49.237398]],[[-79.501176,49.479492],[-79.51797,49.432648]],[[-79.51797,49.489441],[-79.501176,49.479492]],[[-79.586032,49.237398],[-79.51797,49.196773]],[[-79.517087,48.801713],[-79.753976,48.754455]],[[-79.51797,49.196773],[-79.302295,49.068679]],[[-79.302295,49.068679],[-79.323509,49.009399]],[[-79.323509,49.009399],[-79.357982,48.912396]],[[-79.388035,48.827415],[-79.517087,48.801713]],[[-79.948437,51.211454],[-79.950205,51.206479]],[[-79.950205,51.206479],[-79.924571,51.192385]],[[-79.909544,51.184094],[-79.650558,51.036516]],[[-79.650558,51.036516],[-79.738065,50.791936]],[[-79.531229,50.377807],[-79.239537,50.20743]],[[-79.239537,50.20743],[-79.327929,49.964507]],[[-79.327929,49.964507],[-79.703592,49.891133]],[[-79.788448,49.648625],[-79.703592,49.891133]],[[-79.531229,50.377807],[-79.442838,50.621558]],[[-79.738065,50.791936],[-79.442838,50.621558]],[[-75.116077,45.436451],[-75.104586,45.462567]],[[-75.104586,45.462567],[-75.014427,45.667766]],[[-75.014427,45.667766],[-74.788145,45.70466]],[[-74.788145,45.70466],[-74.667049,45.724144]],[[-74.667049,45.724144],[-74.546836,45.637504]],[[-74.423972,45.548792],[-74.488498,45.406189]],[[-74.489382,45.406189],[-74.528274,45.31872]],[[-74.528274,45.31872],[-74.358563,45.195187]],[[-74.318786,45.166168],[-74.287849,45.143783]],[[-74.287849,45.143783],[-74.355911,44.995791]],[[-74.355911,44.995791],[-74.356795,44.992475]],[[-75.116077,45.436451],[-75.27253,45.410749]],[[-75.27253,45.410749],[-75.460804,45.378829]],[[-77.408067,46.1134],[-77.612251,46.248127]],[[-77.612251,46.248127],[-77.665286,46.282948]],[[-76.898048,45.77306],[-77.242775,45.710049]],[[-77.242775,45.710049],[-77.497342,45.879183]],[[-77.497342,45.879183],[-77.408067,46.1134]],[[-77.665286,46.282948],[-78.013548,46.217036]],[[-78.013548,46.217036],[-78.274303,46.385755]],[[-76.321736,45.660304],[-76.300522,45.664035]],[[-76.300522,45.664035],[-76.051258,45.492]],[[-76.646133,45.602683],[-76.645249,45.602683]],[[-76.898048,45.77306],[-76.646133,45.602683]],[[-79.60813,47.222303],[-79.688566,46.984355]],[[-79.688566,46.984355],[-79.418972,46.818124]],[[-79.445489,47.699443],[-79.17236,47.531967]],[[-79.17236,47.531967],[-79.225395,47.379415]],[[-79.225395,47.379415],[-79.255448,47.293605]],[[-79.255448,47.293605],[-79.60813,47.222303]],[[-79.068942,46.88901],[-79.418972,46.818124]],[[-78.885972,46.485245],[-78.621681,46.31777]],[[-78.885972,46.485245],[-78.802,46.721535]],[[-78.274303,46.385755],[-78.621681,46.31777]],[[-79.068942,46.88901],[-78.802,46.721535]],[[-79.639067,48.10611],[-79.555979,48.34613]],[[-79.362401,47.938634],[-79.627576,48.099477]],[[-79.83618,48.513606],[-79.555979,48.34613]]]}},{"type":"Feature","properties":{"kind":"label","from_year":1949,"to_year":1998,"jurisdiction":"alberta","name":"Alberta","sovereign":"Canada","status":"province","h3":"84120bdffffffff"},"geometry":{"type":"Point","coordinates":[-115.44271,56.28179]}},{"type":"Feature","properties":{"kind":"label","from_year":1949,"to_year":1998,"jurisdiction":"british_columbia","name":"British Columbia","sovereign":"Canada","status":"province","h3":"8412aa7ffffffff"},"geometry":{"type":"Point","coordinates":[-125.27189,54.03228]}},{"type":"Feature","properties":{"kind":"label","from_year":1949,"to_year":1998,"jurisdiction":"manitoba","name":"Manitoba","sovereign":"Canada","status":"province","h3":"840e985ffffffff"},"geometry":{"type":"Point","coordinates":[-96.74167,56.12181]}},{"type":"Feature","properties":{"kind":"label","from_year":1949,"to_year":1998,"jurisdiction":"new_brunswick","name":"New Brunswick","sovereign":"Canada","status":"province","h3":"842b025ffffffff"},"geometry":{"type":"Point","coordinates":[-66.28033,46.52931]}},{"type":"Feature","properties":{"kind":"label","from_year":1949,"to_year":1998,"jurisdiction":"newfoundland","name":"Newfoundland","sovereign":"Canada","status":"province","h3":"841bb15ffffffff"},"geometry":{"type":"Point","coordinates":[-59.21523,53.46252]}},{"type":"Feature","properties":{"kind":"label","from_year":1949,"to_year":1998,"jurisdiction":"northwest_territories","name":"North-West Territories","sovereign":"Canada","status":"territory","h3":"8413681ffffffff"},"geometry":{"type":"Point","coordinates":[-99.97657,64.0292]}},{"type":"Feature","properties":{"kind":"label","from_year":1949,"to_year":1998,"jurisdiction":"nova_scotia","name":"Nova Scotia","sovereign":"Canada","status":"province","h3":"842b011ffffffff"},"geometry":{"type":"Point","coordinates":[-63.39259,45.25509]}},{"type":"Feature","properties":{"kind":"label","from_year":1949,"to_year":1998,"jurisdiction":"ontario","name":"Ontario","sovereign":"Canada","status":"province","h3":"840ede9ffffffff"},"geometry":{"type":"Point","coordinates":[-86.97949,51.69577]}},{"type":"Feature","properties":{"kind":"label","from_year":1949,"to_year":1998,"jurisdiction":"prince_edward_island","name":"Prince Edward Island","sovereign":"Canada","status":"province","h3":"842b055ffffffff"},"geometry":{"type":"Point","coordinates":[-62.87475,46.27223]}},{"type":"Feature","properties":{"kind":"label","from_year":1949,"to_year":1998,"jurisdiction":"quebec","name":"Quebec","sovereign":"Canada","status":"province","h3":"840e58bffffffff"},"geometry":{"type":"Point","coordinates":[-72.55177,51.24503]}},{"type":"Feature","properties":{"kind":"label","from_year":1949,"to_year":1998,"jurisdiction":"saskatchewan","name":"Saskatchewan","sovereign":"Canada","status":"province","h3":"841259bffffffff"},"geometry":{"type":"Point","coordinates":[-105.81411,52.31088]}},{"type":"Feature","properties":{"kind":"label","from_year":1949,"to_year":1998,"jurisdiction":"yukon","name":"Yukon Territory","sovereign":"Canada","status":"territory","h3":"8413a2dffffffff"},"geometry":{"type":"Point","coordinates":[-135.7168,62.92285]}},{"type":"Feature","properties":{"kind":"border","from_year":1999,"to_year":2000,"a":"alberta","b":"british_columbia"},"geometry":{"type":"MultiLineString","coordinates":[[[-119.809437,58.635095],[-120.000362,58.651262]],[[-120.000362,58.651262],[-120.242555,58.671575]],[[-120.242555,58.671575],[-120.422873,58.892526]],[[-120.422873,58.892526],[-120.167422,59.078656]],[[-119.634422,58.4129],[-119.809437,58.635095]],[[-120.167422,59.078656],[-120.349508,59.300022]],[[-120.349508,59.300022],[-120.090522,59.486567]],[[-119.888105,58.228843],[-119.713974,58.007062]],[[-119.713974,58.007062],[-119.964122,57.823419]],[[-119.634422,58.4129],[-119.888105,58.228843]],[[-119.792642,57.602468],[-119.964122,57.823419]],[[-120.011853,59.895721],[-120.27526,59.708348]],[[-120.090522,59.486567],[-120.27526,59.708348]],[[-120.086102,55.994869],[-120.251394,56.214162]],[[-120.251394,56.214162],[-120.015389,56.394903]],[[-120.086102,55.994869],[-120.319455,55.814957]],[[-120.155047,55.596078],[-120.319455,55.814957]],[[-120.182449,56.614611],[-120.000362,56.753068]],[[-120.015389,56.394903],[-120.182449,56.614611]],[[-120.000362,56.753068],[-119.942908,56.796181]],[[-120.384865,55.416995],[-120.222225,55.198946]],[[-120.155047,55.596078],[-120.384865,55.416995]],[[-119.674198,54.939441],[-119.833303,55.15832]],[[-120.222225,55.198946],[-119.833303,55.15832]],[[-119.674198,54.939441],[-119.903132,54.762431]],[[-119.746679,54.543967],[-119.903132,54.762431]],[[-120.039255,57.419654],[-120.000362,57.369494]],[[-120.000362,57.100456],[-120.111736,57.016303]],[[-120.000362,57.369494],[-119.868659,57.198702]],[[-119.868659,57.198702],[-120.000362,57.100456]],[[-119.942908,56.796181],[-120.000362,56.871213]],[[-120.000362,56.871213],[-120.111736,57.016303]],[[-119.792642,57.602468],[-120.000362,57.448258]],[[-120.000362,57.448258],[-120.039255,57.419654]],[[-116.917269,51.763625],[-116.5584,51.708905]],[[-116.5584,51.708905],[-116.430232,51.487954]],[[-116.430232,51.487954],[-116.073131,51.431576]],[[-116.073131,51.431576],[-115.948499,51.21021]],[[-116.917269,51.763625],[-117.048972,51.984162]],[[-117.409609,52.036809],[-117.048972,51.984162]],[[-115.472069,50.929979],[-115.594049,51.152174]],[[-115.948499,51.21021],[-115.594049,51.152174]],[[-115.472069,50.929979],[-115.702771,50.767478]],[[-115.232528,50.486832],[-115.581675,50.546526]],[[-115.581675,50.546526],[-115.702771,50.767478]],[[-117.907253,52.307506],[-118.045144,52.526799]],[[-117.543964,52.256517],[-117.907253,52.307506]],[[-117.409609,52.036809],[-117.543964,52.256517]],[[-118.4102,52.575716],[-118.045144,52.526799]],[[-114.316793,49.31782],[-114.428166,49.538771]],[[-114.543959,49.160708],[-114.463523,49.001109]],[[-114.768473,49.601782],[-114.499764,49.552451]],[[-114.499764,49.552451],[-114.428166,49.538771]],[[-114.316793,49.31782],[-114.543959,49.160708]],[[-115.114968,50.265466],[-114.768473,50.203699]],[[-114.768473,50.203699],[-114.653565,49.981918]],[[-114.653565,49.981918],[-114.719858,49.936318]],[[-114.719858,49.936318],[-114.883382,49.822733]],[[-114.768473,49.601782],[-114.883382,49.822733]],[[-115.114968,50.265466],[-115.232528,50.486832]],[[-120.105548,53.581812],[-119.952631,53.365421]],[[-119.952631,53.365421],[-119.582271,53.322308]],[[-119.582271,53.322308],[-119.432889,53.104673]],[[-119.885453,53.756749],[-120.105548,53.581812]],[[-120.039255,53.97397],[-120.000362,53.918836]],[[-120.000362,53.918836],[-119.885453,53.756749]],[[-119.064297,53.059488],[-118.840667,53.231938]],[[-118.840667,53.231938],[-118.470307,53.185094]],[[-118.470307,53.185094],[-118.327113,52.965801]],[[-118.327113,52.965801],[-118.552511,52.794594]],[[-118.4102,52.575716],[-118.552511,52.794594]],[[-119.432889,53.104673],[-119.064297,53.059488]],[[-120.000362,54.005061],[-120.039255,53.97397]],[[-119.972077,54.367372],[-119.816508,54.149736]],[[-119.816508,54.149736],[-120.000362,54.005061]],[[-119.746679,54.543967],[-119.972077,54.367372]]]}},{"type":"Feature","properties":{"kind":"border","from_year":1999,"to_year":2000,"a":"alberta","b":"northwest_territories"},"geometry":{"type":"MultiLineString","coordinates":[[[-119.561941,59.86007],[-120.000362,59.894892]],[[-120.000362,59.894892],[-120.011853,59.895721]],[[-119.291463,60.046615],[-119.561941,59.86007]],[[-119.291463,60.046615],[-118.838015,60.008892]],[[-118.56135,60.194607],[-118.838015,60.008892]],[[-117.931119,59.927641],[-117.477671,59.884943]],[[-117.931119,59.927641],[-117.985922,60.000186]],[[-117.985922,60.000186],[-118.104366,60.153982]],[[-117.191283,60.068171],[-117.477671,59.884943]],[[-117.191283,60.068171],[-116.734299,60.022571]],[[-118.56135,60.194607],[-118.104366,60.153982]],[[-114.604949,60.002673],[-114.295579,60.181342]],[[-114.295579,60.181342],[-113.83506,60.125793]],[[-113.83506,60.125793],[-113.756392,60.000186]],[[-113.756392,60.000186],[-113.689214,59.891576]],[[-113.689214,59.891576],[-113.23223,59.833125]],[[-115.365116,59.876238],[-115.063701,60.056149]],[[-115.063701,60.056149],[-114.604949,60.002673]],[[-112.914905,60.008892],[-113.23223,59.833125]],[[-112.252853,60.056979],[-112.205122,60.08268]],[[-112.205122,60.08268],[-112.130873,60.122476]],[[-112.130873,60.122476],[-111.66947,60.058637]],[[-112.45527,59.947954],[-112.384557,59.986092]],[[-112.914905,60.008892],[-112.45527,59.947954]],[[-115.821215,59.926812],[-115.365116,59.876238]],[[-111.338886,60.231501],[-111.66947,60.058637]],[[-115.982088,60.157298],[-116.440839,60.205385]],[[-115.821215,59.926812],[-115.982088,60.157298]],[[-116.440839,60.205385],[-116.734299,60.022571]],[[-110.750199,59.925983],[-110.875715,60.165174]],[[-110.291447,59.856754],[-110.750199,59.925983]],[[-111.338886,60.231501],[-110.875715,60.165174]]]}},{"type":"Feature","properties":{"kind":"border","from_year":1999,"to_year":2000,"a":"alberta","b":"saskatchewan"},"geometry":{"type":"MultiLineString","coordinates":[[[-110.044835,54.337525],[-110.147369,54.5734]],[[-110.147369,54.5734],[-109.856562,54.734657]],[[-110.044835,54.337525],[-110.331224,54.176682]],[[-110.22869,53.941221],[-110.331224,54.176682]],[[-109.843303,53.865774],[-110.22869,53.941221]],[[-109.959096,54.971361],[-109.664752,55.133033]],[[-109.856562,54.734657],[-109.959096,54.971361]],[[-109.999756,55.413679],[-110.168583,55.44477]],[[-110.168583,55.44477],[-110.274653,55.681889]],[[-110.274653,55.681889],[-110.032461,55.814542]],[[-109.767286,55.370152],[-109.999756,55.413679]],[[-109.664752,55.133033],[-109.767286,55.370152]],[[-110.019202,55.942636],[-110.082844,56.082752]],[[-110.082844,56.082752],[-109.778777,56.246496]],[[-109.818553,52.143761],[-109.914016,52.377149]],[[-109.914016,52.377149],[-109.639119,52.533847]],[[-109.994452,51.75492],[-110.089915,51.987479]],[[-109.639119,52.533847],[-109.693037,52.66733]],[[-109.693037,52.66733],[-109.734581,52.767649]],[[-110.108477,52.84434],[-109.734581,52.767649]],[[-109.945837,53.277952],[-110.027157,53.471544]],[[-110.027157,53.471544],[-109.745188,53.630314]],[[-109.928159,53.236912],[-109.945837,53.277952]],[[-109.928159,53.236912],[-110.207476,53.078142]],[[-110.108477,52.84434],[-110.207476,53.078142]],[[-109.745188,53.630314],[-109.843303,53.865774]],[[-110.238413,58.082923],[-109.805295,58.010378]],[[-109.805295,58.010378],[-109.693921,57.770772]],[[-109.693921,57.770772],[-110.012131,57.604955]],[[-109.900757,57.365763],[-110.012131,57.604955]],[[-109.900757,57.365763],[-110.213663,57.199946]],[[-110.238413,58.082923],[-110.354205,58.3217]],[[-110.354205,58.3217],[-110.031577,58.48959]],[[-110.300287,56.558233],[-110.410776,56.795766]],[[-110.410776,56.795766],[-110.103174,56.961584]],[[-109.885731,56.484859],[-110.300287,56.558233]],[[-109.778777,56.246496],[-109.885731,56.484859]],[[-110.103174,56.961584],[-110.213663,57.199946]],[[-109.879543,59.022693],[-109.819437,58.897086]],[[-109.819437,58.897086],[-110.147369,58.729196]],[[-110.031577,58.48959],[-110.147369,58.729196]],[[-110.170351,59.617148],[-109.716903,59.545847]],[[-109.716903,59.545847],[-109.700109,59.512269]],[[-110.262278,51.599051],[-110.166816,51.367322]],[[-109.994452,51.75492],[-110.262278,51.599051]],[[-110.170351,59.617148],[-110.291447,59.856754]],[[-110.201288,49.072825],[-110.173003,48.99945]],[[-110.220734,49.908958],[-110.312661,50.137786]],[[-110.312661,50.137786],[-110.055442,50.290753]],[[-109.87424,49.831439],[-110.220734,49.908958]],[[-109.784965,49.602196],[-109.87424,49.831439]],[[-110.055442,50.290753],[-110.148253,50.520824]],[[-110.148253,50.520824],[-109.887499,50.673791]],[[-110.039532,49.451303],[-109.950257,49.223304]],[[-109.950257,49.223304],[-110.201288,49.072825]],[[-110.005059,49.472444],[-110.039532,49.451303]],[[-109.784965,49.602196],[-110.005059,49.472444]],[[-109.715135,51.058902],[-109.807062,51.290631]],[[-110.166816,51.367322],[-109.807062,51.290631]],[[-109.715135,51.058902],[-109.979426,50.904691]],[[-109.887499,50.673791],[-109.979426,50.904691]]]}},{"type":"Feature","properties":{"kind":"border","from_year":1999,"to_year":2000,"a":"british_columbia","b":"northwest_territories"},"geometry":{"type":"MultiLineString","coordinates":[[[-120.011853,59.895721],[-120.198359,60.117916]],[[-120.911678,59.962048],[-120.650923,60.15108]],[[-120.650923,60.15108],[-120.198359,60.117916]],[[-121.61439,59.803693],[-121.360706,59.993139]],[[-121.360706,59.993139],[-120.911678,59.962048]],[[-122.059883,59.832296],[-121.61439,59.803693]],[[-123.599661,60.122891],[-124.045154,60.144447]],[[-122.257879,60.049931],[-122.706024,60.075633]],[[-123.392825,59.908572],[-122.9491,59.884529]],[[-122.706024,60.075633],[-122.9491,59.884529]],[[-123.392825,59.908572],[-123.599661,60.122891]]]}},{"type":"Feature","properties":{"kind":"border","from_year":1999,"to_year":2000,"a":"british_columbia","b":"yukon"},"geometry":{"type":"MultiLineString","coordinates":[[[-125.601727,60.004332],[-125.378097,60.198752]],[[-125.378097,60.198752],[-124.934372,60.182171]],[[-124.934372,60.182171],[-124.750518,60.000186]],[[-124.750518,60.000186],[-124.720465,59.970754]],[[-124.720465,59.970754],[-124.278508,59.95127]],[[-126.041033,60.018841],[-125.601727,60.004332]],[[-124.045154,60.144447],[-124.278508,59.95127]],[[-126.041033,60.018841],[-126.262895,60.227356]],[[-130.79826,60.083924],[-131.223422,60.081437]],[[-134.564619,60.013866],[-134.413469,60.214505]],[[-134.413469,60.214505],[-133.998029,60.226941]],[[-133.998029,60.226941],[-133.739043,60.038324]],[[-133.739043,60.038324],[-133.323603,60.048688]],[[-133.323603,60.048688],[-133.069036,59.858412]],[[-134.974755,59.999772],[-134.564619,60.013866]],[[-134.974755,59.999772],[-134.986246,60.008477]],[[-134.986246,60.008477],[-135.239045,60.185072]],[[-132.653596,59.866703],[-132.543107,60.000186]],[[-132.543107,60.000186],[-132.488304,60.065684]],[[-132.488304,60.065684],[-132.068445,60.072317]],[[-132.068445,60.072317],[-131.818297,59.878725]],[[-131.818297,59.878725],[-131.399321,59.88287]],[[-133.069036,59.858412],[-132.653596,59.866703]],[[-131.223422,60.081437],[-131.295019,60.000186]],[[-131.295019,60.000186],[-131.399321,59.88287]],[[-128.142097,60.000186],[-127.990948,59.866289]],[[-128.850112,59.878725],[-128.653884,60.076048]],[[-128.653884,60.076048],[-128.221649,60.069829]],[[-128.221649,60.069829],[-128.142097,60.000186]],[[-127.990948,59.866289],[-127.558714,59.857998]],[[-129.278811,59.88287],[-128.850112,59.878725]],[[-129.5157,60.083095],[-129.944398,60.084753]],[[-129.278811,59.88287],[-129.5157,60.083095]],[[-126.703085,60.239378],[-126.916108,60.043713]],[[-126.916108,60.043713],[-127.352762,60.054077]],[[-126.703085,60.239378],[-126.262895,60.227356]],[[-127.352762,60.054077],[-127.558714,59.857998]],[[-130.555183,59.887016],[-130.130904,59.887016]],[[-130.555183,59.887016],[-130.79826,60.083924]],[[-129.944398,60.084753],[-130.024835,60.000186]],[[-130.024835,60.000186],[-130.130904,59.887016]],[[-137.395796,59.890332],[-136.997151,59.911474]],[[-137.668926,60.068586],[-138.067571,60.045371]],[[-136.939696,60.000186],[-136.997151,59.911474]],[[-137.395796,59.890332],[-137.668926,60.068586]],[[-136.866331,60.112113],[-136.939696,60.000186]],[[-138.187783,59.844732],[-138.581125,59.820274]],[[-138.067571,60.045371],[-138.187783,59.844732]],[[-136.193673,59.950441],[-136.462383,60.132011]],[[-135.648298,60.168491],[-135.78884,59.967852]],[[-135.78884,59.967852],[-136.193673,59.950441]],[[-135.648298,60.168491],[-135.239045,60.185072]],[[-136.866331,60.112113],[-136.462383,60.132011]]]}},{"type":"Feature","properties":{"kind":"border","from_year":1999,"to_year":2000,"a":"manitoba","b":"nunavut"},"geometry":{"type":"MultiLineString","coordinates":[[[-94.88924,59.831882],[-94.79201,59.804107]],[[-94.88924,59.831882],[-94.89366,60.000186]],[[-94.89366,60.000186],[-94.896312,60.086826]],[[-95.769619,60.079364],[-95.338269,60.211189]],[[-95.338269,60.211189],[-94.896312,60.086826]],[[-99.234563,59.993553],[-99.219537,59.998942]],[[-99.190368,60.009306],[-98.823543,60.135742]],[[-98.823543,60.135742],[-98.373631,60.023401]],[[-99.61995,60.086826],[-99.234563,59.993553]],[[-100.09196,59.958317],[-100.016827,59.985263]],[[-99.878053,60.034593],[-99.830321,60.051589]],[[-97.957307,60.163102],[-98.373631,60.023401]],[[-97.957307,60.163102],[-97.509162,60.047859]],[[-100.944054,59.917692],[-100.54364,60.06444]],[[-100.54364,60.06444],[-100.09196,59.958317]],[[-101.791727,59.871678],[-101.396618,60.020499]],[[-101.396618,60.020499],[-100.944054,59.917692]],[[-96.214228,60.200825],[-96.641159,60.066513]],[[-96.641159,60.066513],[-97.087535,60.184658]],[[-96.214228,60.200825],[-95.769619,60.079364]],[[-97.087535,60.184658],[-97.509162,60.047859]]]}},{"type":"Feature","properties":{"kind":"border","from_year":1999,"to_year":2000,"a":"manitoba","b":"ontario"},"geometry":{"type":"MultiLineString","coordinates":[[[-90.080747,56.183486],[-90.108148,55.929785]],[[-90.108148,55.929785],[-90.512097,55.817859]],[[-90.535962,55.564573],[-90.512097,55.817859]],[[-90.535962,55.564573],[-90.933724,55.451402]],[[-90.933724,55.451402],[-91.310271,55.590274]],[[-89.640557,56.548699],[-89.671494,56.294584]],[[-89.671494,56.294584],[-90.080747,56.183486]],[[-91.705381,55.474617],[-91.721292,55.221745]],[[-91.721292,55.221745],[-92.111098,55.105259]],[[-91.310271,55.590274],[-91.705381,55.474617]],[[-92.123473,54.852802],[-92.111098,55.105259]],[[-89.195948,56.877846],[-89.225117,56.658553]],[[-89.225117,56.658553],[-89.640557,56.548699]],[[-95.379813,51.032371],[-95.370974,50.786547]],[[-95.022711,50.41553],[-95.355063,50.295727]],[[-95.370974,50.786547],[-95.029783,50.661355]],[[-95.029783,50.661355],[-95.022711,50.41553]],[[-95.396607,51.525677],[-95.048345,51.400485]],[[-95.048345,51.400485],[-95.042158,51.153417]],[[-95.042158,51.153417],[-95.379813,51.032371]],[[-95.346224,50.050732],[-95.355063,50.295727]],[[-95.011221,49.925955],[-95.346224,50.050732]],[[-95.005033,49.681374],[-95.011221,49.925955]],[[-95.330314,49.5624],[-95.323242,49.319063]],[[-95.213637,49.605513],[-95.330314,49.5624]],[[-95.423125,52.268124],[-95.068675,52.142932]],[[-95.068675,52.142932],[-95.061604,51.895035]],[[-95.061604,51.895035],[-95.405446,51.772745]],[[-95.396607,51.525677],[-95.405446,51.772745]],[[-95.423125,52.268124],[-95.431964,52.516436]],[[-95.431964,52.516436],[-95.081934,52.639555]],[[-95.323242,49.319063],[-95.153531,49.255224]],[[-93.649993,53.624925],[-93.2814,53.744313]],[[-94.38099,53.633215],[-94.258126,53.674255]],[[-94.215698,53.68835],[-94.109628,53.723586]],[[-93.910747,53.717782],[-93.88423,53.708248]],[[-93.845338,53.694568],[-93.649993,53.624925]],[[-94.378338,53.382831],[-94.38099,53.633215]],[[-94.25459,53.675499],[-94.221001,53.686692]],[[-93.2814,53.744313],[-93.276981,53.995112]],[[-93.276981,53.995112],[-92.903969,54.114086]],[[-94.733672,53.011401],[-95.089005,52.888281]],[[-94.738975,53.260956],[-94.733672,53.011401]],[[-95.081934,52.639555],[-95.089005,52.888281]],[[-94.378338,53.382831],[-94.738975,53.260956]],[[-92.507975,54.735486],[-92.517698,54.483444]],[[-92.517698,54.483444],[-92.896014,54.365714]],[[-92.903969,54.114086],[-92.896014,54.365714]],[[-92.123473,54.852802],[-92.507975,54.735486]]]}},{"type":"Feature","properties":{"kind":"border","from_year":1999,"to_year":2000,"a":"manitoba","b":"saskatchewan"},"geometry":{"type":"MultiLineString","coordinates":[[[-102.13557,58.061782],[-102.194792,58.075462]],[[-102.194792,58.075462],[-102.254898,58.324602]],[[-102.254898,58.324602],[-101.881003,58.473423]],[[-101.766094,57.974313],[-101.804986,57.983847]],[[-101.845646,57.993382],[-101.995028,58.028618]],[[-101.748416,57.893892],[-101.759906,57.946953]],[[-101.76521,57.969753],[-101.766094,57.974313]],[[-101.881003,58.473423],[-101.939341,58.722978]],[[-102.058669,59.222088],[-102.11966,59.472058]],[[-102.11966,59.472058],[-101.732505,59.621294]],[[-101.732505,59.621294],[-101.791727,59.871678]],[[-101.802334,52.847656],[-101.6229,52.797496]],[[-101.432858,52.743191],[-101.386011,52.499025]],[[-101.386011,52.499025],[-101.705988,52.360153]],[[-101.658256,52.116402],[-101.697149,52.317455]],[[-101.697149,52.317455],[-101.705988,52.360153]],[[-101.294967,52.011522],[-101.658256,52.116402]],[[-101.802334,52.847656],[-101.851834,53.092236]],[[-101.851834,53.092236],[-101.527437,53.232767]],[[-102.162971,54.563865],[-102.109053,54.317626]],[[-101.9526,53.581812],[-102.004751,53.826807]],[[-102.004751,53.826807],[-101.674167,53.968996]],[[-101.575168,53.477762],[-101.9526,53.581812]],[[-101.527437,53.232767],[-101.575168,53.477762]],[[-101.674167,53.968996],[-101.723666,54.21482]],[[-102.109053,54.317626],[-101.723666,54.21482]],[[-102.069276,57.308971],[-102.095794,57.298193]],[[-102.09933,57.296535],[-102.117892,57.289073]],[[-102.059553,57.502148],[-102.019777,57.329284]],[[-102.019777,57.329284],[-102.027732,57.325967]],[[-102.439637,59.072024],[-102.377763,58.822883]],[[-102.377763,58.822883],[-101.939341,58.722978]],[[-102.058669,59.222088],[-102.439637,59.072024]],[[-101.690961,55.83983],[-101.743996,56.087726]],[[-102.149713,56.189704],[-101.743996,56.087726]],[[-101.587543,55.34445],[-101.984421,55.447672]],[[-101.984421,55.447672],[-102.039223,55.694739]],[[-102.149713,56.189704],[-102.206283,56.437601]],[[-102.206283,56.437601],[-101.851834,56.583935]],[[-101.8262,54.707297],[-101.878351,54.95395]],[[-101.878351,54.95395],[-101.53716,55.097382]],[[-101.8262,54.707297],[-102.162971,54.563865]],[[-101.53716,55.097382],[-101.587543,55.34445]],[[-101.90752,56.832246],[-102.138222,56.888624]],[[-102.228381,56.910595],[-102.269041,56.920544]],[[-102.149713,56.891526],[-102.166507,56.895671]],[[-102.182417,56.899402],[-102.208051,56.90562]],[[-101.851834,56.583935],[-101.90752,56.832246]],[[-101.689193,50.526628],[-101.686542,50.511704]],[[-101.644114,50.286193],[-101.447001,50.226499]],[[-101.447001,50.226499],[-101.296735,50.180899]],[[-101.296735,50.180899],[-101.276405,50.063583]],[[-101.276405,50.063583],[-101.254307,49.940464]],[[-101.254307,49.940464],[-101.417832,49.867504]],[[-101.417832,49.867504],[-101.554838,49.806152]],[[-101.78112,51.008742],[-101.428439,50.904277]],[[-101.384243,50.662598],[-101.508875,50.607464]],[[-101.508875,50.607464],[-101.689193,50.526628]],[[-101.170336,49.461252],[-101.392198,49.53048]],[[-101.417832,49.537942],[-101.510643,49.566546]],[[-101.510643,49.566546],[-101.554838,49.806152]],[[-101.128792,49.22206],[-101.170336,49.461252]],[[-101.249888,51.768185],[-101.294967,52.011522]],[[-101.570749,51.365249],[-101.713943,51.301409]],[[-101.747532,51.286486],[-101.828852,51.250421]],[[-101.564561,51.630557],[-101.518598,51.388049]],[[-101.518598,51.388049],[-101.570749,51.365249]],[[-101.78112,51.008742],[-101.828852,51.250421]],[[-101.249888,51.768185],[-101.564561,51.630557]],[[-101.424903,49.088992],[-101.408109,48.99945]],[[-101.128792,49.22206],[-101.424903,49.088992]]]}},{"type":"Feature","properties":{"kind":"border","from_year":1999,"to_year":2000,"a":"new_brunswick","b":"nova_scotia"},"geometry":{"type":"MultiLineString","coordinates":[[[-63.901856,46.083138],[-64.116647,46.069044]],[[-64.116647,46.069044],[-64.255422,46.059924]],[[-64.410991,45.841874],[-64.255422,46.059924]],[[-64.410991,45.841874],[-64.513525,45.834827]],[[-64.570095,45.830681],[-64.762789,45.817001]],[[-64.808752,45.497389],[-64.715941,45.406604]],[[-64.715941,45.406604],[-64.76986,45.328255]],[[-64.909518,45.60517],[-64.887421,45.63709]]]}},{"type":"Feature","properties":{"kind":"border","from_year":1999,"to_year":2000,"a":"new_brunswick","b":"prince_edward_island"},"geometry":{"type":"MultiLineString","coordinates":[[[-63.850589,46.154025],[-63.901856,46.083138]],[[-64.104273,46.48566],[-63.941632,46.496023]],[[-63.941632,46.496023],[-63.933677,46.487733]],[[-63.916883,46.471151],[-63.869151,46.424722]],[[-63.838214,46.393631],[-63.834679,46.390315]],[[-63.783412,46.339326],[-63.744519,46.300359]],[[-63.744519,46.300359],[-63.745403,46.298701]]]}},{"type":"Feature","properties":{"kind":"border","from_year":1999,"to_year":2000,"a":"new_brunswick","b":"quebec"},"geometry":{"type":"MultiLineString","coordinates":[[[-68.467274,47.388121],[-68.326731,47.614876]],[[-68.553013,47.805566],[-68.383302,47.662963]],[[-68.383302,47.662963],[-68.326731,47.614876]],[[-68.467274,47.388121],[-68.778411,47.356201]],[[-68.778411,47.356201],[-68.83233,47.350812]],[[-68.924257,47.197845],[-68.837634,47.341692]],[[-68.837634,47.341692],[-68.83233,47.350812]],[[-67.814945,47.877282],[-67.445469,47.911689]],[[-67.445469,47.911689],[-67.223606,47.718926]],[[-68.553013,47.805566],[-68.469925,47.939463]],[[-68.469925,47.939463],[-68.411587,48.033565]],[[-68.411587,48.033565],[-68.040343,48.06963]],[[-68.040343,48.06963],[-67.959023,47.999987]],[[-67.959023,47.999987],[-67.814945,47.877282]],[[-66.704748,47.975943],[-66.855014,47.750846]],[[-66.855014,47.750846],[-67.223606,47.718926]],[[-66.579233,47.986721],[-66.633151,47.982161]],[[-66.633151,47.982161],[-66.704748,47.975943]],[[-66.117829,47.811784],[-65.911877,47.827951]],[[-65.781058,47.8379],[-65.749237,47.840387]],[[-66.330853,48.003303],[-66.117829,47.811784]],[[-65.318771,48.084139],[-65.536214,48.068386]],[[-65.749237,47.840387],[-65.747469,47.84246]],[[-65.222424,48.090772],[-65.170273,48.04227]]]}},{"type":"Feature","properties":{"kind":"border","from_year":1999,"to_year":2000,"a":"newfoundland","b":"nunavut"},"geometry":{"type":"MultiLineString","coordinates":[[[-64.547998,60.380737],[-64.728316,60.37369]],[[-64.436624,60.384882],[-64.508221,60.381981]]]}},{"type":"Feature","properties":{"kind":"border","from_year":1999,"to_year":2000,"a":"newfoundland","b":"quebec"},"geometry":{"type":"MultiLineString","coordinates":[[[-67.919247,54.403022],[-68.088074,54.168391]],[[-68.088074,54.168391],[-67.825552,53.967752]],[[-67.485245,54.4366],[-67.919247,54.403022]],[[-67.311998,54.670817],[-67.485245,54.4366]],[[-67.395969,54.000915],[-67.825552,53.967752]],[[-67.309346,53.566059],[-67.055662,53.364591]],[[-67.055662,53.364591],[-67.22449,53.132033]],[[-67.22449,53.132033],[-66.973458,52.930979]],[[-67.309346,53.566059],[-67.13875,53.799033]],[[-66.555367,52.961241],[-66.873576,52.938441]],[[-66.873576,52.938441],[-66.884183,52.937612]],[[-66.884183,52.937612],[-66.973458,52.930979]],[[-67.395969,54.000915],[-67.13875,53.799033]],[[-64.933384,55.040175],[-65.374457,55.016132]],[[-65.560079,54.785231],[-65.374457,55.016132]],[[-64.933384,55.040175],[-64.683236,54.832904]],[[-65.998501,54.758701],[-66.25572,54.9639]],[[-65.560079,54.785231],[-65.998501,54.758701]],[[-64.244815,54.854046],[-64.683236,54.832904]],[[-63.999971,54.64553],[-63.564201,54.664599]],[[-64.244815,54.854046],[-63.999971,54.64553]],[[-66.696793,54.934881],[-66.781649,54.823369]],[[-66.794024,54.808031],[-66.87446,54.701494]],[[-66.87446,54.701494],[-67.311998,54.670817]],[[-66.25572,54.9639],[-66.696793,54.934881]],[[-64.208574,56.399048],[-63.750707,56.418117]],[[-63.750707,56.418117],[-63.498791,56.207115]],[[-63.498791,56.207115],[-63.702092,55.978702]],[[-63.702092,55.978702],[-63.453712,55.768114]],[[-63.453712,55.768114],[-63.655244,55.540115]],[[-64.465793,56.608807],[-64.208574,56.399048]],[[-64.465793,56.608807],[-64.263377,56.838879]],[[-64.263377,56.838879],[-63.800206,56.857948]],[[-63.367088,54.892184],[-63.609281,55.101942]],[[-63.609281,55.101942],[-63.409516,55.329941]],[[-63.564201,54.664599],[-63.367088,54.892184]],[[-63.655244,55.540115],[-63.409516,55.329941]],[[-64.357956,52.224597],[-64.537391,51.997428]],[[-64.888305,51.543503],[-65.119006,51.746214]],[[-64.537391,51.997428],[-64.308457,51.793058]],[[-64.308457,51.793058],[-64.48524,51.566717]],[[-64.48524,51.566717],[-64.888305,51.543503]],[[-65.587481,52.152052],[-65.825254,52.354349]],[[-65.119006,51.746214],[-65.524723,51.720927]],[[-65.524723,51.720927],[-65.759844,51.92281]],[[-65.759844,51.92281],[-65.587481,52.152052]],[[-63.948704,52.245739],[-64.357956,52.224597]],[[-63.948704,52.245739],[-63.721538,52.040126]],[[-66.480234,52.528458],[-66.237158,52.326575]],[[-66.480234,52.528458],[-66.309639,52.759358]],[[-65.825254,52.354349],[-66.237158,52.326575]],[[-66.555367,52.961241],[-66.309639,52.759358]],[[-62.499084,52.093602],[-62.686474,51.870163]],[[-62.686474,51.870163],[-63.092191,51.852752]],[[-63.092191,51.852752],[-63.314053,52.059195]],[[-63.314053,52.059195],[-63.721538,52.040126]],[[-62.0916,52.108525],[-62.499084,52.093602]],[[-62.0916,52.108525],[-61.875925,51.90001]],[[-63.851473,57.298193],[-63.641101,57.527435]],[[-63.592486,57.086776],[-63.851473,57.298193]],[[-63.800206,56.857948],[-63.592486,57.086776]],[[-64.981999,60.141131],[-64.964321,60.127865]],[[-64.949295,60.117087],[-64.692959,59.930128]],[[-64.692959,59.930128],[-64.911286,59.698399]],[[-64.438392,58.161687],[-64.646996,57.930786]],[[-64.378286,57.720198],[-63.903624,57.739267]],[[-63.903624,57.739267],[-63.641101,57.527435]],[[-64.646996,57.930786],[-64.378286,57.720198]],[[-64.068032,59.064147],[-64.56214,59.045078]],[[-64.56214,59.045078],[-64.843225,59.256081]],[[-64.843225,59.256081],[-64.626666,59.487396]],[[-64.068032,59.064147],[-64.023836,59.030155]],[[-64.014997,59.023522],[-63.878874,58.917814]],[[-63.87799,58.916984],[-63.794903,58.851901]],[[-63.794903,58.851901],[-64.012345,58.622244]],[[-64.911286,59.698399],[-64.626666,59.487396]],[[-63.957543,58.180341],[-63.741868,58.409998]],[[-64.012345,58.622244],[-63.741868,58.409998]],[[-63.957543,58.180341],[-64.438392,58.161687]],[[-57.040913,51.962606],[-57.227419,52.177754]],[[-57.25482,51.75036],[-57.11693,51.590761]],[[-57.11693,51.590761],[-57.070082,51.536041]],[[-57.070082,51.536041],[-57.194714,51.410849]],[[-57.6296,52.179412],[-57.227419,52.177754]],[[-57.040913,51.962606],[-57.107207,51.897108]],[[-57.107207,51.897108],[-57.25482,51.75036]],[[-57.84174,51.965922],[-57.6296,52.179412]],[[-58.243037,51.965508],[-57.84174,51.965922]],[[-58.437498,52.178998],[-58.841447,52.176925]],[[-58.243037,51.965508],[-58.437498,52.178998]],[[-61.471092,51.912861],[-61.276631,52.133812]],[[-61.276631,52.133812],[-60.87003,52.14459]],[[-60.87003,52.14459],[-60.66231,51.934417]],[[-60.66231,51.934417],[-60.257477,51.943122]],[[-61.875925,51.90001],[-61.471092,51.912861]],[[-60.057713,52.161587],[-60.257477,51.943122]],[[-59.450464,51.955973],[-59.047399,51.960533]],[[-58.841447,52.176925],[-59.047399,51.960533]],[[-59.450464,51.955973],[-59.651996,52.168219]],[[-60.057713,52.161587],[-59.651996,52.168219]]]}},{"type":"Feature","properties":{"kind":"border","from_year":1999,"to_year":2000,"a":"northwest_territories","b":"nunavut"},"geometry":{"type":"MultiLineString","coordinates":[[[-109.784965,78.483843],[-109.563102,78.309735]],[[-110.173003,78.115729],[-110.311777,78.085467]],[[-109.390739,78.565508],[-109.784965,78.483843]],[[-110.098754,77.918821],[-110.311777,78.085467]],[[-110.815609,75.559655],[-110.419615,75.538098]],[[-110.401937,75.537269],[-110.142066,75.52276]],[[-110.142066,75.52276],[-109.906945,75.293932]],[[-109.906945,75.293932],[-110.560157,75.116508]],[[-109.926391,74.863636],[-110.32592,74.887265]],[[-110.32592,74.887265],[-110.560157,75.116508]],[[-110.290564,70.740589],[-110.477069,70.975635]],[[-110.477069,70.975635],[-109.957328,71.153888]],[[-109.595807,70.681723],[-110.290564,70.740589]],[[-109.421676,70.445019],[-109.595807,70.681723]],[[-109.421676,70.445019],[-109.929926,70.268424]],[[-109.957328,71.153888],[-110.143834,71.388934]],[[-110.143834,71.388934],[-109.609949,71.565944]],[[-109.796455,71.80099],[-110.530988,71.857368]],[[-110.530988,71.857368],[-110.730753,72.090756]],[[-110.730753,72.090756],[-110.182726,72.269424]],[[-109.609949,71.565944],[-109.796455,71.80099]],[[-110.182726,72.269424],[-110.32592,72.436485]],[[-110.336527,72.448922],[-110.383375,72.502812]],[[-110.383375,72.502812],[-110.28084,72.535976]],[[-110.003291,72.623444],[-109.858329,72.66863]],[[-109.828276,72.678164],[-109.820321,72.680651]],[[-114.285856,70.15857],[-114.962935,70.200024]],[[-114.962935,70.200024],[-115.408427,70.010578]],[[-115.408427,70.010578],[-116.080202,70.047887]],[[-111.781727,70.200853],[-112.260809,70.018454]],[[-112.260809,70.018454],[-112.934351,70.067785]],[[-111.781727,70.200853],[-111.103765,70.146963]],[[-111.103765,70.146963],[-110.918143,69.911917]],[[-114.067529,69.928084],[-114.285856,70.15857]],[[-112.934351,70.067785],[-113.398406,69.882899]],[[-113.398406,69.882899],[-114.067529,69.928084]],[[-117.17714,69.889531],[-116.510669,69.856368]],[[-116.080202,70.047887],[-116.510669,69.856368]],[[-110.249903,69.85471],[-109.754911,70.03172]],[[-110.918143,69.911917],[-110.249903,69.85471]],[[-109.754911,70.03172],[-109.929926,70.268424]],[[-109.867169,72.961297],[-110.02097,72.914039]],[[-109.857446,72.724178],[-110.02097,72.914039]],[[-109.820321,72.680651],[-109.828276,72.689771]],[[-120.712797,69.180662],[-120.339785,69.379643]],[[-120.445855,68.961369],[-120.712797,69.180662]],[[-120.445855,68.961369],[-120.810912,68.761973]],[[-120.547505,68.54268],[-120.810912,68.761973]],[[-120.905491,68.343699],[-120.646504,68.123991]],[[-120.547505,68.54268],[-120.905491,68.343699]],[[-118.112321,67.375741],[-118.342139,67.601252]],[[-117.517447,67.342992],[-118.112321,67.375741]],[[-117.297352,67.115822],[-117.517447,67.342992]],[[-116.707781,67.079342],[-117.297352,67.115822]],[[-118.942317,67.630685],[-118.342139,67.601252]],[[-116.496526,66.850929],[-115.912259,66.811133]],[[-115.912259,66.811133],[-115.709842,66.581061]],[[-115.709842,66.581061],[-115.131762,66.537949]],[[-115.131762,66.537949],[-114.938185,66.306219]],[[-116.496526,66.850929],[-116.707781,67.079342]],[[-119.787339,67.88024],[-120.036603,68.101606]],[[-119.181858,67.854124],[-119.787339,67.88024]],[[-118.942317,67.630685],[-119.181858,67.854124]],[[-120.646504,68.123991],[-120.036603,68.101606]],[[-107.137641,64.63022],[-107.217193,64.797696]],[[-106.140586,64.640998],[-106.565749,64.475596]],[[-106.565749,64.475596],[-107.100517,64.55353]],[[-107.100517,64.55353],[-107.137641,64.63022]],[[-106.140586,64.640998],[-105.604934,64.559333]],[[-108.17624,64.703594],[-107.759033,64.873143]],[[-107.759033,64.873143],[-107.217193,64.797696]],[[-105.170048,64.722249],[-105.604934,64.559333]],[[-104.539817,64.389785],[-104.011236,64.301902]],[[-103.569279,64.460258],[-103.818543,64.371545]],[[-103.818543,64.371545],[-104.011236,64.301902]],[[-104.539817,64.389785],[-104.634396,64.637268]],[[-103.569279,64.460258],[-103.040698,64.369058]],[[-105.170048,64.722249],[-104.634396,64.637268]],[[-108.716312,64.77531],[-108.17624,64.703594]],[[-102.168275,61.372739],[-102.102865,61.122769]],[[-102.102865,61.122769],[-101.632623,61.022864]],[[-101.632623,61.022864],[-101.572517,60.77248]],[[-101.572517,60.77248],[-101.975582,60.622001]],[[-102.301746,61.873093],[-101.820013,61.774431]],[[-101.820013,61.774431],[-101.756371,61.524047]],[[-101.756371,61.524047],[-102.168275,61.372739]],[[-101.912824,60.372031],[-101.975582,60.622001]],[[-102.305282,60.206629],[-102.245175,59.971583]],[[-101.912824,60.372031],[-101.950832,60.357522]],[[-102.263738,60.238549],[-102.299978,60.224869]],[[-101.949064,62.275614],[-102.369807,62.123062]],[[-102.301746,61.873093],[-102.369807,62.123062]],[[-102.152364,63.026352],[-102.132918,63.022621]],[[-102.122311,63.020549],[-102.078999,63.012258]],[[-101.615828,62.78799],[-101.587543,62.677721]],[[-101.587543,62.677721],[-102.016242,62.525998]],[[-102.365388,63.776261],[-101.851834,63.679673]],[[-101.851834,63.679673],[-101.783772,63.429288]],[[-101.783772,63.429288],[-102.222194,63.276322]],[[-102.152364,63.026352],[-102.169159,63.086046]],[[-102.193908,63.176417],[-102.222194,63.276322]],[[-102.365388,63.776261],[-102.439637,64.025816]],[[-102.439637,64.025816],[-101.990608,64.180026]],[[-102.062205,64.429996],[-102.590786,64.524926]],[[-101.990608,64.180026],[-102.062205,64.429996]],[[-102.590786,64.524926],[-103.040698,64.369058]],[[-110.891625,65.653313],[-111.198344,65.518172]],[[-111.198344,65.518172],[-111.756093,65.577452]],[[-110.433758,65.24333],[-110.49298,65.217214]],[[-110.178306,65.354013],[-110.39133,65.26157]],[[-110.14295,65.485009],[-110.087263,65.39298]],[[-110.087263,65.39298],[-110.120852,65.378471]],[[-110.270233,65.637146],[-110.233993,65.633001]],[[-110.233993,65.633001],[-110.156209,65.505321]],[[-110.514194,65.664506],[-110.30559,65.640877]],[[-112.151203,65.397955],[-112.706301,65.453918]],[[-112.706301,65.453918],[-112.742542,65.504907]],[[-112.742542,65.504907],[-112.875129,65.689793]],[[-111.756093,65.577452],[-112.03983,65.448943]],[[-112.03983,65.448943],[-112.151203,65.397955]],[[-108.848015,65.017404],[-109.395158,65.086218]],[[-108.716312,64.77531],[-108.848015,65.017404]],[[-109.395158,65.086218],[-109.801759,64.91211]],[[-109.801759,64.91211],[-110.347134,64.977608]],[[-110.347134,64.977608],[-110.478837,65.194414]],[[-110.490328,65.212239],[-110.49298,65.217214]],[[-113.435531,65.74244],[-113.397522,65.739124]],[[-113.397522,65.739124],[-112.875129,65.689793]],[[-114.179787,66.026817],[-114.365409,66.25979]],[[-113.613197,65.977072],[-114.179787,66.026817]],[[-113.446138,65.75612],[-113.613197,65.977072]],[[-113.435531,65.74244],[-113.446138,65.75612]],[[-114.938185,66.306219],[-114.365409,66.25979]]]}},{"type":"Feature","properties":{"kind":"border","from_year":1999,"to_year":2000,"a":"northwest_territories","b":"saskatchewan"},"geometry":{"type":"MultiLineString","coordinates":[[[-104.837696,60.039982],[-104.460265,60.197509]],[[-104.460265,60.197509],[-104.000629,60.10548]],[[-104.000629,60.10548],[-103.967924,60.000186]],[[-103.967924,60.000186],[-103.924613,59.857583]],[[-103.924613,59.857583],[-103.470281,59.763896]],[[-105.668576,59.96951],[-105.297332,60.128695]],[[-105.297332,60.128695],[-104.837696,60.039982]],[[-102.245175,59.971583],[-102.634098,59.820274]],[[-102.634098,59.820274],[-103.087546,59.917277]],[[-103.087546,59.917277],[-103.470281,59.763896]],[[-107.87129,60.1374],[-108.334461,60.21492]],[[-108.334461,60.21492],[-108.686259,60.048273]],[[-108.686259,60.048273],[-109.147662,60.122891]],[[-106.127327,60.05532],[-106.492384,59.894478]],[[-106.492384,59.894478],[-106.951135,59.976972]],[[-106.127327,60.05532],[-105.829448,60.000186]],[[-105.829448,60.000186],[-105.668576,59.96951]],[[-107.309121,59.814056],[-107.766988,59.894063]],[[-107.766988,59.894063],[-107.812068,60.000186]],[[-107.812068,60.000186],[-107.87129,60.1374]],[[-106.951135,59.976972],[-107.309121,59.814056]],[[-109.952908,60.026717],[-110.005943,60.000186]],[[-110.005943,60.000186],[-110.291447,59.856754]],[[-109.594923,59.971168],[-109.492389,59.955001]]]}},{"type":"Feature","properties":{"kind":"border","from_year":1999,"to_year":2000,"a":"northwest_territories","b":"yukon"},"geometry":{"type":"MultiLineString","coordinates":[[[-136.122076,68.38391],[-136.454427,68.507029]],[[-135.905517,68.01165],[-136.313001,68.165031]],[[-136.313001,68.165031],[-136.122076,68.38391]],[[-136.095558,67.794015],[-135.905517,68.01165]],[[-136.684245,67.728102],[-136.864564,67.510053]],[[-136.095558,67.794015],[-136.684245,67.728102]],[[-134.36397,66.812376],[-133.830086,66.83642]],[[-133.830086,66.83642],[-133.497734,66.646973]],[[-133.497734,66.646973],[-133.699266,66.435556]],[[-133.699266,66.435556],[-133.373102,66.245696]],[[-133.373102,66.245696],[-133.571983,66.034693]],[[-135.302687,66.904819],[-134.736098,66.965757]],[[-134.736098,66.965757],[-134.36397,66.812376]],[[-133.25289,65.844418],[-132.734916,65.863072]],[[-132.734916,65.863072],[-132.42201,65.670724]],[[-132.42201,65.670724],[-132.626194,65.460965]],[[-132.318592,65.268202],[-132.520125,65.059273]],[[-132.626194,65.460965],[-132.318592,65.268202]],[[-133.571983,66.034693],[-133.25289,65.844418]],[[-136.252011,66.992288],[-136.643585,67.142353]],[[-136.643585,67.142353],[-136.46415,67.359159]],[[-135.683654,67.056957],[-136.252011,66.992288]],[[-135.683654,67.056957],[-135.302687,66.904819]],[[-136.864564,67.510053],[-136.46415,67.359159]],[[-124.019521,60.551114],[-124.234312,60.764604]],[[-124.688644,60.782844],[-124.234312,60.764604]],[[-124.019521,60.551114],[-124.257294,60.357522]],[[-124.045154,60.144447],[-124.257294,60.357522]],[[-124.688644,60.782844],[-124.907855,60.994676]],[[-125.363954,61.010014],[-125.593772,60.814349]],[[-125.593772,60.814349],[-126.044568,60.827615]],[[-125.363954,61.010014],[-124.907855,60.994676]],[[-126.944393,60.85],[-126.725182,61.047323]],[[-126.044568,60.827615],[-126.267315,60.631536]],[[-126.267315,60.631536],[-126.714575,60.643143]],[[-126.714575,60.643143],[-126.944393,60.85]],[[-126.725182,61.047323],[-126.958536,61.254594]],[[-130.560487,64.093387],[-130.844223,64.291124]],[[-131.337447,64.281175],[-130.844223,64.291124]],[[-130.560487,64.093387],[-130.76909,63.887359]],[[-130.490657,63.689622],[-130.76909,63.887359]],[[-130.005388,63.695425],[-130.490657,63.689622]],[[-131.337447,64.281175],[-131.627371,64.476839]],[[-132.21871,64.866095],[-132.520125,65.059273]],[[-132.418475,64.657995],[-132.122363,64.463988]],[[-132.122363,64.463988],[-131.627371,64.476839]],[[-132.21871,64.866095],[-132.418475,64.657995]],[[-128.386941,62.081194],[-128.850112,62.083266]],[[-128.850112,62.083266],[-129.103796,62.285563]],[[-129.103796,62.285563],[-128.89254,62.487031]],[[-128.138561,61.877653],[-128.386941,62.081194]],[[-127.677158,61.872678],[-128.138561,61.877653]],[[-128.89254,62.487031],[-129.150643,62.689329]],[[-129.62177,62.68767],[-129.150643,62.689329]],[[-127.434082,61.667065],[-127.677158,61.872678]],[[-127.652409,61.468084],[-127.412868,61.26247]],[[-127.412868,61.26247],[-126.958536,61.254594]],[[-127.434082,61.667065],[-127.652409,61.468084]],[[-129.676572,63.091436],[-129.944398,63.291245]],[[-129.944398,63.291245],[-129.732259,63.495615]],[[-129.676572,63.091436],[-129.885176,62.887895]],[[-129.62177,62.68767],[-129.885176,62.887895]],[[-129.732259,63.495615],[-130.005388,63.695425]]]}},{"type":"Feature","properties":{"kind":"border","from_year":1999,"to_year":2000,"a":"nova_scotia","b":"prince_edward_island"},"geometry":{"type":"MultiLineString","coordinates":[[[-63.901856,46.083138],[-63.885946,46.067386]],[[-63.16202,45.714609],[-62.81199,45.734507]],[[-63.251295,45.80498],[-63.242456,45.79586]],[[-63.207099,45.760209],[-63.197376,45.750675]],[[-63.186769,45.739067],[-63.16202,45.714609]],[[-62.81199,45.734507],[-62.789008,45.765598]]]}},{"type":"Feature","properties":{"kind":"border","from_year":1999,"to_year":2000,"a":"nunavut","b":"ontario"},"geometry":{"type":"MultiLineString","coordinates":[[[-82.20507,53.289559],[-82.234239,53.194629]],[[-82.280203,53.04332],[-82.281087,53.040419]],[[-82.281087,53.040419],[-82.280203,53.039589]],[[-82.115795,53.308214],[-82.20507,53.289559]],[[-81.352093,52.8489],[-81.559812,52.95751]],[[-81.559812,52.95751],[-81.741015,52.920201]]]}},{"type":"Feature","properties":{"kind":"border","from_year":1999,"to_year":2000,"a":"nunavut","b":"quebec"},"geometry":{"type":"MultiLineString","coordinates":[[[-73.976712,62.652849],[-74.298456,62.619685]]]}},{"type":"Feature","properties":{"kind":"border","from_year":1999,"to_year":2000,"a":"nunavut","b":"saskatchewan"},"geometry":{"type":"MultiLineString","coordinates":[[[-102.245175,59.971583],[-101.791727,59.871678]]]}},{"type":"Feature","properties":{"kind":"border","from_year":1999,"to_year":2000,"a":"ontario","b":"quebec"},"geometry":{"type":"MultiLineString","coordinates":[[[-75.923888,45.360806],[-75.811843,45.410873]],[[-75.811843,45.410873],[-75.692616,45.370082]],[[-76.043834,45.401359],[-75.923888,45.360806]],[[-75.579853,45.419911],[-75.692616,45.370082]],[[-79.753976,48.754455],[-79.83618,48.513606]],[[-79.788448,49.648625],[-79.51797,49.489441]],[[-79.51797,49.432648],[-79.586032,49.237398]],[[-79.501176,49.479492],[-79.51797,49.432648]],[[-79.51797,49.489441],[-79.501176,49.479492]],[[-79.586032,49.237398],[-79.51797,49.196773]],[[-79.517087,48.801713],[-79.753976,48.754455]],[[-79.51797,49.196773],[-79.302295,49.068679]],[[-79.302295,49.068679],[-79.323509,49.009399]],[[-79.323509,49.009399],[-79.357982,48.912396]],[[-79.388035,48.827415],[-79.517087,48.801713]],[[-79.948437,51.211454],[-79.950205,51.206479]],[[-79.950205,51.206479],[-79.924571,51.192385]],[[-79.909544,51.184094],[-79.650558,51.036516]],[[-79.650558,51.036516],[-79.738065,50.791936]],[[-79.531229,50.377807],[-79.239537,50.20743]],[[-79.239537,50.20743],[-79.327929,49.964507]],[[-79.327929,49.964507],[-79.703592,49.891133]],[[-79.788448,49.648625],[-79.703592,49.891133]],[[-79.531229,50.377807],[-79.442838,50.621558]],[[-79.738065,50.791936],[-79.442838,50.621558]],[[-75.116077,45.436451],[-75.104586,45.462567]],[[-75.104586,45.462567],[-75.014427,45.667766]],[[-75.014427,45.667766],[-74.788145,45.70466]],[[-74.788145,45.70466],[-74.667049,45.724144]],[[-74.667049,45.724144],[-74.546836,45.637504]],[[-74.423972,45.548792],[-74.488498,45.406189]],[[-74.489382,45.406189],[-74.528274,45.31872]],[[-74.528274,45.31872],[-74.358563,45.195187]],[[-74.318786,45.166168],[-74.287849,45.143783]],[[-74.287849,45.143783],[-74.355911,44.995791]],[[-74.355911,44.995791],[-74.356795,44.992475]],[[-75.116077,45.436451],[-75.27253,45.410749]],[[-75.27253,45.410749],[-75.460804,45.378829]],[[-77.408067,46.1134],[-77.612251,46.248127]],[[-77.612251,46.248127],[-77.665286,46.282948]],[[-76.898048,45.77306],[-77.242775,45.710049]],[[-77.242775,45.710049],[-77.497342,45.879183]],[[-77.497342,45.879183],[-77.408067,46.1134]],[[-77.665286,46.282948],[-78.013548,46.217036]],[[-78.013548,46.217036],[-78.274303,46.385755]],[[-76.321736,45.660304],[-76.300522,45.664035]],[[-76.300522,45.664035],[-76.051258,45.492]],[[-76.646133,45.602683],[-76.645249,45.602683]],[[-76.898048,45.77306],[-76.646133,45.602683]],[[-79.60813,47.222303],[-79.688566,46.984355]],[[-79.688566,46.984355],[-79.418972,46.818124]],[[-79.445489,47.699443],[-79.17236,47.531967]],[[-79.17236,47.531967],[-79.225395,47.379415]],[[-79.225395,47.379415],[-79.255448,47.293605]],[[-79.255448,47.293605],[-79.60813,47.222303]],[[-79.068942,46.88901],[-79.418972,46.818124]],[[-78.885972,46.485245],[-78.621681,46.31777]],[[-78.885972,46.485245],[-78.802,46.721535]],[[-78.274303,46.385755],[-78.621681,46.31777]],[[-79.068942,46.88901],[-78.802,46.721535]],[[-79.639067,48.10611],[-79.555979,48.34613]],[[-79.362401,47.938634],[-79.627576,48.099477]],[[-79.83618,48.513606],[-79.555979,48.34613]]]}},{"type":"Feature","properties":{"kind":"label","from_year":1999,"to_year":2000,"jurisdiction":"alberta","name":"Alberta","sovereign":"Canada","status":"province","h3":"84120bdffffffff"},"geometry":{"type":"Point","coordinates":[-115.44271,56.28179]}},{"type":"Feature","properties":{"kind":"label","from_year":1999,"to_year":2000,"jurisdiction":"british_columbia","name":"British Columbia","sovereign":"Canada","status":"province","h3":"8412aa7ffffffff"},"geometry":{"type":"Point","coordinates":[-125.27189,54.03228]}},{"type":"Feature","properties":{"kind":"label","from_year":1999,"to_year":2000,"jurisdiction":"manitoba","name":"Manitoba","sovereign":"Canada","status":"province","h3":"840e985ffffffff"},"geometry":{"type":"Point","coordinates":[-96.74167,56.12181]}},{"type":"Feature","properties":{"kind":"label","from_year":1999,"to_year":2000,"jurisdiction":"new_brunswick","name":"New Brunswick","sovereign":"Canada","status":"province","h3":"842b025ffffffff"},"geometry":{"type":"Point","coordinates":[-66.28033,46.52931]}},{"type":"Feature","properties":{"kind":"label","from_year":1999,"to_year":2000,"jurisdiction":"newfoundland","name":"Newfoundland","sovereign":"Canada","status":"province","h3":"841bb15ffffffff"},"geometry":{"type":"Point","coordinates":[-59.21523,53.46252]}},{"type":"Feature","properties":{"kind":"label","from_year":1999,"to_year":2000,"jurisdiction":"northwest_territories","name":"Northwest Territories","sovereign":"Canada","status":"territory","h3":"84131d3ffffffff"},"geometry":{"type":"Point","coordinates":[-121.16808,64.14687]}},{"type":"Feature","properties":{"kind":"label","from_year":1999,"to_year":2000,"jurisdiction":"nova_scotia","name":"Nova Scotia","sovereign":"Canada","status":"province","h3":"842b011ffffffff"},"geometry":{"type":"Point","coordinates":[-63.39259,45.25509]}},{"type":"Feature","properties":{"kind":"label","from_year":1999,"to_year":2000,"jurisdiction":"nunavut","name":"Nunavut","sovereign":"Canada","status":"territory","h3":"840f9edffffffff"},"geometry":{"type":"Point","coordinates":[-95.58883,65.29973]}},{"type":"Feature","properties":{"kind":"label","from_year":1999,"to_year":2000,"jurisdiction":"ontario","name":"Ontario","sovereign":"Canada","status":"province","h3":"840ede9ffffffff"},"geometry":{"type":"Point","coordinates":[-86.97949,51.69577]}},{"type":"Feature","properties":{"kind":"label","from_year":1999,"to_year":2000,"jurisdiction":"prince_edward_island","name":"Prince Edward Island","sovereign":"Canada","status":"province","h3":"842b055ffffffff"},"geometry":{"type":"Point","coordinates":[-62.87475,46.27223]}},{"type":"Feature","properties":{"kind":"label","from_year":1999,"to_year":2000,"jurisdiction":"quebec","name":"Quebec","sovereign":"Canada","status":"province","h3":"840e58bffffffff"},"geometry":{"type":"Point","coordinates":[-72.55177,51.24503]}},{"type":"Feature","properties":{"kind":"label","from_year":1999,"to_year":2000,"jurisdiction":"saskatchewan","name":"Saskatchewan","sovereign":"Canada","status":"province","h3":"841259bffffffff"},"geometry":{"type":"Point","coordinates":[-105.81411,52.31088]}},{"type":"Feature","properties":{"kind":"label","from_year":1999,"to_year":2000,"jurisdiction":"yukon","name":"Yukon Territory","sovereign":"Canada","status":"territory","h3":"8413a2dffffffff"},"geometry":{"type":"Point","coordinates":[-135.7168,62.92285]}},{"type":"Feature","properties":{"kind":"border","from_year":2001,"to_year":2002,"a":"alberta","b":"british_columbia"},"geometry":{"type":"MultiLineString","coordinates":[[[-119.809437,58.635095],[-120.000362,58.651262]],[[-120.000362,58.651262],[-120.242555,58.671575]],[[-120.242555,58.671575],[-120.422873,58.892526]],[[-120.422873,58.892526],[-120.167422,59.078656]],[[-119.634422,58.4129],[-119.809437,58.635095]],[[-120.167422,59.078656],[-120.349508,59.300022]],[[-120.349508,59.300022],[-120.090522,59.486567]],[[-119.888105,58.228843],[-119.713974,58.007062]],[[-119.713974,58.007062],[-119.964122,57.823419]],[[-119.634422,58.4129],[-119.888105,58.228843]],[[-119.792642,57.602468],[-119.964122,57.823419]],[[-120.011853,59.895721],[-120.27526,59.708348]],[[-120.090522,59.486567],[-120.27526,59.708348]],[[-120.086102,55.994869],[-120.251394,56.214162]],[[-120.251394,56.214162],[-120.015389,56.394903]],[[-120.086102,55.994869],[-120.319455,55.814957]],[[-120.155047,55.596078],[-120.319455,55.814957]],[[-120.182449,56.614611],[-120.000362,56.753068]],[[-120.015389,56.394903],[-120.182449,56.614611]],[[-120.000362,56.753068],[-119.942908,56.796181]],[[-120.384865,55.416995],[-120.222225,55.198946]],[[-120.155047,55.596078],[-120.384865,55.416995]],[[-119.674198,54.939441],[-119.833303,55.15832]],[[-120.222225,55.198946],[-119.833303,55.15832]],[[-119.674198,54.939441],[-119.903132,54.762431]],[[-119.746679,54.543967],[-119.903132,54.762431]],[[-120.039255,57.419654],[-120.000362,57.369494]],[[-120.000362,57.100456],[-120.111736,57.016303]],[[-120.000362,57.369494],[-119.868659,57.198702]],[[-119.868659,57.198702],[-120.000362,57.100456]],[[-119.942908,56.796181],[-120.000362,56.871213]],[[-120.000362,56.871213],[-120.111736,57.016303]],[[-119.792642,57.602468],[-120.000362,57.448258]],[[-120.000362,57.448258],[-120.039255,57.419654]],[[-116.917269,51.763625],[-116.5584,51.708905]],[[-116.5584,51.708905],[-116.430232,51.487954]],[[-116.430232,51.487954],[-116.073131,51.431576]],[[-116.073131,51.431576],[-115.948499,51.21021]],[[-116.917269,51.763625],[-117.048972,51.984162]],[[-117.409609,52.036809],[-117.048972,51.984162]],[[-115.472069,50.929979],[-115.594049,51.152174]],[[-115.948499,51.21021],[-115.594049,51.152174]],[[-115.472069,50.929979],[-115.702771,50.767478]],[[-115.232528,50.486832],[-115.581675,50.546526]],[[-115.581675,50.546526],[-115.702771,50.767478]],[[-117.907253,52.307506],[-118.045144,52.526799]],[[-117.543964,52.256517],[-117.907253,52.307506]],[[-117.409609,52.036809],[-117.543964,52.256517]],[[-118.4102,52.575716],[-118.045144,52.526799]],[[-114.316793,49.31782],[-114.428166,49.538771]],[[-114.543959,49.160708],[-114.463523,49.001109]],[[-114.768473,49.601782],[-114.499764,49.552451]],[[-114.499764,49.552451],[-114.428166,49.538771]],[[-114.316793,49.31782],[-114.543959,49.160708]],[[-115.114968,50.265466],[-114.768473,50.203699]],[[-114.768473,50.203699],[-114.653565,49.981918]],[[-114.653565,49.981918],[-114.719858,49.936318]],[[-114.719858,49.936318],[-114.883382,49.822733]],[[-114.768473,49.601782],[-114.883382,49.822733]],[[-115.114968,50.265466],[-115.232528,50.486832]],[[-120.105548,53.581812],[-119.952631,53.365421]],[[-119.952631,53.365421],[-119.582271,53.322308]],[[-119.582271,53.322308],[-119.432889,53.104673]],[[-119.885453,53.756749],[-120.105548,53.581812]],[[-120.039255,53.97397],[-120.000362,53.918836]],[[-120.000362,53.918836],[-119.885453,53.756749]],[[-119.064297,53.059488],[-118.840667,53.231938]],[[-118.840667,53.231938],[-118.470307,53.185094]],[[-118.470307,53.185094],[-118.327113,52.965801]],[[-118.327113,52.965801],[-118.552511,52.794594]],[[-118.4102,52.575716],[-118.552511,52.794594]],[[-119.432889,53.104673],[-119.064297,53.059488]],[[-120.000362,54.005061],[-120.039255,53.97397]],[[-119.972077,54.367372],[-119.816508,54.149736]],[[-119.816508,54.149736],[-120.000362,54.005061]],[[-119.746679,54.543967],[-119.972077,54.367372]]]}},{"type":"Feature","properties":{"kind":"border","from_year":2001,"to_year":2002,"a":"alberta","b":"northwest_territories"},"geometry":{"type":"MultiLineString","coordinates":[[[-119.561941,59.86007],[-120.000362,59.894892]],[[-120.000362,59.894892],[-120.011853,59.895721]],[[-119.291463,60.046615],[-119.561941,59.86007]],[[-119.291463,60.046615],[-118.838015,60.008892]],[[-118.56135,60.194607],[-118.838015,60.008892]],[[-117.931119,59.927641],[-117.477671,59.884943]],[[-117.931119,59.927641],[-117.985922,60.000186]],[[-117.985922,60.000186],[-118.104366,60.153982]],[[-117.191283,60.068171],[-117.477671,59.884943]],[[-117.191283,60.068171],[-116.734299,60.022571]],[[-118.56135,60.194607],[-118.104366,60.153982]],[[-114.604949,60.002673],[-114.295579,60.181342]],[[-114.295579,60.181342],[-113.83506,60.125793]],[[-113.83506,60.125793],[-113.756392,60.000186]],[[-113.756392,60.000186],[-113.689214,59.891576]],[[-113.689214,59.891576],[-113.23223,59.833125]],[[-115.365116,59.876238],[-115.063701,60.056149]],[[-115.063701,60.056149],[-114.604949,60.002673]],[[-112.914905,60.008892],[-113.23223,59.833125]],[[-112.252853,60.056979],[-112.205122,60.08268]],[[-112.205122,60.08268],[-112.130873,60.122476]],[[-112.130873,60.122476],[-111.66947,60.058637]],[[-112.45527,59.947954],[-112.384557,59.986092]],[[-112.914905,60.008892],[-112.45527,59.947954]],[[-115.821215,59.926812],[-115.365116,59.876238]],[[-111.338886,60.231501],[-111.66947,60.058637]],[[-115.982088,60.157298],[-116.440839,60.205385]],[[-115.821215,59.926812],[-115.982088,60.157298]],[[-116.440839,60.205385],[-116.734299,60.022571]],[[-110.750199,59.925983],[-110.875715,60.165174]],[[-110.291447,59.856754],[-110.750199,59.925983]],[[-111.338886,60.231501],[-110.875715,60.165174]]]}},{"type":"Feature","properties":{"kind":"border","from_year":2001,"to_year":2002,"a":"alberta","b":"saskatchewan"},"geometry":{"type":"MultiLineString","coordinates":[[[-110.044835,54.337525],[-110.147369,54.5734]],[[-110.147369,54.5734],[-109.856562,54.734657]],[[-110.044835,54.337525],[-110.331224,54.176682]],[[-110.22869,53.941221],[-110.331224,54.176682]],[[-109.843303,53.865774],[-110.22869,53.941221]],[[-109.959096,54.971361],[-109.664752,55.133033]],[[-109.856562,54.734657],[-109.959096,54.971361]],[[-109.999756,55.413679],[-110.168583,55.44477]],[[-110.168583,55.44477],[-110.274653,55.681889]],[[-110.274653,55.681889],[-110.032461,55.814542]],[[-109.767286,55.370152],[-109.999756,55.413679]],[[-109.664752,55.133033],[-109.767286,55.370152]],[[-110.019202,55.942636],[-110.082844,56.082752]],[[-110.082844,56.082752],[-109.778777,56.246496]],[[-109.818553,52.143761],[-109.914016,52.377149]],[[-109.914016,52.377149],[-109.639119,52.533847]],[[-109.994452,51.75492],[-110.089915,51.987479]],[[-109.639119,52.533847],[-109.693037,52.66733]],[[-109.693037,52.66733],[-109.734581,52.767649]],[[-110.108477,52.84434],[-109.734581,52.767649]],[[-109.945837,53.277952],[-110.027157,53.471544]],[[-110.027157,53.471544],[-109.745188,53.630314]],[[-109.928159,53.236912],[-109.945837,53.277952]],[[-109.928159,53.236912],[-110.207476,53.078142]],[[-110.108477,52.84434],[-110.207476,53.078142]],[[-109.745188,53.630314],[-109.843303,53.865774]],[[-110.238413,58.082923],[-109.805295,58.010378]],[[-109.805295,58.010378],[-109.693921,57.770772]],[[-109.693921,57.770772],[-110.012131,57.604955]],[[-109.900757,57.365763],[-110.012131,57.604955]],[[-109.900757,57.365763],[-110.213663,57.199946]],[[-110.238413,58.082923],[-110.354205,58.3217]],[[-110.354205,58.3217],[-110.031577,58.48959]],[[-110.300287,56.558233],[-110.410776,56.795766]],[[-110.410776,56.795766],[-110.103174,56.961584]],[[-109.885731,56.484859],[-110.300287,56.558233]],[[-109.778777,56.246496],[-109.885731,56.484859]],[[-110.103174,56.961584],[-110.213663,57.199946]],[[-109.879543,59.022693],[-109.819437,58.897086]],[[-109.819437,58.897086],[-110.147369,58.729196]],[[-110.031577,58.48959],[-110.147369,58.729196]],[[-110.170351,59.617148],[-109.716903,59.545847]],[[-109.716903,59.545847],[-109.700109,59.512269]],[[-110.262278,51.599051],[-110.166816,51.367322]],[[-109.994452,51.75492],[-110.262278,51.599051]],[[-110.170351,59.617148],[-110.291447,59.856754]],[[-110.201288,49.072825],[-110.173003,48.99945]],[[-110.220734,49.908958],[-110.312661,50.137786]],[[-110.312661,50.137786],[-110.055442,50.290753]],[[-109.87424,49.831439],[-110.220734,49.908958]],[[-109.784965,49.602196],[-109.87424,49.831439]],[[-110.055442,50.290753],[-110.148253,50.520824]],[[-110.148253,50.520824],[-109.887499,50.673791]],[[-110.039532,49.451303],[-109.950257,49.223304]],[[-109.950257,49.223304],[-110.201288,49.072825]],[[-110.005059,49.472444],[-110.039532,49.451303]],[[-109.784965,49.602196],[-110.005059,49.472444]],[[-109.715135,51.058902],[-109.807062,51.290631]],[[-110.166816,51.367322],[-109.807062,51.290631]],[[-109.715135,51.058902],[-109.979426,50.904691]],[[-109.887499,50.673791],[-109.979426,50.904691]]]}},{"type":"Feature","properties":{"kind":"border","from_year":2001,"to_year":2002,"a":"british_columbia","b":"northwest_territories"},"geometry":{"type":"MultiLineString","coordinates":[[[-120.011853,59.895721],[-120.198359,60.117916]],[[-120.911678,59.962048],[-120.650923,60.15108]],[[-120.650923,60.15108],[-120.198359,60.117916]],[[-121.61439,59.803693],[-121.360706,59.993139]],[[-121.360706,59.993139],[-120.911678,59.962048]],[[-122.059883,59.832296],[-121.61439,59.803693]],[[-123.599661,60.122891],[-124.045154,60.144447]],[[-122.257879,60.049931],[-122.706024,60.075633]],[[-123.392825,59.908572],[-122.9491,59.884529]],[[-122.706024,60.075633],[-122.9491,59.884529]],[[-123.392825,59.908572],[-123.599661,60.122891]]]}},{"type":"Feature","properties":{"kind":"border","from_year":2001,"to_year":2002,"a":"british_columbia","b":"yukon"},"geometry":{"type":"MultiLineString","coordinates":[[[-125.601727,60.004332],[-125.378097,60.198752]],[[-125.378097,60.198752],[-124.934372,60.182171]],[[-124.934372,60.182171],[-124.750518,60.000186]],[[-124.750518,60.000186],[-124.720465,59.970754]],[[-124.720465,59.970754],[-124.278508,59.95127]],[[-126.041033,60.018841],[-125.601727,60.004332]],[[-124.045154,60.144447],[-124.278508,59.95127]],[[-126.041033,60.018841],[-126.262895,60.227356]],[[-130.79826,60.083924],[-131.223422,60.081437]],[[-134.564619,60.013866],[-134.413469,60.214505]],[[-134.413469,60.214505],[-133.998029,60.226941]],[[-133.998029,60.226941],[-133.739043,60.038324]],[[-133.739043,60.038324],[-133.323603,60.048688]],[[-133.323603,60.048688],[-133.069036,59.858412]],[[-134.974755,59.999772],[-134.564619,60.013866]],[[-134.974755,59.999772],[-134.986246,60.008477]],[[-134.986246,60.008477],[-135.239045,60.185072]],[[-132.653596,59.866703],[-132.543107,60.000186]],[[-132.543107,60.000186],[-132.488304,60.065684]],[[-132.488304,60.065684],[-132.068445,60.072317]],[[-132.068445,60.072317],[-131.818297,59.878725]],[[-131.818297,59.878725],[-131.399321,59.88287]],[[-133.069036,59.858412],[-132.653596,59.866703]],[[-131.223422,60.081437],[-131.295019,60.000186]],[[-131.295019,60.000186],[-131.399321,59.88287]],[[-128.142097,60.000186],[-127.990948,59.866289]],[[-128.850112,59.878725],[-128.653884,60.076048]],[[-128.653884,60.076048],[-128.221649,60.069829]],[[-128.221649,60.069829],[-128.142097,60.000186]],[[-127.990948,59.866289],[-127.558714,59.857998]],[[-129.278811,59.88287],[-128.850112,59.878725]],[[-129.5157,60.083095],[-129.944398,60.084753]],[[-129.278811,59.88287],[-129.5157,60.083095]],[[-126.703085,60.239378],[-126.916108,60.043713]],[[-126.916108,60.043713],[-127.352762,60.054077]],[[-126.703085,60.239378],[-126.262895,60.227356]],[[-127.352762,60.054077],[-127.558714,59.857998]],[[-130.555183,59.887016],[-130.130904,59.887016]],[[-130.555183,59.887016],[-130.79826,60.083924]],[[-129.944398,60.084753],[-130.024835,60.000186]],[[-130.024835,60.000186],[-130.130904,59.887016]],[[-137.395796,59.890332],[-136.997151,59.911474]],[[-137.668926,60.068586],[-138.067571,60.045371]],[[-136.939696,60.000186],[-136.997151,59.911474]],[[-137.395796,59.890332],[-137.668926,60.068586]],[[-136.866331,60.112113],[-136.939696,60.000186]],[[-138.187783,59.844732],[-138.581125,59.820274]],[[-138.067571,60.045371],[-138.187783,59.844732]],[[-136.193673,59.950441],[-136.462383,60.132011]],[[-135.648298,60.168491],[-135.78884,59.967852]],[[-135.78884,59.967852],[-136.193673,59.950441]],[[-135.648298,60.168491],[-135.239045,60.185072]],[[-136.866331,60.112113],[-136.462383,60.132011]]]}},{"type":"Feature","properties":{"kind":"border","from_year":2001,"to_year":2002,"a":"manitoba","b":"nunavut"},"geometry":{"type":"MultiLineString","coordinates":[[[-94.88924,59.831882],[-94.79201,59.804107]],[[-94.88924,59.831882],[-94.89366,60.000186]],[[-94.89366,60.000186],[-94.896312,60.086826]],[[-95.769619,60.079364],[-95.338269,60.211189]],[[-95.338269,60.211189],[-94.896312,60.086826]],[[-99.234563,59.993553],[-99.219537,59.998942]],[[-99.190368,60.009306],[-98.823543,60.135742]],[[-98.823543,60.135742],[-98.373631,60.023401]],[[-99.61995,60.086826],[-99.234563,59.993553]],[[-100.09196,59.958317],[-100.016827,59.985263]],[[-99.878053,60.034593],[-99.830321,60.051589]],[[-97.957307,60.163102],[-98.373631,60.023401]],[[-97.957307,60.163102],[-97.509162,60.047859]],[[-100.944054,59.917692],[-100.54364,60.06444]],[[-100.54364,60.06444],[-100.09196,59.958317]],[[-101.791727,59.871678],[-101.396618,60.020499]],[[-101.396618,60.020499],[-100.944054,59.917692]],[[-96.214228,60.200825],[-96.641159,60.066513]],[[-96.641159,60.066513],[-97.087535,60.184658]],[[-96.214228,60.200825],[-95.769619,60.079364]],[[-97.087535,60.184658],[-97.509162,60.047859]]]}},{"type":"Feature","properties":{"kind":"border","from_year":2001,"to_year":2002,"a":"manitoba","b":"ontario"},"geometry":{"type":"MultiLineString","coordinates":[[[-90.080747,56.183486],[-90.108148,55.929785]],[[-90.108148,55.929785],[-90.512097,55.817859]],[[-90.535962,55.564573],[-90.512097,55.817859]],[[-90.535962,55.564573],[-90.933724,55.451402]],[[-90.933724,55.451402],[-91.310271,55.590274]],[[-89.640557,56.548699],[-89.671494,56.294584]],[[-89.671494,56.294584],[-90.080747,56.183486]],[[-91.705381,55.474617],[-91.721292,55.221745]],[[-91.721292,55.221745],[-92.111098,55.105259]],[[-91.310271,55.590274],[-91.705381,55.474617]],[[-92.123473,54.852802],[-92.111098,55.105259]],[[-89.195948,56.877846],[-89.225117,56.658553]],[[-89.225117,56.658553],[-89.640557,56.548699]],[[-95.379813,51.032371],[-95.370974,50.786547]],[[-95.022711,50.41553],[-95.355063,50.295727]],[[-95.370974,50.786547],[-95.029783,50.661355]],[[-95.029783,50.661355],[-95.022711,50.41553]],[[-95.396607,51.525677],[-95.048345,51.400485]],[[-95.048345,51.400485],[-95.042158,51.153417]],[[-95.042158,51.153417],[-95.379813,51.032371]],[[-95.346224,50.050732],[-95.355063,50.295727]],[[-95.011221,49.925955],[-95.346224,50.050732]],[[-95.005033,49.681374],[-95.011221,49.925955]],[[-95.330314,49.5624],[-95.323242,49.319063]],[[-95.213637,49.605513],[-95.330314,49.5624]],[[-95.423125,52.268124],[-95.068675,52.142932]],[[-95.068675,52.142932],[-95.061604,51.895035]],[[-95.061604,51.895035],[-95.405446,51.772745]],[[-95.396607,51.525677],[-95.405446,51.772745]],[[-95.423125,52.268124],[-95.431964,52.516436]],[[-95.431964,52.516436],[-95.081934,52.639555]],[[-95.323242,49.319063],[-95.153531,49.255224]],[[-93.649993,53.624925],[-93.2814,53.744313]],[[-94.38099,53.633215],[-94.258126,53.674255]],[[-94.215698,53.68835],[-94.109628,53.723586]],[[-93.910747,53.717782],[-93.88423,53.708248]],[[-93.845338,53.694568],[-93.649993,53.624925]],[[-94.378338,53.382831],[-94.38099,53.633215]],[[-94.25459,53.675499],[-94.221001,53.686692]],[[-93.2814,53.744313],[-93.276981,53.995112]],[[-93.276981,53.995112],[-92.903969,54.114086]],[[-94.733672,53.011401],[-95.089005,52.888281]],[[-94.738975,53.260956],[-94.733672,53.011401]],[[-95.081934,52.639555],[-95.089005,52.888281]],[[-94.378338,53.382831],[-94.738975,53.260956]],[[-92.507975,54.735486],[-92.517698,54.483444]],[[-92.517698,54.483444],[-92.896014,54.365714]],[[-92.903969,54.114086],[-92.896014,54.365714]],[[-92.123473,54.852802],[-92.507975,54.735486]]]}},{"type":"Feature","properties":{"kind":"border","from_year":2001,"to_year":2002,"a":"manitoba","b":"saskatchewan"},"geometry":{"type":"MultiLineString","coordinates":[[[-102.13557,58.061782],[-102.194792,58.075462]],[[-102.194792,58.075462],[-102.254898,58.324602]],[[-102.254898,58.324602],[-101.881003,58.473423]],[[-101.766094,57.974313],[-101.804986,57.983847]],[[-101.845646,57.993382],[-101.995028,58.028618]],[[-101.748416,57.893892],[-101.759906,57.946953]],[[-101.76521,57.969753],[-101.766094,57.974313]],[[-101.881003,58.473423],[-101.939341,58.722978]],[[-102.058669,59.222088],[-102.11966,59.472058]],[[-102.11966,59.472058],[-101.732505,59.621294]],[[-101.732505,59.621294],[-101.791727,59.871678]],[[-101.802334,52.847656],[-101.6229,52.797496]],[[-101.432858,52.743191],[-101.386011,52.499025]],[[-101.386011,52.499025],[-101.705988,52.360153]],[[-101.658256,52.116402],[-101.697149,52.317455]],[[-101.697149,52.317455],[-101.705988,52.360153]],[[-101.294967,52.011522],[-101.658256,52.116402]],[[-101.802334,52.847656],[-101.851834,53.092236]],[[-101.851834,53.092236],[-101.527437,53.232767]],[[-102.162971,54.563865],[-102.109053,54.317626]],[[-101.9526,53.581812],[-102.004751,53.826807]],[[-102.004751,53.826807],[-101.674167,53.968996]],[[-101.575168,53.477762],[-101.9526,53.581812]],[[-101.527437,53.232767],[-101.575168,53.477762]],[[-101.674167,53.968996],[-101.723666,54.21482]],[[-102.109053,54.317626],[-101.723666,54.21482]],[[-102.069276,57.308971],[-102.095794,57.298193]],[[-102.09933,57.296535],[-102.117892,57.289073]],[[-102.059553,57.502148],[-102.019777,57.329284]],[[-102.019777,57.329284],[-102.027732,57.325967]],[[-102.439637,59.072024],[-102.377763,58.822883]],[[-102.377763,58.822883],[-101.939341,58.722978]],[[-102.058669,59.222088],[-102.439637,59.072024]],[[-101.690961,55.83983],[-101.743996,56.087726]],[[-102.149713,56.189704],[-101.743996,56.087726]],[[-101.587543,55.34445],[-101.984421,55.447672]],[[-101.984421,55.447672],[-102.039223,55.694739]],[[-102.149713,56.189704],[-102.206283,56.437601]],[[-102.206283,56.437601],[-101.851834,56.583935]],[[-101.8262,54.707297],[-101.878351,54.95395]],[[-101.878351,54.95395],[-101.53716,55.097382]],[[-101.8262,54.707297],[-102.162971,54.563865]],[[-101.53716,55.097382],[-101.587543,55.34445]],[[-101.90752,56.832246],[-102.138222,56.888624]],[[-102.228381,56.910595],[-102.269041,56.920544]],[[-102.149713,56.891526],[-102.166507,56.895671]],[[-102.182417,56.899402],[-102.208051,56.90562]],[[-101.851834,56.583935],[-101.90752,56.832246]],[[-101.689193,50.526628],[-101.686542,50.511704]],[[-101.644114,50.286193],[-101.447001,50.226499]],[[-101.447001,50.226499],[-101.296735,50.180899]],[[-101.296735,50.180899],[-101.276405,50.063583]],[[-101.276405,50.063583],[-101.254307,49.940464]],[[-101.254307,49.940464],[-101.417832,49.867504]],[[-101.417832,49.867504],[-101.554838,49.806152]],[[-101.78112,51.008742],[-101.428439,50.904277]],[[-101.384243,50.662598],[-101.508875,50.607464]],[[-101.508875,50.607464],[-101.689193,50.526628]],[[-101.170336,49.461252],[-101.392198,49.53048]],[[-101.417832,49.537942],[-101.510643,49.566546]],[[-101.510643,49.566546],[-101.554838,49.806152]],[[-101.128792,49.22206],[-101.170336,49.461252]],[[-101.249888,51.768185],[-101.294967,52.011522]],[[-101.570749,51.365249],[-101.713943,51.301409]],[[-101.747532,51.286486],[-101.828852,51.250421]],[[-101.564561,51.630557],[-101.518598,51.388049]],[[-101.518598,51.388049],[-101.570749,51.365249]],[[-101.78112,51.008742],[-101.828852,51.250421]],[[-101.249888,51.768185],[-101.564561,51.630557]],[[-101.424903,49.088992],[-101.408109,48.99945]],[[-101.128792,49.22206],[-101.424903,49.088992]]]}},{"type":"Feature","properties":{"kind":"border","from_year":2001,"to_year":2002,"a":"new_brunswick","b":"nova_scotia"},"geometry":{"type":"MultiLineString","coordinates":[[[-63.901856,46.083138],[-64.116647,46.069044]],[[-64.116647,46.069044],[-64.255422,46.059924]],[[-64.410991,45.841874],[-64.255422,46.059924]],[[-64.410991,45.841874],[-64.513525,45.834827]],[[-64.570095,45.830681],[-64.762789,45.817001]],[[-64.808752,45.497389],[-64.715941,45.406604]],[[-64.715941,45.406604],[-64.76986,45.328255]],[[-64.909518,45.60517],[-64.887421,45.63709]]]}},{"type":"Feature","properties":{"kind":"border","from_year":2001,"to_year":2002,"a":"new_brunswick","b":"prince_edward_island"},"geometry":{"type":"MultiLineString","coordinates":[[[-63.850589,46.154025],[-63.901856,46.083138]],[[-64.104273,46.48566],[-63.941632,46.496023]],[[-63.941632,46.496023],[-63.933677,46.487733]],[[-63.916883,46.471151],[-63.869151,46.424722]],[[-63.838214,46.393631],[-63.834679,46.390315]],[[-63.783412,46.339326],[-63.744519,46.300359]],[[-63.744519,46.300359],[-63.745403,46.298701]]]}},{"type":"Feature","properties":{"kind":"border","from_year":2001,"to_year":2002,"a":"new_brunswick","b":"quebec"},"geometry":{"type":"MultiLineString","coordinates":[[[-68.467274,47.388121],[-68.326731,47.614876]],[[-68.553013,47.805566],[-68.383302,47.662963]],[[-68.383302,47.662963],[-68.326731,47.614876]],[[-68.467274,47.388121],[-68.778411,47.356201]],[[-68.778411,47.356201],[-68.83233,47.350812]],[[-68.924257,47.197845],[-68.837634,47.341692]],[[-68.837634,47.341692],[-68.83233,47.350812]],[[-67.814945,47.877282],[-67.445469,47.911689]],[[-67.445469,47.911689],[-67.223606,47.718926]],[[-68.553013,47.805566],[-68.469925,47.939463]],[[-68.469925,47.939463],[-68.411587,48.033565]],[[-68.411587,48.033565],[-68.040343,48.06963]],[[-68.040343,48.06963],[-67.959023,47.999987]],[[-67.959023,47.999987],[-67.814945,47.877282]],[[-66.704748,47.975943],[-66.855014,47.750846]],[[-66.855014,47.750846],[-67.223606,47.718926]],[[-66.579233,47.986721],[-66.633151,47.982161]],[[-66.633151,47.982161],[-66.704748,47.975943]],[[-66.117829,47.811784],[-65.911877,47.827951]],[[-65.781058,47.8379],[-65.749237,47.840387]],[[-66.330853,48.003303],[-66.117829,47.811784]],[[-65.318771,48.084139],[-65.536214,48.068386]],[[-65.749237,47.840387],[-65.747469,47.84246]],[[-65.222424,48.090772],[-65.170273,48.04227]]]}},{"type":"Feature","properties":{"kind":"border","from_year":2001,"to_year":2002,"a":"newfoundland","b":"nunavut"},"geometry":{"type":"MultiLineString","coordinates":[[[-64.547998,60.380737],[-64.728316,60.37369]],[[-64.436624,60.384882],[-64.508221,60.381981]]]}},{"type":"Feature","properties":{"kind":"border","from_year":2001,"to_year":2002,"a":"newfoundland","b":"quebec"},"geometry":{"type":"MultiLineString","coordinates":[[[-67.919247,54.403022],[-68.088074,54.168391]],[[-68.088074,54.168391],[-67.825552,53.967752]],[[-67.485245,54.4366],[-67.919247,54.403022]],[[-67.311998,54.670817],[-67.485245,54.4366]],[[-67.395969,54.000915],[-67.825552,53.967752]],[[-67.309346,53.566059],[-67.055662,53.364591]],[[-67.055662,53.364591],[-67.22449,53.132033]],[[-67.22449,53.132033],[-66.973458,52.930979]],[[-67.309346,53.566059],[-67.13875,53.799033]],[[-66.555367,52.961241],[-66.873576,52.938441]],[[-66.873576,52.938441],[-66.884183,52.937612]],[[-66.884183,52.937612],[-66.973458,52.930979]],[[-67.395969,54.000915],[-67.13875,53.799033]],[[-64.933384,55.040175],[-65.374457,55.016132]],[[-65.560079,54.785231],[-65.374457,55.016132]],[[-64.933384,55.040175],[-64.683236,54.832904]],[[-65.998501,54.758701],[-66.25572,54.9639]],[[-65.560079,54.785231],[-65.998501,54.758701]],[[-64.244815,54.854046],[-64.683236,54.832904]],[[-63.999971,54.64553],[-63.564201,54.664599]],[[-64.244815,54.854046],[-63.999971,54.64553]],[[-66.696793,54.934881],[-66.781649,54.823369]],[[-66.794024,54.808031],[-66.87446,54.701494]],[[-66.87446,54.701494],[-67.311998,54.670817]],[[-66.25572,54.9639],[-66.696793,54.934881]],[[-64.208574,56.399048],[-63.750707,56.418117]],[[-63.750707,56.418117],[-63.498791,56.207115]],[[-63.498791,56.207115],[-63.702092,55.978702]],[[-63.702092,55.978702],[-63.453712,55.768114]],[[-63.453712,55.768114],[-63.655244,55.540115]],[[-64.465793,56.608807],[-64.208574,56.399048]],[[-64.465793,56.608807],[-64.263377,56.838879]],[[-64.263377,56.838879],[-63.800206,56.857948]],[[-63.367088,54.892184],[-63.609281,55.101942]],[[-63.609281,55.101942],[-63.409516,55.329941]],[[-63.564201,54.664599],[-63.367088,54.892184]],[[-63.655244,55.540115],[-63.409516,55.329941]],[[-64.357956,52.224597],[-64.537391,51.997428]],[[-64.888305,51.543503],[-65.119006,51.746214]],[[-64.537391,51.997428],[-64.308457,51.793058]],[[-64.308457,51.793058],[-64.48524,51.566717]],[[-64.48524,51.566717],[-64.888305,51.543503]],[[-65.587481,52.152052],[-65.825254,52.354349]],[[-65.119006,51.746214],[-65.524723,51.720927]],[[-65.524723,51.720927],[-65.759844,51.92281]],[[-65.759844,51.92281],[-65.587481,52.152052]],[[-63.948704,52.245739],[-64.357956,52.224597]],[[-63.948704,52.245739],[-63.721538,52.040126]],[[-66.480234,52.528458],[-66.237158,52.326575]],[[-66.480234,52.528458],[-66.309639,52.759358]],[[-65.825254,52.354349],[-66.237158,52.326575]],[[-66.555367,52.961241],[-66.309639,52.759358]],[[-62.499084,52.093602],[-62.686474,51.870163]],[[-62.686474,51.870163],[-63.092191,51.852752]],[[-63.092191,51.852752],[-63.314053,52.059195]],[[-63.314053,52.059195],[-63.721538,52.040126]],[[-62.0916,52.108525],[-62.499084,52.093602]],[[-62.0916,52.108525],[-61.875925,51.90001]],[[-63.851473,57.298193],[-63.641101,57.527435]],[[-63.592486,57.086776],[-63.851473,57.298193]],[[-63.800206,56.857948],[-63.592486,57.086776]],[[-64.981999,60.141131],[-64.964321,60.127865]],[[-64.949295,60.117087],[-64.692959,59.930128]],[[-64.692959,59.930128],[-64.911286,59.698399]],[[-64.438392,58.161687],[-64.646996,57.930786]],[[-64.378286,57.720198],[-63.903624,57.739267]],[[-63.903624,57.739267],[-63.641101,57.527435]],[[-64.646996,57.930786],[-64.378286,57.720198]],[[-64.068032,59.064147],[-64.56214,59.045078]],[[-64.56214,59.045078],[-64.843225,59.256081]],[[-64.843225,59.256081],[-64.626666,59.487396]],[[-64.068032,59.064147],[-64.023836,59.030155]],[[-64.014997,59.023522],[-63.878874,58.917814]],[[-63.87799,58.916984],[-63.794903,58.851901]],[[-63.794903,58.851901],[-64.012345,58.622244]],[[-64.911286,59.698399],[-64.626666,59.487396]],[[-63.957543,58.180341],[-63.741868,58.409998]],[[-64.012345,58.622244],[-63.741868,58.409998]],[[-63.957543,58.180341],[-64.438392,58.161687]],[[-57.040913,51.962606],[-57.227419,52.177754]],[[-57.25482,51.75036],[-57.11693,51.590761]],[[-57.11693,51.590761],[-57.070082,51.536041]],[[-57.070082,51.536041],[-57.194714,51.410849]],[[-57.6296,52.179412],[-57.227419,52.177754]],[[-57.040913,51.962606],[-57.107207,51.897108]],[[-57.107207,51.897108],[-57.25482,51.75036]],[[-57.84174,51.965922],[-57.6296,52.179412]],[[-58.243037,51.965508],[-57.84174,51.965922]],[[-58.437498,52.178998],[-58.841447,52.176925]],[[-58.243037,51.965508],[-58.437498,52.178998]],[[-61.471092,51.912861],[-61.276631,52.133812]],[[-61.276631,52.133812],[-60.87003,52.14459]],[[-60.87003,52.14459],[-60.66231,51.934417]],[[-60.66231,51.934417],[-60.257477,51.943122]],[[-61.875925,51.90001],[-61.471092,51.912861]],[[-60.057713,52.161587],[-60.257477,51.943122]],[[-59.450464,51.955973],[-59.047399,51.960533]],[[-58.841447,52.176925],[-59.047399,51.960533]],[[-59.450464,51.955973],[-59.651996,52.168219]],[[-60.057713,52.161587],[-59.651996,52.168219]]]}},{"type":"Feature","properties":{"kind":"border","from_year":2001,"to_year":2002,"a":"northwest_territories","b":"nunavut"},"geometry":{"type":"MultiLineString","coordinates":[[[-109.784965,78.483843],[-109.563102,78.309735]],[[-110.173003,78.115729],[-110.311777,78.085467]],[[-109.390739,78.565508],[-109.784965,78.483843]],[[-110.098754,77.918821],[-110.311777,78.085467]],[[-110.815609,75.559655],[-110.419615,75.538098]],[[-110.401937,75.537269],[-110.142066,75.52276]],[[-110.142066,75.52276],[-109.906945,75.293932]],[[-109.906945,75.293932],[-110.560157,75.116508]],[[-109.926391,74.863636],[-110.32592,74.887265]],[[-110.32592,74.887265],[-110.560157,75.116508]],[[-110.290564,70.740589],[-110.477069,70.975635]],[[-110.477069,70.975635],[-109.957328,71.153888]],[[-109.595807,70.681723],[-110.290564,70.740589]],[[-109.421676,70.445019],[-109.595807,70.681723]],[[-109.421676,70.445019],[-109.929926,70.268424]],[[-109.957328,71.153888],[-110.143834,71.388934]],[[-110.143834,71.388934],[-109.609949,71.565944]],[[-109.796455,71.80099],[-110.530988,71.857368]],[[-110.530988,71.857368],[-110.730753,72.090756]],[[-110.730753,72.090756],[-110.182726,72.269424]],[[-109.609949,71.565944],[-109.796455,71.80099]],[[-110.182726,72.269424],[-110.32592,72.436485]],[[-110.336527,72.448922],[-110.383375,72.502812]],[[-110.383375,72.502812],[-110.28084,72.535976]],[[-110.003291,72.623444],[-109.858329,72.66863]],[[-109.828276,72.678164],[-109.820321,72.680651]],[[-114.285856,70.15857],[-114.962935,70.200024]],[[-114.962935,70.200024],[-115.408427,70.010578]],[[-115.408427,70.010578],[-116.080202,70.047887]],[[-111.781727,70.200853],[-112.260809,70.018454]],[[-112.260809,70.018454],[-112.934351,70.067785]],[[-111.781727,70.200853],[-111.103765,70.146963]],[[-111.103765,70.146963],[-110.918143,69.911917]],[[-114.067529,69.928084],[-114.285856,70.15857]],[[-112.934351,70.067785],[-113.398406,69.882899]],[[-113.398406,69.882899],[-114.067529,69.928084]],[[-117.17714,69.889531],[-116.510669,69.856368]],[[-116.080202,70.047887],[-116.510669,69.856368]],[[-110.249903,69.85471],[-109.754911,70.03172]],[[-110.918143,69.911917],[-110.249903,69.85471]],[[-109.754911,70.03172],[-109.929926,70.268424]],[[-109.867169,72.961297],[-110.02097,72.914039]],[[-109.857446,72.724178],[-110.02097,72.914039]],[[-109.820321,72.680651],[-109.828276,72.689771]],[[-120.712797,69.180662],[-120.339785,69.379643]],[[-120.445855,68.961369],[-120.712797,69.180662]],[[-120.445855,68.961369],[-120.810912,68.761973]],[[-120.547505,68.54268],[-120.810912,68.761973]],[[-120.905491,68.343699],[-120.646504,68.123991]],[[-120.547505,68.54268],[-120.905491,68.343699]],[[-118.112321,67.375741],[-118.342139,67.601252]],[[-117.517447,67.342992],[-118.112321,67.375741]],[[-117.297352,67.115822],[-117.517447,67.342992]],[[-116.707781,67.079342],[-117.297352,67.115822]],[[-118.942317,67.630685],[-118.342139,67.601252]],[[-116.496526,66.850929],[-115.912259,66.811133]],[[-115.912259,66.811133],[-115.709842,66.581061]],[[-115.709842,66.581061],[-115.131762,66.537949]],[[-115.131762,66.537949],[-114.938185,66.306219]],[[-116.496526,66.850929],[-116.707781,67.079342]],[[-119.787339,67.88024],[-120.036603,68.101606]],[[-119.181858,67.854124],[-119.787339,67.88024]],[[-118.942317,67.630685],[-119.181858,67.854124]],[[-120.646504,68.123991],[-120.036603,68.101606]],[[-107.137641,64.63022],[-107.217193,64.797696]],[[-106.140586,64.640998],[-106.565749,64.475596]],[[-106.565749,64.475596],[-107.100517,64.55353]],[[-107.100517,64.55353],[-107.137641,64.63022]],[[-106.140586,64.640998],[-105.604934,64.559333]],[[-108.17624,64.703594],[-107.759033,64.873143]],[[-107.759033,64.873143],[-107.217193,64.797696]],[[-105.170048,64.722249],[-105.604934,64.559333]],[[-104.539817,64.389785],[-104.011236,64.301902]],[[-103.569279,64.460258],[-103.818543,64.371545]],[[-103.818543,64.371545],[-104.011236,64.301902]],[[-104.539817,64.389785],[-104.634396,64.637268]],[[-103.569279,64.460258],[-103.040698,64.369058]],[[-105.170048,64.722249],[-104.634396,64.637268]],[[-108.716312,64.77531],[-108.17624,64.703594]],[[-102.168275,61.372739],[-102.102865,61.122769]],[[-102.102865,61.122769],[-101.632623,61.022864]],[[-101.632623,61.022864],[-101.572517,60.77248]],[[-101.572517,60.77248],[-101.975582,60.622001]],[[-102.301746,61.873093],[-101.820013,61.774431]],[[-101.820013,61.774431],[-101.756371,61.524047]],[[-101.756371,61.524047],[-102.168275,61.372739]],[[-101.912824,60.372031],[-101.975582,60.622001]],[[-102.305282,60.206629],[-102.245175,59.971583]],[[-101.912824,60.372031],[-101.950832,60.357522]],[[-102.263738,60.238549],[-102.299978,60.224869]],[[-101.949064,62.275614],[-102.369807,62.123062]],[[-102.301746,61.873093],[-102.369807,62.123062]],[[-102.152364,63.026352],[-102.132918,63.022621]],[[-102.122311,63.020549],[-102.078999,63.012258]],[[-101.615828,62.78799],[-101.587543,62.677721]],[[-101.587543,62.677721],[-102.016242,62.525998]],[[-102.365388,63.776261],[-101.851834,63.679673]],[[-101.851834,63.679673],[-101.783772,63.429288]],[[-101.783772,63.429288],[-102.222194,63.276322]],[[-102.152364,63.026352],[-102.169159,63.086046]],[[-102.193908,63.176417],[-102.222194,63.276322]],[[-102.365388,63.776261],[-102.439637,64.025816]],[[-102.439637,64.025816],[-101.990608,64.180026]],[[-102.062205,64.429996],[-102.590786,64.524926]],[[-101.990608,64.180026],[-102.062205,64.429996]],[[-102.590786,64.524926],[-103.040698,64.369058]],[[-110.891625,65.653313],[-111.198344,65.518172]],[[-111.198344,65.518172],[-111.756093,65.577452]],[[-110.433758,65.24333],[-110.49298,65.217214]],[[-110.178306,65.354013],[-110.39133,65.26157]],[[-110.14295,65.485009],[-110.087263,65.39298]],[[-110.087263,65.39298],[-110.120852,65.378471]],[[-110.270233,65.637146],[-110.233993,65.633001]],[[-110.233993,65.633001],[-110.156209,65.505321]],[[-110.514194,65.664506],[-110.30559,65.640877]],[[-112.151203,65.397955],[-112.706301,65.453918]],[[-112.706301,65.453918],[-112.742542,65.504907]],[[-112.742542,65.504907],[-112.875129,65.689793]],[[-111.756093,65.577452],[-112.03983,65.448943]],[[-112.03983,65.448943],[-112.151203,65.397955]],[[-108.848015,65.017404],[-109.395158,65.086218]],[[-108.716312,64.77531],[-108.848015,65.017404]],[[-109.395158,65.086218],[-109.801759,64.91211]],[[-109.801759,64.91211],[-110.347134,64.977608]],[[-110.347134,64.977608],[-110.478837,65.194414]],[[-110.490328,65.212239],[-110.49298,65.217214]],[[-113.435531,65.74244],[-113.397522,65.739124]],[[-113.397522,65.739124],[-112.875129,65.689793]],[[-114.179787,66.026817],[-114.365409,66.25979]],[[-113.613197,65.977072],[-114.179787,66.026817]],[[-113.446138,65.75612],[-113.613197,65.977072]],[[-113.435531,65.74244],[-113.446138,65.75612]],[[-114.938185,66.306219],[-114.365409,66.25979]]]}},{"type":"Feature","properties":{"kind":"border","from_year":2001,"to_year":2002,"a":"northwest_territories","b":"saskatchewan"},"geometry":{"type":"MultiLineString","coordinates":[[[-104.837696,60.039982],[-104.460265,60.197509]],[[-104.460265,60.197509],[-104.000629,60.10548]],[[-104.000629,60.10548],[-103.967924,60.000186]],[[-103.967924,60.000186],[-103.924613,59.857583]],[[-103.924613,59.857583],[-103.470281,59.763896]],[[-105.668576,59.96951],[-105.297332,60.128695]],[[-105.297332,60.128695],[-104.837696,60.039982]],[[-102.245175,59.971583],[-102.634098,59.820274]],[[-102.634098,59.820274],[-103.087546,59.917277]],[[-103.087546,59.917277],[-103.470281,59.763896]],[[-107.87129,60.1374],[-108.334461,60.21492]],[[-108.334461,60.21492],[-108.686259,60.048273]],[[-108.686259,60.048273],[-109.147662,60.122891]],[[-106.127327,60.05532],[-106.492384,59.894478]],[[-106.492384,59.894478],[-106.951135,59.976972]],[[-106.127327,60.05532],[-105.829448,60.000186]],[[-105.829448,60.000186],[-105.668576,59.96951]],[[-107.309121,59.814056],[-107.766988,59.894063]],[[-107.766988,59.894063],[-107.812068,60.000186]],[[-107.812068,60.000186],[-107.87129,60.1374]],[[-106.951135,59.976972],[-107.309121,59.814056]],[[-109.952908,60.026717],[-110.005943,60.000186]],[[-110.005943,60.000186],[-110.291447,59.856754]],[[-109.594923,59.971168],[-109.492389,59.955001]]]}},{"type":"Feature","properties":{"kind":"border","from_year":2001,"to_year":2002,"a":"northwest_territories","b":"yukon"},"geometry":{"type":"MultiLineString","coordinates":[[[-136.122076,68.38391],[-136.454427,68.507029]],[[-135.905517,68.01165],[-136.313001,68.165031]],[[-136.313001,68.165031],[-136.122076,68.38391]],[[-136.095558,67.794015],[-135.905517,68.01165]],[[-136.684245,67.728102],[-136.864564,67.510053]],[[-136.095558,67.794015],[-136.684245,67.728102]],[[-134.36397,66.812376],[-133.830086,66.83642]],[[-133.830086,66.83642],[-133.497734,66.646973]],[[-133.497734,66.646973],[-133.699266,66.435556]],[[-133.699266,66.435556],[-133.373102,66.245696]],[[-133.373102,66.245696],[-133.571983,66.034693]],[[-135.302687,66.904819],[-134.736098,66.965757]],[[-134.736098,66.965757],[-134.36397,66.812376]],[[-133.25289,65.844418],[-132.734916,65.863072]],[[-132.734916,65.863072],[-132.42201,65.670724]],[[-132.42201,65.670724],[-132.626194,65.460965]],[[-132.318592,65.268202],[-132.520125,65.059273]],[[-132.626194,65.460965],[-132.318592,65.268202]],[[-133.571983,66.034693],[-133.25289,65.844418]],[[-136.252011,66.992288],[-136.643585,67.142353]],[[-136.643585,67.142353],[-136.46415,67.359159]],[[-135.683654,67.056957],[-136.252011,66.992288]],[[-135.683654,67.056957],[-135.302687,66.904819]],[[-136.864564,67.510053],[-136.46415,67.359159]],[[-124.019521,60.551114],[-124.234312,60.764604]],[[-124.688644,60.782844],[-124.234312,60.764604]],[[-124.019521,60.551114],[-124.257294,60.357522]],[[-124.045154,60.144447],[-124.257294,60.357522]],[[-124.688644,60.782844],[-124.907855,60.994676]],[[-125.363954,61.010014],[-125.593772,60.814349]],[[-125.593772,60.814349],[-126.044568,60.827615]],[[-125.363954,61.010014],[-124.907855,60.994676]],[[-126.944393,60.85],[-126.725182,61.047323]],[[-126.044568,60.827615],[-126.267315,60.631536]],[[-126.267315,60.631536],[-126.714575,60.643143]],[[-126.714575,60.643143],[-126.944393,60.85]],[[-126.725182,61.047323],[-126.958536,61.254594]],[[-130.560487,64.093387],[-130.844223,64.291124]],[[-131.337447,64.281175],[-130.844223,64.291124]],[[-130.560487,64.093387],[-130.76909,63.887359]],[[-130.490657,63.689622],[-130.76909,63.887359]],[[-130.005388,63.695425],[-130.490657,63.689622]],[[-131.337447,64.281175],[-131.627371,64.476839]],[[-132.21871,64.866095],[-132.520125,65.059273]],[[-132.418475,64.657995],[-132.122363,64.463988]],[[-132.122363,64.463988],[-131.627371,64.476839]],[[-132.21871,64.866095],[-132.418475,64.657995]],[[-128.386941,62.081194],[-128.850112,62.083266]],[[-128.850112,62.083266],[-129.103796,62.285563]],[[-129.103796,62.285563],[-128.89254,62.487031]],[[-128.138561,61.877653],[-128.386941,62.081194]],[[-127.677158,61.872678],[-128.138561,61.877653]],[[-128.89254,62.487031],[-129.150643,62.689329]],[[-129.62177,62.68767],[-129.150643,62.689329]],[[-127.434082,61.667065],[-127.677158,61.872678]],[[-127.652409,61.468084],[-127.412868,61.26247]],[[-127.412868,61.26247],[-126.958536,61.254594]],[[-127.434082,61.667065],[-127.652409,61.468084]],[[-129.676572,63.091436],[-129.944398,63.291245]],[[-129.944398,63.291245],[-129.732259,63.495615]],[[-129.676572,63.091436],[-129.885176,62.887895]],[[-129.62177,62.68767],[-129.885176,62.887895]],[[-129.732259,63.495615],[-130.005388,63.695425]]]}},{"type":"Feature","properties":{"kind":"border","from_year":2001,"to_year":2002,"a":"nova_scotia","b":"prince_edward_island"},"geometry":{"type":"MultiLineString","coordinates":[[[-63.901856,46.083138],[-63.885946,46.067386]],[[-63.16202,45.714609],[-62.81199,45.734507]],[[-63.251295,45.80498],[-63.242456,45.79586]],[[-63.207099,45.760209],[-63.197376,45.750675]],[[-63.186769,45.739067],[-63.16202,45.714609]],[[-62.81199,45.734507],[-62.789008,45.765598]]]}},{"type":"Feature","properties":{"kind":"border","from_year":2001,"to_year":2002,"a":"nunavut","b":"ontario"},"geometry":{"type":"MultiLineString","coordinates":[[[-82.20507,53.289559],[-82.234239,53.194629]],[[-82.280203,53.04332],[-82.281087,53.040419]],[[-82.281087,53.040419],[-82.280203,53.039589]],[[-82.115795,53.308214],[-82.20507,53.289559]],[[-81.352093,52.8489],[-81.559812,52.95751]],[[-81.559812,52.95751],[-81.741015,52.920201]]]}},{"type":"Feature","properties":{"kind":"border","from_year":2001,"to_year":2002,"a":"nunavut","b":"quebec"},"geometry":{"type":"MultiLineString","coordinates":[[[-73.976712,62.652849],[-74.298456,62.619685]]]}},{"type":"Feature","properties":{"kind":"border","from_year":2001,"to_year":2002,"a":"nunavut","b":"saskatchewan"},"geometry":{"type":"MultiLineString","coordinates":[[[-102.245175,59.971583],[-101.791727,59.871678]]]}},{"type":"Feature","properties":{"kind":"border","from_year":2001,"to_year":2002,"a":"ontario","b":"quebec"},"geometry":{"type":"MultiLineString","coordinates":[[[-75.923888,45.360806],[-75.811843,45.410873]],[[-75.811843,45.410873],[-75.692616,45.370082]],[[-76.043834,45.401359],[-75.923888,45.360806]],[[-75.579853,45.419911],[-75.692616,45.370082]],[[-79.753976,48.754455],[-79.83618,48.513606]],[[-79.788448,49.648625],[-79.51797,49.489441]],[[-79.51797,49.432648],[-79.586032,49.237398]],[[-79.501176,49.479492],[-79.51797,49.432648]],[[-79.51797,49.489441],[-79.501176,49.479492]],[[-79.586032,49.237398],[-79.51797,49.196773]],[[-79.517087,48.801713],[-79.753976,48.754455]],[[-79.51797,49.196773],[-79.302295,49.068679]],[[-79.302295,49.068679],[-79.323509,49.009399]],[[-79.323509,49.009399],[-79.357982,48.912396]],[[-79.388035,48.827415],[-79.517087,48.801713]],[[-79.948437,51.211454],[-79.950205,51.206479]],[[-79.950205,51.206479],[-79.924571,51.192385]],[[-79.909544,51.184094],[-79.650558,51.036516]],[[-79.650558,51.036516],[-79.738065,50.791936]],[[-79.531229,50.377807],[-79.239537,50.20743]],[[-79.239537,50.20743],[-79.327929,49.964507]],[[-79.327929,49.964507],[-79.703592,49.891133]],[[-79.788448,49.648625],[-79.703592,49.891133]],[[-79.531229,50.377807],[-79.442838,50.621558]],[[-79.738065,50.791936],[-79.442838,50.621558]],[[-75.116077,45.436451],[-75.104586,45.462567]],[[-75.104586,45.462567],[-75.014427,45.667766]],[[-75.014427,45.667766],[-74.788145,45.70466]],[[-74.788145,45.70466],[-74.667049,45.724144]],[[-74.667049,45.724144],[-74.546836,45.637504]],[[-74.423972,45.548792],[-74.488498,45.406189]],[[-74.489382,45.406189],[-74.528274,45.31872]],[[-74.528274,45.31872],[-74.358563,45.195187]],[[-74.318786,45.166168],[-74.287849,45.143783]],[[-74.287849,45.143783],[-74.355911,44.995791]],[[-74.355911,44.995791],[-74.356795,44.992475]],[[-75.116077,45.436451],[-75.27253,45.410749]],[[-75.27253,45.410749],[-75.460804,45.378829]],[[-77.408067,46.1134],[-77.612251,46.248127]],[[-77.612251,46.248127],[-77.665286,46.282948]],[[-76.898048,45.77306],[-77.242775,45.710049]],[[-77.242775,45.710049],[-77.497342,45.879183]],[[-77.497342,45.879183],[-77.408067,46.1134]],[[-77.665286,46.282948],[-78.013548,46.217036]],[[-78.013548,46.217036],[-78.274303,46.385755]],[[-76.321736,45.660304],[-76.300522,45.664035]],[[-76.300522,45.664035],[-76.051258,45.492]],[[-76.646133,45.602683],[-76.645249,45.602683]],[[-76.898048,45.77306],[-76.646133,45.602683]],[[-79.60813,47.222303],[-79.688566,46.984355]],[[-79.688566,46.984355],[-79.418972,46.818124]],[[-79.445489,47.699443],[-79.17236,47.531967]],[[-79.17236,47.531967],[-79.225395,47.379415]],[[-79.225395,47.379415],[-79.255448,47.293605]],[[-79.255448,47.293605],[-79.60813,47.222303]],[[-79.068942,46.88901],[-79.418972,46.818124]],[[-78.885972,46.485245],[-78.621681,46.31777]],[[-78.885972,46.485245],[-78.802,46.721535]],[[-78.274303,46.385755],[-78.621681,46.31777]],[[-79.068942,46.88901],[-78.802,46.721535]],[[-79.639067,48.10611],[-79.555979,48.34613]],[[-79.362401,47.938634],[-79.627576,48.099477]],[[-79.83618,48.513606],[-79.555979,48.34613]]]}},{"type":"Feature","properties":{"kind":"label","from_year":2001,"to_year":2002,"jurisdiction":"alberta","name":"Alberta","sovereign":"Canada","status":"province","h3":"84120bdffffffff"},"geometry":{"type":"Point","coordinates":[-115.44271,56.28179]}},{"type":"Feature","properties":{"kind":"label","from_year":2001,"to_year":2002,"jurisdiction":"british_columbia","name":"British Columbia","sovereign":"Canada","status":"province","h3":"8412aa7ffffffff"},"geometry":{"type":"Point","coordinates":[-125.27189,54.03228]}},{"type":"Feature","properties":{"kind":"label","from_year":2001,"to_year":2002,"jurisdiction":"manitoba","name":"Manitoba","sovereign":"Canada","status":"province","h3":"840e985ffffffff"},"geometry":{"type":"Point","coordinates":[-96.74167,56.12181]}},{"type":"Feature","properties":{"kind":"label","from_year":2001,"to_year":2002,"jurisdiction":"new_brunswick","name":"New Brunswick","sovereign":"Canada","status":"province","h3":"842b025ffffffff"},"geometry":{"type":"Point","coordinates":[-66.28033,46.52931]}},{"type":"Feature","properties":{"kind":"label","from_year":2001,"to_year":2002,"jurisdiction":"newfoundland","name":"Newfoundland and Labrador","sovereign":"Canada","status":"province","h3":"841bb15ffffffff"},"geometry":{"type":"Point","coordinates":[-59.21523,53.46252]}},{"type":"Feature","properties":{"kind":"label","from_year":2001,"to_year":2002,"jurisdiction":"northwest_territories","name":"Northwest Territories","sovereign":"Canada","status":"territory","h3":"84131d3ffffffff"},"geometry":{"type":"Point","coordinates":[-121.16808,64.14687]}},{"type":"Feature","properties":{"kind":"label","from_year":2001,"to_year":2002,"jurisdiction":"nova_scotia","name":"Nova Scotia","sovereign":"Canada","status":"province","h3":"842b011ffffffff"},"geometry":{"type":"Point","coordinates":[-63.39259,45.25509]}},{"type":"Feature","properties":{"kind":"label","from_year":2001,"to_year":2002,"jurisdiction":"nunavut","name":"Nunavut","sovereign":"Canada","status":"territory","h3":"840f9edffffffff"},"geometry":{"type":"Point","coordinates":[-95.58883,65.29973]}},{"type":"Feature","properties":{"kind":"label","from_year":2001,"to_year":2002,"jurisdiction":"ontario","name":"Ontario","sovereign":"Canada","status":"province","h3":"840ede9ffffffff"},"geometry":{"type":"Point","coordinates":[-86.97949,51.69577]}},{"type":"Feature","properties":{"kind":"label","from_year":2001,"to_year":2002,"jurisdiction":"prince_edward_island","name":"Prince Edward Island","sovereign":"Canada","status":"province","h3":"842b055ffffffff"},"geometry":{"type":"Point","coordinates":[-62.87475,46.27223]}},{"type":"Feature","properties":{"kind":"label","from_year":2001,"to_year":2002,"jurisdiction":"quebec","name":"Quebec","sovereign":"Canada","status":"province","h3":"840e58bffffffff"},"geometry":{"type":"Point","coordinates":[-72.55177,51.24503]}},{"type":"Feature","properties":{"kind":"label","from_year":2001,"to_year":2002,"jurisdiction":"saskatchewan","name":"Saskatchewan","sovereign":"Canada","status":"province","h3":"841259bffffffff"},"geometry":{"type":"Point","coordinates":[-105.81411,52.31088]}},{"type":"Feature","properties":{"kind":"label","from_year":2001,"to_year":2002,"jurisdiction":"yukon","name":"Yukon Territory","sovereign":"Canada","status":"territory","h3":"8413a2dffffffff"},"geometry":{"type":"Point","coordinates":[-135.7168,62.92285]}},{"type":"Feature","properties":{"kind":"border","from_year":2003,"to_year":null,"a":"alberta","b":"british_columbia"},"geometry":{"type":"MultiLineString","coordinates":[[[-119.809437,58.635095],[-120.000362,58.651262]],[[-120.000362,58.651262],[-120.242555,58.671575]],[[-120.242555,58.671575],[-120.422873,58.892526]],[[-120.422873,58.892526],[-120.167422,59.078656]],[[-119.634422,58.4129],[-119.809437,58.635095]],[[-120.167422,59.078656],[-120.349508,59.300022]],[[-120.349508,59.300022],[-120.090522,59.486567]],[[-119.888105,58.228843],[-119.713974,58.007062]],[[-119.713974,58.007062],[-119.964122,57.823419]],[[-119.634422,58.4129],[-119.888105,58.228843]],[[-119.792642,57.602468],[-119.964122,57.823419]],[[-120.011853,59.895721],[-120.27526,59.708348]],[[-120.090522,59.486567],[-120.27526,59.708348]],[[-120.086102,55.994869],[-120.251394,56.214162]],[[-120.251394,56.214162],[-120.015389,56.394903]],[[-120.086102,55.994869],[-120.319455,55.814957]],[[-120.155047,55.596078],[-120.319455,55.814957]],[[-120.182449,56.614611],[-120.000362,56.753068]],[[-120.015389,56.394903],[-120.182449,56.614611]],[[-120.000362,56.753068],[-119.942908,56.796181]],[[-120.384865,55.416995],[-120.222225,55.198946]],[[-120.155047,55.596078],[-120.384865,55.416995]],[[-119.674198,54.939441],[-119.833303,55.15832]],[[-120.222225,55.198946],[-119.833303,55.15832]],[[-119.674198,54.939441],[-119.903132,54.762431]],[[-119.746679,54.543967],[-119.903132,54.762431]],[[-120.039255,57.419654],[-120.000362,57.369494]],[[-120.000362,57.100456],[-120.111736,57.016303]],[[-120.000362,57.369494],[-119.868659,57.198702]],[[-119.868659,57.198702],[-120.000362,57.100456]],[[-119.942908,56.796181],[-120.000362,56.871213]],[[-120.000362,56.871213],[-120.111736,57.016303]],[[-119.792642,57.602468],[-120.000362,57.448258]],[[-120.000362,57.448258],[-120.039255,57.419654]],[[-116.917269,51.763625],[-116.5584,51.708905]],[[-116.5584,51.708905],[-116.430232,51.487954]],[[-116.430232,51.487954],[-116.073131,51.431576]],[[-116.073131,51.431576],[-115.948499,51.21021]],[[-116.917269,51.763625],[-117.048972,51.984162]],[[-117.409609,52.036809],[-117.048972,51.984162]],[[-115.472069,50.929979],[-115.594049,51.152174]],[[-115.948499,51.21021],[-115.594049,51.152174]],[[-115.472069,50.929979],[-115.702771,50.767478]],[[-115.232528,50.486832],[-115.581675,50.546526]],[[-115.581675,50.546526],[-115.702771,50.767478]],[[-117.907253,52.307506],[-118.045144,52.526799]],[[-117.543964,52.256517],[-117.907253,52.307506]],[[-117.409609,52.036809],[-117.543964,52.256517]],[[-118.4102,52.575716],[-118.045144,52.526799]],[[-114.316793,49.31782],[-114.428166,49.538771]],[[-114.543959,49.160708],[-114.463523,49.001109]],[[-114.768473,49.601782],[-114.499764,49.552451]],[[-114.499764,49.552451],[-114.428166,49.538771]],[[-114.316793,49.31782],[-114.543959,49.160708]],[[-115.114968,50.265466],[-114.768473,50.203699]],[[-114.768473,50.203699],[-114.653565,49.981918]],[[-114.653565,49.981918],[-114.719858,49.936318]],[[-114.719858,49.936318],[-114.883382,49.822733]],[[-114.768473,49.601782],[-114.883382,49.822733]],[[-115.114968,50.265466],[-115.232528,50.486832]],[[-120.105548,53.581812],[-119.952631,53.365421]],[[-119.952631,53.365421],[-119.582271,53.322308]],[[-119.582271,53.322308],[-119.432889,53.104673]],[[-119.885453,53.756749],[-120.105548,53.581812]],[[-120.039255,53.97397],[-120.000362,53.918836]],[[-120.000362,53.918836],[-119.885453,53.756749]],[[-119.064297,53.059488],[-118.840667,53.231938]],[[-118.840667,53.231938],[-118.470307,53.185094]],[[-118.470307,53.185094],[-118.327113,52.965801]],[[-118.327113,52.965801],[-118.552511,52.794594]],[[-118.4102,52.575716],[-118.552511,52.794594]],[[-119.432889,53.104673],[-119.064297,53.059488]],[[-120.000362,54.005061],[-120.039255,53.97397]],[[-119.972077,54.367372],[-119.816508,54.149736]],[[-119.816508,54.149736],[-120.000362,54.005061]],[[-119.746679,54.543967],[-119.972077,54.367372]]]}},{"type":"Feature","properties":{"kind":"border","from_year":2003,"to_year":null,"a":"alberta","b":"northwest_territories"},"geometry":{"type":"MultiLineString","coordinates":[[[-119.561941,59.86007],[-120.000362,59.894892]],[[-120.000362,59.894892],[-120.011853,59.895721]],[[-119.291463,60.046615],[-119.561941,59.86007]],[[-119.291463,60.046615],[-118.838015,60.008892]],[[-118.56135,60.194607],[-118.838015,60.008892]],[[-117.931119,59.927641],[-117.477671,59.884943]],[[-117.931119,59.927641],[-117.985922,60.000186]],[[-117.985922,60.000186],[-118.104366,60.153982]],[[-117.191283,60.068171],[-117.477671,59.884943]],[[-117.191283,60.068171],[-116.734299,60.022571]],[[-118.56135,60.194607],[-118.104366,60.153982]],[[-114.604949,60.002673],[-114.295579,60.181342]],[[-114.295579,60.181342],[-113.83506,60.125793]],[[-113.83506,60.125793],[-113.756392,60.000186]],[[-113.756392,60.000186],[-113.689214,59.891576]],[[-113.689214,59.891576],[-113.23223,59.833125]],[[-115.365116,59.876238],[-115.063701,60.056149]],[[-115.063701,60.056149],[-114.604949,60.002673]],[[-112.914905,60.008892],[-113.23223,59.833125]],[[-112.252853,60.056979],[-112.205122,60.08268]],[[-112.205122,60.08268],[-112.130873,60.122476]],[[-112.130873,60.122476],[-111.66947,60.058637]],[[-112.45527,59.947954],[-112.384557,59.986092]],[[-112.914905,60.008892],[-112.45527,59.947954]],[[-115.821215,59.926812],[-115.365116,59.876238]],[[-111.338886,60.231501],[-111.66947,60.058637]],[[-115.982088,60.157298],[-116.440839,60.205385]],[[-115.821215,59.926812],[-115.982088,60.157298]],[[-116.440839,60.205385],[-116.734299,60.022571]],[[-110.750199,59.925983],[-110.875715,60.165174]],[[-110.291447,59.856754],[-110.750199,59.925983]],[[-111.338886,60.231501],[-110.875715,60.165174]]]}},{"type":"Feature","properties":{"kind":"border","from_year":2003,"to_year":null,"a":"alberta","b":"saskatchewan"},"geometry":{"type":"MultiLineString","coordinates":[[[-110.044835,54.337525],[-110.147369,54.5734]],[[-110.147369,54.5734],[-109.856562,54.734657]],[[-110.044835,54.337525],[-110.331224,54.176682]],[[-110.22869,53.941221],[-110.331224,54.176682]],[[-109.843303,53.865774],[-110.22869,53.941221]],[[-109.959096,54.971361],[-109.664752,55.133033]],[[-109.856562,54.734657],[-109.959096,54.971361]],[[-109.999756,55.413679],[-110.168583,55.44477]],[[-110.168583,55.44477],[-110.274653,55.681889]],[[-110.274653,55.681889],[-110.032461,55.814542]],[[-109.767286,55.370152],[-109.999756,55.413679]],[[-109.664752,55.133033],[-109.767286,55.370152]],[[-110.019202,55.942636],[-110.082844,56.082752]],[[-110.082844,56.082752],[-109.778777,56.246496]],[[-109.818553,52.143761],[-109.914016,52.377149]],[[-109.914016,52.377149],[-109.639119,52.533847]],[[-109.994452,51.75492],[-110.089915,51.987479]],[[-109.639119,52.533847],[-109.693037,52.66733]],[[-109.693037,52.66733],[-109.734581,52.767649]],[[-110.108477,52.84434],[-109.734581,52.767649]],[[-109.945837,53.277952],[-110.027157,53.471544]],[[-110.027157,53.471544],[-109.745188,53.630314]],[[-109.928159,53.236912],[-109.945837,53.277952]],[[-109.928159,53.236912],[-110.207476,53.078142]],[[-110.108477,52.84434],[-110.207476,53.078142]],[[-109.745188,53.630314],[-109.843303,53.865774]],[[-110.238413,58.082923],[-109.805295,58.010378]],[[-109.805295,58.010378],[-109.693921,57.770772]],[[-109.693921,57.770772],[-110.012131,57.604955]],[[-109.900757,57.365763],[-110.012131,57.604955]],[[-109.900757,57.365763],[-110.213663,57.199946]],[[-110.238413,58.082923],[-110.354205,58.3217]],[[-110.354205,58.3217],[-110.031577,58.48959]],[[-110.300287,56.558233],[-110.410776,56.795766]],[[-110.410776,56.795766],[-110.103174,56.961584]],[[-109.885731,56.484859],[-110.300287,56.558233]],[[-109.778777,56.246496],[-109.885731,56.484859]],[[-110.103174,56.961584],[-110.213663,57.199946]],[[-109.879543,59.022693],[-109.819437,58.897086]],[[-109.819437,58.897086],[-110.147369,58.729196]],[[-110.031577,58.48959],[-110.147369,58.729196]],[[-110.170351,59.617148],[-109.716903,59.545847]],[[-109.716903,59.545847],[-109.700109,59.512269]],[[-110.262278,51.599051],[-110.166816,51.367322]],[[-109.994452,51.75492],[-110.262278,51.599051]],[[-110.170351,59.617148],[-110.291447,59.856754]],[[-110.201288,49.072825],[-110.173003,48.99945]],[[-110.220734,49.908958],[-110.312661,50.137786]],[[-110.312661,50.137786],[-110.055442,50.290753]],[[-109.87424,49.831439],[-110.220734,49.908958]],[[-109.784965,49.602196],[-109.87424,49.831439]],[[-110.055442,50.290753],[-110.148253,50.520824]],[[-110.148253,50.520824],[-109.887499,50.673791]],[[-110.039532,49.451303],[-109.950257,49.223304]],[[-109.950257,49.223304],[-110.201288,49.072825]],[[-110.005059,49.472444],[-110.039532,49.451303]],[[-109.784965,49.602196],[-110.005059,49.472444]],[[-109.715135,51.058902],[-109.807062,51.290631]],[[-110.166816,51.367322],[-109.807062,51.290631]],[[-109.715135,51.058902],[-109.979426,50.904691]],[[-109.887499,50.673791],[-109.979426,50.904691]]]}},{"type":"Feature","properties":{"kind":"border","from_year":2003,"to_year":null,"a":"british_columbia","b":"northwest_territories"},"geometry":{"type":"MultiLineString","coordinates":[[[-120.011853,59.895721],[-120.198359,60.117916]],[[-120.911678,59.962048],[-120.650923,60.15108]],[[-120.650923,60.15108],[-120.198359,60.117916]],[[-121.61439,59.803693],[-121.360706,59.993139]],[[-121.360706,59.993139],[-120.911678,59.962048]],[[-122.059883,59.832296],[-121.61439,59.803693]],[[-123.599661,60.122891],[-124.045154,60.144447]],[[-122.257879,60.049931],[-122.706024,60.075633]],[[-123.392825,59.908572],[-122.9491,59.884529]],[[-122.706024,60.075633],[-122.9491,59.884529]],[[-123.392825,59.908572],[-123.599661,60.122891]]]}},{"type":"Feature","properties":{"kind":"border","from_year":2003,"to_year":null,"a":"british_columbia","b":"yukon"},"geometry":{"type":"MultiLineString","coordinates":[[[-125.601727,60.004332],[-125.378097,60.198752]],[[-125.378097,60.198752],[-124.934372,60.182171]],[[-124.934372,60.182171],[-124.750518,60.000186]],[[-124.750518,60.000186],[-124.720465,59.970754]],[[-124.720465,59.970754],[-124.278508,59.95127]],[[-126.041033,60.018841],[-125.601727,60.004332]],[[-124.045154,60.144447],[-124.278508,59.95127]],[[-126.041033,60.018841],[-126.262895,60.227356]],[[-130.79826,60.083924],[-131.223422,60.081437]],[[-134.564619,60.013866],[-134.413469,60.214505]],[[-134.413469,60.214505],[-133.998029,60.226941]],[[-133.998029,60.226941],[-133.739043,60.038324]],[[-133.739043,60.038324],[-133.323603,60.048688]],[[-133.323603,60.048688],[-133.069036,59.858412]],[[-134.974755,59.999772],[-134.564619,60.013866]],[[-134.974755,59.999772],[-134.986246,60.008477]],[[-134.986246,60.008477],[-135.239045,60.185072]],[[-132.653596,59.866703],[-132.543107,60.000186]],[[-132.543107,60.000186],[-132.488304,60.065684]],[[-132.488304,60.065684],[-132.068445,60.072317]],[[-132.068445,60.072317],[-131.818297,59.878725]],[[-131.818297,59.878725],[-131.399321,59.88287]],[[-133.069036,59.858412],[-132.653596,59.866703]],[[-131.223422,60.081437],[-131.295019,60.000186]],[[-131.295019,60.000186],[-131.399321,59.88287]],[[-128.142097,60.000186],[-127.990948,59.866289]],[[-128.850112,59.878725],[-128.653884,60.076048]],[[-128.653884,60.076048],[-128.221649,60.069829]],[[-128.221649,60.069829],[-128.142097,60.000186]],[[-127.990948,59.866289],[-127.558714,59.857998]],[[-129.278811,59.88287],[-128.850112,59.878725]],[[-129.5157,60.083095],[-129.944398,60.084753]],[[-129.278811,59.88287],[-129.5157,60.083095]],[[-126.703085,60.239378],[-126.916108,60.043713]],[[-126.916108,60.043713],[-127.352762,60.054077]],[[-126.703085,60.239378],[-126.262895,60.227356]],[[-127.352762,60.054077],[-127.558714,59.857998]],[[-130.555183,59.887016],[-130.130904,59.887016]],[[-130.555183,59.887016],[-130.79826,60.083924]],[[-129.944398,60.084753],[-130.024835,60.000186]],[[-130.024835,60.000186],[-130.130904,59.887016]],[[-137.395796,59.890332],[-136.997151,59.911474]],[[-137.668926,60.068586],[-138.067571,60.045371]],[[-136.939696,60.000186],[-136.997151,59.911474]],[[-137.395796,59.890332],[-137.668926,60.068586]],[[-136.866331,60.112113],[-136.939696,60.000186]],[[-138.187783,59.844732],[-138.581125,59.820274]],[[-138.067571,60.045371],[-138.187783,59.844732]],[[-136.193673,59.950441],[-136.462383,60.132011]],[[-135.648298,60.168491],[-135.78884,59.967852]],[[-135.78884,59.967852],[-136.193673,59.950441]],[[-135.648298,60.168491],[-135.239045,60.185072]],[[-136.866331,60.112113],[-136.462383,60.132011]]]}},{"type":"Feature","properties":{"kind":"border","from_year":2003,"to_year":null,"a":"manitoba","b":"nunavut"},"geometry":{"type":"MultiLineString","coordinates":[[[-94.88924,59.831882],[-94.79201,59.804107]],[[-94.88924,59.831882],[-94.89366,60.000186]],[[-94.89366,60.000186],[-94.896312,60.086826]],[[-95.769619,60.079364],[-95.338269,60.211189]],[[-95.338269,60.211189],[-94.896312,60.086826]],[[-99.234563,59.993553],[-99.219537,59.998942]],[[-99.190368,60.009306],[-98.823543,60.135742]],[[-98.823543,60.135742],[-98.373631,60.023401]],[[-99.61995,60.086826],[-99.234563,59.993553]],[[-100.09196,59.958317],[-100.016827,59.985263]],[[-99.878053,60.034593],[-99.830321,60.051589]],[[-97.957307,60.163102],[-98.373631,60.023401]],[[-97.957307,60.163102],[-97.509162,60.047859]],[[-100.944054,59.917692],[-100.54364,60.06444]],[[-100.54364,60.06444],[-100.09196,59.958317]],[[-101.791727,59.871678],[-101.396618,60.020499]],[[-101.396618,60.020499],[-100.944054,59.917692]],[[-96.214228,60.200825],[-96.641159,60.066513]],[[-96.641159,60.066513],[-97.087535,60.184658]],[[-96.214228,60.200825],[-95.769619,60.079364]],[[-97.087535,60.184658],[-97.509162,60.047859]]]}},{"type":"Feature","properties":{"kind":"border","from_year":2003,"to_year":null,"a":"manitoba","b":"ontario"},"geometry":{"type":"MultiLineString","coordinates":[[[-90.080747,56.183486],[-90.108148,55.929785]],[[-90.108148,55.929785],[-90.512097,55.817859]],[[-90.535962,55.564573],[-90.512097,55.817859]],[[-90.535962,55.564573],[-90.933724,55.451402]],[[-90.933724,55.451402],[-91.310271,55.590274]],[[-89.640557,56.548699],[-89.671494,56.294584]],[[-89.671494,56.294584],[-90.080747,56.183486]],[[-91.705381,55.474617],[-91.721292,55.221745]],[[-91.721292,55.221745],[-92.111098,55.105259]],[[-91.310271,55.590274],[-91.705381,55.474617]],[[-92.123473,54.852802],[-92.111098,55.105259]],[[-89.195948,56.877846],[-89.225117,56.658553]],[[-89.225117,56.658553],[-89.640557,56.548699]],[[-95.379813,51.032371],[-95.370974,50.786547]],[[-95.022711,50.41553],[-95.355063,50.295727]],[[-95.370974,50.786547],[-95.029783,50.661355]],[[-95.029783,50.661355],[-95.022711,50.41553]],[[-95.396607,51.525677],[-95.048345,51.400485]],[[-95.048345,51.400485],[-95.042158,51.153417]],[[-95.042158,51.153417],[-95.379813,51.032371]],[[-95.346224,50.050732],[-95.355063,50.295727]],[[-95.011221,49.925955],[-95.346224,50.050732]],[[-95.005033,49.681374],[-95.011221,49.925955]],[[-95.330314,49.5624],[-95.323242,49.319063]],[[-95.213637,49.605513],[-95.330314,49.5624]],[[-95.423125,52.268124],[-95.068675,52.142932]],[[-95.068675,52.142932],[-95.061604,51.895035]],[[-95.061604,51.895035],[-95.405446,51.772745]],[[-95.396607,51.525677],[-95.405446,51.772745]],[[-95.423125,52.268124],[-95.431964,52.516436]],[[-95.431964,52.516436],[-95.081934,52.639555]],[[-95.323242,49.319063],[-95.153531,49.255224]],[[-93.649993,53.624925],[-93.2814,53.744313]],[[-94.38099,53.633215],[-94.258126,53.674255]],[[-94.215698,53.68835],[-94.109628,53.723586]],[[-93.910747,53.717782],[-93.88423,53.708248]],[[-93.845338,53.694568],[-93.649993,53.624925]],[[-94.378338,53.382831],[-94.38099,53.633215]],[[-94.25459,53.675499],[-94.221001,53.686692]],[[-93.2814,53.744313],[-93.276981,53.995112]],[[-93.276981,53.995112],[-92.903969,54.114086]],[[-94.733672,53.011401],[-95.089005,52.888281]],[[-94.738975,53.260956],[-94.733672,53.011401]],[[-95.081934,52.639555],[-95.089005,52.888281]],[[-94.378338,53.382831],[-94.738975,53.260956]],[[-92.507975,54.735486],[-92.517698,54.483444]],[[-92.517698,54.483444],[-92.896014,54.365714]],[[-92.903969,54.114086],[-92.896014,54.365714]],[[-92.123473,54.852802],[-92.507975,54.735486]]]}},{"type":"Feature","properties":{"kind":"border","from_year":2003,"to_year":null,"a":"manitoba","b":"saskatchewan"},"geometry":{"type":"MultiLineString","coordinates":[[[-102.13557,58.061782],[-102.194792,58.075462]],[[-102.194792,58.075462],[-102.254898,58.324602]],[[-102.254898,58.324602],[-101.881003,58.473423]],[[-101.766094,57.974313],[-101.804986,57.983847]],[[-101.845646,57.993382],[-101.995028,58.028618]],[[-101.748416,57.893892],[-101.759906,57.946953]],[[-101.76521,57.969753],[-101.766094,57.974313]],[[-101.881003,58.473423],[-101.939341,58.722978]],[[-102.058669,59.222088],[-102.11966,59.472058]],[[-102.11966,59.472058],[-101.732505,59.621294]],[[-101.732505,59.621294],[-101.791727,59.871678]],[[-101.802334,52.847656],[-101.6229,52.797496]],[[-101.432858,52.743191],[-101.386011,52.499025]],[[-101.386011,52.499025],[-101.705988,52.360153]],[[-101.658256,52.116402],[-101.697149,52.317455]],[[-101.697149,52.317455],[-101.705988,52.360153]],[[-101.294967,52.011522],[-101.658256,52.116402]],[[-101.802334,52.847656],[-101.851834,53.092236]],[[-101.851834,53.092236],[-101.527437,53.232767]],[[-102.162971,54.563865],[-102.109053,54.317626]],[[-101.9526,53.581812],[-102.004751,53.826807]],[[-102.004751,53.826807],[-101.674167,53.968996]],[[-101.575168,53.477762],[-101.9526,53.581812]],[[-101.527437,53.232767],[-101.575168,53.477762]],[[-101.674167,53.968996],[-101.723666,54.21482]],[[-102.109053,54.317626],[-101.723666,54.21482]],[[-102.069276,57.308971],[-102.095794,57.298193]],[[-102.09933,57.296535],[-102.117892,57.289073]],[[-102.059553,57.502148],[-102.019777,57.329284]],[[-102.019777,57.329284],[-102.027732,57.325967]],[[-102.439637,59.072024],[-102.377763,58.822883]],[[-102.377763,58.822883],[-101.939341,58.722978]],[[-102.058669,59.222088],[-102.439637,59.072024]],[[-101.690961,55.83983],[-101.743996,56.087726]],[[-102.149713,56.189704],[-101.743996,56.087726]],[[-101.587543,55.34445],[-101.984421,55.447672]],[[-101.984421,55.447672],[-102.039223,55.694739]],[[-102.149713,56.189704],[-102.206283,56.437601]],[[-102.206283,56.437601],[-101.851834,56.583935]],[[-101.8262,54.707297],[-101.878351,54.95395]],[[-101.878351,54.95395],[-101.53716,55.097382]],[[-101.8262,54.707297],[-102.162971,54.563865]],[[-101.53716,55.097382],[-101.587543,55.34445]],[[-101.90752,56.832246],[-102.138222,56.888624]],[[-102.228381,56.910595],[-102.269041,56.920544]],[[-102.149713,56.891526],[-102.166507,56.895671]],[[-102.182417,56.899402],[-102.208051,56.90562]],[[-101.851834,56.583935],[-101.90752,56.832246]],[[-101.689193,50.526628],[-101.686542,50.511704]],[[-101.644114,50.286193],[-101.447001,50.226499]],[[-101.447001,50.226499],[-101.296735,50.180899]],[[-101.296735,50.180899],[-101.276405,50.063583]],[[-101.276405,50.063583],[-101.254307,49.940464]],[[-101.254307,49.940464],[-101.417832,49.867504]],[[-101.417832,49.867504],[-101.554838,49.806152]],[[-101.78112,51.008742],[-101.428439,50.904277]],[[-101.384243,50.662598],[-101.508875,50.607464]],[[-101.508875,50.607464],[-101.689193,50.526628]],[[-101.170336,49.461252],[-101.392198,49.53048]],[[-101.417832,49.537942],[-101.510643,49.566546]],[[-101.510643,49.566546],[-101.554838,49.806152]],[[-101.128792,49.22206],[-101.170336,49.461252]],[[-101.249888,51.768185],[-101.294967,52.011522]],[[-101.570749,51.365249],[-101.713943,51.301409]],[[-101.747532,51.286486],[-101.828852,51.250421]],[[-101.564561,51.630557],[-101.518598,51.388049]],[[-101.518598,51.388049],[-101.570749,51.365249]],[[-101.78112,51.008742],[-101.828852,51.250421]],[[-101.249888,51.768185],[-101.564561,51.630557]],[[-101.424903,49.088992],[-101.408109,48.99945]],[[-101.128792,49.22206],[-101.424903,49.088992]]]}},{"type":"Feature","properties":{"kind":"border","from_year":2003,"to_year":null,"a":"new_brunswick","b":"nova_scotia"},"geometry":{"type":"MultiLineString","coordinates":[[[-63.901856,46.083138],[-64.116647,46.069044]],[[-64.116647,46.069044],[-64.255422,46.059924]],[[-64.410991,45.841874],[-64.255422,46.059924]],[[-64.410991,45.841874],[-64.513525,45.834827]],[[-64.570095,45.830681],[-64.762789,45.817001]],[[-64.808752,45.497389],[-64.715941,45.406604]],[[-64.715941,45.406604],[-64.76986,45.328255]],[[-64.909518,45.60517],[-64.887421,45.63709]]]}},{"type":"Feature","properties":{"kind":"border","from_year":2003,"to_year":null,"a":"new_brunswick","b":"prince_edward_island"},"geometry":{"type":"MultiLineString","coordinates":[[[-63.850589,46.154025],[-63.901856,46.083138]],[[-64.104273,46.48566],[-63.941632,46.496023]],[[-63.941632,46.496023],[-63.933677,46.487733]],[[-63.916883,46.471151],[-63.869151,46.424722]],[[-63.838214,46.393631],[-63.834679,46.390315]],[[-63.783412,46.339326],[-63.744519,46.300359]],[[-63.744519,46.300359],[-63.745403,46.298701]]]}},{"type":"Feature","properties":{"kind":"border","from_year":2003,"to_year":null,"a":"new_brunswick","b":"quebec"},"geometry":{"type":"MultiLineString","coordinates":[[[-68.467274,47.388121],[-68.326731,47.614876]],[[-68.553013,47.805566],[-68.383302,47.662963]],[[-68.383302,47.662963],[-68.326731,47.614876]],[[-68.467274,47.388121],[-68.778411,47.356201]],[[-68.778411,47.356201],[-68.83233,47.350812]],[[-68.924257,47.197845],[-68.837634,47.341692]],[[-68.837634,47.341692],[-68.83233,47.350812]],[[-67.814945,47.877282],[-67.445469,47.911689]],[[-67.445469,47.911689],[-67.223606,47.718926]],[[-68.553013,47.805566],[-68.469925,47.939463]],[[-68.469925,47.939463],[-68.411587,48.033565]],[[-68.411587,48.033565],[-68.040343,48.06963]],[[-68.040343,48.06963],[-67.959023,47.999987]],[[-67.959023,47.999987],[-67.814945,47.877282]],[[-66.704748,47.975943],[-66.855014,47.750846]],[[-66.855014,47.750846],[-67.223606,47.718926]],[[-66.579233,47.986721],[-66.633151,47.982161]],[[-66.633151,47.982161],[-66.704748,47.975943]],[[-66.117829,47.811784],[-65.911877,47.827951]],[[-65.781058,47.8379],[-65.749237,47.840387]],[[-66.330853,48.003303],[-66.117829,47.811784]],[[-65.318771,48.084139],[-65.536214,48.068386]],[[-65.749237,47.840387],[-65.747469,47.84246]],[[-65.222424,48.090772],[-65.170273,48.04227]]]}},{"type":"Feature","properties":{"kind":"border","from_year":2003,"to_year":null,"a":"newfoundland","b":"nunavut"},"geometry":{"type":"MultiLineString","coordinates":[[[-64.547998,60.380737],[-64.728316,60.37369]],[[-64.436624,60.384882],[-64.508221,60.381981]]]}},{"type":"Feature","properties":{"kind":"border","from_year":2003,"to_year":null,"a":"newfoundland","b":"quebec"},"geometry":{"type":"MultiLineString","coordinates":[[[-67.919247,54.403022],[-68.088074,54.168391]],[[-68.088074,54.168391],[-67.825552,53.967752]],[[-67.485245,54.4366],[-67.919247,54.403022]],[[-67.311998,54.670817],[-67.485245,54.4366]],[[-67.395969,54.000915],[-67.825552,53.967752]],[[-67.309346,53.566059],[-67.055662,53.364591]],[[-67.055662,53.364591],[-67.22449,53.132033]],[[-67.22449,53.132033],[-66.973458,52.930979]],[[-67.309346,53.566059],[-67.13875,53.799033]],[[-66.555367,52.961241],[-66.873576,52.938441]],[[-66.873576,52.938441],[-66.884183,52.937612]],[[-66.884183,52.937612],[-66.973458,52.930979]],[[-67.395969,54.000915],[-67.13875,53.799033]],[[-64.933384,55.040175],[-65.374457,55.016132]],[[-65.560079,54.785231],[-65.374457,55.016132]],[[-64.933384,55.040175],[-64.683236,54.832904]],[[-65.998501,54.758701],[-66.25572,54.9639]],[[-65.560079,54.785231],[-65.998501,54.758701]],[[-64.244815,54.854046],[-64.683236,54.832904]],[[-63.999971,54.64553],[-63.564201,54.664599]],[[-64.244815,54.854046],[-63.999971,54.64553]],[[-66.696793,54.934881],[-66.781649,54.823369]],[[-66.794024,54.808031],[-66.87446,54.701494]],[[-66.87446,54.701494],[-67.311998,54.670817]],[[-66.25572,54.9639],[-66.696793,54.934881]],[[-64.208574,56.399048],[-63.750707,56.418117]],[[-63.750707,56.418117],[-63.498791,56.207115]],[[-63.498791,56.207115],[-63.702092,55.978702]],[[-63.702092,55.978702],[-63.453712,55.768114]],[[-63.453712,55.768114],[-63.655244,55.540115]],[[-64.465793,56.608807],[-64.208574,56.399048]],[[-64.465793,56.608807],[-64.263377,56.838879]],[[-64.263377,56.838879],[-63.800206,56.857948]],[[-63.367088,54.892184],[-63.609281,55.101942]],[[-63.609281,55.101942],[-63.409516,55.329941]],[[-63.564201,54.664599],[-63.367088,54.892184]],[[-63.655244,55.540115],[-63.409516,55.329941]],[[-64.357956,52.224597],[-64.537391,51.997428]],[[-64.888305,51.543503],[-65.119006,51.746214]],[[-64.537391,51.997428],[-64.308457,51.793058]],[[-64.308457,51.793058],[-64.48524,51.566717]],[[-64.48524,51.566717],[-64.888305,51.543503]],[[-65.587481,52.152052],[-65.825254,52.354349]],[[-65.119006,51.746214],[-65.524723,51.720927]],[[-65.524723,51.720927],[-65.759844,51.92281]],[[-65.759844,51.92281],[-65.587481,52.152052]],[[-63.948704,52.245739],[-64.357956,52.224597]],[[-63.948704,52.245739],[-63.721538,52.040126]],[[-66.480234,52.528458],[-66.237158,52.326575]],[[-66.480234,52.528458],[-66.309639,52.759358]],[[-65.825254,52.354349],[-66.237158,52.326575]],[[-66.555367,52.961241],[-66.309639,52.759358]],[[-62.499084,52.093602],[-62.686474,51.870163]],[[-62.686474,51.870163],[-63.092191,51.852752]],[[-63.092191,51.852752],[-63.314053,52.059195]],[[-63.314053,52.059195],[-63.721538,52.040126]],[[-62.0916,52.108525],[-62.499084,52.093602]],[[-62.0916,52.108525],[-61.875925,51.90001]],[[-63.851473,57.298193],[-63.641101,57.527435]],[[-63.592486,57.086776],[-63.851473,57.298193]],[[-63.800206,56.857948],[-63.592486,57.086776]],[[-64.981999,60.141131],[-64.964321,60.127865]],[[-64.949295,60.117087],[-64.692959,59.930128]],[[-64.692959,59.930128],[-64.911286,59.698399]],[[-64.438392,58.161687],[-64.646996,57.930786]],[[-64.378286,57.720198],[-63.903624,57.739267]],[[-63.903624,57.739267],[-63.641101,57.527435]],[[-64.646996,57.930786],[-64.378286,57.720198]],[[-64.068032,59.064147],[-64.56214,59.045078]],[[-64.56214,59.045078],[-64.843225,59.256081]],[[-64.843225,59.256081],[-64.626666,59.487396]],[[-64.068032,59.064147],[-64.023836,59.030155]],[[-64.014997,59.023522],[-63.878874,58.917814]],[[-63.87799,58.916984],[-63.794903,58.851901]],[[-63.794903,58.851901],[-64.012345,58.622244]],[[-64.911286,59.698399],[-64.626666,59.487396]],[[-63.957543,58.180341],[-63.741868,58.409998]],[[-64.012345,58.622244],[-63.741868,58.409998]],[[-63.957543,58.180341],[-64.438392,58.161687]],[[-57.040913,51.962606],[-57.227419,52.177754]],[[-57.25482,51.75036],[-57.11693,51.590761]],[[-57.11693,51.590761],[-57.070082,51.536041]],[[-57.070082,51.536041],[-57.194714,51.410849]],[[-57.6296,52.179412],[-57.227419,52.177754]],[[-57.040913,51.962606],[-57.107207,51.897108]],[[-57.107207,51.897108],[-57.25482,51.75036]],[[-57.84174,51.965922],[-57.6296,52.179412]],[[-58.243037,51.965508],[-57.84174,51.965922]],[[-58.437498,52.178998],[-58.841447,52.176925]],[[-58.243037,51.965508],[-58.437498,52.178998]],[[-61.471092,51.912861],[-61.276631,52.133812]],[[-61.276631,52.133812],[-60.87003,52.14459]],[[-60.87003,52.14459],[-60.66231,51.934417]],[[-60.66231,51.934417],[-60.257477,51.943122]],[[-61.875925,51.90001],[-61.471092,51.912861]],[[-60.057713,52.161587],[-60.257477,51.943122]],[[-59.450464,51.955973],[-59.047399,51.960533]],[[-58.841447,52.176925],[-59.047399,51.960533]],[[-59.450464,51.955973],[-59.651996,52.168219]],[[-60.057713,52.161587],[-59.651996,52.168219]]]}},{"type":"Feature","properties":{"kind":"border","from_year":2003,"to_year":null,"a":"northwest_territories","b":"nunavut"},"geometry":{"type":"MultiLineString","coordinates":[[[-109.784965,78.483843],[-109.563102,78.309735]],[[-110.173003,78.115729],[-110.311777,78.085467]],[[-109.390739,78.565508],[-109.784965,78.483843]],[[-110.098754,77.918821],[-110.311777,78.085467]],[[-110.815609,75.559655],[-110.419615,75.538098]],[[-110.401937,75.537269],[-110.142066,75.52276]],[[-110.142066,75.52276],[-109.906945,75.293932]],[[-109.906945,75.293932],[-110.560157,75.116508]],[[-109.926391,74.863636],[-110.32592,74.887265]],[[-110.32592,74.887265],[-110.560157,75.116508]],[[-110.290564,70.740589],[-110.477069,70.975635]],[[-110.477069,70.975635],[-109.957328,71.153888]],[[-109.595807,70.681723],[-110.290564,70.740589]],[[-109.421676,70.445019],[-109.595807,70.681723]],[[-109.421676,70.445019],[-109.929926,70.268424]],[[-109.957328,71.153888],[-110.143834,71.388934]],[[-110.143834,71.388934],[-109.609949,71.565944]],[[-109.796455,71.80099],[-110.530988,71.857368]],[[-110.530988,71.857368],[-110.730753,72.090756]],[[-110.730753,72.090756],[-110.182726,72.269424]],[[-109.609949,71.565944],[-109.796455,71.80099]],[[-110.182726,72.269424],[-110.32592,72.436485]],[[-110.336527,72.448922],[-110.383375,72.502812]],[[-110.383375,72.502812],[-110.28084,72.535976]],[[-110.003291,72.623444],[-109.858329,72.66863]],[[-109.828276,72.678164],[-109.820321,72.680651]],[[-114.285856,70.15857],[-114.962935,70.200024]],[[-114.962935,70.200024],[-115.408427,70.010578]],[[-115.408427,70.010578],[-116.080202,70.047887]],[[-111.781727,70.200853],[-112.260809,70.018454]],[[-112.260809,70.018454],[-112.934351,70.067785]],[[-111.781727,70.200853],[-111.103765,70.146963]],[[-111.103765,70.146963],[-110.918143,69.911917]],[[-114.067529,69.928084],[-114.285856,70.15857]],[[-112.934351,70.067785],[-113.398406,69.882899]],[[-113.398406,69.882899],[-114.067529,69.928084]],[[-117.17714,69.889531],[-116.510669,69.856368]],[[-116.080202,70.047887],[-116.510669,69.856368]],[[-110.249903,69.85471],[-109.754911,70.03172]],[[-110.918143,69.911917],[-110.249903,69.85471]],[[-109.754911,70.03172],[-109.929926,70.268424]],[[-109.867169,72.961297],[-110.02097,72.914039]],[[-109.857446,72.724178],[-110.02097,72.914039]],[[-109.820321,72.680651],[-109.828276,72.689771]],[[-120.712797,69.180662],[-120.339785,69.379643]],[[-120.445855,68.961369],[-120.712797,69.180662]],[[-120.445855,68.961369],[-120.810912,68.761973]],[[-120.547505,68.54268],[-120.810912,68.761973]],[[-120.905491,68.343699],[-120.646504,68.123991]],[[-120.547505,68.54268],[-120.905491,68.343699]],[[-118.112321,67.375741],[-118.342139,67.601252]],[[-117.517447,67.342992],[-118.112321,67.375741]],[[-117.297352,67.115822],[-117.517447,67.342992]],[[-116.707781,67.079342],[-117.297352,67.115822]],[[-118.942317,67.630685],[-118.342139,67.601252]],[[-116.496526,66.850929],[-115.912259,66.811133]],[[-115.912259,66.811133],[-115.709842,66.581061]],[[-115.709842,66.581061],[-115.131762,66.537949]],[[-115.131762,66.537949],[-114.938185,66.306219]],[[-116.496526,66.850929],[-116.707781,67.079342]],[[-119.787339,67.88024],[-120.036603,68.101606]],[[-119.181858,67.854124],[-119.787339,67.88024]],[[-118.942317,67.630685],[-119.181858,67.854124]],[[-120.646504,68.123991],[-120.036603,68.101606]],[[-107.137641,64.63022],[-107.217193,64.797696]],[[-106.140586,64.640998],[-106.565749,64.475596]],[[-106.565749,64.475596],[-107.100517,64.55353]],[[-107.100517,64.55353],[-107.137641,64.63022]],[[-106.140586,64.640998],[-105.604934,64.559333]],[[-108.17624,64.703594],[-107.759033,64.873143]],[[-107.759033,64.873143],[-107.217193,64.797696]],[[-105.170048,64.722249],[-105.604934,64.559333]],[[-104.539817,64.389785],[-104.011236,64.301902]],[[-103.569279,64.460258],[-103.818543,64.371545]],[[-103.818543,64.371545],[-104.011236,64.301902]],[[-104.539817,64.389785],[-104.634396,64.637268]],[[-103.569279,64.460258],[-103.040698,64.369058]],[[-105.170048,64.722249],[-104.634396,64.637268]],[[-108.716312,64.77531],[-108.17624,64.703594]],[[-102.168275,61.372739],[-102.102865,61.122769]],[[-102.102865,61.122769],[-101.632623,61.022864]],[[-101.632623,61.022864],[-101.572517,60.77248]],[[-101.572517,60.77248],[-101.975582,60.622001]],[[-102.301746,61.873093],[-101.820013,61.774431]],[[-101.820013,61.774431],[-101.756371,61.524047]],[[-101.756371,61.524047],[-102.168275,61.372739]],[[-101.912824,60.372031],[-101.975582,60.622001]],[[-102.305282,60.206629],[-102.245175,59.971583]],[[-101.912824,60.372031],[-101.950832,60.357522]],[[-102.263738,60.238549],[-102.299978,60.224869]],[[-101.949064,62.275614],[-102.369807,62.123062]],[[-102.301746,61.873093],[-102.369807,62.123062]],[[-102.152364,63.026352],[-102.132918,63.022621]],[[-102.122311,63.020549],[-102.078999,63.012258]],[[-101.615828,62.78799],[-101.587543,62.677721]],[[-101.587543,62.677721],[-102.016242,62.525998]],[[-102.365388,63.776261],[-101.851834,63.679673]],[[-101.851834,63.679673],[-101.783772,63.429288]],[[-101.783772,63.429288],[-102.222194,63.276322]],[[-102.152364,63.026352],[-102.169159,63.086046]],[[-102.193908,63.176417],[-102.222194,63.276322]],[[-102.365388,63.776261],[-102.439637,64.025816]],[[-102.439637,64.025816],[-101.990608,64.180026]],[[-102.062205,64.429996],[-102.590786,64.524926]],[[-101.990608,64.180026],[-102.062205,64.429996]],[[-102.590786,64.524926],[-103.040698,64.369058]],[[-110.891625,65.653313],[-111.198344,65.518172]],[[-111.198344,65.518172],[-111.756093,65.577452]],[[-110.433758,65.24333],[-110.49298,65.217214]],[[-110.178306,65.354013],[-110.39133,65.26157]],[[-110.14295,65.485009],[-110.087263,65.39298]],[[-110.087263,65.39298],[-110.120852,65.378471]],[[-110.270233,65.637146],[-110.233993,65.633001]],[[-110.233993,65.633001],[-110.156209,65.505321]],[[-110.514194,65.664506],[-110.30559,65.640877]],[[-112.151203,65.397955],[-112.706301,65.453918]],[[-112.706301,65.453918],[-112.742542,65.504907]],[[-112.742542,65.504907],[-112.875129,65.689793]],[[-111.756093,65.577452],[-112.03983,65.448943]],[[-112.03983,65.448943],[-112.151203,65.397955]],[[-108.848015,65.017404],[-109.395158,65.086218]],[[-108.716312,64.77531],[-108.848015,65.017404]],[[-109.395158,65.086218],[-109.801759,64.91211]],[[-109.801759,64.91211],[-110.347134,64.977608]],[[-110.347134,64.977608],[-110.478837,65.194414]],[[-110.490328,65.212239],[-110.49298,65.217214]],[[-113.435531,65.74244],[-113.397522,65.739124]],[[-113.397522,65.739124],[-112.875129,65.689793]],[[-114.179787,66.026817],[-114.365409,66.25979]],[[-113.613197,65.977072],[-114.179787,66.026817]],[[-113.446138,65.75612],[-113.613197,65.977072]],[[-113.435531,65.74244],[-113.446138,65.75612]],[[-114.938185,66.306219],[-114.365409,66.25979]]]}},{"type":"Feature","properties":{"kind":"border","from_year":2003,"to_year":null,"a":"northwest_territories","b":"saskatchewan"},"geometry":{"type":"MultiLineString","coordinates":[[[-104.837696,60.039982],[-104.460265,60.197509]],[[-104.460265,60.197509],[-104.000629,60.10548]],[[-104.000629,60.10548],[-103.967924,60.000186]],[[-103.967924,60.000186],[-103.924613,59.857583]],[[-103.924613,59.857583],[-103.470281,59.763896]],[[-105.668576,59.96951],[-105.297332,60.128695]],[[-105.297332,60.128695],[-104.837696,60.039982]],[[-102.245175,59.971583],[-102.634098,59.820274]],[[-102.634098,59.820274],[-103.087546,59.917277]],[[-103.087546,59.917277],[-103.470281,59.763896]],[[-107.87129,60.1374],[-108.334461,60.21492]],[[-108.334461,60.21492],[-108.686259,60.048273]],[[-108.686259,60.048273],[-109.147662,60.122891]],[[-106.127327,60.05532],[-106.492384,59.894478]],[[-106.492384,59.894478],[-106.951135,59.976972]],[[-106.127327,60.05532],[-105.829448,60.000186]],[[-105.829448,60.000186],[-105.668576,59.96951]],[[-107.309121,59.814056],[-107.766988,59.894063]],[[-107.766988,59.894063],[-107.812068,60.000186]],[[-107.812068,60.000186],[-107.87129,60.1374]],[[-106.951135,59.976972],[-107.309121,59.814056]],[[-109.952908,60.026717],[-110.005943,60.000186]],[[-110.005943,60.000186],[-110.291447,59.856754]],[[-109.594923,59.971168],[-109.492389,59.955001]]]}},{"type":"Feature","properties":{"kind":"border","from_year":2003,"to_year":null,"a":"northwest_territories","b":"yukon"},"geometry":{"type":"MultiLineString","coordinates":[[[-136.122076,68.38391],[-136.454427,68.507029]],[[-135.905517,68.01165],[-136.313001,68.165031]],[[-136.313001,68.165031],[-136.122076,68.38391]],[[-136.095558,67.794015],[-135.905517,68.01165]],[[-136.684245,67.728102],[-136.864564,67.510053]],[[-136.095558,67.794015],[-136.684245,67.728102]],[[-134.36397,66.812376],[-133.830086,66.83642]],[[-133.830086,66.83642],[-133.497734,66.646973]],[[-133.497734,66.646973],[-133.699266,66.435556]],[[-133.699266,66.435556],[-133.373102,66.245696]],[[-133.373102,66.245696],[-133.571983,66.034693]],[[-135.302687,66.904819],[-134.736098,66.965757]],[[-134.736098,66.965757],[-134.36397,66.812376]],[[-133.25289,65.844418],[-132.734916,65.863072]],[[-132.734916,65.863072],[-132.42201,65.670724]],[[-132.42201,65.670724],[-132.626194,65.460965]],[[-132.318592,65.268202],[-132.520125,65.059273]],[[-132.626194,65.460965],[-132.318592,65.268202]],[[-133.571983,66.034693],[-133.25289,65.844418]],[[-136.252011,66.992288],[-136.643585,67.142353]],[[-136.643585,67.142353],[-136.46415,67.359159]],[[-135.683654,67.056957],[-136.252011,66.992288]],[[-135.683654,67.056957],[-135.302687,66.904819]],[[-136.864564,67.510053],[-136.46415,67.359159]],[[-124.019521,60.551114],[-124.234312,60.764604]],[[-124.688644,60.782844],[-124.234312,60.764604]],[[-124.019521,60.551114],[-124.257294,60.357522]],[[-124.045154,60.144447],[-124.257294,60.357522]],[[-124.688644,60.782844],[-124.907855,60.994676]],[[-125.363954,61.010014],[-125.593772,60.814349]],[[-125.593772,60.814349],[-126.044568,60.827615]],[[-125.363954,61.010014],[-124.907855,60.994676]],[[-126.944393,60.85],[-126.725182,61.047323]],[[-126.044568,60.827615],[-126.267315,60.631536]],[[-126.267315,60.631536],[-126.714575,60.643143]],[[-126.714575,60.643143],[-126.944393,60.85]],[[-126.725182,61.047323],[-126.958536,61.254594]],[[-130.560487,64.093387],[-130.844223,64.291124]],[[-131.337447,64.281175],[-130.844223,64.291124]],[[-130.560487,64.093387],[-130.76909,63.887359]],[[-130.490657,63.689622],[-130.76909,63.887359]],[[-130.005388,63.695425],[-130.490657,63.689622]],[[-131.337447,64.281175],[-131.627371,64.476839]],[[-132.21871,64.866095],[-132.520125,65.059273]],[[-132.418475,64.657995],[-132.122363,64.463988]],[[-132.122363,64.463988],[-131.627371,64.476839]],[[-132.21871,64.866095],[-132.418475,64.657995]],[[-128.386941,62.081194],[-128.850112,62.083266]],[[-128.850112,62.083266],[-129.103796,62.285563]],[[-129.103796,62.285563],[-128.89254,62.487031]],[[-128.138561,61.877653],[-128.386941,62.081194]],[[-127.677158,61.872678],[-128.138561,61.877653]],[[-128.89254,62.487031],[-129.150643,62.689329]],[[-129.62177,62.68767],[-129.150643,62.689329]],[[-127.434082,61.667065],[-127.677158,61.872678]],[[-127.652409,61.468084],[-127.412868,61.26247]],[[-127.412868,61.26247],[-126.958536,61.254594]],[[-127.434082,61.667065],[-127.652409,61.468084]],[[-129.676572,63.091436],[-129.944398,63.291245]],[[-129.944398,63.291245],[-129.732259,63.495615]],[[-129.676572,63.091436],[-129.885176,62.887895]],[[-129.62177,62.68767],[-129.885176,62.887895]],[[-129.732259,63.495615],[-130.005388,63.695425]]]}},{"type":"Feature","properties":{"kind":"border","from_year":2003,"to_year":null,"a":"nova_scotia","b":"prince_edward_island"},"geometry":{"type":"MultiLineString","coordinates":[[[-63.901856,46.083138],[-63.885946,46.067386]],[[-63.16202,45.714609],[-62.81199,45.734507]],[[-63.251295,45.80498],[-63.242456,45.79586]],[[-63.207099,45.760209],[-63.197376,45.750675]],[[-63.186769,45.739067],[-63.16202,45.714609]],[[-62.81199,45.734507],[-62.789008,45.765598]]]}},{"type":"Feature","properties":{"kind":"border","from_year":2003,"to_year":null,"a":"nunavut","b":"ontario"},"geometry":{"type":"MultiLineString","coordinates":[[[-82.20507,53.289559],[-82.234239,53.194629]],[[-82.280203,53.04332],[-82.281087,53.040419]],[[-82.281087,53.040419],[-82.280203,53.039589]],[[-82.115795,53.308214],[-82.20507,53.289559]],[[-81.352093,52.8489],[-81.559812,52.95751]],[[-81.559812,52.95751],[-81.741015,52.920201]]]}},{"type":"Feature","properties":{"kind":"border","from_year":2003,"to_year":null,"a":"nunavut","b":"quebec"},"geometry":{"type":"MultiLineString","coordinates":[[[-73.976712,62.652849],[-74.298456,62.619685]]]}},{"type":"Feature","properties":{"kind":"border","from_year":2003,"to_year":null,"a":"nunavut","b":"saskatchewan"},"geometry":{"type":"MultiLineString","coordinates":[[[-102.245175,59.971583],[-101.791727,59.871678]]]}},{"type":"Feature","properties":{"kind":"border","from_year":2003,"to_year":null,"a":"ontario","b":"quebec"},"geometry":{"type":"MultiLineString","coordinates":[[[-75.923888,45.360806],[-75.811843,45.410873]],[[-75.811843,45.410873],[-75.692616,45.370082]],[[-76.043834,45.401359],[-75.923888,45.360806]],[[-75.579853,45.419911],[-75.692616,45.370082]],[[-79.753976,48.754455],[-79.83618,48.513606]],[[-79.788448,49.648625],[-79.51797,49.489441]],[[-79.51797,49.432648],[-79.586032,49.237398]],[[-79.501176,49.479492],[-79.51797,49.432648]],[[-79.51797,49.489441],[-79.501176,49.479492]],[[-79.586032,49.237398],[-79.51797,49.196773]],[[-79.517087,48.801713],[-79.753976,48.754455]],[[-79.51797,49.196773],[-79.302295,49.068679]],[[-79.302295,49.068679],[-79.323509,49.009399]],[[-79.323509,49.009399],[-79.357982,48.912396]],[[-79.388035,48.827415],[-79.517087,48.801713]],[[-79.948437,51.211454],[-79.950205,51.206479]],[[-79.950205,51.206479],[-79.924571,51.192385]],[[-79.909544,51.184094],[-79.650558,51.036516]],[[-79.650558,51.036516],[-79.738065,50.791936]],[[-79.531229,50.377807],[-79.239537,50.20743]],[[-79.239537,50.20743],[-79.327929,49.964507]],[[-79.327929,49.964507],[-79.703592,49.891133]],[[-79.788448,49.648625],[-79.703592,49.891133]],[[-79.531229,50.377807],[-79.442838,50.621558]],[[-79.738065,50.791936],[-79.442838,50.621558]],[[-75.116077,45.436451],[-75.104586,45.462567]],[[-75.104586,45.462567],[-75.014427,45.667766]],[[-75.014427,45.667766],[-74.788145,45.70466]],[[-74.788145,45.70466],[-74.667049,45.724144]],[[-74.667049,45.724144],[-74.546836,45.637504]],[[-74.423972,45.548792],[-74.488498,45.406189]],[[-74.489382,45.406189],[-74.528274,45.31872]],[[-74.528274,45.31872],[-74.358563,45.195187]],[[-74.318786,45.166168],[-74.287849,45.143783]],[[-74.287849,45.143783],[-74.355911,44.995791]],[[-74.355911,44.995791],[-74.356795,44.992475]],[[-75.116077,45.436451],[-75.27253,45.410749]],[[-75.27253,45.410749],[-75.460804,45.378829]],[[-77.408067,46.1134],[-77.612251,46.248127]],[[-77.612251,46.248127],[-77.665286,46.282948]],[[-76.898048,45.77306],[-77.242775,45.710049]],[[-77.242775,45.710049],[-77.497342,45.879183]],[[-77.497342,45.879183],[-77.408067,46.1134]],[[-77.665286,46.282948],[-78.013548,46.217036]],[[-78.013548,46.217036],[-78.274303,46.385755]],[[-76.321736,45.660304],[-76.300522,45.664035]],[[-76.300522,45.664035],[-76.051258,45.492]],[[-76.646133,45.602683],[-76.645249,45.602683]],[[-76.898048,45.77306],[-76.646133,45.602683]],[[-79.60813,47.222303],[-79.688566,46.984355]],[[-79.688566,46.984355],[-79.418972,46.818124]],[[-79.445489,47.699443],[-79.17236,47.531967]],[[-79.17236,47.531967],[-79.225395,47.379415]],[[-79.225395,47.379415],[-79.255448,47.293605]],[[-79.255448,47.293605],[-79.60813,47.222303]],[[-79.068942,46.88901],[-79.418972,46.818124]],[[-78.885972,46.485245],[-78.621681,46.31777]],[[-78.885972,46.485245],[-78.802,46.721535]],[[-78.274303,46.385755],[-78.621681,46.31777]],[[-79.068942,46.88901],[-78.802,46.721535]],[[-79.639067,48.10611],[-79.555979,48.34613]],[[-79.362401,47.938634],[-79.627576,48.099477]],[[-79.83618,48.513606],[-79.555979,48.34613]]]}},{"type":"Feature","properties":{"kind":"label","from_year":2003,"to_year":null,"jurisdiction":"alberta","name":"Alberta","sovereign":"Canada","status":"province","h3":"84120bdffffffff"},"geometry":{"type":"Point","coordinates":[-115.44271,56.28179]}},{"type":"Feature","properties":{"kind":"label","from_year":2003,"to_year":null,"jurisdiction":"british_columbia","name":"British Columbia","sovereign":"Canada","status":"province","h3":"8412aa7ffffffff"},"geometry":{"type":"Point","coordinates":[-125.27189,54.03228]}},{"type":"Feature","properties":{"kind":"label","from_year":2003,"to_year":null,"jurisdiction":"manitoba","name":"Manitoba","sovereign":"Canada","status":"province","h3":"840e985ffffffff"},"geometry":{"type":"Point","coordinates":[-96.74167,56.12181]}},{"type":"Feature","properties":{"kind":"label","from_year":2003,"to_year":null,"jurisdiction":"new_brunswick","name":"New Brunswick","sovereign":"Canada","status":"province","h3":"842b025ffffffff"},"geometry":{"type":"Point","coordinates":[-66.28033,46.52931]}},{"type":"Feature","properties":{"kind":"label","from_year":2003,"to_year":null,"jurisdiction":"newfoundland","name":"Newfoundland and Labrador","sovereign":"Canada","status":"province","h3":"841bb15ffffffff"},"geometry":{"type":"Point","coordinates":[-59.21523,53.46252]}},{"type":"Feature","properties":{"kind":"label","from_year":2003,"to_year":null,"jurisdiction":"northwest_territories","name":"Northwest Territories","sovereign":"Canada","status":"territory","h3":"84131d3ffffffff"},"geometry":{"type":"Point","coordinates":[-121.16808,64.14687]}},{"type":"Feature","properties":{"kind":"label","from_year":2003,"to_year":null,"jurisdiction":"nova_scotia","name":"Nova Scotia","sovereign":"Canada","status":"province","h3":"842b011ffffffff"},"geometry":{"type":"Point","coordinates":[-63.39259,45.25509]}},{"type":"Feature","properties":{"kind":"label","from_year":2003,"to_year":null,"jurisdiction":"nunavut","name":"Nunavut","sovereign":"Canada","status":"territory","h3":"840f9edffffffff"},"geometry":{"type":"Point","coordinates":[-95.58883,65.29973]}},{"type":"Feature","properties":{"kind":"label","from_year":2003,"to_year":null,"jurisdiction":"ontario","name":"Ontario","sovereign":"Canada","status":"province","h3":"840ede9ffffffff"},"geometry":{"type":"Point","coordinates":[-86.97949,51.69577]}},{"type":"Feature","properties":{"kind":"label","from_year":2003,"to_year":null,"jurisdiction":"prince_edward_island","name":"Prince Edward Island","sovereign":"Canada","status":"province","h3":"842b055ffffffff"},"geometry":{"type":"Point","coordinates":[-62.87475,46.27223]}},{"type":"Feature","properties":{"kind":"label","from_year":2003,"to_year":null,"jurisdiction":"quebec","name":"Quebec","sovereign":"Canada","status":"province","h3":"840e58bffffffff"},"geometry":{"type":"Point","coordinates":[-72.55177,51.24503]}},{"type":"Feature","properties":{"kind":"label","from_year":2003,"to_year":null,"jurisdiction":"saskatchewan","name":"Saskatchewan","sovereign":"Canada","status":"province","h3":"841259bffffffff"},"geometry":{"type":"Point","coordinates":[-105.81411,52.31088]}},{"type":"Feature","properties":{"kind":"label","from_year":2003,"to_year":null,"jurisdiction":"yukon","name":"Yukon","sovereign":"Canada","status":"territory","h3":"8413a2dffffffff"},"geometry":{"type":"Point","coordinates":[-135.7168,62.92285]}}]}
