{"type":"FeatureCollection","features":[{"type":"Feature","properties":{"fed_id_a":"100032095","fed_id_b":"100032126","kind":"water","length":2},"geometry":{"type":"LineString","coordinates":[[-53.0501,47.97313],[-53.14675,48.00121],[-53.21197,48.48393]]}},{"type":"Feature","properties":{"fed_id_a":"100032095","fed_id_b":"100032142","kind":"water","length":2},"geometry":{"type":"LineString","coordinates":[[-53.0501,47.97313],[-53.14675,48.00121],[-53.73144,48.28812]]}},{"type":"Feature","properties":{"fed_id_a":"100032097","fed_id_b":"100032142","kind":"land","length":3},"geometry":{"type":"LineString","coordinates":[[-53.37687,47.69995],[-53.77699,47.47848],[-53.93564,47.94655],[-53.73144,48.28812]]}},{"type":"Feature","properties":{"fed_id_a":"100032097","fed_id_b":"100032229","kind":"water","length":4},"geometry":{"type":"LineString","coordinates":[[-53.37687,47.69995],[-53.77699,47.47848],[-54.64443,47.44175],[-54.90599,47.46796],[-55.22685,47.19008]]}},{"type":"Feature","properties":{"fed_id_a":"100032114","fed_id_b":"100032229","kind":"water","length":4},"geometry":{"type":"LineString","coordinates":[[-53.423,47.29662],[-53.9299,47.07392],[-54.64443,47.44175],[-54.90599,47.46796],[-55.22685,47.19008]]}},{"type":"Feature","properties":{"fed_id_a":"100032142","fed_id_b":"100032229","kind":"land","length":4},"geometry":{"type":"LineString","coordinates":[[-53.73144,48.28812],[-54.41459,48.10608],[-54.97853,47.95912],[-54.90599,47.46796],[-55.22685,47.19008]]}},{"type":"Feature","properties":{"fed_id_a":"100032142","fed_id_b":"100033425","kind":"land","length":3},"geometry":{"type":"LineString","coordinates":[[-53.73144,48.28812],[-54.33052,48.54936],[-54.8515,48.76891],[-54.76819,49.17003]]}},{"type":"Feature","properties":{"fed_id_a":"100032142","fed_id_b":"100033426","kind":"land","length":2},"geometry":{"type":"LineString","coordinates":[[-53.73144,48.28812],[-53.89233,48.6846],[-54.28442,48.95585]]}},{"type":"Feature","properties":{"fed_id_a":"100032142","fed_id_b":"100033427","kind":"land","length":4},"geometry":{"type":"LineString","coordinates":[[-53.73144,48.28812],[-54.41459,48.10608],[-54.91262,48.34185],[-55.42264,48.57125],[-55.38993,48.9764]]}},{"type":"Feature","properties":{"fed_id_a":"100032229","fed_id_b":"100033427","kind":"land","length":5},"geometry":{"type":"LineString","coordinates":[[-55.22685,47.19008],[-54.90599,47.46796],[-55.56973,47.77141],[-55.43145,48.19096],[-55.42264,48.57125],[-55.38993,48.9764]]}},{"type":"Feature","properties":{"fed_id_a":"100033423","fed_id_b":"100033425","kind":"land","length":2},"geometry":{"type":"LineString","coordinates":[[-55.90194,49.45481],[-55.46263,49.41915],[-54.76819,49.17003]]}},{"type":"Feature","properties":{"fed_id_a":"100033423","fed_id_b":"100033427","kind":"land","length":2},"geometry":{"type":"LineString","coordinates":[[-55.90194,49.45481],[-55.91899,49.19838],[-55.38993,48.9764]]}},{"type":"Feature","properties":{"fed_id_a":"100033423","fed_id_b":"100033429","kind":"water","length":2},"geometry":{"type":"LineString","coordinates":[[-55.90194,49.45481],[-55.46263,49.41915],[-54.56978,49.47774]]}},{"type":"Feature","properties":{"fed_id_a":"100033423","fed_id_b":"100033436","kind":"land","length":3},"geometry":{"type":"LineString","coordinates":[[-55.90194,49.45481],[-56.45442,49.41938],[-57.01877,49.22513],[-57.63064,48.97306]]}},{"type":"Feature","properties":{"fed_id_a":"100033423","fed_id_b":"100033568","kind":"water","length":13},"geometry":{"type":"LineString","coordinates":[[-55.90194,49.45481],[-56.33341,49.80166],[-57.01175,50.06592],[-56.99167,50.42888],[-56.80593,50.85373],[-56.6822,51.23911],[-57.53798,51.59995],[-57.4717,51.93465],[-57.41606,52.39308],[-58.01453,52.60929],[-58.62094,52.82315],[-59.2354,53.03447],[-59.84751,53.23895],[-60.56628,53.47478]]}},{"type":"Feature","properties":{"fed_id_a":"100033427","fed_id_b":"100033436","kind":"land","length":4},"geometry":{"type":"LineString","coordinates":[[-55.38993,48.9764],[-55.95234,48.78626],[-56.5211,48.58269],[-57.07266,48.77881],[-57.63064,48.97306]]}},{"type":"Feature","properties":{"fed_id_a":"100033568","fed_id_b":"240017415","kind":"land","length":10},"geometry":{"type":"LineString","coordinates":[[-60.56628,53.47478],[-61.12627,53.65303],[-61.77249,53.85362],[-62.42665,54.05124],[-63.09582,53.7575],[-63.59699,53.82942],[-64.34779,53.73062],[-64.93918,53.50178],[-65.54178,53.24744],[-66.13725,52.99008],[-66.72559,52.72979]]}},{"type":"Feature","properties":{"fed_id_a":"110051798","fed_id_b":"110051828","kind":"water","length":2},"geometry":{"type":"LineString","coordinates":[[-63.43523,46.24132],[-62.82654,46.0496],[-62.66657,46.22916]]}},{"type":"Feature","properties":{"fed_id_a":"110051799","fed_id_b":"130051835","kind":"water","length":2},"geometry":{"type":"LineString","coordinates":[[-64.20106,46.74838],[-64.04928,46.96007],[-64.99494,47.35971]]}},{"type":"Feature","properties":{"fed_id_a":"110051828","fed_id_b":"120051804","kind":"water","length":2},"geometry":{"type":"LineString","coordinates":[[-62.66657,46.22916],[-62.82654,46.0496],[-62.97516,45.51561]]}},{"type":"Feature","properties":{"fed_id_a":"110051828","fed_id_b":"120051806","kind":"water","length":2},"geometry":{"type":"LineString","coordinates":[[-62.66657,46.22916],[-62.82654,46.0496],[-63.52571,45.67606]]}},{"type":"Feature","properties":{"fed_id_a":"110051828","fed_id_b":"120052080","kind":"water","length":3},"geometry":{"type":"LineString","coordinates":[[-62.66657,46.22916],[-62.18451,46.41876],[-61.28921,46.15281],[-61.04756,46.08643]]}},{"type":"Feature","properties":{"fed_id_a":"110051828","fed_id_b":"240052012","kind":"water","length":3},"geometry":{"type":"LineString","coordinates":[[-62.66657,46.22916],[-61.81544,47.40379]]}},{"type":"Feature","properties":{"fed_id_a":"120051794","fed_id_b":"120051819","kind":"water","length":2},"geometry":{"type":"LineString","coordinates":[[-64.0307,45.90478],[-64.43598,45.56866],[-64.50467,45.15285]]}},{"type":"Feature","properties":{"fed_id_a":"120051794","fed_id_b":"130051816","kind":"water","length":3},"geometry":{"type":"LineString","coordinates":[[-64.0307,45.90478],[-64.43598,45.56866],[-65.21724,45.53521],[-65.61544,45.54401]]}},{"type":"Feature","properties":{"fed_id_a":"120051794","fed_id_b":"130051820","kind":"land","length":2},"geometry":{"type":"LineString","coordinates":[[-64.0307,45.90478],[-64.43598,45.56866],[-65.1596,45.80628]]}},{"type":"Feature","properties":{"fed_id_a":"120051800","fed_id_b":"120051876","kind":"land","length":2},"geometry":{"type":"LineString","coordinates":[[-63.39259,45.25509],[-62.94235,45.11071],[-62.98499,44.79564]]}},{"type":"Feature","properties":{"fed_id_a":"120051804","fed_id_b":"120051876","kind":"land","length":3},"geometry":{"type":"LineString","coordinates":[[-62.97516,45.51561],[-62.42344,45.36117],[-62.4765,44.98575],[-62.98499,44.79564]]}},{"type":"Feature","properties":{"fed_id_a":"120051804","fed_id_b":"120052058","kind":"land","length":2},"geometry":{"type":"LineString","coordinates":[[-62.97516,45.51561],[-62.42344,45.36117],[-61.96249,45.52765]]}},{"type":"Feature","properties":{"fed_id_a":"120051815","fed_id_b":"120051884","kind":"land","length":2},"geometry":{"type":"LineString","coordinates":[[-64.84601,44.90484],[-64.94418,44.59853],[-64.50785,44.42481]]}},{"type":"Feature","properties":{"fed_id_a":"120051815","fed_id_b":"120051887","kind":"land","length":2},"geometry":{"type":"LineString","coordinates":[[-64.84601,44.90484],[-64.94418,44.59853],[-64.90847,44.17602]]}},{"type":"Feature","properties":{"fed_id_a":"120051815","fed_id_b":"130051816","kind":"water","length":2},"geometry":{"type":"LineString","coordinates":[[-64.84601,44.90484],[-65.21724,45.53521],[-65.61544,45.54401]]}},{"type":"Feature","properties":{"fed_id_a":"120051819","fed_id_b":"130051816","kind":"water","length":2},"geometry":{"type":"LineString","coordinates":[[-64.50467,45.15285],[-65.21724,45.53521],[-65.61544,45.54401]]}},{"type":"Feature","properties":{"fed_id_a":"120051829","fed_id_b":"120052080","kind":"water","length":3},"geometry":{"type":"LineString","coordinates":[[-62.30253,45.63645],[-61.96788,45.8129],[-61.28921,46.15281],[-61.04756,46.08643]]}},{"type":"Feature","properties":{"fed_id_a":"120051829","fed_id_b":"120052083","kind":"water","length":2},"geometry":{"type":"LineString","coordinates":[[-62.30253,45.63645],[-61.96788,45.8129],[-61.32969,45.77314]]}},{"type":"Feature","properties":{"fed_id_a":"120051856","fed_id_b":"120051884","kind":"land","length":3},"geometry":{"type":"LineString","coordinates":[[-65.51995,43.60215],[-65.02522,43.84107],[-64.52143,44.17193],[-64.50785,44.42481]]}},{"type":"Feature","properties":{"fed_id_a":"120051856","fed_id_b":"120051887","kind":"land","length":2},"geometry":{"type":"LineString","coordinates":[[-65.51995,43.60215],[-65.02522,43.84107],[-64.90847,44.17602]]}},{"type":"Feature","properties":{"fed_id_a":"120051856","fed_id_b":"120051976","kind":"land","length":2},"geometry":{"type":"LineString","coordinates":[[-65.51995,43.60215],[-65.38071,43.95011],[-65.93165,44.0746]]}},{"type":"Feature","properties":{"fed_id_a":"120051876","fed_id_b":"120052058","kind":"land","length":3},"geometry":{"type":"LineString","coordinates":[[-62.98499,44.79564],[-62.4765,44.98575],[-61.94558,45.18288],[-61.96249,45.52765]]}},{"type":"Feature","properties":{"fed_id_a":"120051887","fed_id_b":"120051975","kind":"land","length":2},"geometry":{"type":"LineString","coordinates":[[-64.90847,44.17602],[-65.45016,44.32761],[-65.85957,44.43152]]}},{"type":"Feature","properties":{"fed_id_a":"120051887","fed_id_b":"120051976","kind":"land","length":2},"geometry":{"type":"LineString","coordinates":[[-64.90847,44.17602],[-65.45016,44.32761],[-65.93165,44.0746]]}},{"type":"Feature","properties":{"fed_id_a":"120051887","fed_id_b":"120051979","kind":"land","length":2},"geometry":{"type":"LineString","coordinates":[[-64.90847,44.17602],[-65.45016,44.32761],[-65.448,44.70017]]}},{"type":"Feature","properties":{"fed_id_a":"120051951","fed_id_b":"120051975","kind":"water","length":2},"geometry":{"type":"LineString","coordinates":[[-66.13631,43.85294],[-66.28674,44.30892],[-65.85957,44.43152]]}},{"type":"Feature","properties":{"fed_id_a":"120051979","fed_id_b":"130051816","kind":"water","length":2},"geometry":{"type":"LineString","coordinates":[[-65.448,44.70017],[-65.70246,45.31149],[-65.61544,45.54401]]}},{"type":"Feature","properties":{"fed_id_a":"120052058","fed_id_b":"120052081","kind":"land","length":2},"geometry":{"type":"LineString","coordinates":[[-61.96249,45.52765],[-61.26489,45.31365],[-60.95419,45.69419]]}},{"type":"Feature","properties":{"fed_id_a":"130051795","fed_id_b":"130051835","kind":"land","length":2},"geometry":{"type":"LineString","coordinates":[[-64.81315,46.50341],[-64.87438,46.73505],[-64.99494,47.35971]]}},{"type":"Feature","properties":{"fed_id_a":"130051795","fed_id_b":"130051838","kind":"land","length":2},"geometry":{"type":"LineString","coordinates":[[-64.81315,46.50341],[-64.87438,46.73505],[-65.30685,47.19352]]}},{"type":"Feature","properties":{"fed_id_a":"130051808","fed_id_b":"130051811","kind":"land","length":2},"geometry":{"type":"LineString","coordinates":[[-65.76837,45.98154],[-65.71804,46.38202],[-65.40447,46.67441]]}},{"type":"Feature","properties":{"fed_id_a":"130051808","fed_id_b":"130051813","kind":"land","length":2},"geometry":{"type":"LineString","coordinates":[[-65.76837,45.98154],[-65.71804,46.38202],[-65.77686,46.79466]]}},{"type":"Feature","properties":{"fed_id_a":"130051810","fed_id_b":"130051813","kind":"land","length":2},"geometry":{"type":"LineString","coordinates":[[-66.24397,46.099],[-66.28033,46.52931],[-65.77686,46.79466]]}},{"type":"Feature","properties":{"fed_id_a":"130051810","fed_id_b":"130051898","kind":"land","length":3},"geometry":{"type":"LineString","coordinates":[[-66.24397,46.099],[-66.28033,46.52931],[-66.74851,46.66399],[-67.41381,46.4534]]}},{"type":"Feature","properties":{"fed_id_a":"130051813","fed_id_b":"130051837","kind":"land","length":2},"geometry":{"type":"LineString","coordinates":[[-65.77686,46.79466],[-65.87029,47.15982],[-65.35572,47.47096]]}},{"type":"Feature","properties":{"fed_id_a":"130051813","fed_id_b":"130051898","kind":"land","length":3},"geometry":{"type":"LineString","coordinates":[[-65.77686,46.79466],[-66.35616,46.94758],[-66.74851,46.66399],[-67.41381,46.4534]]}},{"type":"Feature","properties":{"fed_id_a":"130051813","fed_id_b":"130051904","kind":"land","length":3},"geometry":{"type":"LineString","coordinates":[[-65.77686,46.79466],[-66.35616,46.94758],[-66.91554,47.13579],[-67.42725,46.84828]]}},{"type":"Feature","properties":{"fed_id_a":"130051813","fed_id_b":"130051930","kind":"land","length":2},"geometry":{"type":"LineString","coordinates":[[-65.77686,46.79466],[-65.87029,47.15982],[-66.03514,47.67208]]}},{"type":"Feature","properties":{"fed_id_a":"130051841","fed_id_b":"240052096","kind":"water","length":2},"geometry":{"type":"LineString","coordinates":[[-64.96857,47.66998],[-65.0437,48.21908],[-64.46836,48.45037]]}},{"type":"Feature","properties":{"fed_id_a":"130051891","fed_id_b":"130051904","kind":"land","length":2},"geometry":{"type":"LineString","coordinates":[[-67.98993,47.43684],[-67.50756,47.28629],[-67.42725,46.84828]]}},{"type":"Feature","properties":{"fed_id_a":"130051891","fed_id_b":"130051932","kind":"land","length":3},"geometry":{"type":"LineString","coordinates":[[-67.98993,47.43684],[-67.5908,47.68652],[-66.97065,47.57618],[-66.48661,47.78215]]}},{"type":"Feature","properties":{"fed_id_a":"130051891","fed_id_b":"240051919","kind":"land","length":3},"geometry":{"type":"LineString","coordinates":[[-67.98993,47.43684],[-67.5908,47.68652],[-67.67612,48.09414],[-67.14599,48.36877]]}},{"type":"Feature","properties":{"fed_id_a":"130051891","fed_id_b":"240051920","kind":"land","length":2},"geometry":{"type":"LineString","coordinates":[[-67.98993,47.43684],[-67.5908,47.68652],[-67.07754,47.94144]]}},{"type":"Feature","properties":{"fed_id_a":"130051891","fed_id_b":"240051934","kind":"land","length":2},"geometry":{"type":"LineString","coordinates":[[-67.98993,47.43684],[-68.15933,47.84278],[-68.77785,48.00352]]}},{"type":"Feature","properties":{"fed_id_a":"130051891","fed_id_b":"240051938","kind":"land","length":2},"geometry":{"type":"LineString","coordinates":[[-67.98993,47.43684],[-68.15933,47.84278],[-68.36356,48.28859]]}},{"type":"Feature","properties":{"fed_id_a":"130051892","fed_id_b":"130051898","kind":"water","length":2},"geometry":{"type":"LineString","coordinates":[[-67.84803,47.14955],[-67.7072,46.58426],[-67.41381,46.4534]]}},{"type":"Feature","properties":{"fed_id_a":"130051899","fed_id_b":"130051969","kind":"land","length":3},"geometry":{"type":"LineString","coordinates":[[-67.27873,46.04863],[-67.34951,45.64974],[-66.59799,45.43978],[-66.67799,45.15242]]}},{"type":"Feature","properties":{"fed_id_a":"130051899","fed_id_b":"130051971","kind":"land","length":2},"geometry":{"type":"LineString","coordinates":[[-67.27873,46.04863],[-67.34951,45.64974],[-67.16927,45.27201]]}},{"type":"Feature","properties":{"fed_id_a":"130051904","fed_id_b":"130051930","kind":"land","length":3},"geometry":{"type":"LineString","coordinates":[[-67.42725,46.84828],[-66.91554,47.13579],[-66.45096,47.31899],[-66.03514,47.67208]]}},{"type":"Feature","properties":{"fed_id_a":"130051904","fed_id_b":"130051932","kind":"land","length":3},"geometry":{"type":"LineString","coordinates":[[-67.42725,46.84828],[-66.91554,47.13579],[-66.97065,47.57618],[-66.48661,47.78215]]}},{"type":"Feature","properties":{"fed_id_a":"130051969","fed_id_b":"130051972","kind":"land","length":2},"geometry":{"type":"LineString","coordinates":[[-66.67799,45.15242],[-66.59799,45.43978],[-66.03948,45.66546]]}},{"type":"Feature","properties":{"fed_id_a":"130051969","fed_id_b":"130051974","kind":"land","length":2},"geometry":{"type":"LineString","coordinates":[[-66.67799,45.15242],[-66.59799,45.43978],[-66.72954,45.86692]]}},{"type":"Feature","properties":{"fed_id_a":"130052109","fed_id_b":"240052096","kind":"water","length":2},"geometry":{"type":"LineString","coordinates":[[-65.22659,47.73806],[-65.0437,48.21908],[-64.46836,48.45037]]}},{"type":"Feature","properties":{"fed_id_a":"240017206","fed_id_b":"240017235","kind":"land","length":2},"geometry":{"type":"LineString","coordinates":[[-67.82521,49.37193],[-67.45941,49.65386],[-67.03941,49.99435]]}},{"type":"Feature","properties":{"fed_id_a":"240017206","fed_id_b":"240051921","kind":"water","length":2},"geometry":{"type":"LineString","coordinates":[[-67.82521,49.37193],[-67.6463,48.77311],[-67.75054,48.52249]]}},{"type":"Feature","properties":{"fed_id_a":"240017206","fed_id_b":"240051925","kind":"water","length":2},"geometry":{"type":"LineString","coordinates":[[-67.82521,49.37193],[-67.44097,49.37278],[-67.22186,48.77536]]}},{"type":"Feature","properties":{"fed_id_a":"240017206","fed_id_b":"240052104","kind":"water","length":2},"geometry":{"type":"LineString","coordinates":[[-67.82521,49.37193],[-67.44097,49.37278],[-66.62923,48.99012]]}},{"type":"Feature","properties":{"fed_id_a":"240017209","fed_id_b":"240051911","kind":"land","length":4},"geometry":{"type":"LineString","coordinates":[[-68.56627,49.15592],[-69.0868,48.86717],[-69.53155,48.57961],[-70.01097,48.26479],[-70.01702,47.91802]]}},{"type":"Feature","properties":{"fed_id_a":"240017209","fed_id_b":"240051921","kind":"water","length":2},"geometry":{"type":"LineString","coordinates":[[-68.56627,49.15592],[-67.6463,48.77311],[-67.75054,48.52249]]}},{"type":"Feature","properties":{"fed_id_a":"240017209","fed_id_b":"240051933","kind":"water","length":2},"geometry":{"type":"LineString","coordinates":[[-68.56627,49.15592],[-69.0868,48.86717],[-68.68955,48.30888]]}},{"type":"Feature","properties":{"fed_id_a":"240017209","fed_id_b":"240051936","kind":"water","length":3},"geometry":{"type":"LineString","coordinates":[[-68.56627,49.15592],[-69.0868,48.86717],[-69.53155,48.57961],[-69.18069,48.04672]]}},{"type":"Feature","properties":{"fed_id_a":"240017209","fed_id_b":"240052679","kind":"land","length":6},"geometry":{"type":"LineString","coordinates":[[-68.56627,49.15592],[-69.05939,49.25903],[-69.68172,49.41088],[-70.3091,49.55966],[-70.82704,49.28287],[-71.3102,49.05483],[-71.85644,48.76325]]}},{"type":"Feature","properties":{"fed_id_a":"240017209","fed_id_b":"240052710","kind":"land","length":4},"geometry":{"type":"LineString","coordinates":[[-68.56627,49.15592],[-69.05939,49.25903],[-69.58083,48.98853],[-70.09602,48.71603],[-70.71189,48.46586]]}},{"type":"Feature","properties":{"fed_id_a":"240017239","fed_id_b":"240017415","kind":"land","length":6},"geometry":{"type":"LineString","coordinates":[[-66.33369,50.23067],[-66.35766,50.57836],[-66.42812,51.00647],[-66.5001,51.43572],[-66.70424,51.90021],[-66.64878,52.29742],[-66.72559,52.72979]]}},{"type":"Feature","properties":{"fed_id_a":"240017319","fed_id_b":"240052675","kind":"land","length":5},"geometry":{"type":"LineString","coordinates":[[-74.0472,49.91725],[-73.88281,49.53302],[-73.73471,49.12283],[-73.59398,48.70462],[-72.9664,48.57378],[-72.34059,48.44441]]}},{"type":"Feature","properties":{"fed_id_a":"240017319","fed_id_b":"240052679","kind":"land","length":5},"geometry":{"type":"LineString","coordinates":[[-74.0472,49.91725],[-73.37625,49.83326],[-72.7321,49.70062],[-72.115,49.52308],[-71.96045,49.15513],[-71.85644,48.76325]]}},{"type":"Feature","properties":{"fed_id_a":"240017319","fed_id_b":"240052681","kind":"land","length":4},"geometry":{"type":"LineString","coordinates":[[-74.0472,49.91725],[-73.88281,49.53302],[-73.23675,49.41258],[-73.07816,49.03567],[-72.46794,48.86307]]}},{"type":"Feature","properties":{"fed_id_a":"240051893","fed_id_b":"240051905","kind":"land","length":2},"geometry":{"type":"LineString","coordinates":[[-68.69227,47.58013],[-69.3495,47.44892],[-69.72186,47.44367]]}},{"type":"Feature","properties":{"fed_id_a":"240051905","fed_id_b":"240052756","kind":"land","length":2},"geometry":{"type":"LineString","coordinates":[[-69.72186,47.44367],[-69.81764,47.08211],[-70.15645,46.76669]]}},{"type":"Feature","properties":{"fed_id_a":"240051907","fed_id_b":"240052680","kind":"land","length":3},"geometry":{"type":"LineString","coordinates":[[-70.44735,47.61847],[-70.99576,47.74788],[-71.63261,47.83514],[-71.72788,48.29546]]}},{"type":"Feature","properties":{"fed_id_a":"240051907","fed_id_b":"240052683","kind":"land","length":2},"geometry":{"type":"LineString","coordinates":[[-70.44735,47.61847],[-70.88,47.3424],[-71.40393,47.06253]]}},{"type":"Feature","properties":{"fed_id_a":"240051907","fed_id_b":"240052710","kind":"land","length":2},"geometry":{"type":"LineString","coordinates":[[-70.44735,47.61847],[-70.46822,48.01723],[-70.71189,48.46586]]}},{"type":"Feature","properties":{"fed_id_a":"240051907","fed_id_b":"240052713","kind":"land","length":2},"geometry":{"type":"LineString","coordinates":[[-70.44735,47.61847],[-70.99576,47.74788],[-71.10282,48.17424]]}},{"type":"Feature","properties":{"fed_id_a":"240051907","fed_id_b":"240052758","kind":"water","length":2},"geometry":{"type":"LineString","coordinates":[[-70.44735,47.61847],[-70.88,47.3424],[-70.67143,46.84738]]}},{"type":"Feature","properties":{"fed_id_a":"240051911","fed_id_b":"240052710","kind":"land","length":2},"geometry":{"type":"LineString","coordinates":[[-70.01702,47.91802],[-70.01097,48.26479],[-70.71189,48.46586]]}},{"type":"Feature","properties":{"fed_id_a":"240051919","fed_id_b":"240051938","kind":"land","length":2},"geometry":{"type":"LineString","coordinates":[[-67.14599,48.36877],[-67.67612,48.09414],[-68.36356,48.28859]]}},{"type":"Feature","properties":{"fed_id_a":"240051919","fed_id_b":"240052104","kind":"land","length":2},"geometry":{"type":"LineString","coordinates":[[-67.14599,48.36877],[-66.69152,48.64029],[-66.62923,48.99012]]}},{"type":"Feature","properties":{"fed_id_a":"240051924","fed_id_b":"240052104","kind":"land","length":3},"geometry":{"type":"LineString","coordinates":[[-66.4059,48.18118],[-65.98871,48.42527],[-66.08998,48.87823],[-66.62923,48.99012]]}},{"type":"Feature","properties":{"fed_id_a":"240051924","fed_id_b":"240052108","kind":"land","length":2},"geometry":{"type":"LineString","coordinates":[[-66.4059,48.18118],[-65.98871,48.42527],[-65.46351,48.29946]]}},{"type":"Feature","properties":{"fed_id_a":"240052088","fed_id_b":"240052104","kind":"land","length":4},"geometry":{"type":"LineString","coordinates":[[-64.49989,48.79415],[-64.95931,48.95284],[-65.57855,49.09422],[-66.01407,49.13468],[-66.62923,48.99012]]}},{"type":"Feature","properties":{"fed_id_a":"240052088","fed_id_b":"240052108","kind":"land","length":2},"geometry":{"type":"LineString","coordinates":[[-64.49989,48.79415],[-64.90236,48.53726],[-65.46351,48.29946]]}},{"type":"Feature","properties":{"fed_id_a":"240052096","fed_id_b":"240052108","kind":"land","length":2},"geometry":{"type":"LineString","coordinates":[[-64.46836,48.45037],[-65.0437,48.21908],[-65.46351,48.29946]]}},{"type":"Feature","properties":{"fed_id_a":"240052104","fed_id_b":"240052108","kind":"land","length":3},"geometry":{"type":"LineString","coordinates":[[-66.62923,48.99012],[-66.08998,48.87823],[-65.54199,48.64042],[-65.46351,48.29946]]}},{"type":"Feature","properties":{"fed_id_a":"240052479","fed_id_b":"240052488","kind":"land","length":2},"geometry":{"type":"LineString","coordinates":[[-75.51932,46.40228],[-75.49053,46.05788],[-75.37069,45.58833]]}},{"type":"Feature","properties":{"fed_id_a":"240052479","fed_id_b":"240052492","kind":"land","length":2},"geometry":{"type":"LineString","coordinates":[[-75.51932,46.40228],[-75.49053,46.05788],[-74.91387,45.89552]]}},{"type":"Feature","properties":{"fed_id_a":"240052479","fed_id_b":"240052494","kind":"land","length":4},"geometry":{"type":"LineString","coordinates":[[-75.51932,46.40228],[-76.25594,46.55656],[-76.87311,46.64668],[-77.31017,46.36516],[-77.15117,45.94505]]}},{"type":"Feature","properties":{"fed_id_a":"240052479","fed_id_b":"240052504","kind":"land","length":2},"geometry":{"type":"LineString","coordinates":[[-75.51932,46.40228],[-75.49053,46.05788],[-75.94697,45.74349]]}},{"type":"Feature","properties":{"fed_id_a":"240052479","fed_id_b":"240052794","kind":"land","length":6},"geometry":{"type":"LineString","coordinates":[[-75.51932,46.40228],[-76.25594,46.55656],[-76.43131,46.92504],[-76.58551,47.35301],[-77.22225,47.42302],[-77.43913,47.88963],[-77.56538,48.25079]]}},{"type":"Feature","properties":{"fed_id_a":"240052479","fed_id_b":"240052797","kind":"land","length":6},"geometry":{"type":"LineString","coordinates":[[-75.51932,46.40228],[-76.25594,46.55656],[-76.87311,46.64668],[-77.17369,47.07405],[-77.67455,47.11304],[-77.8434,47.53551],[-78.01199,47.96852]]}},{"type":"Feature","properties":{"fed_id_a":"240052482","fed_id_b":"240052494","kind":"land","length":2},"geometry":{"type":"LineString","coordinates":[[-76.10932,46.12714],[-76.70007,46.26757],[-77.15117,45.94505]]}},{"type":"Feature","properties":{"fed_id_a":"240052483","fed_id_b":"240052514","kind":"land","length":2},"geometry":{"type":"LineString","coordinates":[[-75.18789,46.74989],[-74.53929,46.58841],[-73.98985,46.48865]]}},{"type":"Feature","properties":{"fed_id_a":"240052483","fed_id_b":"240052517","kind":"land","length":2},"geometry":{"type":"LineString","coordinates":[[-75.18789,46.74989],[-74.53929,46.58841],[-74.45142,46.20026]]}},{"type":"Feature","properties":{"fed_id_a":"240052483","fed_id_b":"240052701","kind":"land","length":5},"geometry":{"type":"LineString","coordinates":[[-75.18789,46.74989],[-74.74174,47.00633],[-74.26734,47.31073],[-73.78955,47.60733],[-73.18797,47.45704],[-72.70817,47.35153]]}},{"type":"Feature","properties":{"fed_id_a":"240052483","fed_id_b":"240052794","kind":"land","length":6},"geometry":{"type":"LineString","coordinates":[[-75.18789,46.74989],[-75.35086,47.12972],[-75.52124,47.50023],[-75.75332,47.93022],[-76.28811,48.06332],[-76.90794,48.20124],[-77.56538,48.25079]]}},{"type":"Feature","properties":{"fed_id_a":"240052494","fed_id_b":"240052797","kind":"land","length":5},"geometry":{"type":"LineString","coordinates":[[-77.15117,45.94505],[-77.31017,46.36516],[-77.48494,46.7538],[-77.67455,47.11304],[-77.8434,47.53551],[-78.01199,47.96852]]}},{"type":"Feature","properties":{"fed_id_a":"240052514","fed_id_b":"240052701","kind":"land","length":3},"geometry":{"type":"LineString","coordinates":[[-73.98985,46.48865],[-73.53175,46.75636],[-73.05511,47.04905],[-72.70817,47.35153]]}},{"type":"Feature","properties":{"fed_id_a":"240052514","fed_id_b":"240052768","kind":"land","length":2},"geometry":{"type":"LineString","coordinates":[[-73.98985,46.48865],[-73.53175,46.75636],[-72.94809,46.59538]]}},{"type":"Feature","properties":{"fed_id_a":"240052562","fed_id_b":"240052739","kind":"land","length":2},"geometry":{"type":"LineString","coordinates":[[-74.16432,45.09839],[-73.46365,45.02342],[-72.85289,45.13001]]}},{"type":"Feature","properties":{"fed_id_a":"240052605","fed_id_b":"240052790","kind":"land","length":2},"geometry":{"type":"LineString","coordinates":[[-79.28862,48.14923],[-78.84321,48.45201],[-79.02021,48.90156]]}},{"type":"Feature","properties":{"fed_id_a":"240052605","fed_id_b":"240052796","kind":"land","length":2},"geometry":{"type":"LineString","coordinates":[[-79.28862,48.14923],[-78.84321,48.45201],[-78.05153,48.34622]]}},{"type":"Feature","properties":{"fed_id_a":"240052605","fed_id_b":"240052797","kind":"land","length":2},"geometry":{"type":"LineString","coordinates":[[-79.28862,48.14923],[-78.64205,48.07965],[-78.01199,47.96852]]}},{"type":"Feature","properties":{"fed_id_a":"240052605","fed_id_b":"350052581","kind":"land","length":2},"geometry":{"type":"LineString","coordinates":[[-79.28862,48.14923],[-79.03493,47.7764],[-79.48739,47.45208]]}},{"type":"Feature","properties":{"fed_id_a":"240052675","fed_id_b":"240052701","kind":"land","length":3},"geometry":{"type":"LineString","coordinates":[[-72.34059,48.44441],[-72.31359,48.04422],[-71.98229,47.55371],[-72.70817,47.35153]]}},{"type":"Feature","properties":{"fed_id_a":"240052679","fed_id_b":"240052710","kind":"land","length":3},"geometry":{"type":"LineString","coordinates":[[-71.85644,48.76325],[-71.3102,49.05483],[-70.7149,48.86162],[-70.71189,48.46586]]}},{"type":"Feature","properties":{"fed_id_a":"240052680","fed_id_b":"240052683","kind":"land","length":3},"geometry":{"type":"LineString","coordinates":[[-71.72788,48.29546],[-71.63261,47.83514],[-71.4767,47.49257],[-71.40393,47.06253]]}},{"type":"Feature","properties":{"fed_id_a":"240052680","fed_id_b":"240052701","kind":"land","length":3},"geometry":{"type":"LineString","coordinates":[[-71.72788,48.29546],[-71.63261,47.83514],[-71.98229,47.55371],[-72.70817,47.35153]]}},{"type":"Feature","properties":{"fed_id_a":"240052683","fed_id_b":"240052701","kind":"land","length":2},"geometry":{"type":"LineString","coordinates":[[-71.40393,47.06253],[-71.9757,47.19112],[-72.70817,47.35153]]}},{"type":"Feature","properties":{"fed_id_a":"240052683","fed_id_b":"240052772","kind":"land","length":2},"geometry":{"type":"LineString","coordinates":[[-71.40393,47.06253],[-71.9757,47.19112],[-72.47479,46.91746]]}},{"type":"Feature","properties":{"fed_id_a":"240052701","fed_id_b":"240052768","kind":"land","length":2},"geometry":{"type":"LineString","coordinates":[[-72.70817,47.35153],[-73.05511,47.04905],[-72.94809,46.59538]]}},{"type":"Feature","properties":{"fed_id_a":"240052739","fed_id_b":"240052742","kind":"land","length":3},"geometry":{"type":"LineString","coordinates":[[-72.85289,45.13001],[-73.02444,45.39973],[-72.91618,45.53813],[-72.69264,45.8139]]}},{"type":"Feature","properties":{"fed_id_a":"240052739","fed_id_b":"241369166","kind":"land","length":2},"geometry":{"type":"LineString","coordinates":[[-72.85289,45.13001],[-73.02444,45.39973],[-73.14336,45.53323]]}},{"type":"Feature","properties":{"fed_id_a":"240052742","fed_id_b":"241369166","kind":"land","length":2},"geometry":{"type":"LineString","coordinates":[[-72.69264,45.8139],[-72.91618,45.53813],[-73.14336,45.53323]]}},{"type":"Feature","properties":{"fed_id_a":"240052752","fed_id_b":"241369278","kind":"land","length":2},"geometry":{"type":"LineString","coordinates":[[-70.69348,46.50798],[-71.13092,46.5026],[-71.26257,46.64277]]}},{"type":"Feature","properties":{"fed_id_a":"240052752","fed_id_b":"241369282","kind":"land","length":2},"geometry":{"type":"LineString","coordinates":[[-70.69348,46.50798],[-71.02443,46.64858],[-71.11001,46.76676]]}},{"type":"Feature","properties":{"fed_id_a":"240052755","fed_id_b":"240052770","kind":"land","length":3},"geometry":{"type":"LineString","coordinates":[[-71.22152,46.24615],[-71.38383,46.51357],[-71.49557,46.63637],[-71.85302,46.78684]]}},{"type":"Feature","properties":{"fed_id_a":"240052755","fed_id_b":"241369278","kind":"land","length":2},"geometry":{"type":"LineString","coordinates":[[-71.22152,46.24615],[-71.38383,46.51357],[-71.26257,46.64277]]}},{"type":"Feature","properties":{"fed_id_a":"240052770","fed_id_b":"240052771","kind":"land","length":2},"geometry":{"type":"LineString","coordinates":[[-71.85302,46.78684],[-71.49557,46.63637],[-71.61033,46.33404]]}},{"type":"Feature","properties":{"fed_id_a":"240052770","fed_id_b":"241369278","kind":"land","length":2},"geometry":{"type":"LineString","coordinates":[[-71.85302,46.78684],[-71.49557,46.63637],[-71.26257,46.64277]]}},{"type":"Feature","properties":{"fed_id_a":"240052790","fed_id_b":"240052794","kind":"land","length":3},"geometry":{"type":"LineString","coordinates":[[-79.02021,48.90156],[-78.4504,48.81358],[-77.65633,48.68284],[-77.56538,48.25079]]}},{"type":"Feature","properties":{"fed_id_a":"240052790","fed_id_b":"240052796","kind":"land","length":2},"geometry":{"type":"LineString","coordinates":[[-79.02021,48.90156],[-78.4504,48.81358],[-78.05153,48.34622]]}},{"type":"Feature","properties":{"fed_id_a":"240052790","fed_id_b":"350017894","kind":"land","length":3},"geometry":{"type":"LineString","coordinates":[[-79.02021,48.90156],[-79.76248,48.97163],[-80.32282,49.08925],[-80.96176,49.22902]]}},{"type":"Feature","properties":{"fed_id_a":"240052790","fed_id_b":"350052607","kind":"land","length":3},"geometry":{"type":"LineString","coordinates":[[-79.02021,48.90156],[-79.76248,48.97163],[-80.11505,48.69044],[-79.91436,48.28269]]}},{"type":"Feature","properties":{"fed_id_a":"240052797","fed_id_b":"350052496","kind":"land","length":5},"geometry":{"type":"LineString","coordinates":[[-78.01199,47.96852],[-77.8434,47.53551],[-78.27712,47.264],[-78.09971,46.85773],[-77.91386,46.4837],[-77.73935,46.08885]]}},{"type":"Feature","properties":{"fed_id_a":"240052797","fed_id_b":"350052581","kind":"land","length":3},"geometry":{"type":"LineString","coordinates":[[-78.01199,47.96852],[-78.45811,47.67065],[-78.85069,47.35877],[-79.48739,47.45208]]}},{"type":"Feature","properties":{"fed_id_a":"350017894","fed_id_b":"350017912","kind":"land","length":2},"geometry":{"type":"LineString","coordinates":[[-80.96176,49.22902],[-81.62621,49.29332],[-82.27644,49.34638]]}},{"type":"Feature","properties":{"fed_id_a":"350017894","fed_id_b":"350052607","kind":"land","length":3},"geometry":{"type":"LineString","coordinates":[[-80.96176,49.22902],[-80.32282,49.08925],[-80.11505,48.69044],[-79.91436,48.28269]]}},{"type":"Feature","properties":{"fed_id_a":"350017894","fed_id_b":"350052625","kind":"land","length":2},"geometry":{"type":"LineString","coordinates":[[-80.96176,49.22902],[-80.76641,48.77144],[-81.20326,48.45279]]}},{"type":"Feature","properties":{"fed_id_a":"350017912","fed_id_b":"350047634","kind":"land","length":12},"geometry":{"type":"LineString","coordinates":[[-82.27644,49.34638],[-82.96916,49.37494],[-83.61912,49.49978],[-84.28427,49.57051],[-84.95099,49.63739],[-85.61909,49.7004],[-86.25163,49.75733],[-86.68898,49.41957],[-87.35389,49.47256],[-87.91839,49.51312],[-88.40174,49.18198],[-88.79578,48.83286],[-89.23515,48.50458]]}},{"type":"Feature","properties":{"fed_id_a":"350017912","fed_id_b":"350052625","kind":"land","length":3},"geometry":{"type":"LineString","coordinates":[[-82.27644,49.34638],[-82.0698,48.94168],[-81.7415,48.51852],[-81.20326,48.45279]]}},{"type":"Feature","properties":{"fed_id_a":"350047001","fed_id_b":"350047046","kind":"land","length":3},"geometry":{"type":"LineString","coordinates":[[-94.80067,49.8518],[-94.3962,49.35269],[-93.84312,49.06087],[-93.63105,48.72224]]}},{"type":"Feature","properties":{"fed_id_a":"350047001","fed_id_b":"350047072","kind":"land","length":3},"geometry":{"type":"LineString","coordinates":[[-94.80067,49.8518],[-94.01354,49.79605],[-93.34927,49.78386],[-92.68491,49.74052]]}},{"type":"Feature","properties":{"fed_id_a":"350047001","fed_id_b":"460047009","kind":"land","length":5},"geometry":{"type":"LineString","coordinates":[[-94.80067,49.8518],[-95.01677,50.17059],[-95.3637,50.56914],[-95.71467,50.91074],[-96.21409,50.90866],[-97.18862,50.90041]]}},{"type":"Feature","properties":{"fed_id_a":"350047001","fed_id_b":"460047010","kind":"land","length":4},"geometry":{"type":"LineString","coordinates":[[-94.80067,49.8518],[-95.01677,50.17059],[-95.3637,50.56914],[-96.03284,50.49821],[-96.48786,50.5162]]}},{"type":"Feature","properties":{"fed_id_a":"350047001","fed_id_b":"460047014","kind":"land","length":3},"geometry":{"type":"LineString","coordinates":[[-94.80067,49.8518],[-95.338,49.79322],[-95.99886,49.80961],[-96.64867,49.81155]]}},{"type":"Feature","properties":{"fed_id_a":"350047001","fed_id_b":"460047015","kind":"land","length":3},"geometry":{"type":"LineString","coordinates":[[-94.80067,49.8518],[-95.338,49.79322],[-95.65591,49.48831],[-96.18047,49.47449]]}},{"type":"Feature","properties":{"fed_id_a":"350047001","fed_id_b":"460047018","kind":"land","length":3},"geometry":{"type":"LineString","coordinates":[[-94.80067,49.8518],[-95.01677,50.17059],[-95.58758,50.18172],[-96.34934,50.17479]]}},{"type":"Feature","properties":{"fed_id_a":"350047046","fed_id_b":"350047072","kind":"land","length":3},"geometry":{"type":"LineString","coordinates":[[-93.63105,48.72224],[-93.36073,49.04056],[-93.02563,49.39946],[-92.68491,49.74052]]}},{"type":"Feature","properties":{"fed_id_a":"350047046","fed_id_b":"350047630","kind":"land","length":7},"geometry":{"type":"LineString","coordinates":[[-93.63105,48.72224],[-92.91164,48.74971],[-92.3937,48.66652],[-91.74578,48.62299],[-91.44081,48.28868],[-90.63684,48.27487],[-90.15344,48.20919],[-89.57016,48.19146]]}},{"type":"Feature","properties":{"fed_id_a":"350047556","fed_id_b":"350047607","kind":"land","length":4},"geometry":{"type":"LineString","coordinates":[[-84.24063,46.63697],[-83.68821,46.5298],[-83.42981,46.3207],[-82.82633,46.22547],[-82.34243,45.89136]]}},{"type":"Feature","properties":{"fed_id_a":"350047556","fed_id_b":"350047613","kind":"land","length":3},"geometry":{"type":"LineString","coordinates":[[-84.24063,46.63697],[-83.68821,46.5298],[-83.103,46.4435],[-82.44881,46.38938]]}},{"type":"Feature","properties":{"fed_id_a":"350047607","fed_id_b":"350047615","kind":"water","length":4},"geometry":{"type":"LineString","coordinates":[[-82.34243,45.89136],[-82.13532,45.69935],[-81.5514,45.18484],[-81.39134,45.07348],[-81.09519,44.72388]]}},{"type":"Feature","properties":{"fed_id_a":"350047607","fed_id_b":"350052600","kind":"land","length":2},"geometry":{"type":"LineString","coordinates":[[-82.34243,45.89136],[-81.43612,46.01665],[-81.11123,46.2065]]}},{"type":"Feature","properties":{"fed_id_a":"350047611","fed_id_b":"350052625","kind":"land","length":6},"geometry":{"type":"LineString","coordinates":[[-81.82575,46.33453],[-82.04518,46.69481],[-82.25786,47.09329],[-82.47443,47.49261],[-82.05717,47.81329],[-81.63962,48.11248],[-81.20326,48.45279]]}},{"type":"Feature","properties":{"fed_id_a":"350047615","fed_id_b":"350052670","kind":"water","length":2},"geometry":{"type":"LineString","coordinates":[[-81.09519,44.72388],[-80.96208,44.954],[-80.16468,45.28949]]}},{"type":"Feature","properties":{"fed_id_a":"350047615","fed_id_b":"350052671","kind":"water","length":2},"geometry":{"type":"LineString","coordinates":[[-81.09519,44.72388],[-80.96208,44.954],[-79.8326,44.96842]]}},{"type":"Feature","properties":{"fed_id_a":"350051405","fed_id_b":"351360024","kind":"land","length":2},"geometry":{"type":"LineString","coordinates":[[-81.01845,42.72912],[-81.33014,42.79696],[-81.24788,42.9385]]}},{"type":"Feature","properties":{"fed_id_a":"350051407","fed_id_b":"351360024","kind":"land","length":2},"geometry":{"type":"LineString","coordinates":[[-81.61158,42.6438],[-81.46358,42.9106],[-81.24788,42.9385]]}},{"type":"Feature","properties":{"fed_id_a":"350051407","fed_id_b":"351360030","kind":"land","length":2},"geometry":{"type":"LineString","coordinates":[[-81.61158,42.6438],[-81.46358,42.9106],[-81.38318,43.06052]]}},{"type":"Feature","properties":{"fed_id_a":"350051419","fed_id_b":"350051443","kind":"water","length":2},"geometry":{"type":"LineString","coordinates":[[-82.34824,42.38594],[-82.46512,42.83373],[-82.31594,42.99761]]}},{"type":"Feature","properties":{"fed_id_a":"350051421","fed_id_b":"350051443","kind":"water","length":2},"geometry":{"type":"LineString","coordinates":[[-83.02081,42.31307],[-82.46512,42.83373],[-82.31594,42.99761]]}},{"type":"Feature","properties":{"fed_id_a":"350051429","fed_id_b":"351360024","kind":"land","length":2},"geometry":{"type":"LineString","coordinates":[[-80.86369,43.23751],[-81.03028,42.95776],[-81.24788,42.9385]]}},{"type":"Feature","properties":{"fed_id_a":"350051429","fed_id_b":"351360025","kind":"land","length":2},"geometry":{"type":"LineString","coordinates":[[-80.86369,43.23751],[-81.03028,42.95776],[-81.10588,42.81214]]}},{"type":"Feature","properties":{"fed_id_a":"350051429","fed_id_b":"351360031","kind":"land","length":2},"geometry":{"type":"LineString","coordinates":[[-80.86369,43.23751],[-80.69303,43.52456],[-80.47384,43.55141]]}},{"type":"Feature","properties":{"fed_id_a":"350051434","fed_id_b":"350052641","kind":"land","length":3},"geometry":{"type":"LineString","coordinates":[[-80.23801,43.1429],[-80.15485,43.43665],[-80.03019,43.57843],[-79.94766,43.81359]]}},{"type":"Feature","properties":{"fed_id_a":"350051434","fed_id_b":"351360036","kind":"land","length":2},"geometry":{"type":"LineString","coordinates":[[-80.23801,43.1429],[-80.15485,43.43665],[-80.24962,43.5512]]}},{"type":"Feature","properties":{"fed_id_a":"350051434","fed_id_b":"351368543","kind":"land","length":2},"geometry":{"type":"LineString","coordinates":[[-80.23801,43.1429],[-80.15485,43.43665],[-79.89688,43.45418]]}},{"type":"Feature","properties":{"fed_id_a":"350051434","fed_id_b":"351368554","kind":"land","length":3},"geometry":{"type":"LineString","coordinates":[[-80.23801,43.1429],[-79.92551,43.04607],[-79.72128,43.0713],[-79.58693,43.17144]]}},{"type":"Feature","properties":{"fed_id_a":"350051435","fed_id_b":"351360031","kind":"land","length":2},"geometry":{"type":"LineString","coordinates":[[-81.04959,43.62921],[-80.65212,43.68012],[-80.47384,43.55141]]}},{"type":"Feature","properties":{"fed_id_a":"350051435","fed_id_b":"351360035","kind":"land","length":2},"geometry":{"type":"LineString","coordinates":[[-81.04959,43.62921],[-80.65212,43.68012],[-80.38591,43.68492]]}},{"type":"Feature","properties":{"fed_id_a":"350051442","fed_id_b":"350052648","kind":"land","length":3},"geometry":{"type":"LineString","coordinates":[[-80.2622,42.83381],[-79.8075,42.92421],[-79.53676,42.86662],[-79.29457,43.04095]]}},{"type":"Feature","properties":{"fed_id_a":"350051442","fed_id_b":"351368554","kind":"land","length":3},"geometry":{"type":"LineString","coordinates":[[-80.2622,42.83381],[-79.8075,42.92421],[-79.72128,43.0713],[-79.58693,43.17144]]}},{"type":"Feature","properties":{"fed_id_a":"350052496","fed_id_b":"350052581","kind":"land","length":5},"geometry":{"type":"LineString","coordinates":[[-77.73935,46.08885],[-77.91386,46.4837],[-78.09971,46.85773],[-78.73539,46.90791],[-79.33858,47.05284],[-79.48739,47.45208]]}},{"type":"Feature","properties":{"fed_id_a":"350052496","fed_id_b":"350052584","kind":"land","length":2},"geometry":{"type":"LineString","coordinates":[[-77.73935,46.08885],[-78.34472,46.19286],[-79.14366,46.27308]]}},{"type":"Feature","properties":{"fed_id_a":"350052496","fed_id_b":"350052655","kind":"land","length":3},"geometry":{"type":"LineString","coordinates":[[-77.73935,46.08885],[-78.18638,45.74823],[-77.96607,45.33282],[-77.84838,44.94662]]}},{"type":"Feature","properties":{"fed_id_a":"350052496","fed_id_b":"350052657","kind":"land","length":3},"geometry":{"type":"LineString","coordinates":[[-77.73935,46.08885],[-78.18638,45.74823],[-78.60432,45.42226],[-78.43908,45.04786]]}},{"type":"Feature","properties":{"fed_id_a":"350052500","fed_id_b":"350052655","kind":"land","length":3},"geometry":{"type":"LineString","coordinates":[[-76.51231,45.45419],[-76.84316,45.10614],[-77.2911,44.84452],[-77.84838,44.94662]]}},{"type":"Feature","properties":{"fed_id_a":"350052500","fed_id_b":"350052665","kind":"land","length":2},"geometry":{"type":"LineString","coordinates":[[-76.51231,45.45419],[-76.84316,45.10614],[-76.67416,44.73753]]}},{"type":"Feature","properties":{"fed_id_a":"350052502","fed_id_b":"350052655","kind":"land","length":2},"geometry":{"type":"LineString","coordinates":[[-76.98868,45.5428],[-77.43602,45.2067],[-77.84838,44.94662]]}},{"type":"Feature","properties":{"fed_id_a":"350052581","fed_id_b":"350052584","kind":"land","length":3},"geometry":{"type":"LineString","coordinates":[[-79.48739,47.45208],[-79.33858,47.05284],[-79.15126,46.65204],[-79.14366,46.27308]]}},{"type":"Feature","properties":{"fed_id_a":"350052581","fed_id_b":"350052586","kind":"land","length":3},"geometry":{"type":"LineString","coordinates":[[-79.48739,47.45208],[-79.96543,47.13457],[-79.76117,46.76746],[-79.44615,46.32673]]}},{"type":"Feature","properties":{"fed_id_a":"350052581","fed_id_b":"350052592","kind":"land","length":4},"geometry":{"type":"LineString","coordinates":[[-79.48739,47.45208],[-79.96543,47.13457],[-80.58558,47.24076],[-81.00765,46.93004],[-81.42549,46.61228]]}},{"type":"Feature","properties":{"fed_id_a":"350052581","fed_id_b":"350052602","kind":"land","length":3},"geometry":{"type":"LineString","coordinates":[[-79.48739,47.45208],[-79.96543,47.13457],[-80.38717,46.83853],[-80.17683,46.48555]]}},{"type":"Feature","properties":{"fed_id_a":"350052581","fed_id_b":"350052607","kind":"land","length":3},"geometry":{"type":"LineString","coordinates":[[-79.48739,47.45208],[-80.16514,47.52686],[-80.36818,47.92089],[-79.91436,48.28269]]}},{"type":"Feature","properties":{"fed_id_a":"350052581","fed_id_b":"350052625","kind":"land","length":4},"geometry":{"type":"LineString","coordinates":[[-79.48739,47.45208],[-80.16514,47.52686],[-80.77171,47.64842],[-81.00368,48.01509],[-81.20326,48.45279]]}},{"type":"Feature","properties":{"fed_id_a":"350052584","fed_id_b":"350052657","kind":"land","length":3},"geometry":{"type":"LineString","coordinates":[[-79.14366,46.27308],[-78.78876,45.84763],[-78.60432,45.42226],[-78.43908,45.04786]]}},{"type":"Feature","properties":{"fed_id_a":"350052584","fed_id_b":"350052672","kind":"land","length":2},"geometry":{"type":"LineString","coordinates":[[-79.14366,46.27308],[-78.78876,45.84763],[-79.20653,45.55871]]}},{"type":"Feature","properties":{"fed_id_a":"350052586","fed_id_b":"350052600","kind":"land","length":3},"geometry":{"type":"LineString","coordinates":[[-79.44615,46.32673],[-80.01633,45.98973],[-80.59782,46.16833],[-81.11123,46.2065]]}},{"type":"Feature","properties":{"fed_id_a":"350052586","fed_id_b":"350052670","kind":"land","length":3},"geometry":{"type":"LineString","coordinates":[[-79.44615,46.32673],[-80.01633,45.98973],[-80.34474,45.73668],[-80.16468,45.28949]]}},{"type":"Feature","properties":{"fed_id_a":"350052586","fed_id_b":"350052674","kind":"land","length":2},"geometry":{"type":"LineString","coordinates":[[-79.44615,46.32673],[-80.01633,45.98973],[-79.80584,45.66006]]}},{"type":"Feature","properties":{"fed_id_a":"350052592","fed_id_b":"350052602","kind":"land","length":3},"geometry":{"type":"LineString","coordinates":[[-81.42549,46.61228],[-81.00765,46.93004],[-80.38717,46.83853],[-80.17683,46.48555]]}},{"type":"Feature","properties":{"fed_id_a":"350052592","fed_id_b":"350052625","kind":"land","length":5},"geometry":{"type":"LineString","coordinates":[[-81.42549,46.61228],[-81.63223,47.01175],[-81.21309,47.32814],[-81.4309,47.69823],[-81.00368,48.01509],[-81.20326,48.45279]]}},{"type":"Feature","properties":{"fed_id_a":"350052600","fed_id_b":"350052602","kind":"land","length":2},"geometry":{"type":"LineString","coordinates":[[-81.11123,46.2065],[-80.59782,46.16833],[-80.17683,46.48555]]}},{"type":"Feature","properties":{"fed_id_a":"350052600","fed_id_b":"350052670","kind":"land","length":3},"geometry":{"type":"LineString","coordinates":[[-81.11123,46.2065],[-80.59782,46.16833],[-80.34474,45.73668],[-80.16468,45.28949]]}},{"type":"Feature","properties":{"fed_id_a":"350052607","fed_id_b":"350052625","kind":"land","length":2},"geometry":{"type":"LineString","coordinates":[[-79.91436,48.28269],[-80.57509,48.31529],[-81.20326,48.45279]]}},{"type":"Feature","properties":{"fed_id_a":"350052626","fed_id_b":"351368404","kind":"land","length":2},"geometry":{"type":"LineString","coordinates":[[-78.66652,44.402],[-78.86961,44.06825],[-78.96071,43.92138]]}},{"type":"Feature","properties":{"fed_id_a":"350052628","fed_id_b":"351368404","kind":"land","length":3},"geometry":{"type":"LineString","coordinates":[[-79.26903,44.44687],[-79.22664,44.17889],[-79.13675,44.06291],[-78.96071,43.92138]]}},{"type":"Feature","properties":{"fed_id_a":"350052628","fed_id_b":"351368405","kind":"land","length":2},"geometry":{"type":"LineString","coordinates":[[-79.26903,44.44687],[-79.22664,44.17889],[-79.31644,44.02934]]}},{"type":"Feature","properties":{"fed_id_a":"350052639","fed_id_b":"350052662","kind":"water","length":2},"geometry":{"type":"LineString","coordinates":[[-78.01191,44.01764],[-77.41863,43.94494],[-77.05601,44.01428]]}},{"type":"Feature","properties":{"fed_id_a":"350052641","fed_id_b":"351368543","kind":"land","length":2},"geometry":{"type":"LineString","coordinates":[[-79.94766,43.81359],[-80.03019,43.57843],[-79.89688,43.45418]]}},{"type":"Feature","properties":{"fed_id_a":"350052648","fed_id_b":"351368554","kind":"land","length":3},"geometry":{"type":"LineString","coordinates":[[-79.29457,43.04095],[-79.59439,42.95067],[-79.72128,43.0713],[-79.58693,43.17144]]}},{"type":"Feature","properties":{"fed_id_a":"350052655","fed_id_b":"350052658","kind":"land","length":2},"geometry":{"type":"LineString","coordinates":[[-77.84838,44.94662],[-77.96607,45.33282],[-77.53885,45.64519]]}},{"type":"Feature","properties":{"fed_id_a":"350052655","fed_id_b":"350052661","kind":"land","length":2},"geometry":{"type":"LineString","coordinates":[[-77.84838,44.94662],[-77.2911,44.84452],[-77.23015,44.46172]]}},{"type":"Feature","properties":{"fed_id_a":"350052655","fed_id_b":"350052665","kind":"land","length":2},"geometry":{"type":"LineString","coordinates":[[-77.84838,44.94662],[-77.2911,44.84452],[-76.67416,44.73753]]}},{"type":"Feature","properties":{"fed_id_a":"350052657","fed_id_b":"350052672","kind":"land","length":2},"geometry":{"type":"LineString","coordinates":[[-78.43908,45.04786],[-78.60432,45.42226],[-79.20653,45.55871]]}},{"type":"Feature","properties":{"fed_id_a":"351368404","fed_id_b":"351368405","kind":"land","length":2},"geometry":{"type":"LineString","coordinates":[[-78.96071,43.92138],[-79.13675,44.06291],[-79.31644,44.02934]]}},{"type":"Feature","properties":{"fed_id_a":"460017654","fed_id_b":"460022041","kind":"land","length":7},"geometry":{"type":"LineString","coordinates":[[-98.03146,55.72964],[-98.62262,55.70602],[-99.38302,55.69383],[-99.70274,55.30604],[-100.00987,54.88469],[-100.32005,54.52524],[-100.62018,54.14479],[-100.90464,53.71377]]}},{"type":"Feature","properties":{"fed_id_a":"460017654","fed_id_b":"460047232","kind":"land","length":6},"geometry":{"type":"LineString","coordinates":[[-98.03146,55.72964],[-97.4448,55.37089],[-97.03495,55.00165],[-96.28324,55.01107],[-95.88737,54.63762],[-95.49884,54.26303],[-95.19604,53.88323]]}},{"type":"Feature","properties":{"fed_id_a":"460017654","fed_id_b":"620018255","kind":"water","length":61},"geometry":{"type":"LineString","coordinates":[[-98.03146,55.72964],[-97.51672,56.12375],[-97.16318,56.50874],[-96.80149,56.89366],[-96.43141,57.2784],[-96.05267,57.6629],[-95.66499,58.04705],[-95.2681,58.43076],[-94.90046,58.81291],[-95.29722,59.19329],[-95.05671,59.57315],[-94.83585,60.06388],[-95.00445,60.33975],[-94.67689,60.74172],[-94.29168,61.13392],[-93.95305,61.51927],[-93.45561,61.95501],[-92.92123,62.24524],[-93.11095,62.63796],[-93.53963,63.02285],[-93.15683,63.40321],[-93.52835,63.73708],[-93.01874,64.17322],[-92.49585,64.54896],[-91.95793,64.92678],[-91.40458,65.30269],[-90.83521,65.67652],[-90.24373,66.08701],[-89.64611,66.41743],[-89.02512,66.7842],[-88.38566,67.1483],[-87.27251,67.05631],[-86.24605,67.45288],[-85.81501,67.81883],[-85.17321,68.17193],[-84.43651,68.51881],[-83.67773,68.86199],[-82.90723,69.17853],[-82.44725,69.38873],[-81.16856,69.88661],[-80.40701,70.19385],[-79.82806,70.5351],[-78.23126,70.4332],[-76.97824,70.31027],[-75.72286,70.19422],[-75.41441,69.77233],[-74.19801,69.64525],[-73.80586,69.2073],[-73.65211,68.80385],[-72.50699,68.65335],[-72.27552,68.22328],[-72.02438,67.82197],[-70.95433,67.64173],[-70.75893,67.20798],[-70.25855,66.84456],[-69.3481,66.61699],[-69.18038,66.14515],[-69.20316,65.73887],[-69.04965,65.30071],[-68.90102,64.86192],[-68.75702,64.42256],[-68.61744,63.9827]]}},{"type":"Feature","properties":{"fed_id_a":"460022009","fed_id_b":"460022041","kind":"land","length":4},"geometry":{"type":"LineString","coordinates":[[-101.34288,52.27083],[-101.75368,52.60391],[-101.40071,52.95626],[-101.18997,53.32428],[-100.90464,53.71377]]}},{"type":"Feature","properties":{"fed_id_a":"460022009","fed_id_b":"460047093","kind":"land","length":3},"geometry":{"type":"LineString","coordinates":[[-101.34288,52.27083],[-100.92961,51.88665],[-100.57168,51.57019],[-100.14321,51.23517]]}},{"type":"Feature","properties":{"fed_id_a":"460022009","fed_id_b":"470022003","kind":"land","length":5},"geometry":{"type":"LineString","coordinates":[[-101.34288,52.27083],[-101.75368,52.60391],[-102.44041,52.56598],[-102.85374,52.85969],[-103.29317,53.23699],[-103.86998,53.21646]]}},{"type":"Feature","properties":{"fed_id_a":"460022009","fed_id_b":"470047133","kind":"land","length":3},"geometry":{"type":"LineString","coordinates":[[-101.34288,52.27083],[-102.01805,52.19977],[-102.27696,51.798],[-102.55035,51.49076]]}},{"type":"Feature","properties":{"fed_id_a":"460022009","fed_id_b":"470047134","kind":"land","length":4},"geometry":{"type":"LineString","coordinates":[[-101.34288,52.27083],[-100.92961,51.88665],[-101.20516,51.52245],[-101.42501,51.1522],[-102.14116,51.13925]]}},{"type":"Feature","properties":{"fed_id_a":"460022041","fed_id_b":"460047232","kind":"water","length":8},"geometry":{"type":"LineString","coordinates":[[-100.90464,53.71377],[-100.20107,53.80796],[-99.4802,53.81656],[-98.76854,53.9128],[-97.80646,53.88163],[-97.30941,53.87161],[-96.58082,53.88129],[-95.85011,53.88656],[-95.19604,53.88323]]}},{"type":"Feature","properties":{"fed_id_a":"460022041","fed_id_b":"470022003","kind":"land","length":5},"geometry":{"type":"LineString","coordinates":[[-100.90464,53.71377],[-101.6144,53.67511],[-102.33177,53.68421],[-103.03301,53.62967],[-103.29317,53.23699],[-103.86998,53.21646]]}},{"type":"Feature","properties":{"fed_id_a":"460047005","fed_id_b":"460047036","kind":"land","length":2},"geometry":{"type":"LineString","coordinates":[[-97.35701,50.5508],[-97.74354,50.91321],[-97.42216,51.27221]]}},{"type":"Feature","properties":{"fed_id_a":"460047005","fed_id_b":"460047093","kind":"water","length":5},"geometry":{"type":"LineString","coordinates":[[-97.35701,50.5508],[-97.89348,50.53372],[-98.32265,50.91362],[-99.07626,50.86883],[-99.75049,50.85057],[-100.14321,51.23517]]}},{"type":"Feature","properties":{"fed_id_a":"460047005","fed_id_b":"460047101","kind":"land","length":2},"geometry":{"type":"LineString","coordinates":[[-97.35701,50.5508],[-97.89348,50.53372],[-98.32912,50.09772]]}},{"type":"Feature","properties":{"fed_id_a":"460047008","fed_id_b":"460047166","kind":"land","length":3},"geometry":{"type":"LineString","coordinates":[[-97.6767,50.18195],[-97.51127,49.90625],[-97.54472,49.74955],[-97.61004,49.42964]]}},{"type":"Feature","properties":{"fed_id_a":"460047008","fed_id_b":"461330190","kind":"land","length":2},"geometry":{"type":"LineString","coordinates":[[-97.6767,50.18195],[-97.51127,49.90625],[-97.31006,49.7962]]}},{"type":"Feature","properties":{"fed_id_a":"460047014","fed_id_b":"460047166","kind":"land","length":3},"geometry":{"type":"LineString","coordinates":[[-96.64867,49.81155],[-97.11644,49.69662],[-97.34912,49.64752],[-97.61004,49.42964]]}},{"type":"Feature","properties":{"fed_id_a":"460047014","fed_id_b":"461330190","kind":"land","length":2},"geometry":{"type":"LineString","coordinates":[[-96.64867,49.81155],[-97.11644,49.69662],[-97.31006,49.7962]]}},{"type":"Feature","properties":{"fed_id_a":"460047015","fed_id_b":"460047166","kind":"land","length":3},"geometry":{"type":"LineString","coordinates":[[-96.18047,49.47449],[-96.61261,49.10107],[-97.26376,49.16257],[-97.61004,49.42964]]}},{"type":"Feature","properties":{"fed_id_a":"460047036","fed_id_b":"460047093","kind":"land","length":5},"geometry":{"type":"LineString","coordinates":[[-97.42216,51.27221],[-98.16796,51.26896],[-98.52097,51.25612],[-99.38741,51.49537],[-100.00701,51.55529],[-100.14321,51.23517]]}},{"type":"Feature","properties":{"fed_id_a":"460047093","fed_id_b":"460047098","kind":"land","length":3},"geometry":{"type":"LineString","coordinates":[[-100.14321,51.23517],[-100.4174,50.84299],[-100.02387,50.44366],[-99.49211,50.11857]]}},{"type":"Feature","properties":{"fed_id_a":"460047093","fed_id_b":"460047101","kind":"land","length":4},"geometry":{"type":"LineString","coordinates":[[-100.14321,51.23517],[-99.75049,50.85057],[-99.07626,50.86883],[-98.82042,50.50362],[-98.32912,50.09772]]}},{"type":"Feature","properties":{"fed_id_a":"460047093","fed_id_b":"460047114","kind":"land","length":3},"geometry":{"type":"LineString","coordinates":[[-100.14321,51.23517],[-100.4174,50.84299],[-100.57327,50.45403],[-100.30747,50.14163]]}},{"type":"Feature","properties":{"fed_id_a":"460047093","fed_id_b":"460047116","kind":"land","length":4},"geometry":{"type":"LineString","coordinates":[[-100.14321,51.23517],[-100.4174,50.84299],[-101.17521,50.78506],[-101.34062,50.42525],[-100.95045,50.07017]]}},{"type":"Feature","properties":{"fed_id_a":"460047093","fed_id_b":"470047134","kind":"land","length":3},"geometry":{"type":"LineString","coordinates":[[-100.14321,51.23517],[-100.80324,51.15372],[-101.42501,51.1522],[-102.14116,51.13925]]}},{"type":"Feature","properties":{"fed_id_a":"460047097","fed_id_b":"460047098","kind":"land","length":2},"geometry":{"type":"LineString","coordinates":[[-98.66831,49.77953],[-98.99287,50.14004],[-99.49211,50.11857]]}},{"type":"Feature","properties":{"fed_id_a":"460047097","fed_id_b":"460047110","kind":"land","length":5},"geometry":{"type":"LineString","coordinates":[[-98.66831,49.77953],[-98.90955,49.44813],[-99.18776,49.08668],[-99.82721,49.07874],[-100.19097,49.37501],[-100.56482,49.70439]]}},{"type":"Feature","properties":{"fed_id_a":"460047097","fed_id_b":"460047115","kind":"land","length":2},"geometry":{"type":"LineString","coordinates":[[-98.66831,49.77953],[-99.26916,49.73097],[-99.94109,49.73105]]}},{"type":"Feature","properties":{"fed_id_a":"460047098","fed_id_b":"460047101","kind":"land","length":3},"geometry":{"type":"LineString","coordinates":[[-99.49211,50.11857],[-99.37395,50.53588],[-98.82042,50.50362],[-98.32912,50.09772]]}},{"type":"Feature","properties":{"fed_id_a":"460047110","fed_id_b":"470047952","kind":"land","length":4},"geometry":{"type":"LineString","coordinates":[[-100.56482,49.70439],[-101.15418,49.66997],[-101.76872,49.63835],[-102.10474,49.31818],[-102.72377,49.22797]]}},{"type":"Feature","properties":{"fed_id_a":"460047116","fed_id_b":"470047134","kind":"land","length":3},"geometry":{"type":"LineString","coordinates":[[-100.95045,50.07017],[-101.34062,50.42525],[-101.73329,50.75989],[-102.14116,51.13925]]}},{"type":"Feature","properties":{"fed_id_a":"460047116","fed_id_b":"470047883","kind":"land","length":5},"geometry":{"type":"LineString","coordinates":[[-100.95045,50.07017],[-101.68146,50.03725],[-102.23327,49.96558],[-102.88319,49.97321],[-103.51884,49.92426],[-103.84917,49.56372]]}},{"type":"Feature","properties":{"fed_id_a":"460047116","fed_id_b":"470047952","kind":"land","length":4},"geometry":{"type":"LineString","coordinates":[[-100.95045,50.07017],[-101.68146,50.03725],[-102.23327,49.96558],[-102.48319,49.60737],[-102.72377,49.22797]]}},{"type":"Feature","properties":{"fed_id_a":"460047166","fed_id_b":"461330190","kind":"land","length":2},"geometry":{"type":"LineString","coordinates":[[-97.61004,49.42964],[-97.54472,49.74955],[-97.31006,49.7962]]}},{"type":"Feature","properties":{"fed_id_a":"470022003","fed_id_b":"470022015","kind":"land","length":2},"geometry":{"type":"LineString","coordinates":[[-103.86998,53.21646],[-104.82561,53.14779],[-104.91398,52.75901]]}},{"type":"Feature","properties":{"fed_id_a":"470022003","fed_id_b":"470022021","kind":"land","length":2},"geometry":{"type":"LineString","coordinates":[[-103.86998,53.21646],[-104.82561,53.14779],[-105.362,53.10662]]}},{"type":"Feature","properties":{"fed_id_a":"470022003","fed_id_b":"470022139","kind":"land","length":4},"geometry":{"type":"LineString","coordinates":[[-103.86998,53.21646],[-104.43377,53.55112],[-104.83673,53.8993],[-105.57807,53.82479],[-105.81012,53.42943]]}},{"type":"Feature","properties":{"fed_id_a":"470022003","fed_id_b":"470047133","kind":"land","length":5},"geometry":{"type":"LineString","coordinates":[[-103.86998,53.21646],[-103.54296,52.82591],[-103.11285,52.4785],[-103.36732,52.10122],[-102.95616,51.80578],[-102.55035,51.49076]]}},{"type":"Feature","properties":{"fed_id_a":"470022015","fed_id_b":"470022110","kind":"land","length":2},"geometry":{"type":"LineString","coordinates":[[-104.91398,52.75901],[-105.59213,52.71349],[-106.34059,52.63565]]}},{"type":"Feature","properties":{"fed_id_a":"470022015","fed_id_b":"470022135","kind":"land","length":2},"geometry":{"type":"LineString","coordinates":[[-104.91398,52.75901],[-105.59213,52.71349],[-106.04012,53.04479]]}},{"type":"Feature","properties":{"fed_id_a":"470022015","fed_id_b":"470047133","kind":"land","length":5},"geometry":{"type":"LineString","coordinates":[[-104.91398,52.75901],[-104.48977,52.45004],[-104.04947,52.09918],[-103.36732,52.10122],[-102.95616,51.80578],[-102.55035,51.49076]]}},{"type":"Feature","properties":{"fed_id_a":"470022018","fed_id_b":"470022106","kind":"land","length":2},"geometry":{"type":"LineString","coordinates":[[-105.1353,52.32596],[-105.81411,52.31088],[-106.48209,52.26758]]}},{"type":"Feature","properties":{"fed_id_a":"470022018","fed_id_b":"470022109","kind":"land","length":4},"geometry":{"type":"LineString","coordinates":[[-105.1353,52.32596],[-105.35391,51.99375],[-105.60447,51.60725],[-106.25544,51.54733],[-106.69751,51.8851]]}},{"type":"Feature","properties":{"fed_id_a":"470022018","fed_id_b":"470022110","kind":"land","length":2},"geometry":{"type":"LineString","coordinates":[[-105.1353,52.32596],[-105.81411,52.31088],[-106.34059,52.63565]]}},{"type":"Feature","properties":{"fed_id_a":"470022018","fed_id_b":"470047133","kind":"land","length":5},"geometry":{"type":"LineString","coordinates":[[-105.1353,52.32596],[-104.70839,52.01712],[-104.29793,51.74744],[-103.61697,51.72643],[-102.95616,51.80578],[-102.55035,51.49076]]}},{"type":"Feature","properties":{"fed_id_a":"470022018","fed_id_b":"470047873","kind":"land","length":5},"geometry":{"type":"LineString","coordinates":[[-105.1353,52.32596],[-104.70839,52.01712],[-104.89499,51.6554],[-104.5218,51.32149],[-104.76586,50.99109],[-105.09451,50.54548]]}},{"type":"Feature","properties":{"fed_id_a":"470022099","fed_id_b":"470022106","kind":"land","length":3},"geometry":{"type":"LineString","coordinates":[[-108.05336,52.8584],[-107.57608,52.4822],[-107.14673,52.2226],[-106.48209,52.26758]]}},{"type":"Feature","properties":{"fed_id_a":"470022099","fed_id_b":"470022109","kind":"land","length":4},"geometry":{"type":"LineString","coordinates":[[-108.05336,52.8584],[-107.57608,52.4822],[-107.79202,52.13081],[-107.33924,51.79466],[-106.69751,51.8851]]}},{"type":"Feature","properties":{"fed_id_a":"470022099","fed_id_b":"470022110","kind":"land","length":3},"geometry":{"type":"LineString","coordinates":[[-108.05336,52.8584],[-107.39875,52.95791],[-106.70629,52.97623],[-106.34059,52.63565]]}},{"type":"Feature","properties":{"fed_id_a":"470022099","fed_id_b":"470022112","kind":"land","length":2},"geometry":{"type":"LineString","coordinates":[[-108.05336,52.8584],[-107.57608,52.4822],[-106.93204,52.59931]]}},{"type":"Feature","properties":{"fed_id_a":"470022099","fed_id_b":"470022133","kind":"land","length":4},"geometry":{"type":"LineString","coordinates":[[-108.05336,52.8584],[-107.85544,53.26585],[-107.75657,53.60473],[-108.1062,53.94511],[-108.56635,54.21723]]}},{"type":"Feature","properties":{"fed_id_a":"470022099","fed_id_b":"470022135","kind":"land","length":4},"geometry":{"type":"LineString","coordinates":[[-108.05336,52.8584],[-107.85544,53.26585],[-107.21633,53.29857],[-106.37491,53.38228],[-106.04012,53.04479]]}},{"type":"Feature","properties":{"fed_id_a":"470022099","fed_id_b":"470048003","kind":"land","length":4},"geometry":{"type":"LineString","coordinates":[[-108.05336,52.8584],[-108.70963,52.77548],[-109.01218,52.36065],[-109.09587,52.01523],[-109.42202,51.5918]]}},{"type":"Feature","properties":{"fed_id_a":"470022099","fed_id_b":"480022143","kind":"land","length":4},"geometry":{"type":"LineString","coordinates":[[-108.05336,52.8584],[-108.70963,52.77548],[-109.34887,52.66012],[-109.82886,52.9982],[-110.30963,53.31895]]}},{"type":"Feature","properties":{"fed_id_a":"470022109","fed_id_b":"470047873","kind":"land","length":4},"geometry":{"type":"LineString","coordinates":[[-106.69751,51.8851],[-106.25544,51.54733],[-105.75138,51.19499],[-105.39407,50.87805],[-105.09451,50.54548]]}},{"type":"Feature","properties":{"fed_id_a":"470022109","fed_id_b":"470047875","kind":"land","length":4},"geometry":{"type":"LineString","coordinates":[[-106.69751,51.8851],[-106.25544,51.54733],[-106.47989,51.20105],[-106.17957,50.83112],[-105.51246,50.5285]]}},{"type":"Feature","properties":{"fed_id_a":"470022109","fed_id_b":"470048003","kind":"land","length":4},"geometry":{"type":"LineString","coordinates":[[-106.69751,51.8851],[-107.33924,51.79466],[-107.99119,51.74498],[-108.71779,51.64739],[-109.42202,51.5918]]}},{"type":"Feature","properties":{"fed_id_a":"470022109","fed_id_b":"470048007","kind":"land","length":4},"geometry":{"type":"LineString","coordinates":[[-106.69751,51.8851],[-106.90325,51.48776],[-107.10188,51.08343],[-107.31947,50.75061],[-107.50932,50.34756]]}},{"type":"Feature","properties":{"fed_id_a":"470022133","fed_id_b":"470022135","kind":"land","length":5},"geometry":{"type":"LineString","coordinates":[[-108.56635,54.21723],[-108.1062,53.94511],[-107.42182,54.01763],[-107.04427,53.68036],[-106.37491,53.38228],[-106.04012,53.04479]]}},{"type":"Feature","properties":{"fed_id_a":"470022133","fed_id_b":"470022139","kind":"land","length":5},"geometry":{"type":"LineString","coordinates":[[-108.56635,54.21723],[-107.87798,54.28882],[-107.20408,54.41232],[-106.57615,54.13088],[-106.27989,53.79655],[-105.81012,53.42943]]}},{"type":"Feature","properties":{"fed_id_a":"470022133","fed_id_b":"480022059","kind":"land","length":3},"geometry":{"type":"LineString","coordinates":[[-108.56635,54.21723],[-109.25636,54.15912],[-109.76923,54.53078],[-110.54835,54.39176]]}},{"type":"Feature","properties":{"fed_id_a":"470022133","fed_id_b":"480022076","kind":"land","length":4},"geometry":{"type":"LineString","coordinates":[[-108.56635,54.21723],[-109.25636,54.15912],[-109.45899,53.78948],[-110.24655,53.68433],[-110.61626,54.02023]]}},{"type":"Feature","properties":{"fed_id_a":"470022133","fed_id_b":"480022143","kind":"land","length":4},"geometry":{"type":"LineString","coordinates":[[-108.56635,54.21723],[-109.25636,54.15912],[-109.45899,53.78948],[-109.64524,53.39142],[-110.30963,53.31895]]}},{"type":"Feature","properties":{"fed_id_a":"470047133","fed_id_b":"470047873","kind":"land","length":5},"geometry":{"type":"LineString","coordinates":[[-102.55035,51.49076],[-103.21683,51.46075],[-103.86642,51.37211],[-104.5218,51.32149],[-104.76586,50.99109],[-105.09451,50.54548]]}},{"type":"Feature","properties":{"fed_id_a":"470047133","fed_id_b":"470047878","kind":"land","length":4},"geometry":{"type":"LineString","coordinates":[[-102.55035,51.49076],[-103.21683,51.46075],[-103.86642,51.37211],[-104.10869,51.00905],[-104.40013,50.59431]]}},{"type":"Feature","properties":{"fed_id_a":"470047133","fed_id_b":"470047911","kind":"land","length":3},"geometry":{"type":"LineString","coordinates":[[-102.55035,51.49076],[-103.21683,51.46075],[-103.52438,51.05443],[-103.80505,50.64022]]}},{"type":"Feature","properties":{"fed_id_a":"470047134","fed_id_b":"470047883","kind":"land","length":5},"geometry":{"type":"LineString","coordinates":[[-102.14116,51.13925],[-102.38682,50.71668],[-102.64795,50.39379],[-102.88319,49.97321],[-103.51884,49.92426],[-103.84917,49.56372]]}},{"type":"Feature","properties":{"fed_id_a":"470047134","fed_id_b":"470047911","kind":"land","length":3},"geometry":{"type":"LineString","coordinates":[[-102.14116,51.13925],[-102.38682,50.71668],[-103.03891,50.67939],[-103.80505,50.64022]]}},{"type":"Feature","properties":{"fed_id_a":"470047874","fed_id_b":"470047883","kind":"land","length":2},"geometry":{"type":"LineString","coordinates":[[-104.56457,50.22935],[-104.26061,49.88786],[-103.84917,49.56372]]}},{"type":"Feature","properties":{"fed_id_a":"470047874","fed_id_b":"470047911","kind":"land","length":2},"geometry":{"type":"LineString","coordinates":[[-104.56457,50.22935],[-103.84211,50.29781],[-103.80505,50.64022]]}},{"type":"Feature","properties":{"fed_id_a":"470047875","fed_id_b":"470048007","kind":"land","length":3},"geometry":{"type":"LineString","coordinates":[[-105.51246,50.5285],[-106.24583,50.44143],[-106.87625,50.38599],[-107.50932,50.34756]]}},{"type":"Feature","properties":{"fed_id_a":"470047883","fed_id_b":"470047911","kind":"land","length":3},"geometry":{"type":"LineString","coordinates":[[-103.84917,49.56372],[-103.51884,49.92426],[-103.15199,50.33067],[-103.80505,50.64022]]}},{"type":"Feature","properties":{"fed_id_a":"470047883","fed_id_b":"470047952","kind":"land","length":2},"geometry":{"type":"LineString","coordinates":[[-103.84917,49.56372],[-103.11947,49.58193],[-102.72377,49.22797]]}},{"type":"Feature","properties":{"fed_id_a":"470047911","fed_id_b":"470047913","kind":"land","length":2},"geometry":{"type":"LineString","coordinates":[[-103.80505,50.64022],[-103.52438,51.05443],[-102.79483,51.07333]]}},{"type":"Feature","properties":{"fed_id_a":"470048003","fed_id_b":"470048007","kind":"land","length":4},"geometry":{"type":"LineString","coordinates":[[-109.42202,51.5918],[-108.81493,51.27604],[-108.37098,50.9599],[-107.93394,50.64469],[-107.50932,50.34756]]}},{"type":"Feature","properties":{"fed_id_a":"470048003","fed_id_b":"480022143","kind":"land","length":5},"geometry":{"type":"LineString","coordinates":[[-109.42202,51.5918],[-109.09587,52.01523],[-109.5542,52.32404],[-109.9975,52.57978],[-109.82886,52.9982],[-110.30963,53.31895]]}},{"type":"Feature","properties":{"fed_id_a":"470048003","fed_id_b":"480022726","kind":"land","length":6},"geometry":{"type":"LineString","coordinates":[[-109.42202,51.5918],[-109.80416,51.56266],[-110.52965,51.45027],[-111.15581,51.37805],[-111.76495,51.27594],[-111.9125,50.88317],[-112.06319,50.50576]]}},{"type":"Feature","properties":{"fed_id_a":"470048003","fed_id_b":"480022883","kind":"land","length":6},"geometry":{"type":"LineString","coordinates":[[-109.42202,51.5918],[-109.80416,51.56266],[-110.52965,51.45027],[-110.98155,51.7456],[-111.61106,51.66324],[-112.07936,51.96282],[-112.54933,52.25136]]}},{"type":"Feature","properties":{"fed_id_a":"470048003","fed_id_b":"480022918","kind":"land","length":4},"geometry":{"type":"LineString","coordinates":[[-109.42202,51.5918],[-109.72038,51.90122],[-110.18135,52.20863],[-110.65435,52.52763],[-111.13498,52.84678]]}},{"type":"Feature","properties":{"fed_id_a":"470048003","fed_id_b":"480047989","kind":"land","length":5},"geometry":{"type":"LineString","coordinates":[[-109.42202,51.5918],[-109.57525,51.18978],[-110.07224,51.13631],[-110.23605,50.73942],[-110.40598,50.36752],[-110.56701,49.98352]]}},{"type":"Feature","properties":{"fed_id_a":"470048007","fed_id_b":"480047989","kind":"land","length":5},"geometry":{"type":"LineString","coordinates":[[-107.50932,50.34756],[-108.12811,50.27539],[-108.73643,50.18415],[-109.37239,50.17636],[-109.94981,50.02424],[-110.56701,49.98352]]}},{"type":"Feature","properties":{"fed_id_a":"480021674","fed_id_b":"480021688","kind":"land","length":5},"geometry":{"type":"LineString","coordinates":[[-117.33286,56.30829],[-116.64821,56.40745],[-116.55432,56.84306],[-116.42346,57.22767],[-116.31583,57.65321],[-116.19201,58.05989]]}},{"type":"Feature","properties":{"fed_id_a":"480021674","fed_id_b":"480021759","kind":"land","length":4},"geometry":{"type":"LineString","coordinates":[[-117.33286,56.30829],[-117.92822,56.20398],[-118.66046,56.07164],[-119.28747,55.91397],[-119.81104,55.81132]]}},{"type":"Feature","properties":{"fed_id_a":"480021674","fed_id_b":"480021782","kind":"land","length":4},"geometry":{"type":"LineString","coordinates":[[-117.33286,56.30829],[-117.92822,56.20398],[-118.08561,55.77632],[-118.82533,55.60972],[-118.81616,55.25082]]}},{"type":"Feature","properties":{"fed_id_a":"480021674","fed_id_b":"480022873","kind":"land","length":5},"geometry":{"type":"LineString","coordinates":[[-117.33286,56.30829],[-116.64821,56.40745],[-116.11584,56.16113],[-115.65435,55.84773],[-114.97449,55.60116],[-114.38345,55.3318]]}},{"type":"Feature","properties":{"fed_id_a":"480021688","fed_id_b":"610023440","kind":"land","length":13},"geometry":{"type":"LineString","coordinates":[[-116.19201,58.05989],[-115.95161,58.50808],[-115.9346,58.87626],[-115.80076,59.28586],[-115.67835,59.71845],[-115.53961,60.13324],[-116.12787,60.36523],[-116.00628,60.76709],[-116.72178,61.12256],[-116.51411,61.49397],[-116.37429,61.90483],[-116.23304,62.3198],[-115.53928,62.40389],[-114.60583,62.61719]]}},{"type":"Feature","properties":{"fed_id_a":"480021759","fed_id_b":"480021777","kind":"land","length":2},"geometry":{"type":"LineString","coordinates":[[-119.81104,55.81132],[-119.36604,55.51486],[-119.46457,55.14756]]}},{"type":"Feature","properties":{"fed_id_a":"480021759","fed_id_b":"480021782","kind":"land","length":2},"geometry":{"type":"LineString","coordinates":[[-119.81104,55.81132],[-119.36604,55.51486],[-118.81616,55.25082]]}},{"type":"Feature","properties":{"fed_id_a":"480021759","fed_id_b":"590021799","kind":"land","length":2},"geometry":{"type":"LineString","coordinates":[[-119.81104,55.81132],[-120.45675,55.99733],[-121.05616,56.29233]]}},{"type":"Feature","properties":{"fed_id_a":"480021777","fed_id_b":"480022851","kind":"land","length":6},"geometry":{"type":"LineString","coordinates":[[-119.46457,55.14756],[-118.89885,54.85346],[-118.36104,54.58695],[-117.82932,54.31761],[-117.30397,54.04596],[-117.4011,53.65118],[-117.49635,53.25828]]}},{"type":"Feature","properties":{"fed_id_a":"480021777","fed_id_b":"590021775","kind":"land","length":3},"geometry":{"type":"LineString","coordinates":[[-119.46457,55.14756],[-120.06175,54.98088],[-120.5895,55.2086],[-120.5489,55.63533]]}},{"type":"Feature","properties":{"fed_id_a":"480021777","fed_id_b":"590022980","kind":"land","length":6},"geometry":{"type":"LineString","coordinates":[[-119.46457,55.14756],[-120.06175,54.98088],[-120.6731,54.84235],[-120.73307,54.44792],[-121.32956,54.30824],[-121.9186,54.16646],[-122.48515,54.00356]]}},{"type":"Feature","properties":{"fed_id_a":"480021782","fed_id_b":"480022835","kind":"land","length":6},"geometry":{"type":"LineString","coordinates":[[-118.81616,55.25082],[-118.27254,54.98382],[-117.73516,54.71394],[-117.20402,54.44124],[-116.69883,54.19773],[-116.03032,54.2547],[-115.52984,54.00196]]}},{"type":"Feature","properties":{"fed_id_a":"480021782","fed_id_b":"480022851","kind":"land","length":6},"geometry":{"type":"LineString","coordinates":[[-118.81616,55.25082],[-118.27254,54.98382],[-117.73516,54.71394],[-117.20402,54.44124],[-117.30397,54.04596],[-117.4011,53.65118],[-117.49635,53.25828]]}},{"type":"Feature","properties":{"fed_id_a":"480022052","fed_id_b":"480022059","kind":"land","length":3},"geometry":{"type":"LineString","coordinates":[[-112.11656,54.92866],[-111.42549,54.9983],[-110.91675,54.68453],[-110.54835,54.39176]]}},{"type":"Feature","properties":{"fed_id_a":"480022052","fed_id_b":"480022067","kind":"land","length":3},"geometry":{"type":"LineString","coordinates":[[-112.11656,54.92866],[-112.78831,54.82879],[-112.92238,54.39309],[-113.09299,54.03395]]}},{"type":"Feature","properties":{"fed_id_a":"480022052","fed_id_b":"480022070","kind":"land","length":2},"geometry":{"type":"LineString","coordinates":[[-112.11656,54.92866],[-112.78831,54.82879],[-113.45853,54.73513]]}},{"type":"Feature","properties":{"fed_id_a":"480022052","fed_id_b":"480022071","kind":"land","length":3},"geometry":{"type":"LineString","coordinates":[[-112.11656,54.92866],[-111.5981,54.60428],[-111.78007,54.23908],[-111.27915,53.92595]]}},{"type":"Feature","properties":{"fed_id_a":"480022052","fed_id_b":"480022075","kind":"land","length":2},"geometry":{"type":"LineString","coordinates":[[-112.11656,54.92866],[-111.5981,54.60428],[-111.11274,54.33246]]}},{"type":"Feature","properties":{"fed_id_a":"480022052","fed_id_b":"480022082","kind":"land","length":4},"geometry":{"type":"LineString","coordinates":[[-112.11656,54.92866],[-111.95089,55.3282],[-111.78127,55.72886],[-111.60756,56.1306],[-111.42961,56.53337]]}},{"type":"Feature","properties":{"fed_id_a":"480022052","fed_id_b":"480022873","kind":"land","length":4},"geometry":{"type":"LineString","coordinates":[[-112.11656,54.92866],[-112.61597,55.19826],[-113.15321,55.52501],[-113.82893,55.41815],[-114.38345,55.3318]]}},{"type":"Feature","properties":{"fed_id_a":"480022059","fed_id_b":"480022082","kind":"land","length":6},"geometry":{"type":"LineString","coordinates":[[-110.54835,54.39176],[-110.25102,54.80954],[-110.20107,55.1852],[-109.87065,55.60789],[-110.38265,55.91894],[-110.90228,56.22746],[-111.42961,56.53337]]}},{"type":"Feature","properties":{"fed_id_a":"480022067","fed_id_b":"480022070","kind":"land","length":2},"geometry":{"type":"LineString","coordinates":[[-113.09299,54.03395],[-112.92238,54.39309],[-113.45853,54.73513]]}},{"type":"Feature","properties":{"fed_id_a":"480022067","fed_id_b":"480022071","kind":"land","length":3},"geometry":{"type":"LineString","coordinates":[[-113.09299,54.03395],[-112.46076,54.18172],[-111.92778,53.81142],[-111.27915,53.92595]]}},{"type":"Feature","properties":{"fed_id_a":"480022067","fed_id_b":"480022845","kind":"land","length":2},"geometry":{"type":"LineString","coordinates":[[-113.09299,54.03395],[-113.62491,54.37748],[-114.24889,54.22218]]}},{"type":"Feature","properties":{"fed_id_a":"480022067","fed_id_b":"480022911","kind":"land","length":3},"geometry":{"type":"LineString","coordinates":[[-113.09299,54.03395],[-113.03305,53.72298],[-113.00404,53.5679],[-112.70472,53.35001]]}},{"type":"Feature","properties":{"fed_id_a":"480022067","fed_id_b":"481160419","kind":"land","length":2},"geometry":{"type":"LineString","coordinates":[[-113.09299,54.03395],[-113.26831,53.79291],[-113.21491,53.64411]]}},{"type":"Feature","properties":{"fed_id_a":"480022067","fed_id_b":"481160425","kind":"land","length":2},"geometry":{"type":"LineString","coordinates":[[-113.09299,54.03395],[-113.26831,53.79291],[-113.47309,53.70744]]}},{"type":"Feature","properties":{"fed_id_a":"480022070","fed_id_b":"480022845","kind":"land","length":2},"geometry":{"type":"LineString","coordinates":[[-113.45853,54.73513],[-114.10439,54.60549],[-114.24889,54.22218]]}},{"type":"Feature","properties":{"fed_id_a":"480022070","fed_id_b":"480022873","kind":"land","length":2},"geometry":{"type":"LineString","coordinates":[[-113.45853,54.73513],[-113.97219,55.01825],[-114.38345,55.3318]]}},{"type":"Feature","properties":{"fed_id_a":"480022071","fed_id_b":"480022143","kind":"land","length":2},"geometry":{"type":"LineString","coordinates":[[-111.27915,53.92595],[-110.80353,53.6514],[-110.30963,53.31895]]}},{"type":"Feature","properties":{"fed_id_a":"480022071","fed_id_b":"480022915","kind":"land","length":2},"geometry":{"type":"LineString","coordinates":[[-111.27915,53.92595],[-111.92778,53.81142],[-112.52853,53.75179]]}},{"type":"Feature","properties":{"fed_id_a":"480022071","fed_id_b":"480022916","kind":"land","length":2},"geometry":{"type":"LineString","coordinates":[[-111.27915,53.92595],[-111.92778,53.81142],[-112.02466,53.45769]]}},{"type":"Feature","properties":{"fed_id_a":"480022071","fed_id_b":"480022922","kind":"land","length":2},"geometry":{"type":"LineString","coordinates":[[-111.27915,53.92595],[-110.80353,53.6514],[-110.96224,53.22852]]}},{"type":"Feature","properties":{"fed_id_a":"480022076","fed_id_b":"480022143","kind":"land","length":2},"geometry":{"type":"LineString","coordinates":[[-110.61626,54.02023],[-110.24655,53.68433],[-110.30963,53.31895]]}},{"type":"Feature","properties":{"fed_id_a":"480022082","fed_id_b":"480022873","kind":"land","length":6},"geometry":{"type":"LineString","coordinates":[[-111.42961,56.53337],[-112.13746,56.43288],[-112.83829,56.32888],[-113.53199,56.22145],[-114.21848,56.1107],[-114.35976,55.70883],[-114.38345,55.3318]]}},{"type":"Feature","properties":{"fed_id_a":"480022143","fed_id_b":"480022918","kind":"land","length":2},"geometry":{"type":"LineString","coordinates":[[-110.30963,53.31895],[-110.47664,52.90578],[-111.13498,52.84678]]}},{"type":"Feature","properties":{"fed_id_a":"480022645","fed_id_b":"480022678","kind":"land","length":3},"geometry":{"type":"LineString","coordinates":[[-115.23822,51.09062],[-115.12489,51.47897],[-115.10329,51.84388],[-114.88818,52.2555]]}},{"type":"Feature","properties":{"fed_id_a":"480022645","fed_id_b":"480022717","kind":"land","length":2},"geometry":{"type":"LineString","coordinates":[[-115.23822,51.09062],[-114.75508,50.78565],[-114.32388,50.56852]]}},{"type":"Feature","properties":{"fed_id_a":"480022645","fed_id_b":"480022899","kind":"land","length":2},"geometry":{"type":"LineString","coordinates":[[-115.23822,51.09062],[-115.12489,51.47897],[-114.54297,51.61105]]}},{"type":"Feature","properties":{"fed_id_a":"480022645","fed_id_b":"590022641","kind":"land","length":3},"geometry":{"type":"LineString","coordinates":[[-115.23822,51.09062],[-115.8247,50.98909],[-116.30295,51.26737],[-116.88322,51.15804]]}},{"type":"Feature","properties":{"fed_id_a":"480022645","fed_id_b":"590022664","kind":"land","length":2},"geometry":{"type":"LineString","coordinates":[[-115.23822,51.09062],[-115.8247,50.98909],[-115.94057,50.62387]]}},{"type":"Feature","properties":{"fed_id_a":"480022650","fed_id_b":"480022717","kind":"land","length":3},"geometry":{"type":"LineString","coordinates":[[-114.64789,51.19305],[-114.39028,50.97016],[-114.36465,50.8249],[-114.32388,50.56852]]}},{"type":"Feature","properties":{"fed_id_a":"480022650","fed_id_b":"480022897","kind":"land","length":3},"geometry":{"type":"LineString","coordinates":[[-114.64789,51.19305],[-114.27314,51.36157],[-114.08366,51.44502],[-113.91681,51.66714]]}},{"type":"Feature","properties":{"fed_id_a":"480022650","fed_id_b":"481159047","kind":"land","length":2},"geometry":{"type":"LineString","coordinates":[[-114.64789,51.19305],[-114.39028,50.97016],[-114.17814,50.90771]]}},{"type":"Feature","properties":{"fed_id_a":"480022650","fed_id_b":"481160300","kind":"land","length":2},"geometry":{"type":"LineString","coordinates":[[-114.64789,51.19305],[-114.27314,51.36157],[-114.05239,51.29331]]}},{"type":"Feature","properties":{"fed_id_a":"480022678","fed_id_b":"480022844","kind":"land","length":3},"geometry":{"type":"LineString","coordinates":[[-114.88818,52.2555],[-114.79117,52.69229],[-114.63947,53.03523],[-114.50842,53.4226]]}},{"type":"Feature","properties":{"fed_id_a":"480022678","fed_id_b":"480022851","kind":"land","length":5},"geometry":{"type":"LineString","coordinates":[[-114.88818,52.2555],[-115.49409,52.14961],[-115.98606,52.43042],[-116.48022,52.70291],[-116.98717,52.98482],[-117.49635,53.25828]]}},{"type":"Feature","properties":{"fed_id_a":"480022678","fed_id_b":"480022860","kind":"land","length":3},"geometry":{"type":"LineString","coordinates":[[-114.88818,52.2555],[-115.37906,52.5395],[-115.27583,52.95637],[-115.13007,53.30374]]}},{"type":"Feature","properties":{"fed_id_a":"480022678","fed_id_b":"480022861","kind":"land","length":4},"geometry":{"type":"LineString","coordinates":[[-114.88818,52.2555],[-115.37906,52.5395],[-115.89768,52.85902],[-116.37833,53.10035],[-116.27056,53.4933]]}},{"type":"Feature","properties":{"fed_id_a":"480022678","fed_id_b":"480022899","kind":"land","length":2},"geometry":{"type":"LineString","coordinates":[[-114.88818,52.2555],[-115.10329,51.84388],[-114.54297,51.61105]]}},{"type":"Feature","properties":{"fed_id_a":"480022678","fed_id_b":"480022925","kind":"land","length":2},"geometry":{"type":"LineString","coordinates":[[-114.88818,52.2555],[-114.79117,52.69229],[-114.14668,52.74985]]}},{"type":"Feature","properties":{"fed_id_a":"480022678","fed_id_b":"590022641","kind":"land","length":5},"geometry":{"type":"LineString","coordinates":[[-114.88818,52.2555],[-115.49409,52.14961],[-116.09397,52.0412],[-116.68778,51.93035],[-116.78654,51.54341],[-116.88322,51.15804]]}},{"type":"Feature","properties":{"fed_id_a":"480022687","fed_id_b":"480022717","kind":"land","length":3},"geometry":{"type":"LineString","coordinates":[[-113.38251,49.60743],[-113.84343,49.88428],[-114.42118,50.14044],[-114.32388,50.56852]]}},{"type":"Feature","properties":{"fed_id_a":"480022687","fed_id_b":"480022730","kind":"land","length":2},"geometry":{"type":"LineString","coordinates":[[-113.38251,49.60743],[-113.84343,49.88428],[-114.5311,49.74344]]}},{"type":"Feature","properties":{"fed_id_a":"480022689","fed_id_b":"590022732","kind":"land","length":2},"geometry":{"type":"LineString","coordinates":[[-114.15421,49.45924],[-114.65566,49.38147],[-115.10288,49.65049]]}},{"type":"Feature","properties":{"fed_id_a":"480022691","fed_id_b":"480022715","kind":"land","length":2},"geometry":{"type":"LineString","coordinates":[[-113.38403,49.94672],[-113.24355,50.30935],[-113.71949,50.63305]]}},{"type":"Feature","properties":{"fed_id_a":"480022691","fed_id_b":"480022717","kind":"land","length":2},"geometry":{"type":"LineString","coordinates":[[-113.38403,49.94672],[-113.8399,50.23629],[-114.32388,50.56852]]}},{"type":"Feature","properties":{"fed_id_a":"480022700","fed_id_b":"480047989","kind":"land","length":4},"geometry":{"type":"LineString","coordinates":[[-112.48809,49.362],[-111.90558,49.44545],[-111.33093,49.55608],[-110.72626,49.60463],[-110.56701,49.98352]]}},{"type":"Feature","properties":{"fed_id_a":"480022715","fed_id_b":"480022724","kind":"land","length":3},"geometry":{"type":"LineString","coordinates":[[-113.71949,50.63305],[-113.20313,50.6958],[-112.66059,50.41851],[-112.78026,49.9972]]}},{"type":"Feature","properties":{"fed_id_a":"480022715","fed_id_b":"480022726","kind":"land","length":3},"geometry":{"type":"LineString","coordinates":[[-113.71949,50.63305],[-113.20313,50.6958],[-112.52141,50.80574],[-112.06319,50.50576]]}},{"type":"Feature","properties":{"fed_id_a":"480022715","fed_id_b":"481159047","kind":"land","length":2},"geometry":{"type":"LineString","coordinates":[[-113.71949,50.63305],[-114.14696,50.75675],[-114.17814,50.90771]]}},{"type":"Feature","properties":{"fed_id_a":"480022717","fed_id_b":"480022730","kind":"land","length":2},"geometry":{"type":"LineString","coordinates":[[-114.32388,50.56852],[-114.42118,50.14044],[-114.5311,49.74344]]}},{"type":"Feature","properties":{"fed_id_a":"480022717","fed_id_b":"481159047","kind":"land","length":2},"geometry":{"type":"LineString","coordinates":[[-114.32388,50.56852],[-114.36465,50.8249],[-114.17814,50.90771]]}},{"type":"Feature","properties":{"fed_id_a":"480022717","fed_id_b":"590022664","kind":"land","length":3},"geometry":{"type":"LineString","coordinates":[[-114.32388,50.56852],[-114.8841,50.42607],[-115.46168,50.32586],[-115.94057,50.62387]]}},{"type":"Feature","properties":{"fed_id_a":"480022719","fed_id_b":"480022726","kind":"land","length":3},"geometry":{"type":"LineString","coordinates":[[-113.57008,50.97829],[-112.96074,51.05263],[-112.52141,50.80574],[-112.06319,50.50576]]}},{"type":"Feature","properties":{"fed_id_a":"480022719","fed_id_b":"480022897","kind":"land","length":3},"geometry":{"type":"LineString","coordinates":[[-113.57008,50.97829],[-113.83209,51.22458],[-113.86247,51.37637],[-113.91681,51.66714]]}},{"type":"Feature","properties":{"fed_id_a":"480022719","fed_id_b":"480022910","kind":"land","length":2},"geometry":{"type":"LineString","coordinates":[[-113.57008,50.97829],[-112.96074,51.05263],[-112.84887,51.49699]]}},{"type":"Feature","properties":{"fed_id_a":"480022719","fed_id_b":"481160300","kind":"land","length":2},"geometry":{"type":"LineString","coordinates":[[-113.57008,50.97829],[-113.83209,51.22458],[-114.05239,51.29331]]}},{"type":"Feature","properties":{"fed_id_a":"480022724","fed_id_b":"480022726","kind":"land","length":2},"geometry":{"type":"LineString","coordinates":[[-112.78026,49.9972],[-112.20138,50.1089],[-112.06319,50.50576]]}},{"type":"Feature","properties":{"fed_id_a":"480022725","fed_id_b":"480022726","kind":"land","length":3},"geometry":{"type":"LineString","coordinates":[[-112.35418,49.75237],[-111.74834,49.79822],[-111.5879,50.21085],[-112.06319,50.50576]]}},{"type":"Feature","properties":{"fed_id_a":"480022725","fed_id_b":"480047989","kind":"land","length":3},"geometry":{"type":"LineString","coordinates":[[-112.35418,49.75237],[-111.74834,49.79822],[-111.15649,49.88333],[-110.56701,49.98352]]}},{"type":"Feature","properties":{"fed_id_a":"480022726","fed_id_b":"480022883","kind":"land","length":5},"geometry":{"type":"LineString","coordinates":[[-112.06319,50.50576],[-111.9125,50.88317],[-111.76495,51.27594],[-111.61106,51.66324],[-112.07936,51.96282],[-112.54933,52.25136]]}},{"type":"Feature","properties":{"fed_id_a":"480022726","fed_id_b":"480022910","kind":"land","length":3},"geometry":{"type":"LineString","coordinates":[[-112.06319,50.50576],[-111.9125,50.88317],[-112.37564,51.18672],[-112.84887,51.49699]]}},{"type":"Feature","properties":{"fed_id_a":"480022726","fed_id_b":"480047989","kind":"land","length":3},"geometry":{"type":"LineString","coordinates":[[-112.06319,50.50576],[-111.5879,50.21085],[-111.15649,49.88333],[-110.56701,49.98352]]}},{"type":"Feature","properties":{"fed_id_a":"480022730","fed_id_b":"590022664","kind":"land","length":3},"geometry":{"type":"LineString","coordinates":[[-114.5311,49.74344],[-115.01282,50.07212],[-115.46168,50.32586],[-115.94057,50.62387]]}},{"type":"Feature","properties":{"fed_id_a":"480022835","fed_id_b":"480022841","kind":"land","length":2},"geometry":{"type":"LineString","coordinates":[[-115.52984,54.00196],[-115.04086,53.75766],[-114.37501,53.81235]]}},{"type":"Feature","properties":{"fed_id_a":"480022835","fed_id_b":"480022844","kind":"land","length":2},"geometry":{"type":"LineString","coordinates":[[-115.52984,54.00196],[-115.04086,53.75766],[-114.50842,53.4226]]}},{"type":"Feature","properties":{"fed_id_a":"480022835","fed_id_b":"480022845","kind":"land","length":2},"geometry":{"type":"LineString","coordinates":[[-115.52984,54.00196],[-114.87415,54.08074],[-114.24889,54.22218]]}},{"type":"Feature","properties":{"fed_id_a":"480022835","fed_id_b":"480022851","kind":"land","length":5},"geometry":{"type":"LineString","coordinates":[[-115.52984,54.00196],[-116.03032,54.2547],[-116.69883,54.19773],[-117.30397,54.04596],[-117.4011,53.65118],[-117.49635,53.25828]]}},{"type":"Feature","properties":{"fed_id_a":"480022835","fed_id_b":"480022860","kind":"land","length":2},"geometry":{"type":"LineString","coordinates":[[-115.52984,54.00196],[-115.04086,53.75766],[-115.13007,53.30374]]}},{"type":"Feature","properties":{"fed_id_a":"480022835","fed_id_b":"480022861","kind":"land","length":2},"geometry":{"type":"LineString","coordinates":[[-115.52984,54.00196],[-116.16033,53.88767],[-116.27056,53.4933]]}},{"type":"Feature","properties":{"fed_id_a":"480022835","fed_id_b":"480022873","kind":"land","length":4},"geometry":{"type":"LineString","coordinates":[[-115.52984,54.00196],[-115.40922,54.39834],[-115.2858,54.79605],[-114.63244,54.90865],[-114.38345,55.3318]]}},{"type":"Feature","properties":{"fed_id_a":"480022844","fed_id_b":"480022925","kind":"land","length":2},"geometry":{"type":"LineString","coordinates":[[-114.50842,53.4226],[-114.63947,53.03523],[-114.14668,52.74985]]}},{"type":"Feature","properties":{"fed_id_a":"480022845","fed_id_b":"480022873","kind":"land","length":3},"geometry":{"type":"LineString","coordinates":[[-114.24889,54.22218],[-114.76804,54.51745],[-114.63244,54.90865],[-114.38345,55.3318]]}},{"type":"Feature","properties":{"fed_id_a":"480022851","fed_id_b":"480022861","kind":"land","length":2},"geometry":{"type":"LineString","coordinates":[[-117.49635,53.25828],[-116.88677,53.37705],[-116.27056,53.4933]]}},{"type":"Feature","properties":{"fed_id_a":"480022851","fed_id_b":"590022641","kind":"land","length":6},"geometry":{"type":"LineString","coordinates":[[-117.49635,53.25828],[-116.98717,52.98482],[-117.08924,52.60042],[-117.20094,52.23694],[-116.68778,51.93035],[-116.78654,51.54341],[-116.88322,51.15804]]}},{"type":"Feature","properties":{"fed_id_a":"480022860","fed_id_b":"480022861","kind":"land","length":2},"geometry":{"type":"LineString","coordinates":[[-115.13007,53.30374],[-115.76303,53.21333],[-116.27056,53.4933]]}},{"type":"Feature","properties":{"fed_id_a":"480022883","fed_id_b":"480022901","kind":"land","length":2},"geometry":{"type":"LineString","coordinates":[[-112.54933,52.25136],[-113.17208,52.15847],[-113.78907,52.06257]]}},{"type":"Feature","properties":{"fed_id_a":"480022883","fed_id_b":"480022902","kind":"land","length":2},"geometry":{"type":"LineString","coordinates":[[-112.54933,52.25136],[-113.17208,52.15847],[-113.30324,51.75469]]}},{"type":"Feature","properties":{"fed_id_a":"480022883","fed_id_b":"480022910","kind":"land","length":2},"geometry":{"type":"LineString","coordinates":[[-112.54933,52.25136],[-112.69462,51.86093],[-112.84887,51.49699]]}},{"type":"Feature","properties":{"fed_id_a":"480022883","fed_id_b":"480022911","kind":"land","length":3},"geometry":{"type":"LineString","coordinates":[[-112.54933,52.25136],[-112.40408,52.64993],[-112.24539,53.02877],[-112.70472,53.35001]]}},{"type":"Feature","properties":{"fed_id_a":"480022883","fed_id_b":"480022914","kind":"land","length":2},"geometry":{"type":"LineString","coordinates":[[-112.54933,52.25136],[-112.40408,52.64993],[-112.88765,52.9442]]}},{"type":"Feature","properties":{"fed_id_a":"480022883","fed_id_b":"480022918","kind":"land","length":3},"geometry":{"type":"LineString","coordinates":[[-112.54933,52.25136],[-112.40408,52.64993],[-111.76415,52.73188],[-111.13498,52.84678]]}},{"type":"Feature","properties":{"fed_id_a":"480022883","fed_id_b":"480022926","kind":"land","length":2},"geometry":{"type":"LineString","coordinates":[[-112.54933,52.25136],[-113.17208,52.15847],[-113.65564,52.45395]]}},{"type":"Feature","properties":{"fed_id_a":"480022897","fed_id_b":"481160300","kind":"land","length":2},"geometry":{"type":"LineString","coordinates":[[-113.91681,51.66714],[-114.08366,51.44502],[-114.05239,51.29331]]}},{"type":"Feature","properties":{"fed_id_a":"480022911","fed_id_b":"480022918","kind":"land","length":3},"geometry":{"type":"LineString","coordinates":[[-112.70472,53.35001],[-112.24539,53.02877],[-111.76415,52.73188],[-111.13498,52.84678]]}},{"type":"Feature","properties":{"fed_id_a":"480022911","fed_id_b":"481160419","kind":"land","length":2},"geometry":{"type":"LineString","coordinates":[[-112.70472,53.35001],[-113.00404,53.5679],[-113.21491,53.64411]]}},{"type":"Feature","properties":{"fed_id_a":"480022916","fed_id_b":"480022918","kind":"land","length":2},"geometry":{"type":"LineString","coordinates":[[-112.02466,53.45769],[-111.5408,53.14997],[-111.13498,52.84678]]}},{"type":"Feature","properties":{"fed_id_a":"480022916","fed_id_b":"480022922","kind":"land","length":2},"geometry":{"type":"LineString","coordinates":[[-112.02466,53.45769],[-111.5408,53.14997],[-110.96224,53.22852]]}},{"type":"Feature","properties":{"fed_id_a":"590021775","fed_id_b":"590021799","kind":"land","length":2},"geometry":{"type":"LineString","coordinates":[[-120.5489,55.63533],[-121.11112,55.88985],[-121.05616,56.29233]]}},{"type":"Feature","properties":{"fed_id_a":"590021775","fed_id_b":"590022980","kind":"land","length":6},"geometry":{"type":"LineString","coordinates":[[-120.5489,55.63533],[-121.16766,55.49241],[-121.77846,55.34722],[-122.38132,55.19986],[-122.40154,54.78066],[-122.46148,54.41365],[-122.48515,54.00356]]}},{"type":"Feature","properties":{"fed_id_a":"590021799","fed_id_b":"590022562","kind":"water","length":9},"geometry":{"type":"LineString","coordinates":[[-121.05616,56.29233],[-121.67455,56.13514],[-122.40191,55.96114],[-122.89008,55.81951],[-123.37718,55.718],[-123.53382,55.28897],[-123.5633,54.89901],[-123.00972,54.65785],[-123.04243,54.26668],[-123.07966,53.88348]]}},{"type":"Feature","properties":{"fed_id_a":"590021799","fed_id_b":"590022563","kind":"water","length":9},"geometry":{"type":"LineString","coordinates":[[-121.05616,56.29233],[-121.67455,56.13514],[-122.40191,55.96114],[-122.89008,55.81951],[-123.37718,55.718],[-124.10142,55.52979],[-124.12219,55.13706],[-124.1425,54.74569],[-124.1759,54.37174],[-124.18042,53.96561]]}},{"type":"Feature","properties":{"fed_id_a":"590022301","fed_id_b":"590022330","kind":"land","length":3},"geometry":{"type":"LineString","coordinates":[[-128.55666,54.22152],[-128.02734,54.39014],[-127.48221,54.54904],[-126.92614,54.70301]]}},{"type":"Feature","properties":{"fed_id_a":"590022301","fed_id_b":"590022343","kind":"land","length":3},"geometry":{"type":"LineString","coordinates":[[-128.55666,54.22152],[-129.07831,54.0517],[-129.56259,54.28709],[-130.0629,54.50995]]}},{"type":"Feature","properties":{"fed_id_a":"590022326","fed_id_b":"590022330","kind":"land","length":3},"geometry":{"type":"LineString","coordinates":[[-128.61426,54.63159],[-128.05134,54.77385],[-127.48221,54.54904],[-126.92614,54.70301]]}},{"type":"Feature","properties":{"fed_id_a":"590022326","fed_id_b":"590022343","kind":"land","length":3},"geometry":{"type":"LineString","coordinates":[[-128.61426,54.63159],[-129.14971,54.81384],[-129.65256,54.61805],[-130.0629,54.50995]]}},{"type":"Feature","properties":{"fed_id_a":"590022326","fed_id_b":"600023712","kind":"land","length":20},"geometry":{"type":"LineString","coordinates":[[-128.61426,54.63159],[-128.71252,54.94279],[-128.64791,55.37174],[-128.67974,55.75777],[-128.7123,56.14506],[-128.74564,56.53358],[-128.77978,56.92331],[-128.78319,57.35792],[-128.85057,57.70624],[-128.88728,58.09938],[-128.92492,58.4936],[-129.56076,58.69912],[-129.60764,59.09375],[-130.25713,59.2947],[-130.91188,59.49167],[-131.57176,59.68462],[-132.23668,59.8735],[-132.85134,60.08421],[-133.5811,60.23893],[-134.30304,60.44577],[-134.96225,60.60028]]}},{"type":"Feature","properties":{"fed_id_a":"590022330","fed_id_b":"590022563","kind":"land","length":5},"geometry":{"type":"LineString","coordinates":[[-126.92614,54.70301],[-126.38706,54.50094],[-125.81731,54.25738],[-125.27748,54.43375],[-124.74725,54.2253],[-124.18042,53.96561]]}},{"type":"Feature","properties":{"fed_id_a":"590022356","fed_id_b":"590022380","kind":"land","length":2},"geometry":{"type":"LineString","coordinates":[[-122.21871,52.2011],[-122.63956,52.46413],[-122.58587,52.82552]]}},{"type":"Feature","properties":{"fed_id_a":"590022356","fed_id_b":"590022736","kind":"land","length":5},"geometry":{"type":"LineString","coordinates":[[-122.21871,52.2011],[-122.197,51.87805],[-122.20564,51.45547],[-121.71171,51.2154],[-121.22288,50.97393],[-120.7141,50.69466]]}},{"type":"Feature","properties":{"fed_id_a":"590022356","fed_id_b":"590022764","kind":"land","length":2},"geometry":{"type":"LineString","coordinates":[[-122.21871,52.2011],[-121.73984,51.94605],[-121.06777,51.74426]]}},{"type":"Feature","properties":{"fed_id_a":"590022356","fed_id_b":"590049216","kind":"land","length":6},"geometry":{"type":"LineString","coordinates":[[-122.21871,52.2011],[-122.197,51.87805],[-122.20564,51.45547],[-122.26871,51.10922],[-122.78139,50.94959],[-122.83698,50.56308],[-122.8401,50.19137]]}},{"type":"Feature","properties":{"fed_id_a":"590022380","fed_id_b":"590022562","kind":"land","length":3},"geometry":{"type":"LineString","coordinates":[[-122.58587,52.82552],[-123.13626,53.10189],[-123.06626,53.49055],[-123.07966,53.88348]]}},{"type":"Feature","properties":{"fed_id_a":"590022380","fed_id_b":"590022563","kind":"land","length":4},"geometry":{"type":"LineString","coordinates":[[-122.58587,52.82552],[-123.13626,53.10189],[-123.66606,53.34243],[-124.2007,53.58009],[-124.18042,53.96561]]}},{"type":"Feature","properties":{"fed_id_a":"590022380","fed_id_b":"590022980","kind":"land","length":4},"geometry":{"type":"LineString","coordinates":[[-122.58587,52.82552],[-122.55798,53.22304],[-122.00685,53.38644],[-121.96322,53.77571],[-122.48515,54.00356]]}},{"type":"Feature","properties":{"fed_id_a":"590022562","fed_id_b":"590022563","kind":"land","length":2},"geometry":{"type":"LineString","coordinates":[[-123.07966,53.88348],[-123.61261,54.11391],[-124.18042,53.96561]]}},{"type":"Feature","properties":{"fed_id_a":"590022641","fed_id_b":"590022652","kind":"land","length":2},"geometry":{"type":"LineString","coordinates":[[-116.88322,51.15804],[-117.46142,51.05281],[-117.99954,50.88947]]}},{"type":"Feature","properties":{"fed_id_a":"590022641","fed_id_b":"590022664","kind":"land","length":2},"geometry":{"type":"LineString","coordinates":[[-116.88322,51.15804],[-116.40417,50.88282],[-115.94057,50.62387]]}},{"type":"Feature","properties":{"fed_id_a":"590022641","fed_id_b":"590022814","kind":"land","length":4},"geometry":{"type":"LineString","coordinates":[[-116.88322,51.15804],[-116.98131,50.78013],[-117.07061,50.39216],[-117.16883,50.02443],[-117.23372,49.60409]]}},{"type":"Feature","properties":{"fed_id_a":"590022652","fed_id_b":"590022743","kind":"land","length":3},"geometry":{"type":"LineString","coordinates":[[-117.99954,50.88947],[-118.58865,50.8169],[-118.6692,50.4436],[-119.215,50.31921]]}},{"type":"Feature","properties":{"fed_id_a":"590022652","fed_id_b":"590022747","kind":"land","length":2},"geometry":{"type":"LineString","coordinates":[[-117.99954,50.88947],[-118.58865,50.8169],[-119.14014,50.69106]]}},{"type":"Feature","properties":{"fed_id_a":"590022652","fed_id_b":"590022774","kind":"land","length":4},"geometry":{"type":"LineString","coordinates":[[-117.99954,50.88947],[-118.51138,51.19962],[-119.0017,51.46415],[-119.56475,51.3423],[-119.51476,50.99427]]}},{"type":"Feature","properties":{"fed_id_a":"590022652","fed_id_b":"590022814","kind":"land","length":4},"geometry":{"type":"LineString","coordinates":[[-117.99954,50.88947],[-117.54584,50.66356],[-117.62868,50.2763],[-117.71692,49.90271],[-117.23372,49.60409]]}},{"type":"Feature","properties":{"fed_id_a":"590022652","fed_id_b":"590022816","kind":"land","length":4},"geometry":{"type":"LineString","coordinates":[[-117.99954,50.88947],[-118.108,50.55072],[-118.18822,50.17037],[-118.24831,49.76125],[-117.79988,49.52483]]}},{"type":"Feature","properties":{"fed_id_a":"590022664","fed_id_b":"590022732","kind":"land","length":3},"geometry":{"type":"LineString","coordinates":[[-115.94057,50.62387],[-116.03821,50.23134],[-115.56936,49.94472],[-115.10288,49.65049]]}},{"type":"Feature","properties":{"fed_id_a":"590022664","fed_id_b":"590022814","kind":"land","length":4},"geometry":{"type":"LineString","coordinates":[[-115.94057,50.62387],[-116.52353,50.53545],[-116.60038,50.1186],[-117.16883,50.02443],[-117.23372,49.60409]]}},{"type":"Feature","properties":{"fed_id_a":"590022664","fed_id_b":"590022825","kind":"land","length":3},"geometry":{"type":"LineString","coordinates":[[-115.94057,50.62387],[-116.03821,50.23134],[-116.13514,49.84294],[-115.65936,49.53638]]}},{"type":"Feature","properties":{"fed_id_a":"590022732","fed_id_b":"590022823","kind":"land","length":3},"geometry":{"type":"LineString","coordinates":[[-115.10288,49.65049],[-115.21954,49.28556],[-115.7757,49.18268],[-116.316,49.13047]]}},{"type":"Feature","properties":{"fed_id_a":"590022736","fed_id_b":"590022763","kind":"land","length":2},"geometry":{"type":"LineString","coordinates":[[-120.7141,50.69466],[-120.79024,50.34996],[-120.8281,49.95253]]}},{"type":"Feature","properties":{"fed_id_a":"590022736","fed_id_b":"590022764","kind":"land","length":3},"geometry":{"type":"LineString","coordinates":[[-120.7141,50.69466],[-120.69149,51.1206],[-120.6405,51.50841],[-121.06777,51.74426]]}},{"type":"Feature","properties":{"fed_id_a":"590022736","fed_id_b":"590049216","kind":"land","length":4},"geometry":{"type":"LineString","coordinates":[[-120.7141,50.69466],[-121.26619,50.58795],[-121.79867,50.4598],[-122.31703,50.31889],[-122.8401,50.19137]]}},{"type":"Feature","properties":{"fed_id_a":"590022737","fed_id_b":"590022743","kind":"land","length":2},"geometry":{"type":"LineString","coordinates":[[-120.24065,50.45756],[-119.75151,50.18796],[-119.215,50.31921]]}},{"type":"Feature","properties":{"fed_id_a":"590022737","fed_id_b":"590022746","kind":"land","length":2},"geometry":{"type":"LineString","coordinates":[[-120.24065,50.45756],[-119.75151,50.18796],[-119.259,49.90287]]}},{"type":"Feature","properties":{"fed_id_a":"590022737","fed_id_b":"590022758","kind":"land","length":3},"geometry":{"type":"LineString","coordinates":[[-120.24065,50.45756],[-120.28511,50.05975],[-120.35489,49.70341],[-119.85479,49.45366]]}},{"type":"Feature","properties":{"fed_id_a":"590022737","fed_id_b":"590022762","kind":"land","length":2},"geometry":{"type":"LineString","coordinates":[[-120.24065,50.45756],[-119.75151,50.18796],[-119.82644,49.83]]}},{"type":"Feature","properties":{"fed_id_a":"590022737","fed_id_b":"590022763","kind":"land","length":2},"geometry":{"type":"LineString","coordinates":[[-120.24065,50.45756],[-120.28511,50.05975],[-120.8281,49.95253]]}},{"type":"Feature","properties":{"fed_id_a":"590022741","fed_id_b":"590022764","kind":"land","length":3},"geometry":{"type":"LineString","coordinates":[[-120.17347,50.82489],[-120.12692,51.22633],[-120.6405,51.50841],[-121.06777,51.74426]]}},{"type":"Feature","properties":{"fed_id_a":"590022743","fed_id_b":"590022816","kind":"land","length":3},"geometry":{"type":"LineString","coordinates":[[-119.215,50.31921],[-118.73848,50.05644],[-118.24831,49.76125],[-117.79988,49.52483]]}},{"type":"Feature","properties":{"fed_id_a":"590022746","fed_id_b":"590022791","kind":"land","length":3},"geometry":{"type":"LineString","coordinates":[[-119.259,49.90287],[-118.80822,49.67409],[-118.34385,49.41476],[-117.88991,49.16342]]}},{"type":"Feature","properties":{"fed_id_a":"590022746","fed_id_b":"590022816","kind":"land","length":3},"geometry":{"type":"LineString","coordinates":[[-119.259,49.90287],[-118.80822,49.67409],[-118.24831,49.76125],[-117.79988,49.52483]]}},{"type":"Feature","properties":{"fed_id_a":"590022746","fed_id_b":"590022828","kind":"land","length":3},"geometry":{"type":"LineString","coordinates":[[-119.259,49.90287],[-118.80822,49.67409],[-118.88231,49.30279],[-118.46496,49.10082]]}},{"type":"Feature","properties":{"fed_id_a":"590022758","fed_id_b":"590022763","kind":"land","length":2},"geometry":{"type":"LineString","coordinates":[[-119.85479,49.45366],[-120.35489,49.70341],[-120.8281,49.95253]]}},{"type":"Feature","properties":{"fed_id_a":"590022758","fed_id_b":"590049168","kind":"land","length":3},"geometry":{"type":"LineString","coordinates":[[-119.85479,49.45366],[-120.43188,49.33546],[-120.99558,49.21641],[-121.58311,49.11658]]}},{"type":"Feature","properties":{"fed_id_a":"590022763","fed_id_b":"590049168","kind":"land","length":3},"geometry":{"type":"LineString","coordinates":[[-120.8281,49.95253],[-120.88223,49.5822],[-120.99558,49.21641],[-121.58311,49.11658]]}},{"type":"Feature","properties":{"fed_id_a":"590022763","fed_id_b":"590049169","kind":"land","length":3},"geometry":{"type":"LineString","coordinates":[[-120.8281,49.95253],[-121.35643,49.83029],[-121.8798,49.7076],[-121.98869,49.34987]]}},{"type":"Feature","properties":{"fed_id_a":"590022763","fed_id_b":"590049171","kind":"land","length":2},"geometry":{"type":"LineString","coordinates":[[-120.8281,49.95253],[-121.35643,49.83029],[-121.4198,49.45368]]}},{"type":"Feature","properties":{"fed_id_a":"590022763","fed_id_b":"590049216","kind":"land","length":4},"geometry":{"type":"LineString","coordinates":[[-120.8281,49.95253],[-121.35643,49.83029],[-121.85398,50.10304],[-122.32973,49.91159],[-122.8401,50.19137]]}},{"type":"Feature","properties":{"fed_id_a":"590022764","fed_id_b":"590022774","kind":"land","length":5},"geometry":{"type":"LineString","coordinates":[[-121.06777,51.74426],[-120.56058,51.85802],[-119.99747,51.98594],[-119.524,51.76674],[-119.56475,51.3423],[-119.51476,50.99427]]}},{"type":"Feature","properties":{"fed_id_a":"590022789","fed_id_b":"590022823","kind":"land","length":2},"geometry":{"type":"LineString","coordinates":[[-117.35405,49.28425],[-116.85095,49.05491],[-116.316,49.13047]]}},{"type":"Feature","properties":{"fed_id_a":"590022814","fed_id_b":"590022823","kind":"land","length":3},"geometry":{"type":"LineString","coordinates":[[-117.23372,49.60409],[-116.69372,49.73584],[-116.24054,49.47525],[-116.316,49.13047]]}},{"type":"Feature","properties":{"fed_id_a":"590022814","fed_id_b":"590022825","kind":"land","length":3},"geometry":{"type":"LineString","coordinates":[[-117.23372,49.60409],[-116.69372,49.73584],[-116.13514,49.84294],[-115.65936,49.53638]]}},{"type":"Feature","properties":{"fed_id_a":"590022823","fed_id_b":"590022825","kind":"land","length":2},"geometry":{"type":"LineString","coordinates":[[-116.316,49.13047],[-116.24054,49.47525],[-115.65936,49.53638]]}},{"type":"Feature","properties":{"fed_id_a":"590022828","fed_id_b":"590022829","kind":"land","length":2},"geometry":{"type":"LineString","coordinates":[[-118.46496,49.10082],[-118.88231,49.30279],[-119.35517,49.22321]]}},{"type":"Feature","properties":{"fed_id_a":"590022828","fed_id_b":"590022833","kind":"land","length":2},"geometry":{"type":"LineString","coordinates":[[-118.46496,49.10082],[-118.88231,49.30279],[-119.31387,49.57625]]}},{"type":"Feature","properties":{"fed_id_a":"590049155","fed_id_b":"591344694","kind":"water","length":2},"geometry":{"type":"LineString","coordinates":[[-123.43626,48.62198],[-123.07315,49.01586],[-123.08178,49.07934]]}},{"type":"Feature","properties":{"fed_id_a":"590049169","fed_id_b":"590049216","kind":"land","length":3},"geometry":{"type":"LineString","coordinates":[[-121.98869,49.34987],[-121.8798,49.7076],[-122.32973,49.91159],[-122.8401,50.19137]]}},{"type":"Feature","properties":{"fed_id_a":"590049169","fed_id_b":"590049238","kind":"land","length":2},"geometry":{"type":"LineString","coordinates":[[-121.98869,49.34987],[-122.42001,49.58932],[-122.93146,49.48484]]}},{"type":"Feature","properties":{"fed_id_a":"590049169","fed_id_b":"590049241","kind":"land","length":2},"geometry":{"type":"LineString","coordinates":[[-121.98869,49.34987],[-122.42001,49.58932],[-122.89363,49.84894]]}},{"type":"Feature","properties":{"fed_id_a":"590049169","fed_id_b":"591344708","kind":"land","length":2},"geometry":{"type":"LineString","coordinates":[[-121.98869,49.34987],[-122.3747,49.3082],[-122.55394,49.2141]]}},{"type":"Feature","properties":{"fed_id_a":"590049196","fed_id_b":"590049202","kind":"land","length":2},"geometry":{"type":"LineString","coordinates":[[-124.35463,49.87799],[-123.73314,49.91944],[-123.92124,49.59137]]}},{"type":"Feature","properties":{"fed_id_a":"590049196","fed_id_b":"590049209","kind":"water","length":2},"geometry":{"type":"LineString","coordinates":[[-124.35463,49.87799],[-124.63933,50.02941],[-125.41536,49.88077]]}},{"type":"Feature","properties":{"fed_id_a":"590049196","fed_id_b":"590049216","kind":"land","length":3},"geometry":{"type":"LineString","coordinates":[[-124.35463,49.87799],[-123.73314,49.91944],[-123.35877,50.06437],[-122.8401,50.19137]]}},{"type":"Feature","properties":{"fed_id_a":"590049196","fed_id_b":"590049239","kind":"land","length":2},"geometry":{"type":"LineString","coordinates":[[-124.35463,49.87799],[-123.73314,49.91944],[-123.40888,49.69956]]}},{"type":"Feature","properties":{"fed_id_a":"590049216","fed_id_b":"590049239","kind":"land","length":2},"geometry":{"type":"LineString","coordinates":[[-122.8401,50.19137],[-123.35877,50.06437],[-123.40888,49.69956]]}},{"type":"Feature","properties":{"fed_id_a":"590049225","fed_id_b":"590049226","kind":"land","length":2},"geometry":{"type":"LineString","coordinates":[[-124.63769,49.09447],[-124.26974,48.83537],[-123.86058,48.91206]]}},{"type":"Feature","properties":{"fed_id_a":"590049225","fed_id_b":"590049230","kind":"land","length":2},"geometry":{"type":"LineString","coordinates":[[-124.63769,49.09447],[-124.26974,48.83537],[-123.85561,48.58483]]}},{"type":"Feature","properties":{"fed_id_a":"590049238","fed_id_b":"591344708","kind":"land","length":2},"geometry":{"type":"LineString","coordinates":[[-122.93146,49.48484],[-122.57203,49.35689],[-122.55394,49.2141]]}}]}
