{"type":"FeatureCollection","features":[{"type":"Feature","properties":{"fed_id_a":"10032095","fed_id_b":"10032126","kind":"land","length":2},"geometry":{"type":"LineString","coordinates":[[-52.80703,47.88314],[-53.30812,48.10643],[-53.24489,48.51741]]}},{"type":"Feature","properties":{"fed_id_a":"10032095","fed_id_b":"10032142","kind":"land","length":2},"geometry":{"type":"LineString","coordinates":[[-52.80703,47.88314],[-53.30812,48.10643],[-53.81584,48.3285]]}},{"type":"Feature","properties":{"fed_id_a":"10032097","fed_id_b":"10032142","kind":"land","length":3},"geometry":{"type":"LineString","coordinates":[[-53.37013,47.6968],[-53.92978,47.50753],[-53.87336,47.91732],[-53.81584,48.3285]]}},{"type":"Feature","properties":{"fed_id_a":"10032097","fed_id_b":"10032229","kind":"land","length":3},"geometry":{"type":"LineString","coordinates":[[-53.37013,47.6968],[-53.92978,47.50753],[-54.48589,47.31537],[-55.03839,47.12038]]}},{"type":"Feature","properties":{"fed_id_a":"10032114","fed_id_b":"10032229","kind":"water","length":3},"geometry":{"type":"LineString","coordinates":[[-53.43097,47.28857],[-53.98513,47.09916],[-54.48589,47.31537],[-55.03839,47.12038]]}},{"type":"Feature","properties":{"fed_id_a":"10032142","fed_id_b":"10032229","kind":"land","length":4},"geometry":{"type":"LineString","coordinates":[[-53.81584,48.3285],[-54.38313,48.13658],[-54.9467,47.94171],[-54.99298,47.53032],[-55.03839,47.12038]]}},{"type":"Feature","properties":{"fed_id_a":"10032142","fed_id_b":"10033425","kind":"land","length":3},"geometry":{"type":"LineString","coordinates":[[-53.81584,48.3285],[-54.33024,48.54928],[-54.85138,48.76869],[-54.80229,49.1842]]}},{"type":"Feature","properties":{"fed_id_a":"10032142","fed_id_b":"10033426","kind":"land","length":2},"geometry":{"type":"LineString","coordinates":[[-53.81584,48.3285],[-53.75719,48.74103],[-54.2763,48.96332]]}},{"type":"Feature","properties":{"fed_id_a":"10032142","fed_id_b":"10033427","kind":"land","length":4},"geometry":{"type":"LineString","coordinates":[[-53.81584,48.3285],[-54.38313,48.13658],[-54.89951,48.35452],[-55.42252,48.57103],[-55.3793,48.98664]]}},{"type":"Feature","properties":{"fed_id_a":"10032229","fed_id_b":"10033427","kind":"land","length":5},"geometry":{"type":"LineString","coordinates":[[-55.03839,47.12038],[-55.54722,47.33254],[-55.50646,47.74394],[-55.4649,48.15679],[-55.42252,48.57103],[-55.3793,48.98664]]}},{"type":"Feature","properties":{"fed_id_a":"10033423","fed_id_b":"10033425","kind":"land","length":2},"geometry":{"type":"LineString","coordinates":[[-55.87507,49.62136],[-55.3352,49.40357],[-54.80229,49.1842]]}},{"type":"Feature","properties":{"fed_id_a":"10033423","fed_id_b":"10033427","kind":"land","length":2},"geometry":{"type":"LineString","coordinates":[[-55.87507,49.62136],[-55.91403,49.20304],[-55.3793,48.98664]]}},{"type":"Feature","properties":{"fed_id_a":"10033423","fed_id_b":"10033429","kind":"land","length":2},"geometry":{"type":"LineString","coordinates":[[-55.87507,49.62136],[-55.3352,49.40357],[-54.75222,49.60101]]}},{"type":"Feature","properties":{"fed_id_a":"10033423","fed_id_b":"10033436","kind":"land","length":3},"geometry":{"type":"LineString","coordinates":[[-55.87507,49.62136],[-56.45562,49.41781],[-57.0318,49.21122],[-57.60352,49.00164]]}},{"type":"Feature","properties":{"fed_id_a":"10033423","fed_id_b":"10033568","kind":"land","length":13},"geometry":{"type":"LineString","coordinates":[[-55.87507,49.62136],[-56.42194,49.83746],[-56.38756,50.25838],[-56.35247,50.68052],[-56.31663,51.10385],[-56.28004,51.52832],[-56.24265,51.95389],[-56.82536,52.17446],[-57.41593,52.3929],[-58.01441,52.6091],[-58.62082,52.82297],[-59.23518,53.0344],[-59.85751,53.24328],[-60.48781,53.4495]]}},{"type":"Feature","properties":{"fed_id_a":"10033427","fed_id_b":"10033436","kind":"land","length":4},"geometry":{"type":"LineString","coordinates":[[-55.3793,48.98664],[-55.95222,48.78604],[-56.52099,48.58247],[-57.05893,48.79291],[-57.60352,49.00164]]}},{"type":"Feature","properties":{"fed_id_a":"10033568","fed_id_b":"24017415","kind":"land","length":10},"geometry":{"type":"LineString","coordinates":[[-60.48781,53.4495],[-61.12607,53.65297],[-61.7723,53.85356],[-62.42646,54.05118],[-63.05041,53.81013],[-63.71247,54.00098],[-64.3293,53.75295],[-64.93903,53.50171],[-65.54164,53.24737],[-66.13711,52.99],[-66.72546,52.72972]]}},{"type":"Feature","properties":{"fed_id_a":"11051798","fed_id_b":"11051828","kind":"water","length":2},"geometry":{"type":"LineString","coordinates":[[-63.54842,46.10498],[-63.00248,45.93003],[-62.4875,46.16441]]}},{"type":"Feature","properties":{"fed_id_a":"11051799","fed_id_b":"13051835","kind":"water","length":2},"geometry":{"type":"LineString","coordinates":[[-64.1414,46.69179],[-64.18401,47.10727],[-64.75163,47.27951]]}},{"type":"Feature","properties":{"fed_id_a":"11051828","fed_id_b":"12051804","kind":"land","length":2},"geometry":{"type":"LineString","coordinates":[[-62.4875,46.16441],[-63.00248,45.93003],[-62.97209,45.51942]]}},{"type":"Feature","properties":{"fed_id_a":"11051828","fed_id_b":"12051806","kind":"land","length":2},"geometry":{"type":"LineString","coordinates":[[-62.4875,46.16441],[-63.00248,45.93003],[-63.51276,45.69351]]}},{"type":"Feature","properties":{"fed_id_a":"11051828","fed_id_b":"12051829","kind":"land","length":2},"geometry":{"type":"LineString","coordinates":[[-62.4875,46.16441],[-63.00248,45.93003],[-62.46181,45.75308]]}},{"type":"Feature","properties":{"fed_id_a":"11051828","fed_id_b":"12052080","kind":"water","length":3},"geometry":{"type":"LineString","coordinates":[[-62.4875,46.16441],[-61.96785,46.39659],[-61.42751,46.21388],[-60.89267,46.02929]]}},{"type":"Feature","properties":{"fed_id_a":"11051828","fed_id_b":"24052012","kind":"water","length":3},"geometry":{"type":"LineString","coordinates":[[-62.4875,46.16441],[-62.0109,47.22539]]}},{"type":"Feature","properties":{"fed_id_a":"12051794","fed_id_b":"12051819","kind":"land","length":2},"geometry":{"type":"LineString","coordinates":[[-64.05858,45.86558],[-64.56392,45.62413],[-64.51917,45.21434]]}},{"type":"Feature","properties":{"fed_id_a":"12051794","fed_id_b":"13051820","kind":"land","length":2},"geometry":{"type":"LineString","coordinates":[[-64.05858,45.86558],[-64.56392,45.62413],[-65.11452,45.79125]]}},{"type":"Feature","properties":{"fed_id_a":"12051800","fed_id_b":"12051876","kind":"land","length":2},"geometry":{"type":"LineString","coordinates":[[-63.47776,45.28369],[-62.94226,45.1105],[-62.91297,44.70328]]}},{"type":"Feature","properties":{"fed_id_a":"12051804","fed_id_b":"12051876","kind":"land","length":3},"geometry":{"type":"LineString","coordinates":[[-62.97209,45.51942],[-62.43658,45.34341],[-62.41183,44.93543],[-62.91297,44.70328]]}},{"type":"Feature","properties":{"fed_id_a":"12051804","fed_id_b":"12052058","kind":"land","length":2},"geometry":{"type":"LineString","coordinates":[[-62.97209,45.51942],[-62.43658,45.34341],[-61.92641,45.57422]]}},{"type":"Feature","properties":{"fed_id_a":"12051815","fed_id_b":"12051884","kind":"land","length":2},"geometry":{"type":"LineString","coordinates":[[-65.01529,44.97183],[-64.96703,44.56466],[-64.43212,44.39985]]}},{"type":"Feature","properties":{"fed_id_a":"12051815","fed_id_b":"12051887","kind":"land","length":2},"geometry":{"type":"LineString","coordinates":[[-65.01529,44.97183],[-64.96703,44.56466],[-64.91965,44.15922]]}},{"type":"Feature","properties":{"fed_id_a":"12051815","fed_id_b":"13051816","kind":"water","length":2},"geometry":{"type":"LineString","coordinates":[[-65.01529,44.97183],[-65.56012,45.13537],[-65.61459,45.54496]]}},{"type":"Feature","properties":{"fed_id_a":"12051819","fed_id_b":"13051816","kind":"land","length":2},"geometry":{"type":"LineString","coordinates":[[-64.51917,45.21434],[-65.06444,45.3807],[-65.61459,45.54496]]}},{"type":"Feature","properties":{"fed_id_a":"12051819","fed_id_b":"13051820","kind":"land","length":2},"geometry":{"type":"LineString","coordinates":[[-64.51917,45.21434],[-65.06444,45.3807],[-65.11452,45.79125]]}},{"type":"Feature","properties":{"fed_id_a":"12051829","fed_id_b":"12052080","kind":"water","length":3},"geometry":{"type":"LineString","coordinates":[[-62.46181,45.75308],[-61.94694,45.98459],[-61.42751,46.21388],[-60.89267,46.02929]]}},{"type":"Feature","properties":{"fed_id_a":"12051829","fed_id_b":"12052083","kind":"water","length":2},"geometry":{"type":"LineString","coordinates":[[-62.46181,45.75308],[-61.94694,45.98459],[-61.41177,45.80287]]}},{"type":"Feature","properties":{"fed_id_a":"12051856","fed_id_b":"12051884","kind":"land","length":3},"geometry":{"type":"LineString","coordinates":[[-65.35199,43.51416],[-64.87312,43.75554],[-64.38977,43.99522],[-64.43212,44.39985]]}},{"type":"Feature","properties":{"fed_id_a":"12051856","fed_id_b":"12051887","kind":"land","length":2},"geometry":{"type":"LineString","coordinates":[[-65.35199,43.51416],[-64.87312,43.75554],[-64.91965,44.15922]]}},{"type":"Feature","properties":{"fed_id_a":"12051856","fed_id_b":"12051976","kind":"land","length":2},"geometry":{"type":"LineString","coordinates":[[-65.35199,43.51416],[-65.40261,43.91683],[-65.93664,44.07615]]}},{"type":"Feature","properties":{"fed_id_a":"12051876","fed_id_b":"12052058","kind":"land","length":3},"geometry":{"type":"LineString","coordinates":[[-62.91297,44.70328],[-62.41183,44.93543],[-61.90627,45.16553],[-61.92641,45.57422]]}},{"type":"Feature","properties":{"fed_id_a":"12051887","fed_id_b":"12051975","kind":"land","length":2},"geometry":{"type":"LineString","coordinates":[[-64.91965,44.15922],[-65.45416,44.32128],[-65.99329,44.48132]]}},{"type":"Feature","properties":{"fed_id_a":"12051887","fed_id_b":"12051976","kind":"land","length":2},"geometry":{"type":"LineString","coordinates":[[-64.91965,44.15922],[-65.45416,44.32128],[-65.93664,44.07615]]}},{"type":"Feature","properties":{"fed_id_a":"12051887","fed_id_b":"12051979","kind":"land","length":2},"geometry":{"type":"LineString","coordinates":[[-64.91965,44.15922],[-65.45416,44.32128],[-65.50666,44.72747]]}},{"type":"Feature","properties":{"fed_id_a":"12051951","fed_id_b":"12051975","kind":"water","length":2},"geometry":{"type":"LineString","coordinates":[[-66.41447,43.82936],[-66.47517,44.23345],[-65.99329,44.48132]]}},{"type":"Feature","properties":{"fed_id_a":"12051975","fed_id_b":"13051969","kind":"water","length":3},"geometry":{"type":"LineString","coordinates":[[-65.99329,44.48132],[-66.53698,44.63927],[-67.0852,44.79508],[-66.59993,45.0468]]}},{"type":"Feature","properties":{"fed_id_a":"12051979","fed_id_b":"13051816","kind":"water","length":2},"geometry":{"type":"LineString","coordinates":[[-65.50666,44.72747],[-65.56012,45.13537],[-65.61459,45.54496]]}},{"type":"Feature","properties":{"fed_id_a":"12052058","fed_id_b":"12052081","kind":"land","length":2},"geometry":{"type":"LineString","coordinates":[[-61.92641,45.57422],[-61.39632,45.39353],[-60.88201,45.61934]]}},{"type":"Feature","properties":{"fed_id_a":"13051795","fed_id_b":"13051835","kind":"land","length":2},"geometry":{"type":"LineString","coordinates":[[-64.65598,46.44865],[-64.70334,46.8633],[-64.75163,47.27951]]}},{"type":"Feature","properties":{"fed_id_a":"13051795","fed_id_b":"13051838","kind":"land","length":2},"geometry":{"type":"LineString","coordinates":[[-64.65598,46.44865],[-64.70334,46.8633],[-65.27057,47.03255]]}},{"type":"Feature","properties":{"fed_id_a":"13051808","fed_id_b":"13051811","kind":"land","length":2},"geometry":{"type":"LineString","coordinates":[[-65.67008,45.9562],[-65.72663,46.36905],[-65.21755,46.6172]]}},{"type":"Feature","properties":{"fed_id_a":"13051808","fed_id_b":"13051813","kind":"land","length":2},"geometry":{"type":"LineString","coordinates":[[-65.67008,45.9562],[-65.72663,46.36905],[-65.78427,46.78348]]}},{"type":"Feature","properties":{"fed_id_a":"13051810","fed_id_b":"13051813","kind":"land","length":2},"geometry":{"type":"LineString","coordinates":[[-66.23057,46.11891],[-66.29273,46.53237],[-65.78427,46.78348]]}},{"type":"Feature","properties":{"fed_id_a":"13051810","fed_id_b":"13051898","kind":"land","length":3},"geometry":{"type":"LineString","coordinates":[[-66.23057,46.11891],[-66.29273,46.53237],[-66.8638,46.69333],[-67.36617,46.43733]]}},{"type":"Feature","properties":{"fed_id_a":"13051813","fed_id_b":"13051837","kind":"land","length":2},"geometry":{"type":"LineString","coordinates":[[-65.78427,46.78348],[-65.84302,47.19946],[-65.32461,47.44943]]}},{"type":"Feature","properties":{"fed_id_a":"13051813","fed_id_b":"13051898","kind":"land","length":3},"geometry":{"type":"LineString","coordinates":[[-65.78427,46.78348],[-66.35608,46.9474],[-66.8638,46.69333],[-67.36617,46.43733]]}},{"type":"Feature","properties":{"fed_id_a":"13051813","fed_id_b":"13051904","kind":"land","length":3},"geometry":{"type":"LineString","coordinates":[[-65.78427,46.78348],[-66.35608,46.9474],[-66.93296,47.10889],[-67.43979,46.85185]]}},{"type":"Feature","properties":{"fed_id_a":"13051813","fed_id_b":"13051930","kind":"land","length":2},"geometry":{"type":"LineString","coordinates":[[-65.78427,46.78348],[-65.84302,47.19946],[-65.90293,47.61694]]}},{"type":"Feature","properties":{"fed_id_a":"13051841","fed_id_b":"24052096","kind":"water","length":2},"geometry":{"type":"LineString","coordinates":[[-64.80085,47.69723],[-64.27176,47.9428],[-64.31694,48.36278]]}},{"type":"Feature","properties":{"fed_id_a":"13051891","fed_id_b":"13051904","kind":"land","length":2},"geometry":{"type":"LineString","coordinates":[[-68.10166,47.42429],[-67.51483,47.26788],[-67.43979,46.85185]]}},{"type":"Feature","properties":{"fed_id_a":"13051891","fed_id_b":"13051932","kind":"land","length":3},"geometry":{"type":"LineString","coordinates":[[-68.10166,47.42429],[-67.59135,47.68538],[-67.00347,47.52594],[-66.48653,47.78198]]}},{"type":"Feature","properties":{"fed_id_a":"13051891","fed_id_b":"24051919","kind":"land","length":3},"geometry":{"type":"LineString","coordinates":[[-68.10166,47.42429],[-67.59135,47.68538],[-67.66938,48.10431],[-67.1487,48.36439]]}},{"type":"Feature","properties":{"fed_id_a":"13051891","fed_id_b":"24051920","kind":"land","length":2},"geometry":{"type":"LineString","coordinates":[[-68.10166,47.42429],[-67.59135,47.68538],[-67.07536,47.94446]]}},{"type":"Feature","properties":{"fed_id_a":"13051891","fed_id_b":"24051934","kind":"land","length":2},"geometry":{"type":"LineString","coordinates":[[-68.10166,47.42429],[-68.18427,47.84217],[-68.78215,47.99625]]}},{"type":"Feature","properties":{"fed_id_a":"13051891","fed_id_b":"24051938","kind":"land","length":2},"geometry":{"type":"LineString","coordinates":[[-68.10166,47.42429],[-68.18427,47.84217],[-68.26851,48.26146]]}},{"type":"Feature","properties":{"fed_id_a":"13051892","fed_id_b":"13051898","kind":"water","length":2},"geometry":{"type":"LineString","coordinates":[[-68.02064,47.00786],[-67.94118,46.59291],[-67.36617,46.43733]]}},{"type":"Feature","properties":{"fed_id_a":"13051899","fed_id_b":"13051969","kind":"land","length":3},"geometry":{"type":"LineString","coordinates":[[-67.29394,46.02436],[-67.22306,45.61297],[-66.66405,45.45601],[-66.59993,45.0468]]}},{"type":"Feature","properties":{"fed_id_a":"13051899","fed_id_b":"13051971","kind":"land","length":2},"geometry":{"type":"LineString","coordinates":[[-67.29394,46.02436],[-67.22306,45.61297],[-67.15349,45.2032]]}},{"type":"Feature","properties":{"fed_id_a":"13051904","fed_id_b":"13051930","kind":"land","length":3},"geometry":{"type":"LineString","coordinates":[[-67.43979,46.85185],[-66.93296,47.10889],[-66.42067,47.36395],[-65.90293,47.61694]]}},{"type":"Feature","properties":{"fed_id_a":"13051904","fed_id_b":"13051932","kind":"land","length":3},"geometry":{"type":"LineString","coordinates":[[-67.43979,46.85185],[-66.93296,47.10889],[-67.00347,47.52594],[-66.48653,47.78198]]}},{"type":"Feature","properties":{"fed_id_a":"13051969","fed_id_b":"13051972","kind":"land","length":2},"geometry":{"type":"LineString","coordinates":[[-66.59993,45.0468],[-66.66405,45.45601],[-66.16958,45.70703]]}},{"type":"Feature","properties":{"fed_id_a":"13051969","fed_id_b":"13051974","kind":"land","length":2},"geometry":{"type":"LineString","coordinates":[[-66.59993,45.0468],[-66.66405,45.45601],[-66.72938,45.86686]]}},{"type":"Feature","properties":{"fed_id_a":"13052109","fed_id_b":"24052088","kind":"land","length":3},"geometry":{"type":"LineString","coordinates":[[-65.37972,47.8678],[-64.85106,48.11644],[-64.90227,48.53708],[-64.36304,48.78419]]}},{"type":"Feature","properties":{"fed_id_a":"13052109","fed_id_b":"24052096","kind":"land","length":2},"geometry":{"type":"LineString","coordinates":[[-65.37972,47.8678],[-64.85106,48.11644],[-64.31694,48.36278]]}},{"type":"Feature","properties":{"fed_id_a":"24017206","fed_id_b":"24017235","kind":"land","length":2},"geometry":{"type":"LineString","coordinates":[[-67.91301,49.3693],[-67.37772,49.63231],[-66.83623,49.89302]]}},{"type":"Feature","properties":{"fed_id_a":"24017206","fed_id_b":"24051921","kind":"water","length":2},"geometry":{"type":"LineString","coordinates":[[-67.91301,49.3693],[-67.83016,48.94631],[-67.74897,48.52463]]}},{"type":"Feature","properties":{"fed_id_a":"24017206","fed_id_b":"24051925","kind":"water","length":2},"geometry":{"type":"LineString","coordinates":[[-67.91301,49.3693],[-67.29983,49.20836],[-67.2235,48.78571]]}},{"type":"Feature","properties":{"fed_id_a":"24017206","fed_id_b":"24052104","kind":"water","length":2},"geometry":{"type":"LineString","coordinates":[[-67.91301,49.3693],[-67.29983,49.20836],[-66.6921,49.04459]]}},{"type":"Feature","properties":{"fed_id_a":"24017209","fed_id_b":"24051921","kind":"water","length":2},"geometry":{"type":"LineString","coordinates":[[-68.44212,49.10408],[-67.83016,48.94631],[-67.74897,48.52463]]}},{"type":"Feature","properties":{"fed_id_a":"24017209","fed_id_b":"24051933","kind":"land","length":2},"geometry":{"type":"LineString","coordinates":[[-68.44212,49.10408],[-68.96506,48.83673],[-68.8727,48.41582]]}},{"type":"Feature","properties":{"fed_id_a":"24017209","fed_id_b":"24052679","kind":"land","length":6},"geometry":{"type":"LineString","coordinates":[[-68.44212,49.10408],[-69.0593,49.25892],[-69.68163,49.41078],[-70.30902,49.55956],[-70.82696,49.28276],[-71.33845,49.00403],[-71.84351,48.72346]]}},{"type":"Feature","properties":{"fed_id_a":"24017209","fed_id_b":"24052710","kind":"land","length":4},"geometry":{"type":"LineString","coordinates":[[-68.44212,49.10408],[-69.0593,49.25892],[-69.58074,48.98843],[-70.09594,48.71592],[-70.60491,48.4415]]}},{"type":"Feature","properties":{"fed_id_a":"24017239","fed_id_b":"24017415","kind":"land","length":6},"geometry":{"type":"LineString","coordinates":[[-66.28854,50.15134],[-66.35753,50.57827],[-66.428,51.00638],[-66.49997,51.43563],[-66.5735,51.86597],[-66.64865,52.29734],[-66.72546,52.72972]]}},{"type":"Feature","properties":{"fed_id_a":"24017319","fed_id_b":"24052675","kind":"land","length":5},"geometry":{"type":"LineString","coordinates":[[-74.02473,49.96238],[-73.87824,49.54202],[-73.73468,49.12272],[-73.59394,48.7045],[-72.96597,48.57441],[-72.3422,48.44113]]}},{"type":"Feature","properties":{"fed_id_a":"24017319","fed_id_b":"24052679","kind":"land","length":5},"geometry":{"type":"LineString","coordinates":[[-74.02473,49.96238],[-73.37621,49.83315],[-72.73205,49.70051],[-72.09239,49.56452],[-71.9667,49.14341],[-71.84351,48.72346]]}},{"type":"Feature","properties":{"fed_id_a":"24017319","fed_id_b":"24052681","kind":"land","length":4},"geometry":{"type":"LineString","coordinates":[[-74.02473,49.96238],[-73.87824,49.54202],[-73.23671,49.41247],[-73.09999,48.99287],[-72.46957,48.85977]]}},{"type":"Feature","properties":{"fed_id_a":"24051893","fed_id_b":"24051905","kind":"land","length":2},"geometry":{"type":"LineString","coordinates":[[-68.69337,47.57806],[-69.19672,47.31205],[-69.7918,47.4601]]}},{"type":"Feature","properties":{"fed_id_a":"24051905","fed_id_b":"24052756","kind":"land","length":2},"geometry":{"type":"LineString","coordinates":[[-69.7918,47.4601],[-69.69432,47.04424],[-70.1862,46.77469]]}},{"type":"Feature","properties":{"fed_id_a":"24051907","fed_id_b":"24052680","kind":"land","length":3},"geometry":{"type":"LineString","coordinates":[[-70.39148,47.60536],[-70.99569,47.74776],[-71.60433,47.88723],[-71.72274,48.30472]]}},{"type":"Feature","properties":{"fed_id_a":"24051907","fed_id_b":"24052683","kind":"land","length":2},"geometry":{"type":"LineString","coordinates":[[-70.39148,47.60536],[-70.88584,47.33162],[-71.3743,47.05621]]}},{"type":"Feature","properties":{"fed_id_a":"24051907","fed_id_b":"24052710","kind":"land","length":2},"geometry":{"type":"LineString","coordinates":[[-70.39148,47.60536],[-70.49715,48.02277],[-70.60491,48.4415]]}},{"type":"Feature","properties":{"fed_id_a":"24051907","fed_id_b":"24052713","kind":"land","length":2},"geometry":{"type":"LineString","coordinates":[[-70.39148,47.60536],[-70.99569,47.74776],[-71.1077,48.16524]]}},{"type":"Feature","properties":{"fed_id_a":"24051907","fed_id_b":"24052758","kind":"land","length":2},"geometry":{"type":"LineString","coordinates":[[-70.39148,47.60536],[-70.88584,47.33162],[-70.77809,46.91684]]}},{"type":"Feature","properties":{"fed_id_a":"24051911","fed_id_b":"24051933","kind":"land","length":3},"geometry":{"type":"LineString","coordinates":[[-69.89119,47.87737],[-69.99255,48.29599],[-69.48187,48.56734],[-68.8727,48.41582]]}},{"type":"Feature","properties":{"fed_id_a":"24051911","fed_id_b":"24052710","kind":"land","length":2},"geometry":{"type":"LineString","coordinates":[[-69.89119,47.87737],[-69.99255,48.29599],[-70.60491,48.4415]]}},{"type":"Feature","properties":{"fed_id_a":"24051919","fed_id_b":"24051938","kind":"land","length":2},"geometry":{"type":"LineString","coordinates":[[-67.1487,48.36439],[-67.66938,48.10431],[-68.26851,48.26146]]}},{"type":"Feature","properties":{"fed_id_a":"24051919","fed_id_b":"24052104","kind":"land","length":2},"geometry":{"type":"LineString","coordinates":[[-67.1487,48.36439],[-66.6222,48.62234],[-66.6921,49.04459]]}},{"type":"Feature","properties":{"fed_id_a":"24051924","fed_id_b":"24052104","kind":"land","length":3},"geometry":{"type":"LineString","coordinates":[[-66.55369,48.20145],[-66.02633,48.45628],[-66.0899,48.87806],[-66.6921,49.04459]]}},{"type":"Feature","properties":{"fed_id_a":"24051924","fed_id_b":"24052108","kind":"land","length":2},"geometry":{"type":"LineString","coordinates":[[-66.55369,48.20145],[-66.02633,48.45628],[-65.43593,48.28762]]}},{"type":"Feature","properties":{"fed_id_a":"24051933","fed_id_b":"24052710","kind":"land","length":3},"geometry":{"type":"LineString","coordinates":[[-68.8727,48.41582],[-69.48187,48.56734],[-70.09594,48.71592],[-70.60491,48.4415]]}},{"type":"Feature","properties":{"fed_id_a":"24052088","fed_id_b":"24052104","kind":"land","length":4},"geometry":{"type":"LineString","coordinates":[[-64.36304,48.78419],[-64.95452,48.95912],[-65.55177,49.13149],[-66.15476,49.30119],[-66.6921,49.04459]]}},{"type":"Feature","properties":{"fed_id_a":"24052088","fed_id_b":"24052108","kind":"land","length":2},"geometry":{"type":"LineString","coordinates":[[-64.36304,48.78419],[-64.90227,48.53708],[-65.43593,48.28762]]}},{"type":"Feature","properties":{"fed_id_a":"24052104","fed_id_b":"24052108","kind":"land","length":3},"geometry":{"type":"LineString","coordinates":[[-66.6921,49.04459],[-66.0899,48.87806],[-65.49327,48.70887],[-65.43593,48.28762]]}},{"type":"Feature","properties":{"fed_id_a":"24052479","fed_id_b":"24052488","kind":"land","length":2},"geometry":{"type":"LineString","coordinates":[[-75.65868,46.42293],[-75.50855,46.01592],[-75.36116,45.61022]]}},{"type":"Feature","properties":{"fed_id_a":"24052479","fed_id_b":"24052492","kind":"land","length":2},"geometry":{"type":"LineString","coordinates":[[-75.65868,46.42293],[-75.50855,46.01592],[-74.91213,45.89923]]}},{"type":"Feature","properties":{"fed_id_a":"24052479","fed_id_b":"24052494","kind":"land","length":4},"geometry":{"type":"LineString","coordinates":[[-75.65868,46.42293],[-76.26431,46.53628],[-76.87311,46.64654],[-77.31682,46.34793],[-77.15176,45.9434]]}},{"type":"Feature","properties":{"fed_id_a":"24052479","fed_id_b":"24052504","kind":"land","length":2},"geometry":{"type":"LineString","coordinates":[[-75.65868,46.42293],[-75.50855,46.01592],[-75.95495,45.72425]]}},{"type":"Feature","properties":{"fed_id_a":"24052479","fed_id_b":"24052794","kind":"land","length":6},"geometry":{"type":"LineString","coordinates":[[-75.65868,46.42293],[-76.26431,46.53628],[-76.42334,46.94416],[-76.58536,47.35322],[-77.20649,47.4625],[-77.37794,47.87215],[-77.55269,48.28284]]}},{"type":"Feature","properties":{"fed_id_a":"24052479","fed_id_b":"24052797","kind":"land","length":6},"geometry":{"type":"LineString","coordinates":[[-75.65868,46.42293],[-76.26431,46.53628],[-76.87311,46.64654],[-77.03824,47.05395],[-77.65621,47.16053],[-77.83071,47.5685],[-78.00852,47.97753]]}},{"type":"Feature","properties":{"fed_id_a":"24052482","fed_id_b":"24052494","kind":"land","length":2},"geometry":{"type":"LineString","coordinates":[[-76.10821,46.12963],[-76.711,46.24032],[-77.15176,45.9434]]}},{"type":"Feature","properties":{"fed_id_a":"24052483","fed_id_b":"24052514","kind":"land","length":2},"geometry":{"type":"LineString","coordinates":[[-75.2032,46.71514],[-74.59819,46.59602],[-73.99669,46.4739]]}},{"type":"Feature","properties":{"fed_id_a":"24052483","fed_id_b":"24052517","kind":"land","length":2},"geometry":{"type":"LineString","coordinates":[[-75.2032,46.71514],[-74.59819,46.59602],[-74.45733,46.18715]]}},{"type":"Feature","properties":{"fed_id_a":"24052483","fed_id_b":"24052701","kind":"land","length":5},"geometry":{"type":"LineString","coordinates":[[-75.2032,46.71514],[-74.74171,47.0062],[-74.27416,47.29601],[-73.80049,47.58449],[-73.18793,47.45692],[-72.57931,47.32631]]}},{"type":"Feature","properties":{"fed_id_a":"24052483","fed_id_b":"24052794","kind":"land","length":6},"geometry":{"type":"LineString","coordinates":[[-75.2032,46.71514],[-75.35286,47.12501],[-75.50537,47.5361],[-75.66082,47.94837],[-76.2881,48.0632],[-76.91876,48.1747],[-77.55269,48.28284]]}},{"type":"Feature","properties":{"fed_id_a":"24052494","fed_id_b":"24052797","kind":"land","length":5},"geometry":{"type":"LineString","coordinates":[[-77.15176,45.9434],[-77.31682,46.34793],[-77.48495,46.75366],[-77.65621,47.16053],[-77.83071,47.5685],[-78.00852,47.97753]]}},{"type":"Feature","properties":{"fed_id_a":"24052514","fed_id_b":"24052701","kind":"land","length":3},"geometry":{"type":"LineString","coordinates":[[-73.99669,46.4739],[-73.53018,46.75939],[-73.05773,47.04356],[-72.57931,47.32631]]}},{"type":"Feature","properties":{"fed_id_a":"24052514","fed_id_b":"24052768","kind":"land","length":2},"geometry":{"type":"LineString","coordinates":[[-73.99669,46.4739],[-73.53018,46.75939],[-72.93,46.63152]]}},{"type":"Feature","properties":{"fed_id_a":"24052562","fed_id_b":"24052739","kind":"land","length":2},"geometry":{"type":"LineString","coordinates":[[-74.05001,44.96876],[-73.4718,44.84606],[-73.01907,45.12551]]}},{"type":"Feature","properties":{"fed_id_a":"24052605","fed_id_b":"24052790","kind":"land","length":2},"geometry":{"type":"LineString","coordinates":[[-79.27847,48.17806],[-78.82978,48.4888],[-79.02112,48.899]]}},{"type":"Feature","properties":{"fed_id_a":"24052605","fed_id_b":"24052796","kind":"land","length":2},"geometry":{"type":"LineString","coordinates":[[-79.27847,48.17806],[-78.82978,48.4888],[-78.18974,48.38756]]}},{"type":"Feature","properties":{"fed_id_a":"24052605","fed_id_b":"24052797","kind":"land","length":2},"geometry":{"type":"LineString","coordinates":[[-79.27847,48.17806],[-78.64207,48.07952],[-78.00852,47.97753]]}},{"type":"Feature","properties":{"fed_id_a":"24052605","fed_id_b":"35052581","kind":"land","length":2},"geometry":{"type":"LineString","coordinates":[[-79.27847,48.17806],[-79.0879,47.7705],[-79.5273,47.46058]]}},{"type":"Feature","properties":{"fed_id_a":"24052675","fed_id_b":"24052701","kind":"land","length":3},"geometry":{"type":"LineString","coordinates":[[-72.3422,48.44113],[-72.21732,48.02371],[-72.09485,47.60756],[-72.57931,47.32631]]}},{"type":"Feature","properties":{"fed_id_a":"24052679","fed_id_b":"24052710","kind":"land","length":3},"geometry":{"type":"LineString","coordinates":[[-71.84351,48.72346],[-71.33845,49.00403],[-70.71483,48.86151],[-70.60491,48.4415]]}},{"type":"Feature","properties":{"fed_id_a":"24052680","fed_id_b":"24052683","kind":"land","length":3},"geometry":{"type":"LineString","coordinates":[[-71.72274,48.30472],[-71.60433,47.88723],[-71.48821,47.47105],[-71.3743,47.05621]]}},{"type":"Feature","properties":{"fed_id_a":"24052680","fed_id_b":"24052701","kind":"land","length":3},"geometry":{"type":"LineString","coordinates":[[-71.72274,48.30472],[-71.60433,47.88723],[-72.09485,47.60756],[-72.57931,47.32631]]}},{"type":"Feature","properties":{"fed_id_a":"24052683","fed_id_b":"24052701","kind":"land","length":2},"geometry":{"type":"LineString","coordinates":[[-71.3743,47.05621],[-71.97474,47.19272],[-72.57931,47.32631]]}},{"type":"Feature","properties":{"fed_id_a":"24052683","fed_id_b":"24052772","kind":"land","length":2},"geometry":{"type":"LineString","coordinates":[[-71.3743,47.05621],[-71.97474,47.19272],[-72.45532,46.91285]]}},{"type":"Feature","properties":{"fed_id_a":"24052701","fed_id_b":"24052768","kind":"land","length":2},"geometry":{"type":"LineString","coordinates":[[-72.57931,47.32631],[-73.05773,47.04356],[-72.93,46.63152]]}},{"type":"Feature","properties":{"fed_id_a":"24052790","fed_id_b":"24052794","kind":"land","length":3},"geometry":{"type":"LineString","coordinates":[[-79.02112,48.899],[-78.37447,48.79853],[-77.73082,48.69453],[-77.55269,48.28284]]}},{"type":"Feature","properties":{"fed_id_a":"24052790","fed_id_b":"24052796","kind":"land","length":2},"geometry":{"type":"LineString","coordinates":[[-79.02112,48.899],[-78.37447,48.79853],[-78.18974,48.38756]]}},{"type":"Feature","properties":{"fed_id_a":"24052790","fed_id_b":"35017894","kind":"land","length":3},"geometry":{"type":"LineString","coordinates":[[-79.02112,48.899],[-79.67064,48.99587],[-80.32287,49.08912],[-80.97765,49.1787]]}},{"type":"Feature","properties":{"fed_id_a":"24052790","fed_id_b":"35052607","kind":"land","length":3},"geometry":{"type":"LineString","coordinates":[[-79.02112,48.899],[-79.67064,48.99587],[-80.11829,48.68072],[-79.91757,48.27313]]}},{"type":"Feature","properties":{"fed_id_a":"24052797","fed_id_b":"35052496","kind":"land","length":5},"geometry":{"type":"LineString","coordinates":[[-78.00852,47.97753],[-77.83071,47.5685],[-78.27713,47.26386],[-78.09972,46.85759],[-77.92556,46.45243],[-77.75456,46.04842]]}},{"type":"Feature","properties":{"fed_id_a":"24052797","fed_id_b":"35052581","kind":"land","length":3},"geometry":{"type":"LineString","coordinates":[[-78.00852,47.97753],[-78.45789,47.67118],[-78.90087,47.36389],[-79.5273,47.46058]]}},{"type":"Feature","properties":{"fed_id_a":"35017894","fed_id_b":"35017912","kind":"land","length":2},"geometry":{"type":"LineString","coordinates":[[-80.97765,49.1787],[-81.63484,49.26458],[-82.29427,49.34672]]}},{"type":"Feature","properties":{"fed_id_a":"35017894","fed_id_b":"35052607","kind":"land","length":3},"geometry":{"type":"LineString","coordinates":[[-80.97765,49.1787],[-80.32287,49.08912],[-80.11829,48.68072],[-79.91757,48.27313]]}},{"type":"Feature","properties":{"fed_id_a":"35017894","fed_id_b":"35052625","kind":"land","length":2},"geometry":{"type":"LineString","coordinates":[[-80.97765,49.1787],[-80.76645,48.77131],[-81.20331,48.45265]]}},{"type":"Feature","properties":{"fed_id_a":"35017912","fed_id_b":"35052625","kind":"land","length":3},"geometry":{"type":"LineString","coordinates":[[-82.29427,49.34672],[-82.06986,48.94154],[-81.84965,48.53703],[-81.20331,48.45265]]}},{"type":"Feature","properties":{"fed_id_a":"35047001","fed_id_b":"35047046","kind":"land","length":3},"geometry":{"type":"LineString","coordinates":[[-94.67679,49.79978],[-94.3423,49.42861],[-94.01339,49.05709],[-93.68992,48.68532]]}},{"type":"Feature","properties":{"fed_id_a":"35047001","fed_id_b":"35047072","kind":"land","length":3},"geometry":{"type":"LineString","coordinates":[[-94.67679,49.79978],[-94.01372,49.78928],[-93.34958,49.77497],[-92.68456,49.75682]]}},{"type":"Feature","properties":{"fed_id_a":"35047001","fed_id_b":"46047009","kind":"land","length":5},"geometry":{"type":"LineString","coordinates":[[-94.67679,49.79978],[-95.01697,50.17055],[-95.36295,50.54084],[-95.71487,50.91057],[-96.3925,50.90996],[-97.06836,50.90545]]}},{"type":"Feature","properties":{"fed_id_a":"35047001","fed_id_b":"46047010","kind":"land","length":4},"geometry":{"type":"LineString","coordinates":[[-94.67679,49.79978],[-95.01697,50.17055],[-95.36295,50.54084],[-96.03529,50.54273],[-96.70598,50.54076]]}},{"type":"Feature","properties":{"fed_id_a":"35047001","fed_id_b":"46047014","kind":"land","length":3},"geometry":{"type":"LineString","coordinates":[[-94.67679,49.79978],[-95.33863,49.80649],[-95.99906,49.80942],[-96.65791,49.80861]]}},{"type":"Feature","properties":{"fed_id_a":"35047001","fed_id_b":"46047015","kind":"land","length":3},"geometry":{"type":"LineString","coordinates":[[-94.67679,49.79978],[-95.33863,49.80649],[-95.65429,49.44294],[-96.30817,49.44454]]}},{"type":"Feature","properties":{"fed_id_a":"35047001","fed_id_b":"46047018","kind":"land","length":3},"geometry":{"type":"LineString","coordinates":[[-94.67679,49.79978],[-95.01697,50.17055],[-95.68404,50.17488],[-96.34958,50.17539]]}},{"type":"Feature","properties":{"fed_id_a":"35047046","fed_id_b":"35047072","kind":"land","length":3},"geometry":{"type":"LineString","coordinates":[[-93.68992,48.68532],[-93.36088,49.0421],[-93.02581,49.39929],[-92.68456,49.75682]]}},{"type":"Feature","properties":{"fed_id_a":"35047046","fed_id_b":"35047630","kind":"land","length":7},"geometry":{"type":"LineString","coordinates":[[-93.68992,48.68532],[-93.04264,48.66816],[-92.39459,48.64733],[-91.74594,48.62282],[-91.44362,48.24467],[-90.79998,48.21452],[-90.15616,48.18072],[-89.51231,48.14328]]}},{"type":"Feature","properties":{"fed_id_a":"35047556","fed_id_b":"35047607","kind":"land","length":4},"geometry":{"type":"LineString","coordinates":[[-84.30941,46.59782],[-83.68876,46.52765],[-83.46636,46.13407],[-82.8529,46.05945],[-82.24111,45.98155]]}},{"type":"Feature","properties":{"fed_id_a":"35047556","fed_id_b":"35047613","kind":"land","length":3},"geometry":{"type":"LineString","coordinates":[[-84.30941,46.59782],[-83.68876,46.52765],[-83.0696,46.45412],[-82.45207,46.37725]]}},{"type":"Feature","properties":{"fed_id_a":"35047556","fed_id_b":"35047634","kind":"land","length":11},"geometry":{"type":"LineString","coordinates":[[-84.30941,46.59782],[-84.54154,46.991],[-84.77781,47.38487],[-85.01833,47.77937],[-85.26321,48.17446],[-85.51255,48.57006],[-86.16412,48.63001],[-86.8167,48.68623],[-87.47012,48.73871],[-88.12422,48.78745],[-88.49957,48.44482],[-89.14871,48.48783]]}},{"type":"Feature","properties":{"fed_id_a":"35047607","fed_id_b":"35047615","kind":"land","length":5},"geometry":{"type":"LineString","coordinates":[[-82.24111,45.98155],[-82.03383,45.5868],[-81.42948,45.50474],[-81.83015,45.19304],[-81.23137,45.11011],[-81.03667,44.71657]]}},{"type":"Feature","properties":{"fed_id_a":"35047607","fed_id_b":"35052600","kind":"land","length":2},"geometry":{"type":"LineString","coordinates":[[-82.24111,45.98155],[-81.6311,45.9004],[-81.22248,46.21359]]}},{"type":"Feature","properties":{"fed_id_a":"35047607","fed_id_b":"35052670","kind":"water","length":4},"geometry":{"type":"LineString","coordinates":[[-82.24111,45.98155],[-82.03383,45.5868],[-81.42948,45.50474],[-80.82706,45.41951],[-80.22669,45.33117]]}},{"type":"Feature","properties":{"fed_id_a":"35047611","fed_id_b":"35052625","kind":"land","length":6},"geometry":{"type":"LineString","coordinates":[[-81.83632,46.29706],[-82.04523,46.69466],[-82.25792,47.09314],[-82.47449,47.49246],[-82.05723,47.81314],[-81.63353,48.13323],[-81.20331,48.45265]]}},{"type":"Feature","properties":{"fed_id_a":"35047615","fed_id_b":"35052670","kind":"water","length":2},"geometry":{"type":"LineString","coordinates":[[-81.03667,44.71657],[-80.63452,45.02408],[-80.22669,45.33117]]}},{"type":"Feature","properties":{"fed_id_a":"35047615","fed_id_b":"35052671","kind":"land","length":2},"geometry":{"type":"LineString","coordinates":[[-81.03667,44.71657],[-80.63452,45.02408],[-80.03973,44.93499]]}},{"type":"Feature","properties":{"fed_id_a":"35051419","fed_id_b":"35051443","kind":"water","length":2},"geometry":{"type":"LineString","coordinates":[[-82.56693,42.41102],[-82.76439,42.79246],[-82.39112,43.09905]]}},{"type":"Feature","properties":{"fed_id_a":"35051421","fed_id_b":"35051443","kind":"water","length":2},"geometry":{"type":"LineString","coordinates":[[-83.13254,42.48586],[-82.76439,42.79246],[-82.39112,43.09905]]}},{"type":"Feature","properties":{"fed_id_a":"35051442","fed_id_b":"35052648","kind":"water","length":2},"geometry":{"type":"LineString","coordinates":[[-80.11169,42.76673],[-79.54648,42.67674],[-79.15199,42.97255]]}},{"type":"Feature","properties":{"fed_id_a":"35052496","fed_id_b":"35052581","kind":"land","length":5},"geometry":{"type":"LineString","coordinates":[[-77.75456,46.04842],[-77.92556,46.45243],[-78.09972,46.85759],[-78.7173,46.9583],[-79.33756,47.05573],[-79.5273,47.46058]]}},{"type":"Feature","properties":{"fed_id_a":"35052496","fed_id_b":"35052584","kind":"land","length":2},"geometry":{"type":"LineString","coordinates":[[-77.75456,46.04842],[-78.36014,46.15034],[-78.96839,46.24913]]}},{"type":"Feature","properties":{"fed_id_a":"35052496","fed_id_b":"35052655","kind":"land","length":3},"geometry":{"type":"LineString","coordinates":[[-77.75456,46.04842],[-78.18639,45.74808],[-78.01574,45.34702],[-77.84811,44.9472]]}},{"type":"Feature","properties":{"fed_id_a":"35052496","fed_id_b":"35052657","kind":"land","length":3},"geometry":{"type":"LineString","coordinates":[[-77.75456,46.04842],[-78.18639,45.74808],[-78.61237,45.44699],[-78.43909,45.04771]]}},{"type":"Feature","properties":{"fed_id_a":"35052500","fed_id_b":"35052655","kind":"land","length":3},"geometry":{"type":"LineString","coordinates":[[-76.39558,45.43162],[-76.8305,45.1381],[-77.25976,44.84376],[-77.84811,44.9472]]}},{"type":"Feature","properties":{"fed_id_a":"35052500","fed_id_b":"35052665","kind":"land","length":2},"geometry":{"type":"LineString","coordinates":[[-76.39558,45.43162],[-76.8305,45.1381],[-76.67414,44.73741]]}},{"type":"Feature","properties":{"fed_id_a":"35052502","fed_id_b":"35052655","kind":"land","length":2},"geometry":{"type":"LineString","coordinates":[[-76.98968,45.54011],[-77.42174,45.24404],[-77.84811,44.9472]]}},{"type":"Feature","properties":{"fed_id_a":"35052581","fed_id_b":"35052584","kind":"land","length":3},"geometry":{"type":"LineString","coordinates":[[-79.5273,47.46058],[-79.33756,47.05573],[-79.15129,46.6519],[-78.96839,46.24913]]}},{"type":"Feature","properties":{"fed_id_a":"35052581","fed_id_b":"35052586","kind":"land","length":3},"geometry":{"type":"LineString","coordinates":[[-79.5273,47.46058],[-79.96038,47.14985],[-79.76804,46.74678],[-79.57917,46.34474]]}},{"type":"Feature","properties":{"fed_id_a":"35052581","fed_id_b":"35052592","kind":"land","length":4},"geometry":{"type":"LineString","coordinates":[[-79.5273,47.46058],[-79.96038,47.14985],[-80.58562,47.24062],[-81.00867,46.92667],[-81.42554,46.61212]]}},{"type":"Feature","properties":{"fed_id_a":"35052581","fed_id_b":"35052602","kind":"land","length":3},"geometry":{"type":"LineString","coordinates":[[-79.5273,47.46058],[-79.96038,47.14985],[-80.38721,46.83839],[-80.19238,46.43713]]}},{"type":"Feature","properties":{"fed_id_a":"35052581","fed_id_b":"35052607","kind":"land","length":3},"geometry":{"type":"LineString","coordinates":[[-79.5273,47.46058],[-80.15629,47.55389],[-80.35588,47.95884],[-79.91757,48.27313]]}},{"type":"Feature","properties":{"fed_id_a":"35052581","fed_id_b":"35052625","kind":"land","length":4},"geometry":{"type":"LineString","coordinates":[[-79.5273,47.46058],[-80.15629,47.55389],[-80.7877,47.64377],[-80.99357,48.0478],[-81.20331,48.45265]]}},{"type":"Feature","properties":{"fed_id_a":"35052584","fed_id_b":"35052657","kind":"land","length":3},"geometry":{"type":"LineString","coordinates":[[-78.96839,46.24913],[-78.78878,45.84748],[-78.61237,45.44699],[-78.43909,45.04771]]}},{"type":"Feature","properties":{"fed_id_a":"35052584","fed_id_b":"35052672","kind":"land","length":2},"geometry":{"type":"LineString","coordinates":[[-78.96839,46.24913],[-78.78878,45.84748],[-79.21154,45.54392]]}},{"type":"Feature","properties":{"fed_id_a":"35052586","fed_id_b":"35052600","kind":"land","length":3},"geometry":{"type":"LineString","coordinates":[[-79.57917,46.34474],[-80.00105,46.03691],[-80.61068,46.12686],[-81.22248,46.21359]]}},{"type":"Feature","properties":{"fed_id_a":"35052586","fed_id_b":"35052670","kind":"land","length":3},"geometry":{"type":"LineString","coordinates":[[-79.57917,46.34474],[-80.00105,46.03691],[-80.41698,45.72847],[-80.22669,45.33117]]}},{"type":"Feature","properties":{"fed_id_a":"35052586","fed_id_b":"35052674","kind":"land","length":2},"geometry":{"type":"LineString","coordinates":[[-79.57917,46.34474],[-80.00105,46.03691],[-79.81311,45.63776]]}},{"type":"Feature","properties":{"fed_id_a":"35052592","fed_id_b":"35052602","kind":"land","length":3},"geometry":{"type":"LineString","coordinates":[[-81.42554,46.61212],[-81.00867,46.92667],[-80.38721,46.83839],[-80.19238,46.43713]]}},{"type":"Feature","properties":{"fed_id_a":"35052592","fed_id_b":"35052625","kind":"land","length":5},"geometry":{"type":"LineString","coordinates":[[-81.42554,46.61212],[-81.63229,47.0116],[-81.21314,47.328],[-81.4214,47.7302],[-80.99357,48.0478],[-81.20331,48.45265]]}},{"type":"Feature","properties":{"fed_id_a":"35052600","fed_id_b":"35052602","kind":"land","length":2},"geometry":{"type":"LineString","coordinates":[[-81.22248,46.21359],[-80.61068,46.12686],[-80.19238,46.43713]]}},{"type":"Feature","properties":{"fed_id_a":"35052600","fed_id_b":"35052670","kind":"land","length":3},"geometry":{"type":"LineString","coordinates":[[-81.22248,46.21359],[-80.61068,46.12686],[-80.41698,45.72847],[-80.22669,45.33117]]}},{"type":"Feature","properties":{"fed_id_a":"35052607","fed_id_b":"35052625","kind":"land","length":2},"geometry":{"type":"LineString","coordinates":[[-79.91757,48.27313],[-80.55923,48.36467],[-81.20331,48.45265]]}},{"type":"Feature","properties":{"fed_id_a":"35052639","fed_id_b":"35052662","kind":"water","length":2},"geometry":{"type":"LineString","coordinates":[[-77.93721,43.85753],[-77.36264,43.75567],[-76.94429,44.04723]]}},{"type":"Feature","properties":{"fed_id_a":"35052655","fed_id_b":"35052658","kind":"land","length":2},"geometry":{"type":"LineString","coordinates":[[-77.84811,44.9472],[-78.01574,45.34702],[-77.58665,45.64561]]}},{"type":"Feature","properties":{"fed_id_a":"35052655","fed_id_b":"35052661","kind":"land","length":2},"geometry":{"type":"LineString","coordinates":[[-77.84811,44.9472],[-77.25976,44.84376],[-77.10063,44.44481]]}},{"type":"Feature","properties":{"fed_id_a":"35052655","fed_id_b":"35052665","kind":"land","length":2},"geometry":{"type":"LineString","coordinates":[[-77.84811,44.9472],[-77.25976,44.84376],[-76.67414,44.73741]]}},{"type":"Feature","properties":{"fed_id_a":"35052657","fed_id_b":"35052672","kind":"land","length":2},"geometry":{"type":"LineString","coordinates":[[-78.43909,45.04771],[-78.61237,45.44699],[-79.21154,45.54392]]}},{"type":"Feature","properties":{"fed_id_a":"46017654","fed_id_b":"46022041","kind":"land","length":7},"geometry":{"type":"LineString","coordinates":[[-97.86262,55.73861],[-98.62447,55.71845],[-99.38328,55.69367],[-99.70299,55.30588],[-100.01561,54.91839],[-100.32135,54.53128],[-100.62043,54.14461],[-100.91303,53.75845]]}},{"type":"Feature","properties":{"fed_id_a":"46017654","fed_id_b":"46047232","kind":"land","length":6},"geometry":{"type":"LineString","coordinates":[[-97.86262,55.73861],[-97.44504,55.37074],[-97.03519,55.0015],[-96.28347,55.01092],[-95.88759,54.63747],[-95.49906,54.26287],[-95.11771,53.88723]]}},{"type":"Feature","properties":{"fed_id_a":"46017654","fed_id_b":"62018255","kind":"land","length":61},"geometry":{"type":"LineString","coordinates":[[-97.86262,55.73861],[-97.51697,56.1236],[-97.16342,56.5086],[-96.80174,56.89352],[-96.43165,57.27827],[-96.05291,57.66277],[-95.66523,58.04692],[-95.26834,58.43064],[-94.86194,58.81383],[-95.29746,59.19318],[-94.88201,59.57733],[-94.45629,59.96075],[-94.90304,60.34151],[-94.46736,60.72566],[-94.02057,61.10886],[-93.56229,61.49101],[-93.09212,61.87199],[-92.60967,62.25169],[-92.11452,62.62998],[-91.60624,63.00675],[-91.08438,63.38188],[-90.54848,63.75523],[-89.99807,64.12667],[-89.43265,64.49606],[-88.85171,64.86328],[-88.25473,65.22816],[-87.64118,65.59057],[-87.0105,65.95035],[-86.36212,66.30735],[-85.69546,66.6614],[-86.1325,67.06564],[-85.44233,67.41797],[-84.73209,67.76698],[-85.17339,68.17195],[-84.43668,68.51884],[-83.67788,68.86203],[-84.122,69.26761],[-83.33328,69.60824],[-82.5202,69.94475],[-81.68193,70.27694],[-80.81767,70.60459],[-79.52676,70.51562],[-78.24658,70.4175],[-76.97825,70.31034],[-75.72285,70.1943],[-75.4144,69.7724],[-74.19796,69.64533],[-73.92506,69.21972],[-73.66208,68.79276],[-72.50691,68.65341],[-72.27544,68.22335],[-72.0521,67.79215],[-70.95423,67.64179],[-70.75883,67.20803],[-70.57005,66.77335],[-69.52561,66.61313],[-69.36164,66.17639],[-69.20303,65.73891],[-69.04953,65.30074],[-68.90089,64.86195],[-68.75689,64.42259],[-68.61732,63.98272]]}},{"type":"Feature","properties":{"fed_id_a":"46022009","fed_id_b":"46022041","kind":"land","length":4},"geometry":{"type":"LineString","coordinates":[[-101.34024,52.25519],[-101.75393,52.60371],[-101.4796,52.98794],[-101.19936,53.37288],[-100.91303,53.75845]]}},{"type":"Feature","properties":{"fed_id_a":"46022009","fed_id_b":"46047093","kind":"land","length":3},"geometry":{"type":"LineString","coordinates":[[-101.34024,52.25519],[-100.93316,51.90537],[-100.5326,51.55436],[-100.13842,51.20222]]}},{"type":"Feature","properties":{"fed_id_a":"46022009","fed_id_b":"47022003","kind":"land","length":5},"geometry":{"type":"LineString","coordinates":[[-101.34024,52.25519],[-101.75393,52.60371],[-102.44066,52.56579],[-102.86553,52.9099],[-103.29724,53.25252],[-103.98886,53.2046]]}},{"type":"Feature","properties":{"fed_id_a":"46022009","fed_id_b":"47047133","kind":"land","length":3},"geometry":{"type":"LineString","coordinates":[[-101.34024,52.25519],[-102.02252,52.22025],[-102.28554,51.83761],[-102.54314,51.45585]]}},{"type":"Feature","properties":{"fed_id_a":"46022009","fed_id_b":"47047134","kind":"land","length":4},"geometry":{"type":"LineString","coordinates":[[-101.34024,52.25519],[-100.93316,51.90537],[-101.20594,51.52524],[-101.47318,51.14594],[-102.13597,51.11229]]}},{"type":"Feature","properties":{"fed_id_a":"46022041","fed_id_b":"47022003","kind":"land","length":5},"geometry":{"type":"LineString","coordinates":[[-100.91303,53.75845],[-101.62433,53.72327],[-102.33203,53.68402],[-103.03594,53.64076],[-103.29724,53.25252],[-103.98886,53.2046]]}},{"type":"Feature","properties":{"fed_id_a":"46047005","fed_id_b":"46047036","kind":"land","length":2},"geometry":{"type":"LineString","coordinates":[[-97.37484,50.53495],[-97.74227,50.89707],[-97.43686,51.26941]]}},{"type":"Feature","properties":{"fed_id_a":"46047005","fed_id_b":"46047093","kind":"land","length":5},"geometry":{"type":"LineString","coordinates":[[-97.37484,50.53495],[-98.04171,50.52535],[-98.41405,50.88485],[-99.08352,50.86882],[-99.75052,50.84904],[-100.13842,51.20222]]}},{"type":"Feature","properties":{"fed_id_a":"46047005","fed_id_b":"46047101","kind":"land","length":2},"geometry":{"type":"LineString","coordinates":[[-97.37484,50.53495],[-98.04171,50.52535],[-98.33535,50.1543]]}},{"type":"Feature","properties":{"fed_id_a":"46047015","fed_id_b":"46047166","kind":"land","length":3},"geometry":{"type":"LineString","coordinates":[[-96.30817,49.44454],[-96.61152,49.08029],[-97.25727,49.077],[-97.61089,49.43674]]}},{"type":"Feature","properties":{"fed_id_a":"46047036","fed_id_b":"46047093","kind":"land","length":4},"geometry":{"type":"LineString","coordinates":[[-97.43686,51.26941],[-98.11583,51.25839],[-98.79253,51.24349],[-99.46679,51.22475],[-100.13842,51.20222]]}},{"type":"Feature","properties":{"fed_id_a":"46047093","fed_id_b":"46047098","kind":"land","length":3},"geometry":{"type":"LineString","coordinates":[[-100.13842,51.20222],[-100.41488,50.82553],[-100.02864,50.4741],[-99.64846,50.12173]]}},{"type":"Feature","properties":{"fed_id_a":"46047093","fed_id_b":"46047101","kind":"land","length":4},"geometry":{"type":"LineString","coordinates":[[-100.13842,51.20222],[-99.75052,50.84904],[-99.08352,50.86882],[-98.70641,50.51198],[-98.33535,50.1543]]}},{"type":"Feature","properties":{"fed_id_a":"46047093","fed_id_b":"46047114","kind":"land","length":3},"geometry":{"type":"LineString","coordinates":[[-100.13842,51.20222],[-100.41488,50.82553],[-100.68585,50.44967],[-100.30131,50.1]]}},{"type":"Feature","properties":{"fed_id_a":"46047093","fed_id_b":"46047116","kind":"land","length":4},"geometry":{"type":"LineString","coordinates":[[-100.13842,51.20222],[-100.41488,50.82553],[-101.07644,50.79834],[-101.34024,50.42164],[-100.95148,50.07471]]}},{"type":"Feature","properties":{"fed_id_a":"46047093","fed_id_b":"47047134","kind":"land","length":3},"geometry":{"type":"LineString","coordinates":[[-100.13842,51.20222],[-100.80727,51.17593],[-101.47318,51.14594],[-102.13597,51.11229]]}},{"type":"Feature","properties":{"fed_id_a":"46047097","fed_id_b":"46047098","kind":"land","length":2},"geometry":{"type":"LineString","coordinates":[[-98.62333,49.78399],[-98.99308,50.13984],[-99.64846,50.12173]]}},{"type":"Feature","properties":{"fed_id_a":"46047097","fed_id_b":"46047110","kind":"land","length":5},"geometry":{"type":"LineString","coordinates":[[-98.62333,49.78399],[-98.9058,49.41447],[-99.18291,49.0458],[-99.82041,49.0284],[-100.19167,49.37801],[-100.56866,49.72681]]}},{"type":"Feature","properties":{"fed_id_a":"46047097","fed_id_b":"46047115","kind":"land","length":2},"geometry":{"type":"LineString","coordinates":[[-98.62333,49.78399],[-99.27421,49.7685],[-99.92271,49.74942]]}},{"type":"Feature","properties":{"fed_id_a":"46047098","fed_id_b":"46047101","kind":"land","length":3},"geometry":{"type":"LineString","coordinates":[[-99.64846,50.12173],[-99.36878,50.49488],[-98.70641,50.51198],[-98.33535,50.1543]]}},{"type":"Feature","properties":{"fed_id_a":"46047110","fed_id_b":"47047952","kind":"land","length":4},"geometry":{"type":"LineString","coordinates":[[-100.56866,49.72681],[-101.21193,49.70069],[-101.85236,49.67112],[-102.10095,49.29741],[-102.73161,49.2638]]}},{"type":"Feature","properties":{"fed_id_a":"46047116","fed_id_b":"47047134","kind":"land","length":3},"geometry":{"type":"LineString","coordinates":[[-100.95148,50.07471],[-101.34024,50.42164],[-101.73503,50.76752],[-102.13597,51.11229]]}},{"type":"Feature","properties":{"fed_id_a":"46047116","fed_id_b":"47047883","kind":"land","length":5},"geometry":{"type":"LineString","coordinates":[[-100.95148,50.07471],[-101.59883,50.04588],[-102.24321,50.01357],[-102.88447,49.97783],[-103.52249,49.9387],[-103.75526,49.56214]]}},{"type":"Feature","properties":{"fed_id_a":"46047116","fed_id_b":"47047952","kind":"land","length":4},"geometry":{"type":"LineString","coordinates":[[-100.95148,50.07471],[-101.59883,50.04588],[-102.24321,50.01357],[-102.48981,49.63814],[-102.73161,49.2638]]}},{"type":"Feature","properties":{"fed_id_a":"47022003","fed_id_b":"47022015","kind":"land","length":2},"geometry":{"type":"LineString","coordinates":[[-103.98886,53.2046],[-104.67638,53.15288],[-104.91577,52.76421]]}},{"type":"Feature","properties":{"fed_id_a":"47022003","fed_id_b":"47022021","kind":"land","length":2},"geometry":{"type":"LineString","coordinates":[[-103.98886,53.2046],[-104.67638,53.15288],[-105.35961,53.09742]]}},{"type":"Feature","properties":{"fed_id_a":"47022003","fed_id_b":"47022139","kind":"land","length":4},"geometry":{"type":"LineString","coordinates":[[-103.98886,53.2046],[-104.43172,53.54246],[-104.8816,53.87861],[-105.57708,53.82047],[-105.81029,53.4289]]}},{"type":"Feature","properties":{"fed_id_a":"47022003","fed_id_b":"47047133","kind":"land","length":5},"geometry":{"type":"LineString","coordinates":[[-103.98886,53.2046],[-103.55293,52.8651],[-103.1238,52.52404],[-103.37665,52.13906],[-102.95667,51.79813],[-102.54314,51.45585]]}},{"type":"Feature","properties":{"fed_id_a":"47022015","fed_id_b":"47022110","kind":"land","length":2},"geometry":{"type":"LineString","coordinates":[[-104.91577,52.76421],[-105.59089,52.70825],[-106.26163,52.64871]]}},{"type":"Feature","properties":{"fed_id_a":"47022015","fed_id_b":"47022135","kind":"land","length":2},"geometry":{"type":"LineString","coordinates":[[-104.91577,52.76421],[-105.59089,52.70825],[-106.03842,53.0383]]}},{"type":"Feature","properties":{"fed_id_a":"47022015","fed_id_b":"47047133","kind":"land","length":5},"geometry":{"type":"LineString","coordinates":[[-104.91577,52.76421],[-104.47865,52.42935],[-104.04817,52.09292],[-103.37665,52.13906],[-102.95667,51.79813],[-102.54314,51.45585]]}},{"type":"Feature","properties":{"fed_id_a":"47022018","fed_id_b":"47022106","kind":"land","length":2},"geometry":{"type":"LineString","coordinates":[[-105.15005,52.37652],[-105.81724,52.32011],[-106.48006,52.26021]]}},{"type":"Feature","properties":{"fed_id_a":"47022018","fed_id_b":"47022109","kind":"land","length":4},"geometry":{"type":"LineString","coordinates":[[-105.15005,52.37652],[-105.37939,51.98985],[-105.60392,51.60427],[-106.2557,51.54711],[-106.69388,51.87282]]}},{"type":"Feature","properties":{"fed_id_a":"47022018","fed_id_b":"47022110","kind":"land","length":2},"geometry":{"type":"LineString","coordinates":[[-105.15005,52.37652],[-105.81724,52.32011],[-106.26163,52.64871]]}},{"type":"Feature","properties":{"fed_id_a":"47022018","fed_id_b":"47047133","kind":"land","length":5},"geometry":{"type":"LineString","coordinates":[[-105.15005,52.37652],[-104.7158,52.04316],[-104.28804,51.70828],[-103.62422,51.755],[-102.95667,51.79813],[-102.54314,51.45585]]}},{"type":"Feature","properties":{"fed_id_a":"47022018","fed_id_b":"47047873","kind":"land","length":5},"geometry":{"type":"LineString","coordinates":[[-105.15005,52.37652],[-104.7158,52.04316],[-104.94799,51.65801],[-104.52295,51.32467],[-104.75303,50.94214],[-104.97844,50.56074]]}},{"type":"Feature","properties":{"fed_id_a":"47022099","fed_id_b":"47022106","kind":"land","length":3},"geometry":{"type":"LineString","coordinates":[[-108.04686,52.83962],[-107.58937,52.51915],[-107.1384,52.19686],[-106.48006,52.26021]]}},{"type":"Feature","properties":{"fed_id_a":"47022099","fed_id_b":"47022109","kind":"land","length":4},"geometry":{"type":"LineString","coordinates":[[-108.04686,52.83962],[-107.58937,52.51915],[-107.79213,52.13014],[-107.34452,51.80922],[-106.69388,51.87282]]}},{"type":"Feature","properties":{"fed_id_a":"47022099","fed_id_b":"47022110","kind":"land","length":3},"geometry":{"type":"LineString","coordinates":[[-108.04686,52.83962],[-107.38218,52.90932],[-106.71266,52.97557],[-106.26163,52.64871]]}},{"type":"Feature","properties":{"fed_id_a":"47022099","fed_id_b":"47022112","kind":"land","length":2},"geometry":{"type":"LineString","coordinates":[[-108.04686,52.83962],[-107.58937,52.51915],[-106.92783,52.58566]]}},{"type":"Feature","properties":{"fed_id_a":"47022099","fed_id_b":"47022133","kind":"land","length":4},"geometry":{"type":"LineString","coordinates":[[-108.04686,52.83962],[-107.8432,53.23112],[-107.63499,53.62374],[-108.10648,53.94489],[-108.58498,54.26397]]}},{"type":"Feature","properties":{"fed_id_a":"47022099","fed_id_b":"47022135","kind":"land","length":4},"geometry":{"type":"LineString","coordinates":[[-108.04686,52.83962],[-107.8432,53.23112],[-107.17041,53.30061],[-106.49273,53.36656],[-106.03842,53.0383]]}},{"type":"Feature","properties":{"fed_id_a":"47022099","fed_id_b":"47048003","kind":"land","length":4},"geometry":{"type":"LineString","coordinates":[[-108.04686,52.83962],[-108.70657,52.76653],[-108.89797,52.37608],[-109.08527,51.98687],[-109.2686,51.59894]]}},{"type":"Feature","properties":{"fed_id_a":"47022099","fed_id_b":"48022143","kind":"land","length":4},"geometry":{"type":"LineString","coordinates":[[-108.04686,52.83962],[-108.70657,52.76653],[-109.3612,52.69013],[-109.83089,53.0022],[-110.30711,53.3122]]}},{"type":"Feature","properties":{"fed_id_a":"47022109","fed_id_b":"47047873","kind":"land","length":4},"geometry":{"type":"LineString","coordinates":[[-106.69388,51.87282],[-106.2557,51.54711],[-105.82379,51.21981],[-105.39806,50.89099],[-104.97844,50.56074]]}},{"type":"Feature","properties":{"fed_id_a":"47022109","fed_id_b":"47047875","kind":"land","length":4},"geometry":{"type":"LineString","coordinates":[[-106.69388,51.87282],[-106.2557,51.54711],[-106.4681,51.16233],[-106.03914,50.83652],[-105.61623,50.50922]]}},{"type":"Feature","properties":{"fed_id_a":"47022109","fed_id_b":"47048003","kind":"land","length":4},"geometry":{"type":"LineString","coordinates":[[-106.69388,51.87282],[-107.34452,51.80922],[-107.9906,51.74233],[-108.63199,51.67222],[-109.2686,51.59894]]}},{"type":"Feature","properties":{"fed_id_a":"47022109","fed_id_b":"47048007","kind":"land","length":4},"geometry":{"type":"LineString","coordinates":[[-106.69388,51.87282],[-106.9032,51.48659],[-107.10818,51.10158],[-107.30893,50.71783],[-107.50558,50.33538]]}},{"type":"Feature","properties":{"fed_id_a":"47022133","fed_id_b":"47022135","kind":"land","length":5},"geometry":{"type":"LineString","coordinates":[[-108.58498,54.26397],[-108.10648,53.94489],[-107.4221,54.01742],[-106.95393,53.69296],[-106.49273,53.36656],[-106.03842,53.0383]]}},{"type":"Feature","properties":{"fed_id_a":"47022133","fed_id_b":"47022139","kind":"land","length":5},"geometry":{"type":"LineString","coordinates":[[-108.58498,54.26397],[-107.89735,54.33986],[-107.20436,54.41211],[-106.73257,54.08633],[-106.26791,53.75856],[-105.81029,53.4289]]}},{"type":"Feature","properties":{"fed_id_a":"47022133","fed_id_b":"48022059","kind":"land","length":3},"geometry":{"type":"LineString","coordinates":[[-108.58498,54.26397],[-109.26712,54.18453],[-109.75567,54.49806],[-110.43497,54.41175]]}},{"type":"Feature","properties":{"fed_id_a":"47022133","fed_id_b":"48022076","kind":"land","length":4},"geometry":{"type":"LineString","coordinates":[[-108.58498,54.26397],[-109.26712,54.18453],[-109.45927,53.78926],[-110.12743,53.70632],[-110.61447,54.01532]]}},{"type":"Feature","properties":{"fed_id_a":"47022133","fed_id_b":"48022143","kind":"land","length":4},"geometry":{"type":"LineString","coordinates":[[-108.58498,54.26397],[-109.26712,54.18453],[-109.45927,53.78926],[-109.64715,53.39513],[-110.30711,53.3122]]}},{"type":"Feature","properties":{"fed_id_a":"47047133","fed_id_b":"47047873","kind":"land","length":5},"geometry":{"type":"LineString","coordinates":[[-102.54314,51.45585],[-103.2067,51.41568],[-103.86668,51.37193],[-104.52295,51.32467],[-104.75303,50.94214],[-104.97844,50.56074]]}},{"type":"Feature","properties":{"fed_id_a":"47047133","fed_id_b":"47047878","kind":"land","length":4},"geometry":{"type":"LineString","coordinates":[[-102.54314,51.45585],[-103.2067,51.41568],[-103.86668,51.37193],[-104.10417,50.9899],[-104.33684,50.60895]]}},{"type":"Feature","properties":{"fed_id_a":"47047133","fed_id_b":"47047911","kind":"land","length":3},"geometry":{"type":"LineString","coordinates":[[-102.54314,51.45585],[-103.2067,51.41568],[-103.45161,51.03421],[-103.69156,50.65378]]}},{"type":"Feature","properties":{"fed_id_a":"47047134","fed_id_b":"47047883","kind":"land","length":5},"geometry":{"type":"LineString","coordinates":[[-102.13597,51.11229],[-102.39052,50.73313],[-102.63997,50.35496],[-102.88447,49.97783],[-103.52249,49.9387],[-103.75526,49.56214]]}},{"type":"Feature","properties":{"fed_id_a":"47047134","fed_id_b":"47047911","kind":"land","length":3},"geometry":{"type":"LineString","coordinates":[[-102.13597,51.11229],[-102.39052,50.73313],[-103.04274,50.69519],[-103.69156,50.65378]]}},{"type":"Feature","properties":{"fed_id_a":"47047874","fed_id_b":"47047883","kind":"land","length":2},"geometry":{"type":"LineString","coordinates":[[-104.56482,50.22913],[-104.15712,49.89624],[-103.75526,49.56214]]}},{"type":"Feature","properties":{"fed_id_a":"47047874","fed_id_b":"47047911","kind":"land","length":2},"geometry":{"type":"LineString","coordinates":[[-104.56482,50.22913],[-103.92668,50.27444],[-103.69156,50.65378]]}},{"type":"Feature","properties":{"fed_id_a":"47047875","fed_id_b":"47048007","kind":"land","length":3},"geometry":{"type":"LineString","coordinates":[[-105.61623,50.50922],[-106.2501,50.45445],[-106.87992,50.39648],[-107.50558,50.33538]]}},{"type":"Feature","properties":{"fed_id_a":"47047883","fed_id_b":"47047911","kind":"land","length":3},"geometry":{"type":"LineString","coordinates":[[-103.75526,49.56214],[-103.52249,49.9387],[-103.28503,50.3164],[-103.69156,50.65378]]}},{"type":"Feature","properties":{"fed_id_a":"47047883","fed_id_b":"47047952","kind":"land","length":2},"geometry":{"type":"LineString","coordinates":[[-103.75526,49.56214],[-103.12416,49.6018],[-102.73161,49.2638]]}},{"type":"Feature","properties":{"fed_id_a":"47047911","fed_id_b":"47047913","kind":"land","length":2},"geometry":{"type":"LineString","coordinates":[[-103.69156,50.65378],[-103.45161,51.03421],[-102.7955,51.07503]]}},{"type":"Feature","properties":{"fed_id_a":"47048003","fed_id_b":"47048007","kind":"land","length":4},"geometry":{"type":"LineString","coordinates":[[-109.2686,51.59894],[-108.81886,51.2856],[-108.37515,50.97051],[-107.93742,50.65374],[-107.50558,50.33538]]}},{"type":"Feature","properties":{"fed_id_a":"47048003","fed_id_b":"48022143","kind":"land","length":5},"geometry":{"type":"LineString","coordinates":[[-109.2686,51.59894],[-109.08527,51.98687],[-109.54479,52.29965],[-110.01063,52.61049],[-109.83089,53.0022],[-110.30711,53.3122]]}},{"type":"Feature","properties":{"fed_id_a":"47048003","fed_id_b":"48022726","kind":"land","length":6},"geometry":{"type":"LineString","coordinates":[[-109.2686,51.59894],[-109.90032,51.52258],[-110.52706,51.44321],[-111.14872,51.36089],[-111.76522,51.2757],[-111.9159,50.88986],[-112.06346,50.50551]]}},{"type":"Feature","properties":{"fed_id_a":"47048003","fed_id_b":"48022883","kind":"land","length":6},"geometry":{"type":"LineString","coordinates":[[-109.2686,51.59894],[-109.90032,51.52258],[-110.52706,51.44321],[-110.98758,51.74845],[-111.61133,51.663],[-112.07988,51.96311],[-112.55443,52.26115]]}},{"type":"Feature","properties":{"fed_id_a":"47048003","fed_id_b":"48022918","kind":"land","length":4},"geometry":{"type":"LineString","coordinates":[[-109.2686,51.59894],[-109.72446,51.91046],[-110.18649,52.22007],[-110.65476,52.5277],[-111.12933,52.83328]]}},{"type":"Feature","properties":{"fed_id_a":"47048003","fed_id_b":"48047989","kind":"land","length":5},"geometry":{"type":"LineString","coordinates":[[-109.2686,51.59894],[-109.44809,51.21234],[-110.0725,51.13607],[-110.24111,50.75096],[-110.40624,50.36728],[-110.56801,49.98508]]}},{"type":"Feature","properties":{"fed_id_a":"47048007","fed_id_b":"48047989","kind":"land","length":5},"geometry":{"type":"LineString","coordinates":[[-107.50558,50.33538],[-108.12699,50.27121],[-108.74402,50.20402],[-109.3566,50.1339],[-109.96462,50.0609],[-110.56801,49.98508]]}},{"type":"Feature","properties":{"fed_id_a":"48021674","fed_id_b":"48021688","kind":"land","length":5},"geometry":{"type":"LineString","coordinates":[[-117.33595,56.3122],[-116.66951,56.43943],[-116.55463,56.84282],[-116.43688,57.24734],[-116.31615,57.65297],[-116.19233,58.05966]]}},{"type":"Feature","properties":{"fed_id_a":"48021674","fed_id_b":"48021759","kind":"land","length":4},"geometry":{"type":"LineString","coordinates":[[-117.33595,56.3122],[-117.99449,56.1821],[-118.64511,56.04924],[-119.28777,55.91371],[-119.92246,55.77562]]}},{"type":"Feature","properties":{"fed_id_a":"48021674","fed_id_b":"48021782","kind":"land","length":4},"geometry":{"type":"LineString","coordinates":[[-117.33595,56.3122],[-117.99449,56.1821],[-118.08949,55.78131],[-118.7318,55.64925],[-118.81645,55.25056]]}},{"type":"Feature","properties":{"fed_id_a":"48021674","fed_id_b":"48022873","kind":"land","length":5},"geometry":{"type":"LineString","coordinates":[[-117.33595,56.3122],[-116.66951,56.43943],[-116.11614,56.16089],[-115.56979,55.8794],[-115.03043,55.59504],[-114.49801,55.30789]]}},{"type":"Feature","properties":{"fed_id_a":"48021688","fed_id_b":"61023440","kind":"land","length":11},"geometry":{"type":"LineString","coordinates":[[-116.19233,58.05966],[-116.0653,58.46736],[-115.93493,58.87604],[-115.80109,59.28564],[-115.66365,59.69613],[-115.52245,60.10745],[-115.37735,60.51955],[-115.22818,60.9324],[-115.07477,61.34594],[-114.91694,61.76011],[-114.75449,62.17488],[-114.58723,62.59018]]}},{"type":"Feature","properties":{"fed_id_a":"48021759","fed_id_b":"48021777","kind":"land","length":2},"geometry":{"type":"LineString","coordinates":[[-119.92246,55.77562],[-119.36633,55.5146],[-119.44305,55.11681]]}},{"type":"Feature","properties":{"fed_id_a":"48021759","fed_id_b":"48021782","kind":"land","length":2},"geometry":{"type":"LineString","coordinates":[[-119.92246,55.77562],[-119.36633,55.5146],[-118.81645,55.25056]]}},{"type":"Feature","properties":{"fed_id_a":"48021759","fed_id_b":"59021799","kind":"land","length":2},"geometry":{"type":"LineString","coordinates":[[-119.92246,55.77562],[-120.48486,56.03355],[-121.05351,56.28833]]}},{"type":"Feature","properties":{"fed_id_a":"48021777","fed_id_b":"48022851","kind":"land","length":6},"geometry":{"type":"LineString","coordinates":[[-119.44305,55.11681],[-118.89914,54.8532],[-118.36133,54.58669],[-117.82961,54.31735],[-117.30396,54.04525],[-117.40138,53.65092],[-117.49663,53.25802]]}},{"type":"Feature","properties":{"fed_id_a":"48021777","fed_id_b":"59021775","kind":"land","length":3},"geometry":{"type":"LineString","coordinates":[[-119.44305,55.11681],[-120.06203,54.98062],[-120.61201,55.2379],[-120.54919,55.63507]]}},{"type":"Feature","properties":{"fed_id_a":"48021777","fed_id_b":"59022980","kind":"land","length":6},"geometry":{"type":"LineString","coordinates":[[-119.44305,55.11681],[-120.06203,54.98062],[-120.67338,54.84208],[-120.73335,54.44765],[-121.32983,54.30797],[-121.91887,54.16618],[-122.50048,54.02239]]}},{"type":"Feature","properties":{"fed_id_a":"48021782","fed_id_b":"48022835","kind":"land","length":6},"geometry":{"type":"LineString","coordinates":[[-118.81645,55.25056],[-118.27283,54.98356],[-117.73545,54.71368],[-117.2043,54.44098],[-116.67937,54.16554],[-116.04787,54.28319],[-115.53013,54.00171]]}},{"type":"Feature","properties":{"fed_id_a":"48021782","fed_id_b":"48022851","kind":"land","length":6},"geometry":{"type":"LineString","coordinates":[[-118.81645,55.25056],[-118.27283,54.98356],[-117.73545,54.71368],[-117.2043,54.44098],[-117.30396,54.04525],[-117.40138,53.65092],[-117.49663,53.25802]]}},{"type":"Feature","properties":{"fed_id_a":"48022052","fed_id_b":"48022059","kind":"land","length":3},"geometry":{"type":"LineString","coordinates":[[-112.11686,54.92843],[-111.43866,55.02501],[-110.93328,54.71958],[-110.43497,54.41175]]}},{"type":"Feature","properties":{"fed_id_a":"48022052","fed_id_b":"48022067","kind":"land","length":3},"geometry":{"type":"LineString","coordinates":[[-112.11686,54.92843],[-112.78861,54.82856],[-112.94197,54.43043],[-113.09185,54.03353]]}},{"type":"Feature","properties":{"fed_id_a":"48022052","fed_id_b":"48022070","kind":"land","length":2},"geometry":{"type":"LineString","coordinates":[[-112.11686,54.92843],[-112.78861,54.82856],[-113.45383,54.7255]]}},{"type":"Feature","properties":{"fed_id_a":"48022052","fed_id_b":"48022071","kind":"land","length":3},"geometry":{"type":"LineString","coordinates":[[-112.11686,54.92843],[-111.60911,54.62645],[-111.77567,54.22907],[-111.27944,53.92572]]}},{"type":"Feature","properties":{"fed_id_a":"48022052","fed_id_b":"48022075","kind":"land","length":2},"geometry":{"type":"LineString","coordinates":[[-112.11686,54.92843],[-111.60911,54.62645],[-111.10834,54.32206]]}},{"type":"Feature","properties":{"fed_id_a":"48022052","fed_id_b":"48022082","kind":"land","length":4},"geometry":{"type":"LineString","coordinates":[[-112.11686,54.92843],[-111.95119,55.32797],[-111.78157,55.72864],[-111.60786,56.13038],[-111.42991,56.53315]]}},{"type":"Feature","properties":{"fed_id_a":"48022052","fed_id_b":"48022873","kind":"land","length":4},"geometry":{"type":"LineString","coordinates":[[-112.11686,54.92843],[-112.63163,55.22789],[-113.15351,55.52478],[-113.82923,55.41791],[-114.49801,55.30789]]}},{"type":"Feature","properties":{"fed_id_a":"48022059","fed_id_b":"48022082","kind":"land","length":6},"geometry":{"type":"LineString","coordinates":[[-110.43497,54.41175],[-110.25131,54.80932],[-110.06336,55.20798],[-109.87095,55.60767],[-110.38295,55.91872],[-110.90258,56.22724],[-111.42991,56.53315]]}},{"type":"Feature","properties":{"fed_id_a":"48022067","fed_id_b":"48022070","kind":"land","length":2},"geometry":{"type":"LineString","coordinates":[[-113.09185,54.03353],[-112.94197,54.43043],[-113.45383,54.7255]]}},{"type":"Feature","properties":{"fed_id_a":"48022067","fed_id_b":"48022071","kind":"land","length":3},"geometry":{"type":"LineString","coordinates":[[-113.09185,54.03353],[-112.43687,54.13286],[-111.93847,53.8329],[-111.27944,53.92572]]}},{"type":"Feature","properties":{"fed_id_a":"48022067","fed_id_b":"48022845","kind":"land","length":2},"geometry":{"type":"LineString","coordinates":[[-113.09185,54.03353],[-113.59882,54.3277],[-114.24918,54.22194]]}},{"type":"Feature","properties":{"fed_id_a":"48022070","fed_id_b":"48022845","kind":"land","length":2},"geometry":{"type":"LineString","coordinates":[[-113.45383,54.7255],[-114.11243,54.61934],[-114.24918,54.22194]]}},{"type":"Feature","properties":{"fed_id_a":"48022070","fed_id_b":"48022873","kind":"land","length":2},"geometry":{"type":"LineString","coordinates":[[-113.45383,54.7255],[-113.97249,55.01801],[-114.49801,55.30789]]}},{"type":"Feature","properties":{"fed_id_a":"48022071","fed_id_b":"48022143","kind":"land","length":2},"geometry":{"type":"LineString","coordinates":[[-111.27944,53.92572],[-110.78994,53.62007],[-110.30711,53.3122]]}},{"type":"Feature","properties":{"fed_id_a":"48022071","fed_id_b":"48022915","kind":"land","length":2},"geometry":{"type":"LineString","coordinates":[[-111.27944,53.92572],[-111.93847,53.8329],[-112.59147,53.73694]]}},{"type":"Feature","properties":{"fed_id_a":"48022071","fed_id_b":"48022916","kind":"land","length":2},"geometry":{"type":"LineString","coordinates":[[-111.27944,53.92572],[-111.93847,53.8329],[-112.09763,53.43798]]}},{"type":"Feature","properties":{"fed_id_a":"48022071","fed_id_b":"48022922","kind":"land","length":2},"geometry":{"type":"LineString","coordinates":[[-111.27944,53.92572],[-110.78994,53.62007],[-110.96152,53.22604]]}},{"type":"Feature","properties":{"fed_id_a":"48022076","fed_id_b":"48022143","kind":"land","length":2},"geometry":{"type":"LineString","coordinates":[[-110.61447,54.01532],[-110.12743,53.70632],[-110.30711,53.3122]]}},{"type":"Feature","properties":{"fed_id_a":"48022082","fed_id_b":"48022873","kind":"land","length":6},"geometry":{"type":"LineString","coordinates":[[-111.42991,56.53315],[-112.13777,56.43266],[-112.83859,56.32865],[-113.5323,56.22122],[-114.21879,56.11047],[-114.36006,55.70859],[-114.49801,55.30789]]}},{"type":"Feature","properties":{"fed_id_a":"48022143","fed_id_b":"48022918","kind":"land","length":2},"geometry":{"type":"LineString","coordinates":[[-110.30711,53.3122],[-110.48285,52.91932],[-111.12933,52.83328]]}},{"type":"Feature","properties":{"fed_id_a":"48022645","fed_id_b":"48022678","kind":"land","length":3},"geometry":{"type":"LineString","coordinates":[[-115.23978,51.09276],[-115.12516,51.47872],[-115.00808,51.86623],[-114.88845,52.25525]]}},{"type":"Feature","properties":{"fed_id_a":"48022645","fed_id_b":"48022717","kind":"land","length":2},"geometry":{"type":"LineString","coordinates":[[-115.23978,51.09276],[-114.76787,50.80925],[-114.30134,50.52365]]}},{"type":"Feature","properties":{"fed_id_a":"48022645","fed_id_b":"48022721","kind":"land","length":2},"geometry":{"type":"LineString","coordinates":[[-115.23978,51.09276],[-114.76787,50.80925],[-114.1782,50.90769]]}},{"type":"Feature","properties":{"fed_id_a":"48022645","fed_id_b":"48022899","kind":"land","length":2},"geometry":{"type":"LineString","coordinates":[[-115.23978,51.09276],[-115.12516,51.47872],[-114.52745,51.58085]]}},{"type":"Feature","properties":{"fed_id_a":"48022645","fed_id_b":"59022641","kind":"land","length":3},"geometry":{"type":"LineString","coordinates":[[-115.23978,51.09276],[-115.82496,50.98883],[-116.30322,51.2671],[-116.88349,51.15778]]}},{"type":"Feature","properties":{"fed_id_a":"48022645","fed_id_b":"59022664","kind":"land","length":2},"geometry":{"type":"LineString","coordinates":[[-115.23978,51.09276],[-115.82496,50.98883],[-115.93059,50.60514]]}},{"type":"Feature","properties":{"fed_id_a":"48022678","fed_id_b":"48022844","kind":"land","length":3},"geometry":{"type":"LineString","coordinates":[[-114.88845,52.25525],[-114.7662,52.64576],[-114.64124,53.03772],[-114.51348,53.43109]]}},{"type":"Feature","properties":{"fed_id_a":"48022678","fed_id_b":"48022851","kind":"land","length":5},"geometry":{"type":"LineString","coordinates":[[-114.88845,52.25525],[-115.49436,52.14935],[-115.98634,52.43016],[-116.48402,52.70859],[-116.98745,52.98456],[-117.49663,53.25802]]}},{"type":"Feature","properties":{"fed_id_a":"48022678","fed_id_b":"48022860","kind":"land","length":3},"geometry":{"type":"LineString","coordinates":[[-114.88845,52.25525],[-115.37934,52.53925],[-115.26178,52.93062],[-115.14158,53.32344]]}},{"type":"Feature","properties":{"fed_id_a":"48022678","fed_id_b":"48022861","kind":"land","length":4},"geometry":{"type":"LineString","coordinates":[[-114.88845,52.25525],[-115.37934,52.53925],[-115.87605,52.82089],[-116.37861,53.10009],[-116.27084,53.49304]]}},{"type":"Feature","properties":{"fed_id_a":"48022678","fed_id_b":"48022899","kind":"land","length":2},"geometry":{"type":"LineString","coordinates":[[-114.88845,52.25525],[-115.00808,51.86623],[-114.52745,51.58085]]}},{"type":"Feature","properties":{"fed_id_a":"48022678","fed_id_b":"48022925","kind":"land","length":2},"geometry":{"type":"LineString","coordinates":[[-114.88845,52.25525],[-114.7662,52.64576],[-114.14696,52.7496]]}},{"type":"Feature","properties":{"fed_id_a":"48022678","fed_id_b":"59022641","kind":"land","length":5},"geometry":{"type":"LineString","coordinates":[[-114.88845,52.25525],[-115.49436,52.14935],[-116.09424,52.04094],[-116.68805,51.93009],[-116.78681,51.54314],[-116.88349,51.15778]]}},{"type":"Feature","properties":{"fed_id_a":"48022687","fed_id_b":"48022717","kind":"land","length":3},"geometry":{"type":"LineString","coordinates":[[-113.51282,49.56613],[-113.96479,49.85463],[-114.42196,50.14121],[-114.30134,50.52365]]}},{"type":"Feature","properties":{"fed_id_a":"48022687","fed_id_b":"48022730","kind":"land","length":2},"geometry":{"type":"LineString","coordinates":[[-113.51282,49.56613],[-113.96479,49.85463],[-114.54013,49.76038]]}},{"type":"Feature","properties":{"fed_id_a":"48022689","fed_id_b":"59022732","kind":"land","length":2},"geometry":{"type":"LineString","coordinates":[[-114.08691,49.47484],[-114.65592,49.38121],[-115.11025,49.66381]]}},{"type":"Feature","properties":{"fed_id_a":"48022691","fed_id_b":"48022715","kind":"land","length":2},"geometry":{"type":"LineString","coordinates":[[-113.38429,49.94647],[-113.2531,50.32841],[-113.71293,50.61905]]}},{"type":"Feature","properties":{"fed_id_a":"48022691","fed_id_b":"48022717","kind":"land","length":2},"geometry":{"type":"LineString","coordinates":[[-113.38429,49.94647],[-113.84016,50.23604],[-114.30134,50.52365]]}},{"type":"Feature","properties":{"fed_id_a":"48022700","fed_id_b":"48047989","kind":"land","length":4},"geometry":{"type":"LineString","coordinates":[[-112.48835,49.36174],[-111.90584,49.4452],[-111.31854,49.5261],[-110.72652,49.60439],[-110.56801,49.98508]]}},{"type":"Feature","properties":{"fed_id_a":"48022715","fed_id_b":"48022724","kind":"land","length":3},"geometry":{"type":"LineString","coordinates":[[-113.71293,50.61905],[-113.11919,50.71193],[-112.66085,50.41826],[-112.79867,50.03585]]}},{"type":"Feature","properties":{"fed_id_a":"48022715","fed_id_b":"48022726","kind":"land","length":3},"geometry":{"type":"LineString","coordinates":[[-113.71293,50.61905],[-113.11919,50.71193],[-112.52015,50.80223],[-112.06346,50.50551]]}},{"type":"Feature","properties":{"fed_id_a":"48022717","fed_id_b":"48022730","kind":"land","length":2},"geometry":{"type":"LineString","coordinates":[[-114.30134,50.52365],[-114.42196,50.14121],[-114.54013,49.76038]]}},{"type":"Feature","properties":{"fed_id_a":"48022717","fed_id_b":"59022664","kind":"land","length":3},"geometry":{"type":"LineString","coordinates":[[-114.30134,50.52365],[-114.88436,50.42581],[-115.46194,50.3256],[-115.93059,50.60514]]}},{"type":"Feature","properties":{"fed_id_a":"48022719","fed_id_b":"48022726","kind":"land","length":3},"geometry":{"type":"LineString","coordinates":[[-113.58304,51.00364],[-112.98245,51.097],[-112.52015,50.80223],[-112.06346,50.50551]]}},{"type":"Feature","properties":{"fed_id_a":"48022719","fed_id_b":"48022910","kind":"land","length":2},"geometry":{"type":"LineString","coordinates":[[-113.58304,51.00364],[-112.98245,51.097],[-112.8428,51.48358]]}},{"type":"Feature","properties":{"fed_id_a":"48022724","fed_id_b":"48022726","kind":"land","length":2},"geometry":{"type":"LineString","coordinates":[[-112.79867,50.03585],[-112.20799,50.12268],[-112.06346,50.50551]]}},{"type":"Feature","properties":{"fed_id_a":"48022725","fed_id_b":"48022726","kind":"land","length":3},"geometry":{"type":"LineString","coordinates":[[-112.34959,49.74142],[-111.76057,49.82527],[-111.61232,50.20691],[-112.06346,50.50551]]}},{"type":"Feature","properties":{"fed_id_a":"48022725","fed_id_b":"48047989","kind":"land","length":3},"geometry":{"type":"LineString","coordinates":[[-112.34959,49.74142],[-111.76057,49.82527],[-111.16668,49.90652],[-110.56801,49.98508]]}},{"type":"Feature","properties":{"fed_id_a":"48022726","fed_id_b":"48022883","kind":"land","length":5},"geometry":{"type":"LineString","coordinates":[[-112.06346,50.50551],[-111.9159,50.88986],[-111.76522,51.2757],[-111.61133,51.663],[-112.07988,51.96311],[-112.55443,52.26115]]}},{"type":"Feature","properties":{"fed_id_a":"48022726","fed_id_b":"48022910","kind":"land","length":3},"geometry":{"type":"LineString","coordinates":[[-112.06346,50.50551],[-111.9159,50.88986],[-112.37649,51.18771],[-112.8428,51.48358]]}},{"type":"Feature","properties":{"fed_id_a":"48022726","fed_id_b":"48047989","kind":"land","length":3},"geometry":{"type":"LineString","coordinates":[[-112.06346,50.50551],[-111.61232,50.20691],[-111.16668,49.90652],[-110.56801,49.98508]]}},{"type":"Feature","properties":{"fed_id_a":"48022730","fed_id_b":"59022664","kind":"land","length":3},"geometry":{"type":"LineString","coordinates":[[-114.54013,49.76038],[-114.99846,50.04399],[-115.46194,50.3256],[-115.93059,50.60514]]}},{"type":"Feature","properties":{"fed_id_a":"48022835","fed_id_b":"48022841","kind":"land","length":2},"geometry":{"type":"LineString","coordinates":[[-115.53013,54.00171],[-115.01868,53.71766],[-114.38282,53.82584]]}},{"type":"Feature","properties":{"fed_id_a":"48022835","fed_id_b":"48022844","kind":"land","length":2},"geometry":{"type":"LineString","coordinates":[[-115.53013,54.00171],[-115.01868,53.71766],[-114.51348,53.43109]]}},{"type":"Feature","properties":{"fed_id_a":"48022835","fed_id_b":"48022845","kind":"land","length":2},"geometry":{"type":"LineString","coordinates":[[-115.53013,54.00171],[-114.89297,54.11325],[-114.24918,54.22194]]}},{"type":"Feature","properties":{"fed_id_a":"48022835","fed_id_b":"48022851","kind":"land","length":5},"geometry":{"type":"LineString","coordinates":[[-115.53013,54.00171],[-116.04787,54.28319],[-116.67937,54.16554],[-117.30396,54.04525],[-117.40138,53.65092],[-117.49663,53.25802]]}},{"type":"Feature","properties":{"fed_id_a":"48022835","fed_id_b":"48022860","kind":"land","length":2},"geometry":{"type":"LineString","coordinates":[[-115.53013,54.00171],[-115.01868,53.71766],[-115.14158,53.32344]]}},{"type":"Feature","properties":{"fed_id_a":"48022835","fed_id_b":"48022861","kind":"land","length":2},"geometry":{"type":"LineString","coordinates":[[-115.53013,54.00171],[-116.16062,53.88742],[-116.27084,53.49304]]}},{"type":"Feature","properties":{"fed_id_a":"48022835","fed_id_b":"48022873","kind":"land","length":4},"geometry":{"type":"LineString","coordinates":[[-115.53013,54.00171],[-115.40951,54.3981],[-115.28609,54.7958],[-114.63273,54.9084],[-114.49801,55.30789]]}},{"type":"Feature","properties":{"fed_id_a":"48022844","fed_id_b":"48022925","kind":"land","length":2},"geometry":{"type":"LineString","coordinates":[[-114.51348,53.43109],[-114.64124,53.03772],[-114.14696,52.7496]]}},{"type":"Feature","properties":{"fed_id_a":"48022845","fed_id_b":"48022873","kind":"land","length":3},"geometry":{"type":"LineString","coordinates":[[-114.24918,54.22194],[-114.76435,54.51018],[-114.63273,54.9084],[-114.49801,55.30789]]}},{"type":"Feature","properties":{"fed_id_a":"48022851","fed_id_b":"48022861","kind":"land","length":2},"geometry":{"type":"LineString","coordinates":[[-117.49663,53.25802],[-116.88705,53.37679],[-116.27084,53.49304]]}},{"type":"Feature","properties":{"fed_id_a":"48022851","fed_id_b":"59022641","kind":"land","length":6},"geometry":{"type":"LineString","coordinates":[[-117.49663,53.25802],[-116.98745,52.98456],[-117.08565,52.59382],[-117.18173,52.20458],[-116.68805,51.93009],[-116.78681,51.54314],[-116.88349,51.15778]]}},{"type":"Feature","properties":{"fed_id_a":"48022860","fed_id_b":"48022861","kind":"land","length":2},"geometry":{"type":"LineString","coordinates":[[-115.14158,53.32344],[-115.76331,53.21308],[-116.27084,53.49304]]}},{"type":"Feature","properties":{"fed_id_a":"48022883","fed_id_b":"48022901","kind":"land","length":2},"geometry":{"type":"LineString","coordinates":[[-112.55443,52.26115],[-113.17647,52.16649],[-113.7928,52.06907]]}},{"type":"Feature","properties":{"fed_id_a":"48022883","fed_id_b":"48022902","kind":"land","length":2},"geometry":{"type":"LineString","coordinates":[[-112.55443,52.26115],[-113.17647,52.16649],[-113.31489,51.77739]]}},{"type":"Feature","properties":{"fed_id_a":"48022883","fed_id_b":"48022910","kind":"land","length":2},"geometry":{"type":"LineString","coordinates":[[-112.55443,52.26115],[-112.70016,51.87164],[-112.8428,51.48358]]}},{"type":"Feature","properties":{"fed_id_a":"48022883","fed_id_b":"48022911","kind":"land","length":3},"geometry":{"type":"LineString","coordinates":[[-112.55443,52.26115],[-112.40549,52.65206],[-112.25326,53.04435],[-112.74262,53.34229]]}},{"type":"Feature","properties":{"fed_id_a":"48022883","fed_id_b":"48022914","kind":"land","length":2},"geometry":{"type":"LineString","coordinates":[[-112.55443,52.26115],[-112.40549,52.65206],[-112.89043,52.94898]]}},{"type":"Feature","properties":{"fed_id_a":"48022883","fed_id_b":"48022918","kind":"land","length":3},"geometry":{"type":"LineString","coordinates":[[-112.55443,52.26115],[-112.40549,52.65206],[-111.77024,52.74417],[-111.12933,52.83328]]}},{"type":"Feature","properties":{"fed_id_a":"48022883","fed_id_b":"48022926","kind":"land","length":2},"geometry":{"type":"LineString","coordinates":[[-112.55443,52.26115],[-113.17647,52.16649],[-113.65872,52.45917]]}},{"type":"Feature","properties":{"fed_id_a":"48022911","fed_id_b":"48022918","kind":"land","length":3},"geometry":{"type":"LineString","coordinates":[[-112.74262,53.34229],[-112.25326,53.04435],[-111.77024,52.74417],[-111.12933,52.83328]]}},{"type":"Feature","properties":{"fed_id_a":"48022916","fed_id_b":"48022918","kind":"land","length":2},"geometry":{"type":"LineString","coordinates":[[-112.09763,53.43798],[-111.61027,53.13673],[-111.12933,52.83328]]}},{"type":"Feature","properties":{"fed_id_a":"48022916","fed_id_b":"48022922","kind":"land","length":2},"geometry":{"type":"LineString","coordinates":[[-112.09763,53.43798],[-111.61027,53.13673],[-110.96152,53.22604]]}},{"type":"Feature","properties":{"fed_id_a":"59021775","fed_id_b":"59021799","kind":"land","length":2},"geometry":{"type":"LineString","coordinates":[[-120.54919,55.63507],[-121.11141,55.88958],[-121.05351,56.28833]]}},{"type":"Feature","properties":{"fed_id_a":"59021775","fed_id_b":"59022980","kind":"land","length":6},"geometry":{"type":"LineString","coordinates":[[-120.54919,55.63507],[-121.16794,55.49214],[-121.77874,55.34695],[-122.3816,55.19959],[-122.42214,54.80579],[-122.46175,54.41337],[-122.50048,54.02239]]}},{"type":"Feature","properties":{"fed_id_a":"59022301","fed_id_b":"59022330","kind":"land","length":3},"geometry":{"type":"LineString","coordinates":[[-128.5569,54.22123],[-128.02758,54.38985],[-127.49053,54.55719],[-126.94566,54.72316]]}},{"type":"Feature","properties":{"fed_id_a":"59022301","fed_id_b":"59022343","kind":"land","length":3},"geometry":{"type":"LineString","coordinates":[[-128.5569,54.22123],[-129.07854,54.0514],[-129.63331,54.25915],[-130.19203,54.46374]]}},{"type":"Feature","properties":{"fed_id_a":"59022326","fed_id_b":"59022330","kind":"land","length":3},"geometry":{"type":"LineString","coordinates":[[-128.58664,54.6033],[-128.05159,54.77356],[-127.49053,54.55719],[-126.94566,54.72316]]}},{"type":"Feature","properties":{"fed_id_a":"59022326","fed_id_b":"59022343","kind":"land","length":3},"geometry":{"type":"LineString","coordinates":[[-128.58664,54.6033],[-129.14995,54.81355],[-129.67491,54.6392],[-130.19203,54.46374]]}},{"type":"Feature","properties":{"fed_id_a":"59022326","fed_id_b":"60023712","kind":"land","length":20},"geometry":{"type":"LineString","coordinates":[[-128.58664,54.6033],[-128.61705,54.98672],[-128.64816,55.37145],[-128.67999,55.75748],[-128.71256,56.14477],[-128.7459,56.53329],[-128.78004,56.92302],[-128.81501,57.31392],[-128.85084,57.70596],[-128.88755,58.0991],[-128.92519,58.49332],[-129.56103,58.69884],[-129.60792,59.09347],[-130.25741,59.29442],[-130.91215,59.49139],[-131.57203,59.68434],[-132.23695,59.87322],[-132.90677,60.058],[-133.58136,60.23864],[-134.2606,60.41512],[-134.94432,60.58739]]}},{"type":"Feature","properties":{"fed_id_a":"59022330","fed_id_b":"59022563","kind":"land","length":5},"geometry":{"type":"LineString","coordinates":[[-126.94566,54.72316],[-126.38731,54.50065],[-125.83363,54.27501],[-125.27774,54.43347],[-124.72742,54.2017],[-124.182,53.9669]]}},{"type":"Feature","properties":{"fed_id_a":"59022356","fed_id_b":"59022380","kind":"land","length":2},"geometry":{"type":"LineString","coordinates":[[-122.13239,52.22744],[-122.64703,52.47325],[-122.61159,52.85826]]}},{"type":"Feature","properties":{"fed_id_a":"59022356","fed_id_b":"59022736","kind":"land","length":5},"geometry":{"type":"LineString","coordinates":[[-122.13239,52.22744],[-122.17237,51.84432],[-122.21152,51.46281],[-121.71196,51.21512],[-121.217,50.96493],[-120.72664,50.7123]]}},{"type":"Feature","properties":{"fed_id_a":"59022356","fed_id_b":"59022764","kind":"land","length":2},"geometry":{"type":"LineString","coordinates":[[-122.13239,52.22744],[-121.62254,51.97897],[-121.1175,51.72791]]}},{"type":"Feature","properties":{"fed_id_a":"59022356","fed_id_b":"59049216","kind":"land","length":6},"geometry":{"type":"LineString","coordinates":[[-122.13239,52.22744],[-122.17237,51.84432],[-122.21152,51.46281],[-122.24985,51.08292],[-122.78147,50.94908],[-122.81336,50.57213],[-122.8446,50.19685]]}},{"type":"Feature","properties":{"fed_id_a":"59022380","fed_id_b":"59022562","kind":"land","length":3},"geometry":{"type":"LineString","coordinates":[[-122.61159,52.85826],[-123.13652,53.10161],[-123.10594,53.48839],[-123.07468,53.87667]]}},{"type":"Feature","properties":{"fed_id_a":"59022380","fed_id_b":"59022563","kind":"land","length":4},"geometry":{"type":"LineString","coordinates":[[-122.61159,52.85826],[-123.13652,53.10161],[-123.66632,53.34215],[-124.20096,53.57981],[-124.182,53.9669]]}},{"type":"Feature","properties":{"fed_id_a":"59022380","fed_id_b":"59022980","kind":"land","length":4},"geometry":{"type":"LineString","coordinates":[[-122.61159,52.85826],[-122.57537,53.2448],[-122.00711,53.38616],[-121.96349,53.77544],[-122.50048,54.02239]]}},{"type":"Feature","properties":{"fed_id_a":"59022562","fed_id_b":"59022563","kind":"land","length":2},"geometry":{"type":"LineString","coordinates":[[-123.07468,53.87667],[-123.6161,54.11755],[-124.182,53.9669]]}},{"type":"Feature","properties":{"fed_id_a":"59022641","fed_id_b":"59022652","kind":"land","length":2},"geometry":{"type":"LineString","coordinates":[[-116.88349,51.15778],[-117.45788,51.04621],[-118.02636,50.93246]]}},{"type":"Feature","properties":{"fed_id_a":"59022641","fed_id_b":"59022664","kind":"land","length":2},"geometry":{"type":"LineString","coordinates":[[-116.88349,51.15778],[-116.40443,50.88256],[-115.93059,50.60514]]}},{"type":"Feature","properties":{"fed_id_a":"59022641","fed_id_b":"59022814","kind":"land","length":4},"geometry":{"type":"LineString","coordinates":[[-116.88349,51.15778],[-116.97816,50.77402],[-117.07087,50.3919],[-117.16169,50.01143],[-117.25068,49.63265]]}},{"type":"Feature","properties":{"fed_id_a":"59022652","fed_id_b":"59022743","kind":"land","length":3},"geometry":{"type":"LineString","coordinates":[[-118.02636,50.93246],[-118.58891,50.81663],[-118.66459,50.43556],[-119.2151,50.3187]]}},{"type":"Feature","properties":{"fed_id_a":"59022652","fed_id_b":"59022747","kind":"land","length":2},"geometry":{"type":"LineString","coordinates":[[-118.02636,50.93246],[-118.58891,50.81663],[-119.14553,50.69877]]}},{"type":"Feature","properties":{"fed_id_a":"59022652","fed_id_b":"59022774","kind":"land","length":4},"geometry":{"type":"LineString","coordinates":[[-118.02636,50.93246],[-118.51164,51.19935],[-119.00196,51.46388],[-119.56501,51.34203],[-119.63128,50.95967]]}},{"type":"Feature","properties":{"fed_id_a":"59022652","fed_id_b":"59022814","kind":"land","length":4},"geometry":{"type":"LineString","coordinates":[[-118.02636,50.93246],[-117.54611,50.66329],[-117.63252,50.28203],[-117.71718,49.90244],[-117.25068,49.63265]]}},{"type":"Feature","properties":{"fed_id_a":"59022652","fed_id_b":"59022816","kind":"land","length":4},"geometry":{"type":"LineString","coordinates":[[-118.02636,50.93246],[-118.10826,50.55045],[-118.18848,50.1701],[-118.26708,49.79144],[-117.80013,49.52455]]}},{"type":"Feature","properties":{"fed_id_a":"59022664","fed_id_b":"59022732","kind":"land","length":3},"geometry":{"type":"LineString","coordinates":[[-115.93059,50.60514],[-116.03405,50.22308],[-115.56962,49.94445],[-115.11025,49.66381]]}},{"type":"Feature","properties":{"fed_id_a":"59022664","fed_id_b":"59022814","kind":"land","length":4},"geometry":{"type":"LineString","coordinates":[[-115.93059,50.60514],[-116.50355,50.49962],[-116.60064,50.11833],[-117.16169,50.01143],[-117.25068,49.63265]]}},{"type":"Feature","properties":{"fed_id_a":"59022664","fed_id_b":"59022825","kind":"land","length":3},"geometry":{"type":"LineString","coordinates":[[-115.93059,50.60514],[-116.03405,50.22308],[-116.1354,49.84267],[-115.67512,49.56497]]}},{"type":"Feature","properties":{"fed_id_a":"59022732","fed_id_b":"59022823","kind":"land","length":3},"geometry":{"type":"LineString","coordinates":[[-115.11025,49.66381],[-115.2198,49.2853],[-115.77851,49.18718],[-116.33203,49.08692]]}},{"type":"Feature","properties":{"fed_id_a":"59022736","fed_id_b":"59022763","kind":"land","length":2},"geometry":{"type":"LineString","coordinates":[[-120.72664,50.7123],[-120.77965,50.33381],[-120.83158,49.95701]]}},{"type":"Feature","properties":{"fed_id_a":"59022736","fed_id_b":"59022764","kind":"land","length":3},"geometry":{"type":"LineString","coordinates":[[-120.72664,50.7123],[-120.67253,51.09247],[-120.61727,51.4743],[-121.1175,51.72791]]}},{"type":"Feature","properties":{"fed_id_a":"59022736","fed_id_b":"59049216","kind":"land","length":4},"geometry":{"type":"LineString","coordinates":[[-120.72664,50.7123],[-121.26521,50.58592],[-121.79772,50.45784],[-122.32418,50.32813],[-122.8446,50.19685]]}},{"type":"Feature","properties":{"fed_id_a":"59022737","fed_id_b":"59022743","kind":"land","length":2},"geometry":{"type":"LineString","coordinates":[[-120.2409,50.45729],[-119.75977,50.19994],[-119.2151,50.3187]]}},{"type":"Feature","properties":{"fed_id_a":"59022737","fed_id_b":"59022746","kind":"land","length":2},"geometry":{"type":"LineString","coordinates":[[-120.2409,50.45729],[-119.75977,50.19994],[-119.28326,49.94032]]}},{"type":"Feature","properties":{"fed_id_a":"59022737","fed_id_b":"59022758","kind":"land","length":3},"geometry":{"type":"LineString","coordinates":[[-120.2409,50.45729],[-120.2986,50.07935],[-120.35514,49.70313],[-119.88312,49.44701]]}},{"type":"Feature","properties":{"fed_id_a":"59022737","fed_id_b":"59022762","kind":"land","length":2},"geometry":{"type":"LineString","coordinates":[[-120.2409,50.45729],[-119.75977,50.19994],[-119.82207,49.82262]]}},{"type":"Feature","properties":{"fed_id_a":"59022737","fed_id_b":"59022763","kind":"land","length":2},"geometry":{"type":"LineString","coordinates":[[-120.2409,50.45729],[-120.2986,50.07935],[-120.83158,49.95701]]}},{"type":"Feature","properties":{"fed_id_a":"59022741","fed_id_b":"59022764","kind":"land","length":3},"geometry":{"type":"LineString","coordinates":[[-120.182,50.83691],[-120.12186,51.2182],[-120.61727,51.4743],[-121.1175,51.72791]]}},{"type":"Feature","properties":{"fed_id_a":"59022743","fed_id_b":"59022816","kind":"land","length":3},"geometry":{"type":"LineString","coordinates":[[-119.2151,50.3187],[-118.73873,50.05617],[-118.26708,49.79144],[-117.80013,49.52455]]}},{"type":"Feature","properties":{"fed_id_a":"59022746","fed_id_b":"59022791","kind":"land","length":3},"geometry":{"type":"LineString","coordinates":[[-119.28326,49.94032],[-118.81137,49.67848],[-118.3441,49.41449],[-117.88143,49.14839]]}},{"type":"Feature","properties":{"fed_id_a":"59022746","fed_id_b":"59022816","kind":"land","length":3},"geometry":{"type":"LineString","coordinates":[[-119.28326,49.94032],[-118.81137,49.67848],[-118.26708,49.79144],[-117.80013,49.52455]]}},{"type":"Feature","properties":{"fed_id_a":"59022746","fed_id_b":"59022828","kind":"land","length":3},"geometry":{"type":"LineString","coordinates":[[-119.28326,49.94032],[-118.81137,49.67848],[-118.88256,49.30252],[-118.41959,49.03927]]}},{"type":"Feature","properties":{"fed_id_a":"59022758","fed_id_b":"59022763","kind":"land","length":2},"geometry":{"type":"LineString","coordinates":[[-119.88312,49.44701],[-120.35514,49.70313],[-120.83158,49.95701]]}},{"type":"Feature","properties":{"fed_id_a":"59022758","fed_id_b":"59049168","kind":"land","length":3},"geometry":{"type":"LineString","coordinates":[[-119.88312,49.44701],[-120.41055,49.32863],[-120.99552,49.21642],[-121.5771,49.10141]]}},{"type":"Feature","properties":{"fed_id_a":"59022763","fed_id_b":"59049168","kind":"land","length":3},"geometry":{"type":"LineString","coordinates":[[-120.83158,49.95701],[-120.88248,49.58192],[-120.99552,49.21642],[-121.5771,49.10141]]}},{"type":"Feature","properties":{"fed_id_a":"59022763","fed_id_b":"59049169","kind":"land","length":3},"geometry":{"type":"LineString","coordinates":[[-120.83158,49.95701],[-121.35873,49.83297],[-121.88005,49.70732],[-121.98556,49.3422]]}},{"type":"Feature","properties":{"fed_id_a":"59022763","fed_id_b":"59049171","kind":"land","length":2},"geometry":{"type":"LineString","coordinates":[[-120.83158,49.95701],[-121.35873,49.83297],[-121.40409,49.45907]]}},{"type":"Feature","properties":{"fed_id_a":"59022763","fed_id_b":"59049216","kind":"land","length":4},"geometry":{"type":"LineString","coordinates":[[-120.83158,49.95701],[-121.35873,49.83297],[-121.8393,50.08172],[-122.36022,49.95326],[-122.8446,50.19685]]}},{"type":"Feature","properties":{"fed_id_a":"59022764","fed_id_b":"59022774","kind":"land","length":5},"geometry":{"type":"LineString","coordinates":[[-121.1175,51.72791],[-120.56084,51.85774],[-119.99773,51.98566],[-119.49732,51.72601],[-119.56501,51.34203],[-119.63128,50.95967]]}},{"type":"Feature","properties":{"fed_id_a":"59022789","fed_id_b":"59022823","kind":"land","length":2},"geometry":{"type":"LineString","coordinates":[[-117.33788,49.25559],[-116.88032,48.98459],[-116.33203,49.08692]]}},{"type":"Feature","properties":{"fed_id_a":"59022814","fed_id_b":"59022823","kind":"land","length":3},"geometry":{"type":"LineString","coordinates":[[-117.25068,49.63265],[-116.69576,49.73872],[-116.23471,49.46395],[-116.33203,49.08692]]}},{"type":"Feature","properties":{"fed_id_a":"59022814","fed_id_b":"59022825","kind":"land","length":3},"geometry":{"type":"LineString","coordinates":[[-117.25068,49.63265],[-116.69576,49.73872],[-116.1354,49.84267],[-115.67512,49.56497]]}},{"type":"Feature","properties":{"fed_id_a":"59022823","fed_id_b":"59022825","kind":"land","length":2},"geometry":{"type":"LineString","coordinates":[[-116.33203,49.08692],[-116.23471,49.46395],[-115.67512,49.56497]]}},{"type":"Feature","properties":{"fed_id_a":"59022828","fed_id_b":"59022829","kind":"land","length":2},"geometry":{"type":"LineString","coordinates":[[-118.41959,49.03927],[-118.88256,49.30252],[-119.41552,49.18872]]}},{"type":"Feature","properties":{"fed_id_a":"59022828","fed_id_b":"59022833","kind":"land","length":2},"geometry":{"type":"LineString","coordinates":[[-118.41959,49.03927],[-118.88256,49.30252],[-119.35006,49.56365]]}},{"type":"Feature","properties":{"fed_id_a":"59049169","fed_id_b":"59049216","kind":"land","length":3},"geometry":{"type":"LineString","coordinates":[[-121.98556,49.3422],[-121.88005,49.70732],[-122.36022,49.95326],[-122.8446,50.19685]]}},{"type":"Feature","properties":{"fed_id_a":"59049169","fed_id_b":"59049238","kind":"land","length":2},"geometry":{"type":"LineString","coordinates":[[-121.98556,49.3422],[-122.39554,49.58011],[-122.97319,49.45865]]}},{"type":"Feature","properties":{"fed_id_a":"59049169","fed_id_b":"59049241","kind":"land","length":2},"geometry":{"type":"LineString","coordinates":[[-121.98556,49.3422],[-122.39554,49.58011],[-122.87522,49.82327]]}},{"type":"Feature","properties":{"fed_id_a":"59049196","fed_id_b":"59049209","kind":"land","length":2},"geometry":{"type":"LineString","coordinates":[[-124.36985,49.79434],[-124.85604,50.02727],[-125.35157,49.88774]]}},{"type":"Feature","properties":{"fed_id_a":"59049196","fed_id_b":"59049216","kind":"land","length":3},"geometry":{"type":"LineString","coordinates":[[-124.36985,49.79434],[-123.86741,49.92989],[-123.359,50.06408],[-122.8446,50.19685]]}},{"type":"Feature","properties":{"fed_id_a":"59049196","fed_id_b":"59049239","kind":"land","length":2},"geometry":{"type":"LineString","coordinates":[[-124.36985,49.79434],[-123.86741,49.92989],[-123.38432,49.69183]]}},{"type":"Feature","properties":{"fed_id_a":"59049216","fed_id_b":"59049239","kind":"land","length":2},"geometry":{"type":"LineString","coordinates":[[-122.8446,50.19685],[-123.359,50.06408],[-123.38432,49.69183]]}},{"type":"Feature","properties":{"fed_id_a":"59049225","fed_id_b":"59049226","kind":"land","length":2},"geometry":{"type":"LineString","coordinates":[[-124.68338,49.07844],[-124.27497,48.84782],[-123.70825,48.97535]]}},{"type":"Feature","properties":{"fed_id_a":"59049225","fed_id_b":"59049230","kind":"land","length":2},"geometry":{"type":"LineString","coordinates":[[-124.68338,49.07844],[-124.27497,48.84782],[-123.86781,48.61433]]}},{"type":"Feature","properties":{"fed_id_a":"61023440","fed_id_b":"62018255","kind":"water","length":62},"geometry":{"type":"LineString","coordinates":[[-114.58723,62.59018],[-113.74746,62.71898],[-112.89675,62.84325],[-112.69653,63.25879],[-111.8207,63.37809],[-110.93405,63.49244],[-110.69782,63.90742],[-109.7853,64.01604],[-108.86225,64.11929],[-108.58687,64.53283],[-107.6374,64.62955],[-106.67787,64.72046],[-106.36018,65.13158],[-105.37396,65.21514],[-104.37836,65.29246],[-104.01525,65.70008],[-102.99304,65.7692],[-101.96238,65.83165],[-101.55092,66.23461],[-100.49412,66.28801],[-99.4301,66.33431],[-98.96763,66.73137],[-97.87843,66.76777],[-96.78352,66.7967],[-96.26781,67.18653],[-95.14924,67.20472],[-94.02677,67.21511],[-93.4562,67.59633],[-92.31217,67.59519],[-91.16635,67.58597],[-90.54004,67.95716],[-89.3754,67.93568],[-88.71099,68.29988],[-87.5293,68.26566],[-86.34977,68.22301],[-85.62947,68.5748],[-84.88713,68.92306],[-84.122,69.26761],[-83.33328,69.60824],[-82.5202,69.94475],[-81.68193,70.27694],[-80.81767,70.60459],[-79.52676,70.51562],[-78.24658,70.4175],[-76.97825,70.31034],[-75.72285,70.1943],[-75.4144,69.7724],[-74.19796,69.64533],[-73.92506,69.21972],[-73.66208,68.79276],[-72.50691,68.65341],[-72.27544,68.22335],[-72.0521,67.79215],[-70.95423,67.64179],[-70.75883,67.20803],[-70.57005,66.77335],[-69.52561,66.61313],[-69.36164,66.17639],[-69.20303,65.73891],[-69.04953,65.30074],[-68.90089,64.86195],[-68.75689,64.42259],[-68.61732,63.98272]]}}]}
