{"type":"FeatureCollection","features":[{"type":"Feature","properties":{},"geometry":{"type":"LineString","coordinates":[[-52.96369360833836,47.53067268497721],[-52.98292849937607,47.51956895396949]]}},{"type":"Feature","properties":{},"geometry":{"type":"LineString","coordinates":[[-52.917997081421824,47.55321135140263],[-52.92370585822621,47.5441822830349],[-52.949948902661866,47.537451916513206]]}},{"type":"Feature","properties":{},"geometry":{"type":"LineString","coordinates":[[-52.91509432013582,47.553395383712044],[-52.915641707382974,47.55437308060506]]}},{"type":"Feature","properties":{},"geometry":{"type":"LineString","coordinates":[[-52.669376041414196,47.45134638629925],[-52.715168275284185,47.461510591926775],[-52.7210679896892,47.4658869064263],[-52.72115397810761,47.48190382029622],[-52.7887935983155,47.50050878574241],[-52.81035321140099,47.49766890346078],[-52.82871760533549,47.51108189604912],[-52.86591070404801,47.509744708797776],[-52.89697720659928,47.50207210012832],[-52.916062892365005,47.50625924533388],[-52.92482232256503,47.52491218425464],[-52.92205905436041,47.53004329091354],[-52.909924413076865,47.531201066538046],[-52.91509432013582,47.553395383712044]]}},{"type":"Feature","properties":{},"geometry":{"type":"LineString","coordinates":[[-53.14252052317217,47.790348795620055],[-53.17565897843287,47.788855476136604],[-53.198774977688714,47.77872487576514],[-53.25374723394797,47.79161101183193],[-53.37302433497066,47.7767202872381],[-53.38749229229585,47.64459807281618],[-53.385390107650885,47.63076510302244],[-53.399786634472115,47.62585551667637],[-53.40796948901768,47.60429022715262],[-53.39236123913709,47.59732045860843],[-53.384296958241265,47.580286742917],[-53.504800818625654,47.40407401431424],[-53.52392831842522,47.3154007005776],[-53.52094478623118,47.30803159111958],[-53.54475769699871,47.302816603267296],[-53.7437825674546,47.21743213525981],[-53.931601990740305,46.9982818880917],[-53.93294169549641,46.98939989512404],[-53.90260358662485,46.96814170460272],[-53.89510250600484,46.95776599601099],[-53.86983267743547,46.95326940092511],[-53.864287166900745,46.9461406566839]]}},{"type":"Feature","properties":{},"geometry":{"type":"LineString","coordinates":[[-52.67676327920828,47.56038349151841],[-52.67748844928258,47.56048784037988]]}},{"type":"Feature","properties":{},"geometry":{"type":"LineString","coordinates":[[-52.914342051509045,47.55501410328636],[-52.91509432013582,47.553395383712044]]}},{"type":"Feature","properties":{},"geometry":{"type":"LineString","coordinates":[[-52.68465404661765,47.56145459674481],[-52.69183547385506,47.562373801444565],[-52.71050931825098,47.55157674103768],[-52.72005730325152,47.55798899224811],[-52.71722710085669,47.56127980995165],[-52.74532778226934,47.555600501818745],[-52.74825148254559,47.56077489655783],[-52.80924449865487,47.53803489478768],[-52.82189160537855,47.53570731278935],[-52.82612243517554,47.543132771597],[-52.83752595943392,47.54501041867865],[-52.86407882267709,47.53743596749161],[-52.88025738787762,47.545881619079246],[-52.87552255548844,47.54702820624928],[-52.87485657775089,47.55398594782246],[-52.882814171458875,47.55949593183319],[-52.88834760901294,47.57580866364176]]}},{"type":"Feature","properties":{},"geometry":{"type":"LineString","coordinates":[[-54.43638822502261,49.46820198597591],[-54.435673372653575,49.47353830903905]]}},{"type":"Feature","properties":{},"geometry":{"type":"LineString","coordinates":[[-54.95367796097323,47.774770633422925],[-54.94514916015496,47.78295595754198],[-54.66682426000518,48.25007283526264],[-54.32136909822775,48.81422650157965],[-54.31899110694381,48.854671407945474],[-54.21515804599582,48.939775766511914],[-54.315883864372296,49.3267820149814],[-54.4091265462463,49.32814711956671]]}},{"type":"Feature","properties":{},"geometry":{"type":"LineString","coordinates":[[-55.02233184070628,47.70319463953711],[-55.02218179780599,47.710350588199795],[-55.00923583180861,47.71920322356735]]}},{"type":"Feature","properties":{},"geometry":{"type":"LineString","coordinates":[[-55.06744538602955,47.651394213245595],[-55.05888550863833,47.65851137234659]]}},{"type":"Feature","properties":{},"geometry":{"type":"LineString","coordinates":[[-55.097361943042976,47.597889312298854],[-55.09867436578051,47.61126124610165]]}},{"type":"Feature","properties":{},"geometry":{"type":"LineString","coordinates":[[-56.798238021182705,49.599764694755706],[-56.84642699247663,49.51925353730664],[-56.99316300913623,48.96360741679863],[-57.240750696276045,48.58078349618188],[-57.52013933787577,47.84341513003965],[-56.77422772449083,47.65157357251118],[-56.772277966645156,47.6361107128329],[-56.765305876953,47.6253611033165]]}},{"type":"Feature","properties":{},"geometry":{"type":"LineString","coordinates":[[-56.748092743351236,47.602370544753],[-56.74600281160859,47.59908890696333]]}},{"type":"Feature","properties":{},"geometry":{"type":"LineString","coordinates":[[-64.4290243946419,60.377698597181826],[-64.49140759120897,60.37260555973637],[-64.5339845855754,60.3410616447661],[-64.53503190103145,60.334308256989935],[-64.52313170320485,60.320792755835996]]}},{"type":"Feature","properties":{},"geometry":{"type":"LineString","coordinates":[[-67.21924254161866,55.00003048355834],[-67.24960948249613,55.018141083028034],[-67.27279210665981,55.02421156508141],[-67.26274249618413,55.03442975828857],[-67.26329640476969,55.04551765499037],[-67.23628382698614,55.04403082987148],[-67.23397883833421,55.051227871897986],[-67.26310323496585,55.071902430048674],[-67.32283786754581,55.0890653144382],[-67.34586127482875,55.08669465767421],[-67.36843859239274,55.09130281144985],[-67.38878565590903,55.084758468921876],[-67.4096325288657,55.088633237430116],[-67.4281229642621,55.0839067797587],[-67.43801746553771,55.07782966865718],[-67.44321674193104,55.064868946500795],[-67.46370387188605,55.06285691723345],[-67.46875594875303,55.05726740192391],[-67.47063445508697,55.04901162533049],[-67.43964904663034,55.03249085016755],[-67.44587182125703,55.00850382813804],[-67.42756598560047,55.00586127402103],[-67.4224880834691,55.000060406665526]]}},{"type":"Feature","properties":{},"geometry":{"type":"LineString","coordinates":[[-66.25940477894682,54.99974965535835],[-66.28290240539982,55.032105101888575],[-66.30359716611042,55.03550316691369],[-66.33314598811502,55.06703520671914],[-66.40210266506875,55.113143695389354],[-66.41965700243165,55.13116486990997],[-66.44470741937928,55.14094749450681],[-66.47239940365786,55.16763167403579],[-66.4953379757085,55.205106902447135],[-66.50740405975608,55.20470017513965],[-66.51230428630784,55.19423106424842],[-66.51641656769588,55.19532212966052],[-66.54559502013082,55.2353798951177],[-66.56568894198905,55.238399307369434],[-66.60747041011743,55.274819516960065],[-66.61803494102126,55.27815132980875],[-66.62179950903487,55.26871388493082],[-66.6444266927342,55.26710102153515],[-66.65863745630455,55.255144789750894],[-66.66977348310998,55.2694447316034],[-66.70063362623677,55.2899506295808],[-66.69694018258878,55.30532309210923],[-66.70028803484482,55.312040107515635],[-66.73456882366162,55.321202756479],[-66.77846228213939,55.352388151552226],[-66.8187414904113,55.35531398326972],[-66.81500510243183,55.340894279702546],[-66.80252243846022,55.331720417821344],[-66.79988869178472,55.32327537686016],[-66.82843769582954,55.326817192482416],[-66.82372582244676,55.306969764635475],[-66.78635720705324,55.27314058604086],[-66.70723085962908,55.22712308769874],[-66.68941205398785,55.2097274339086],[-66.67036329828588,55.17748502936733],[-66.67486894841858,55.17635646154291],[-66.71971727183087,55.20954196737817],[-66.75520153438748,55.21499427692976],[-66.75531366291,55.20569603206892],[-66.73810325423337,55.19106418900038],[-66.76062702748561,55.18781189882737],[-66.74572936639665,55.15317764195189],[-66.74857701933901,55.14854360698457],[-66.76769444023968,55.14969638491462],[-66.77608170179451,55.14417819280781],[-66.77971972306891,55.1389311028466],[-66.76760260707461,55.13513895873607],[-66.78867299169335,55.11841379305135],[-66.779651435613,55.11084958685455],[-66.75494165324793,55.113571290059674],[-66.73283840658473,55.09274911067177],[-66.69486279912113,55.069517366524494],[-66.69444180779173,55.06169521887706],[-66.7467882612159,55.09207489042952],[-66.75362656126437,55.09060185722041],[-66.74704216934758,55.06767602181383],[-66.73287204744203,55.05857105646493],[-66.7350376526636,55.044052676625725],[-66.69788038609023,55.02792708061368],[-66.68206866572697,55.02974672772207],[-66.67168358923018,55.02554762361109],[-66.62705751430316,54.98486015873292],[-66.64813560680443,54.977134914073645],[-66.68601355335721,55.00005379181152],[-66.70880545031771,55.00464437533504],[-66.71240299536854,55.00003609702346],[-66.73690770528978,55.000014028937876],[-66.7400406709674,55.00717611187692],[-66.74744145887931,55.009362493803046],[-66.74936834351992,55.000000699929515],[-66.76599037157192,55.0000169161208]]}},{"type":"Feature","properties":{},"geometry":{"type":"LineString","coordinates":[[-64.52132306130338,60.30197743416306],[-64.52974308799338,60.29667785463135],[-64.58122474581577,60.30837518592076],[-64.59727115376961,60.30061384262039],[-64.6552154247681,60.29480601087009],[-64.70741220570962,60.303297109922134],[-64.72342587286529,60.2914783015141],[-64.8537778246729,60.26941146186574],[-64.86225854709689,60.25846852162972],[-64.8527656794856,60.25266469529595],[-64.86940966701574,60.24410786439779],[-64.87338806419535,60.23729378115384],[-64.86394126676508,60.2281968031119],[-64.78414652785075,60.20397899619054],[-64.78024134026131,60.19611930959268],[-64.74987957301428,60.18815558378034],[-64.74556250617549,60.16862804621995],[-64.73322997340541,60.164366236581245],[-64.69889752005471,60.1712822337973],[-64.69233139263696,60.180082624042605],[-64.68249380707513,60.1811588267029],[-64.66156694811035,60.17016036732732],[-64.64124234922393,60.16737978890667],[-64.6144553109088,60.17084585205028],[-64.60247105314828,60.167014621731454],[-64.60251877444367,60.15580210220897],[-64.59418647515226,60.1494988569428],[-64.59882209028872,60.142833075078094],[-64.59371586446001,60.1170312731831],[-64.60339538024792,60.109678932762606],[-64.63307286102443,60.1054150122724],[-64.67203212812178,60.11354849818147],[-64.68119134045824,60.10754625254509],[-64.76729613701424,60.10835316746825],[-64.70798684742272,60.08460914464012],[-64.70633260018217,60.074312974898675],[-64.71785690060818,60.064074253447544],[-64.74271398675874,60.05613113030727],[-64.78323549883534,60.05761533433136],[-64.81980617249263,60.05048211550569],[-64.89587553674971,60.06620929326578],[-64.92040317074796,60.065870610330066],[-64.92364329453667,60.06146512289709],[-64.8876714865381,60.04197513882372],[-64.86097697098273,59.99520631429181],[-64.84022843760766,59.97031907699105],[-64.80683057343524,59.970814004776706],[-64.78277649938352,59.98040141185834],[-64.74709978056313,59.9744888279314],[-64.74163054932725,59.96516333965008],[-64.74742055907599,59.95472974199891],[-64.732191277276,59.95052452176832],[-64.69312059558915,59.95887638410577],[-64.66223046203355,59.95255396412397],[-64.66145824000208,59.93969934784436],[-64.66941848631802,59.93012864066822],[-64.6635792262349,59.92769051176352],[-64.63405885498945,59.93600095858148],[-64.62679818796768,59.93029463008455],[-64.6409770495272,59.90744806246161],[-64.65873127469479,59.90159292689774],[-64.66641497062376,59.88828700687984],[-64.68377612305706,59.87719841618992],[-64.74152160062977,59.88929893773766],[-64.75616629327119,59.88603159283513],[-64.7665541083392,59.86967543589146],[-64.73920147328332,59.86196012962696],[-64.73694446300397,59.855568365608065],[-64.77808564162298,59.8528478905288],[-64.79695395917352,59.8408167003256],[-64.7949611397435,59.83412162393645],[-64.81673182555696,59.83504942422493],[-64.82522452920958,59.82560797866918],[-64.79211546805804,59.812181154576855],[-64.78847380192272,59.80327346275191],[-64.81398919506981,59.795152234081165],[-64.81395766556278,59.783033488713926],[-64.78998669481751,59.760304054159135],[-64.79723553982774,59.738471022412156],[-64.81020290220714,59.7296931325257],[-64.80153496393274,59.72477368712577],[-64.77430830899196,59.725145761410616],[-64.74943189720337,59.71723937393799],[-64.76048544967365,59.70655815855457],[-64.82492099235289,59.675997593496795],[-64.88950805434472,59.662155489378286],[-64.89825949014258,59.6417832773075],[-64.8825397224793,59.61068197277153],[-64.85980839001347,59.59153732609756],[-64.86870656689175,59.5864241744331],[-64.92705977174255,59.5931788827956],[-64.93943923730755,59.567046009438776],[-64.89220584889068,59.562468700885105],[-64.86919130613703,59.546923114261844],[-64.83962958358597,59.55334198755173],[-64.822755271263,59.540659263651825],[-64.80313145084956,59.53431028304554],[-64.80419947788717,59.525015850904424],[-64.76414507291895,59.51486800435511],[-64.76309260736885,59.49664075014817],[-64.73692466023404,59.480685680044004],[-64.72855256355611,59.46663540362533],[-64.69443275307967,59.45800092529845],[-64.67983493043616,59.44690514338973],[-64.64281417069137,59.45924760736805],[-64.63613325850618,59.47716521422863],[-64.62676722614256,59.48197039062123],[-64.58967262503674,59.46618266111957],[-64.5614624140475,59.48791493121317],[-64.532242632445,59.499488833770364],[-64.50530119361798,59.50129640743],[-64.50935150627959,59.5136398094847],[-64.50309258980865,59.52137338628686],[-64.46290009082804,59.52339608193501],[-64.43376621240364,59.54197359771205],[-64.41903937904581,59.532643856269026],[-64.38580589720429,59.52376072794731],[-64.32406931040397,59.512774127207635],[-64.3278520723924,59.49746276553248],[-64.34965588756475,59.502952346945484],[-64.38082162252566,59.483764755900495],[-64.38696319796668,59.47379692432827],[-64.40719904183518,59.477806105582864],[-64.42607625491827,59.46493694421353],[-64.4580246886025,59.45917481727039],[-64.51159836477595,59.422979852796],[-64.47255907094102,59.418258940847416],[-64.46072548888301,59.41217710837179],[-64.51650034482213,59.40390538941871],[-64.52826810981624,59.39562821143326],[-64.52405126379168,59.38508449814189],[-64.53833896675965,59.370781933916966],[-64.4933027479181,59.349576142964054],[-64.49442399230102,59.344323954820624],[-64.52779200849905,59.31997838713638],[-64.54262331472326,59.31867428650793],[-64.54353627482666,59.31043505879188],[-64.51696419164917,59.27994693885409],[-64.48860346888323,59.257110069673374],[-64.51135058679236,59.23893037709759],[-64.5218474605645,59.19674112086026],[-64.50342181867319,59.19571334901524],[-64.47271469843058,59.18039119890753],[-64.49127196360246,59.13642703922196],[-64.48398560810222,59.11816598294168],[-64.49804875547527,59.10641597774719],[-64.49030914093576,59.099075068522474],[-64.45045783130904,59.10288926791018],[-64.41696135693223,59.087603772237216],[-64.37602788740963,59.092607559274455],[-64.36351405836248,59.087428949414246],[-64.36084068750911,59.067295349297744],[-64.31517598856998,59.065629763176176],[-64.26179115452035,59.012956565535006],[-64.29438255046152,59.00049868310332],[-64.38770532323052,59.00618381433102],[-64.42417100622123,58.99168476662263],[-64.43678779982676,58.994313803186024],[-64.46030109112068,58.98151425325786],[-64.48129214416508,58.98833067871029],[-64.47127167839074,59.00000012463894],[-64.49778082576502,59.01943269655809],[-64.50678457913544,59.019725801759655],[-64.52276076070295,59.00256016052954],[-64.5449556276564,59.009644329166825],[-64.57061953985085,59.02727478765363],[-64.59578823095596,59.03504489064073],[-64.61660051281865,59.03407071047784],[-64.63068488537363,59.04068963956785],[-64.67027521120043,59.0386144294276],[-64.67927314259958,59.046966820950644],[-64.68325693103246,59.07469538859799],[-64.72487106187272,59.07600359229256],[-64.75249503446372,59.07054197486714],[-64.7792388078874,59.07495744102865],[-64.82174857599044,59.049307279567955],[-64.83200657823554,59.03520113902518],[-64.84079297810278,59.0324845813542],[-64.82944091313938,59.020303711546156],[-64.86501590226442,59.01540497336984],[-64.87008844980488,58.99826121362969],[-64.86221854711064,58.98616285931581],[-64.84035012753134,58.98032431654497],[-64.8420984317908,58.96698601686147],[-64.83291357337286,58.95640768983249],[-64.879440464832,58.951882497018396],[-64.8891114641901,58.93838215638633],[-64.86853784886694,58.9416407876594],[-64.85702821958135,58.93858514976803],[-64.85631135436701,58.932919780364955],[-64.8392696820417,58.93699902783884],[-64.83205744924965,58.92174831723406],[-64.82071351239638,58.91689271972895],[-64.76573278641082,58.92380281542573],[-64.75029198851777,58.934115686448656],[-64.7562316311881,58.94027821453492],[-64.73066993038796,58.95078403663066],[-64.65165020089916,58.94375204186461],[-64.63242770650665,58.933345720733136],[-64.61476816373602,58.90751559205632],[-64.5796285543681,58.90471364257194],[-64.55717880504385,58.89719402583275],[-64.55018251993715,58.8874554295823],[-64.5089104670952,58.88758137499884],[-64.45580099018433,58.90821667151356],[-64.42639796769848,58.90452677550729],[-64.42060266499898,58.89027854403668],[-64.40591347804747,58.89082099323612],[-64.4002942260137,58.90271816742013],[-64.37870236523241,58.90381911584736],[-64.35026167089896,58.89187746833798],[-64.33254016408918,58.90456276055688],[-64.28761262204462,58.89675313030332],[-64.28741774895809,58.8834583551326],[-64.23365670918139,58.86411334483363],[-64.22657324254563,58.845843854536994],[-64.23752849247653,58.80504206294508],[-64.22970456845555,58.78364847555952],[-64.20012574025621,58.77946167075195],[-64.17878497502835,58.78903959030891],[-64.15826703391252,58.758119178915464],[-64.1377928631645,58.74616687564575],[-64.08714795888716,58.75599745781863],[-64.06970878391103,58.769086195193715],[-64.0718737495325,58.78324695095853],[-64.04630107210437,58.789573493435945],[-64.03858609879217,58.802076842914595],[-64.04533757307294,58.81035037307231],[-64.01973875741007,58.81667159718266],[-63.99540275279231,58.81370914315158],[-63.975472285428054,58.8302532483624],[-63.95716163940075,58.826905559680874],[-63.89787131077203,58.8373653060385],[-63.862186034557645,58.83197721172964],[-63.85080183150597,58.83510211664007],[-63.835283357528425,58.84903031425921],[-63.81213795872544,58.847062794332224],[-63.7776833271987,58.88405875952144],[-63.72546307873,58.87717467649993],[-63.70999684130296,58.88705319244031],[-63.67993827488502,58.878562729620086],[-63.68032427757013,58.86645932579467],[-63.661121035139445,58.85471218556169],[-63.63595509612343,58.84869967797297],[-63.59534114419435,58.85717576030598],[-63.55078507986681,58.83655011602852],[-63.5502798380915,58.82236580182574],[-63.53451353048483,58.816242789461675],[-63.492157355829264,58.76854521345927],[-63.46750407352281,58.7620470793718],[-63.49482844169242,58.75403454491556],[-63.5067939494867,58.74257462865482],[-63.553308823123814,58.733772739201584],[-63.56170816366091,58.727718005210065],[-63.572469877280305,58.731496011096404],[-63.619283531607934,58.72386062228834],[-63.62984524154098,58.7146430181527],[-63.66068426386434,58.72522472580313],[-63.66955400103244,58.71706671217004],[-63.694919584849636,58.719633170509965],[-63.71835534557915,58.70638521472906],[-63.754373873481434,58.71673706128299],[-63.79427659734279,58.70328744549481],[-63.811020695588084,58.712202101706204],[-63.83561540479455,58.710118666793605],[-63.84068296287675,58.701395842241546],[-63.85509666425753,58.69644306374207],[-63.87502919882001,58.70575844941791],[-63.909965176562004,58.710253500157215],[-63.93105999336544,58.70102569544923],[-63.95025377006229,58.68524732909727],[-63.96483729001582,58.690285757850965],[-63.984216705413616,58.68764247387949],[-64.03353811486106,58.704457816102064],[-64.0472221912672,58.70262847130843],[-64.07661882444285,58.66592896934408],[-64.0788697779026,58.65394939465131],[-64.10792673390017,58.639650687125986],[-64.11585187167104,58.60235055691614],[-64.09278539427262,58.58789316701223],[-64.11105037793861,58.58166075228988],[-64.10494346754031,58.56323000848711],[-64.07469590600186,58.547379028566716],[-64.0671844778582,58.534492289193196],[-64.04693980752357,58.5350708296052],[-64.03408168089204,58.523450416913356],[-64.00877476313168,58.531258995298025],[-63.97357898669472,58.52963608470628],[-63.95186170097855,58.54126772221762],[-63.94669281056443,58.55880516554433],[-63.907366072216554,58.573492087948274],[-63.8871291157946,58.5716544767112],[-63.858194063250274,58.56379764673274],[-63.86255549941947,58.5526949103179],[-63.849714389335944,58.54657988139961],[-63.84884709206075,58.53345078656773],[-63.85915159122971,58.52123132761556],[-63.85869189961419,58.504514407805374],[-63.807850050263156,58.48974610282804],[-63.82226738549962,58.473749512534965],[-63.84309654022808,58.46782622749344],[-63.84715403897297,58.450010902661],[-63.881113275411415,58.42943966126322],[-63.92423938276853,58.44487115818703],[-63.96410365800072,58.438831651088336],[-63.98657855132784,58.44435791833348],[-63.99847704553597,58.42553691875373],[-64.01320100613628,58.42399525810412],[-64.02856524059678,58.38944892557944],[-64.02253893429774,58.37101921559119],[-64.03052977593771,58.36598379163267],[-64.06166824430798,58.3609261193986],[-64.09799643263194,58.37683651466739],[-64.11924872845275,58.36473816626978],[-64.15850712819103,58.3710337586583],[-64.17222267077584,58.36187326712176],[-64.17551650237053,58.34390923079226],[-64.18676867025253,58.336724615376895],[-64.17820529987185,58.33058245604384],[-64.18456914080782,58.317051615268255],[-64.19819133834343,58.3119205567164],[-64.19690950009817,58.293578107660096],[-64.21698542589634,58.28745172789826],[-64.20854371680437,58.27563786765565],[-64.21714072438633,58.26192286301058],[-64.21777697694948,58.24773219972256],[-64.24128269314438,58.23766821890055],[-64.24750382108972,58.22742144224909],[-64.37356281601917,58.20838059678427],[-64.3895343536644,58.196471333565974],[-64.42173251779371,58.18667366632168],[-64.421798286916,58.17383523032773],[-64.4308915034144,58.15621593125897],[-64.42506915667879,58.13019425924087],[-64.43367251750317,58.116315457737535],[-64.43539487917887,58.0983753197493],[-64.42688320405767,58.08822265212581],[-64.43309144126658,58.069908092936295],[-64.41228320587713,58.061159167241485],[-64.38714769866952,58.06934378037834],[-64.35391074853953,58.0692992976995],[-64.32050780215805,58.06148799315717],[-64.29926608883541,58.04451941039007],[-64.27773333817237,58.04695208409979],[-64.26925771416148,58.06141235525185],[-64.25096032508603,58.03871851838098],[-64.23368613984455,58.041822701536],[-64.21850764073469,58.036983293854405],[-64.23866798555609,58.02503234081372],[-64.23817414182297,58.01608676372695],[-64.22803282566382,58.00550027351826],[-64.22743864774996,57.98954348282524],[-64.2046618356166,57.973629709437674],[-64.1904313246212,57.93074790669361],[-64.16252538540179,57.922941784538594],[-64.15796935247971,57.916296170695226],[-64.1565965384765,57.890208815768275],[-64.11667541154392,57.81113939851539],[-64.09108786064617,57.802343161637936],[-64.09207101832642,57.79434302634835],[-64.07200128989287,57.77002034321916],[-64.02595187768333,57.764403575185554],[-64.02328432627012,57.77846038738176],[-64.03396867525865,57.79143737578834],[-64.02983357565998,57.80402382338979],[-64.02087951100123,57.80951741485421],[-64.0118775332396,57.80248192787429],[-63.99724891398109,57.81207869105829],[-63.97234789335894,57.79958780933775],[-63.953635501212275,57.799688010920285],[-63.938596251970324,57.78855100897961],[-63.91235557681409,57.801122540941684],[-63.90384525471633,57.79824906807657],[-63.90818767408755,57.776865611880964],[-63.90114153438072,57.76293694108296],[-63.90717835685759,57.75137586039442],[-63.88342166302806,57.71260734522003],[-63.86608395889508,57.71118567858534],[-63.847476419076095,57.71902289776939],[-63.820711513072986,57.70563213637032],[-63.813355748998184,57.689765801655],[-63.80422508860825,57.68450788435287],[-63.78987306490011,57.68751282102741],[-63.75363048562316,57.720744369491236],[-63.75139417821332,57.69989385968104],[-63.74481416664226,57.68863726945652],[-63.74855105830566,57.674279574816154],[-63.73529089840927,57.66280188104672],[-63.702777403179105,57.663766329630164],[-63.692612040372545,57.6526969363841],[-63.68513182810278,57.696914895724234],[-63.67243478358134,57.692580905902346],[-63.65941721873206,57.701817977271794],[-63.659951244226974,57.71597788868015],[-63.66805570260367,57.72394229759383],[-63.65250571794096,57.732908219410064],[-63.632565877650265,57.72894539044615],[-63.62319606189711,57.73948225253087],[-63.59677043641741,57.74124765034624],[-63.59695994858798,57.70769522283904],[-63.60948606672807,57.69205859412491],[-63.59449942280852,57.68565269904241],[-63.59872732435432,57.66384048040914],[-63.62296620422313,57.64196917235083],[-63.64492305191141,57.6342815328034],[-63.64995148741766,57.6200638902276],[-63.670277839086985,57.621185466455046],[-63.68460204424702,57.60343556874274],[-63.69950572745566,57.61534626022413],[-63.73061361288708,57.60112929061024],[-63.73262037828916,57.588732024147745],[-63.745575065865864,57.57948868251353],[-63.75827548767454,57.59156615728298],[-63.771915905789854,57.59244977160089],[-63.76549026018927,57.56077026107788],[-63.75116860638226,57.53574357246321],[-63.753394046126566,57.51529490854355],[-63.76750313083086,57.514831457651184],[-63.77522138353894,57.49357279475422],[-63.75827583549051,57.45442091605967],[-63.76126085945322,57.43933166861183],[-63.73145719439923,57.426561915395055],[-63.71643963026524,57.43821014004449],[-63.710305510239124,57.42263000383569],[-63.72344094234382,57.398335999255906],[-63.70827208353768,57.38449927085209],[-63.70130115943806,57.36833358197836],[-63.74197855506662,57.3577345157821],[-63.76819247571812,57.3581724193016],[-63.785498829770575,57.35319742053861],[-63.80172588859365,57.33228711868047],[-63.82433510175745,57.33916405759293],[-63.855820776774344,57.334301216213106],[-63.86938414025603,57.29761891968719],[-63.88337348279683,57.27762095958778],[-63.86697540137648,57.22612496641123],[-63.88407487134144,57.1962558567534],[-63.87238562473155,57.19253197479004],[-63.8612433928142,57.20146433290139],[-63.84598684958879,57.204189626506775],[-63.841600613541445,57.210800298771915],[-63.844717048982396,57.22595895363739],[-63.80913637705291,57.26215970821094],[-63.7795997067711,57.259387601387616],[-63.759769630410204,57.25172601077679],[-63.74146685661958,57.2407655693337],[-63.737137403558265,57.221595581717864],[-63.770985000238575,57.19601831287933],[-63.77936574578721,57.179380850793784],[-63.77974826451836,57.16179655226458],[-63.76488551051108,57.1399256271668],[-63.79871868499521,57.10644785511426],[-63.81180978969168,57.07887881418908],[-63.820148408743606,57.075498911180546],[-63.881684263787626,57.08797920442049],[-63.890083399988065,57.08608305913646],[-63.89151466368156,57.06252864992457],[-63.898572044417776,57.05513789562255],[-63.88969307920846,57.04586928545722],[-63.89193477255109,57.01277354909308],[-63.85777401308017,56.99921241200003],[-63.886999888325946,56.98096450182865],[-63.90786969387224,56.984117407537596],[-63.91412947392159,56.97763062622639],[-63.91436254809448,56.93979909904582],[-63.90809982896894,56.927521104125525],[-63.91729433468817,56.91682620098428],[-63.918093967005795,56.904157586904404],[-63.90801963736288,56.89788750219888],[-63.8999276592595,56.905737443404774],[-63.87861937135396,56.903930096948095],[-63.86389062056264,56.896822904245454],[-63.86739598819671,56.88337611166065],[-63.85714684157988,56.87263714306898],[-63.85915624307966,56.86874002844976],[-63.89949884830095,56.87730095160406],[-63.98387685494368,56.86112345287362],[-64.00347867541713,56.86174373753671],[-64.01297796071893,56.849846418325],[-64.00891854502734,56.80672247803178],[-64.00197869158045,56.79758869876289],[-64.0127595449976,56.77867686243651],[-64.07890733950768,56.76700317315091],[-64.08538916706318,56.76095216323932],[-64.07400817834403,56.75546202546363],[-64.07628203091613,56.74649568180127],[-64.09944313168168,56.7436220613512],[-64.1453143970477,56.69975484302962],[-64.13398126540625,56.69501500978629],[-64.12823340044598,56.682895067700564],[-64.09452209514392,56.66285848749776],[-64.09083627875177,56.653832974068855],[-64.05101748665666,56.65754356445694],[-64.0248580188637,56.653007985161366],[-64.0399485170908,56.64073450699875],[-64.03365057860991,56.633233895697515],[-64.05332970785672,56.61553454285081],[-64.05046139806635,56.60634805734797],[-64.00401615212564,56.59123668159008],[-64.00157088096503,56.57921586864323],[-63.93106298739603,56.53375755022306],[-63.94432945568897,56.49310197374546],[-63.93115432102639,56.47497881918883],[-63.930632407098706,56.46620704043638],[-63.912753425194744,56.46302542048846],[-63.88371695799173,56.46906425629974],[-63.88544530917798,56.45922146159381],[-63.87291654312976,56.448970441975895],[-63.87423019424654,56.4419604451341],[-63.88647109514824,56.43302194303341],[-63.90184163025172,56.44070406786164],[-63.95201221002104,56.421428265089354],[-63.96575507623405,56.41067526383873],[-63.99301597801828,56.408211268541514],[-64.01112881041404,56.411078856788905],[-64.02057364256035,56.417936633347146],[-64.11936031794392,56.42882756803091],[-64.15274016987563,56.44111211676666],[-64.17798487310182,56.4252435704704],[-64.15810630554198,56.41975107426386],[-64.14369459970457,56.405392610147324],[-64.11535587273556,56.402106283659336],[-64.11040281334922,56.38596402431351],[-64.12784392290554,56.36992821505681],[-64.11585942456553,56.36609390316001],[-64.0993521333864,56.351912604421166],[-64.10748966402593,56.34301249087874],[-64.09819240650917,56.333631753071565],[-64.10943435924587,56.3226023602677],[-64.14343811378932,56.31196639062779],[-64.14862923444714,56.30340677297401],[-64.13038159316379,56.302349335764646],[-64.09049584957619,56.279897805143264],[-64.08737718210759,56.256889260876484],[-64.02215047265295,56.267813275407896],[-63.96710988016571,56.25639668384141],[-63.934892766997045,56.27111929039202],[-63.91291131366499,56.26353416079519],[-63.91149236518231,56.23083331028385],[-63.895384848587064,56.22257179244505],[-63.87439025680475,56.224782689320925],[-63.862933320829015,56.21258908926151],[-63.950044460752416,56.18509816013891],[-64.00470346357247,56.173325802420116],[-64.01952820803494,56.15958048944412],[-64.03596331636598,56.154881042165385],[-64.02393427166739,56.1425645280261],[-64.00855049641326,56.138176375069435],[-64.01418494759453,56.127537853466976],[-64.00528919238424,56.11933859928882],[-64.00213330872654,56.102730308119234],[-64.01428132616591,56.10077174682878],[-64.03575981554785,56.08217190124898],[-64.03466693136221,56.07014457909236],[-64.01805375278514,56.0672634966052],[-63.99319214226864,56.0757972375459],[-63.96933094749781,56.09066082016264],[-63.9530881871076,56.08822713616027],[-63.93835219941868,56.09777286738268],[-63.92959718741973,56.1116287995123],[-63.88369470704729,56.137032387109194],[-63.856178766730665,56.137136179081395],[-63.83826689531689,56.12249882985526],[-63.88758056675956,56.09286141478118],[-63.88255028246448,56.087129727956714],[-63.83962808068706,56.100625072372395],[-63.83537491172292,56.087744827409956],[-63.81866679286056,56.08885003014413],[-63.811050638185286,56.08463486000169],[-63.822840213702186,56.0737811487556],[-63.82137289562883,56.0638390566969],[-63.83787376076458,56.04504493911534],[-63.77419947999834,56.05357674670761],[-63.731262805357964,56.07015237548077],[-63.7148421998688,56.07168492800888],[-63.7143640568057,56.066041386485296],[-63.68303386010498,56.059567597088794],[-63.69042493934309,56.04387345893174],[-63.636721292976624,56.023522707524414],[-63.60327625208508,56.03117269560827],[-63.60097940832506,56.02614358173947],[-63.585159713573,56.02928601655245],[-63.57758403827092,56.025055749743096],[-63.52096581811793,56.03901859902473],[-63.51050926024439,56.035853363464895],[-63.49577182663857,56.04001295766192],[-63.44354512001466,56.029516404171254],[-63.45975434305969,56.0213364197259],[-63.467161727520235,56.011901437651794],[-63.48637978824631,56.01557960596343],[-63.491243156274685,56.00988379816492],[-63.470194549262274,55.99834671237602],[-63.47199130539618,55.9877767439451],[-63.487360422763416,55.98747859724354],[-63.505036551609294,56.00142391785545],[-63.56300993490632,56.00588594060536],[-63.58448670921696,55.98990401563757],[-63.59939709463473,55.991676424063904],[-63.605788375255656,55.98780962478112],[-63.59827571017742,55.98217607218578],[-63.62714033660963,55.97368667285954],[-63.62453729547796,55.9674729547595],[-63.635589757088766,55.96526994424668],[-63.65465227578659,55.972190733283576],[-63.66807243854898,55.969511900640455],[-63.675468065852,55.96155004760509],[-63.68647047758585,55.96172066166199],[-63.681409409296606,55.95375318476592],[-63.688091977602106,55.94817689489619],[-63.71239593609313,55.95354070045293],[-63.71324352245534,55.94788290332544],[-63.70364061516581,55.94606369447843],[-63.72397677803937,55.930515430482544],[-63.792582799436715,55.931461707066],[-63.809707661454574,55.922774683174126],[-63.84942822974893,55.91676579299703],[-63.854441670694854,55.91001243845762],[-63.82510995001719,55.90444695858376],[-63.843734954956,55.88771059936377],[-63.84509869500575,55.87907340598541],[-63.8130161046545,55.86358458209006],[-63.773612581171164,55.85605402521071],[-63.77146862990573,55.84850198351645],[-63.752901969964576,55.846500740946745],[-63.766628212026056,55.83949730661798],[-63.7529212147212,55.833275664203974],[-63.749968605367926,55.825139148014934],[-63.75535468172867,55.821061615462696],[-63.77281241307449,55.822035778811895],[-63.78037725291461,55.81302670252918],[-63.770158172354286,55.80810142996503],[-63.77702275380532,55.80147876116015],[-63.76128270043473,55.796918378313116],[-63.76839884976245,55.789996163391464],[-63.71714346744391,55.78036521058502],[-63.70553319632277,55.787188423226915],[-63.675384568152126,55.79199680860422],[-63.666530471559774,55.787789765117125],[-63.67947555622696,55.77397240710334],[-63.674200580505385,55.75932511115727],[-63.682137601786046,55.75299377126871],[-63.70541380218323,55.75554447742694],[-63.70099739774898,55.74296863566187],[-63.72583740601763,55.73821709612632],[-63.698206829034085,55.73156240199481],[-63.702521262034885,55.72720356362843],[-63.72513866035347,55.72663791505072],[-63.72421538807201,55.723083613073115],[-63.70941043145881,55.721328619547975],[-63.72343278121423,55.716259481222025],[-63.71960193538176,55.705312440190255],[-63.72791069765973,55.6954088143903],[-63.710043288467176,55.68878887008092],[-63.70493308670167,55.67859995618358],[-63.72310299860805,55.679423692255966],[-63.75119238916445,55.67150833761925],[-63.75202273532921,55.658872434748666],[-63.76515370171677,55.658711019300874],[-63.76461577666449,55.651587948637534],[-63.738302690839944,55.650424449045154],[-63.71598240603309,55.657673676320485],[-63.66849750276916,55.65228810718217],[-63.643690095460805,55.64157943801782],[-63.648677405880385,55.63409688420247],[-63.680224762821005,55.63522051779067],[-63.687746419128736,55.62547894780836],[-63.682687465313165,55.60905223171711],[-63.66264618030105,55.5988875342176],[-63.674904538546734,55.58968721707866],[-63.68147601259664,55.575651215201496],[-63.664933247834405,55.56752618605485],[-63.66547280641649,55.545987583680265],[-63.67066692068091,55.53746355808985],[-63.68403189235677,55.53775394868909],[-63.69148271059618,55.508711307207875],[-63.716440830785466,55.50440641968425],[-63.72595588527056,55.493007441723975],[-63.740806091774296,55.49149112240811],[-63.75612147124033,55.48165221055668],[-63.77547135873244,55.481709009428094],[-63.780130838746274,55.47378125598032],[-63.7926828249782,55.46723860470571],[-63.78059143480922,55.46546079787528],[-63.76738048151968,55.45493575562906],[-63.749350576239415,55.45486154651291],[-63.73837530975921,55.44786922922927],[-63.73670670783044,55.438239287376014],[-63.66539705174082,55.4230505679444],[-63.64452359492631,55.42328934010605],[-63.63093170296018,55.43027165044024],[-63.60398088977908,55.42849249580288],[-63.57839122853157,55.420457255383674],[-63.56634354114999,55.42711803674156],[-63.549039213566466,55.42076906587904],[-63.534376448013354,55.427453752641966],[-63.51065723019472,55.420274502457126],[-63.478566698584494,55.429205559230326],[-63.470971767894824,55.41977956258313],[-63.450121099278284,55.42072403875724],[-63.44907857170225,55.411975866487154],[-63.43254072545108,55.40857081700341],[-63.434910143453116,55.400384194453785],[-63.40355474316144,55.407653539717316],[-63.39303829326417,55.40478096027],[-63.351795728775556,55.41835971650341],[-63.336956317771815,55.4098788066527],[-63.31978689370691,55.411806346101],[-63.333660382034346,55.383931256380386],[-63.32484869471319,55.366046935465214],[-63.350661949659646,55.356919235862506],[-63.357839238839134,55.362199501111576],[-63.44224958007442,55.344059731519394],[-63.48201025507994,55.349758022173035],[-63.574406938663955,55.33960169421304],[-63.59828660750276,55.325687736087865],[-63.59083135910581,55.32072294264404],[-63.53268119221602,55.32549689929827],[-63.522555521538976,55.30986953069819],[-63.533366593839524,55.30619595585414],[-63.54206390302404,55.309667194835484],[-63.551678755757244,55.301255173061655],[-63.56950984855336,55.297652224645155],[-63.58788475095933,55.30264833522035],[-63.615762768498776,55.29625683525841],[-63.644078306040264,55.287775632305035],[-63.64011870588713,55.278619328376614],[-63.65726025193269,55.27812666475572],[-63.67947505774647,55.26688687947331],[-63.65269844584481,55.25191175932935],[-63.6386391437513,55.25103332513586],[-63.63050341071957,55.25617082719573],[-63.60123428115917,55.25115452104528],[-63.62250312360416,55.24260824896952],[-63.62409628439174,55.23606112438883],[-63.60909388119561,55.23014436939129],[-63.5976889769462,55.23843163967596],[-63.57814550756785,55.23641862198161],[-63.563312515363755,55.24340383601337],[-63.54741047274417,55.22546900369284],[-63.50841846033776,55.232104890409765],[-63.490362741418686,55.24445490546882],[-63.47480622641058,55.24535151401051],[-63.46263560822981,55.255264694967586],[-63.44589500936509,55.2514203203573],[-63.402562351713364,55.25776388255895],[-63.40283444256469,55.249006458074554],[-63.422663455790754,55.24303469673047],[-63.41252616281698,55.233633039657164],[-63.425814082494924,55.226237770707165],[-63.4318711905677,55.21134265642085],[-63.445866482727716,55.21076379090271],[-63.45261140663762,55.201944599119535],[-63.50295622832444,55.202484325813415],[-63.513144557659054,55.19644560807939],[-63.56291835571805,55.18761637925717],[-63.555956422795504,55.17285350176507],[-63.53138575270204,55.1745954105362],[-63.52392380679564,55.16814465999837],[-63.54154997279911,55.16009783968937],[-63.573409713279204,55.15575313068555],[-63.56513086017249,55.14026433788988],[-63.573699353123025,55.13305113922698],[-63.602296465067,55.128733278068495],[-63.58607527317959,55.11585637657068],[-63.58540810260039,55.103550813696984],[-63.59160212504922,55.09532417044786],[-63.60515309560073,55.09829000087459],[-63.61136686487379,55.09080377644146],[-63.60286311672986,55.07636095902086],[-63.61605516132441,55.06894568253406],[-63.60648809048517,55.06119066345186],[-63.587609798890476,55.06080540533149],[-63.573431028248486,55.05398810225325],[-63.57549985644903,55.042247947121936],[-63.556391999555025,55.03444391274726],[-63.59598391499373,55.02140752552251],[-63.60612983873003,55.00839172081428],[-63.558750202153874,55.00005077961093]]}},{"type":"Feature","properties":{},"geometry":{"type":"LineString","coordinates":[[-63.04490194513005,46.42178318182432],[-63.036482124126344,46.410069279039035],[-63.00410856790218,46.401306554927984],[-62.992160670874874,46.386072538112316],[-63.03854832425654,46.381681508358994],[-63.033587687337494,46.35684309197372],[-63.01848741120895,46.32943320173549],[-62.99838905112938,46.32760115372829],[-62.98642120889585,46.32151265273937],[-62.989505492541504,46.316401339193334]]}},{"type":"Feature","properties":{},"geometry":{"type":"LineString","coordinates":[[-63.19265033313126,46.27111269083835],[-63.19155898993546,46.27069464646611]]}},{"type":"Feature","properties":{},"geometry":{"type":"LineString","coordinates":[[-63.08527388164366,46.27786767924889],[-63.09091537738912,46.28772126270184],[-63.08597932358994,46.29165709410299],[-63.08883864084254,46.29569808855377],[-63.097682649867004,46.29419330799416],[-63.10064734867651,46.30101943730518],[-63.11260190470961,46.30579295794645],[-63.13254912567866,46.30469524046962],[-63.12758440825486,46.29052719499661],[-63.13957574303117,46.29178948867577],[-63.13757805111152,46.28539165620685],[-63.14212632923832,46.28417293520419],[-63.15605681373276,46.292404569590616],[-63.15522487835237,46.298824987994095],[-63.17538091562307,46.29442457633255],[-63.181488304511106,46.30315629984566],[-63.194511386848134,46.29711127170401],[-63.17907560973581,46.28847110381944],[-63.18780870525525,46.28664681424787],[-63.18949123793601,46.279666588441074],[-63.196492573258425,46.276561936378656],[-63.194858587163814,46.27096887157056]]}},{"type":"Feature","properties":{},"geometry":{"type":"LineString","coordinates":[[-63.7238853798743,46.295282150986374],[-63.725301981914775,46.29911868246964],[-63.7196548570716,46.30009642044507],[-63.72317926370611,46.305453499162894],[-63.72885527996985,46.30415925467236],[-63.72994171683245,46.309854780538146],[-63.703675943433595,46.312523197685884],[-63.705299768258065,46.319764382884095],[-63.68873360664563,46.31825160361124],[-63.69648904297346,46.34643152031748],[-63.703187861954135,46.3451146161965],[-63.70384009264912,46.35656738891268],[-63.712998005170746,46.361977492788306],[-63.69577150566514,46.39651731277759],[-63.71514379591932,46.42765381188161],[-63.748207492809826,46.43142322374899],[-63.74614232961119,46.44042009288149],[-63.75024228443216,46.4464373059064]]}},{"type":"Feature","properties":{},"geometry":{"type":"LineString","coordinates":[[-65.78039540507676,43.59550077416384],[-65.7237465066419,43.60142013143963],[-65.61077162772209,43.63988778021674],[-65.64874906499705,43.747151230774286],[-65.56855377812117,43.92183310560263],[-65.5565454316546,43.921481374921626],[-65.39817815496097,44.229277533807554],[-65.3316263365115,44.31157764994225],[-65.1797674549184,44.42153296095932],[-65.15204547634319,44.460610147692655],[-65.06151124001269,44.45484227753223],[-64.69174218607814,44.72295647260152]]}},{"type":"Feature","properties":{},"geometry":{"type":"LineString","coordinates":[[-64.69174218607814,44.72295647260152],[-64.69330790289519,44.728653503592525],[-64.68658749980975,44.73562309503832],[-64.68949080467634,44.74566340369913],[-64.68519078941554,44.790632893136504],[-64.67618620098936,44.809455887351156],[-64.67611600347941,44.84862170744225],[-64.68250868423412,44.890134604139],[-64.69752510726389,44.924118290474595],[-64.7408937148195,44.9534807032505],[-64.75768259309338,44.978219204106004],[-64.80752968614726,45.01473139711935],[-64.81014451643317,45.02924059638501],[-64.79194449176686,45.03137209685921],[-64.78593410348493,45.03757409216649],[-64.7967375217133,45.07224719400453],[-64.791755395345,45.07408711191818],[-64.79700759379865,45.08564750705092],[-64.80442131352076,45.08658919305274],[-64.83625721547139,45.14296999733431],[-64.84239166811824,45.146916812280836]]}},{"type":"Feature","properties":{},"geometry":{"type":"LineString","coordinates":[[-60.31078418982214,46.23292276531658],[-60.29465846537538,46.25228870345275],[-60.294839852149465,46.27072760117639],[-60.30186848483286,46.28045407394999],[-60.28524693760739,46.29133398548343],[-60.28617631648682,46.311183012129234],[-60.280729503470376,46.32022151816338]]}},{"type":"Feature","properties":{},"geometry":{"type":"LineString","coordinates":[[-59.88218297057737,46.111606494227395],[-59.924861588693496,46.10336519553934],[-60.00806043839222,46.12140419132992],[-60.12193623229366,46.12473877675549],[-60.199092685607724,46.05745650450375],[-60.19871400538488,46.05064719815002],[-60.21856790926647,46.04133849438168],[-60.27460139787468,45.994775207190415],[-60.29538360255938,46.012551086857044],[-60.31249698002262,46.020338102835744],[-60.312680112245566,46.02846939875366],[-60.333340382585554,46.053510802842936],[-60.30833814490287,46.06884242100278],[-60.27740925443684,46.07519243073863],[-60.24316585129443,46.104166131129595],[-60.23360943443511,46.10680927045151],[-60.30739728604695,46.147071200264975],[-60.312351195060366,46.171325303389445],[-60.303512891934155,46.187699492471225],[-60.32276194438639,46.2014511904414],[-60.320696604355234,46.20764865699468]]}},{"type":"Feature","properties":{},"geometry":{"type":"LineString","coordinates":[[-62.234861911198365,45.72130667960701],[-62.091438671161114,45.38366022014007],[-61.94382363123999,45.39976923252216],[-61.925329498448505,45.389563610791456],[-61.911705408009944,45.37365150271217],[-61.914147717225646,45.36972788190406],[-61.90600917477862,45.358617455951595],[-61.906064811380844,45.30185369585347],[-61.942261511169995,45.30112111205895],[-61.96148106344616,45.291648947740946],[-61.9875808229596,45.305868195373264],[-62.012965724990245,45.26405722620756],[-61.927347304104494,45.24024133918456],[-61.93818747226146,45.222681951117714],[-61.82290026853169,45.189623805496176],[-61.7206441607969,45.14444577913465],[-61.640456005593094,45.12089628498216]]}},{"type":"Feature","properties":{},"geometry":{"type":"LineString","coordinates":[[-63.41485160514927,44.655762070723725],[-63.41341286715421,44.65440455192325]]}},{"type":"Feature","properties":{},"geometry":{"type":"LineString","coordinates":[[-63.480888298963876,44.70095283690936],[-63.4682475098605,44.68161439835552],[-63.47128110365262,44.678688608671884],[-63.45254549470984,44.66958043358378]]}},{"type":"Feature","properties":{},"geometry":{"type":"LineString","coordinates":[[-63.54126973483385,44.936896532081136],[-63.5375777129081,44.91465520608734],[-63.52699449275007,44.89405649866619],[-63.53575848434574,44.871154895127184],[-63.570151028932194,44.84627306807698],[-63.570821355260534,44.80511071836981],[-63.43118372569533,44.808709820984305],[-63.406065646191834,44.73426658641739],[-63.393596901831096,44.713031786846734],[-63.44099388752832,44.70309540036759],[-63.460196515351186,44.70542240598515],[-63.480888298963876,44.70095283690936]]}},{"type":"Feature","properties":{},"geometry":{"type":"LineString","coordinates":[[-63.39146520380693,45.054793034979035],[-63.40358304573637,45.05600789538706],[-63.405260604525736,45.0522365656553],[-63.41090879369143,45.05838784002606],[-63.42118199038567,45.0579783006092],[-63.42158589559525,45.04404930254765],[-63.43345316698028,45.04249977894834],[-63.43818282219266,45.03350710318458],[-63.433067387246744,45.00142769605631],[-63.453667169278845,44.999000183093266],[-63.45639943970328,44.992022972711396],[-63.468894209293104,44.98603635784358],[-63.492383484521454,44.962392841669356],[-63.514535752893714,44.96010671965447],[-63.53263455261353,44.93801983306699],[-63.53060052777758,44.93218933036593],[-63.53692199009421,44.93168890499834],[-63.54126973483385,44.936896532081136]]}},{"type":"Feature","properties":{},"geometry":{"type":"LineString","coordinates":[[-63.153492273686695,45.75112998205507],[-63.00849906738112,45.486083430395674],[-62.71410969835637,45.27587224281654],[-62.76143144319281,45.257135729421115],[-62.814785753156634,45.24400890533829],[-62.837921989806766,45.22587747354624],[-62.898693586636774,45.19451639541077],[-63.33668889737703,45.0354226910104],[-63.36024261542311,45.02952679486875],[-63.37358269975188,45.04024728813949],[-63.376804203384665,45.03386831096268],[-63.39458778615027,45.031027994184036],[-63.40105701083165,45.0385461920231],[-63.39146520380693,45.054793034979035]]}},{"type":"Feature","properties":{},"geometry":{"type":"LineString","coordinates":[[-63.47863134854436,45.29981598352004],[-63.47885326130973,45.28365315197993],[-63.47270814478935,45.27225588077775],[-63.45690965372883,45.2684498634736],[-63.45171561617878,45.245119108148856],[-63.41746384762413,45.23422110040138],[-63.41834329831706,45.21007703511153],[-63.395032989021324,45.19744833631086],[-63.40240703425763,45.18732437385114],[-63.388379396197514,45.17294410761139],[-63.38976073431255,45.14869170474907],[-63.38234931625964,45.139051438541614],[-63.394907406060575,45.12955719110937],[-63.40142919456961,45.11179490870449],[-63.39402228777594,45.107253115093755],[-63.406125842727256,45.10128042955837],[-63.4007362872901,45.09514907639187],[-63.41065427049924,45.090390612761034],[-63.393910504755354,45.08753233364353],[-63.398855808765454,45.07820752973794],[-63.39266559071958,45.07635574585045],[-63.394885431937624,45.06039972675714],[-63.38720909211508,45.05852474972233],[-63.39146520380693,45.054793034979035]]}},{"type":"Feature","properties":{},"geometry":{"type":"LineString","coordinates":[[-64.04317800117548,45.992424293534796],[-64.0487164172449,45.985230195867054],[-64.04310509262373,45.98253739992537],[-64.05045600981653,45.9806962098306],[-64.04680352920032,45.976818011643054],[-64.14942368761507,45.98014747291789],[-64.15914514354331,45.975307695792885],[-64.16460980416221,45.960820537476756],[-64.20623719984978,45.91613459612083],[-64.21982971923372,45.908053494338134],[-64.22033228878215,45.90171719288719],[-64.25471251153516,45.87957350142993],[-64.25899249791365,45.86751529332379],[-64.26741374914045,45.861061984856406],[-64.26228641071646,45.85810017352749],[-64.26682017554133,45.8529168532956],[-64.27258192539126,45.85384106342235],[-64.27415662519199,45.84804067739461],[-64.26938275464926,45.84482356958517],[-64.27480096772379,45.83866557225885]]}},{"type":"Feature","properties":{},"geometry":{"type":"LineString","coordinates":[[-63.480888298963876,44.70095283690936],[-63.49898718256167,44.69384460515934],[-63.537784483058736,44.71826620791822],[-63.5543003915275,44.715186771873334],[-63.56268360750555,44.692123409976915],[-63.57490001167187,44.69422571066532],[-63.60078149107986,44.687384083247366]]}},{"type":"Feature","properties":{},"geometry":{"type":"LineString","coordinates":[[-63.90808014062598,44.66245016725126],[-63.90978374300296,44.661285615126594]]}},{"type":"Feature","properties":{},"geometry":{"type":"LineString","coordinates":[[-63.847550955355935,44.725140093636035],[-63.850012939794716,44.7069939621588],[-63.86664700405762,44.693038901623396],[-63.87780658600866,44.687808194395444],[-63.888692136975266,44.69449098758497]]}},{"type":"Feature","properties":{},"geometry":{"type":"LineString","coordinates":[[-63.65197030289775,44.694324271095226],[-63.678028841879105,44.689284502228645],[-63.684072287913125,44.69258150211403],[-63.69414200251645,44.70249809856459],[-63.69801671513266,44.71526959809049],[-63.689908210265045,44.723323171606474],[-63.69580479094683,44.726440584174824],[-63.73393999101961,44.72375050169749],[-63.76353428680538,44.73341319924849],[-63.79784538721241,44.73800620452791],[-63.80526630537054,44.73412520661232],[-63.81029051602612,44.74058950614624],[-63.82608142321307,44.728124094043366],[-63.835906008295964,44.730683895651396],[-63.847550955355935,44.725140093636035]]}},{"type":"Feature","properties":{},"geometry":{"type":"LineString","coordinates":[[-63.91090930259737,44.66051620271275],[-63.9146655952235,44.65794846823566]]}},{"type":"Feature","properties":{},"geometry":{"type":"LineString","coordinates":[[-63.866038557851866,44.79628601289151],[-63.85792363699787,44.78951594382659],[-63.84450300966655,44.78948335167674],[-63.81519169080733,44.81455160628923],[-63.79870304778707,44.844230151149866],[-63.755787695658526,44.893663756108936],[-63.67882507199784,44.93032721188333],[-63.59194580031669,44.94963788422453],[-63.570571262173516,44.92537049235567],[-63.568374640036325,44.93601072106826],[-63.55956934324647,44.9380451636775],[-63.55765584086233,44.94294844786174],[-63.54635692118485,44.94350285430695],[-63.54126973483385,44.936896532081136]]}},{"type":"Feature","properties":{},"geometry":{"type":"LineString","coordinates":[[-64.69174218607814,44.72295647260152],[-64.52943389086155,44.841316214382545],[-64.5236403991844,44.83713697064588],[-64.43221014168215,44.8993114142652],[-64.23714713532559,44.7608645069709],[-63.866038557851866,44.79628601289151]]}},{"type":"Feature","properties":{},"geometry":{"type":"LineString","coordinates":[[-63.866038557851866,44.79628601289151],[-63.86692809833243,44.78423039722971],[-63.87687090561741,44.77830219383717],[-63.868666919989934,44.75534592324562],[-63.847550955355935,44.725140093636035]]}},{"type":"Feature","properties":{},"geometry":{"type":"LineString","coordinates":[[-66.21716123279462,47.550645113196595],[-65.81588401009049,47.23253277870674],[-65.0412723997794,47.41251001837242],[-65.02615203640826,47.38068811160988],[-65.01429425544352,47.379403243255105],[-65.00760734319924,47.37083650318471],[-65.01118589454127,47.3592668737023],[-64.99111128702371,47.3566403826226],[-64.98947260861279,47.362948887668004],[-64.9801837884237,47.36153085665524],[-64.98675722484212,47.34938341459259],[-64.97552115674125,47.361139836982936],[-64.97140430845523,47.36085320582006],[-64.97221571478178,47.3548549991353],[-64.9667154817425,47.35492399298244],[-64.96725289840884,47.350208333921174],[-64.95997575787996,47.34992693499359],[-64.95936824314917,47.35952804324753],[-64.94959393439021,47.359647354280426]]}},{"type":"Feature","properties":{},"geometry":{"type":"LineString","coordinates":[[-65.90604726315019,47.919590147692226],[-65.98926081107777,47.920168419649066],[-66.0134131497886,47.92789581014177],[-66.03465611032765,47.92450119724723],[-66.04732021095094,47.92756457015983],[-66.08386766762945,47.86681482477834],[-66.088870513512,47.860421348294956],[-66.09575702661154,47.86005658305005],[-66.08965263978818,47.85844651146676],[-66.11599873435205,47.80484101360694],[-66.10017542083332,47.800775019614775],[-66.12436816891082,47.77556308761261],[-66.13295903264628,47.77962959003033],[-66.15774790975928,47.77398480803694],[-66.15349788531819,47.77231770091174],[-66.15393540070683,47.76250749259456],[-66.14583697996768,47.75841190445797],[-66.153971700969,47.749915704342904],[-66.15419119070788,47.739927308210554],[-66.16658856538095,47.734475173514426],[-66.1665063782515,47.72014073339623],[-66.154184998343,47.70678272147559],[-66.15926448866236,47.70053178628692],[-66.12482140919397,47.69863040572079],[-66.12368731249263,47.69269169272567],[-66.11525197866214,47.69373121943651],[-66.11123664947334,47.68574392467447],[-66.10183589055792,47.68451299682283],[-66.07541939758934,47.68486760409118],[-66.05171408069637,47.69114100627213],[-66.00407032622738,47.71121563078055],[-66.10770821526395,47.57728173746192],[-66.21716123279462,47.550645113196595]]}},{"type":"Feature","properties":{},"geometry":{"type":"LineString","coordinates":[[-65.78800416179132,47.891396916931996],[-65.7939633407846,47.88045772863778],[-65.81552583250634,47.891529727372294],[-65.83084994084126,47.90805175141124],[-65.83980626901285,47.90492393259897],[-65.85084401179051,47.90754772214209],[-65.8517729706593,47.9115918471965],[-65.87745657336578,47.91079777195742],[-65.89600186820674,47.91892279626749]]}},{"type":"Feature","properties":{},"geometry":{"type":"LineString","coordinates":[[-64.91006857937269,47.38028009991424],[-64.90304812929821,47.38000858099285]]}},{"type":"Feature","properties":{},"geometry":{"type":"LineString","coordinates":[[-64.90480955790181,46.13326801978184],[-64.9146028879387,46.14309033644844],[-64.86552327524477,46.15957128425939],[-64.85220898554091,46.14777915691421],[-64.82444668953904,46.16317715932951],[-64.82799399794405,46.16725868582917],[-64.81085912870877,46.17430302010929],[-64.81022357299993,46.17101702052715],[-64.78546337858162,46.17573764188591],[-64.78160995264612,46.16723332282308],[-64.74510112609838,46.17572132480658],[-64.72658830290032,46.1385860388564],[-64.6895973210117,46.14992301121812],[-64.68657652705045,46.14480071672025],[-64.69424896058273,46.13410413327372],[-64.6872170683697,46.12263319395597],[-64.71025600710469,46.10967400039007],[-64.70762100156588,46.10378300998586],[-64.72426298944477,46.09897299351483],[-64.72030298677163,46.08538299369387],[-64.71113699104005,46.07587500190184],[-64.71056498666951,46.07206400555285],[-64.71563827018487,46.07110063471131]]}},{"type":"Feature","properties":{},"geometry":{"type":"LineString","coordinates":[[-65.07357351704682,46.26445716086111],[-65.04969100254398,46.23712799461168],[-65.03330699936627,46.239463013340405],[-65.01806399092185,46.23461900067221],[-64.97351799816539,46.190818991076576],[-64.95303399639981,46.18109498598615],[-64.91039601543137,46.13153699761548],[-64.90480955790181,46.13326801978184]]}},{"type":"Feature","properties":{},"geometry":{"type":"LineString","coordinates":[[-64.88203011996465,46.80763574605755],[-64.96672050528838,46.78911774704466],[-64.9746310115569,46.80428060932945],[-64.98615320047249,46.79697127425361],[-64.98683567624074,46.78770186630354],[-64.99353806462045,46.782604378445676],[-65.02983717128711,46.77388057763262],[-65.03637595423844,46.778080791190696],[-65.0520470277416,46.77495688134344],[-65.052221842567,46.771167019788386],[-65.070001073225,46.76718681919495],[-65.38619718163255,46.61012013952012],[-64.96725775214868,46.61132543014376],[-64.94693240050167,46.582957770304425],[-64.91611499518731,46.59945310259116],[-64.91693017763585,46.588476475678654],[-64.9085073841371,46.578622239445245],[-64.90055542837693,46.57668881794517],[-64.9018302876124,46.57056886618254],[-64.89115761385567,46.56913392605161],[-64.8829824424413,46.56218329808141],[-64.85991434079018,46.511349193366485],[-65.14337267899018,46.34774328723451],[-65.07357351704682,46.26445716086111]]}},{"type":"Feature","properties":{},"geometry":{"type":"LineString","coordinates":[[-64.60470178725517,45.89364773718508],[-64.57647760029953,45.8684807851323]]}},{"type":"Feature","properties":{},"geometry":{"type":"LineString","coordinates":[[-64.64440659876243,45.94818104969098],[-64.62974734858385,45.93718627623706]]}},{"type":"Feature","properties":{},"geometry":{"type":"LineString","coordinates":[[-64.67862563220957,45.97778096059054],[-64.6615569432416,45.96092471356384]]}},{"type":"Feature","properties":{},"geometry":{"type":"LineString","coordinates":[[-64.70294091244976,46.040502991379306],[-64.6982491689296,46.02994885168472]]}},{"type":"Feature","properties":{},"geometry":{"type":"LineString","coordinates":[[-64.73228336298996,46.06479711314879],[-64.72380713280995,46.05895470419737]]}},{"type":"Feature","properties":{},"geometry":{"type":"LineString","coordinates":[[-66.4538331714165,45.86350555986489],[-66.46712834082804,45.85712605676254],[-66.49972811167274,45.86468390878731],[-66.5514161321764,45.90087015300552],[-66.5818961404809,45.913191128499285],[-66.53400965821842,45.968898355827285]]}},{"type":"Feature","properties":{},"geometry":{"type":"LineString","coordinates":[[-66.7197109252192,45.891779042065075],[-66.66408841037824,45.85409828791983],[-66.64069182863122,45.88339335448245],[-66.6288730636327,45.874454459646635],[-66.52068907494217,45.8424194737194],[-66.53466772115446,45.832857892205794],[-66.528843405423,45.82632430766028],[-66.53743505635626,45.818597849722295],[-66.50284727566387,45.81075281947818],[-66.49346890915119,45.818368864998675],[-66.47172224310728,45.81216139263796],[-66.47159040478354,45.81585481905062],[-66.49029794583555,45.82219400337674],[-66.48368638245073,45.83017145329968],[-66.46654496469108,45.82406467276765],[-66.46287188978698,45.83137959660995],[-66.42894424968362,45.82847550490872],[-66.42892731123555,45.85831330639246],[-66.44868059789331,45.856560863258736],[-66.4538331714165,45.86350555986489]]}},{"type":"Feature","properties":{},"geometry":{"type":"LineString","coordinates":[[-66.53400965821842,45.968898355827285],[-66.56787633397855,45.982774638509014],[-66.55936297222138,45.989003778919376],[-66.55840239334103,45.99933249133189],[-66.5626108001315,46.006321068404176],[-66.58244745494254,46.00866141903131],[-66.58615606856289,46.01510059618804],[-66.5818599709333,46.02009370901154],[-66.58907238276859,46.027434794673134],[-66.65333555130458,46.05050645404834],[-66.6717842620691,46.03199013807777],[-66.68436261632132,46.030935777544755],[-66.69531889830115,46.022314820779556],[-66.68633791271755,46.005921686015064],[-66.6960002391651,45.99153259200091],[-66.72892145352968,45.994073331005715],[-66.71428585274177,46.011787349422185],[-66.75989762471633,46.02377306815126],[-66.78668558841082,45.99291077019038],[-66.77142993804428,45.991545044184356],[-66.75824060765042,45.985269439344634],[-66.76107583489545,45.98157954169229],[-66.75118873349274,45.97908943112599],[-66.6956577137935,45.977276307451646],[-66.67344830276234,45.971401053842435],[-66.67689985490838,45.96478267611463],[-66.78339120503992,45.97128531040469],[-66.77829754381736,45.95678162490091],[-66.71352672614998,45.95851881802106],[-66.71737550929754,45.950911864746026],[-66.70523023566375,45.950238397539025],[-66.7211150141299,45.93756100034936],[-66.73929100548533,45.93409200200776],[-66.72461777800689,45.93381929709088],[-66.69851030008438,45.91636778062614],[-66.7197109252192,45.891779042065075]]}},{"type":"Feature","properties":{},"geometry":{"type":"LineString","coordinates":[[-64.75174093187518,46.08941249187267],[-64.76289378035182,46.092399965584704],[-64.78845196149527,46.07142614166322],[-64.80710748302046,46.06527766178762],[-64.82051666891036,46.068830735169975],[-64.84194808435736,46.05406861000838],[-64.8975661282449,46.049209540405585],[-64.91997667849017,46.10155090714401],[-64.92319320829789,46.100867541267704],[-64.91817712399578,46.1205567566589],[-64.90187670746695,46.129954132741716],[-64.90480955790181,46.13326801978184]]}},{"type":"Feature","properties":{},"geometry":{"type":"LineString","coordinates":[[-65.99928359716158,45.44210554211993],[-65.99273599029208,45.45059052290827],[-65.93878092097485,45.47873501767231],[-65.91384373551654,45.502475907499914],[-65.90294313201797,45.50085598352054],[-65.89830935317526,45.487733406572566],[-65.90816258574193,45.46944554537538],[-65.9098197183958,45.459965080339636],[-65.90176991298134,45.45012749142864],[-65.90772590418503,45.44548426471035],[-65.89039913120799,45.44291461612427],[-65.89288817875823,45.432708440453794],[-65.87680188621336,45.43008945205973],[-65.87155864073875,45.414666417933454],[-65.88417799468952,45.41026704828955],[-65.87465499558046,45.405416729425994],[-65.87778340590764,45.40274498779821],[-65.88865718496,45.40823082419508],[-65.89457783444648,45.40646099101486],[-65.89649428404873,45.40309645323448],[-65.88946356301182,45.39968143879932],[-65.89199706093885,45.39529897944545],[-65.90159368560974,45.396758958403666],[-65.90770048304732,45.392505449252546],[-65.90062769456674,45.3882834100656],[-65.91585006201845,45.37309055469854],[-65.83883175626826,45.33414635402994],[-65.86205020383572,45.31572549419048],[-65.85664866940229,45.31248756883855],[-65.8611762804939,45.30834050988564],[-65.87886260085607,45.3179124004602],[-65.8894559148062,45.296045405867424],[-65.88286519063544,45.284266696489915],[-65.89500229280634,45.27017628889983],[-65.8833255965619,45.25957151062033],[-65.865226019623,45.261428998219344],[-65.85459707632299,45.232096643553284]]}},{"type":"Feature","properties":{},"geometry":{"type":"LineString","coordinates":[[-65.74907498880727,46.051932811304106],[-65.66913549753657,45.87098727186968],[-65.52207578336758,45.97358676870489],[-65.47758149509545,45.87083464535859],[-65.46331748717752,45.87175840056281],[-65.44986120597423,45.85353820851069],[-65.3837888780796,45.82755110190629],[-65.46121735316311,45.76901680440504],[-65.45133645766089,45.74082426534335],[-65.46740908576989,45.74162876897274],[-65.47459867580524,45.748818764197026],[-65.50468863084878,45.74086664121303],[-65.51736737024784,45.74350981497314],[-65.52571494010651,45.729365073905974],[-65.53562855077597,45.72835956928272],[-65.53981736747701,45.72135809641487],[-65.55984955924367,45.71168913587003],[-65.56845886509119,45.71351548218009],[-65.58197366228154,45.705093018072766],[-65.6028209653878,45.70089723291065],[-65.66729881201442,45.65615395564713],[-65.68766519606879,45.70209170204867],[-65.76412772031219,45.680510491334815],[-65.79068089685849,45.65611460526151],[-65.81400566476111,45.64285419061263],[-65.81820788382112,45.6299975393544],[-65.8143537337938,45.61714508955],[-65.88773394830305,45.5660821370534],[-65.89940043277822,45.574679590710666],[-65.91749368012773,45.60145193908494],[-66.00027499865784,45.54888008954399],[-66.01519658747996,45.54602216631789],[-66.0229842533692,45.55200485336781],[-66.04897702570526,45.53129816603623],[-66.07408696449428,45.4996887720332],[-66.1660704203866,45.42521886792068],[-66.22973002682485,45.357870853797415],[-66.20656353694908,45.33686367540359],[-66.19573504353254,45.33474692640828]]}},{"type":"Feature","properties":{},"geometry":{"type":"LineString","coordinates":[[-65.07357351704682,46.26445716086111],[-65.41643782022985,46.256765481753206],[-65.49146739730035,46.27012971850043],[-65.74907498880727,46.051932811304106]]}},{"type":"Feature","properties":{},"geometry":{"type":"LineString","coordinates":[[-66.12671617992405,45.31787272346481],[-66.05733880056891,45.33808018390554],[-66.06624814059587,45.34170245300383],[-66.04364217630865,45.35728379710164],[-66.02766995557677,45.37565987820999]]}},{"type":"Feature","properties":{},"geometry":{"type":"LineString","coordinates":[[-68.38262282125922,47.88004844816757],[-68.38354933490592,47.553092290918],[-68.56810700723098,47.42714624076322],[-68.79962823559514,47.348941931528536],[-69.05096114557132,47.30009781333613]]}},{"type":"Feature","properties":{},"geometry":{"type":"LineString","coordinates":[[-67.59650263975225,47.99806427114396],[-68.1226050283153,47.99989242004439],[-68.12279292973666,47.91644219576074],[-68.38233418321134,47.9161169455365],[-68.38262282125922,47.88004844816757]]}},{"type":"Feature","properties":{},"geometry":{"type":"LineString","coordinates":[[-67.04823948800372,47.362727609921706],[-66.94361092713126,47.384189782252605],[-66.94352775919218,47.3742042756451],[-66.91708865735262,47.366265413388476],[-66.92774854682276,47.3500350036286],[-66.69110205268218,47.34920420204438],[-66.68725608796674,47.34845909167223],[-66.68726909683889,47.33385872403985],[-66.69299962910387,47.32936648045822],[-66.69260079796568,47.31415454713811],[-66.68160088970487,47.305331997110805],[-66.66735171304941,47.30166590785771],[-66.63706047771632,47.313481065364705],[-66.65535074373496,47.324265372077456],[-66.65230649253411,47.331131989400305],[-66.63751799857253,47.339903004237264],[-66.63450020352832,47.35225168726592],[-66.60315068599117,47.33898849310921],[-66.56706856222988,47.333084573008996],[-66.55630147369752,47.335959718650514],[-66.53366545281708,47.36271942829329],[-66.54969851790408,47.37826573543389],[-66.50985601355136,47.39824448904138],[-66.51130113360855,47.403722163837834],[-66.56418516838455,47.38886347408582],[-66.5768176882264,47.395840237613605],[-66.56653030596964,47.42129726324584],[-66.62305090427218,47.439743972257254],[-66.6315324305156,47.434351300874084],[-66.66701260755765,47.43607650298477],[-66.68044910417677,47.42662309729203],[-66.68083270495673,47.41254719058407],[-66.69043168785322,47.403516704884986],[-66.693296955835,47.41576188286385],[-66.8056937451805,47.415499564471425],[-66.21716123279462,47.550645113196595]]}},{"type":"Feature","properties":{},"geometry":{"type":"LineString","coordinates":[[-67.78979292863905,46.92451947315317],[-67.77283626045165,46.928150842964776],[-67.70832599915923,46.923118987645594],[-67.66624351652688,46.9543786232986],[-67.67193150347201,46.957449086952934],[-67.64586241981134,46.979279400449215],[-67.64444338547669,46.98578280028336],[-67.62629688995256,46.99587860132113],[-67.61918050162755,47.009753509305504],[-67.54424999242548,47.08372799603446],[-67.54932018164652,47.08638362388331],[-67.51170297768674,47.12517886503692],[-67.57395177283871,47.1535754844928],[-67.29440573438082,47.440678332564616],[-67.04823948800372,47.362727609921706]]}},{"type":"Feature","properties":{},"geometry":{"type":"LineString","coordinates":[[-66.4538331714165,45.86350555986489],[-66.43187445853472,45.87461777232856],[-66.40410503701914,45.873026301009766],[-66.33830488170896,45.88806500095507],[-66.30309326052767,45.88981361746081],[-66.28265570464833,45.87171803533398],[-66.25062500059005,45.86196629497677],[-66.2260420918729,45.84403485150847],[-66.1817720861,45.83290789582498],[-66.16636837518138,45.833930533841766],[-66.12681888350784,45.87417062755843],[-66.09234429480276,45.885168964865635],[-66.04799366922592,45.8891964214104],[-66.02043890886337,45.88159027578782],[-65.97785798884436,45.879878992258966],[-65.96616934100598,45.874460952794735],[-65.95124601160137,45.88195052125759],[-65.95748097402966,45.88401697050399],[-65.95001489586899,45.89132288219143],[-65.94096950843338,45.887287994930304],[-65.74907498880727,46.051932811304106]]}},{"type":"Feature","properties":{},"geometry":{"type":"LineString","coordinates":[[-67.04823948800372,47.362727609921706],[-66.79594395766067,47.00355060003289],[-66.68408459405127,46.83640562515967],[-66.49826635873345,46.520866208440914],[-66.51503149304894,46.51555378802971],[-66.5492835096894,46.559502902560176],[-66.57068758311566,46.563026999258845],[-66.57163058183514,46.573826703506114],[-66.58446019916246,46.58256898716258],[-66.58548981254171,46.592033902424134],[-66.59778558095444,46.59617210698948],[-66.64704578805684,46.60031848901307],[-66.66518760154739,46.59457538747748],[-66.6893804973699,46.60063929760219],[-66.68957650653914,46.58881278978452],[-66.70458108548027,46.58344480415791],[-66.733682899479,46.57824680594632],[-66.74684059333782,46.58245719090204],[-66.77046832146287,46.58154749484838],[-66.7800777797247,46.57302210662762],[-66.79096200945195,46.5744489103889],[-66.8019746112654,46.569626499850294],[-66.82201481538635,46.574549907404226],[-66.82499019442028,46.57263518546958],[-66.82027469238471,46.56735638880895],[-66.83029089416647,46.562975007123484],[-66.83080802219531,46.55694469325371],[-66.84998161489457,46.555134198149176],[-66.85592589416655,46.541675786593764],[-66.86804118509632,46.54405909896535],[-66.88935540717347,46.527200711429096],[-66.90652378750777,46.52892332883159],[-66.85560488786464,46.416484006031695],[-66.83798461186416,46.415307201083934],[-66.80977870984701,46.43372491170066],[-66.79678999394704,46.43968849054464],[-66.78533179469422,46.4377778953696],[-66.77184850402298,46.44913560965853],[-66.74519768775575,46.457997996752404],[-66.72611688127074,46.45239950548944],[-66.71089521644019,46.439005552803096],[-66.68183970944791,46.433253401285036],[-66.68314654643825,46.42911345603775],[-66.67748154695603,46.42528446439331],[-66.6444150797377,46.42102450009119],[-66.63284160864191,46.412027255639444],[-66.61043419783563,46.42626721076859],[-66.58075842092916,46.431799177002475],[-66.56445514458963,46.42692416766306],[-66.54589704150831,46.4159057076885],[-66.54669681298604,46.40611112184041],[-66.52656240525961,46.4051975332093],[-66.51785045438218,46.388656860266984],[-66.53679210541033,46.38350353837959],[-66.54092809082462,46.37904558181898],[-66.53774611657032,46.37595882491168],[-66.5475985373307,46.37026582939967],[-66.57894594392371,46.38310162499792],[-66.59816929580924,46.34879006691955],[-66.56931302518146,46.340369289018646],[-66.58421689268621,46.31538886938154],[-66.50983720890281,46.29401603604231],[-66.20096874113683,46.35464922412263],[-66.53400965821842,45.968898355827285]]}},{"type":"Feature","properties":{},"geometry":{"type":"LineString","coordinates":[[-66.11184952157554,45.27776439658437],[-66.09290523790115,45.274915800771254],[-66.0852281464161,45.258005923992265],[-66.0755701570549,45.26896570194036],[-66.06698228993913,45.26844463244539]]}},{"type":"Feature","properties":{},"geometry":{"type":"LineString","coordinates":[[-66.7197109252192,45.891779042065075],[-67.05685823229341,45.5034508075565],[-67.29577456524645,45.505717335440565],[-67.21212954088585,45.60110821404652],[-67.232925687516,45.630031874941885],[-67.22712257523271,45.661831703073204],[-67.24939205241287,45.71143413168622],[-67.26158513480063,45.709787602285104],[-67.26447347492646,45.71913213636626],[-67.2590893681459,45.72398642584302],[-67.26037590988057,45.72782916237362],[-67.26724067212614,45.72676039041587],[-67.27005486903437,45.73541095935323],[-67.26401779307638,45.73778450547642],[-67.27570800672937,45.754930906230676],[-67.26951689839314,45.76316239004086],[-67.30052435801282,45.83816227867031],[-67.33369916324718,45.88517019727785],[-67.57364692243672,45.598905741336246]]}},{"type":"Feature","properties":{},"geometry":{"type":"LineString","coordinates":[[-77.75482563638738,62.47237701525706],[-77.7945134564795,62.46395211579481]]}},{"type":"Feature","properties":{},"geometry":{"type":"LineString","coordinates":[[-77.45855254960188,62.59273099992842],[-77.47470635585435,62.59297652381267]]}},{"type":"Feature","properties":{},"geometry":{"type":"LineString","coordinates":[[-75.49070219248519,62.29661036645457],[-75.50087137291585,62.29133476880375]]}},{"type":"Feature","properties":{},"geometry":{"type":"LineString","coordinates":[[-74.2651787491747,62.3262399511544],[-74.28112576034633,62.31949937182447]]}},{"type":"Feature","properties":{},"geometry":{"type":"LineString","coordinates":[[-73.93557364660646,62.42054290364695],[-73.95214532390806,62.40967937450048]]}},{"type":"Feature","properties":{},"geometry":{"type":"LineString","coordinates":[[-73.86757504465355,62.465066899598824],[-73.87455766720066,62.460499314994124]]}},{"type":"Feature","properties":{},"geometry":{"type":"LineString","coordinates":[[-72.50909454921974,61.9264105239954],[-72.52112670202133,61.924151191184],[-72.52826564421493,61.92847686943986]]}},{"type":"Feature","properties":{},"geometry":{"type":"LineString","coordinates":[[-72.47289379176848,61.92012376526989],[-72.47371381618322,61.92034138517422]]}},{"type":"Feature","properties":{},"geometry":{"type":"LineString","coordinates":[[-72.4687611238745,61.919027028666],[-72.47179990646738,61.919833467554]]}},{"type":"Feature","properties":{},"geometry":{"type":"LineString","coordinates":[[-72.45663869459027,61.91580995140136],[-72.46484574348433,61.9179879563035]]}},{"type":"Feature","properties":{},"geometry":{"type":"LineString","coordinates":[[-72.37511699580857,61.89417554153376],[-72.37612572762825,61.887484496898814],[-72.3867326742149,61.887952502378155],[-72.39411937699309,61.89836149950364],[-72.42310448009944,61.905780100614145],[-72.44384198747765,61.89809149898758],[-72.45220471259516,61.90557729276219],[-72.44460719680143,61.91096670424092],[-72.45046005782802,61.914170251025446]]}},{"type":"Feature","properties":{},"geometry":{"type":"LineString","coordinates":[[-72.31914925038042,61.88692808327255],[-72.33280591473716,61.887814474761804]]}},{"type":"Feature","properties":{},"geometry":{"type":"LineString","coordinates":[[-72.25701291599091,61.882895098603846],[-72.25721145365296,61.88290798477351]]}},{"type":"Feature","properties":{},"geometry":{"type":"LineString","coordinates":[[-72.24151958322025,61.881889497386055],[-72.24321003179924,61.88199921665529]]}},{"type":"Feature","properties":{},"geometry":{"type":"LineString","coordinates":[[-72.23635550136807,61.881554320502154],[-72.2373147296371,61.881616579612555]]}},{"type":"Feature","properties":{},"geometry":{"type":"LineString","coordinates":[[-72.23106263550729,61.88061870511105],[-72.2359520286089,61.88152813293464]]}},{"type":"Feature","properties":{},"geometry":{"type":"LineString","coordinates":[[-72.22149511489935,61.87552760822144],[-72.23053992521002,61.88034055898755]]}},{"type":"Feature","properties":{},"geometry":{"type":"LineString","coordinates":[[-72.20333448608355,61.86586392160228],[-72.2077820400496,61.86823056695281]]}},{"type":"Feature","properties":{},"geometry":{"type":"LineString","coordinates":[[-72.18894279841297,61.83713850348397],[-72.19843361683837,61.83643270973436],[-72.19029215829724,61.83956146367853]]}},{"type":"Feature","properties":{},"geometry":{"type":"LineString","coordinates":[[-72.18700110599991,61.780590003498546],[-72.1903465939317,61.78309272193898],[-72.18700110599991,61.7854167688409]]}},{"type":"Feature","properties":{},"geometry":{"type":"LineString","coordinates":[[-72.224132542028,61.757231650214834],[-72.22424166027147,61.75902300895774]]}},{"type":"Feature","properties":{},"geometry":{"type":"LineString","coordinates":[[-72.15630930479755,61.753160504350035],[-72.15219928539939,61.750690887076274],[-72.15535651010326,61.74581019343501],[-72.1673100372338,61.745668235814726]]}},{"type":"Feature","properties":{},"geometry":{"type":"LineString","coordinates":[[-72.14526431179186,61.75710407564539],[-72.15284696802644,61.75551859795872]]}},{"type":"Feature","properties":{},"geometry":{"type":"LineString","coordinates":[[-72.07564585102193,61.74459694948944],[-72.09272094331473,61.748037261536396]]}},{"type":"Feature","properties":{},"geometry":{"type":"LineString","coordinates":[[-71.21366794070696,61.16630158108908],[-71.21544786400574,61.16725133935207]]}},{"type":"Feature","properties":{},"geometry":{"type":"LineString","coordinates":[[-70.42407345877737,61.08794713816893],[-70.42552649599992,61.08744452136935]]}},{"type":"Feature","properties":{},"geometry":{"type":"LineString","coordinates":[[-70.10880392581949,60.989825703189844],[-70.14561995915292,61.01103256104114]]}},{"type":"Feature","properties":{},"geometry":{"type":"LineString","coordinates":[[-69.8658712739307,60.8383154890879],[-69.88380962341932,60.822657379674894],[-69.90100573000893,60.81685926691629]]}},{"type":"Feature","properties":{},"geometry":{"type":"LineString","coordinates":[[-69.81212697541571,60.907222931595285],[-69.8399571855535,60.8938804772661],[-69.8758239291319,60.85893534993288],[-69.87171025489825,60.85041266040484]]}},{"type":"Feature","properties":{},"geometry":{"type":"LineString","coordinates":[[-69.57989924840442,61.08766591157593],[-69.58632546220522,61.08790139879162]]}},{"type":"Feature","properties":{},"geometry":{"type":"LineString","coordinates":[[-66.59010295218069,58.67487139679483],[-66.59807804270426,58.66474517759359]]}},{"type":"Feature","properties":{},"geometry":{"type":"LineString","coordinates":[[-64.94996180879443,60.19360389417094],[-64.95173648929125,60.19307277700535]]}},{"type":"Feature","properties":{},"geometry":{"type":"LineString","coordinates":[[-64.86046301999994,60.356153242429684],[-64.85975965422521,60.354646586738184]]}},{"type":"Feature","properties":{},"geometry":{"type":"LineString","coordinates":[[-64.62694617581809,60.34644811911806],[-64.64470526158445,60.34790670430647]]}},{"type":"Feature","properties":{},"geometry":{"type":"LineString","coordinates":[[-72.07761441376257,51.14227195179938],[-72.0692069302219,51.150912388931516],[-72.01757411063605,51.13675381837073],[-72.03970653911736,51.16195520811992],[-72.02500051573416,51.16344393410613],[-71.99638727959523,51.17814891661023],[-71.99192111104604,51.20668024940035],[-71.97916970628184,51.21071248785526],[-71.98931130448422,51.229541299234604],[-71.95688975829285,51.24031734449857],[-71.9546734608414,51.24952515446993],[-71.94544377841939,51.25608580439649],[-71.93700398020583,51.27148838854998],[-71.91921216011923,51.278754086562024],[-71.88559563875282,51.273255155317656],[-71.87351377219672,51.27813108247234],[-71.88108628415269,51.305484048045834],[-71.86741963735648,51.32129396998876],[-71.87470172049433,51.3362346591278],[-71.86427906107761,51.349160491332086],[-71.83639311459251,51.35938397117205],[-71.8291195586852,51.37711398052769],[-71.81606176373162,51.371022968468885],[-71.8169954615197,51.35346758503527],[-71.77216149955812,51.36315269612515],[-71.7595096958715,51.34844335566918],[-71.74906895044873,51.35046651616276],[-71.71113251134912,51.375867804632826],[-71.70636292994607,51.394115669204446],[-71.68646128998216,51.40778938323859],[-71.69400427321445,51.41729948090547],[-71.69144216892134,51.43318716940516],[-71.66544468371539,51.47722282981966],[-71.58349952711447,51.50044527798537],[-71.57718191793326,51.51888086887567],[-71.5793073942185,51.532314317253764],[-71.5931514950134,51.551102133760985],[-71.58321637968805,51.560950635737335],[-71.58111225466487,51.58684925243246],[-71.5980622295868,51.59325860821418],[-71.60956911075867,51.60650775315036],[-71.60331629845548,51.64812067371223],[-71.6131807390425,51.65908121215839],[-71.59974860751886,51.67972802738141],[-71.60406509802463,51.694752181213964],[-71.57811178959764,51.74827410088014],[-71.58350956410044,51.78465924715998],[-71.57224877446669,51.8018643322369],[-71.57111896571662,51.813828376595126],[-71.5305378195558,51.83429738543274],[-71.45011753799125,51.84396212150721],[-71.39974159206275,51.84138568603722],[-71.37797663049759,51.85446974737876],[-71.35358769388452,51.90527492459531],[-71.3287301410578,51.91886246254225],[-71.31365966833296,51.94718008582756],[-71.31805481216594,51.96193547665225],[-71.31511829229653,51.966866757405505],[-71.2807363211528,51.98646999791555],[-71.27372691450219,52.00082423255312],[-71.2461056136267,52.021469478216],[-71.20992244839618,52.025804160558884],[-71.20535775413619,52.03963413907238],[-71.24722772183209,52.035699962628144],[-71.26879724715711,52.04009891424981],[-71.2684768417322,52.046197972440126],[-71.26261346949157,52.054527740138255],[-71.24500829384331,52.06348296496636],[-71.23705066889505,52.07621255575452],[-71.20291025526771,52.09001743555561],[-71.19167980148619,52.11557739082766],[-71.16238307693902,52.12750811530139],[-71.15326791536675,52.138750452609145],[-71.15470467020532,52.152435907632785],[-71.14038844030499,52.16998206910088],[-71.10664141165955,52.17823257272944],[-71.08374306776665,52.18948663563937],[-71.08748628980099,52.20190749962],[-71.08117166618155,52.21298582379638],[-71.03806379758275,52.21151255992553],[-71.02242267136329,52.21951752130725],[-70.96426818224963,52.23115541216207],[-70.9463844128015,52.24093978799658],[-70.92075778903781,52.243711322974896],[-70.8820385788253,52.27982343291015],[-70.87198753201137,52.27257250546405],[-70.80965087646197,52.27269505523508],[-70.80667153709717,52.2641200188819],[-70.82053737626616,52.258878619116615],[-70.82445630766811,52.24614591331022],[-70.80797578278629,52.23326600037245],[-70.79905304729978,52.23393393827633],[-70.78352800250939,52.24341358112036],[-70.72791430475698,52.25644313641009],[-70.71781652467291,52.27005890933706],[-70.69958551772328,52.279836400551375],[-70.66502338765196,52.2849063127854],[-70.6503181682684,52.282293245202496],[-70.61061389727774,52.29326077360247],[-70.56200387595483,52.31655590229374],[-70.54956902888075,52.314687386793146],[-70.5396430223623,52.307137986622394],[-70.52425560103838,52.30619654494272],[-70.49104125741945,52.312348773445834],[-70.48569609237184,52.30421037329079],[-70.46351276858827,52.308927955032196],[-70.44390666012372,52.32264824685119],[-70.37930412658294,52.33865151724878],[-70.3399702303838,52.339366329820976],[-70.29183464580318,52.34852205157107],[-70.27049678103646,52.36156258788628],[-70.26203818049788,52.3737405603102],[-70.26038081920248,52.39147612585941],[-70.25102779838402,52.402295569682934],[-70.23537420872624,52.40708218534822],[-70.23171577874233,52.41752898433737],[-70.26553456275828,52.41228992384512],[-70.273521179518,52.41664160189885],[-70.27016123943473,52.42204494371976],[-70.28349451242134,52.421275164201],[-70.28144666474847,52.42564856807009],[-70.2697580668897,52.43100558382927],[-70.25904078904956,52.45408551929044],[-70.22347853440654,52.4674212015689],[-70.21545112512065,52.48992049739475],[-70.1916031578412,52.51265193731769],[-70.176383370938,52.54499382669626],[-70.16571281606116,52.547066556373615],[-70.15841246248407,52.55425045357752],[-70.15799843038036,52.55825096440209],[-70.17098105706364,52.5655885856158],[-70.17590420212535,52.57936136541989],[-70.16367912073584,52.58840425191887],[-70.17528472774016,52.59441927659265],[-70.14788665032538,52.608071368707584],[-70.12855760329462,52.62389850966109],[-70.11514468359248,52.62454859590311],[-70.12287981370937,52.62654901476343],[-70.07978537624464,52.65016990664617],[-70.05295272540533,52.6537033788771],[-70.04919167545938,52.68549210806313],[-70.03725398186745,52.69474525803723],[-70.023917157328,52.69636036265259]]}},{"type":"Feature","properties":{},"geometry":{"type":"LineString","coordinates":[[-74.4438903054902,48.92928155687721],[-74.43111121266874,48.93577580836234],[-74.40986195470376,48.92658189161363],[-74.3807364544722,48.93946397961431],[-74.36227920048404,48.93726919264417],[-74.34098132994538,48.92784223893587],[-74.33055596167907,48.9317228073273],[-74.32653808779966,48.98698140015705],[-74.29722589568118,49.013667786346986],[-74.3060129141702,49.04172686611472],[-74.29053362530553,49.0417173134181],[-74.29148287705385,49.06052251584139],[-74.27387997330467,49.08676472476848],[-74.27520527233452,49.09955185795685],[-74.26727591266462,49.110914615458356],[-74.27305551434736,49.11805246377226],[-74.26925486437047,49.134244806945965],[-74.2644379613988,49.13943995189529],[-74.24361819715993,49.13983589399869],[-74.25480068081731,49.168077965112694],[-74.2541498866929,49.17528221931426],[-74.24395345919596,49.186024096422436],[-74.24613108926914,49.21308264096996],[-74.23902094658598,49.21887064452818],[-74.24323551012051,49.28713352714077],[-74.2564171941844,49.28823586396698],[-74.27599857670242,49.275183917468595],[-74.28542280722355,49.28743570702711],[-74.29777410725147,49.280883242697385],[-74.30767906417631,49.26074778195241],[-74.31397737325284,49.260795261976284],[-74.31600130580054,49.26737157580423],[-74.3366998952565,49.282654625949334],[-74.37327995384861,49.30332409371397],[-74.37506985092453,49.31896849291888],[-74.41487648724846,49.314964232573864],[-74.4303309522892,49.3256025122991],[-74.42420897611477,49.341952768221006],[-74.39908833221489,49.36637172778241],[-74.40112711632693,49.374516966034335],[-74.4124057859209,49.37503689961102],[-74.41540070235943,49.3846522701374],[-74.41179046861738,49.421547014804354],[-74.37731623981222,49.44616982205208],[-74.39186086674106,49.471869244137466],[-74.36754211424075,49.47792842988443],[-74.36252369733013,49.495016633922475],[-74.34993169691623,49.50203033547881],[-74.32800117725198,49.49021550317227],[-74.33142585096483,49.478664671800146],[-74.31097496877874,49.47903994008958],[-74.26032451266775,49.51198222862376],[-74.26561782619869,49.527301424169735],[-74.2526892014216,49.54403492512715],[-74.24949205018123,49.570994215988044],[-74.22146955442588,49.58329560063809],[-74.21172116337824,49.5986120320873],[-74.19319026151663,49.61316954670994],[-74.19756686848368,49.64971778430371],[-74.17733251958111,49.67668906626737],[-74.15928617339192,49.68130374099571],[-74.14386471393736,49.67899883897137],[-74.129834130617,49.6868351942042],[-74.102724471507,49.72499708156813],[-74.0860600931007,49.76959249620555],[-74.07184711660159,49.784862117097575],[-74.00485195460813,49.80595367769852],[-73.99043190200005,49.81857315562673],[-73.98499671031733,49.83099427143902],[-73.96930452786864,49.84062236182472],[-73.9580903739764,49.84119203727144],[-73.94047181529989,49.8660039051747],[-73.92251229037373,49.8818395326175],[-73.92164948078143,49.891997347600906],[-73.91276471230537,49.89605481139427],[-73.9092508983107,49.921549487689965],[-73.8960116753435,49.94083689317281],[-73.8924290102631,49.95726532346707],[-73.86966343061336,49.97009998719935],[-73.85890321727906,49.983815730498904],[-73.85339131436439,49.99820089123738],[-73.85483263957141,50.0128726670052],[-73.83969888368942,50.01017395124774],[-73.82180947146641,50.015737627163496],[-73.81451489266985,50.02997378668178],[-73.80654598504977,50.031544166862105],[-73.80352873452686,50.04471081758076],[-73.78556548211131,50.074264755232704],[-73.79144944851137,50.098394941296974],[-73.77738454506999,50.11776240912283],[-73.78845243042751,50.13745133722211],[-73.77651713857338,50.15790113877612],[-73.77916249475521,50.16483310391652],[-73.7919521721087,50.17265237813631],[-73.77206265882933,50.216342933615806],[-73.76242060881867,50.22706847952358],[-73.74527339442788,50.235707311076254],[-73.74209840767026,50.21952477491391],[-73.71217641574772,50.21220162984486],[-73.68552652862962,50.21158496564964],[-73.66893987603478,50.242010305650496],[-73.61906120390519,50.310233394652414],[-73.616394372939,50.33008080734175],[-73.6019150466487,50.34684397152398],[-73.6095133155027,50.36829153177016],[-73.6109023871739,50.38941512414001],[-73.58803784808846,50.41936393814854],[-73.57493472748554,50.40637026204273],[-73.58320837201158,50.380452919984144],[-73.58269898039315,50.357457804643474],[-73.57775736073688,50.35380913507586],[-73.56308469444194,50.3683341062959],[-73.54476067245288,50.36723833643417],[-73.530550766514,50.38015329341003],[-73.49833891357653,50.386087598342826],[-73.4889147774359,50.406359321253014],[-73.47719355772989,50.38817819759604],[-73.47738761124754,50.374638182465176],[-73.47101686007545,50.37121986747492],[-73.46086809728874,50.37420976055751],[-73.45002164718463,50.39692516491618],[-73.4538208044886,50.411567539883805],[-73.44694518112765,50.42859242434849],[-73.39551961423483,50.47261967960665],[-73.3870924993554,50.488335707364314],[-73.3914753689054,50.51023271999193],[-73.35729285351307,50.531401567329866],[-73.35280539054244,50.55229230285919],[-73.33756638277436,50.576740595580844],[-73.32941304127004,50.57705283778877],[-73.32853164346231,50.58402212296789],[-73.31072680811555,50.587248035095655],[-73.30346876729736,50.60149752873128],[-73.30083284633824,50.62292143307331],[-73.29052676603774,50.63455099917798],[-73.26741198051486,50.64611060266112],[-73.27390416179429,50.651603689508235],[-73.25341480871218,50.68186173375848],[-73.23918750686705,50.688151137671404],[-73.22104365450835,50.706616157619926],[-73.18775682074747,50.70056993604965],[-73.16916779745651,50.73732325092701],[-73.1455126050054,50.749793906896734],[-73.11203770247265,50.75134972150216],[-73.10770923444777,50.746941102197184],[-73.11010243604427,50.73633854826178],[-73.09098364449281,50.735374759820985],[-73.07728791431673,50.72813458426805],[-73.07540945060494,50.72198393294033],[-73.08685356322296,50.702576845384684],[-73.08343796246093,50.69068335620294],[-73.06639914017353,50.69045309262255],[-73.05101532512886,50.70240382560404],[-73.03783015741189,50.69985096323319],[-73.03264560545277,50.67944424952502],[-73.05474893277871,50.66579049875872],[-73.0567000739933,50.65811617363066],[-73.05113538155666,50.65411025493858],[-73.00725313546421,50.67653211376936],[-72.95866951816252,50.71396239149209],[-72.93683906161486,50.71290408601031],[-72.92920193231863,50.748086991476306],[-72.93804670154665,50.759521527511694],[-72.89466740102439,50.7774422938274],[-72.87211273822157,50.8071525646147],[-72.86690123032622,50.80435092921804],[-72.86151075750116,50.80964563478054],[-72.79334921981706,50.819727359356115],[-72.7822700001114,50.82509664184987],[-72.75365111593797,50.822758123410864],[-72.74875171578779,50.82060561279441],[-72.75028438414512,50.81267091276406],[-72.74171044430751,50.80810936617107],[-72.7444509884308,50.800908373066775],[-72.72531060562378,50.798092429257586],[-72.73107039503749,50.763905433367725],[-72.72034875202212,50.76340043381239],[-72.71437397628353,50.77560300574067],[-72.70577181561919,50.77765518223313],[-72.68661319201897,50.768526428925895],[-72.68662841197784,50.75300786496723],[-72.68061131261248,50.74807386722396],[-72.6526074221248,50.756994435458836],[-72.62786490411509,50.77298012508498],[-72.61027398054634,50.80698093892611],[-72.60093764217446,50.84476441782691],[-72.57336328988607,50.867431333835874],[-72.57209448396553,50.873588439429305],[-72.5786658639162,50.879521085555744],[-72.56543159328433,50.89247849627595],[-72.55504493928092,50.8898679916034],[-72.55775463198823,50.878505468341416],[-72.55053446010496,50.85942083299285],[-72.56188911532608,50.82792295998252],[-72.54063792142118,50.80763380740958],[-72.55711998993485,50.78626760437784],[-72.55685149741711,50.76800403281717],[-72.57263387853936,50.74971692303314],[-72.57246972897006,50.74406155504496],[-72.56591292672994,50.741955881014825],[-72.55388781055699,50.75349024413728],[-72.53934379973423,50.757293272517536],[-72.53141460182025,50.742593216015386],[-72.52210907147908,50.74690018050884],[-72.51762320318483,50.755112858888495],[-72.5054016658862,50.75080316511184],[-72.4955863530214,50.75527497000672],[-72.46572811649278,50.78539482992074],[-72.43779185815465,50.78222280338757],[-72.4283385187419,50.786538895303885],[-72.42032020982467,50.80411141548424],[-72.40297729687195,50.811119757684466],[-72.37921935451418,50.84439534964556],[-72.3737509208252,50.885868888294745],[-72.34199995140867,50.888264864644015],[-72.3126303154682,50.91137214879204],[-72.30269803880654,50.92320144417211],[-72.2990810195033,50.94274478258948],[-72.29079077641015,50.95275734533887],[-72.26634632059374,50.9499013176165],[-72.2620001298825,50.97173188536248],[-72.24860322721334,50.97511176636727],[-72.24148895305848,51.00386562181823],[-72.22956456266324,51.00782233522562],[-72.22141042332764,51.02599693293411],[-72.1941272442636,51.02835541586225],[-72.18975520548183,51.02177156895318],[-72.19442386892935,50.98915331591884],[-72.175981696846,50.97907526451428],[-72.15508496191993,50.98027561033375],[-72.16098286389885,50.99259291060552],[-72.15488963317408,51.00314216850559],[-72.15851427105912,51.02257420679961],[-72.1530549463045,51.03624566026238],[-72.13719031662484,51.0528665673703],[-72.14320430124852,51.06876405687429],[-72.12737805540806,51.07856834281525],[-72.12069068144508,51.094615339037844],[-72.10275375302047,51.109980798530984],[-72.10529798946816,51.12742869034629],[-72.09500661792944,51.1251616655819],[-72.07761441376257,51.14227195179938]]}},{"type":"Feature","properties":{},"geometry":{"type":"LineString","coordinates":[[-75.52045724342805,47.8463321427534],[-75.52506216655985,49.00002915307655],[-74.67628161310272,49.000067201484825],[-74.67626448928613,48.99476494985708],[-74.63050221487796,48.96624997472377],[-74.61476711396901,48.975593348259906],[-74.61157028980621,48.966233340310126],[-74.58920381518294,48.969672565315484],[-74.58388369912734,48.96311294485459],[-74.51135620480893,49.00001402187561],[-74.5078286550635,48.98876071971821],[-74.49310354218426,48.9711907828582],[-74.45613504794608,48.9569964663136],[-74.42976960921139,48.9573282351734],[-74.45545632149512,48.940411368032066],[-74.4438903054902,48.92928155687721]]}},{"type":"Feature","properties":{},"geometry":{"type":"LineString","coordinates":[[-77.93121710396359,47.26968759862866],[-77.64710264670295,47.26949866991109],[-77.64641484305719,47.28921736241623],[-77.43169474487833,47.28913107987283],[-77.43337320407372,47.144833614784275],[-77.00371361301559,47.14546061934302],[-77.00294301137237,47.28918863574569],[-76.57521350510454,47.288011198346474],[-76.57344931657533,47.60082675476461],[-76.4242266737218,47.51295282472097],[-76.40965202290063,47.5608734437901],[-76.41619720716209,47.6031030050968],[-76.42315058503428,47.60765771448376],[-76.4454723856081,47.60115079524365],[-76.4531421935611,47.605570697910295],[-76.46192348213928,47.601481299346055],[-76.48281659944027,47.60286249004542],[-76.48422709616274,47.60049700078225],[-76.4922203177577,47.597889295855964],[-76.49352329768851,47.59987720897823],[-76.4780935920024,47.606432694591085],[-76.48159021487024,47.610885996719226],[-76.47628059388148,47.61560739761175],[-76.45731110553419,47.6148193946903],[-76.46282589667888,47.62291681101561],[-76.45504321631844,47.62220349889632],[-76.44991659072527,47.62668990405212],[-76.46080229128509,47.62475118763679],[-76.4588177158755,47.627457999394025],[-76.42919251257594,47.63175219130347],[-76.42605318510621,47.640340492636064],[-76.41855450727432,47.635289099943776],[-76.4152849923775,47.640944685909005],[-76.40654329324025,47.63939080263519],[-76.40198419778515,47.64333580560982],[-76.41149771475158,47.64526839015363],[-76.40197618305773,47.647626405249845],[-76.40442841526144,47.65330429368707],[-76.3991778061042,47.65611530813862],[-76.38590477325837,47.65668044048147],[-76.38433040694142,47.650395544507184],[-76.3706005236268,47.65120298257489],[-76.3408861032102,47.65515342417337],[-76.32445960812541,47.669086107596826],[-76.30717108451587,47.666404806914166],[-76.28809829741672,47.680628197595574],[-76.29083181489327,47.68653401062438],[-76.27044747889212,47.69027290583063],[-76.25032180649428,47.70059310108183],[-76.24121959892422,47.71972318891192],[-76.22380280521018,47.726338899493214],[-76.2279548139043,47.73033350175266],[-76.21897670873558,47.73133729946993],[-76.21683579359379,47.727833011175306],[-76.22150799182606,47.72668410448248],[-76.20462050181673,47.723727496684106],[-76.17591739776037,47.73699850906631],[-76.17552697949017,47.73329150889304],[-76.16854560039316,47.734593801771],[-76.17818821655455,47.72552739391531],[-76.16443291543848,47.72514620175326],[-76.1627039000965,47.71834089234072],[-76.15421800167209,47.71559921095287],[-76.135457994888,47.72038050791077],[-76.13638008014203,47.72387340516398],[-76.13182238798935,47.723678892177325],[-76.13101039176073,47.7178476099969],[-76.12609749241707,47.72267099110061],[-76.11693481192006,47.717864508056806],[-76.1045402967322,47.72469458859833],[-76.08767911943995,47.72614325956647],[-76.07463281428814,47.72150017526898],[-76.05706511873574,47.731447196042375],[-76.05344258756864,47.72474099401053],[-76.02625080945192,47.72733940234533],[-76.01580551544367,47.72374280432385],[-76.00955070060185,47.72971590808227],[-76.00311430408391,47.72798820619729],[-76.00824200358667,47.73134740300983],[-76.00061651689097,47.736855297554875],[-75.98688930319832,47.738881608421394],[-75.98239940105644,47.74521189689508],[-75.98673329715733,47.7547479070995],[-75.97513094813343,47.77508282066847],[-75.93555688178064,47.80002170210711],[-75.9217053195926,47.80190469232025],[-75.91679891436425,47.794153202921926],[-75.90518068292548,47.79269242673434],[-75.8955839036195,47.80024990972117],[-75.85513368854363,47.8033939947426],[-75.85014063747482,47.79505108545876],[-75.86219858269966,47.779331033097215],[-75.83182487317359,47.766987009509315],[-75.83376004161751,47.73900237874305],[-75.83679458880954,47.73215178658782],[-75.8481381650929,47.72801766035981],[-75.84366904042373,47.71853059342533],[-75.8489393731515,47.7080068596531],[-75.84324924193224,47.701885177646346],[-75.82300492860685,47.6969104917152],[-75.81304577494993,47.6872729262977],[-75.8109311280495,47.674533935656655],[-75.78864381712991,47.67295922869686],[-75.79089173972947,47.69541452566588],[-75.78226465239838,47.763745510875445],[-75.78925129248283,47.77874997664536],[-75.78128943326479,47.803565226968146],[-75.76776796461438,47.820516597017544],[-75.7248817426479,47.84794944906242],[-75.52045724342805,47.8463321427534]]}},{"type":"Feature","properties":{},"geometry":{"type":"LineString","coordinates":[[-79.51805788248967,49.008060579912446],[-79.05352611853971,49.009314837218625],[-79.05509555474977,48.99982804160579],[-77.05946174277838,49.00010638068611],[-77.06104849793363,48.964980763473356],[-77.11197321490602,48.9439084189301],[-77.11773779506046,48.935062134114325],[-77.11766274074024,48.91286587482964],[-77.13109525811103,48.90093006925421],[-77.14188702915096,48.86375542521384],[-77.11968769916696,48.85449156147158],[-77.11083215984694,48.8385983904097],[-77.12691588673017,48.81750302826483],[-77.12603287777392,48.802396069706845],[-77.1055513304435,48.78598372274183],[-77.10938487401772,48.76436600474805],[-77.0936881000182,48.749839173062895],[-77.08406639042808,48.726306402212764],[-77.09711308732632,48.706486488117314],[-77.09391039261135,48.66684028889519],[-77.100071503622,48.64144127413916],[-77.12729898899671,48.610576475839416],[-77.12755184218928,48.58451981892507],[-77.13565569664168,48.575077264469066],[-77.34414769417907,48.57483403776686],[-77.34426127718568,48.50363003052418],[-77.561042139372,48.50340616927081],[-77.5605612643117,48.28796943732657],[-78.07446987198306,48.287400659472524],[-78.11209681492191,48.25787387254676],[-78.22364895713466,48.25853253358787],[-78.22375787359361,48.29784726326533],[-78.27205448291964,48.2983100779338],[-78.28142389650138,48.312195812098935],[-78.2769190473793,48.33593058985188],[-78.29841810813079,48.34305968900241],[-78.29819900023772,48.207059364772554],[-78.3083415301857,48.20713716886641],[-78.3085545342058,48.19434791851441],[-78.29824218297183,48.19409063960904],[-78.29976652483074,48.143035981563315],[-78.28934486396665,48.04181599745335],[-78.30540406983656,47.99578406410899],[-78.22015945669071,47.995468761689125],[-78.22134764367527,47.70332190129971],[-77.42161989110174,47.702765841265844],[-77.42975861823136,47.69595549701711],[-77.4246613123035,47.68195541059092],[-77.44109628116597,47.67147740509462],[-77.44559650270553,47.67510149390947],[-77.46355469133101,47.656565901396995],[-77.46467831659555,47.64962120392697],[-77.46975848580549,47.64935350988554],[-77.46570449855349,47.63885441241678],[-77.4724406096734,47.63320250848142],[-77.46877621508061,47.62934759810226],[-77.45928020964178,47.6368934121406],[-77.45762390431783,47.63365099713167],[-77.4428414876462,47.63897260228058],[-77.45128019156549,47.63240850324034],[-77.46026501884948,47.63253149604595],[-77.45506139897033,47.62958849653525],[-77.46360638673134,47.62608090608253],[-77.45699649182606,47.622610086775374],[-77.466947400766,47.623983890560226],[-77.46619351686907,47.60761900398396],[-77.45257598644712,47.59826088589054],[-77.44859130974879,47.59190730322899],[-77.43390618001521,47.59163200729727],[-77.42410138651445,47.58456921077018],[-77.42799230650185,47.57978830133753],[-77.43866459160525,47.58929038752563],[-77.45058539119815,47.590415607427545],[-77.45437890795137,47.597211406120266],[-77.46488670747158,47.596592795750645],[-77.46317019300012,47.60016040303175],[-77.46827479660601,47.60291489822943],[-77.46451250016328,47.60372919154984],[-77.47003520542134,47.606777010005],[-77.46849399823294,47.603263790229036],[-77.47445959380921,47.60293440521812],[-77.48045319151632,47.594850700453506],[-77.46724330329248,47.590249295327745],[-77.48344320442449,47.58976980427533],[-77.49207549454776,47.57865820506507],[-77.4889566875838,47.5655250994316],[-77.50083319316771,47.56943400537237],[-77.4948570147037,47.56197479816166],[-77.50220551356203,47.562639496199786],[-77.50402128823737,47.551253498966965],[-77.49621191357092,47.56054179352267],[-77.49269458621515,47.54951710786342],[-77.49336088961725,47.543997186777204],[-77.49744961088042,47.544528390135596],[-77.49279348878028,47.54068279570233],[-77.47551920770812,47.541145996233986],[-77.46989708905036,47.54747229835538],[-77.45982810189041,47.53811190858131],[-77.44061389977723,47.5414825066382],[-77.44002749044213,47.53766429240129],[-77.4507696962516,47.53228649298162],[-77.45357290534747,47.53525870051288],[-77.45705921143154,47.529031790423005],[-77.46696821404487,47.533428405053016],[-77.47211980574653,47.52397569156965],[-77.45558520242118,47.52684930038466],[-77.45639080147996,47.52075269843503],[-77.44416211148825,47.5126951912593],[-77.45125380483073,47.512051903171],[-77.4527849162444,47.507154799609836],[-77.44754621470538,47.50227770019501],[-77.4375535983776,47.50245879892243],[-77.4393260167827,47.49540089068111],[-77.43112100905223,47.4907631964014],[-77.4261274025991,47.493583205612914],[-77.42761127976573,47.489667310229194],[-77.44407239155072,47.488444405140754],[-77.45615000941302,47.50457200578284],[-77.46608701257642,47.503517198075414],[-77.4633508041583,47.50705750652702],[-77.46979500557475,47.5095218893119],[-77.48057879542718,47.506137892357074],[-77.4764317030927,47.51086890691749],[-77.49302090288207,47.51684320971004],[-77.50266260358224,47.507871789996265],[-77.4989443895019,47.50991930664476],[-77.49802490140794,47.49713588829902],[-77.48666139290597,47.49917720373019],[-77.48398321186176,47.49365909775633],[-77.4713510989501,47.49455840541248],[-77.47229089760769,47.49010669465666],[-77.46681738889755,47.48980210559322],[-77.46834218650655,47.48250299752347],[-77.46898019199955,47.48688728816681],[-77.47397530470239,47.48502791014425],[-77.49240158813846,47.49597030442635],[-77.50686590659852,47.4860750915663],[-77.50654509118421,47.492212900119654],[-77.50878151535773,47.4904750095143],[-77.5098428849458,47.49046569698646],[-77.50508430369229,47.49633659913596],[-77.51505499076853,47.49302840188708],[-77.51044548834732,47.49834939519463],[-77.51405225901254,47.50008100370397],[-77.52621421170672,47.48470731193159],[-77.51754099036076,47.48499139625038],[-77.52095397878253,47.47964480681437],[-77.51805542034609,47.47315789256255],[-77.50995969941268,47.469550294266],[-77.52013399344239,47.471556209398294],[-77.52411227889878,47.46532280909749],[-77.52265439442573,47.47359369401142],[-77.53418568880244,47.470305890462924],[-77.53387290741591,47.476686507988845],[-77.54486181632161,47.47147749648538],[-77.55329159359326,47.480368800348394],[-77.56694329912783,47.47042850494651],[-77.56262571632321,47.46421680862444],[-77.56542199658895,47.45685950937716],[-77.55757569756393,47.45713899113649],[-77.5623062948424,47.45099639965246],[-77.5672961605082,47.45313170069983],[-77.56790941549806,47.45000880601316],[-77.56589909389268,47.45027940257477],[-77.56520239519601,47.44992608986882],[-77.56491648473205,47.44955979770143],[-77.56499050855639,47.4492894018995],[-77.5803819072823,47.43803589373376],[-77.5792125916855,47.44244570539564],[-77.58629311717179,47.44566218994967],[-77.6093198903274,47.43715678931949],[-77.60779199498666,47.4287968027126],[-77.6169481215224,47.41607819249074],[-77.60488341811933,47.41396420361966],[-77.60137834356108,47.403698097058765],[-77.61017188572767,47.41210500540468],[-77.61593728433994,47.4046187065957],[-77.62126501201908,47.40529530084979],[-77.61875370679365,47.40997060888015],[-77.62569649743543,47.4105502873677],[-77.63155060356816,47.41535030518448],[-77.62925478568852,47.41830539195955],[-77.64027690391484,47.41194440589876],[-77.63680628601314,47.416935399854175],[-77.65701809872175,47.426043609646165],[-77.66248178450259,47.43397640677661],[-77.66621561903763,47.43315579893847],[-77.66130190173033,47.43036309891191],[-77.67906929294999,47.42339909800547],[-77.69465440290156,47.428563111524156],[-77.70753479963696,47.419081792337295],[-77.73022869888244,47.41525120384457],[-77.73406071447342,47.41703620049515],[-77.71841881083135,47.42494869780862],[-77.72745060511593,47.428009692649084],[-77.74625079643404,47.42758198949254],[-77.75413490959978,47.42187380623976],[-77.76245980048984,47.424687993660044],[-77.77135191279916,47.418544692662266],[-77.76565958637072,47.41384899821617],[-77.75764128488407,47.41660890219906],[-77.75681041582664,47.41622220524344],[-77.75506340025188,47.41688010408676],[-77.7535576155448,47.41653670095633],[-77.77193380797868,47.40693390381425],[-77.7637363792451,47.39605890994102],[-77.7732622902161,47.39058310867596],[-77.77205708562123,47.39665050540621],[-77.78780661172529,47.393281190987814],[-77.79272321177683,47.38360959834088],[-77.7873157025275,47.37366720810895],[-77.78976329693722,47.37194861181811],[-77.79331150314047,47.383287999406654],[-77.80383620299403,47.38147761205861],[-77.79511159776891,47.36323439611369],[-77.8153022089761,47.357373210855485],[-77.82528350222081,47.343080995889984],[-77.81842480827879,47.33870720072607],[-77.8193486008723,47.333820799642005],[-77.82218720111746,47.337278496676866],[-77.82265641701579,47.33434040662814],[-77.82948329341586,47.33798568853066],[-77.83303461156856,47.335542591000156],[-77.83523591540296,47.337828804406186],[-77.84328470944803,47.33637639835891],[-77.83950390570485,47.33652871296644],[-77.84307129610531,47.331089387948154],[-77.82748340709962,47.32788869594934],[-77.82266219659027,47.330859000712735],[-77.81819169363628,47.325620996460245],[-77.8340152814503,47.32404360390812],[-77.83508890362613,47.31992009808533],[-77.82869230383167,47.31964349676897],[-77.8262168950351,47.318520800629415],[-77.83852399750332,47.316605507629895],[-77.84216971103214,47.30333909580068],[-77.84010460806932,47.31947469730062],[-77.85205458922836,47.31912748756464],[-77.84389630761194,47.32449491209218],[-77.85678540539908,47.32874199229538],[-77.86079300639992,47.32507820766049],[-77.85619390969174,47.30718609473493],[-77.86099218983738,47.31789708599002],[-77.87277481030317,47.30855389359713],[-77.87182190730648,47.31312619411805],[-77.879944614379,47.311139605728755],[-77.88183880133701,47.305161507226416],[-77.88720029722109,47.30535761080306],[-77.89042639875301,47.29776199914771],[-77.90177100524589,47.29421439783715],[-77.903523209655,47.28897539506657],[-77.90839390057248,47.29216310573219],[-77.92601230934548,47.284541609779886],[-77.92393209879269,47.2774696960948],[-77.93121710396359,47.26968759862866]]}},{"type":"Feature","properties":{},"geometry":{"type":"LineString","coordinates":[[-79.5179137483666,50.94033253790158],[-79.51805788248967,49.008060579912446]]}},{"type":"Feature","properties":{},"geometry":{"type":"LineString","coordinates":[[-79.520515358245,51.4668321936137],[-79.51584871321641,51.46067760771414],[-79.51801751388227,50.96162930797313]]}},{"type":"Feature","properties":{},"geometry":{"type":"LineString","coordinates":[[-78.80501874061505,51.96314956570501],[-78.84735964271964,51.94708121378307],[-78.86250106528085,51.9543150645023]]}},{"type":"Feature","properties":{},"geometry":{"type":"LineString","coordinates":[[-78.74474615893496,52.57749671330819],[-78.75729921593445,52.5693850061865]]}},{"type":"Feature","properties":{},"geometry":{"type":"LineString","coordinates":[[-78.72961381986492,52.58485966076397],[-78.74340242762177,52.578022877546736]]}},{"type":"Feature","properties":{},"geometry":{"type":"LineString","coordinates":[[-78.76650954931166,52.678618396268455],[-78.74593362830439,52.67833790737821],[-78.72842117220706,52.66601815810217],[-78.75719763808395,52.65350865532278],[-78.76863606056473,52.651729946062616],[-78.78058597837544,52.65627104409464]]}},{"type":"Feature","properties":{},"geometry":{"type":"LineString","coordinates":[[-78.79134653520983,52.710045782431095],[-78.78930616313116,52.70606123345189],[-78.81973222599993,52.70482503796924]]}},{"type":"Feature","properties":{},"geometry":{"type":"LineString","coordinates":[[-78.84080368372749,52.778025183165745],[-78.84905536278703,52.763723107927355]]}},{"type":"Feature","properties":{},"geometry":{"type":"LineString","coordinates":[[-78.77366673853857,52.782633480668736],[-78.79156798681306,52.78260361214396]]}},{"type":"Feature","properties":{},"geometry":{"type":"LineString","coordinates":[[-78.88193557003393,52.93619946820905],[-78.89982129568506,52.92589816776914]]}},{"type":"Feature","properties":{},"geometry":{"type":"LineString","coordinates":[[-78.84310520661357,52.96253812381334],[-78.8692129566197,52.94662882399169]]}},{"type":"Feature","properties":{},"geometry":{"type":"LineString","coordinates":[[-78.90867535079245,53.226912041570564],[-78.90944467333686,53.21849915957422],[-78.92424464826509,53.222871515150864]]}},{"type":"Feature","properties":{},"geometry":{"type":"LineString","coordinates":[[-79.03367599130101,53.535064562488074],[-79.05877442909532,53.53080160350451],[-79.0704970259393,53.52347162885311],[-79.09754967967304,53.52029765988267]]}},{"type":"Feature","properties":{},"geometry":{"type":"LineString","coordinates":[[-79.05091947784095,53.62709254331353],[-79.05659444318493,53.61983171124988]]}},{"type":"Feature","properties":{},"geometry":{"type":"LineString","coordinates":[[-79.0895907997129,53.721338595742566],[-79.09059857867202,53.71383052097046],[-79.1432301759423,53.7160217125771],[-79.15359056518396,53.7107762728327]]}},{"type":"Feature","properties":{},"geometry":{"type":"LineString","coordinates":[[-79.04729924014785,53.78801913440065],[-79.03645621773423,53.78560809771627],[-79.04232511803323,53.78083530853609],[-79.04241488972725,53.77069960779949],[-79.05910055085208,53.76536958695142]]}},{"type":"Feature","properties":{},"geometry":{"type":"LineString","coordinates":[[-79.06570472456555,53.80661621511011],[-79.06776154169604,53.79933525170475]]}},{"type":"Feature","properties":{},"geometry":{"type":"LineString","coordinates":[[-79.04748487430447,53.81344865912459],[-79.04413920200345,53.809373309538984],[-79.0562277908486,53.80226270323218],[-79.06215199439667,53.80074800313303],[-79.05186542582217,53.806605491585366],[-79.06129669870116,53.80826922484956]]}},{"type":"Feature","properties":{},"geometry":{"type":"LineString","coordinates":[[-79.06369566365719,53.86529551891708],[-79.06377707961578,53.86504212315857]]}},{"type":"Feature","properties":{},"geometry":{"type":"LineString","coordinates":[[-79.05956437598611,53.878153572684305],[-79.05715088303006,53.87341690998254],[-79.06109162865332,53.87340021284239]]}},{"type":"Feature","properties":{},"geometry":{"type":"LineString","coordinates":[[-79.00970473668607,53.91275869414578],[-79.0171205006259,53.90744619110059],[-78.98517410474224,53.89992069105879],[-78.99379287497452,53.8955255100434],[-78.98993369885952,53.893609995315444],[-79.00403519033314,53.889924411835004],[-79.03641439936472,53.89386211113723],[-79.03358478260905,53.89813759086868],[-79.03780799612181,53.90028538986981],[-79.03057382223932,53.90393169663966],[-79.03354849595738,53.904617901176486],[-79.07225829627063,53.896786316015515]]}},{"type":"Feature","properties":{},"geometry":{"type":"LineString","coordinates":[[-79.05388973049826,53.94149837443192],[-79.04923798939349,53.9406861656916]]}},{"type":"Feature","properties":{},"geometry":{"type":"LineString","coordinates":[[-79.08197402134836,53.946401980625915],[-79.06771415248313,53.9439121623262]]}},{"type":"Feature","properties":{},"geometry":{"type":"LineString","coordinates":[[-79.09231516670847,53.94820757738147],[-79.0899636188372,53.947796989670046]]}},{"type":"Feature","properties":{},"geometry":{"type":"LineString","coordinates":[[-79.0986351093468,53.94931105939682],[-79.09490439939279,53.94865966561457]]}},{"type":"Feature","properties":{},"geometry":{"type":"LineString","coordinates":[[-79.09100106468671,53.95217577504795],[-79.10452903947557,53.95118732954149]]}},{"type":"Feature","properties":{},"geometry":{"type":"LineString","coordinates":[[-79.03408507170786,53.95404099193211],[-79.02806219283327,53.95440548766969],[-79.02666558302508,53.95327959062043],[-79.0346045739116,53.95361156969418]]}},{"type":"Feature","properties":{},"geometry":{"type":"LineString","coordinates":[[-79.04911573846371,53.96759674700007],[-79.0379671038295,53.96651979476702],[-79.03707734750431,53.96128898964755]]}},{"type":"Feature","properties":{},"geometry":{"type":"LineString","coordinates":[[-79.06937857640806,53.98989079038186],[-79.05519080081612,53.985696192605516],[-79.06431486277683,53.98345324978031]]}},{"type":"Feature","properties":{},"geometry":{"type":"LineString","coordinates":[[-78.9663433015376,54.00248987789512],[-78.9680288049475,53.99977870720707],[-78.96161428531764,53.99727720583601],[-78.96780778534874,53.9943878980376],[-78.96388289401489,53.99344319195171],[-78.98702488480433,53.9903324887407],[-79.00197618364611,53.99703929424907],[-79.0645459753407,53.99572742213387]]}},{"type":"Feature","properties":{},"geometry":{"type":"LineString","coordinates":[[-78.96896632744469,54.00744586610139],[-78.96492713424944,54.002953073771096]]}},{"type":"Feature","properties":{},"geometry":{"type":"LineString","coordinates":[[-78.93759059524596,54.8681506532193],[-78.94008227660773,54.85396340290449],[-78.98016970571125,54.832920596857576],[-78.99487268491634,54.831814802893945],[-79.01037978621007,54.83820650482898],[-79.04293081378404,54.82377981070133],[-79.09495201062923,54.8198823955884],[-79.16455699928903,54.80062188878955],[-79.22721919082905,54.79756079186632],[-79.25588308699727,54.78447540587681],[-79.28234379725164,54.78240929940891],[-79.29247412183712,54.772362292486044],[-79.32081139623229,54.76786319799835],[-79.34205628421554,54.75784570125144],[-79.36929478038566,54.755903597578694],[-79.3886174914209,54.76424220741553],[-79.4352765142769,54.74043940618379],[-79.46402011005469,54.74167388807258],[-79.44944688389208,54.759216702325865],[-79.4803631056596,54.735928907424956],[-79.53347467941973,54.721014509508734],[-79.56552080024858,54.72269819661974],[-79.59554849431386,54.701981904238345],[-79.61637709384631,54.69602559112583],[-79.62168171150259,54.7012597083851],[-79.62111538182738,54.691698505894884],[-79.64435180802086,54.68215319480863],[-79.64949131635963,54.68640090047027],[-79.64915290074414,54.68191469271986],[-79.66779463651491,54.67272060285184]]}},{"type":"Feature","properties":{},"geometry":{"type":"LineString","coordinates":[[-78.27369988695605,55.079689114085134],[-78.26380040217647,55.076655999126295],[-78.27032561740775,55.06726049445329],[-78.28177400180282,55.066316692539615],[-78.27599370013894,55.06289190232509],[-78.30350988649252,55.05433768749998],[-78.31657331547625,55.0420158899432],[-78.36583761546343,55.030858111825076],[-78.36294507856947,55.02952230723839],[-78.3833910895975,55.02519518607838],[-78.3876403931531,55.020388404169836],[-78.40192189215907,55.020751397151365],[-78.40685791070473,55.016163390992176],[-78.4263527199166,55.02049758992791],[-78.43745101464758,55.011716700588636],[-78.47508339602783,55.003430810759774],[-78.47161311942851,55.001062495167474],[-78.48840158364051,55.00421419336459],[-78.52126408603031,54.99256350887416],[-78.5524088062346,54.99060850701782],[-78.55560228508871,54.986709188661536],[-78.54610771393482,54.9811071929662],[-78.56474431215175,54.97592040671416],[-78.56021438942922,54.97269839680967],[-78.56223461859607,54.96866360366637],[-78.58054640510284,54.96025411213896],[-78.59089048620977,54.960878303091256],[-78.59047869414638,54.96611830365727],[-78.60917680207811,54.959610099956166],[-78.6057303107822,54.95614280613176],[-78.60999239435216,54.9541288896224],[-78.63119271047738,54.953346891149174],[-78.62752301262591,54.94907049453512],[-78.64730518795768,54.94731379871462],[-78.67938559057804,54.93379220621734],[-78.71369039025751,54.93385860467928],[-78.73754668369335,54.91823411029095],[-78.74390191390175,54.91997611318047],[-78.76851429574207,54.90828460166364],[-78.81424569338519,54.90590640140057],[-78.83433480500365,54.91257550930887],[-78.84795201737145,54.906327610966045],[-78.84450089392448,54.9052439892085],[-78.85342519987282,54.89847380293258],[-78.86455199641232,54.89690270984891],[-78.86950939693874,54.90080169840806],[-78.88559550115015,54.89385119550008],[-78.87833810745981,54.892295098807736],[-78.88280790836193,54.89059841399069],[-78.8937340089,54.89472500840025],[-78.88846420679972,54.88698899860444],[-78.89372658784929,54.88257379716021],[-78.92415027010915,54.878225991796064]]}},{"type":"Feature","properties":{},"geometry":{"type":"LineString","coordinates":[[-78.24705317446978,55.089453484454815],[-78.25084359799595,55.08723899360092],[-78.24184918778772,55.08691960445791],[-78.2496432978311,55.081666004298896],[-78.25624288037481,55.080780107340125],[-78.25951925427898,55.08586120051447]]}},{"type":"Feature","properties":{},"geometry":{"type":"LineString","coordinates":[[-78.22934691688432,55.09694928891124],[-78.22559861741414,55.093899414730366],[-78.23860088208296,55.08760269088631],[-78.23794119158251,55.092079236117854]]}},{"type":"Feature","properties":{},"geometry":{"type":"LineString","coordinates":[[-78.1930228985261,55.11819098203456],[-78.18999999745277,55.116653796270924],[-78.2054160109624,55.10615049639189],[-78.21780222094915,55.10370043868323]]}},{"type":"Feature","properties":{},"geometry":{"type":"LineString","coordinates":[[-78.01411605388847,55.18756518116594],[-78.03351228233777,55.175315598043156],[-78.07555637768203,55.162694704667366],[-78.07695500084938,55.16571349617077],[-78.08586810078069,55.16175890112764],[-78.08543942145204,55.157989705380814],[-78.10957900908618,55.15491709399721],[-78.11243122358601,55.15285529224217],[-78.10548460291308,55.15181140107635],[-78.11762160334844,55.14984770896516],[-78.13040709578073,55.13882509849198],[-78.12274541791169,55.149667691899985],[-78.12720041396827,55.149639489200126],[-78.15749589149883,55.13521659874414],[-78.16080001742691,55.1274644958627],[-78.18131850883826,55.12118971424748],[-78.16558709685211,55.12942270168359],[-78.17694948941963,55.12759044935997]]}},{"type":"Feature","properties":{},"geometry":{"type":"LineString","coordinates":[[-78.000752422354,55.19183597648081],[-78.01396060002833,55.18759228520718]]}},{"type":"Feature","properties":{},"geometry":{"type":"LineString","coordinates":[[-77.99470717673428,55.19455430838856],[-77.99568786725067,55.19411332674943]]}},{"type":"Feature","properties":{},"geometry":{"type":"LineString","coordinates":[[-77.84947087619416,55.25386387038043],[-77.8608014067222,55.24736519124874],[-77.8681843056721,55.249404110460496],[-77.86389680448409,55.24639940862863],[-77.88828201496517,55.23623561186579],[-77.88843867390986,55.23232610629759],[-77.89990260344254,55.234483304042406],[-77.89617740904072,55.230380802512606],[-77.8997515994828,55.22562241029301],[-77.90804909517834,55.225617505675324],[-77.91395810472034,55.21859460105114],[-77.970361788532,55.20550156342499]]}},{"type":"Feature","properties":{},"geometry":{"type":"LineString","coordinates":[[-77.76281891196662,55.28996211561014],[-77.79203739544405,55.268322702152126]]}},{"type":"Feature","properties":{},"geometry":{"type":"LineString","coordinates":[[-77.74337632877517,55.30699384813078],[-77.75405781766275,55.29763684757874]]}},{"type":"Feature","properties":{},"geometry":{"type":"LineString","coordinates":[[-77.64217053698233,55.37567293123141],[-77.67893099749502,55.354826203912445],[-77.67857120295518,55.34980258753731],[-77.68890700897339,55.34629040536621],[-77.69087640545109,55.34049599820062],[-77.72612858270895,55.322102899983165]]}},{"type":"Feature","properties":{},"geometry":{"type":"LineString","coordinates":[[-77.30675700394215,55.554404260255396],[-77.30657521286243,55.54976359178653],[-77.31691191367926,55.547737490771475],[-77.3168882725426,55.54080300821564],[-77.32697518480242,55.5330164088834],[-77.34980749783496,55.52958699835207],[-77.33620188844651,55.524023111687285],[-77.40213899251319,55.49846239792555],[-77.39850938517277,55.49659089703061],[-77.40492561190759,55.497958711878624],[-77.40172882127106,55.49619519846535],[-77.40534931398841,55.491976291559375],[-77.42000679688802,55.491526990820724],[-77.41694489709695,55.48972849065978],[-77.42891770030135,55.48487280819738],[-77.4276095764474,55.478688505470586],[-77.45747341654902,55.46766998911183],[-77.46211830879034,55.464168293916366],[-77.46015732104948,55.45925218998261],[-77.48984739011162,55.43830641110698],[-77.54544678351505,55.40880068926447],[-77.55109999685807,55.4030891876568],[-77.54890428689608,55.39876749940907],[-77.55576599099697,55.39784809479888],[-77.55257851193758,55.39593820780607],[-77.56186389313496,55.39627289291803],[-77.58288388757819,55.38201570401633],[-77.59129742105623,55.387025396649484],[-77.60442659574794,55.38606750973314],[-77.61628482481599,55.37743429436008],[-77.63367170079192,55.37596350069363],[-77.6236866748662,55.383446077250206]]}},{"type":"Feature","properties":{},"geometry":{"type":"LineString","coordinates":[[-77.30148202295821,55.55724969016346],[-77.30209218750464,55.5569205552425]]}},{"type":"Feature","properties":{},"geometry":{"type":"LineString","coordinates":[[-77.23102782944092,55.596341668065364],[-77.22858078645419,55.594407407588164],[-77.22921671467893,55.589827408904135],[-77.23303070625178,55.59333709525674],[-77.25288799145656,55.57765790649923],[-77.28558797736775,55.56582325522862]]}},{"type":"Feature","properties":{},"geometry":{"type":"LineString","coordinates":[[-77.19810189538225,55.619602958802275],[-77.2008473086743,55.611714713642314],[-77.22039082613762,55.60385642606636]]}},{"type":"Feature","properties":{},"geometry":{"type":"LineString","coordinates":[[-77.19547921183563,55.621455814498944],[-77.19698952565422,55.620388818228605]]}},{"type":"Feature","properties":{},"geometry":{"type":"LineString","coordinates":[[-77.18871179265486,55.62623681493532],[-77.19117634854054,55.62449567219683]]}},{"type":"Feature","properties":{},"geometry":{"type":"LineString","coordinates":[[-77.11385527161404,55.674691590805416],[-77.11491659708372,55.667703993105604],[-77.12330018725615,55.661341404192235],[-77.13694216628605,55.658452186789894]]}},{"type":"Feature","properties":{},"geometry":{"type":"LineString","coordinates":[[-77.10881788852203,55.70567587023088],[-77.10454370330594,55.70926070831411],[-77.10621138412735,55.71947969766443],[-77.07760850875485,55.71922069988597],[-77.08274290678312,55.70897539228216],[-77.09211900517828,55.703814642297324]]}},{"type":"Feature","properties":{},"geometry":{"type":"LineString","coordinates":[[-76.88482407098532,55.909537665502064],[-76.89433439359291,55.89174330892034],[-76.92373251083662,55.87779231305908],[-76.92620448514833,55.87159418893203],[-76.93303637504229,55.871989509335364],[-76.93696470713286,55.86851539869529],[-76.93460111713046,55.86491641023431],[-76.94020129424014,55.866896300961855],[-76.9392024825533,55.86125658659753],[-76.96118020147277,55.847767007194506],[-76.95644448035304,55.835438291359374],[-76.96930681964545,55.836009498098754],[-76.97898470494852,55.82764041237302],[-76.96213152296741,55.82227849571183],[-76.99390870528688,55.823197296920405],[-76.99245548413305,55.81540280997801],[-76.99999998322731,55.80518300203706],[-77.0771025067613,55.752793591829146],[-77.0679688211491,55.752380996579745],[-77.06708958480138,55.748049505663396],[-77.08786612192539,55.7476855945201],[-77.10774027548027,55.72617270664017],[-77.11929747931939,55.72368480546297],[-77.13269760362803,55.70988009982383],[-77.18180294482198,55.68229387852254]]}},{"type":"Feature","properties":{},"geometry":{"type":"LineString","coordinates":[[-76.86157765158092,55.922604801562535],[-76.85789281134137,55.91868099229883],[-76.87361546291606,55.91583818018097]]}},{"type":"Feature","properties":{},"geometry":{"type":"LineString","coordinates":[[-76.79784541954723,55.9936085907177],[-76.79844128054044,55.98305299683643],[-76.80741010140369,55.982054796582645],[-76.80117969106509,55.97789969108316],[-76.81174757979373,55.96174799595767],[-76.80807881667451,55.95811110392386],[-76.82281789841419,55.94914209104607],[-76.83018692300476,55.92985449713709],[-76.85731004226943,55.92500368418424]]}},{"type":"Feature","properties":{},"geometry":{"type":"LineString","coordinates":[[-76.5281015635499,56.381480053084516],[-76.53011620239917,56.37202244445907]]}},{"type":"Feature","properties":{},"geometry":{"type":"LineString","coordinates":[[-76.5230481593281,56.46345887367186],[-76.51862466867122,56.45889828509019],[-76.52011031629729,56.45103181754944]]}},{"type":"Feature","properties":{},"geometry":{"type":"LineString","coordinates":[[-78.51606220927752,58.96199242240803],[-78.54060898955665,58.95336835449256],[-78.53809049539377,58.943355135836164]]}},{"type":"Feature","properties":{},"geometry":{"type":"LineString","coordinates":[[-78.12173695678666,60.801822624287965],[-78.07270221338973,60.815916406206796],[-78.08097129958398,60.80681172682835]]}},{"type":"Feature","properties":{},"geometry":{"type":"LineString","coordinates":[[-78.19083292334696,60.807285151563775],[-78.18011998237318,60.80992690904719],[-78.18366637101228,60.801865708949805],[-78.19472110189805,60.79729750816264]]}},{"type":"Feature","properties":{},"geometry":{"type":"LineString","coordinates":[[-78.18744887457157,60.81597782654678],[-78.171894881927,60.81945669837333],[-78.18918400914505,60.811520751043396]]}},{"type":"Feature","properties":{},"geometry":{"type":"LineString","coordinates":[[-77.99221124309716,62.396470445000034],[-78.03029153297165,62.36959388621466],[-78.062509351048,62.369309773781005]]}},{"type":"Feature","properties":{},"geometry":{"type":"LineString","coordinates":[[-64.72193419329834,60.36418412841527],[-64.73124178800752,60.36668618992715]]}},{"type":"Feature","properties":{},"geometry":{"type":"LineString","coordinates":[[-78.88582336321362,52.98067043707823],[-78.85958582717697,52.9778252494942]]}},{"type":"Feature","properties":{},"geometry":{"type":"LineString","coordinates":[[-79.71107097457042,54.652911588793685],[-79.714943657187,54.65290206192351]]}},{"type":"Feature","properties":{},"geometry":{"type":"LineString","coordinates":[[-79.67595815759641,54.66150734396514],[-79.68020228573954,54.66164530824616],[-79.6777726396618,54.664657010906886]]}},{"type":"Feature","properties":{},"geometry":{"type":"LineString","coordinates":[[-79.67812624421629,54.66527081503147],[-79.68712938877131,54.66412928855676],[-79.68468750115208,54.65888309269239],[-79.69432160232947,54.66099830282474],[-79.69237400996089,54.65542700269598],[-79.706019434934,54.65292401567372]]}},{"type":"Feature","properties":{},"geometry":{"type":"LineString","coordinates":[[-77.69068059111011,58.25453793071266],[-77.66832434799994,58.24517281875531]]}},{"type":"Feature","properties":{},"geometry":{"type":"LineString","coordinates":[[-77.9421131534955,58.33310894360608],[-77.80786902164604,58.29871272423543],[-77.77270286460983,58.28175602935592],[-77.72509031281403,58.267867230517815]]}},{"type":"Feature","properties":{},"geometry":{"type":"LineString","coordinates":[[-78.62283216527311,58.61525390766613],[-78.6070407058376,58.59668674223192],[-78.45665442599994,58.54276246046147]]}},{"type":"Feature","properties":{},"geometry":{"type":"LineString","coordinates":[[-78.61372748937265,58.639740415758205],[-78.61957981577626,58.629530562503305]]}},{"type":"Feature","properties":{},"geometry":{"type":"LineString","coordinates":[[-78.62942568590094,58.782352308269296],[-78.6395827863091,58.772777389352655]]}},{"type":"Feature","properties":{},"geometry":{"type":"LineString","coordinates":[[-78.22374512659576,60.81344375226291],[-78.22394343651817,60.81313711100006]]}},{"type":"Feature","properties":{},"geometry":{"type":"LineString","coordinates":[[-77.85016760210644,46.20796968597871],[-77.849222447689,46.222009367982125],[-77.8558806398961,46.232450321314026],[-77.84812236038329,46.24734802151381],[-77.85485413875315,46.26552633605927],[-77.85368412599063,46.27734836210368],[-77.84193451536075,46.287574744379555],[-77.84673897478683,46.29574027077596],[-77.84131386570989,46.29899672728045],[-77.83916716128692,46.31477532810386],[-77.82639744480505,46.3226250119631],[-77.82627243182954,46.33303236220391],[-77.80420654224008,46.36295091400811],[-77.77480556116923,46.37268138326456],[-77.76999440149763,46.38767802968349],[-77.75335364109893,46.39463602274345],[-77.74175230222872,46.40555833078246],[-77.7655955333144,46.430422687261654],[-77.7598711912124,46.4404140088409],[-77.77635986178417,46.45285267519157],[-77.76470348075433,46.47332266415303],[-77.75942622391943,46.496043562899814],[-77.76106095277359,46.511979800097265],[-77.77604314156387,46.517883382250695],[-77.78476027237483,46.52722072216514],[-77.76800317585838,46.537966204516664],[-77.78073916808374,46.54914395221701],[-77.78939039016227,46.570988841364795],[-77.77430757718645,46.58467908723244],[-77.79315719956371,46.60955774540941],[-77.83282643589776,46.62284136946358],[-77.85623380417127,46.64083915637616],[-77.86192463667409,46.656522124783464],[-77.85142912710317,46.66402340458412],[-77.85280034783612,46.66876330440562],[-77.83427200288573,46.67957461135356],[-77.83773858251935,46.69604123502195],[-77.81748510524555,46.70996520229627],[-77.82880681166593,46.720954108328606],[-77.82466658307705,46.72336830948897],[-77.82913050108105,46.73306880718082],[-77.82489588695708,46.738605909502475],[-77.83347680385192,46.75703918870495],[-77.82903449721897,46.76004180064549],[-77.8322270081043,46.76262270961098],[-77.82868889040071,46.7646251023113],[-77.82691708950603,46.759112706941416],[-77.82501500841526,46.76375900731083],[-77.8383238042089,46.77356341089968],[-77.83178911266629,46.77725619611955],[-77.83741420679706,46.791827996640166],[-77.82960948321966,46.802552899209566],[-77.83678128015245,46.80805610927021],[-77.8210798112726,46.80680811048268],[-77.82062520692006,46.82142360725682],[-77.84114359198796,46.8317288878559],[-77.82635120469546,46.82349860043212],[-77.82738630281015,46.81762980596342],[-77.84590440217211,46.81922180301662],[-77.84830978406251,46.812167307613024],[-77.85249009192701,46.81373728676711],[-77.84922060479488,46.82081120504296],[-77.85610431162364,46.82198029715479],[-77.85496029891463,46.81817929846732],[-77.85792959202614,46.82419880740456],[-77.863489693298,46.81964340979323],[-77.8760414035516,46.824639210835024],[-77.88318959971122,46.82176408739193],[-77.89517868955224,46.82975139691395],[-77.8891726104183,46.82863690726454],[-77.89147051504031,46.831325907223],[-77.89087290559223,46.83306049911133],[-77.8781139872267,46.82778109559689],[-77.87527358427685,46.830505192269236],[-77.88867498967988,46.8367937870347],[-77.88452900744338,46.837176893628246],[-77.89232080706131,46.84394670562386],[-77.89499429168474,46.84946489067182],[-77.88976789934314,46.848161089655626],[-77.89486840781785,46.85524229718843],[-77.88577498662214,46.85707998801336],[-77.88188840893656,46.863541496221856],[-77.88401069067494,46.879259606008056],[-77.87913850445203,46.88266509654535],[-77.8876859024307,46.88796860247787],[-77.85908389915984,46.92035690599174],[-77.85782419638134,46.94064959157483],[-77.85100751063342,46.93962371383137],[-77.84539961636463,46.928642307390696],[-77.8437145151652,46.90589230325129],[-77.85079687985957,46.89154960819298],[-77.84823761960948,46.87163469655394],[-77.84373950467486,46.87169670540442],[-77.8484926022795,46.882337612588394],[-77.83384149658784,46.92592571185693],[-77.84270870342196,46.94077401126939],[-77.8433058891017,46.95729319757621],[-77.83610149009607,46.96610380045927],[-77.84190579707423,46.96908569897707],[-77.84538509908784,46.98623678761884],[-77.84473889034719,46.99506959840091],[-77.82834590929679,47.014827804395935],[-77.83434310656756,47.013741494681724],[-77.82803748986171,47.0283797050218],[-77.84351808519388,47.014551792235736],[-77.84700868393341,47.00533459820068],[-77.85045730705028,47.01745690584344],[-77.84501838230979,47.03972359558075],[-77.83309610675826,47.04553961259809],[-77.83805589982572,47.052831601932844],[-77.82800598245494,47.059983599661415],[-77.82783450125967,47.07799569150503],[-77.84162380157649,47.0958811915136],[-77.85037768857256,47.0971906993601],[-77.84046084853736,47.10156975657084],[-77.84732370167173,47.10511631285722],[-77.84270079569777,47.11042429185335],[-77.8465077114726,47.11559730725833],[-77.84155299935489,47.11980260504826],[-77.84550910846225,47.12303079031503],[-77.84526670648451,47.14164639726767],[-77.85386367978502,47.14634000248179],[-77.8471329837221,47.14975690901649],[-77.85627578908696,47.16755100679632],[-77.84939950899222,47.17833739661608],[-77.85155830063441,47.19945248812717],[-77.85725671707381,47.20758939342361],[-77.85724060352372,47.23334490199106],[-77.87089009246633,47.24270637160548],[-77.90113489398925,47.242585986806716],[-77.91847549237929,47.25332960604246],[-77.91497820123628,47.25843748932392],[-77.92566429607957,47.267651791785816],[-77.9291119953638,47.26365959719658],[-77.93121710396359,47.26968759862866]]}},{"type":"Feature","properties":{},"geometry":{"type":"LineString","coordinates":[[-78.40347142936616,46.29338829992327],[-78.37871252706637,46.28794052694979],[-78.34404809839951,46.266234490588594],[-78.30958080965141,46.253169020894454],[-78.2604905485332,46.273944035448594],[-78.23969514085545,46.27501142708254],[-78.21972729246895,46.27005367369028],[-78.17022177346979,46.27630181932132],[-78.13514278616645,46.2747279869156],[-78.11731938043938,46.263674791861405],[-78.05592691898809,46.24388373820407],[-77.98798594533623,46.24656224481339],[-77.9268091552824,46.224098984557564],[-77.85016760210644,46.20796968597871]]}},{"type":"Feature","properties":{},"geometry":{"type":"LineString","coordinates":[[-79.51748589338357,47.92687405632329],[-79.51782316348049,47.5583218750396],[-79.51058748250864,47.540776715516515],[-79.553231731127,47.511193534515954],[-79.56072907902737,47.47766544280104],[-79.58467726587651,47.45063322357643],[-79.58687808419494,47.433114959059424],[-79.58103436137523,47.41511401000506],[-79.54845127046606,47.37565278926365],[-79.42684265021022,47.25006924017585],[-79.42655002439773,47.23682187761272],[-79.43748171174802,47.219266205430564],[-79.43196948534236,47.17998594178848],[-79.44219343017821,47.13850916989725],[-79.44299286097316,47.100997103749854],[-79.43498594045886,47.08422994198882],[-79.37674627312627,47.028854738894694],[-79.34679918327954,47.00785849338939],[-79.33753040750094,46.97092472682178],[-79.32966575029464,46.95718677808061],[-79.27683105909121,46.89525826817726],[-79.23875242832393,46.86260307689783],[-79.22365823163797,46.84265535618931],[-79.21400810871309,46.83323556220618],[-79.17082153696381,46.82521851189224],[-79.14314277502821,46.78604163109886],[-79.12113641164808,46.73441798551108],[-79.10070307654118,46.7115699668487],[-79.09432289146407,46.68829571380754],[-79.07187724239354,46.664172248692616],[-79.01525073914887,46.62685229386751],[-79.00916768006547,46.60440605182358],[-78.99567133092636,46.5908985210625],[-78.9972065946978,46.56594234340509],[-78.98987072497225,46.54885552771125],[-78.89272200030162,46.46191530950765],[-78.85276143337191,46.44111906613718],[-78.81130713836778,46.426586736301054],[-78.75817641331344,46.39342597716149],[-78.72710717255603,46.38287269303601],[-78.72250743191253,46.3708402304739],[-78.7282312630482,46.342338688094415],[-78.71149559751912,46.326007542711146],[-78.69727255670341,46.31974154268025],[-78.59705837404276,46.31885264133571],[-78.50333898844264,46.29501832116896],[-78.40347142936616,46.29338829992327]]}},{"type":"Feature","properties":{},"geometry":{"type":"LineString","coordinates":[[-79.51755831207588,48.60809256261525],[-79.51748589338357,47.92687405632329]]}},{"type":"Feature","properties":{},"geometry":{"type":"LineString","coordinates":[[-79.51805788248967,49.008060579912446],[-79.51745640380084,48.772497228419056]]}},{"type":"Feature","properties":{},"geometry":{"type":"LineString","coordinates":[[-73.67547172572468,45.55730426473934],[-73.73562502630696,45.52932375716189]]}},{"type":"Feature","properties":{},"geometry":{"type":"LineString","coordinates":[[-73.66678829438492,45.576223984803576],[-73.67547172572468,45.55730426473934]]}},{"type":"Feature","properties":{},"geometry":{"type":"LineString","coordinates":[[-73.64533369916435,45.5648188880184],[-73.66678829438492,45.576223984803576]]}},{"type":"Feature","properties":{},"geometry":{"type":"LineString","coordinates":[[-73.62177172942422,45.55504935054625],[-73.64533369916435,45.5648188880184]]}},{"type":"Feature","properties":{},"geometry":{"type":"LineString","coordinates":[[-73.64816903230108,45.53142604804435],[-73.63615599627289,45.54826414139103],[-73.62177172942422,45.55504935054625]]}},{"type":"Feature","properties":{},"geometry":{"type":"LineString","coordinates":[[-73.75568305275553,45.50640605060654],[-73.72892075405024,45.5160523807895],[-73.73594027043742,45.52077097568547],[-73.72149513505694,45.52672082500266],[-73.70912470456176,45.523218321956136],[-73.66654484116631,45.535726475072664],[-73.64816903230108,45.53142604804435]]}},{"type":"Feature","properties":{},"geometry":{"type":"LineString","coordinates":[[-73.76370986734202,45.511898138256306],[-73.75568305275553,45.50640605060654]]}},{"type":"Feature","properties":{},"geometry":{"type":"LineString","coordinates":[[-73.73562502630696,45.52932375716189],[-73.76370986734202,45.511898138256306]]}},{"type":"Feature","properties":{},"geometry":{"type":"LineString","coordinates":[[-73.62576150125375,45.691840034081125],[-73.63472269852728,45.68989074987833]]}},{"type":"Feature","properties":{},"geometry":{"type":"LineString","coordinates":[[-73.56478166591376,45.698269365611054],[-73.59831216934525,45.689334880593314],[-73.62115175198755,45.69284276966982]]}},{"type":"Feature","properties":{},"geometry":{"type":"LineString","coordinates":[[-73.71654435037445,45.5925623715344],[-73.69842919377272,45.57594664296365]]}},{"type":"Feature","properties":{},"geometry":{"type":"LineString","coordinates":[[-73.74979547826445,45.658465636613265],[-73.72638026455084,45.63255519292839],[-73.74465413401026,45.6197771863353],[-73.71654435037445,45.5925623715344]]}},{"type":"Feature","properties":{},"geometry":{"type":"LineString","coordinates":[[-73.64746464969743,45.68929754099644],[-73.66175341377709,45.69189452034526]]}},{"type":"Feature","properties":{},"geometry":{"type":"LineString","coordinates":[[-73.6218799508397,45.636304849701766],[-73.53985500279917,45.67852479184599],[-73.52387253251813,45.699223191611324]]}},{"type":"Feature","properties":{},"geometry":{"type":"LineString","coordinates":[[-73.52387253251813,45.699223191611324],[-73.52437264816045,45.6992604164578]]}},{"type":"Feature","properties":{},"geometry":{"type":"LineString","coordinates":[[-73.68400175435801,45.56310434332608],[-73.67547172572468,45.55730426473934]]}},{"type":"Feature","properties":{},"geometry":{"type":"LineString","coordinates":[[-73.66678829438492,45.576223984803576],[-73.64035570078433,45.612183181846234]]}},{"type":"Feature","properties":{},"geometry":{"type":"LineString","coordinates":[[-74.50163287622233,45.91157773952259],[-74.70853984816121,45.93180182963722],[-74.69821608530039,45.971781128675026],[-74.76340464565325,45.972956328473124],[-74.7641737589662,45.945355464457506],[-74.80218068167008,45.94410205204954],[-74.80090658784816,45.958896949579206],[-74.80760971108991,45.95927851443409],[-74.80734811956827,45.97328958347862],[-74.83135521871033,45.97354184388301],[-74.83183063588844,46.00258246932854],[-74.83684656235644,46.002545685958694],[-74.83720791585957,46.01739231268068],[-74.85798974004707,46.016677799533454],[-74.85894223403928,46.06320814534874],[-74.94093017592633,46.061844242743724],[-74.93998378109036,46.106160010291454],[-75.08990400196714,46.10325026790393],[-75.07558743404951,46.21612289169663],[-75.11746579238594,46.215936681269454],[-75.11807455418403,46.18311555391784],[-75.138288936382,46.18287754327536],[-75.13842738588195,46.157633079087354],[-75.15538370845947,46.15755385926922],[-75.15635312484132,46.131804688092174],[-75.17849264494734,46.132497497836],[-75.17978973426821,46.10339345654595],[-75.21120015917114,46.104029218127486],[-75.21122263561699,46.09800111552024],[-75.40765792862717,46.09713872655826],[-75.40733497716491,45.97240418250541],[-75.60045892817925,45.97160702362793],[-75.60167351564898,45.994786617382154],[-75.62214942800813,45.994633913555845],[-75.62228763267024,45.98284715033373],[-75.66200293308742,45.982136795905305],[-75.66907789034997,45.97031857215795],[-75.73350491266348,45.970096964353274],[-75.74417764967204,45.975004844642996],[-75.76426539349558,45.95867610139843],[-75.77619637381495,45.959535276528186],[-75.78036087456417,45.96423073436401]]}},{"type":"Feature","properties":{},"geometry":{"type":"LineString","coordinates":[[-74.20841934750331,45.686962002719255],[-74.2039118036502,45.705076089709685],[-74.33327511663653,45.74008302308401],[-74.53645190237492,45.76357706901448],[-74.52982268530705,45.80551845452415],[-74.52164034424287,45.82129545987588],[-74.50163287622233,45.91157773952259]]}},{"type":"Feature","properties":{},"geometry":{"type":"LineString","coordinates":[[-74.27847570286141,45.527650934177196],[-74.27480032950886,45.54490043088062],[-74.26735170771585,45.545515936887874],[-74.26294448471603,45.55148598695273],[-74.24090006309353,45.55182573725987],[-74.22282795279307,45.62598456631447],[-74.26752011566217,45.63230422754669],[-74.2629697322975,45.649410986369496],[-74.24536240273467,45.64693137121686],[-74.24935879985155,45.664194582283756],[-74.26556699594167,45.681740385655374],[-74.25375115521746,45.688202412142815],[-74.2491483843664,45.68327151056559],[-74.24009105460175,45.68713615743396],[-74.2418798661537,45.69626568710786],[-74.23523183264648,45.696920764822366],[-74.22625993983182,45.68732185515221],[-74.22347893755918,45.699373418101665],[-74.21547223530054,45.70023516186606],[-74.21168590658452,45.700006279711864],[-74.21455199081741,45.68684902314556],[-74.20841934750331,45.686962002719255]]}},{"type":"Feature","properties":{},"geometry":{"type":"LineString","coordinates":[[-74.38087638693005,45.5659044334263],[-74.3720195230065,45.56082621837525]]}},{"type":"Feature","properties":{},"geometry":{"type":"LineString","coordinates":[[-75.48178314876837,45.51227021046473],[-75.44540843963655,45.521110481836985],[-75.39104194093353,45.52417785250101],[-75.34251440313747,45.53698399305122],[-75.23641109496477,45.586878821150755],[-75.20531642630117,45.586853352546086],[-75.17354723552167,45.576993073535085],[-75.12787132631098,45.57674993137289],[-75.08095317935386,45.589708104132406],[-75.03546627068307,45.59380818812366],[-74.98897970005775,45.61078484579282],[-74.94921690222824,45.64018775883529],[-74.93287682972574,45.64550088500301],[-74.83518289615544,45.635821568099956],[-74.78635847479585,45.63879796773118],[-74.72408176890852,45.62805943796843],[-74.63589231974714,45.63854914056897],[-74.6098974583922,45.622703293803646],[-74.53511006028143,45.594832517369085],[-74.47519029895396,45.59439450015163],[-74.4361479370873,45.57283319016003],[-74.38087638693005,45.5659044334263]]}},{"type":"Feature","properties":{},"geometry":{"type":"LineString","coordinates":[[-75.54243625159363,45.48956598259541],[-75.48178314876837,45.51227021046473]]}},{"type":"Feature","properties":{},"geometry":{"type":"LineString","coordinates":[[-75.68369102358659,45.55057687629664],[-75.67754388550006,45.50732896073204],[-75.5517610624577,45.51406194415878],[-75.52918259023143,45.5216010841021],[-75.5280755595216,45.514146727951676],[-75.580975139488,45.49952357423048],[-75.58048909263782,45.49133283631905],[-75.57063221217909,45.49166009798491],[-75.55989319100797,45.49963480861908],[-75.56517330313122,45.49218239009291],[-75.54440899296948,45.494717687548224],[-75.54243625159363,45.48956598259541]]}},{"type":"Feature","properties":{},"geometry":{"type":"LineString","coordinates":[[-75.78036087456417,45.96423073436401],[-75.78560258730259,45.961863492263],[-75.79233902061351,45.977948390216305],[-75.78554110858344,45.97969658873647],[-75.79244069621456,45.98313160447437],[-75.78941339113861,45.980656507946016],[-75.79242470987313,45.97932550671368],[-75.79293810162561,45.97447891062486],[-75.79767578863051,45.97536289170278],[-75.79003241463374,45.968585395541815],[-75.79358069626214,45.9614901859862],[-75.78792538300358,45.96183299623646],[-75.7744930207268,45.949106691692165],[-75.76628370013646,45.94953120785765],[-75.76343149538923,45.94575179570123],[-75.7687580132482,45.944796309818095],[-75.76842528397253,45.94068209415711],[-75.75680888323072,45.93750289804095],[-75.73797949816851,45.91403871174044],[-75.73649131521226,45.825335661939626],[-75.72481727444469,45.78454714888913],[-75.83201540418622,45.77723160008316],[-75.81597847185151,45.622017342278475],[-75.73497030552261,45.62756879162906],[-75.73477346070227,45.63640364379072],[-75.69856962194534,45.639090272690375],[-75.68369102358659,45.55057687629664]]}},{"type":"Feature","properties":{},"geometry":{"type":"LineString","coordinates":[[-74.34765367087242,45.53001921832928],[-74.33537803473814,45.51078813200577],[-74.30837876319065,45.50478787275242]]}},{"type":"Feature","properties":{},"geometry":{"type":"LineString","coordinates":[[-70.26788339036425,46.221009290283824],[-70.28667576135719,46.23709934488919],[-70.33982872574938,46.217897051573196],[-70.3492029739776,46.2277649631057],[-70.37223993863753,46.21257360120521],[-70.42070469311628,46.25125929433984],[-70.44864642163076,46.250627492243716],[-70.44112421587897,46.25603095534673],[-70.46750347996722,46.27528495512079],[-70.49160739109043,46.25966300951921],[-70.51136199064473,46.2546512097546],[-70.51474740570613,46.255550495260664],[-70.51178768037994,46.25747573843409],[-70.51717193808045,46.26375733045767],[-70.51339040632956,46.26266438714454],[-70.51239009830567,46.26985639213876],[-70.50513663226202,46.27274778481102],[-70.54060040113269,46.30088401275692],[-70.51157800711702,46.32048398456838],[-70.66213223772031,46.42451097481685],[-70.6888124067033,46.40707937577306],[-70.72353217484635,46.434710414546835],[-70.69563718808605,46.456291452700796],[-70.74398111289264,46.49390979017466],[-70.7541898570807,46.48712330810968],[-70.7681569262201,46.49207039829491],[-70.81383802740353,46.52836043689779],[-70.83673900931339,46.51343587003422],[-70.86439081464476,46.54063198518703],[-70.87656999373928,46.53559179558155],[-70.92323986501452,46.57778952555814],[-70.9489347338392,46.582179954630675],[-70.96096421177614,46.593674970444376],[-70.99630023932178,46.585028274819095],[-71.04199751127464,46.590322600222834],[-71.0391901527374,46.60847699331801],[-71.0603648466645,46.613037508027766],[-71.04874269877463,46.62085584163788],[-71.07694020624953,46.628324554922806],[-71.08899715750246,46.63811520291807],[-71.08388681778682,46.64381214213821],[-71.09305439255883,46.64912061097496],[-71.11919407895917,46.63004361309434]]}},{"type":"Feature","properties":{},"geometry":{"type":"LineString","coordinates":[[-71.10495089607646,46.30920431335043],[-71.1211654937231,46.29784376852561],[-71.09822350521307,46.27781046298045],[-71.08271483731666,46.287710961002496],[-71.0783987565367,46.28449909429619],[-70.97912734495853,46.190655219651084],[-71.01339101514553,46.167952845549856],[-70.99391678273092,46.152999432483135],[-71.00654095016688,46.14359109098178],[-70.97013808155434,46.11589076765883],[-71.01262790655333,46.088586968745965],[-71.0085486255126,46.085623150397126],[-71.02369857340682,46.076431494548906],[-71.01242104161778,46.06704141355389],[-71.02523852689079,46.058015295666955],[-70.98856406770693,46.02398897323562],[-71.00201663334629,46.01058655815591],[-70.99036874604563,46.00485229899262],[-71.00729329451761,45.98778249370987],[-71.04649651826743,46.00634971450814],[-71.10680416382421,45.946097315780726],[-71.06892896928841,45.927407255608735],[-71.05867982752086,45.93791898561941],[-71.0053807319519,45.91112907870653],[-70.99913957287035,45.91706623511907],[-70.96817805666265,45.901046758890004],[-70.95011773902068,45.91584943413948],[-70.89585238307525,45.89077453810743],[-70.89842742877086,45.845812225135546],[-70.89259801355551,45.78006800304844],[-70.66371492150047,45.78202858255502],[-70.65277400170838,45.797209505707286],[-70.65586846824439,45.80186558067748],[-70.65173583895323,45.80277439694169],[-70.6316875863127,45.77890751511411],[-70.4995668606318,45.82706808289765],[-70.4712218405852,45.78892412281788],[-70.42183800488836,45.806789130190374],[-70.41382958704979,45.796099380907734]]}},{"type":"Feature","properties":{},"geometry":{"type":"LineString","coordinates":[[-71.11919407895917,46.63004361309434],[-71.1886956339099,46.5812141933478],[-71.1791166422013,46.56529625064628],[-71.15175992624266,46.56140022575907],[-71.19259677743055,46.53575263767691],[-71.21527623538219,46.54086038577592],[-71.19475162110959,46.52636826942168],[-71.21101584696959,46.51513272379149],[-71.19180202790164,46.50217955174403],[-71.22865961268819,46.481524953232366],[-71.15920893320545,46.41799031271672],[-71.13970915661783,46.38952469055197],[-71.11401763639707,46.372442166686945],[-71.11305130475544,46.36541406240143],[-71.10282243986167,46.35831128188161],[-71.14638695550154,46.341827797246424],[-71.10057942393746,46.309547260587145],[-71.10495089607646,46.30920431335043]]}},{"type":"Feature","properties":{},"geometry":{"type":"LineString","coordinates":[[-74.66503734957601,45.00832373548555],[-74.66856844811275,45.00435508043787]]}},{"type":"Feature","properties":{},"geometry":{"type":"LineString","coordinates":[[-73.98270371768974,44.99726365416871],[-73.98764967619222,45.03387740812994],[-73.99610470521762,45.040948717543166],[-73.93439193355917,45.080246442514515],[-73.90217189999034,45.094641695022254],[-73.89624900239431,45.08991715471538],[-73.87342907643111,45.103855301249624],[-73.95045159604558,45.162463450374915],[-73.90049096766062,45.20363891886528],[-73.86449177386069,45.212022806367166],[-73.85767168437854,45.21815650879328],[-73.86670707350174,45.22497967588516],[-73.86125267025682,45.233164820408575],[-73.85135647366647,45.22928702123812],[-73.81963033303406,45.275364312921724],[-73.82681415804537,45.278615877010594],[-73.81128906271285,45.31373553946889],[-73.8366215610701,45.33358443086672],[-73.8339068531257,45.338510580261016],[-73.8486186415769,45.34382751416582]]}},{"type":"Feature","properties":{},"geometry":{"type":"LineString","coordinates":[[-74.4213767234344,45.43979340306138],[-74.4383786184051,45.39379269233837]]}},{"type":"Feature","properties":{},"geometry":{"type":"LineString","coordinates":[[-74.00023865034892,45.33499613528139],[-74.09788124142304,45.37225674589021],[-74.24272823873103,45.38887224034911],[-74.23034754040391,45.43000581948308],[-74.32981665410632,45.44413534120381],[-74.33530524171248,45.45750663730317],[-74.4213767234344,45.43979340306138]]}},{"type":"Feature","properties":{},"geometry":{"type":"LineString","coordinates":[[-74.4383786184051,45.39379269233837],[-74.47191127919562,45.30273421056982],[-74.35459462597238,45.21374769329988]]}},{"type":"Feature","properties":{},"geometry":{"type":"LineString","coordinates":[[-71.14662494222996,46.88889136103505],[-71.1510650962428,46.89507487365022],[-71.16165364584543,46.89404373065941],[-71.16999200133306,46.902448340769006],[-71.17931516162275,46.896407355333125],[-71.20572235107433,46.897684321734936],[-71.2465392676577,46.87970421761656]]}},{"type":"Feature","properties":{},"geometry":{"type":"LineString","coordinates":[[-71.26250988636488,46.83547130063913],[-71.24258550947376,46.820652557407065],[-71.2365162323105,46.823872820566116],[-71.21872171441153,46.820690797459726]]}},{"type":"Feature","properties":{},"geometry":{"type":"LineString","coordinates":[[-71.2465392676577,46.87970421761656],[-71.25808215286523,46.86938981973183],[-71.25471995159425,46.86596232385755],[-71.24948439303827,46.868475466177536],[-71.23295991636662,46.85098019364171],[-71.26250988636488,46.83547130063913]]}},{"type":"Feature","properties":{},"geometry":{"type":"LineString","coordinates":[[-72.95884612798434,46.12825765538651],[-72.96580200154091,46.115121644704665],[-72.98567626473852,46.11135792904188]]}},{"type":"Feature","properties":{},"geometry":{"type":"LineString","coordinates":[[-72.4824313921269,46.366432867435826],[-72.52532430530061,46.33383175631331]]}},{"type":"Feature","properties":{},"geometry":{"type":"LineString","coordinates":[[-71.89168968172771,46.3266291623615],[-71.97459973867932,46.38672644501046],[-71.8811569381459,46.450752281893536],[-72.04815284527022,46.566193836405596]]}},{"type":"Feature","properties":{},"geometry":{"type":"LineString","coordinates":[[-72.3050741958103,46.03299314876357],[-72.22450871131404,46.08782050983144],[-72.21495380132816,46.08287416162901],[-72.21473219683313,46.097648761577325],[-72.19194378275874,46.10230791590377],[-72.19206995210622,46.09147818147562],[-72.1782819892618,46.10080322957692],[-72.17362317727682,46.0979144540969],[-72.17255118253931,46.105879750375294],[-72.14949972176096,46.110602627298896],[-72.14942399692683,46.1251902291907],[-72.16286569645801,46.12281265504007],[-72.16704173316332,46.165827375820996],[-72.17769696959586,46.16376142848581],[-72.17917065550924,46.17836150872022],[-72.21856026575558,46.17038542589934],[-72.21715097695385,46.195852361311076],[-72.20300200822835,46.191983976619994],[-72.19915142652573,46.19950977023033],[-72.18630307804844,46.194554603833495],[-72.18003487209495,46.20278768335883],[-72.18136887862327,46.20864994512489],[-72.16686524254646,46.213159086724254],[-72.17745465985743,46.220937523781245],[-72.11897542018238,46.26145408225963],[-72.10350790189945,46.250048227823996],[-72.0922547122469,46.25790519660551],[-72.07983579947019,46.251627683639846],[-72.05568373674292,46.26750156202001],[-72.06413615373961,46.27426656941156],[-72.0154990457143,46.305219611036264],[-72.02047747914958,46.309013239922855],[-72.005384664559,46.318985934193975],[-71.97492046282815,46.29468410418455],[-71.95922302587974,46.30469245029934],[-71.94480598708829,46.29295699377434],[-71.89168968172771,46.3266291623615]]}},{"type":"Feature","properties":{},"geometry":{"type":"LineString","coordinates":[[-72.85440222472474,45.87800280440603],[-72.83998949066645,45.89042839143163],[-72.83176998680315,45.88615008833125],[-72.79370561353096,45.906714330449915],[-72.75260547568199,45.943045991602865],[-72.8050159609089,45.98116607533666],[-72.79087698804494,45.99187156816025],[-72.80356349013442,45.99736271635669],[-72.80028374390685,46.01325459375911],[-72.76812002453481,46.00927584771207],[-72.73395050380734,46.03254214510161],[-72.65741939659003,46.00627866376926],[-72.61798575068862,46.02889454455761],[-72.6006046842316,46.01659623673761],[-72.59484186450875,46.02071493379261],[-72.58796255669,46.01612239661449],[-72.56670874515231,46.031741312125185],[-72.55178634639333,46.02106794277687],[-72.53303712163266,46.0384340471947],[-72.56460994393638,46.061741254200975],[-72.51762826373931,46.09757839022128],[-72.50860020330617,46.09689598822247],[-72.50745310300479,46.0846938059518],[-72.49174772293149,46.08040999207519],[-72.49829810960144,46.05381452200798],[-72.47890616394288,46.035400324895626],[-72.47067806783352,46.040178634360714],[-72.45836007649665,46.038081430820164],[-72.44023851293827,46.04729597216597],[-72.4309308685701,46.04224517717684],[-72.42031625945157,46.04640778665288],[-72.40954004696948,46.03827275369139],[-72.41080988869119,46.031952718684835],[-72.39700005708691,46.02303611563781],[-72.35444809059007,46.05879846797608],[-72.3050741958103,46.03299314876357]]}},{"type":"Feature","properties":{},"geometry":{"type":"LineString","coordinates":[[-73.1235938944655,45.81798008384614],[-73.1136044847406,45.83178517888782],[-73.1058103706228,45.83495374772883],[-73.10275390617532,45.85277998136365],[-73.08557885880221,45.84506374242706],[-73.06638502980461,45.89459622545061],[-73.05934054516158,45.88909418225283],[-73.03109284871834,45.906977263679764],[-73.01715166733881,45.89756576917497],[-73.01959364125156,45.89039321005222],[-73.00761059140946,45.88146108850877],[-73.0053841748531,45.88898611307774],[-72.98245232007355,45.8853944210354],[-72.96032357913067,45.88023203541772],[-72.96260108420279,45.87409989580259],[-72.93878250356285,45.868768094766985],[-72.9297071257798,45.88641428761776],[-72.90859714212964,45.88335440957664],[-72.89844129223778,45.90799327955565],[-72.85440222472474,45.87800280440603]]}},{"type":"Feature","properties":{},"geometry":{"type":"LineString","coordinates":[[-73.18577979351262,45.9843778348425],[-73.16487428582383,45.9688366172796],[-73.18342059605196,45.942147999749906],[-73.18810247095453,45.922826492934846],[-73.18749720725658,45.89199557482763],[-73.19171694315575,45.893297685758775],[-73.20387871012227,45.87540224063232],[-73.1235938944655,45.81798008384614]]}},{"type":"Feature","properties":{},"geometry":{"type":"LineString","coordinates":[[-73.17476742313428,46.01143304860805],[-73.18577979351262,45.9843778348425]]}},{"type":"Feature","properties":{},"geometry":{"type":"LineString","coordinates":[[-73.08445686872825,46.0668483506605],[-73.09425415661646,46.057257173623185],[-73.0976830538039,46.06209183355247],[-73.15140407462957,46.04783136888882],[-73.16357576266778,46.036571320514284],[-73.17300799382251,46.01672235510004]]}},{"type":"Feature","properties":{},"geometry":{"type":"LineString","coordinates":[[-73.02147943328566,46.11061195976915],[-73.04378191010234,46.107251839587214],[-73.05726855123434,46.09550360100763]]}},{"type":"Feature","properties":{},"geometry":{"type":"LineString","coordinates":[[-71.22206343269077,46.780571166228825],[-71.24455144747571,46.76572608013685]]}},{"type":"Feature","properties":{},"geometry":{"type":"LineString","coordinates":[[-70.88977295255961,46.90169220126672],[-71.00426412734926,46.849933768499895],[-71.08006240273659,46.839595156186995],[-71.15630842796958,46.84129037664146]]}},{"type":"Feature","properties":{},"geometry":{"type":"LineString","coordinates":[[-70.04645179985152,46.46419209571126],[-70.18974838248398,46.56364543054765],[-70.16304897260045,46.58179255291439],[-70.2964859905603,46.67665288181556],[-70.32419647101162,46.657879181576995],[-70.44489329856636,46.741545036826096],[-70.47975557056466,46.720135150766076],[-70.48049678511693,46.73014431230937],[-70.49093220170508,46.73224875499725],[-70.49361609998392,46.73708440252962],[-70.48975061425891,46.74008927521591],[-70.5038395259691,46.75060567829308],[-70.47448977925961,46.76276934484453],[-70.57908608532361,46.835637510308274],[-70.62797229701889,46.802116705925314],[-70.67925914150715,46.835301053851076],[-70.68519246722967,46.83478962869849],[-70.69187488091073,46.81818498071092],[-70.70370267000001,46.8063735865049],[-70.77118985753394,46.85527456068898],[-70.76791206146082,46.86056053178931],[-70.76225086923085,46.858116762958744],[-70.76746765891804,46.86179668645798],[-70.75601237134576,46.868232793048634],[-70.75966469269132,46.874000939540196],[-70.75418392553412,46.87759473918168],[-70.75905741694251,46.88099347302329],[-70.7524631895872,46.88515742719211],[-70.7937906320849,46.91572252164236]]}},{"type":"Feature","properties":{},"geometry":{"type":"LineString","coordinates":[[-71.25001572361866,46.76231044889084],[-71.2210906304216,46.74011416956693],[-71.19030129475587,46.74432213348219],[-71.17004879634683,46.73970801011701],[-71.1522070338542,46.74220930789752],[-71.12481252711144,46.7202087717092],[-71.14118463801194,46.7074943414744],[-71.1383168608124,46.70406342367048],[-71.13304032955782,46.707351621140326],[-71.13680561743726,46.6817136328851],[-71.12775848027414,46.68192631917926],[-71.12700225891376,46.66963400061941],[-71.15201152062,46.65238118804634],[-71.11919407895917,46.63004361309434]]}},{"type":"Feature","properties":{},"geometry":{"type":"LineString","coordinates":[[-71.24455144747571,46.76572608013685],[-71.25001572361866,46.76231044889084]]}},{"type":"Feature","properties":{},"geometry":{"type":"LineString","coordinates":[[-73.13021293720095,45.58920938884747],[-73.18564922037824,45.62964151724741],[-73.18473717719377,45.6211626301139],[-73.20126525035025,45.6332337026074],[-73.20666586890232,45.601265545959585],[-73.22220698768533,45.605725254103554],[-73.24337553390721,45.57130213270563],[-73.26513298241399,45.55844930968116]]}},{"type":"Feature","properties":{},"geometry":{"type":"LineString","coordinates":[[-73.07263307252862,45.47595263919825],[-73.06226821424455,45.4935655236013],[-73.07901790542736,45.50579882529984],[-73.06251202870364,45.53831090342134],[-73.10076657277483,45.568067001041555],[-73.10395433903396,45.55428766833721],[-73.13876544071925,45.57439824616032],[-73.13531311043354,45.589832178433646],[-73.13021293720095,45.58920938884747]]}},{"type":"Feature","properties":{},"geometry":{"type":"LineString","coordinates":[[-73.15968783039708,45.37766231510618],[-73.1552303520237,45.37907135393341],[-73.16213086688245,45.39212285568257],[-73.1203668195403,45.4031126202962],[-73.12532277151443,45.41485902272671],[-73.09733907351205,45.42251081906424],[-73.09512031375252,45.439294756865785],[-73.11793539914434,45.45889989421944],[-73.10005752735479,45.46596825175355],[-73.09383498630419,45.476806667625716],[-73.07953266512341,45.46556728219837],[-73.07263307252862,45.47595263919825]]}},{"type":"Feature","properties":{},"geometry":{"type":"LineString","coordinates":[[-73.30834339519771,45.40613116858158],[-73.27478241714587,45.38263068785457],[-73.25256864090986,45.38488602233514],[-73.22001828841651,45.36206320687955],[-73.22136268715892,45.37344378908565],[-73.21733996995015,45.37592623002834],[-73.20969688146829,45.37062303539699],[-73.17951337821786,45.39131533394204],[-73.15968783039708,45.37766231510618]]}},{"type":"Feature","properties":{},"geometry":{"type":"LineString","coordinates":[[-73.26513298241399,45.55844930968116],[-73.2317504277801,45.53506003076273],[-73.28044621068834,45.4650256672017],[-73.30531618112418,45.46157537204597],[-73.3129637121709,45.4494945048871],[-73.30751671071152,45.445967012009206],[-73.32936506228471,45.43706530390537],[-73.31145844411368,45.424788870368886],[-73.31587192074947,45.41134260034877],[-73.30834339519771,45.40613116858158]]}},{"type":"Feature","properties":{},"geometry":{"type":"LineString","coordinates":[[-72.70436044745269,46.424114523749395],[-72.72200473769311,46.43010896909099],[-72.76840070223315,46.46815261946471],[-72.77575551183259,46.4829491044828],[-72.77148126264336,46.52039148692194],[-72.77824006705782,46.5317145081276],[-72.77222982008729,46.53753084531475],[-72.78053080346739,46.541781675574164],[-72.7664290675061,46.54612514232371],[-72.87027765135723,46.62067622631557],[-72.85078989410071,46.633623665874765],[-72.89788174377658,46.66467750625157],[-72.8951786412571,46.667191882677635],[-72.88193042798805,46.659730999941736],[-72.85992757842284,46.663709749401335],[-72.87567715826795,46.675219681704306],[-72.87858620968005,46.67308255363957],[-72.90998038872135,46.72393817245279],[-72.9269601054985,46.733670235302974],[-72.995292811733,46.74553065923053],[-73.01134442499148,46.736219829408086],[-72.98820830124536,46.682859151520695],[-72.9875389408779,46.666792575295595],[-73.00034527807293,46.648617400407716],[-73.03331991295381,46.653612145431005],[-73.06370273867277,46.70627360884785],[-73.1096619043331,46.70422097181807],[-73.17913489491305,46.75094775781311],[-73.1706548348638,46.765199719994584],[-73.14479104771169,46.7708727089329],[-73.13300326476288,46.789044411066385],[-73.13345354478056,46.83254946565488],[-73.14321635816025,46.838989083459516],[-73.17001638559158,46.84692634667041],[-73.1832774488697,46.840314059421985],[-73.2024333988342,46.84207185384083],[-73.2269266985878,46.85347320387219],[-73.2291191338592,46.86391247809034],[-73.24862408374311,46.86703087476192],[-73.24421636090848,46.88247065257126],[-73.26380614654497,46.887039508826696],[-73.27390464968003,46.88715464764288],[-73.2760266747537,46.880646872436216],[-73.29081825816733,46.880814693774234],[-73.30731191747618,46.86964223910067],[-73.32664665360117,46.87983000559626],[-73.36402577069973,46.88828083004747],[-73.38066745800154,46.88887876205189],[-73.41073925089036,46.87984066300507],[-73.41971070922719,46.88532513890964]]}},{"type":"Feature","properties":{},"geometry":{"type":"LineString","coordinates":[[-72.61925263763777,46.295517091584706],[-72.702452648805,46.35555749766877],[-72.69067104264943,46.36594220812781],[-72.7397608242925,46.400746453666315],[-72.70436044745269,46.424114523749395]]}},{"type":"Feature","properties":{},"geometry":{"type":"LineString","coordinates":[[-73.39204338648773,45.90523480277795],[-73.34483386528495,45.87134436384388],[-73.38054090997915,45.84437045063326],[-73.39444497343045,45.84504591406865],[-73.38679593023271,45.83769307173316],[-73.39778114899855,45.82174213642702],[-73.39826693052518,45.81365708699518],[-73.40920481336583,45.816621913185294],[-73.40210714890554,45.80976134387592],[-73.41600521379328,45.795462412507206],[-73.40040556272716,45.78430011386748]]}},{"type":"Feature","properties":{},"geometry":{"type":"LineString","coordinates":[[-73.41971070922719,46.88532513890964],[-73.4420706145887,46.84339364763225],[-73.43101399022366,46.83055755251374],[-73.45389016775013,46.78373442281784],[-73.44477796890116,46.777352237719235],[-73.44143120706413,46.76645912853978],[-73.44312339288507,46.75196760632294],[-73.45085758270041,46.74604249282814],[-73.4627391911187,46.707099676054284],[-73.43756718261835,46.669811355373945],[-73.43569303781061,46.598631173267044],[-73.39909002915098,46.60074712281033],[-73.3614095581215,46.61815015233251],[-73.33765988659997,46.60347042392669],[-73.30303074802546,46.550620045764425],[-73.28319771800592,46.53343189867163],[-73.33336477810079,46.49844114566271],[-73.45538461710649,46.58621207164154],[-73.56293554524245,46.51784941883197],[-73.51799679122553,46.48753923104133],[-73.62217027809923,46.42890322800213],[-73.68253220386259,46.38917221429722],[-73.55617716365882,46.29996010085152],[-73.57410727713054,46.288326053274474],[-73.56849994292887,46.284361518302816],[-73.5767790613814,46.27851371122996],[-73.58065572931456,46.281485675760656],[-73.58939530258804,46.27516464208802],[-73.60005537206321,46.2828578465422],[-73.64048969311182,46.26589724397946],[-73.5672160714286,46.20367105182838],[-73.5597491863519,46.205258768275456],[-73.54850707539167,46.194607989006656],[-73.52367507639508,46.19471725800505],[-73.52627309372079,46.191111287511795],[-73.48797974287086,46.17744633203994],[-73.48116422938865,46.179661856675004],[-73.4794798203515,46.16778834795552],[-73.49036075387863,46.16726338728173],[-73.48254748643451,46.161120635845954],[-73.49361650056781,46.15281517603911],[-73.4865346884217,46.141349736660636],[-73.46561350739336,46.13752609192088],[-73.46530618937597,46.14259021873187],[-73.47411600471551,46.145959411483936],[-73.46464290760682,46.14835709043852],[-73.45644683627488,46.139049527973974],[-73.44509535462807,46.14113162199988],[-73.43493061626809,46.13097236653217],[-73.43540933584347,46.12524154782985],[-73.44588981068304,46.12561280563976],[-73.44570553872312,46.13397176178999],[-73.45995710896545,46.12974394327258],[-73.46864100698888,46.11479043557395],[-73.40399929685827,46.117761807863154],[-73.39982372965764,46.10637865310127],[-73.40265645661677,46.10453849120368],[-73.3974885329551,46.10082315390035],[-73.3962646219805,46.07893849764272],[-73.41288849019938,46.08322994401163],[-73.41164500856713,46.069541295312554],[-73.39477788505468,46.0683483940425],[-73.36433669345057,46.057384286931956],[-73.33038249286355,46.05833758908434],[-73.32033979111931,46.05058449561192],[-73.3203361492246,46.068441870274995],[-73.31517832021035,46.067136893634164],[-73.31515524806885,46.07699313838646],[-73.31212804915444,46.06084279701778],[-73.30367711411449,46.06935748715349],[-73.30334065736182,46.062656418784286],[-73.29692859849744,46.05980453890234],[-73.29063113956249,46.07400592760438],[-73.28233223905795,46.075288976421255],[-73.25811337114504,46.07187571308548],[-73.23370925904015,46.0550812161852],[-73.24439679632876,46.05291418661841],[-73.24939948484055,46.04580035179454],[-73.26135955549444,46.04496324378744],[-73.26857224310012,46.024288951580424],[-73.27266410480519,46.0249243124753],[-73.27948623513029,46.013334037987676],[-73.28577451668174,46.01293887411583],[-73.32194268873258,45.982365654522916],[-73.313372332054,45.976051265134494],[-73.33222061556464,45.963442393205376],[-73.32884749741243,45.952721106131065],[-73.35093385669296,45.96848963873512],[-73.36027450186896,45.96186738448433],[-73.35110273326072,45.95437935850889],[-73.36077101457948,45.95117648651189],[-73.3596615755651,45.94550455106989],[-73.366619632982,45.93955109899654],[-73.36021462220647,45.93523909031391],[-73.39204338648773,45.90523480277795]]}},{"type":"Feature","properties":{},"geometry":{"type":"LineString","coordinates":[[-73.20832071156657,45.95546966185868],[-73.18577979351262,45.9843778348425]]}},{"type":"Feature","properties":{},"geometry":{"type":"LineString","coordinates":[[-73.35402899434345,45.7908324846603],[-73.30861593079509,45.81372868049215],[-73.28624442312665,45.83613601142021]]}},{"type":"Feature","properties":{},"geometry":{"type":"LineString","coordinates":[[-73.60888439447662,45.60846706725752],[-73.60171417109271,45.611918820768516],[-73.62332461588517,45.633786274331975]]}},{"type":"Feature","properties":{},"geometry":{"type":"LineString","coordinates":[[-73.64533369916435,45.5648188880184],[-73.60888439447662,45.60846706725752]]}},{"type":"Feature","properties":{},"geometry":{"type":"LineString","coordinates":[[-72.1463752564503,45.4283221091889],[-72.1841620224455,45.42801653191378],[-72.18404276250521,45.447229423305345],[-72.23762712241499,45.44976447347838],[-72.2488518913285,45.374648558113265],[-72.46302090620776,45.37517819925236],[-72.46271137800886,45.30743532609326],[-72.58799365784905,45.307314950437444],[-72.58753600304915,45.319049586083196],[-72.61212188700888,45.32118961466759],[-72.62492052343612,45.32682519579796],[-72.62150221524394,45.3333250647082],[-72.66686445320305,45.35215420955261],[-72.66747671315355,45.33785254238131],[-72.762055604039,45.341435816392234],[-72.76400175642215,45.328795506005775],[-72.77380840075406,45.32871106546877],[-72.77366812463292,45.31366787618823],[-72.78408763248108,45.313645712450935],[-72.78442261620167,45.299864223649465],[-72.85072678095013,45.29898914223169],[-72.8537323399521,45.28464612594354],[-72.87625836333791,45.28444057600196],[-72.88237840955054,45.264552970384486],[-72.9125487856221,45.28663257408461],[-72.91268485258949,45.29030347216929],[-72.90576335235265,45.287760087563065],[-72.92318342147802,45.29994127663086],[-72.93025570876469,45.29954013053038],[-72.98995359169272,45.34180552047164],[-72.98922795794219,45.33405728464058],[-72.99481315550445,45.337566778255024]]}},{"type":"Feature","properties":{},"geometry":{"type":"LineString","coordinates":[[-72.10531663198087,45.38522883990703],[-72.1255726102379,45.3865708544555],[-72.1265316673729,45.380853214250045],[-72.1443569016388,45.38146584219267],[-72.14095217895061,45.4097749163701],[-72.1463752564503,45.4283221091889]]}},{"type":"Feature","properties":{},"geometry":{"type":"LineString","coordinates":[[-72.23773292850625,45.004769668737985],[-72.24893759604244,45.018908569093114],[-72.24702583735544,45.031000169702104],[-72.27207365691095,45.057014055157886],[-72.2806940377691,45.07723240435661],[-72.28180958881786,45.096992697011096],[-72.27136292089456,45.13945354467336],[-72.24884447049423,45.16187100213822],[-72.10161532935474,45.16087023981955],[-72.10316811636878,45.27349807090517],[-72.08393387192459,45.279948369941096],[-72.05748082936648,45.27965970535262],[-72.04901401147038,45.285950465807424],[-72.0427002947297,45.299749768169924],[-72.10883727713177,45.30152115581448],[-72.10531663198087,45.38522883990703]]}},{"type":"Feature","properties":{},"geometry":{"type":"LineString","coordinates":[[-72.99481315550445,45.337566778255024],[-73.00964986476095,45.33752495535076],[-73.01035540739288,45.33015488892507],[-73.0488601910324,45.325315622074456],[-73.04781630845983,45.311255975183265],[-73.01428159157258,45.28935254937572],[-73.01614943009618,45.272228038930784],[-73.04608504512558,45.29274214409702],[-73.04988026271482,45.26705356585922],[-73.05851231607272,45.273019477918524],[-73.05919783839954,45.26556249279273],[-73.06353291934813,45.267830120394834],[-73.06810630482151,45.229606994627154],[-73.07385471731952,45.22858383836144],[-73.057830511024,45.214197335788974],[-73.09158842941203,45.19640212399318],[-73.08679691939686,45.19215126837377],[-73.08562890514222,45.17183047416528],[-73.12855216802339,45.171313853198406],[-73.1315440630449,45.20598986848865],[-73.17716481921644,45.205582673804905],[-73.17545667855127,45.189237437123246],[-73.22901999037181,45.18563168437387],[-73.22872424226426,45.16925934085174],[-73.25734165650195,45.16880175876692],[-73.25592965667707,45.126544264813866],[-73.27653968965173,45.10835111140758],[-73.3101914458135,45.09157626540649],[-73.32075888380496,45.08136339152028],[-73.32215408926851,45.07230420604324]]}},{"type":"Feature","properties":{},"geometry":{"type":"LineString","coordinates":[[-73.3866518996467,45.413199943327164],[-73.38077143747738,45.42258922553055],[-73.38701092273334,45.427554090181694],[-73.37794050660769,45.427508830305115],[-73.37994957832764,45.43298269467572]]}},{"type":"Feature","properties":{},"geometry":{"type":"LineString","coordinates":[[-73.51175259839913,45.4357581737173],[-73.48373641261269,45.431907590748224],[-73.46397670491334,45.42165015778403],[-73.4378713353875,45.42186782067941],[-73.43838281202947,45.41701485068353],[-73.3866518996467,45.413199943327164]]}},{"type":"Feature","properties":{},"geometry":{"type":"LineString","coordinates":[[-73.52354059531291,45.51194697789222],[-73.51894527616236,45.49681181412877]]}},{"type":"Feature","properties":{},"geometry":{"type":"LineString","coordinates":[[-73.37994957832764,45.43298269467572],[-73.45942833175285,45.485584865489734],[-73.47341549573854,45.476001103185766],[-73.50045302021402,45.49529976728402],[-73.49261004758428,45.50260134275095],[-73.49802314234043,45.5096134278128],[-73.5236854958026,45.51834395881924]]}},{"type":"Feature","properties":{},"geometry":{"type":"LineString","coordinates":[[-71.2465392676577,46.87970421761656],[-71.2581972569802,46.892420270898974],[-71.25289859369877,46.89680999889031],[-71.26194061281792,46.91611968121938],[-71.2845767006895,46.94007666279582],[-71.30355874477539,46.93029145784258],[-71.307761251208,46.935350273297374],[-71.31322590286537,46.93252294449289],[-71.33598146734124,46.955435939410464]]}},{"type":"Feature","properties":{},"geometry":{"type":"LineString","coordinates":[[-71.27885507641794,46.83094777928347],[-71.26250988636488,46.83547130063913]]}},{"type":"Feature","properties":{},"geometry":{"type":"LineString","coordinates":[[-71.43854807072587,46.914640438942556],[-71.37943038293291,46.867668865522205],[-71.36776740208275,46.88224141104817],[-71.35339866615605,46.86553528562495],[-71.35750277471084,46.86447667080426],[-71.35450449614092,46.85880267022725],[-71.3248547096546,46.85735402451448],[-71.29486653682866,46.84852744993038],[-71.27885507641794,46.83094777928347]]}},{"type":"Feature","properties":{},"geometry":{"type":"LineString","coordinates":[[-71.33598146734124,46.955435939410464],[-71.37403869476367,46.93261708670824],[-71.4020333784645,46.96270201359999],[-71.40968355671478,46.95931831322044],[-71.41580758043386,46.96656628073793],[-71.4093388401398,46.96959449852302],[-71.4214834443542,46.98193772169529],[-71.447734133231,46.96903878633502],[-71.4049728020846,46.92419050679106],[-71.43333121052217,46.91120028616097],[-71.43854807072587,46.914640438942556]]}},{"type":"Feature","properties":{},"geometry":{"type":"LineString","coordinates":[[-73.40842818829587,45.328903584698196],[-73.4212137056386,45.31773669619122],[-73.44386050348942,45.31063209878539],[-73.44361937573139,45.30373644445918],[-73.463947538577,45.294203603317904],[-73.460740832319,45.288972138479586],[-73.47598150161451,45.28079248878995],[-73.47862608785537,45.29406490990524],[-73.49283906122002,45.292579198487665],[-73.49363890879238,45.29683934502343],[-73.51001330771325,45.277646635918146],[-73.51741201552045,45.28030068618724],[-73.51537741115257,45.286609519378466],[-73.53371377996677,45.29404806759626],[-73.53866819569718,45.2893525861917],[-73.54748831968291,45.28992989200908],[-73.63399554845482,45.31469644620309],[-73.62009953318291,45.329436318312915],[-73.64111450124831,45.334613007694415],[-73.63100712034696,45.34243280865451],[-73.65672066708723,45.3489406271858],[-73.67614719732538,45.343627976786834],[-73.73008718840576,45.38341969938115],[-73.7417511703366,45.381594894661525],[-73.7322642870981,45.38502143574392],[-73.75248349803603,45.39956440263119],[-73.75255235708568,45.40407936901564]]}},{"type":"Feature","properties":{},"geometry":{"type":"LineString","coordinates":[[-73.4107097256638,45.00978857461702],[-73.41194521975552,45.042091843483846],[-73.3910621312609,45.042452156369684],[-73.39139971711612,45.0922533352369],[-73.39976831750639,45.09237080300535],[-73.39979750135238,45.10742864672515],[-73.39146702853188,45.10728263136737],[-73.39141023876326,45.12206821707713],[-73.37791898800113,45.121847347708204],[-73.37743366847667,45.1328258524315],[-73.35626671417816,45.132326885841465],[-73.35485303047618,45.16695002230329],[-73.36529205406742,45.17966881852015],[-73.35940607170052,45.197652016052345],[-73.38020263895679,45.21162328765934],[-73.35187038993445,45.23428277182041],[-73.38572390297306,45.25724388755696],[-73.3830815993643,45.25962589204922],[-73.41144439393435,45.25487636067494],[-73.40146075543048,45.26572501294717],[-73.38979014917429,45.26778274733643],[-73.379496680933,45.28077709313501],[-73.38262071637686,45.29515593600956],[-73.36974095879322,45.311762218111376],[-73.40842818829587,45.328903584698196]]}},{"type":"Feature","properties":{},"geometry":{"type":"LineString","coordinates":[[-70.91385663838444,47.99990937229046],[-70.25939834749322,48.000011931808515],[-70.17230499351993,48.124758266305314],[-69.95674838959533,48.057492906021686],[-69.87921419583417,48.16951728917953]]}},{"type":"Feature","properties":{},"geometry":{"type":"LineString","coordinates":[[-70.46592873334818,48.36820945467932],[-70.46683305060255,48.38177167415106],[-70.45474677292074,48.408375045279],[-70.51346652692148,48.41920686575668],[-70.48945855504618,48.481038136952236],[-70.7220970415768,48.52420367186471],[-70.7250341903772,48.53015909439829],[-70.76995316419979,48.539087359873605],[-70.79062179370753,48.53679516696007],[-70.8190444169233,48.540825320551654],[-70.82056370616887,48.544470091379836],[-70.84371621569422,48.54426880108906],[-70.92299569468457,48.581967081213584],[-70.91368916611093,48.58588183351252],[-70.92287919530409,48.59168289146731],[-70.91926867920321,48.59617715962879],[-70.92785555156946,48.59692710435688],[-70.93935117787112,48.60893608193582],[-70.9370618032258,48.61434953348829],[-70.93227200772701,48.61881642677634],[-70.90779911015748,48.61944174225888],[-70.86922593389869,48.63313618294834],[-70.81810777353235,48.683376333015495],[-71.20990888458307,48.75248825390866],[-71.26580897504311,48.61482537217744],[-71.24695607818036,48.61186234707096],[-71.25640969141648,48.60606284192483],[-71.24585416048237,48.60164621681631],[-71.23833707186283,48.59086108178846],[-71.23944938309096,48.58468494361813],[-71.23206626721966,48.57946354717146],[-71.23381036558199,48.56290261092836],[-71.262058229511,48.543544263792235],[-71.17436381714572,48.528178448131825],[-71.17900722587274,48.51986460597123],[-71.17477970494875,48.51635339487286],[-71.18266821493536,48.50902199389683],[-71.17478200255081,48.49817699974565],[-71.18231310515787,48.48861721385358],[-71.17792998773021,48.485621108366786],[-71.19248311216117,48.480336093489456],[-71.19120242044629,48.47269909603259],[-71.19997021052448,48.468005206453974],[-71.20084679696916,48.46094880075393],[-71.18674449813896,48.45390284400747],[-71.17596455290052,48.455038991109106],[-71.12226898589546,48.442069714250906],[-71.1295416160618,48.43161024893046],[-71.12513097248534,48.429450341491425],[-71.13890869275912,48.416496763131846],[-71.12891781040912,48.41112233284793],[-71.14282105457971,48.39625691761206],[-71.12622462797867,48.39819785145941],[-71.07534479179246,48.384156963764596],[-71.05918990637176,48.35876820841021],[-71.00595505889243,48.33483532366277],[-71.01336697443195,48.32566746777564],[-71.00169044007671,48.31919403765017],[-71.02072057115747,48.3002713289698],[-70.8470030794127,48.23440535541854],[-70.98557805690353,48.11359777982208],[-70.91472826332955,48.11332139654352],[-70.91385663838444,47.99990937229046]]}},{"type":"Feature","properties":{},"geometry":{"type":"LineString","coordinates":[[-71.43667967158952,45.79874334993747],[-71.58549921403984,45.69307228525027],[-71.61184871682308,45.71225158800027],[-71.70923721538496,45.64462980613789],[-71.69377035437705,45.63417794168001],[-71.71608633720933,45.61740437238014],[-71.77528794266988,45.65030558806864],[-71.93258963447084,45.513190206314576],[-71.95063071494994,45.52290935332035],[-71.96097869483444,45.51079605721998],[-71.96624252385007,45.51377736784886],[-71.9787791509265,45.5025071809842],[-71.98740170492817,45.519248963251485],[-72.03544876110108,45.4701165182663],[-71.99467052086148,45.44863770474402],[-71.9754333602098,45.448815863528495],[-71.97546863045497,45.44321503391075],[-72.06848183006717,45.43983331515118],[-72.06670636439591,45.400502009738524],[-72.08470268858008,45.39914350225227],[-72.08488412733595,45.39446641063562],[-72.1050357977539,45.38981136152595],[-72.10531663198087,45.38522883990703]]}},{"type":"Feature","properties":{},"geometry":{"type":"LineString","coordinates":[[-71.13146210317689,45.246716059217924],[-71.13300290623309,45.458256996085666],[-71.16026593128277,45.45824740790958],[-71.1585953159766,45.535891543247466],[-71.16524707021223,45.53565755620913],[-71.23255949112831,45.58074206877892],[-71.20439644516516,45.60292927735654],[-71.23422029858965,45.62170614480922],[-71.20726319730228,45.64248205249982],[-71.43667967158952,45.79874334993747]]}},{"type":"Feature","properties":{},"geometry":{"type":"LineString","coordinates":[[-71.81967228813663,45.41051527389709],[-71.8025547712331,45.408273411825206],[-71.80608149106726,45.40043000574842],[-71.81971359454553,45.40006386956711],[-71.81951942418817,45.394892273742215],[-71.85745320333083,45.395664668390815],[-71.85725508543031,45.38552355073092],[-71.86131034517592,45.383130754310166],[-71.88182701881392,45.38570782728823],[-71.88032088509942,45.38038044228047],[-71.893787360291,45.38162053121224],[-71.89501828439325,45.360475405653354],[-71.9295475927547,45.36046047843246],[-71.93706570695097,45.3498646643227],[-71.96976644721528,45.35348885451042],[-71.9582387387445,45.384417804514904],[-71.9850650276444,45.385461576021754],[-71.98489452826537,45.40912192346651],[-71.9569672392995,45.439934706980935],[-71.92272233033964,45.44253041808323],[-71.9169151362742,45.43897168199556],[-71.91121120303384,45.44461487129079],[-71.89692595582603,45.44199579842181],[-71.88478255318576,45.44566215233517],[-71.88414790666917,45.45322672797107],[-71.82221931605707,45.4532020661661],[-71.81967228813663,45.41051527389709]]}},{"type":"Feature","properties":{},"geometry":{"type":"LineString","coordinates":[[-68.38262282125922,47.88004844816757],[-68.6594251317488,48.065772651586606],[-68.7447725769983,48.009123964652204],[-68.71361491760747,47.9880262192642],[-68.85026551300007,47.895347041038555],[-68.8685423322884,47.89889795980425],[-68.92935295529942,47.89108020160045],[-68.9590003336316,47.89600270971078],[-68.95537280401335,47.898148840531086],[-68.97011932340058,47.907839008805496],[-68.95732553141318,47.91704759305898],[-68.97276255732355,47.927370270653924],[-68.96332916238613,47.93390591208925],[-68.9922954385798,47.955760163190256],[-69.03836939391574,47.92201520267331],[-69.03002469560879,47.920262006900515],[-69.11622616481759,47.857623390134165],[-69.13124472609582,47.86798836071128],[-69.14332436104914,47.859722056954524],[-69.16881509373889,47.87710968626109],[-69.14814469357258,47.920259505789964],[-69.15431549881862,47.926889203473344],[-69.15130629920297,47.93504820588978],[-69.12631485331814,47.95757030301892],[-69.11385659876761,47.982873869728174],[-69.16553283451161,48.017604924929515],[-69.20662010500175,47.98918533228693],[-69.25354659699775,48.01883092716625],[-69.25069707373129,48.02198207080261],[-69.2759244404167,48.03715231011265],[-69.2557157583293,48.050655760350786],[-69.25924110388648,48.05477213589472],[-69.25657569026248,48.05946093729349],[-69.24459797937223,48.06796793625967],[-69.26569614767867,48.08177171409537]]}},{"type":"Feature","properties":{},"geometry":{"type":"LineString","coordinates":[[-73.75776512771262,45.46595310838622],[-73.77385672786039,45.48213642544414],[-73.7655408091702,45.487116555811056],[-73.7679236715645,45.49451221657058]]}},{"type":"Feature","properties":{},"geometry":{"type":"LineString","coordinates":[[-73.79467190649791,45.48182684387067],[-73.7811884058446,45.466760385889266]]}},{"type":"Feature","properties":{},"geometry":{"type":"LineString","coordinates":[[-73.7679236715645,45.49451221657058],[-73.79467190649791,45.48182684387067]]}},{"type":"Feature","properties":{},"geometry":{"type":"LineString","coordinates":[[-73.68599116055356,45.45759152277393],[-73.6831469195719,45.46481944023645]]}},{"type":"Feature","properties":{},"geometry":{"type":"LineString","coordinates":[[-73.6831469195719,45.46481944023645],[-73.69234359462624,45.470355556780966],[-73.69367517805715,45.4637472663416],[-73.72342097333573,45.482128364242506],[-73.74460574272473,45.46549957342861]]}},{"type":"Feature","properties":{},"geometry":{"type":"LineString","coordinates":[[-73.64874649372423,45.44921496305697],[-73.66824019836318,45.45660720438284]]}},{"type":"Feature","properties":{},"geometry":{"type":"LineString","coordinates":[[-73.66824019836318,45.45660720438284],[-73.67069914845163,45.45415225311551]]}},{"type":"Feature","properties":{},"geometry":{"type":"LineString","coordinates":[[-73.63995963598742,45.447238743511384],[-73.64263788355797,45.44784109822741]]}},{"type":"Feature","properties":{},"geometry":{"type":"LineString","coordinates":[[-73.61112627103408,45.44186256999489],[-73.60487137712734,45.44908640522524],[-73.61383932621023,45.45765619040442],[-73.63257647687225,45.44972911732331]]}},{"type":"Feature","properties":{},"geometry":{"type":"LineString","coordinates":[[-73.63257647687225,45.44972911732331],[-73.63927818576599,45.44708548107249]]}},{"type":"Feature","properties":{},"geometry":{"type":"LineString","coordinates":[[-73.71739670547389,45.42079977546345],[-73.68051319237264,45.42199889333372],[-73.64569936468669,45.41353816776655]]}},{"type":"Feature","properties":{},"geometry":{"type":"LineString","coordinates":[[-73.64569936468669,45.41353816776655],[-73.64157426146839,45.423008386916486],[-73.62968592517066,45.42038707494539],[-73.62275940180545,45.42442230385481]]}},{"type":"Feature","properties":{},"geometry":{"type":"LineString","coordinates":[[-72.29884289452762,45.58932074496029],[-72.23717422872912,45.64620720292084],[-72.31083930375779,45.68836430948866],[-72.22449057568637,45.75834744828238],[-72.22195140786364,45.74801938656015],[-72.23649284610262,45.73925721046352],[-72.21524347517521,45.73216449122507],[-72.21285628263975,45.72510344161825],[-72.22418931125203,45.71623790578624],[-72.2151840046283,45.71144818516444],[-72.20944657020713,45.698518796578625],[-72.20735042602303,45.69639084116897],[-72.20693426936285,45.69609022097985],[-72.09323179404917,45.797095536238224],[-72.14929805988855,45.82973014135237],[-72.13455379962558,45.841363755265775],[-72.18663422320056,45.87107703188851],[-72.22106504937767,45.8895430486601],[-72.23423248610885,45.8791961510268],[-72.26121696345946,45.889599897001915],[-72.24867066805042,45.90123013149402],[-72.25586841277028,45.90534416431309],[-72.24073194802882,45.91806048816719],[-72.25710493691994,45.92685159764436],[-72.27272831176717,45.9153214725766],[-72.30973517649545,45.938384800911614],[-72.29665313562928,45.950916940804674],[-72.32720638043894,45.9686358842997],[-72.28608479302545,46.000585520699595],[-72.29782485418434,46.00897521108095],[-72.2840722311871,46.0215633350336],[-72.3050741958103,46.03299314876357]]}},{"type":"Feature","properties":{},"geometry":{"type":"LineString","coordinates":[[-72.31440104755353,45.597072338418165],[-72.29884289452762,45.58932074496029]]}},{"type":"Feature","properties":{},"geometry":{"type":"LineString","coordinates":[[-72.85440222472474,45.87800280440603],[-72.84952442798027,45.874592696115556],[-72.8526132841528,45.86438382431805],[-72.70444443271448,45.759111276576355],[-72.68016344556867,45.77548714677065],[-72.64609401981517,45.75585683695458],[-72.60188568299387,45.792358604370435],[-72.56272566031761,45.76499230357657],[-72.57793921983624,45.75251436888562],[-72.31440104755353,45.597072338418165]]}},{"type":"Feature","properties":{},"geometry":{"type":"LineString","coordinates":[[-75.57025268328317,45.47669336255976],[-75.54243625159363,45.48956598259541]]}},{"type":"Feature","properties":{},"geometry":{"type":"LineString","coordinates":[[-75.69244127031565,45.452969539579975],[-75.66492543244763,45.463361067248265],[-75.57025268328317,45.47669336255976]]}},{"type":"Feature","properties":{},"geometry":{"type":"LineString","coordinates":[[-75.74872939846557,45.48714260423499],[-75.72778301771208,45.47127473569979],[-75.7204504905661,45.459259494969196],[-75.69244127031565,45.452969539579975]]}},{"type":"Feature","properties":{},"geometry":{"type":"LineString","coordinates":[[-75.68369102358659,45.55057687629664],[-75.72350165802172,45.54706146328839],[-75.72004663846468,45.52364578876662],[-75.76433319751453,45.521023228750195],[-75.76767014224126,45.51666482864998],[-75.76289489732507,45.50769198361743],[-75.76952795355952,45.50697122833237],[-75.76313350281994,45.49426691940758],[-75.74872939846557,45.48714260423499]]}},{"type":"Feature","properties":{},"geometry":{"type":"LineString","coordinates":[[-73.5473736188935,45.59246693524101],[-73.56762897302883,45.590352774554496]]}},{"type":"Feature","properties":{},"geometry":{"type":"LineString","coordinates":[[-73.52304892674815,45.57998523172588],[-73.54303347110985,45.582767568276616],[-73.53885767573813,45.589857281435805],[-73.5473736188935,45.59246693524101]]}},{"type":"Feature","properties":{},"geometry":{"type":"LineString","coordinates":[[-73.5592400961101,45.539871029355226],[-73.54862587230255,45.53858025495399],[-73.54332491506803,45.53207228861726]]}},{"type":"Feature","properties":{},"geometry":{"type":"LineString","coordinates":[[-73.58728416773111,45.56500950574281],[-73.55446971744138,45.55463813646533],[-73.5592400961101,45.539871029355226]]}},{"type":"Feature","properties":{},"geometry":{"type":"LineString","coordinates":[[-73.58715033837638,45.566415271671524],[-73.58728416773111,45.56500950574281]]}},{"type":"Feature","properties":{},"geometry":{"type":"LineString","coordinates":[[-73.56762897302883,45.590352774554496],[-73.56496604520426,45.58358590419642],[-73.57399221486075,45.58192516665379],[-73.58715033837638,45.566415271671524]]}},{"type":"Feature","properties":{},"geometry":{"type":"LineString","coordinates":[[-73.50870250939931,45.702351096997],[-73.52387253251813,45.699223191611324]]}},{"type":"Feature","properties":{},"geometry":{"type":"LineString","coordinates":[[-73.5473736188935,45.59246693524101],[-73.54448513974714,45.601850791975025],[-73.53648688351284,45.603464726182324],[-73.54653272816162,45.61276084045726],[-73.5379458067686,45.61402412685655],[-73.53617388316249,45.62003749797616],[-73.56759292821066,45.63459536649306],[-73.51805897624423,45.66024997413008],[-73.51906517017004,45.672984703396644],[-73.50870250939931,45.702351096997]]}},{"type":"Feature","properties":{},"geometry":{"type":"LineString","coordinates":[[-73.60888439447662,45.60846706725752],[-73.59374331875318,45.599872503916465],[-73.5889932859972,45.605020677615094],[-73.57980764455175,45.60112190251139],[-73.56985095803275,45.59670774897952],[-73.56762897302883,45.590352774554496]]}},{"type":"Feature","properties":{},"geometry":{"type":"LineString","coordinates":[[-75.70377726188529,45.429754307173546],[-75.69244127031565,45.452969539579975]]}},{"type":"Feature","properties":{},"geometry":{"type":"LineString","coordinates":[[-75.77251089307015,45.39588011298032],[-75.75635894605975,45.41239358748858],[-75.72248075571973,45.416546297213266],[-75.72263557419494,45.421615042058754],[-75.70468636040843,45.424663944599],[-75.70377726188529,45.429754307173546]]}},{"type":"Feature","properties":{},"geometry":{"type":"LineString","coordinates":[[-75.86772034467644,45.38753009434668],[-75.84259032665072,45.37597481444853],[-75.81782532552552,45.37269870936806],[-75.7970168042011,45.378324030427386],[-75.77251089307015,45.39588011298032]]}},{"type":"Feature","properties":{},"geometry":{"type":"LineString","coordinates":[[-75.89518509822278,45.401634686952924],[-75.86772034467644,45.38753009434668]]}},{"type":"Feature","properties":{},"geometry":{"type":"LineString","coordinates":[[-75.74872939846557,45.48714260423499],[-75.75072392536934,45.482693966285105],[-75.7434931506961,45.477218858933945],[-75.75245040551343,45.48081078806782],[-75.75950481211768,45.47642949700212],[-75.77720748478838,45.49038250701248],[-75.77763775699059,45.482874554489264],[-75.7968783788568,45.4824409158637],[-75.78278042294268,45.47326444076068],[-75.78113204132002,45.45984286115141],[-75.79090306821898,45.458575546352385],[-75.76212022650768,45.445649485963784],[-75.76800702171748,45.44338898547181],[-75.76403758549068,45.434278917108344],[-75.7966979900557,45.430422949053785],[-75.80628705193914,45.415879028392396],[-75.86578602277856,45.407830996690514],[-75.90006010469101,45.42928976072217],[-75.89518509822278,45.401634686952924]]}},{"type":"Feature","properties":{},"geometry":{"type":"LineString","coordinates":[[-73.41971070922719,46.88532513890964],[-73.42307961998206,46.89088549612132],[-73.44606316065946,46.89741766006295],[-73.46009354926676,46.90761885441552],[-73.47989348783419,46.90603138482373],[-73.49455826435408,46.91197303182396],[-73.49870882459841,46.899846372829614],[-73.51369885864217,46.89690815827617],[-73.52764483652982,46.880710627436784],[-73.52960729885348,46.87059680123704],[-73.52545600115761,46.86197622856908],[-73.5453239144534,46.865960930227985],[-73.56297831846874,46.88235861308542],[-73.57338934111448,46.86965560738351],[-73.60214854330826,46.87169503724023],[-73.60296557815481,46.86110071194372],[-73.6083128597654,46.857475541050064],[-73.61862634289113,46.85810727304514],[-73.62857769332115,46.86562029731529],[-73.66009990836277,46.860435789846086],[-73.65987859817174,46.86543801218833],[-73.66544840927756,46.863900698150694],[-73.67409979507298,46.87739393001684],[-73.66983550477562,46.8825166054208],[-73.6628546062644,46.88212879507679],[-73.6680481818152,46.890013108743084],[-73.65881872115816,46.89163064282097],[-73.66481969634246,46.90137391080346],[-73.6649192395276,46.927627623702804],[-73.6498506271635,46.937940794687265],[-73.64611150762688,46.93506021428055],[-73.64660748174592,46.93873899830478],[-73.71940447099276,47.02094417807889],[-73.75808003052414,47.057621874842376],[-73.7543404915996,47.06123878521644],[-73.76765035629256,47.07584401100125],[-73.80660318887006,47.10922189134469],[-73.85796349248012,47.14187915201572],[-73.9157611268321,47.099617164186824],[-74.45076270527855,47.464067687645816]]}},{"type":"Feature","properties":{},"geometry":{"type":"LineString","coordinates":[[-73.44733691257797,45.87286480771549],[-73.40222148817608,45.91265111397981],[-73.39204338648773,45.90523480277795]]}},{"type":"Feature","properties":{},"geometry":{"type":"LineString","coordinates":[[-73.79876381045075,45.98575781160438],[-73.788010394448,45.977858569098125],[-73.69734510271243,46.035465376152864],[-73.6821344521053,46.03262189171793],[-73.67626351802366,46.01637402511766],[-73.65824876327333,46.00979072288276],[-73.62231738543089,46.03454367821653],[-73.63459512782815,46.0433133400134],[-73.61029113937863,46.05934485490055],[-73.56868079257835,46.03015545230864],[-73.54964093447529,46.0426158343745],[-73.5343410627671,46.032948464837986],[-73.53006586831467,46.03556180972282],[-73.51733646572272,46.02607955096207],[-73.52218756502923,46.02277668074279],[-73.50787356077778,46.01345972289368],[-73.52495706258394,46.002027028083155],[-73.5103344541056,45.99219286892222],[-73.54069533434236,45.972374775942384],[-73.49051557563601,45.95676397508124],[-73.47094618351242,45.96002569820125],[-73.4559754961711,45.94581698438597],[-73.4628014409105,45.9046856222815],[-73.48163240966791,45.896376074144804],[-73.44733691257797,45.87286480771549]]}},{"type":"Feature","properties":{},"geometry":{"type":"LineString","coordinates":[[-73.88356040478926,46.24585689216188],[-73.73257692967672,46.14509626332282],[-73.88190518081053,46.04047868379189],[-73.79876381045075,45.98575781160438]]}},{"type":"Feature","properties":{},"geometry":{"type":"LineString","coordinates":[[-74.45076270527855,47.464067687645816],[-74.46179540420077,47.44878031221697],[-74.49645099993776,47.42584259130653],[-74.51371850029733,47.40627888769928],[-74.52896271714296,47.37325520064131],[-74.52934659107832,47.3589577934231],[-74.55156091570831,47.32896259986378],[-74.54871819618725,47.32104549563045],[-74.53963811433862,47.3214699978447],[-74.54209888500088,47.3134054948426],[-74.54511248876624,47.31262239334243],[-74.54271499116987,47.31917509388757],[-74.55308929980302,47.32132020853318],[-74.55904532017635,47.32579654164147],[-74.57564800644504,47.30516129246616],[-74.58287620686004,47.30228649306963],[-74.58696299943551,47.31649700794141],[-74.58633952047654,47.29575889887048],[-74.59221650208346,47.288983198308614],[-74.6049380832444,47.287214996272986],[-74.61822639471193,47.25089609562934],[-74.6519149804822,47.25098734841815],[-74.65989826436056,47.24483811699423],[-74.65720732570657,47.23304102685112],[-74.48597669410218,47.22202413802977],[-74.4304644266734,47.156969925172724],[-74.45927887611008,47.13602849161463],[-74.41170476916508,47.1039956639721],[-74.57592812123787,46.99785739214043],[-74.4306647974784,46.89697793082145],[-74.44128268436324,46.8934715808651],[-74.45277370027446,46.866457184010756],[-74.46675068954094,46.873644081674385],[-74.4713344468769,46.869159808044884],[-74.47469508079743,46.8500833296182],[-74.46870590231265,46.79288756254718],[-74.48146845203273,46.78179068906078],[-74.476050487105,46.75784255092968],[-74.48805908410769,46.755807511281546],[-74.49427011640068,46.73229139580128],[-74.47860811458366,46.721591573308004],[-74.50039308844077,46.68724285218974],[-74.5115599205376,46.67997597771577],[-74.49979509387991,46.64051632346173],[-74.49123912568609,46.62804368309927],[-74.49203569169322,46.6064992666795],[-74.48686247550978,46.60302133350467],[-74.47135746533812,46.6100387658017],[-74.43844550046268,46.61458771847355],[-74.34483753572879,46.54784550687158],[-74.4777446182025,46.45415542366297],[-74.33400991964614,46.3524622347025],[-74.19051080641661,46.448500375373854],[-73.88356040478926,46.24585689216188]]}},{"type":"Feature","properties":{},"geometry":{"type":"LineString","coordinates":[[-71.40838721187156,48.00007556010588],[-70.91385663838444,47.99990937229046]]}},{"type":"Feature","properties":{},"geometry":{"type":"LineString","coordinates":[[-72.07761441376257,51.14227195179938],[-72.06414099915261,51.12196053280956],[-72.05438359060815,51.081920131925436],[-72.06961699494873,51.04833629307324],[-72.07816529842457,51.0411855080089],[-72.0750245022651,51.04130009685262],[-72.0752642890142,51.033481396406934],[-72.07791360692079,51.03962709396383],[-72.08811370168172,51.028225187624464],[-72.09530588274022,51.0298851961495],[-72.09506471124652,51.02465890108624],[-72.08726360327671,51.02758559851865],[-72.09341699390899,51.015513891758815],[-72.0941046053726,51.008329908208545],[-72.09005840227402,51.006420090059244],[-72.09863389209353,50.99232749099549],[-72.09659111878621,50.987322299702825],[-72.10431510340733,50.98149920352353],[-72.09586428227871,50.974115692752655],[-72.11150791136453,50.951871701055424],[-72.10802878247982,50.95446440091772],[-72.10418650767951,50.93828080389905],[-72.10843498475762,50.911782706063356],[-72.10460258283754,50.908689198170336],[-72.10958360725729,50.901394406997895],[-72.10177880670335,50.88713211202553],[-72.10682862251336,50.88127669281322],[-72.102017089194,50.87679580955077],[-72.10664068915105,50.87280529577426],[-72.10456801077628,50.86703569614197],[-72.10826280327086,50.86700790474205],[-72.11015109092199,50.853670387811384],[-72.14559931353075,50.84003499177448],[-72.15729591255469,50.8258032970516],[-72.1542149961428,50.81497010850406],[-72.15998878678387,50.811071704779856],[-72.15194710718653,50.80107140080927],[-72.15627298833742,50.796661999501026],[-72.14938290392284,50.77436659534106],[-72.15533221000868,50.75083479055414],[-72.15149341845807,50.73992069049206],[-72.15709410006824,50.729376387144235],[-72.16484688800139,50.727730189441026],[-72.16347021537534,50.7168716041711],[-72.16821551616704,50.707836309561074],[-72.1651187883513,50.70719850860491],[-72.1827048961119,50.68138828978994],[-72.17995249502067,50.67105379963923],[-72.19109239787778,50.632689791103296],[-72.18646761585111,50.62566980035633],[-72.19273141565908,50.61487938985529],[-72.18833879706332,50.60870719410484],[-72.18997569461517,50.58181589156699],[-72.1766242948348,50.552336502201555],[-72.16192359694988,50.53722551265579],[-72.16654980463193,50.53126359118958],[-72.16429287581859,50.51277920695655],[-72.15939928675878,50.507822894367365],[-72.16272481744207,50.504894094316974],[-72.15972058886962,50.488010287130706],[-72.15442981139215,50.483750394218845],[-72.16144292085968,50.47792419150969],[-72.15695689623571,50.46916909956968],[-72.15964728965311,50.443764288443795],[-72.1649294855791,50.43718059659532],[-72.1627188881732,50.41620580529177],[-72.18371340921436,50.38271029945907],[-72.18374369572958,50.35366910734705],[-72.17189960077287,50.34903879388327],[-72.17042861083064,50.341828906761805],[-72.16227998628948,50.34132180043731],[-72.15654641663171,50.33041220202983],[-72.16446799438884,50.32742849706048],[-72.15667681306991,50.32080210054433],[-72.16453621407376,50.316477895812376],[-72.15711658965384,50.310179397111945],[-72.16190060482062,50.30481281399193],[-72.15086770700314,50.3057463017401],[-72.16013669286778,50.29964050775516],[-72.16084031355943,50.282079503839505],[-72.15369750090358,50.27363500094573],[-72.16211380829192,50.27118759617973],[-72.16418490854383,50.26335301417685],[-72.1610610848079,50.25720289272348],[-72.14858461683231,50.254028307651566],[-72.15888110011898,50.24643298905093],[-72.15363149781703,50.23965570174785],[-72.16004118047098,50.23506320669521],[-72.1496733853541,50.231877096973406],[-72.1616562014224,50.22644998960921],[-72.15751549948011,50.218175090964664],[-72.1709711056732,50.21908508745848],[-72.173186199286,50.21501029193341],[-72.16967129559323,50.211400509768275],[-72.15359979085139,50.21241130035498],[-72.17143319821035,50.209514496107396],[-72.17898869895986,50.198721004994205],[-72.17252538486136,50.19185869184197],[-72.16257971523889,50.19543110932421],[-72.1656699998163,50.18857921077995],[-72.17472931027628,50.185607797709444],[-72.16974540843484,50.1759749135516],[-72.17100231975351,50.155902195042444],[-72.16030019785812,50.15024040530265],[-72.16721308518977,50.12758030016327],[-72.17677541598103,50.120145703907],[-72.1664666910769,50.11316721064068],[-72.17854260646837,50.10421468784789],[-72.16528621439699,50.10080810269912],[-72.1680581874414,50.08402559395125],[-72.16040660659513,50.06574739558135],[-72.17421258753392,50.055439589961914],[-72.15985373352054,50.040704892846534],[-72.1308331302444,49.949176453886075],[-72.0783091010272,49.84526060344236],[-72.06521861847033,49.83793259564085],[-72.0567728879402,49.818998298076416],[-72.03514750649882,49.81394311189653],[-72.03189140663315,49.784227792151924],[-72.03895519815127,49.77331959739795],[-72.02698498252462,49.767412995204566],[-72.03264080264124,49.74930250018071],[-72.01238190306279,49.72924320307318],[-72.01530941416397,49.73422649140864],[-72.01369947801267,49.735608708689945],[-71.99473270547833,49.71292050874422],[-72.00182161230194,49.69464849055346],[-72.01851309495088,49.69597829743344],[-72.02597459438766,49.6867035914191],[-72.02423659385546,49.677266389989455],[-72.0373134208422,49.68111929704208],[-72.04731981673943,49.67040049698931],[-72.03469349774322,49.65347060355077],[-72.04131365917793,49.64296258206069],[-72.03590909130075,49.639268986805234],[-72.04110472258849,49.63036019250229],[-72.02857690155714,49.60366500305545],[-72.03281210137311,49.587487393169766],[-71.9932647723643,49.555864163878525],[-71.97154895313258,49.54491790276273],[-71.9480815286536,49.51170695286565],[-71.93423953433282,49.50873818906525],[-71.93464029990146,49.45886495710928],[-71.928553757932,49.432578353793474],[-71.9435716592178,49.4054076211375],[-71.94401958158043,49.38560989521047],[-71.96524533353656,49.381707560703006],[-71.97502299821855,49.36788148175391],[-71.98735484490854,49.36782655687718],[-71.99236967100204,49.37700251748056],[-72.01469151807565,49.37239638552525],[-72.02415270110173,49.39859396266637],[-72.0330803740283,49.39337926597693],[-72.03693884759939,49.37962247496714],[-72.0485134221468,49.38308580050522],[-72.05624131982907,49.39428146297356],[-72.06582170614264,49.39364094061242],[-72.07908287433415,49.37420093328953],[-72.09294803219669,49.37823589515309],[-72.10410922270879,49.35726526199779],[-72.1294856390407,49.32803013825367],[-72.15601508092442,49.25352608304833],[-72.1148664091389,49.21069278177468],[-72.10393237433824,49.18725653906482],[-72.08008373520944,49.159259128731684],[-72.0926151195527,49.130908091360105],[-72.20037759242976,49.12336874783839],[-72.25383571949776,49.09779627041332],[-72.23312577865876,49.08014142096523],[-72.28732593325974,49.05272945426175],[-72.24359517230464,49.01494846862518],[-72.26140357966065,49.00623759682054],[-72.31109399824058,49.052671443108004],[-72.331293333075,49.04771001065235],[-72.32782736191334,49.0321913768607],[-72.39139681579093,48.99844107461177],[-72.36956467699211,48.98969300189118],[-72.34627950312502,48.996319057803625],[-72.33091755768804,48.99367117646435],[-72.33087696390803,48.96749412975238],[-72.32550320240975,48.95716163816179],[-72.32788428681177,48.93544984982832],[-72.31753334095403,48.92158435088095],[-72.30893867456628,48.923401206681376],[-72.30725426012086,48.918684685499414],[-72.28438377763173,48.91619973254866],[-72.28452707308459,48.90604457829044],[-72.24838928183259,48.9252002695982],[-72.25337246884008,48.929452968074656],[-72.2513620641358,48.93326868208513],[-72.2305655558963,48.93577159604683],[-72.22900736824958,48.94503738430832],[-72.23770149782722,48.953575204900396],[-72.21271380406138,48.9653464500996],[-72.18177799484009,48.93937068925772],[-72.17423073996757,48.9421125193587],[-72.15641166566878,48.959847562969664],[-72.15025473646197,48.98469845451559],[-72.15065155404552,48.99568619697634],[-72.15594329350611,49.00007585371886],[-72.1508041534867,49.00920458655175],[-72.07468512936258,48.94266502829197],[-72.1373923927746,48.91123795045595],[-72.11034426829028,48.88845528227294],[-72.16842901538399,48.85931590671105],[-72.15541711939353,48.84743315510875],[-72.18220968770713,48.833804619104974],[-72.12933683592301,48.786900752983435],[-72.05056570601988,48.82399104185899],[-72.01055513218216,48.81670536481512],[-72.01591548186504,48.80256167801208],[-71.98168326457647,48.796551181149574],[-71.99280616647056,48.76810156243002],[-71.89247212238533,48.75104280781278],[-71.85381586465844,48.849414844927104],[-71.77355564517714,48.83479233003488],[-71.75876830229964,48.829031532669454],[-71.75141832073383,48.814752388917874],[-71.73735521472048,48.822730928612245],[-71.72974826735174,48.820319093454785],[-71.72915523509228,48.80952284936137],[-71.72057937268255,48.80058895418721],[-71.76384905304408,48.688966457583696],[-71.59434975065585,48.658950241515555],[-71.62452563797491,48.587718792555684],[-71.60775287176125,48.58449901244519],[-71.61799049214201,48.563032936394684],[-71.6159352997267,48.541760956971395],[-71.58482295029371,48.53095734312016],[-71.55441371762183,48.53710802774814],[-71.53373968424852,48.53252980380284],[-71.55615379959234,48.48998569754026],[-71.70510503218854,48.5172498351852],[-71.71100101901825,48.50314982996603],[-71.70403470802518,48.50181461944233],[-71.7107204961028,48.48806100114293],[-71.69380484769458,48.484973357076285],[-71.69872211069297,48.47025236630803],[-71.7124529708943,48.47275578681958],[-71.7185604322597,48.45841965774624],[-71.72574399430148,48.45972663406139],[-71.73168556757528,48.445660546173734],[-71.77239443647974,48.454153907273415],[-71.7779745963964,48.43933452761786],[-71.74423038337859,48.432263679633934],[-71.80482268392737,48.2851938855183],[-71.61138808811323,48.250081050886806],[-71.63953004783971,48.18969290262275],[-71.63792969415827,48.18411570935119],[-71.57474759439145,48.13497080058952],[-71.56725234161705,48.123567389319575],[-71.54451848601069,48.114613799202274],[-71.50882969237642,48.072436838053946],[-71.44619254327452,48.02258227315258],[-71.43302281707858,48.0023195711814],[-71.40838721187156,48.00007556010588]]}},{"type":"Feature","properties":{},"geometry":{"type":"LineString","coordinates":[[-73.49723433112375,45.704743905133036],[-73.50870250939931,45.702351096997]]}},{"type":"Feature","properties":{},"geometry":{"type":"LineString","coordinates":[[-73.47361694222872,45.700409260782685],[-73.47695935734203,45.70549147044457],[-73.49723433112375,45.704743905133036]]}},{"type":"Feature","properties":{},"geometry":{"type":"LineString","coordinates":[[-73.4855275075313,45.66265063256982],[-73.48590927146284,45.682709207998876],[-73.47361694222872,45.700409260782685]]}},{"type":"Feature","properties":{},"geometry":{"type":"LineString","coordinates":[[-73.55908925167836,45.41566044952526],[-73.62789903213934,45.410082148072284],[-73.64569936468669,45.41353816776655]]}},{"type":"Feature","properties":{},"geometry":{"type":"LineString","coordinates":[[-73.40842818829587,45.328903584698196],[-73.4050077697648,45.345886151839835],[-73.38765115064685,45.3585295173545],[-73.39795722308916,45.37366371148054],[-73.38800236640814,45.3841500734995],[-73.38610793309773,45.399909442315916],[-73.38043015925723,45.401149320523686],[-73.39372688938263,45.41047309896107],[-73.38518886095605,45.410124675231636],[-73.3866518996467,45.413199943327164]]}},{"type":"Feature","properties":{},"geometry":{"type":"LineString","coordinates":[[-72.07393193204783,47.950241155335235],[-71.37979173777865,47.95026291115181],[-71.3741688202419,47.959888678114886],[-71.38232568134809,47.96198933219758],[-71.3726394000862,47.96857342297016],[-71.375787556389,47.9742013142166],[-71.40926276103527,47.9768260615553],[-71.41180301004522,47.995443676106426],[-71.40838721187156,48.00007556010588]]}},{"type":"Feature","properties":{},"geometry":{"type":"LineString","coordinates":[[-74.4438903054902,48.92928155687721],[-73.72845448751953,48.4703130343459],[-73.01640527535618,47.99872265366958],[-72.12320377570164,47.99927931356538],[-72.07393193204783,47.950241155335235]]}},{"type":"Feature","properties":{},"geometry":{"type":"LineString","coordinates":[[-73.79467190649791,45.48182684387067],[-73.81303827626493,45.475465239557856],[-73.81558132447921,45.47834075616202],[-73.84639065146128,45.4625454143649],[-73.86800975730287,45.48753829460663],[-73.89782776641907,45.46713761926613],[-73.91412061854408,45.46515521128552],[-73.92073991894597,45.47144640398537]]}},{"type":"Feature","properties":{},"geometry":{"type":"LineString","coordinates":[[-73.97659999502527,45.4153540149005],[-73.9456171531831,45.40041585596832],[-73.90464170635143,45.40564827411268]]}},{"type":"Feature","properties":{},"geometry":{"type":"LineString","coordinates":[[-73.56194836795166,45.47165512006852],[-73.5758124759667,45.47769012817706],[-73.587494930109,45.46810370179959],[-73.59865967126095,45.4672761202661]]}},{"type":"Feature","properties":{},"geometry":{"type":"LineString","coordinates":[[-73.59865967126095,45.4672761202661],[-73.60352794561643,45.46932553781363],[-73.6210720381227,45.46228050449238],[-73.63257647687225,45.44972911732331]]}},{"type":"Feature","properties":{},"geometry":{"type":"LineString","coordinates":[[-74.45076270527855,47.464067687645816],[-74.44125671353449,47.47346319957903],[-74.44632428905018,47.47712770398016],[-74.44413009460678,47.48277690067502],[-74.42329798881397,47.506325495071444],[-74.42245708832334,47.51288090538433],[-74.42091978317808,47.5130461954379],[-74.4169510169172,47.51463410361884],[-74.41774730203898,47.51537440177887],[-74.41484059589666,47.51544259702237],[-74.41207020673318,47.51877499861695],[-74.42268621480407,47.51307700079367],[-74.42776621694951,47.50674819484712],[-74.44545588458905,47.50932930302841],[-74.43248298721383,47.51596619204085],[-74.44352118282086,47.51693730348018],[-74.4453197950252,47.509888207128256],[-74.45675799988396,47.50150859130307],[-74.48345849379527,47.5096302881821],[-74.50374437851409,47.500004916984516],[-74.50774229233794,47.50275399332682],[-74.5069024946153,47.498274956644195],[-74.53943659764663,47.50985628926701],[-74.55545824790727,47.52378886165304],[-74.55345330146058,47.52959010731272],[-74.55811222150449,47.53538519429874],[-74.58055810915717,47.54174249984194],[-74.58775130103139,47.55295470784751],[-74.59812849528282,47.55675970922752],[-74.63003541353598,47.58609379330118],[-74.65595593084294,47.618033553229616],[-74.68731986731063,47.627364026822356],[-74.69099650831623,47.6363221464679],[-74.6985529153313,47.63342619957948],[-74.88863101004233,47.76085464518332],[-75.52234980573859,47.764162088927435]]}},{"type":"Feature","properties":{},"geometry":{"type":"LineString","coordinates":[[-74.50163287622233,45.91157773952259],[-74.50020596163498,45.91513475625182],[-74.48071594248837,45.912669905451025],[-74.47615703874325,45.929289665297425],[-74.45297233474318,45.9268968627408],[-74.45738656430694,45.90743676170375],[-74.44162019093189,45.90557631912106],[-74.41262979684852,46.01892375585956],[-74.26406697967606,46.00021906055295],[-74.27283113775249,45.96637210463392],[-74.24659056360726,45.948648601094895],[-74.18664601852916,45.989240619895064],[-74.17346002897095,45.98110839028878],[-74.17010548114719,45.98325156913455],[-74.17350778242353,45.98581448421524],[-74.14459761374508,46.002949989414674],[-74.14961345085439,46.00699026294971],[-74.12375082129347,46.02472178629795],[-74.16810223170903,46.05534715660638],[-74.03338363378039,46.150625587745765],[-74.027838265265,46.14665532376205],[-73.88356040478926,46.24585689216188]]}},{"type":"Feature","properties":{},"geometry":{"type":"LineString","coordinates":[[-75.52234980573859,47.764162088927435],[-75.53737158920885,47.7645388574468],[-75.54254503078661,47.75663360370935],[-75.53081622592808,47.74570063755322],[-75.53360693903197,47.734709795761304],[-75.52478528486783,47.729642402802284],[-75.52919995982444,47.724084775228036],[-75.52440866213807,47.71069162778835],[-75.51342612398524,47.7100221013964],[-75.50539732307757,47.69806578458965],[-75.48626087161529,47.69016710303765],[-75.4739864761079,47.67899389017061],[-75.4732749369566,47.67249302132598],[-75.45628784606576,47.672597163771016],[-75.44668897178995,47.663742626605845],[-75.44598456990856,47.65573942974246],[-75.41932338064802,47.62997202201627],[-75.42893425452674,47.615809233896954],[-75.41473197930749,47.589171216568715],[-75.39073765465584,47.58920256258784],[-75.39560842577849,47.60132573378301],[-75.37981604631649,47.62214048476572],[-75.36953941041203,47.627196201770516],[-75.35414239026281,47.61004018042839],[-75.36564541236129,47.594192389900826],[-75.36044464626926,47.57036172665078],[-75.35513001223929,47.56690852299093],[-75.34481735571536,47.57199547847349],[-75.33958614009603,47.56420667930707],[-75.32955209380303,47.56300723733589],[-75.31929273394381,47.55351997674853],[-75.31067099616693,47.55570226410751],[-75.30801716485756,47.54799713220227],[-75.35695465028951,47.49221849222313],[-75.36789302166562,47.48545509199706],[-75.3671540281363,47.480408401680776],[-75.3822879991633,47.460540708093454],[-75.38904362008316,47.42792711878458],[-75.4214167262737,47.40328450265551],[-75.4302712477619,47.389539506782725],[-75.4596274406917,47.36925250235618],[-75.47383608283783,47.339766624793356],[-75.4574215600625,47.316226022197164],[-75.47312575556134,47.282927128214844],[-75.48041001204058,47.27580190081923],[-75.49297850213112,47.2727976166239],[-75.50392005036693,47.25975700923521],[-75.52148805251686,47.25283281510245],[-75.55909060356159,47.20755050844108],[-75.57381623990922,47.20644324358681],[-75.59685149799687,47.184464385018664],[-75.62577944426884,47.18115635371488],[-75.62880639379063,47.19923689688345],[-75.6204501001159,47.20011771171785],[-75.62901319739316,47.21884940219911],[-75.6222787971841,47.22840649993583],[-75.63909628402726,47.250113900394624],[-75.6466912146392,47.2535080904592],[-75.64818058536319,47.28256639241652],[-75.66354723129535,47.28652322194844],[-75.6862484070669,47.27939769333454],[-75.71294919777264,47.28570131159603],[-75.70762660163204,47.27567165312631],[-75.71092048860699,47.270479822319736],[-75.72580222781401,47.26800480332072],[-75.74016299338527,47.27320457781668],[-75.74014535442176,47.28967905434002],[-75.79709583113949,47.31714214693422],[-75.82113728379653,47.31449787856865],[-75.8342049833015,47.30745679843939],[-75.83856250624845,47.310277466169204],[-75.85892450287193,47.30122879232488],[-75.86279826450581,47.29341969031772],[-75.88184468429694,47.28247314377688],[-75.89382535666829,47.26883235453862],[-75.90186021146896,47.26711586276071],[-75.92383401175275,47.24492359915727],[-75.94299034644284,47.23661636572746],[-75.9525984797812,47.22913383562172],[-75.95293946720484,47.22273889389351],[-75.96753448704725,47.21295239720705],[-75.98598346622151,47.2110477600942],[-76.02261450888207,47.19366462015313],[-76.04211493348213,47.19982120302474],[-76.09185464909291,47.19104256397304],[-76.10161848904289,47.16405939703583],[-76.09126640039972,47.130698241452336],[-76.09964814378016,47.10036235720553],[-76.09874777309685,47.051364543931946],[-76.1065013401939,47.03404640164232],[-76.10319639969788,47.03046473606174],[-76.11932724162064,47.02027999430232],[-76.13081761663959,47.0197672075942],[-76.14926066535168,47.00624382252883],[-76.13963946890662,47.00092184544624],[-76.14062030208015,46.99482955432061],[-76.12953108530029,46.9846751456968],[-76.13970988922222,46.97573242286846],[-76.13352145596545,46.969716401341906],[-76.13766033998535,46.937186286222754],[-76.12813143045382,46.92034797411057],[-76.11545146144958,46.91930725101473],[-76.10594275678578,46.91158724706095],[-76.09988811656936,46.91577727643358],[-76.09216957991677,46.910324653271324],[-76.08523029330726,46.91164691046353],[-76.08374229940063,46.90542967338538],[-76.06479118020228,46.90056047009141],[-76.0520260309135,46.9025907513377],[-76.05119326913733,46.89632933459715],[-76.03603228327582,46.889349832489586],[-76.0198524803628,46.89566803227925],[-76.02067216225953,46.88608331645188],[-75.99403511852586,46.886867838732954],[-75.97282937800799,46.87919963591479],[-75.92659308887976,46.850898263117514],[-75.90938117766332,46.830996382673625],[-75.88715825674021,46.81673742407505],[-75.86235848971576,46.81261616434368],[-75.81992183101794,46.8279826922112],[-75.81433633854917,46.83888224657096],[-75.75015086484258,46.8390265521518],[-75.75119590787126,46.653591164011374],[-75.74511711863542,46.43825800358145],[-75.7058215906022,46.43831635531985],[-75.70647624660931,46.30861827939134],[-75.81609575069588,46.306278274426674],[-75.78810489771332,46.29390932718078],[-75.78472283717592,46.28514663513091],[-75.79842371151891,46.25721222454901],[-75.7976961906844,46.24626986013217],[-75.8132412347192,46.228467885952035],[-75.80241900152207,46.21750740553066],[-75.81041346275477,46.205951766468075],[-75.81059311340557,46.193767774545215],[-75.80577840280895,46.184702495045904],[-75.79691294974083,46.18132159212332],[-75.80001531405364,46.17521008734254],[-75.79262398540988,46.16996098090106],[-75.79096731059028,46.17472899411426],[-75.76876095327876,46.175050507056845],[-75.76469438874189,46.02258350227028],[-75.69723611370678,46.02306239960187],[-75.71144621566442,46.011799052972684],[-75.7208827101075,46.017379192937504],[-75.74556700363298,46.007566407829344],[-75.7402478082731,46.00563269672295],[-75.75024708822656,46.00331429335037],[-75.7466374910575,46.00099620336302],[-75.74921888557584,45.998196905972684],[-75.78110950381496,45.98106340050754],[-75.77531730936828,45.97789560422846],[-75.78274968514431,45.96998861007187],[-75.7746428041331,45.97024329876219],[-75.78036087456417,45.96423073436401]]}},{"type":"Feature","properties":{},"geometry":{"type":"LineString","coordinates":[[-73.5824097302893,45.51366513697824],[-73.56175848286105,45.50382641672812],[-73.56438685653794,45.50038876871877],[-73.55162854494246,45.49093295324853],[-73.53937581946911,45.488157309036865]]}},{"type":"Feature","properties":{},"geometry":{"type":"LineString","coordinates":[[-73.59190263066796,45.533482039721655],[-73.57434414099772,45.52566169175167],[-73.5824097302893,45.51366513697824]]}},{"type":"Feature","properties":{},"geometry":{"type":"LineString","coordinates":[[-73.5592400961101,45.539871029355226],[-73.58011197798449,45.5413051392318],[-73.59190263066796,45.533482039721655]]}},{"type":"Feature","properties":{},"geometry":{"type":"LineString","coordinates":[[-73.80878211156572,45.55450431345762],[-73.8376036638251,45.58088401880288]]}},{"type":"Feature","properties":{},"geometry":{"type":"LineString","coordinates":[[-73.80029876633681,45.5466958680908],[-73.80878211156572,45.55450431345762]]}},{"type":"Feature","properties":{},"geometry":{"type":"LineString","coordinates":[[-73.8376036638251,45.58088401880288],[-73.86394877246668,45.56680834373008]]}},{"type":"Feature","properties":{},"geometry":{"type":"LineString","coordinates":[[-73.75857466946431,45.55058593797109],[-73.76647186421079,45.54929920591559]]}},{"type":"Feature","properties":{},"geometry":{"type":"LineString","coordinates":[[-73.85633455788695,45.51442618232973],[-73.85254436599256,45.511807534943074],[-73.84471057815583,45.519055042193614],[-73.76370986734202,45.511898138256306]]}},{"type":"Feature","properties":{},"geometry":{"type":"LineString","coordinates":[[-73.73562502630696,45.52932375716189],[-73.74251279815542,45.53557961471723]]}},{"type":"Feature","properties":{},"geometry":{"type":"LineString","coordinates":[[-73.89234609710569,45.52484750375153],[-73.88636056374028,45.522536615791495]]}},{"type":"Feature","properties":{},"geometry":{"type":"LineString","coordinates":[[-73.90160357711733,45.88540045450046],[-73.785654555512,45.908813366519894],[-73.76087550517983,45.92064389926742],[-73.8273885641219,45.96654134219366],[-73.79876381045075,45.98575781160438]]}},{"type":"Feature","properties":{},"geometry":{"type":"LineString","coordinates":[[-74.05210968780524,45.75782337448825],[-74.0391696874534,45.76369621712949],[-74.12006695238566,45.78078984704847],[-74.103625275859,45.78510211110326],[-74.11858113425058,45.803515520923746],[-74.11166573621021,45.80547056382593],[-74.14195439544048,45.81933743250941],[-74.12613377135563,45.831441507692546],[-74.09115071470694,45.830661829816115],[-74.09419298918161,45.836398273365845],[-74.08881527255382,45.839899384407545],[-74.09074455037756,45.84710114777007],[-74.06774621748168,45.85046121872402],[-74.06487574253656,45.837989595407194],[-74.04992935937804,45.81773320330119],[-74.02434398511016,45.81802111755275],[-74.0206589445059,45.82454401309942],[-74.03139683366562,45.82497444907863],[-74.03046961391148,45.831410727825116],[-74.03825821115215,45.83708237751969],[-74.02306863334013,45.84081053115637],[-74.033047432467,45.848015047059654],[-73.90160357711733,45.88540045450046]]}},{"type":"Feature","properties":{},"geometry":{"type":"LineString","coordinates":[[-74.20841934750331,45.686962002719255],[-74.21206117408319,45.670436928527586],[-74.20229255457159,45.67658279108239],[-74.20635446747691,45.68233680872677],[-74.19794015510507,45.68127045877916],[-74.19288478927398,45.68777650874931],[-74.18608635724061,45.68484267656001],[-74.18120879739206,45.690919117918234],[-74.16631212130058,45.68860051025212],[-74.13325967884984,45.70016475092898],[-74.11346674975117,45.699977685427655],[-74.09244928639274,45.711355176948715],[-74.08505296814432,45.72270700496984],[-74.06570577565851,45.73244002248659],[-74.05745813814939,45.73119735999142],[-74.05696382423342,45.73710306809471],[-74.07362489652526,45.74821839218519],[-74.05210968780524,45.75782337448825]]}},{"type":"Feature","properties":{},"geometry":{"type":"LineString","coordinates":[[-71.66170449817224,46.64659129034899],[-71.59731844600348,46.606650182247684],[-71.5828145523441,46.60706838527209],[-71.56104541887953,46.59219161916315],[-71.57078564328123,46.58809808769234],[-71.58203536363409,46.590115023284284],[-71.56118486850458,46.57538664072329],[-71.57586742080186,46.572233604216905],[-71.56204938589187,46.5613867320591],[-71.54569408873677,46.56442332799005],[-71.49070642220354,46.52477154557272],[-71.51999686859874,46.516955934807214],[-71.51107561359892,46.51140683981212],[-71.50169543221882,46.52048715242793],[-71.47008828017528,46.49573267668751],[-71.49527077595145,46.471720669854264],[-71.40950649628917,46.41177208797561],[-71.39111910560437,46.441134325017075],[-71.33912254510776,46.40134498013662],[-71.31609129704773,46.400802713471656],[-71.31411230002125,46.39286611952943],[-71.33617375012302,46.39302850723675],[-71.33204180511544,46.378583463820696],[-71.3361324291177,46.35907975328853],[-71.25500301092401,46.30142740976455],[-71.10495089607646,46.30920431335043]]}},{"type":"Feature","properties":{},"geometry":{"type":"LineString","coordinates":[[-71.25001572361866,46.76231044889084],[-71.26900547621653,46.751499830354945],[-71.30619686482221,46.74416439722258]]}},{"type":"Feature","properties":{},"geometry":{"type":"LineString","coordinates":[[-73.37994957832764,45.43298269467572],[-73.37920183412425,45.437858598932515],[-73.37335172774078,45.43836740802558],[-73.37560263006534,45.442007799354634],[-73.36041535459243,45.448791034594045],[-73.41966400283937,45.48254841467306]]}},{"type":"Feature","properties":{},"geometry":{"type":"LineString","coordinates":[[-73.41966400283937,45.48254841467306],[-73.46244637680196,45.505940520866126],[-73.44275568492915,45.507498210588686],[-73.4397379849677,45.511878581115],[-73.48162475432888,45.529385868480226],[-73.48657295844029,45.52246685830123],[-73.5225572703504,45.53572187677367]]}},{"type":"Feature","properties":{},"geometry":{"type":"LineString","coordinates":[[-73.41966400283937,45.48254841467306],[-73.40297838490066,45.50172557649799],[-73.40776649852135,45.5042491076428],[-73.40546506194242,45.5095055322291],[-73.3936998706388,45.510272750810984],[-73.377653306212,45.52615895168905],[-73.39014496732496,45.537363734843076]]}},{"type":"Feature","properties":{},"geometry":{"type":"LineString","coordinates":[[-73.39014496732496,45.537363734843076],[-73.41066677100815,45.55268319038365],[-73.42028494415123,45.54603872155565],[-73.47353953580479,45.58904845573937],[-73.48773920947463,45.586014194303296]]}},{"type":"Feature","properties":{},"geometry":{"type":"LineString","coordinates":[[-71.25480353006641,46.78373684260511],[-71.26767049421166,46.79608139828987],[-71.31355763879017,46.789348183671834],[-71.31655615821302,46.79454800453468],[-71.32373391690238,46.79005082399608],[-71.33463882963456,46.79583604760057]]}},{"type":"Feature","properties":{},"geometry":{"type":"LineString","coordinates":[[-71.49207449151073,46.802641253791585],[-71.42284371423735,46.7547396771883],[-71.40117423486198,46.76370407259599],[-71.38769975924978,46.75442574418688],[-71.37730430016816,46.758818541937906],[-71.36725563789861,46.75451786526898],[-71.38314854210564,46.746094209026005],[-71.37118653087947,46.73828869521084]]}},{"type":"Feature","properties":{},"geometry":{"type":"LineString","coordinates":[[-71.33463882963456,46.79583604760057],[-71.34952857314113,46.78541189768701],[-71.38162976272561,46.80721275451045],[-71.3621675216598,46.818629335382894],[-71.3798437592643,46.83025906958396],[-71.39777851324024,46.81810139763544],[-71.41176774302043,46.827916913612775],[-71.41452475884894,46.82437109550701],[-71.42013434414251,46.8278200870736],[-71.4406682284049,46.8132559043007],[-71.49207449151073,46.802641253791585]]}},{"type":"Feature","properties":{},"geometry":{"type":"LineString","coordinates":[[-71.24455144747571,46.76572608013685],[-71.24886575780035,46.772090209381794],[-71.2444452472596,46.775040278538434]]}},{"type":"Feature","properties":{},"geometry":{"type":"LineString","coordinates":[[-71.33463882963456,46.79583604760057],[-71.34520008959073,46.80783848756979],[-71.27885507641794,46.83094777928347]]}},{"type":"Feature","properties":{},"geometry":{"type":"LineString","coordinates":[[-71.43854807072587,46.914640438942556],[-71.47112700677326,46.89213030886022],[-71.45958229320654,46.883701669760455],[-71.4751835182787,46.873227524908145],[-71.48371203031097,46.87920576260112],[-71.50994583972088,46.8632062628038],[-71.50434643658117,46.859127852779444],[-71.54944509452115,46.85107644130757],[-71.53161970358512,46.838646516377715],[-71.54085519142514,46.83676150631921],[-71.49207449151073,46.802641253791585]]}},{"type":"Feature","properties":{},"geometry":{"type":"LineString","coordinates":[[-73.7875714268693,45.62853441149127],[-73.7945223926453,45.6161927927597],[-73.812502277645,45.60953750706619]]}},{"type":"Feature","properties":{},"geometry":{"type":"LineString","coordinates":[[-73.80878211156572,45.55450431345762],[-73.76442088135173,45.56770642725063],[-73.71654435037445,45.5925623715344]]}},{"type":"Feature","properties":{},"geometry":{"type":"LineString","coordinates":[[-73.82561945578318,45.60236481827232],[-73.8376036638251,45.58088401880288]]}},{"type":"Feature","properties":{},"geometry":{"type":"LineString","coordinates":[[-71.89168968172771,46.3266291623615],[-71.86591736954162,46.30710974929904],[-71.91731844336506,46.286722208360295],[-71.92279329761446,46.273518991044455],[-71.94134474997855,46.25873812973835],[-71.95520326253643,46.256832750006915],[-71.96122126766767,46.260350304537965],[-71.98613914586655,46.24692570144929],[-71.98566634524406,46.21824860536183],[-71.96519003665044,46.22161218588818],[-71.96496227460788,46.211009037075605],[-71.95811097149652,46.21394497715168],[-71.9579379207311,46.1981614720358],[-71.94988735551904,46.20126154774742],[-71.95050921920313,46.1722052667912],[-71.96378226768861,46.16695211019214],[-71.9649553955807,46.15264447388755],[-71.97170010089246,46.15011674647186],[-71.97152227188998,46.135402479547594],[-71.97678998977683,46.13368557323864],[-71.97609333267945,46.118507348777555],[-71.96757729356881,46.12140938066113],[-71.96874324375909,46.107017354718266],[-71.96378344744991,46.10902607319721],[-71.96227216530554,46.095385247412615],[-71.9452437994186,46.10204682983981],[-71.92294276968506,46.122732688088654],[-71.92105933714099,46.11131956055808],[-71.91487956784268,46.11338431572484],[-71.91319855673522,46.100308814322524],[-71.81711791139882,46.13886623458188],[-71.68853026033759,46.07468781061417],[-71.69981796961574,46.06290332766642],[-71.62573227717388,46.02505841890323],[-71.6861183032363,45.9667079931781],[-71.56273241958942,45.906537086242096],[-71.55218175963275,45.91748901303174],[-71.49951730569929,45.8920256476666],[-71.49694631534813,45.89531112997713],[-71.4550900407859,45.872676380641515],[-71.46789859432654,45.81921977772299],[-71.43667967158952,45.79874334993747]]}},{"type":"Feature","properties":{},"geometry":{"type":"LineString","coordinates":[[-73.86390910104926,45.643733536607535],[-73.92567298059298,45.68530536668786],[-73.89093447714187,45.714387361058854],[-73.85001125061608,45.724068513709966]]}},{"type":"Feature","properties":{},"geometry":{"type":"LineString","coordinates":[[-73.91297657980795,45.53406643591437],[-73.92574970581072,45.54317552802663],[-73.92057907600115,45.544612239403],[-73.9253239405218,45.56243882199738],[-73.97855524968658,45.56027689653908],[-73.98399778740297,45.576065571730936],[-73.97797980105183,45.5815398978063],[-73.98284053422623,45.59988044991519],[-73.96100453850387,45.606135204693345],[-73.95060511853119,45.602415497551505],[-73.95116073420819,45.61653157431009],[-73.94434232558166,45.6217216736709],[-73.94414743892696,45.61865364448257],[-73.93293551732519,45.61993250579004],[-73.9165634976743,45.605781640279744],[-73.90522914795508,45.612900840501595],[-73.89591355222294,45.60648817582855],[-73.89690583751256,45.61740747600691],[-73.93138329528941,45.639443282714694],[-73.91708421765944,45.6336766912058],[-73.87210356729206,45.64177242885125],[-73.88137651267262,45.6491748404013],[-73.86390910104926,45.643733536607535]]}},{"type":"Feature","properties":{},"geometry":{"type":"LineString","coordinates":[[-73.85001125061608,45.724068513709966],[-73.94755008367302,45.78940606554051],[-73.97256474598677,45.76815254367227],[-73.96848840008454,45.76546637337486],[-73.97650090819425,45.76434011259339],[-73.96820930718116,45.75874864554872],[-73.98168912324957,45.74569059804426],[-73.99795361673148,45.755154587571],[-74.00111757464258,45.748713408190994],[-74.01503464127978,45.75333562401215],[-74.02950901293165,45.74335232678472],[-74.05210968780524,45.75782337448825]]}},{"type":"Feature","properties":{},"geometry":{"type":"LineString","coordinates":[[-73.94652377037718,45.49697937070312],[-73.9100028346287,45.52029377156687]]}},{"type":"Feature","properties":{},"geometry":{"type":"LineString","coordinates":[[-74.13357073507751,45.46718281643175],[-74.0877313326875,45.449536401872074],[-74.07172569241989,45.45311702198235]]}},{"type":"Feature","properties":{},"geometry":{"type":"LineString","coordinates":[[-73.62053728746562,45.523549218012796],[-73.64901903070054,45.5301395054345]]}},{"type":"Feature","properties":{},"geometry":{"type":"LineString","coordinates":[[-73.62478822666188,45.48862603361591],[-73.63313232519171,45.49234922270402],[-73.62745923289238,45.498649403488514],[-73.64217215035279,45.5053831730417],[-73.62053728746562,45.523549218012796]]}},{"type":"Feature","properties":{},"geometry":{"type":"LineString","coordinates":[[-73.66824019836318,45.45660720438284],[-73.65946808132453,45.4545526217214],[-73.66143063796778,45.45729742840327],[-73.6458055793798,45.47316640273995],[-73.62375203865116,45.47958778952537],[-73.62918614296,45.48345060486681],[-73.62478822666188,45.48862603361591]]}},{"type":"Feature","properties":{},"geometry":{"type":"LineString","coordinates":[[-73.64901903070054,45.5301395054345],[-73.66544368741727,45.502969772719794],[-73.68619735410269,45.48950714269782],[-73.67728480102662,45.483862812203846],[-73.6831469195719,45.46481944023645]]}},{"type":"Feature","properties":{},"geometry":{"type":"LineString","coordinates":[[-73.3866518996467,45.413199943327164],[-73.34868925384015,45.38608871320238],[-73.34737847257719,45.39031505291467],[-73.32678770828635,45.38320192852173],[-73.30834339519771,45.40613116858158]]}},{"type":"Feature","properties":{},"geometry":{"type":"LineString","coordinates":[[-73.26513298241399,45.55844930968116],[-73.29718579779728,45.58084797639243],[-73.27639438668612,45.59333103003823],[-73.29251303303509,45.60514950635375],[-73.28215164864056,45.61783678863583],[-73.29950611149236,45.63008228461798],[-73.30500524500484,45.62196260989667],[-73.3451349682578,45.65078987751122],[-73.33965138493814,45.645275958481065],[-73.3500052259688,45.63192325899238],[-73.35769550202936,45.63786806763678],[-73.3574735407475,45.62905781984332],[-73.37207263200501,45.63905387685126],[-73.36850321369886,45.63534934587195],[-73.37563493088136,45.6328988622007],[-73.37068702274668,45.62215432653004],[-73.37658068099678,45.62450921526258],[-73.3742365716532,45.619556816740506],[-73.38343937958132,45.60844852532666],[-73.35981340168685,45.58561749129495],[-73.37172642306143,45.55607178263614],[-73.37508409328561,45.53295044091384],[-73.38719893468897,45.541765975647294],[-73.39014496732496,45.537363734843076]]}},{"type":"Feature","properties":{},"geometry":{"type":"LineString","coordinates":[[-73.52947950447177,45.75423463184764],[-73.52417024653033,45.81401402117359],[-73.51318360901821,45.81090206342616],[-73.50832688679809,45.81939411157968],[-73.47822134552777,45.80850049516179],[-73.48954154585373,45.816876771654464],[-73.46944542238559,45.83080029402814],[-73.47995548709683,45.84014030657039],[-73.46114881929736,45.85178873864035],[-73.44583742618016,45.847649680701245],[-73.44524045250091,45.840194736136574],[-73.44033266785007,45.84654710610078],[-73.44521856479875,45.85300083595019],[-73.44357422628912,45.8618315557291],[-73.45232687443615,45.86422341304358],[-73.45618873659382,45.85813098973664],[-73.46156626561147,45.862413345174474],[-73.44733691257797,45.87286480771549]]}},{"type":"Feature","properties":{},"geometry":{"type":"LineString","coordinates":[[-73.5786972766852,45.71886101830986],[-73.55654834595428,45.72753599822825],[-73.55518022427343,45.754646636216314],[-73.52947950447177,45.75423463184764]]}},{"type":"Feature","properties":{},"geometry":{"type":"LineString","coordinates":[[-73.58035699281375,45.71868101779547],[-73.57937547598839,45.71878746583825]]}},{"type":"Feature","properties":{},"geometry":{"type":"LineString","coordinates":[[-73.58173081166214,45.71853202358185],[-73.58047066870648,45.71866868935037]]}},{"type":"Feature","properties":{},"geometry":{"type":"LineString","coordinates":[[-73.80677512143889,45.82083971589908],[-73.79727304037733,45.82680699985783],[-73.77663724217895,45.809823507810826],[-73.7706239978586,45.809891448844475],[-73.76895966066903,45.8165902830561],[-73.74192516998654,45.806036464528965],[-73.69853346641332,45.80453739723457],[-73.70088635128566,45.79742411117263],[-73.68731891700116,45.794766224265096],[-73.7010503794968,45.76863290752751],[-73.6903607481359,45.764969214659985],[-73.69948340791639,45.74700396798901],[-73.66920066093525,45.726772032381874],[-73.59163142756503,45.71745827613512]]}},{"type":"Feature","properties":{},"geometry":{"type":"LineString","coordinates":[[-73.90160357711733,45.88540045450046],[-73.80677512143889,45.82083971589908]]}},{"type":"Feature","properties":{},"geometry":{"type":"LineString","coordinates":[[-71.89256064159358,47.77256562284968],[-71.45676185937327,47.34269268897727],[-71.43217992517,47.32715530495292],[-71.25114338371864,47.15383460029924],[-71.26754103287405,47.146607306197936],[-71.26184724469638,47.137038594508475],[-71.26448977779715,47.13401655197502],[-71.23961876269392,47.134145585321384],[-71.23943311412702,47.117679989329005],[-71.22221938798667,47.11944510349126],[-71.21937021025272,47.12706589547737],[-71.17908111260948,47.10180656824701],[-71.1862359871124,47.097532987259974],[-71.17248069788329,47.08781477604236],[-71.19284552931734,47.08744265246518],[-71.18313361344775,47.071755971878794],[-71.21388568403084,47.057562180511724],[-71.2044526897289,47.04918167258317],[-71.26996369013169,47.01765165085021],[-71.28582904757327,47.03335643489506],[-71.36461981422012,46.98388390380409],[-71.33598146734124,46.955435939410464]]}},{"type":"Feature","properties":{},"geometry":{"type":"LineString","coordinates":[[-72.07393193204783,47.950241155335235],[-71.89256064159358,47.77256562284968]]}},{"type":"Feature","properties":{},"geometry":{"type":"LineString","coordinates":[[-73.59507060500577,45.50365157990947],[-73.61481888181486,45.49301688449776],[-73.61564794036329,45.486471897326254],[-73.62478822666188,45.48862603361591]]}},{"type":"Feature","properties":{},"geometry":{"type":"LineString","coordinates":[[-73.59865967126095,45.4672761202661],[-73.57790594561159,45.481275461803335],[-73.58795322438627,45.491345007425814],[-73.58172923425518,45.49656380298267],[-73.59165902612894,45.49506773321291],[-73.59507060500577,45.50365157990947]]}},{"type":"Feature","properties":{},"geometry":{"type":"LineString","coordinates":[[-73.59507060500577,45.50365157990947],[-73.59166468276696,45.50822153117193],[-73.59807521135531,45.51412360558003],[-73.5824097302893,45.51366513697824]]}},{"type":"Feature","properties":{},"geometry":{"type":"LineString","coordinates":[[-73.61703941250082,45.52769219079047],[-73.62053728746562,45.523549218012796]]}},{"type":"Feature","properties":{},"geometry":{"type":"LineString","coordinates":[[-73.59190263066796,45.533482039721655],[-73.6123087855752,45.5256657582096],[-73.61703941250082,45.52769219079047]]}},{"type":"Feature","properties":{},"geometry":{"type":"LineString","coordinates":[[-73.58715033837638,45.566415271671524],[-73.60172526654837,45.57251221333736],[-73.62177172942422,45.55504935054625]]}},{"type":"Feature","properties":{},"geometry":{"type":"LineString","coordinates":[[-73.61703941250082,45.52769219079047],[-73.6208683303672,45.531880312644816],[-73.58728416773111,45.56500950574281]]}},{"type":"Feature","properties":{},"geometry":{"type":"LineString","coordinates":[[-73.64816903230108,45.53142604804435],[-73.64901903070054,45.5301395054345]]}},{"type":"Feature","properties":{},"geometry":{"type":"LineString","coordinates":[[-73.47090430961563,45.70137686361349],[-73.47361694222872,45.700409260782685]]}},{"type":"Feature","properties":{},"geometry":{"type":"LineString","coordinates":[[-73.13021293720095,45.58920938884747],[-73.12710786123363,45.58858302811978],[-73.14011389142253,45.611297757988794],[-73.13175614857215,45.63199030065373],[-73.10888287310537,45.615526720272634],[-73.09880388424024,45.6136419860386],[-73.10081902278836,45.66057741254686],[-73.11642315951055,45.673901408262324],[-73.1149913532447,45.6927524039151],[-73.10406091374928,45.71408630934859],[-73.08918297325843,45.72926316688528],[-73.07370349314732,45.717909318570115],[-73.05902306906091,45.74823567135456],[-73.09329786714265,45.772277734013095],[-73.09218342644729,45.779688210180844],[-73.1042343431037,45.78789716139682],[-73.09612459377685,45.7979625419552],[-73.1235938944655,45.81798008384614]]}},{"type":"Feature","properties":{},"geometry":{"type":"LineString","coordinates":[[-73.42887948685325,45.73520120151991],[-73.43256510149735,45.730703619823856]]}},{"type":"Feature","properties":{},"geometry":{"type":"LineString","coordinates":[[-73.7679236715645,45.49451221657058],[-73.77340362832683,45.49759355373443],[-73.77264218685195,45.50257745298909],[-73.75803090186746,45.50135937856546],[-73.75220173656177,45.50408265675287],[-73.75568305275553,45.50640605060654]]}},{"type":"Feature","properties":{},"geometry":{"type":"LineString","coordinates":[[-75.52234980573859,47.764162088927435],[-75.52045724342805,47.8463321427534]]}},{"type":"Feature","properties":{},"geometry":{"type":"LineString","coordinates":[[-75.9311178012766,45.431833250833805],[-75.89518509822278,45.401634686952924]]}},{"type":"Feature","properties":{},"geometry":{"type":"LineString","coordinates":[[-76.2962168148672,45.46453156281488],[-76.24020557145745,45.47120231254441],[-76.23348268242772,45.507828729588475],[-76.21034577726827,45.516725130762595],[-76.10560597361871,45.51620655490336],[-75.98716460661818,45.479645308637764],[-75.95474415048453,45.46026074888854],[-75.9311178012766,45.431833250833805]]}},{"type":"Feature","properties":{},"geometry":{"type":"LineString","coordinates":[[-77.85016760210644,46.20796968597871],[-77.78956695376026,46.196606878981996],[-77.72205958005905,46.19200295005087],[-77.6946549707841,46.182698280005084],[-77.67652625011414,46.19884418903022],[-77.62054412981597,46.174862488506],[-77.5660827106313,46.15922059111122],[-77.44187511521557,46.09330892018316],[-77.36237934557838,46.059486088349644],[-77.31474349594222,46.026851414487524],[-77.27913601303403,46.01551370643942],[-77.2763341814268,46.00853964990745],[-77.28672923752401,45.986546382956995],[-77.27840407101421,45.94888964492994],[-77.25747463056706,45.929220027231274],[-77.23618837728601,45.920532292173654],[-77.23043387121079,45.905540354083065],[-77.19032721643872,45.863860846932276],[-77.13154788714783,45.843984505117504],[-77.08155834183538,45.83558296224358],[-77.06683892917059,45.82792479938222],[-77.05366793917335,45.8105824595531],[-77.01697334194328,45.80712553623072],[-76.98768333530982,45.786634757203],[-76.93534942273158,45.78908650963828],[-76.91336820962685,45.80366336039679],[-76.91199668388751,45.8096708260519],[-76.92747638517972,45.84686196639461],[-76.90588167933225,45.84754016601238],[-76.90098129457382,45.85325840187171],[-76.92203881851361,45.86976874329869],[-76.9298528117389,45.88783612305116],[-76.92757515407405,45.892254878220484],[-76.89483860077486,45.898146176259445],[-76.84157223482464,45.890399239124704],[-76.78016160645146,45.87237197867629],[-76.7647401383531,45.85098518648966],[-76.77004850060081,45.82973871254132],[-76.76575920899661,45.81098948954273],[-76.78139282092746,45.78528211599368],[-76.76786105662744,45.755519618321344],[-76.77120590075265,45.7497758961191],[-76.765819329429,45.746831856540375],[-76.77028979446041,45.73406333006798],[-76.74471078896082,45.723147005410276],[-76.70460113541101,45.72135620208233],[-76.69278273782562,45.708651526157006],[-76.69607647869937,45.70099587009955],[-76.68653717193646,45.68529433688279],[-76.69080463792936,45.67941845938864],[-76.70511482498884,45.67588736660637],[-76.711944539582,45.66548225841489],[-76.68496470197452,45.63299591390156],[-76.66916577364461,45.62371585869339],[-76.67470632019173,45.58368976311775],[-76.65927494664915,45.56072605901664],[-76.60374500202192,45.532181297786444],[-76.5216799281215,45.516357185339416],[-76.50106471768862,45.519040632699344],[-76.48154513241495,45.50482870828851],[-76.45356576093673,45.500389682790754],[-76.36595599940075,45.45783178610226],[-76.3170373693627,45.45702294966785],[-76.2962168148672,45.46453156281488]]}},{"type":"Feature","properties":{},"geometry":{"type":"LineString","coordinates":[[-71.89256064159358,47.77256562284968],[-72.23967849243324,47.53595440916966],[-72.21452777509113,47.51516892507998],[-72.20539491769017,47.50081258770371],[-72.19602771579937,47.500986111113036],[-72.19429313301985,47.49464842023056],[-72.20099225293221,47.48534329333099],[-72.18294211405443,47.47681151956339],[-72.17223870538827,47.476840237623065],[-72.16285410720545,47.46896541796385],[-72.16097148692847,47.46399659833448],[-72.16696791755876,47.46442853023646],[-72.17249484530232,47.4581889221857],[-72.16867767328114,47.45041798049273],[-72.17399425103626,47.438958601928206],[-72.15913341527161,47.421529592196975],[-72.14410503375846,47.417555976007115],[-72.14136362103002,47.41078370145374],[-72.14564787180583,47.39958030184439],[-72.15983227717093,47.39216936605131],[-72.18453625668612,47.36584439631456],[-72.20134884548342,47.36065705415228],[-72.20586805132615,47.32931584135322],[-72.2153213286387,47.31411920826533],[-72.23466068980372,47.29957867458005],[-72.24362514521529,47.286052343204986],[-72.25770478249436,47.28066887368294],[-72.24740763981285,47.27037576810378],[-72.2547359958471,47.26151792952721],[-72.26494297363828,47.26725435846845],[-72.28505513003999,47.26558625181329],[-72.32238178522552,47.28384539847637],[-72.34191308601758,47.28373682112793],[-72.42689706778492,47.299851507877314],[-72.40076261296251,47.35376951722925],[-72.44527031528446,47.38666758348197],[-72.4404221830349,47.40231769463529],[-72.47936693555708,47.37940526048435],[-72.47214715166268,47.33498170912213],[-72.54756834461243,47.309668800864095],[-72.54719714345543,47.204104495593604],[-72.51882541417363,47.14667343926457],[-72.44231264765106,47.1443236038741],[-72.41960826931329,47.129324408817894],[-72.39386745247431,47.12869538461415],[-72.37152567627585,47.10173213605611],[-72.43620450541022,47.05726411068347],[-72.16885369722314,46.874852336812566],[-72.22868265116566,46.83517145678781],[-72.23348023084083,46.83853785312868],[-72.24797696386764,46.828691416869155],[-72.27153411740031,46.84658247235809],[-72.30059053596561,46.82797374806281],[-72.30646238663014,46.833349683089054],[-72.33400141844434,46.814519487610404],[-72.34479904299235,46.822341610290586],[-72.3931711810868,46.792105755238296],[-72.10451742370077,46.58660831251574]]}},{"type":"Feature","properties":{},"geometry":{"type":"LineString","coordinates":[[-73.52947950447177,45.75423463184764],[-73.50186918050026,45.73647589694785],[-73.49934884248059,45.72746656158767]]}},{"type":"Feature","properties":{},"geometry":{"type":"LineString","coordinates":[[-73.48724953482089,45.712675968792375],[-73.49723433112375,45.704743905133036]]}},{"type":"Feature","properties":{},"geometry":{"type":"LineString","coordinates":[[-72.29884289452762,45.58932074496029],[-72.14887328489709,45.509114565418706],[-72.14324414717655,45.51440264258538],[-72.1302963843679,45.5081856048831],[-72.12880580266304,45.49894431064468],[-72.14040130996031,45.48501830197766],[-72.13313151121156,45.473530392352814],[-72.15028085885926,45.443808167817764],[-72.1463752564503,45.4283221091889]]}},{"type":"Feature","properties":{},"geometry":{"type":"LineString","coordinates":[[-73.78099622535233,45.65642665377799],[-73.79362690031786,45.66466603857086],[-73.80248880751594,45.658567552297306],[-73.79058970770599,45.65103259775735],[-73.80559830135141,45.6501900951894],[-73.82108030721761,45.6326518611694],[-73.83599739590102,45.62903206790652],[-73.86390910104926,45.643733536607535]]}},{"type":"Feature","properties":{},"geometry":{"type":"LineString","coordinates":[[-73.84646376154727,45.72176232759538],[-73.76476237694382,45.71277836362553],[-73.75568843048858,45.71711445217634],[-73.75889076734806,45.72848517069173],[-73.74505336947618,45.73271807967788],[-73.75046075414156,45.75009554098641],[-73.73069974925099,45.75431883562876],[-73.82402252769408,45.81691513098844],[-73.80677512143889,45.82083971589908]]}},{"type":"Feature","properties":{},"geometry":{"type":"LineString","coordinates":[[-73.85001125061608,45.724068513709966],[-73.84646376154727,45.72176232759538]]}},{"type":"Feature","properties":{},"geometry":{"type":"LineString","coordinates":[[-73.07263307252862,45.47595263919825],[-73.04003273109406,45.47681340161309],[-73.03457811127726,45.49189754991565],[-73.00797554040368,45.47414741663346],[-73.00347141435763,45.47936130560683],[-72.9580883158679,45.4750123293531],[-72.96605038936782,45.45705619669505],[-72.92499871198972,45.452373131260806],[-72.9209314440447,45.46620985137717],[-72.9056477268227,45.46402135248763],[-72.89661848937672,45.47916838450459],[-72.88024709974613,45.468916360491775],[-72.86073991908701,45.47776501705891],[-72.81719959565471,45.47275519809888],[-72.7995058201206,45.53801876092209],[-72.77134861773017,45.538401099309596],[-72.77316290455778,45.525061500309555],[-72.69084718854533,45.5238467255886],[-72.69096483715538,45.531326824594494],[-72.67559851748953,45.53095061110747],[-72.67618476396922,45.53881208157489],[-72.60701484831137,45.53762450419693],[-72.60611150281338,45.526026477912495],[-72.58436197791357,45.52545621757783],[-72.58637355630107,45.498475600460765],[-72.44862939086119,45.49426292196278],[-72.45467898644094,45.45087280726936],[-72.4038918882273,45.449197251113105],[-72.40232496263953,45.52826357894683],[-72.37860762257971,45.529709871411605],[-72.37810595196153,45.56645040226415],[-72.36076320870465,45.567317572047465],[-72.3596910541232,45.5889079143081],[-72.35063393010435,45.58891886315077],[-72.34359582144525,45.59843729002932],[-72.31440104755353,45.597072338418165]]}},{"type":"Feature","properties":{},"geometry":{"type":"LineString","coordinates":[[-72.99481315550445,45.337566778255024],[-73.00870349908315,45.34758947858529],[-73.0070499319087,45.370748439931965],[-73.01098996368218,45.37527150030653],[-73.02685393363826,45.37249839887236],[-73.04622997942731,45.38698750651979],[-73.087835101191,45.35569653298558],[-73.11730464123463,45.37115820762977],[-73.13305704466009,45.35968500312322],[-73.15968783039708,45.37766231510618]]}},{"type":"Feature","properties":{},"geometry":{"type":"LineString","coordinates":[[-72.70436044745269,46.424114523749395],[-72.68871575516485,46.421499018066264],[-72.67909976504603,46.411224341487575],[-72.6452126294332,46.392902532917574],[-72.6247362997411,46.39731649522169],[-72.60590975201636,46.3755632469112],[-72.57308763935279,46.36853927841488],[-72.5630713442232,46.403353243697566],[-72.55540393111204,46.39828341031313],[-72.5404971408567,46.407455131148296],[-72.53835604740725,46.397907493751596],[-72.49859222846136,46.37617588530652]]}},{"type":"Feature","properties":{},"geometry":{"type":"LineString","coordinates":[[-73.84646376154727,45.72176232759538],[-73.80864431092988,45.696992240948305],[-73.79294270109872,45.69988325624404],[-73.77234112659542,45.68181887618725],[-73.76706690349619,45.68580484062346],[-73.75321295791545,45.67728526919596]]}},{"type":"Feature","properties":{},"geometry":{"type":"LineString","coordinates":[[-74.38087638693005,45.5659044334263],[-74.4213767234344,45.43979340306138]]}},{"type":"Feature","properties":{},"geometry":{"type":"LineString","coordinates":[[-78.9813219852435,43.858437915801424],[-79.00854293234254,43.92250230715114]]}},{"type":"Feature","properties":{},"geometry":{"type":"LineString","coordinates":[[-79.00854293234254,43.92250230715114],[-79.08850819575923,43.90418090026913],[-79.08262468940012,43.89270771090141],[-79.07739445992347,43.89467205817032],[-79.06969045263142,43.87614057389004],[-79.07873226302664,43.870835027168276],[-79.07050885446542,43.85419142110394],[-79.06655853477339,43.85509012983804],[-79.06078088582116,43.84183179014948],[-79.05156861751567,43.84546152357887],[-79.04397745651033,43.82919388886141]]}},{"type":"Feature","properties":{},"geometry":{"type":"LineString","coordinates":[[-76.3539711068924,45.4105576333762],[-76.29739427328806,45.44729785381294],[-76.2962168148672,45.46453156281488]]}},{"type":"Feature","properties":{},"geometry":{"type":"LineString","coordinates":[[-77.13748229534765,45.09926047825834],[-76.97068421799409,45.14532242339325],[-76.9924863248013,45.18443210175372],[-76.98120117168824,45.18299382368729],[-76.93773344279097,45.210861529266666],[-76.92669233727696,45.209754120945554],[-76.91515696479131,45.19400715660861],[-76.90211934760174,45.19721473471555],[-76.89451533946897,45.19351447370212],[-76.85047879652501,45.21628706048624],[-76.81473035719004,45.221399497384446],[-76.76980018022779,45.14228562817979],[-76.58383751117422,45.26393262092265],[-76.4533187121216,45.34172868963263],[-76.3539711068924,45.4105576333762]]}},{"type":"Feature","properties":{},"geometry":{"type":"LineString","coordinates":[[-78.17845589821559,45.30978877931232],[-77.69095883045712,45.43811923984571],[-77.62356908141423,45.31547660133714],[-77.63600440493347,45.31247608174884],[-77.54399618536905,45.143584146028445],[-77.21580353145885,45.23703755186096],[-77.13748229534765,45.09926047825834]]}},{"type":"Feature","properties":{},"geometry":{"type":"LineString","coordinates":[[-78.31462910718555,45.56075873680126],[-78.17845589821559,45.30978877931232]]}},{"type":"Feature","properties":{},"geometry":{"type":"LineString","coordinates":[[-78.40347142936616,46.29338829992327],[-78.39699273773509,46.27358355790605],[-78.41248587322802,46.273316318967716],[-78.32810156156994,46.12148906132192],[-78.50888741575811,46.07279157953336],[-78.50260567866553,46.05542973440058],[-78.6819159682718,46.00701007320014],[-78.61560065805745,45.888016590390116],[-78.44544217767636,45.93197407764191],[-78.38378704375803,45.814213046232666],[-78.37844510261888,45.815600910455835],[-78.2481785476274,45.57864497376217],[-78.31462910718555,45.56075873680126]]}},{"type":"Feature","properties":{},"geometry":{"type":"LineString","coordinates":[[-79.40645613812904,44.01380967390812],[-79.46757560505738,43.99965500010806],[-79.47290679628625,44.02244970747769],[-79.49949149997968,44.01647049929587]]}},{"type":"Feature","properties":{},"geometry":{"type":"LineString","coordinates":[[-79.38952093594065,43.92378760256995],[-79.39576049092527,43.99441070559111],[-79.40645613812904,44.01380967390812]]}},{"type":"Feature","properties":{},"geometry":{"type":"LineString","coordinates":[[-79.38405993653308,43.90146359335697],[-79.38952093594065,43.92378760256995]]}},{"type":"Feature","properties":{},"geometry":{"type":"LineString","coordinates":[[-79.46735250856194,43.88411169464903],[-79.38405993653308,43.90146359335697]]}},{"type":"Feature","properties":{},"geometry":{"type":"LineString","coordinates":[[-79.49949149997968,44.01647049929587],[-79.46735250856194,43.88411169464903]]}},{"type":"Feature","properties":{},"geometry":{"type":"LineString","coordinates":[[-79.50897489422307,44.42235654945056],[-79.60814669048824,44.39225012224523],[-79.65176447957218,44.38666915165222],[-79.7456508093832,44.36202959131387]]}},{"type":"Feature","properties":{},"geometry":{"type":"LineString","coordinates":[[-79.51265408566606,44.2101113048632],[-79.50965561108848,44.387390050700574],[-79.50536172387133,44.39732294493192],[-79.50897489422307,44.42235654945056]]}},{"type":"Feature","properties":{},"geometry":{"type":"LineString","coordinates":[[-79.72323719338446,44.18521409215932],[-79.71793935425428,44.16474295062013],[-79.51265408566606,44.2101113048632]]}},{"type":"Feature","properties":{},"geometry":{"type":"LineString","coordinates":[[-79.7456508093832,44.36202959131387],[-79.72315840539908,44.27529060942795],[-79.71648943348997,44.27679620992572],[-79.71414436399986,44.2713886676748],[-79.71276598367217,44.26501340768022],[-79.72009950639868,44.26336700952028],[-79.70461861024019,44.20193081229546],[-79.72403455653847,44.19641376279135],[-79.72323719338446,44.18521409215932]]}},{"type":"Feature","properties":{},"geometry":{"type":"LineString","coordinates":[[-79.29856866713233,44.4522737774817],[-79.41198851605652,44.58771621451885],[-79.42330894566945,44.57651468685773],[-79.42358134158903,44.57155800243837],[-79.41791209908988,44.57024382260593],[-79.42459629764316,44.56715960981849],[-79.43459039685187,44.57901960332521],[-79.44665528622193,44.56960319543354],[-79.47563588947732,44.60327300254046],[-79.45708371948169,44.612160308711445],[-79.50973848527458,44.619420092042205],[-79.57830007279522,44.69803911905498],[-79.59286106910146,44.69333730310462],[-79.59473570299608,44.68752492952735],[-79.59979365754216,44.69101090646827],[-79.64518312546458,44.67000416551226],[-79.67718768869968,44.70520408712443],[-79.79924190262345,44.65191919573814],[-79.79621031743173,44.648444597718125],[-79.83152179248464,44.63266417832707],[-79.8343900870993,44.63611949714531],[-79.9844292686654,44.56985534557502]]}},{"type":"Feature","properties":{},"geometry":{"type":"LineString","coordinates":[[-79.50897489422307,44.42235654945056],[-79.29856866713233,44.4522737774817]]}},{"type":"Feature","properties":{},"geometry":{"type":"LineString","coordinates":[[-79.9844292686654,44.56985534557502],[-79.97274100737503,44.55340695622327],[-79.97960870244168,44.55047750731244],[-79.97438679604846,44.544425308004314],[-79.97860910678791,44.54255219479711],[-79.96481501196916,44.52609629386936],[-79.97855050423962,44.520082724061375],[-79.9688952607744,44.5095318988563],[-79.9775693432494,44.505775564606026],[-79.96731018978033,44.49486046434314],[-79.98308971142491,44.487903465488394],[-79.85208691361805,44.338525211244416],[-79.7456508093832,44.36202959131387]]}},{"type":"Feature","properties":{},"geometry":{"type":"LineString","coordinates":[[-77.25446497267089,44.18817165337187],[-77.26915760819196,44.21819860589811],[-77.29140179935268,44.22171561030183],[-77.52360041269304,44.16055990022928],[-77.59305703709884,44.128255351460815],[-77.58090080579144,44.152190907724595],[-77.58887490766507,44.177928265596975],[-77.56854249124355,44.183478496484454],[-77.58245241051969,44.20632920429398],[-77.57405578772155,44.20923781000896],[-77.57842738911306,44.21762880416322],[-77.5984567234271,44.21137120611473],[-77.59996283194567,44.219622997120155],[-77.57397240374102,44.2451945855964],[-77.56844598011392,44.26566011774962],[-77.5864720026684,44.2688662698789],[-77.61003556671899,44.262700226173976],[-77.61530465869718,44.253498587825064],[-77.6399907611167,44.24884229683301]]}},{"type":"Feature","properties":{},"geometry":{"type":"LineString","coordinates":[[-77.20682493933982,44.14825683702557],[-77.2170695444547,44.14825683702557]]}},{"type":"Feature","properties":{},"geometry":{"type":"LineString","coordinates":[[-77.06681461717808,44.18081291439281],[-77.13566630763938,44.159028660034004],[-77.16006277279834,44.15587532184232]]}},{"type":"Feature","properties":{},"geometry":{"type":"LineString","coordinates":[[-76.93484473725387,44.07907438584033],[-76.95788276882071,44.06239219226977],[-77.02055052116056,44.04467370243739],[-77.05408515874593,44.044329932012346],[-77.07655678867808,44.05664103026912]]}},{"type":"Feature","properties":{},"geometry":{"type":"LineString","coordinates":[[-76.87365007286145,44.11380626934218],[-76.9006344364042,44.10058955878198]]}},{"type":"Feature","properties":{},"geometry":{"type":"LineString","coordinates":[[-77.6399907611167,44.24884229683301],[-77.65254893550835,44.25766230096472],[-77.6830857494165,44.26308868341542],[-77.69398525029303,44.2565119940046],[-77.70809674928951,44.25774470542868],[-77.71356695203406,44.25003439677685],[-77.75449185256198,44.23869047420917],[-77.66149144758204,44.03727697139446]]}},{"type":"Feature","properties":{},"geometry":{"type":"LineString","coordinates":[[-79.3200660866922,43.71552806458008],[-79.31875530167821,43.711019806085055],[-79.33303742058143,43.703421727620835]]}},{"type":"Feature","properties":{},"geometry":{"type":"LineString","coordinates":[[-79.30058081702828,43.719775798507634],[-79.3200660866922,43.71552806458008]]}},{"type":"Feature","properties":{},"geometry":{"type":"LineString","coordinates":[[-79.28963506619625,43.69442484698243],[-79.30058081702828,43.719775798507634]]}},{"type":"Feature","properties":{},"geometry":{"type":"LineString","coordinates":[[-79.33303742058143,43.703421727620835],[-79.32673675133911,43.70161618340559],[-79.32954188946182,43.69793638669414],[-79.32166536664793,43.67869350954539]]}},{"type":"Feature","properties":{},"geometry":{"type":"LineString","coordinates":[[-78.68895910977118,44.05920501077834],[-78.69270051766345,44.058402255951705],[-78.70324310331107,44.080445511964584]]}},{"type":"Feature","properties":{},"geometry":{"type":"LineString","coordinates":[[-78.6258593836638,43.9100515679257],[-78.69252139173977,44.053476688878014],[-78.68895910977118,44.05920501077834]]}},{"type":"Feature","properties":{},"geometry":{"type":"LineString","coordinates":[[-78.91418000124978,43.92498999168186],[-78.82977341323733,43.94397539269363],[-78.80125363907975,43.878217048069665]]}},{"type":"Feature","properties":{},"geometry":{"type":"LineString","coordinates":[[-78.92840828151496,43.95837117801596],[-78.91418000124978,43.92498999168186]]}},{"type":"Feature","properties":{},"geometry":{"type":"LineString","coordinates":[[-78.95938741881632,44.02868709025615],[-78.92840828151496,43.95837117801596]]}},{"type":"Feature","properties":{},"geometry":{"type":"LineString","coordinates":[[-78.70324310331107,44.080445511964584],[-78.87174158059683,44.04054130636944],[-78.87508961221783,44.04739171369146],[-78.95938741881632,44.02868709025615]]}},{"type":"Feature","properties":{},"geometry":{"type":"LineString","coordinates":[[-79.76504442932054,43.72571032922281],[-79.78668630873524,43.70583900459634]]}},{"type":"Feature","properties":{},"geometry":{"type":"LineString","coordinates":[[-79.70377514554383,43.67391097191302],[-79.71028120061757,43.684908492718286],[-79.76504442932054,43.72571032922281]]}},{"type":"Feature","properties":{},"geometry":{"type":"LineString","coordinates":[[-79.80236971861194,43.681934296761234],[-79.78075785873244,43.6835822700678],[-79.74374101328549,43.65641529047533],[-79.73065996784496,43.66824122224971],[-79.7280435454178,43.66529485496759],[-79.70377514554383,43.67391097191302]]}},{"type":"Feature","properties":{},"geometry":{"type":"LineString","coordinates":[[-79.78668630873524,43.70583900459634],[-79.80849641083599,43.68627690413849],[-79.80236971861194,43.681934296761234]]}},{"type":"Feature","properties":{},"geometry":{"type":"LineString","coordinates":[[-79.6715794295913,43.70829731609285],[-79.74863998459875,43.765248491921334]]}},{"type":"Feature","properties":{},"geometry":{"type":"LineString","coordinates":[[-79.69521024688534,43.665416201413],[-79.6715794295913,43.70829731609285]]}},{"type":"Feature","properties":{},"geometry":{"type":"LineString","coordinates":[[-79.70377514554383,43.67391097191302],[-79.69521024688534,43.665416201413]]}},{"type":"Feature","properties":{},"geometry":{"type":"LineString","coordinates":[[-79.74863998459875,43.765248491921334],[-79.76875260098052,43.745200107439686],[-79.75480700117294,43.73473521172988],[-79.76504442932054,43.72571032922281]]}},{"type":"Feature","properties":{},"geometry":{"type":"LineString","coordinates":[[-79.69521541985635,43.8477181197146],[-79.7273571967097,43.819603897870245]]}},{"type":"Feature","properties":{},"geometry":{"type":"LineString","coordinates":[[-79.67866791658305,43.81930340254983],[-79.69521541985635,43.8477181197146]]}},{"type":"Feature","properties":{},"geometry":{"type":"LineString","coordinates":[[-79.63930240562546,43.749845708010376],[-79.67866791658305,43.81930340254983]]}},{"type":"Feature","properties":{},"geometry":{"type":"LineString","coordinates":[[-79.6304738010924,43.73639659084885],[-79.63930240562546,43.749845708010376]]}},{"type":"Feature","properties":{},"geometry":{"type":"LineString","coordinates":[[-79.6715794295913,43.70829731609285],[-79.6393620757477,43.73732501530018],[-79.63450552404477,43.7337438590097],[-79.6304738010924,43.73639659084885]]}},{"type":"Feature","properties":{},"geometry":{"type":"LineString","coordinates":[[-79.7273571967097,43.819603897870245],[-79.77187888875277,43.78239240736748],[-79.74863998459875,43.765248491921334]]}},{"type":"Feature","properties":{},"geometry":{"type":"LineString","coordinates":[[-79.88887089611165,43.674890594634924],[-79.8301737632633,43.72885994804642],[-79.81910999334347,43.72071869515081],[-79.8140084862996,43.72580281044208],[-79.78668630873524,43.70583900459634]]}},{"type":"Feature","properties":{},"geometry":{"type":"LineString","coordinates":[[-79.91560419892566,43.69471729074492],[-79.88887089611165,43.674890594634924]]}},{"type":"Feature","properties":{},"geometry":{"type":"LineString","coordinates":[[-79.9374157885505,43.710982994581535],[-79.91560419892566,43.69471729074492]]}},{"type":"Feature","properties":{},"geometry":{"type":"LineString","coordinates":[[-79.7273571967097,43.819603897870245],[-79.78165801843333,43.85949679372147],[-79.92586871220372,43.73162239657725],[-79.9374157885505,43.710982994581535]]}},{"type":"Feature","properties":{},"geometry":{"type":"LineString","coordinates":[[-79.74586882553444,43.62872341487485],[-79.7354095929336,43.641939589975856],[-79.69521024688534,43.665416201413]]}},{"type":"Feature","properties":{},"geometry":{"type":"LineString","coordinates":[[-79.79035675145585,43.60223143858844],[-79.76092652624898,43.61468453142367],[-79.74586882553444,43.62872341487485]]}},{"type":"Feature","properties":{},"geometry":{"type":"LineString","coordinates":[[-79.8522757094884,43.64787910420817],[-79.79035675145585,43.60223143858844]]}},{"type":"Feature","properties":{},"geometry":{"type":"LineString","coordinates":[[-79.80236971861194,43.681934296761234],[-79.80708291049898,43.678356812396714],[-79.80550499641966,43.66967849961872],[-79.81775766071323,43.65809232947873],[-79.82959141436427,43.66701938929781],[-79.8522757094884,43.64787910420817]]}},{"type":"Feature","properties":{},"geometry":{"type":"LineString","coordinates":[[-79.88887089611165,43.674890594634924],[-79.8522757094884,43.64787910420817]]}},{"type":"Feature","properties":{},"geometry":{"type":"LineString","coordinates":[[-79.98432309550942,43.13200039484803],[-80.17808384622703,43.2020921756022],[-80.21863649369008,43.19597340612837],[-80.2209912103702,43.203592077066375],[-80.2552078206653,43.19568937404053],[-80.26125729431945,43.20830490452171],[-80.31924900651482,43.198525311637155],[-80.31771979185532,43.194374109507734],[-80.3367047187802,43.190990447677905],[-80.33133013991011,43.17766921203703],[-80.35295675042866,43.173803159700775],[-80.35230322375274,43.154278595936965],[-80.42181610220628,43.143566098250574],[-80.4237747859337,43.168069109599024],[-80.43255081940029,43.170247090226745],[-80.43645260586938,43.17940630635182]]}},{"type":"Feature","properties":{},"geometry":{"type":"LineString","coordinates":[[-80.54342299281674,42.984863201617884],[-80.24370921226651,43.03214540319005],[-80.05551144715582,42.963390681404526],[-80.04524542578956,42.97658906913363],[-80.03714269626039,42.97525939691087],[-80.04331912368929,42.97936833850354],[-80.01009880786738,43.02909715618407],[-79.99784197640894,43.024574139370515],[-79.99318499854353,43.02713904043611],[-80.00796911088888,43.03224517349218],[-79.97640789333795,43.07970482913124],[-80.00389070748533,43.08876941303277],[-79.98432309550942,43.13200039484803]]}},{"type":"Feature","properties":{},"geometry":{"type":"LineString","coordinates":[[-80.43645260586938,43.17940630635182],[-80.6087454081934,43.15163401281337],[-80.54342299281674,42.984863201617884]]}},{"type":"Feature","properties":{},"geometry":{"type":"LineString","coordinates":[[-80.43842851805906,44.02598939241719],[-80.37495988403975,44.03927560068785],[-80.39817789883163,44.13514213292351],[-80.36099600783956,44.1673825412302],[-80.42293451344848,44.20004791253011],[-80.40836680654753,44.21293909887652],[-80.41119190730275,44.214614400616064],[-80.22907790214954,44.25341919091553]]}},{"type":"Feature","properties":{},"geometry":{"type":"LineString","coordinates":[[-80.98911870062213,43.98673669394966],[-80.835828950048,44.00457664132948],[-80.82692017534094,43.967885099685965],[-80.75426888523037,43.976652209794594],[-80.75120569791727,43.9791648047517],[-80.75476180181096,43.98174917346433],[-80.74573870835556,43.988824311708704],[-80.75571481221293,43.99498639811538],[-80.74728903029562,44.00187209087768],[-80.73277631251788,43.99284630941348],[-80.72571580181923,43.99863680893995],[-80.72237060711751,43.98555909904816],[-80.71634769340574,43.98129000466838],[-80.56920280017407,43.998057687939294],[-80.43842851805906,44.02598939241719]]}},{"type":"Feature","properties":{},"geometry":{"type":"LineString","coordinates":[[-81.36794570739232,44.52540517152644],[-81.34507140310636,44.51378080955005],[-81.34489054011551,44.50891599023169],[-81.32931321130917,44.50457548778435],[-81.31969058998116,44.49546545375413],[-81.32654426251926,44.48821523689452],[-81.31417833369508,44.486153254304995],[-81.31108471116993,44.47483168013253],[-81.32267768721678,44.45444288672081],[-81.26650961596579,44.25910030219012],[-81.06943911066078,44.2883396035419],[-81.03346084559318,44.160674398410166],[-81.0391517834999,44.15974748271726],[-81.03647729457148,44.151441357866396],[-81.04191430722082,44.15110991638397],[-81.03974806450722,44.14069411350746],[-81.02776591894605,44.1405708327285],[-80.98911870062213,43.98673669394966]]}},{"type":"Feature","properties":{},"geometry":{"type":"LineString","coordinates":[[-80.22907790214954,44.25341919091553],[-80.26636219331522,44.41603399039209],[-80.46372608566868,44.37276079695697],[-80.51800613605832,44.60773742097188]]}},{"type":"Feature","properties":{},"geometry":{"type":"LineString","coordinates":[[-79.75651159409817,43.39541399331001],[-79.78804121163905,43.366531607361296],[-79.80600200501651,43.37914981212904],[-79.82207488462655,43.364644109311705],[-79.83235736350663,43.37226829914174],[-79.83329351229612,43.3835972988483],[-79.8680734071977,43.3527971022097]]}},{"type":"Feature","properties":{},"geometry":{"type":"LineString","coordinates":[[-79.73100450793058,43.37657486947858],[-79.75651159409817,43.39541399331001]]}},{"type":"Feature","properties":{},"geometry":{"type":"LineString","coordinates":[[-79.79802402566752,43.29833029213236],[-79.79316922458753,43.3011307141923]]}},{"type":"Feature","properties":{},"geometry":{"type":"LineString","coordinates":[[-79.89235368146882,43.29381836890822],[-79.88607068278573,43.28787780071543],[-79.86849055999298,43.286293986305594],[-79.84839865971679,43.300689887597265],[-79.81559844934601,43.3123941964138],[-79.80316096123119,43.295668254135165],[-79.79802402566752,43.29833029213236]]}},{"type":"Feature","properties":{},"geometry":{"type":"LineString","coordinates":[[-79.8680734071977,43.3527971022097],[-79.85995113317996,43.346933507010995],[-79.86451302011119,43.33881032522997],[-79.91252965779938,43.30846872326421],[-79.89235368146882,43.29381836890822]]}},{"type":"Feature","properties":{},"geometry":{"type":"LineString","coordinates":[[-79.80814621038253,43.4667737967279],[-79.88846551738342,43.526478695040105],[-79.89403778616249,43.5215567011696],[-79.89858848839076,43.52331909795609],[-79.92179889664384,43.54037178686073],[-79.93908260779638,43.52464740152675],[-79.99269958636042,43.56305440662995]]}},{"type":"Feature","properties":{},"geometry":{"type":"LineString","coordinates":[[-79.75651159409817,43.39541399331001],[-79.81095259126806,43.43476620535722],[-79.79522109743596,43.44924149554977],[-79.80814621038253,43.4667737967279]]}},{"type":"Feature","properties":{},"geometry":{"type":"LineString","coordinates":[[-80.03433919445204,43.471056008144814],[-79.8680734071977,43.3527971022097]]}},{"type":"Feature","properties":{},"geometry":{"type":"LineString","coordinates":[[-79.99269958636042,43.56305440662995],[-80.085591199697,43.62897720603721],[-80.13437810021736,43.585447008343195],[-80.12856464938817,43.58156462497077],[-80.14501724491065,43.56699856114566],[-80.15012696940205,43.570603068175664],[-80.16035631045433,43.56110749875699],[-80.03433919445204,43.471056008144814]]}},{"type":"Feature","properties":{},"geometry":{"type":"LineString","coordinates":[[-80.48144950256703,43.35802799824958],[-80.50595460686617,43.353859388852015],[-80.50363259603735,43.34806839612225]]}},{"type":"Feature","properties":{},"geometry":{"type":"LineString","coordinates":[[-80.28308795616377,43.42097459308339],[-80.30257398370739,43.41505669987133],[-80.35716940491022,43.41280140185601],[-80.40079998489175,43.389779905326606],[-80.413904657285,43.36982548186801],[-80.48144950256703,43.35802799824958]]}},{"type":"Feature","properties":{},"geometry":{"type":"LineString","coordinates":[[-80.20467819885336,43.39751851019202],[-80.26957296971418,43.38734213145137],[-80.28308795616377,43.42097459308339]]}},{"type":"Feature","properties":{},"geometry":{"type":"LineString","coordinates":[[-80.47154301322172,43.266802011894676],[-80.238434794785,43.3065339022508],[-80.24848621460701,43.3335857637791],[-80.18760310175021,43.343234500741],[-80.20467819885336,43.39751851019202]]}},{"type":"Feature","properties":{},"geometry":{"type":"LineString","coordinates":[[-80.50363259603735,43.34806839612225],[-80.47154301322172,43.266802011894676]]}},{"type":"Feature","properties":{},"geometry":{"type":"LineString","coordinates":[[-75.80182305482816,45.31295762746708],[-75.83253480321265,45.301374698692555],[-75.83813551207282,45.2834657031962],[-75.83527611868345,45.27739069831712],[-75.85236341117147,45.270574206910695],[-75.86341551502949,45.27007179975134],[-75.89558361103003,45.29353679633121],[-75.96812231775684,45.24926359757051],[-75.97353013088687,45.272287346840926],[-75.99194569769233,45.27499540332037],[-76.03958950760376,45.309101989379805],[-76.10072289869606,45.32145500916386],[-75.9311178012766,45.431833250833805]]}},{"type":"Feature","properties":{},"geometry":{"type":"LineString","coordinates":[[-75.69622887734897,45.334236312885366],[-75.69999516606816,45.32920614729949],[-75.69615982332621,45.32112307042313],[-75.69977418576022,45.29401937932062],[-75.69680970774237,45.28681470406813],[-75.70636864360273,45.262192296580196],[-75.70305831258054,45.24463357341815],[-75.74901210963259,45.22651175932515],[-75.759412017305,45.2421485997506],[-75.78150128918296,45.2492743007634],[-75.80500188875135,45.281477795416144],[-75.80462399282973,45.28811470665576],[-75.79246270508463,45.2994155924819],[-75.80182305482816,45.31295762746708]]}},{"type":"Feature","properties":{},"geometry":{"type":"LineString","coordinates":[[-75.58507201854509,45.38499872017031],[-75.58792240756573,45.37825591038251],[-75.59713679969857,45.374017909155256],[-75.56786640210412,45.32266629404337],[-75.58994739063185,45.313872606794384],[-75.58001971326725,45.296848303741264],[-75.60392329697689,45.2865097066115],[-75.60971219627238,45.296201706287995],[-75.62065461438375,45.300137997638565],[-75.63617931554384,45.293813295116976],[-75.64713811057963,45.31035449553222],[-75.67689330675022,45.29788439568187],[-75.69307610378382,45.33472670868059],[-75.69622887734897,45.334236312885366]]}},{"type":"Feature","properties":{},"geometry":{"type":"LineString","coordinates":[[-75.35318540996226,45.182074493685604],[-75.4259448200089,45.312465693636554],[-75.33515169040095,45.33677654346494],[-75.36269659744548,45.33694680566714],[-75.45732280729572,45.35144138831871],[-75.48231090909432,45.36251829833402],[-75.56633100330276,45.37423868976756],[-75.58507201854509,45.38499872017031]]}},{"type":"Feature","properties":{},"geometry":{"type":"LineString","coordinates":[[-75.5949841945414,45.08434820275857],[-75.35318540996226,45.182074493685604]]}},{"type":"Feature","properties":{},"geometry":{"type":"LineString","coordinates":[[-75.81954218537328,44.96221311648502],[-75.82043484984996,44.96769582465925],[-75.8060740569974,44.97958283259752],[-75.76898244168332,44.99021660675407],[-75.75702030906783,45.00396629932548],[-75.70391720104145,45.026614475660914],[-75.68927095308182,45.04718721672883],[-75.67923541481073,45.04776330769613],[-75.64298477245421,45.06790473409494],[-75.63645316459805,45.08809665072298],[-75.618116590721,45.10397974702987],[-75.62860106359645,45.12552851801474],[-75.5949841945414,45.08434820275857]]}},{"type":"Feature","properties":{},"geometry":{"type":"LineString","coordinates":[[-76.3539711068924,45.4105576333762],[-76.21444959266704,45.300782202428024],[-76.21073448445999,45.30296449200561],[-75.97262729940022,45.10776629496833],[-75.94113140684358,45.080155110716625],[-75.95312790548275,45.072398103608776],[-75.81954218537328,44.96221311648502]]}},{"type":"Feature","properties":{},"geometry":{"type":"LineString","coordinates":[[-81.83506290719325,42.650961506684865],[-82.0087736627112,42.65065736398092],[-82.0200268447263,42.6403075574574],[-82.02398455249619,42.62461786594378],[-82.2451549100935,42.630953690255566],[-82.24532589655333,42.62673350160736],[-82.48397924093035,42.63146766553748],[-82.47588901619027,42.6109500712738],[-82.47832467587594,42.59635364187687],[-82.46478830154835,42.58307275982677],[-82.44760061118382,42.58204013117955],[-82.43941961610686,42.58618657554527],[-82.4287453748478,42.572956959286664],[-82.42058886674286,42.57330775431727],[-82.4206861086955,42.560345036677],[-82.41204724592964,42.55912550023662],[-82.42030571226628,42.55106497368738],[-82.41968728363167,42.5419347405652],[-82.40239390461716,42.53081504611128],[-82.41212219165858,42.524721010231744],[-82.41597901701799,42.51549437359786],[-82.43039969420965,42.518770258120206],[-82.43739988675281,42.51292182500419],[-82.44101819986167,42.499113582457824]]}},{"type":"Feature","properties":{},"geometry":{"type":"LineString","coordinates":[[-81.83465275010695,42.60801433628661],[-81.83506290719325,42.650961506684865]]}},{"type":"Feature","properties":{},"geometry":{"type":"LineString","coordinates":[[-81.6710079957495,42.474669387677615],[-81.83465275010695,42.60801433628661]]}},{"type":"Feature","properties":{},"geometry":{"type":"LineString","coordinates":[[-82.46672309122037,42.32943630105276],[-82.45162576926703,42.31781637212872],[-82.43728872919124,42.31659522523527],[-82.44359665099974,42.30600286870645],[-82.4299559048681,42.29757631210647],[-82.43373664079562,42.27308069037897],[-82.43956792243719,42.27312165606087],[-82.4514287690347,42.26221292125837],[-82.45015447538005,42.258516521483706],[-82.43943476288943,42.26087286278851],[-82.44027123735636,42.250009035904476],[-82.43299029266137,42.24700020265266],[-82.43702309771844,42.19371310971494],[-82.4559288059078,42.194485199500505],[-82.45789981706538,42.16536149141393],[-82.63573758526255,42.17168109700679],[-82.64486313191546,42.04101129130153]]}},{"type":"Feature","properties":{},"geometry":{"type":"LineString","coordinates":[[-79.45026799344095,43.695685386358114],[-79.46460033117455,43.692154033728656]]}},{"type":"Feature","properties":{},"geometry":{"type":"LineString","coordinates":[[-79.42939621476148,43.670982002996716],[-79.4357554969907,43.68990459558938],[-79.45026799344095,43.695685386358114]]}},{"type":"Feature","properties":{},"geometry":{"type":"LineString","coordinates":[[-79.42053372773243,43.64873950054553],[-79.42939621476148,43.670982002996716]]}},{"type":"Feature","properties":{},"geometry":{"type":"LineString","coordinates":[[-79.46889015085172,43.676213531438044],[-79.44472750228182,43.65165441314184]]}},{"type":"Feature","properties":{},"geometry":{"type":"LineString","coordinates":[[-79.46460033117455,43.692154033728656],[-79.48671873621359,43.68743497975086],[-79.46889015085172,43.676213531438044]]}},{"type":"Feature","properties":{},"geometry":{"type":"LineString","coordinates":[[-79.35207171136518,43.81324190490165],[-79.39621860826549,43.803263106689634]]}},{"type":"Feature","properties":{},"geometry":{"type":"LineString","coordinates":[[-79.33724596229342,43.76771050776002],[-79.34646978450276,43.8089158050423],[-79.35207171136518,43.81324190490165]]}},{"type":"Feature","properties":{},"geometry":{"type":"LineString","coordinates":[[-79.34390685291923,43.75648660658408],[-79.3596421792559,43.76647747616248],[-79.33724596229342,43.76771050776002]]}},{"type":"Feature","properties":{},"geometry":{"type":"LineString","coordinates":[[-79.406484483958,43.74329790849024],[-79.34390685291923,43.75648660658408]]}},{"type":"Feature","properties":{},"geometry":{"type":"LineString","coordinates":[[-79.40837613216046,43.75360390716943],[-79.406484483958,43.74329790849024]]}},{"type":"Feature","properties":{},"geometry":{"type":"LineString","coordinates":[[-79.39621860826549,43.803263106689634],[-79.38704780239858,43.76331864701643],[-79.40837613216046,43.75360390716943]]}},{"type":"Feature","properties":{},"geometry":{"type":"LineString","coordinates":[[-79.3200660866922,43.71552806458008],[-79.32684872584778,43.7211245689704],[-79.31963955735085,43.73145505080526],[-79.32517847632198,43.72950287947068],[-79.33106847320339,43.734840603133364],[-79.33063248526491,43.741244978886826],[-79.3357571892466,43.740898955053154],[-79.34635319423023,43.75148423894345],[-79.34390685291923,43.75648660658408]]}},{"type":"Feature","properties":{},"geometry":{"type":"LineString","coordinates":[[-79.36220138363647,43.688525062095565],[-79.36182620693907,43.6940943559921],[-79.35496164592372,43.69813523623243],[-79.33303742058143,43.703421727620835]]}},{"type":"Feature","properties":{},"geometry":{"type":"LineString","coordinates":[[-79.37088810148029,43.69064988165588],[-79.3668293296837,43.69445400830945],[-79.36220138363647,43.688525062095565]]}},{"type":"Feature","properties":{},"geometry":{"type":"LineString","coordinates":[[-79.39898759557352,43.709581999005486],[-79.37714629155376,43.71103069928108],[-79.37172570074594,43.696744305804614],[-79.38070874275965,43.69475312230022],[-79.37088810148029,43.69064988165588]]}},{"type":"Feature","properties":{},"geometry":{"type":"LineString","coordinates":[[-79.406484483958,43.74329790849024],[-79.39898759557352,43.709581999005486]]}},{"type":"Feature","properties":{},"geometry":{"type":"LineString","coordinates":[[-79.83358198183342,43.97703620888911],[-79.95117640653089,43.95142348944206],[-80.03400479854952,44.294871706438656],[-80.22907790214954,44.25341919091553]]}},{"type":"Feature","properties":{},"geometry":{"type":"LineString","coordinates":[[-79.77550439905944,43.989757511982944],[-79.83358198183342,43.97703620888911]]}},{"type":"Feature","properties":{},"geometry":{"type":"LineString","coordinates":[[-79.69521541985635,43.8477181197146],[-79.77550439905944,43.989757511982944]]}},{"type":"Feature","properties":{},"geometry":{"type":"LineString","coordinates":[[-80.38791321197783,43.85771139716712],[-80.25104690988704,43.76144261211969],[-80.13987539092568,43.86153918755361],[-79.9374157885505,43.710982994581535]]}},{"type":"Feature","properties":{},"geometry":{"type":"LineString","coordinates":[[-80.43842851805906,44.02598939241719],[-80.3985772895834,43.856044602723436],[-80.38791321197783,43.85771139716712]]}},{"type":"Feature","properties":{},"geometry":{"type":"LineString","coordinates":[[-79.41156975944962,43.75156816463806],[-79.44082928808272,43.732075793763066],[-79.47253426218684,43.72486862728072]]}},{"type":"Feature","properties":{},"geometry":{"type":"LineString","coordinates":[[-79.40837613216046,43.75360390716943],[-79.41156975944962,43.75156816463806]]}},{"type":"Feature","properties":{},"geometry":{"type":"LineString","coordinates":[[-79.45026799344095,43.695685386358114],[-79.39898759557352,43.709581999005486]]}},{"type":"Feature","properties":{},"geometry":{"type":"LineString","coordinates":[[-79.47253426218684,43.72486862728072],[-79.46460033117455,43.692154033728656]]}},{"type":"Feature","properties":{},"geometry":{"type":"LineString","coordinates":[[-81.37804847618082,42.934361067352036],[-81.37214019513345,42.922307352566165],[-81.36070215711521,42.92525005534839],[-81.358073492878,42.91470896989297],[-81.3486799411901,42.9154587506835],[-81.34621663381844,42.90951766804618],[-81.3500671429399,42.90855367266095],[-81.33656372330908,42.878853698333366],[-81.30106349027874,42.88149563857985],[-81.30554307465695,42.87313838909977],[-81.2979877369825,42.874746062454335],[-81.28519553151739,42.84574304676957],[-81.28076397155928,42.84684076051348],[-81.30119698887883,42.82407580007231],[-81.42388327241487,42.79336819005766],[-81.43466704166009,42.794369299404025],[-81.43406906080368,42.778519953635],[-81.42225929821339,42.78244069783227],[-81.41939260966438,42.774262754847356],[-81.46112666518721,42.773870589600925],[-81.47115529225236,42.785385522569236],[-81.48141174583348,42.78382226352223],[-81.48677105229947,42.777473879151394],[-81.48404529394082,42.77058089767789],[-81.47797271739162,42.77007047182894],[-81.47365613340625,42.75331272118053],[-81.49871454621545,42.75552868138502],[-81.51720205317439,42.766162882745185],[-81.53421001536043,42.758430390710856],[-81.53202155368398,42.75308635488877],[-81.52056007590856,42.749888226755196],[-81.52948040507935,42.74920515942949],[-81.54158380926717,42.73850109752022],[-81.55158491339944,42.736698776322186],[-81.56022141473619,42.74659892615747],[-81.56912082167155,42.74647710884533],[-81.57104243733325,42.74089217357059],[-81.5636978935455,42.737503181872356],[-81.56642925791354,42.73402496687873],[-81.57334059131495,42.73622971428567],[-81.58727714978865,42.72604286144145],[-81.60279264143972,42.72698227508058],[-81.60002611359714,42.711620090986756],[-81.61579530573394,42.70905960330002],[-81.61611903661567,42.6958701874731],[-81.6283807376492,42.68309184732266],[-81.64320589406476,42.684395955206554],[-81.65188306284143,42.696601690968954],[-81.67029748821514,42.70244084127867],[-81.68576918737196,42.69658630469689],[-81.67885825862928,42.67949795046965],[-81.68165180176574,42.67345385855075],[-81.70339295433315,42.67447065290317],[-81.71690984816216,42.66602060387081],[-81.7080517000998,42.66074439631961],[-81.71117505648493,42.651084494640216],[-81.69773814564371,42.650104461373154],[-81.70409168463615,42.6439417571187],[-81.70213178776591,42.63889260224983],[-81.7139912572207,42.63971985734441],[-81.72004064164673,42.6449502452347],[-81.719263838061,42.65111049472631],[-81.73694905526388,42.661566205133504],[-81.75983795787977,42.645895446879365],[-81.77438165411017,42.64758565255149],[-81.78022491246038,42.64025140626269],[-81.77683624351647,42.63356970561868],[-81.79903766463752,42.621007091779866],[-81.80550570330092,42.610064958892764],[-81.81314609215178,42.60741729443302],[-81.82623420437939,42.61162389582753],[-81.83465275010695,42.60801433628661]]}},{"type":"Feature","properties":{},"geometry":{"type":"LineString","coordinates":[[-81.25801808972993,42.94071041119448],[-81.35221606752285,42.93358179925194],[-81.35810277242022,42.94059719000896],[-81.36970984373208,42.94258639532106],[-81.3660944439092,42.936597207437906],[-81.37804847618082,42.934361067352036]]}},{"type":"Feature","properties":{},"geometry":{"type":"LineString","coordinates":[[-81.11344695305563,42.94455338953095],[-81.24787560478191,42.92323530489458],[-81.2520908134585,42.94128119125773],[-81.25801808972993,42.94071041119448]]}},{"type":"Feature","properties":{},"geometry":{"type":"LineString","coordinates":[[-80.89869379175002,42.9125618979882],[-81.0808970598748,42.885238424950614],[-81.08193007590373,42.89127035989006],[-81.11969615411498,42.8908040680537],[-81.12678170391207,42.9216643915748],[-81.11554061293768,42.92275181508271],[-81.11676125250965,42.92877302596134],[-81.1061888188093,42.929863258065865],[-81.11344695305563,42.94455338953095]]}},{"type":"Feature","properties":{},"geometry":{"type":"LineString","coordinates":[[-80.74463614616931,42.82398376366962],[-80.76183128550731,42.84647639492462],[-80.87701438679412,42.8296469976235],[-80.89869379175002,42.9125618979882]]}},{"type":"Feature","properties":{},"geometry":{"type":"LineString","coordinates":[[-80.72105613845771,42.61929108609549],[-80.71713209265552,42.78820722945654],[-80.74463614616931,42.82398376366962]]}},{"type":"Feature","properties":{},"geometry":{"type":"LineString","coordinates":[[-82.77759775374761,42.31190485811589],[-82.78424781303688,42.29509414201286],[-82.780571776796,42.286880955238615],[-82.79109077627545,42.275761791914036],[-82.78717647036994,42.2561089943491],[-82.79396149462329,42.2383456115498],[-82.87357859312384,42.24065668937817],[-82.87740998801809,42.17977750767778],[-83.00056301428667,42.18388869102662],[-82.99693780665322,42.235692597583885]]}},{"type":"Feature","properties":{},"geometry":{"type":"LineString","coordinates":[[-82.99693780665322,42.235692597583885],[-83.03589950654694,42.25284240731609],[-83.0712651708264,42.25544774771844],[-83.07660638535549,42.24630410462596],[-83.10048693885749,42.25232396434733]]}},{"type":"Feature","properties":{},"geometry":{"type":"LineString","coordinates":[[-79.53272859672448,43.696156089220835],[-79.53676118795977,43.69078320316482],[-79.55469319261228,43.685619097529],[-79.55863920534853,43.69424361147404],[-79.56952755578578,43.691754616381736],[-79.5796515039425,43.674328900315075],[-79.59119391608489,43.66875406449394]]}},{"type":"Feature","properties":{},"geometry":{"type":"LineString","coordinates":[[-79.51172973426321,43.6622968560243],[-79.51234597369287,43.673843728212105],[-79.50573604473261,43.68209056056464],[-79.52659821295381,43.682329112044854],[-79.53272859672448,43.696156089220835]]}},{"type":"Feature","properties":{},"geometry":{"type":"LineString","coordinates":[[-79.5055572407498,43.662777465930894],[-79.51172973426321,43.6622968560243]]}},{"type":"Feature","properties":{},"geometry":{"type":"LineString","coordinates":[[-79.56803962351108,43.61394632945198],[-79.52241113542804,43.64825458492789],[-79.52638979237688,43.65135609240187],[-79.52207721625594,43.656109393795475],[-79.5055572407498,43.662777465930894]]}},{"type":"Feature","properties":{},"geometry":{"type":"LineString","coordinates":[[-79.60885188864192,43.64643124505831],[-79.58835716054932,43.642444096443825],[-79.58524646587978,43.628725303659756],[-79.56407956407662,43.62797890568981],[-79.56803962351108,43.61394632945198]]}},{"type":"Feature","properties":{},"geometry":{"type":"LineString","coordinates":[[-79.59119391608489,43.66875406449394],[-79.58876324513214,43.664609588169576],[-79.60885188864192,43.64643124505831]]}},{"type":"Feature","properties":{},"geometry":{"type":"LineString","coordinates":[[-79.48033308848879,43.638197633054894],[-79.48987633542828,43.64149902463611],[-79.4923033779965,43.65219142536374],[-79.50251892342803,43.652890856961484],[-79.49952197724458,43.65899652917318],[-79.5055572407498,43.662777465930894]]}},{"type":"Feature","properties":{},"geometry":{"type":"LineString","coordinates":[[-79.5673600451649,43.60950063872664],[-79.54888334110275,43.59512754438067],[-79.54883162059215,43.59027790816997]]}},{"type":"Feature","properties":{},"geometry":{"type":"LineString","coordinates":[[-79.56803962351108,43.61394632945198],[-79.56392013781424,43.612669689359215],[-79.5673600451649,43.60950063872664]]}},{"type":"Feature","properties":{},"geometry":{"type":"LineString","coordinates":[[-79.53783079961434,43.71298532664427],[-79.54415529957241,43.71795944795493],[-79.53848550381763,43.731755249596645],[-79.55043571344399,43.73351129930319],[-79.5461177539981,43.74020446887479],[-79.55009912506243,43.74390663537915],[-79.55784349159869,43.74092900543907],[-79.58286386013079,43.75252694984261],[-79.58515424141531,43.75694224533347],[-79.57754585695028,43.762058092178485],[-79.58061094434716,43.76299708145302]]}},{"type":"Feature","properties":{},"geometry":{"type":"LineString","coordinates":[[-79.53272859672448,43.696156089220835],[-79.53167889293844,43.7042279087159],[-79.53593673085938,43.70470227836479],[-79.53783079961434,43.71298532664427]]}},{"type":"Feature","properties":{},"geometry":{"type":"LineString","coordinates":[[-79.6304738010924,43.73639659084885],[-79.59119391608489,43.66875406449394]]}},{"type":"Feature","properties":{},"geometry":{"type":"LineString","coordinates":[[-79.58061094434716,43.76299708145302],[-79.63930240562546,43.749845708010376]]}},{"type":"Feature","properties":{},"geometry":{"type":"LineString","coordinates":[[-79.89722446358823,43.28824285426829],[-79.89235368146882,43.29381836890822]]}},{"type":"Feature","properties":{},"geometry":{"type":"LineString","coordinates":[[-79.91505854076972,43.20136118921059],[-79.93140511172297,43.20472674085565],[-80.03861419637687,43.18295224344675],[-80.04915148908748,43.221776297976426],[-80.0559089861234,43.22821659605127],[-80.05661651274808,43.24487843323647],[-79.97354848451899,43.27311358315197],[-79.95069477243067,43.27567919715922],[-79.93066026202713,43.2858673964927],[-79.89722446358823,43.28824285426829]]}},{"type":"Feature","properties":{},"geometry":{"type":"LineString","coordinates":[[-79.82821641480092,43.180844493084734],[-79.91505854076972,43.20136118921059]]}},{"type":"Feature","properties":{},"geometry":{"type":"LineString","coordinates":[[-79.63559910355876,43.195282719913884],[-79.7548928764047,43.211711155089276],[-79.76697774268318,43.210347460701435],[-79.7629876168291,43.209574674744324],[-79.76425619899871,43.20159349092219],[-79.77711711211693,43.17209738903132],[-79.7839774246624,43.16809035654029],[-79.82821641480092,43.180844493084734]]}},{"type":"Feature","properties":{},"geometry":{"type":"LineString","coordinates":[[-79.75407963423177,43.05053397062927],[-79.7097530901156,43.155839324438546],[-79.65863482546933,43.143973511323864],[-79.63559910355876,43.195282719913884]]}},{"type":"Feature","properties":{},"geometry":{"type":"LineString","coordinates":[[-79.98432309550942,43.13200039484803],[-79.75407963423177,43.05053397062927]]}},{"type":"Feature","properties":{},"geometry":{"type":"LineString","coordinates":[[-80.47154301322172,43.266802011894676],[-80.43645260586938,43.17940630635182]]}},{"type":"Feature","properties":{},"geometry":{"type":"LineString","coordinates":[[-80.03433919445204,43.471056008144814],[-80.0837112947684,43.435187890340124],[-80.07856049031564,43.418063298355584],[-80.20467819885336,43.39751851019202]]}},{"type":"Feature","properties":{},"geometry":{"type":"LineString","coordinates":[[-80.32341448382496,43.53174994821407],[-80.30715877469964,43.51966274550102],[-80.29753380311283,43.52339076358869],[-80.27814846815134,43.51087282256086],[-80.2613379511487,43.52559307961564],[-80.23094137122024,43.503724520660874],[-80.21498934896182,43.505504654493656],[-80.18554451117528,43.524126593072275],[-80.20288305964252,43.536811984419906],[-80.18563401086205,43.550363212850016],[-80.22501217818677,43.58410783484509],[-80.22862995522537,43.58123142909767],[-80.23329790606675,43.58459560850823],[-80.24383459823889,43.57692371226326],[-80.26745122312865,43.59482022099126],[-80.27527055822327,43.58589478945985],[-80.27618841535546,43.56892496716804],[-80.30345258752811,43.556660804499444],[-80.32694355724979,43.534372904521874],[-80.32341448382496,43.53174994821407]]}},{"type":"Feature","properties":{},"geometry":{"type":"LineString","coordinates":[[-80.54342299281674,42.984863201617884],[-80.50538490877904,42.884081291260344],[-80.70520449259558,42.85456470685063],[-80.70069863599633,42.84834892460096],[-80.71478819756234,42.8302704651084],[-80.71730451784455,42.83580769732434],[-80.72232571822458,42.834500147881975],[-80.72344401378656,42.846151260236816],[-80.72701731095502,42.84580153165715],[-80.74463614616931,42.82398376366962]]}},{"type":"Feature","properties":{},"geometry":{"type":"LineString","coordinates":[[-79.44110004987228,42.880153151034435],[-79.51168849506706,42.96483358691114],[-79.75407963423177,43.05053397062927]]}},{"type":"Feature","properties":{},"geometry":{"type":"LineString","coordinates":[[-78.31462910718555,45.56075873680126],[-78.8598644794345,45.4146243508842]]}},{"type":"Feature","properties":{},"geometry":{"type":"LineString","coordinates":[[-77.88747432537885,44.76910851272022],[-77.88448063294759,44.769886672341194],[-77.92133620249538,44.838993760150814],[-78.17845589821559,45.30978877931232]]}},{"type":"Feature","properties":{},"geometry":{"type":"LineString","coordinates":[[-78.34703320008309,44.11986848727476],[-78.38734981416744,44.20441311091394],[-78.35467363977638,44.21188238191274],[-78.33640330492479,44.24007610741265],[-78.33582091189464,44.25112835324499],[-78.34044739062038,44.25526121829793],[-78.32812717502738,44.26550758080084],[-78.34949491328626,44.26135609211507],[-78.35336595775529,44.25354494065981],[-78.35854068766403,44.25638087192478],[-78.3611662795666,44.25214079269965],[-78.36726720689131,44.263562589057756],[-78.37863143467476,44.265569824680895],[-78.38205276268987,44.28077821428593],[-78.37585888171093,44.28206786178747],[-78.3834417755298,44.30090038913845],[-78.42546930703739,44.29042390241799],[-78.48985826260608,44.431011886618926],[-78.49231466263967,44.44556791943131],[-78.48846548941086,44.467456524593196],[-78.46155231132022,44.47724325240854],[-78.44594470849628,44.46974908637179],[-78.42243857439969,44.46864274558382],[-78.38540743511528,44.49140882315745],[-78.37808987740274,44.49049707712189],[-78.36668324947678,44.525430188989056],[-78.35260565619,44.53285871563027],[-78.3453202254459,44.55651802100887],[-78.30495107894734,44.558496321024045],[-78.24950347820247,44.54686273869444],[-78.2356866349662,44.55593397014061],[-78.19885284704482,44.55745918920838],[-78.1836800308357,44.55231957906816],[-78.17617615207156,44.555978446619555],[-78.16003952320014,44.55012293201987],[-78.15918494962655,44.54404072680481],[-78.14772060527908,44.55201603008553],[-78.12727987393046,44.55437644012439],[-78.08961259169173,44.57126804182347],[-78.07668628605083,44.56986844368185],[-78.0263904384214,44.58315199112032],[-78.01867542205953,44.576332105753565],[-78.00469009218412,44.581856665359204],[-78.01408049240442,44.61263208132463],[-78.069070854029,44.7257112094945],[-78.01600772592207,44.728771980008034],[-77.96122617659483,44.75190044105847],[-77.88747432537885,44.76910851272022]]}},{"type":"Feature","properties":{},"geometry":{"type":"LineString","coordinates":[[-78.68895910977118,44.05920501077834],[-78.51629230628814,44.09875771215813],[-78.50869780954287,44.08127800451113],[-78.34703320008309,44.11986848727476]]}},{"type":"Feature","properties":{},"geometry":{"type":"LineString","coordinates":[[-79.08183403820404,44.51582270932786],[-78.9220494059023,44.15369652423689],[-78.91099318930934,44.19341072652935],[-78.88267720019927,44.21703847345039],[-78.86353069117281,44.21842415835247],[-78.85188387556836,44.21290050237252],[-78.84219893446296,44.16918707306573],[-78.79200089511949,44.20423431660525],[-78.7701829621562,44.22742824528306],[-78.70324310331107,44.080445511964584]]}},{"type":"Feature","properties":{},"geometry":{"type":"LineString","coordinates":[[-79.20788221529482,44.79486700931454],[-79.08183403820404,44.51582270932786]]}},{"type":"Feature","properties":{},"geometry":{"type":"LineString","coordinates":[[-78.8598644794345,45.4146243508842],[-78.9714073686574,45.38445851717316],[-78.97320576329584,45.37979476530611],[-78.96756653028787,45.37241531696313],[-78.95704077380351,45.37076300041323],[-78.9583199545485,45.36331585840091],[-78.95157617595551,45.359751059387946],[-78.93550362411754,45.32720238899527],[-78.93533943118175,45.313996537428594],[-78.91300707242868,45.278517122016254],[-78.9063617989692,45.27569639719009],[-78.90508460836642,45.26334330469587],[-78.89313429658196,45.24953768858803],[-78.89566394604023,45.24108024032336],[-78.88589977504502,45.23020824096236],[-78.88189865475933,45.21510907699201],[-78.86789908454432,45.21286559790232],[-78.8744022736487,45.20691949579625],[-78.86621825221934,45.19408072710542],[-78.87136343984642,45.17792722508342],[-78.8562364168365,45.174574162447854],[-78.84490279219898,45.15766011101022],[-78.84319645181837,45.14503004137577],[-79.00114201233087,45.10548377502292],[-78.93439266429674,44.985642177886106],[-79.09385061288947,44.94283055912588],[-79.1002826225703,44.95448366609903],[-79.11929894457731,44.94996296605948],[-79.0629072986032,44.8401315445863],[-79.20922985464053,44.800032077081475],[-79.20788221529482,44.79486700931454]]}},{"type":"Feature","properties":{},"geometry":{"type":"LineString","coordinates":[[-79.81944429288234,43.200257269243],[-79.81069311171073,43.20334620426432],[-79.7898453183439,43.226146477539935],[-79.795064582894,43.22913410235427],[-79.78342990068023,43.25688908734734],[-79.79253518393675,43.25679134667959],[-79.78117310933209,43.268705013626956],[-79.79275274196434,43.28042270087911],[-79.79042186382901,43.28485528846018],[-79.79802402566752,43.29833029213236]]}},{"type":"Feature","properties":{},"geometry":{"type":"LineString","coordinates":[[-79.87878762167897,43.24518384619151],[-79.85283517344897,43.24340891902399],[-79.81596334893638,43.22946496374363],[-79.81499505700879,43.207832412457094],[-79.81944429288234,43.200257269243]]}},{"type":"Feature","properties":{},"geometry":{"type":"LineString","coordinates":[[-79.89722446358823,43.28824285426829],[-79.89226929405181,43.280407301235364],[-79.8940649927114,43.260749690147726],[-79.9317010152683,43.2456123924392],[-79.90064595871134,43.24177466543342],[-79.87878762167897,43.24518384619151]]}},{"type":"Feature","properties":{},"geometry":{"type":"LineString","coordinates":[[-79.63559910355876,43.195282719913884],[-79.62325000831642,43.22359134874401]]}},{"type":"Feature","properties":{},"geometry":{"type":"LineString","coordinates":[[-79.81944429288234,43.200257269243],[-79.82821641480092,43.180844493084734]]}},{"type":"Feature","properties":{},"geometry":{"type":"LineString","coordinates":[[-79.87878762167897,43.24518384619151],[-79.89054388264057,43.219996907592964],[-79.90509547585359,43.223640309816645],[-79.91505854076972,43.20136118921059]]}},{"type":"Feature","properties":{},"geometry":{"type":"LineString","coordinates":[[-76.71279459664218,44.3517937114187],[-76.92464823183408,44.63847999856341],[-77.03219156421646,44.61195962135865],[-77.11816285345358,44.777009555676926],[-77.16806000474305,44.763564965202356],[-77.17628069959378,44.77653818971278],[-77.17502919925678,44.78750410879432],[-77.22135925820835,44.91954195715859],[-77.06570643987014,44.96251155845091],[-77.13464249880774,45.09353519397614],[-77.1406066329869,45.09495256714306],[-77.13748229534765,45.09926047825834]]}},{"type":"Feature","properties":{},"geometry":{"type":"LineString","coordinates":[[-76.63501016958524,44.23507751856508],[-76.71279459664218,44.3517937114187]]}},{"type":"Feature","properties":{},"geometry":{"type":"LineString","coordinates":[[-77.72737240824847,44.43647221096346],[-77.65115393810059,44.2828573610555],[-77.64619308415513,44.27215701014527],[-77.65117259634403,44.2709544415999],[-77.6399907611167,44.24884229683301]]}},{"type":"Feature","properties":{},"geometry":{"type":"LineString","coordinates":[[-77.88747432537885,44.76910851272022],[-77.82908693632191,44.62974589918909],[-77.72737240824847,44.43647221096346]]}},{"type":"Feature","properties":{},"geometry":{"type":"LineString","coordinates":[[-79.53482341822235,43.7726942519883],[-79.58061094434716,43.76299708145302]]}},{"type":"Feature","properties":{},"geometry":{"type":"LineString","coordinates":[[-79.49443168209861,43.78164890750748],[-79.53482341822235,43.7726942519883]]}},{"type":"Feature","properties":{},"geometry":{"type":"LineString","coordinates":[[-79.50781988366388,43.717748606827925],[-79.51321021284748,43.739382111247075],[-79.49702864103082,43.74250464988292],[-79.50477772305827,43.749136343712514],[-79.48815708443904,43.75201580634009],[-79.49443168209861,43.78164890750748]]}},{"type":"Feature","properties":{},"geometry":{"type":"LineString","coordinates":[[-79.53783079961434,43.71298532664427],[-79.50781988366388,43.717748606827925]]}},{"type":"Feature","properties":{},"geometry":{"type":"LineString","coordinates":[[-81.36371900316425,43.26381589916989],[-81.28681031469665,43.35605261074692],[-81.29697769972319,43.360943096412704],[-81.30110329024284,43.381633595368626],[-81.33761149760448,43.37772280647206],[-81.44303828527872,43.42407799206023],[-81.34983449523169,43.5345690012004],[-81.28458830658724,43.50620649483217],[-81.18308609291863,43.628700004043665],[-81.14735028401653,43.61399400165954],[-81.03119570754134,43.7635241071069],[-81.0973828104289,43.79050741264554],[-81.08625650069712,43.80630910865404],[-80.95439919562901,43.82208730395219],[-80.98911870062213,43.98673669394966]]}},{"type":"Feature","properties":{},"geometry":{"type":"LineString","coordinates":[[-81.77377421580749,43.237545244792635],[-81.46525750911265,43.27065888844248],[-81.46889100870169,43.28892530238654],[-81.43117469082068,43.29290150641756],[-81.36371900316425,43.26381589916989]]}},{"type":"Feature","properties":{},"geometry":{"type":"LineString","coordinates":[[-81.76332861530987,43.31963364811835],[-81.74312978401825,43.31064537601435],[-81.75298775553719,43.3071576157562],[-81.75524276743054,43.292899463897015],[-81.76252064444093,43.29347733057946],[-81.76023144924302,43.2760386946516],[-81.76872654138643,43.271934407236884],[-81.76729201463684,43.26515443959038],[-81.77235388897698,43.26009576072343],[-81.76933094622622,43.25632510241756],[-81.77738444809538,43.24876519087134],[-81.77377421580749,43.237545244792635]]}},{"type":"Feature","properties":{},"geometry":{"type":"LineString","coordinates":[[-75.80958613230962,45.33146505052131],[-75.81946569752473,45.34202710174515],[-75.84122374138911,45.338276276370905],[-75.84652280557924,45.35351358897029],[-75.8553853112226,45.35531869048238],[-75.86838351434447,45.350271011135206],[-75.87341419374671,45.35929750555165],[-75.86772034467644,45.38753009434668]]}},{"type":"Feature","properties":{},"geometry":{"type":"LineString","coordinates":[[-75.80182305482816,45.31295762746708],[-75.80958613230962,45.33146505052131]]}},{"type":"Feature","properties":{},"geometry":{"type":"LineString","coordinates":[[-85.25501491413195,55.37332297640605],[-85.28265118700925,55.36982989046395],[-85.30191472128547,55.37584710178961],[-85.29873788563032,55.37935190976686],[-85.30679560095729,55.381837005645494],[-85.34318759014043,55.37512119103676],[-85.34742608484217,55.379949491085256],[-85.35149061327763,55.37960798767945],[-85.34945308072294,55.377252102907654],[-85.36013999000598,55.377894592898876],[-85.35224650998009,55.37867258979427],[-85.35780748973897,55.381066101103464],[-85.35231300331729,55.38394401241577],[-85.36698540943748,55.39438820653641],[-85.39063639770715,55.40187219726108],[-85.39559380360438,55.39838040319298],[-85.39526468665522,55.40229160283876],[-85.40859090643356,55.410341302944765],[-85.44519589885311,55.422240304263866],[-85.4363859815197,55.42221380231475],[-85.44563208191201,55.427950695787665],[-85.47852879372985,55.43727451261073],[-85.46583662080816,55.439392507372716],[-85.45646041714389,55.43467539772684],[-85.45968829318358,55.43804869383968],[-85.49899760820576,55.451651513287004],[-85.50757107593714,55.458881709631186],[-85.50666939784429,55.46456980428701],[-85.5381739097304,55.482679105696185],[-85.54378199534504,55.49037639558375],[-85.55509439021104,55.491245109886066],[-85.55548801167784,55.496876593091585],[-85.58296959883715,55.502079693125225],[-85.57557678933034,55.50535551091482],[-85.59040957896762,55.5210690118052],[-85.58641172359384,55.52266799586446],[-85.58860739790897,55.526125396786384],[-85.59550640456075,55.52685680604041],[-85.58933729096141,55.52390711119113],[-85.59254661948094,55.523196001316606],[-85.60799018868016,55.531089587930275],[-85.6247191166687,55.533037198826484],[-85.62075699169405,55.53543738926159],[-85.64190102381349,55.557706990311395],[-85.67168400609843,55.56118689586653],[-85.67408990665491,55.564566906752574],[-85.66823791348334,55.563178095233326],[-85.69893418701939,55.583990790721145],[-85.72888228553913,55.5934255919212],[-85.76554031902866,55.59068478815347],[-85.82107858635959,55.61831100449641],[-85.86097969031798,55.624568199634176],[-85.86759279474494,55.632520790544476],[-85.88910959821831,55.64113391300406],[-85.89550628108734,55.65575550864528],[-85.96706261165214,55.66131250709148],[-85.98822279696947,55.668170704673315],[-86.00566751297202,55.665185311571626],[-85.99959528075561,55.66944821702247],[-86.01287859818781,55.66967401835464],[-86.003990807273,55.67125621139505],[-86.04602041513131,55.667100496681435],[-86.06214151221356,55.67588279190499],[-86.10533825934247,55.681290190409506],[-86.13439215556652,55.69008810843249],[-86.15898899506881,55.68908999733683],[-86.16100200426018,55.69254550415541],[-86.26863058895542,55.70801220265805],[-86.31273589331389,55.726328596535524],[-86.37359417858838,55.762385050278084]]}},{"type":"Feature","properties":{},"geometry":{"type":"LineString","coordinates":[[-85.25051532932623,55.37275930292633],[-85.25444585958586,55.37325168961627]]}},{"type":"Feature","properties":{},"geometry":{"type":"LineString","coordinates":[[-85.12215307971447,55.31570142391371],[-85.12205168431369,55.33557359257857],[-85.13890637876476,55.332198103192006],[-85.1511359138503,55.33946351004398],[-85.15619888499728,55.337790097224634],[-85.15983989018619,55.34493948837638],[-85.17774431979967,55.34784599898205],[-85.2085757174829,55.34363090029494],[-85.22216268588534,55.352425886084404],[-85.22871250715828,55.37002801255849]]}},{"type":"Feature","properties":{},"geometry":{"type":"LineString","coordinates":[[-83.7272314079732,55.25193312399871],[-83.74371728869627,55.24786000784155],[-83.75549439372611,55.255781794063644],[-83.80488701003596,55.2680496988492],[-83.81880807701921,55.27752080509591],[-83.85832128941004,55.28240369698301],[-83.89329921038636,55.29496509608074],[-83.97611540608024,55.28727930370761],[-83.99524390485588,55.28011111067786],[-84.00058978764527,55.27084139235079],[-84.0169747027207,55.26988869989867],[-84.07826821024689,55.250087808353854],[-84.12247801016427,55.25454179351189],[-84.1267117149653,55.25959849301203],[-84.17442510796215,55.2745733091362],[-84.1920402001704,55.27062969769021],[-84.19916280914455,55.27906108913703],[-84.20646590458323,55.27550909152778],[-84.20454388822638,55.27171440937319],[-84.25050528014636,55.263589092063995],[-84.25480258360588,55.26745579248329],[-84.28479960713722,55.26663700873069],[-84.30701038668516,55.275138610150904],[-84.31729548796208,55.27070768995422],[-84.31043369067798,55.27074019504646],[-84.31086601261369,55.2687377044002],[-84.34522730155768,55.26498021161602],[-84.35125270547684,55.25941089962674],[-84.37318728473986,55.258459604262484],[-84.3686997039699,55.26274719345529],[-84.3850889887674,55.264492195032105],[-84.41651319180625,55.26097939080052],[-84.43332377789137,55.253198796382755],[-84.44388071149837,55.25563059059945],[-84.48518339940858,55.237329287900565],[-84.51099980076091,55.23189338838622],[-84.51666030096223,55.236397091786046],[-84.53107201415187,55.236799989538554],[-84.54396191199625,55.22430699019667],[-84.5506302915837,55.22780838882567],[-84.5473340914827,55.23340201122532],[-84.56884649469865,55.237332802011515],[-84.71155489844203,55.2326862892596],[-84.72127378518401,55.23733279131232],[-84.75606377761369,55.238711708813646],[-84.76947140725343,55.23130579486772],[-84.77412071992048,55.23346300305493],[-84.77004560902397,55.236147902054405],[-84.79457341593282,55.23532869299543],[-84.80056107635383,55.243148605012024],[-84.81258250945878,55.24113151056465],[-84.81210029302095,55.247202511473226],[-84.82591600858663,55.25022140899149],[-84.83942029710659,55.249339998908276],[-84.85220950462126,55.239863910054176],[-84.84666559292882,55.2474362877867],[-84.83566329877642,55.25160180389849],[-84.85338541954032,55.25327829715985],[-84.85737872064668,55.24624978930326],[-84.85229381599333,55.245504089870394],[-84.8603659985449,55.241290910034174],[-84.86522299040914,55.250000002751385],[-84.86121830878264,55.24818920395248],[-84.85304561260838,55.25465748821343],[-84.8966071075391,55.25960749951575],[-84.90405529514682,55.26972469690392],[-84.91907569541068,55.264017310220865],[-84.935419619131,55.265415014474016],[-84.97175429830352,55.27968480308372],[-84.99363510188229,55.27679800792616],[-85.00592470578925,55.2656565031453],[-85.00580409888852,55.270775200091876],[-85.01241548933102,55.27282941092584],[-85.0454904854255,55.27360638582106],[-85.1132814224162,55.259048703925956],[-85.12918848750957,55.26380940581216],[-85.13353691079806,55.27259920530239],[-85.12921960924956,55.27656814420113]]}},{"type":"Feature","properties":{},"geometry":{"type":"LineString","coordinates":[[-82.90899087624918,55.19738466561625],[-82.93082580154638,55.214526391682924],[-82.95417878090562,55.22370139796939],[-82.97919241191227,55.22677479971176],[-83.05203240334959,55.21488801137216],[-83.0574533214795,55.20839039492049],[-83.10578451668688,55.20689901147151],[-83.1535859776005,55.195505098889804],[-83.19740358493992,55.19951990300068],[-83.22332369670117,55.21257001290527],[-83.25682291063228,55.21579801094085],[-83.24920367734185,55.20918771032533],[-83.26982870216182,55.20426100756234],[-83.29802250954243,55.20834589075927],[-83.33754678939627,55.19870890187933],[-83.36574241244021,55.20333530025933],[-83.38070400961546,55.21389729226227],[-83.39958899085089,55.21959769957556],[-83.42658808942205,55.22243160802342],[-83.43317551637477,55.21882100252233],[-83.42165658600639,55.21284970258878],[-83.45995558927042,55.21395841131158],[-83.55611188782305,55.24698030638926],[-83.62100871500883,55.25094779067311],[-83.64563668123381,55.25986588905289],[-83.64341969831301,55.264766999140306],[-83.67216337891446,55.26946590860275],[-83.6968985204541,55.26592276532747]]}},{"type":"Feature","properties":{},"geometry":{"type":"LineString","coordinates":[[-82.90823537587083,55.19584117023609],[-82.90897588648588,55.197354041368975]]}},{"type":"Feature","properties":{},"geometry":{"type":"LineString","coordinates":[[-82.90604066262887,55.1913573475315],[-82.90626920457755,55.191824261185126]]}},{"type":"Feature","properties":{},"geometry":{"type":"LineString","coordinates":[[-82.71401545397421,55.15716200303249],[-82.71178308151313,55.148811310371116],[-82.69799561742643,55.147097605094366],[-82.6987352978383,55.14298060208812],[-82.70387012157039,55.14359389535771],[-82.69911848227052,55.138142393905326],[-82.70909839760108,55.14364800603428],[-82.7234228035981,55.14349799793917],[-82.72901400234834,55.137423204693434],[-82.73891680675986,55.14063059441484],[-82.7394362893355,55.135854792365656],[-82.7538540996734,55.13082200423534],[-82.79708640197259,55.12800049706932],[-82.85238759687178,55.143217610686555],[-82.88255970087427,55.146088099566136],[-82.88094878699141,55.15845440572827]]}},{"type":"Feature","properties":{},"geometry":{"type":"LineString","coordinates":[[-82.68875725411078,55.165263950220336],[-82.6857038029704,55.15934530524746],[-82.6901613164674,55.16481357611912]]}},{"type":"Feature","properties":{},"geometry":{"type":"LineString","coordinates":[[-82.67856259379067,55.16853404072394],[-82.6800851810692,55.164277486977],[-82.68644974621034,55.16600411805676]]}},{"type":"Feature","properties":{},"geometry":{"type":"LineString","coordinates":[[-82.6685755372219,55.17111759450128],[-82.66305459707534,55.16558420628837],[-82.67269284529456,55.17041685076498]]}},{"type":"Feature","properties":{},"geometry":{"type":"LineString","coordinates":[[-82.6548218844036,55.172836801229316],[-82.65170899668674,55.171318395701334],[-82.6563892352583,55.172640882358145]]}},{"type":"Feature","properties":{},"geometry":{"type":"LineString","coordinates":[[-82.41157877747877,55.10389951299008],[-82.42206598393703,55.111620698071945],[-82.44017349682153,55.109458500736984],[-82.45270679177858,55.12729590361942],[-82.4568194776349,55.127281097795546],[-82.45509722034035,55.13324829779434],[-82.46232868220129,55.13714878616498],[-82.47162862216224,55.12884479243497],[-82.48314551382173,55.128629412897176],[-82.48917021646244,55.13853511475824],[-82.51506582482821,55.150817088874504],[-82.51904940836583,55.14624649207924],[-82.52445400604248,55.150877207760985],[-82.52219179975285,55.143251792041745],[-82.53337161059306,55.14834299782685],[-82.53294829666221,55.13550190196028],[-82.521899897259,55.134272601658495],[-82.52569728268776,55.140148899786574],[-82.51860501299117,55.137473909040175],[-82.51851768295187,55.14387941057946],[-82.51104028678313,55.12785281131328],[-82.54800428358963,55.13221799942251],[-82.5467647949714,55.12398181200201],[-82.5518254093536,55.122446605922846],[-82.55458978329882,55.13593519821804],[-82.56497207659159,55.13720690622092],[-82.56690129364051,55.13280409278672],[-82.5740020972827,55.144187805744515],[-82.58893768166683,55.149324688492605],[-82.59802151566149,55.14420920761892],[-82.60852510672008,55.149252508273996],[-82.61732681497769,55.14343179970206],[-82.61570459976706,55.14790709074367],[-82.6376281240588,55.14553589579719],[-82.6444287988968,55.151501901385146],[-82.63985898071623,55.152751299872364],[-82.64043558396145,55.156718303250045],[-82.64161900278516,55.153369707538054],[-82.65792008150679,55.15902310835357],[-82.65995307960388,55.166448908093635],[-82.65167638061419,55.16889690051783],[-82.62553088857969,55.16113390796637],[-82.65322996182088,55.17303579156671]]}},{"type":"Feature","properties":{},"geometry":{"type":"LineString","coordinates":[[-82.3231025086043,55.077612427121586],[-82.30970218843116,55.0686337029639],[-82.30456438221591,55.05364930736101],[-82.35781230529558,55.07177610916511],[-82.37782699516008,55.068781699084205],[-82.38633719850505,55.0742283087777],[-82.41596397875325,55.077350511459755],[-82.40891195859479,55.091257779168025]]}},{"type":"Feature","properties":{},"geometry":{"type":"LineString","coordinates":[[-82.31446202253824,55.126399192840424],[-82.30997899037669,55.121774086177],[-82.30892920629171,55.10488020393655],[-82.33373200151884,55.10140891056005],[-82.3291150063872,55.087822851295066]]}},{"type":"Feature","properties":{},"geometry":{"type":"LineString","coordinates":[[-82.2518258370832,55.09169387960401],[-82.25246830447915,55.10962661008671],[-82.273802883545,55.11406200003613],[-82.27803327794757,55.11952509731485],[-82.28361271240843,55.12357481284984],[-82.28660270839394,55.124342412065914],[-82.27847668513735,55.117118987185435],[-82.28222618528203,55.11961039100332],[-82.29572748664091,55.11420670031799],[-82.30386848690361,55.121486405492405],[-82.30102751322359,55.131426498769905],[-82.30911339490277,55.137119894218124],[-82.31255950985505,55.137939493948814],[-82.30303158313062,55.12958431083911],[-82.31671839140498,55.133132288231735],[-82.31147389107724,55.13556179183081],[-82.31690770625589,55.146236102853806],[-82.33099359807272,55.149967888301546],[-82.3327057685955,55.1444152956465]]}},{"type":"Feature","properties":{},"geometry":{"type":"LineString","coordinates":[[-82.25635450470959,54.97525138958479],[-82.26468380449818,54.993774607214334]]}},{"type":"Feature","properties":{},"geometry":{"type":"LineString","coordinates":[[-82.21880753754853,54.88029789851324],[-82.22433281640743,54.87973961304195],[-82.21576050005555,54.87786419872884],[-82.21068219381262,54.869635404428756],[-82.21809360272158,54.87263610735864],[-82.22889840472716,54.864694601447574],[-82.22871088879218,54.870641490555435],[-82.23553450730114,54.86291410816887],[-82.25517289561337,54.881365910820854],[-82.26193801860893,54.89592559472343],[-82.26086969465449,54.908322433142516]]}},{"type":"Feature","properties":{},"geometry":{"type":"LineString","coordinates":[[-82.19956024117437,54.84808477866776],[-82.2147611986397,54.87882008520508]]}},{"type":"Feature","properties":{},"geometry":{"type":"LineString","coordinates":[[-82.28601111369623,54.65090624285464],[-82.28836810005475,54.65442649849209],[-82.28327103024064,54.657768575800226]]}},{"type":"Feature","properties":{},"geometry":{"type":"LineString","coordinates":[[-82.44273144089782,54.355692644344565],[-82.44767298515366,54.35726730795399],[-82.44334408760363,54.35908651260191]]}},{"type":"Feature","properties":{},"geometry":{"type":"LineString","coordinates":[[-82.43089758999992,54.285186098184006],[-82.43089758999992,54.2868725557816]]}},{"type":"Feature","properties":{},"geometry":{"type":"LineString","coordinates":[[-82.43089758999992,54.26183520159331],[-82.43089758999992,54.28401828278726]]}},{"type":"Feature","properties":{},"geometry":{"type":"LineString","coordinates":[[-82.43089758999992,54.251165038081304],[-82.438146478195,54.255279605199],[-82.43089758999992,54.25837078909545]]}},{"type":"Feature","properties":{},"geometry":{"type":"LineString","coordinates":[[-82.43089758999992,54.248965764960445],[-82.43089758999992,54.25051205407049]]}},{"type":"Feature","properties":{},"geometry":{"type":"LineString","coordinates":[[-82.43089758999992,54.24495637532772],[-82.43089758999992,54.24755738764058]]}},{"type":"Feature","properties":{},"geometry":{"type":"LineString","coordinates":[[-82.42801034093672,54.215453910580564],[-82.42824581613758,54.21649481801675]]}},{"type":"Feature","properties":{},"geometry":{"type":"LineString","coordinates":[[-82.4230796743436,54.20430819717732],[-82.43560580888897,54.20287141043259],[-82.4261074889513,54.21008216951165]]}},{"type":"Feature","properties":{},"geometry":{"type":"LineString","coordinates":[[-82.416994013127,54.19498659639037],[-82.43076159799546,54.19964670358995],[-82.42107263484803,54.20048081934123]]}},{"type":"Feature","properties":{},"geometry":{"type":"LineString","coordinates":[[-82.38433962125418,54.16246230662404],[-82.38484210366971,54.162932919134796]]}},{"type":"Feature","properties":{},"geometry":{"type":"LineString","coordinates":[[-82.37344460898416,54.1522583095873],[-82.37431089911055,54.153069655335585]]}},{"type":"Feature","properties":{},"geometry":{"type":"LineString","coordinates":[[-82.37024488629919,54.144393262556775],[-82.3755445965908,54.144979597114116],[-82.37081207702829,54.1468857057047]]}},{"type":"Feature","properties":{},"geometry":{"type":"LineString","coordinates":[[-82.22633877374746,54.028414027084544],[-82.2516523032793,54.06047489520123],[-82.29523721798469,54.09810260439684],[-82.30861471575736,54.10540730305775],[-82.3229422228651,54.10257898868193],[-82.32493700146495,54.10803539299541],[-82.32006889680656,54.11213671057968],[-82.3236183898504,54.11597878718006],[-82.34820900117442,54.12465073080877]]}},{"type":"Feature","properties":{},"geometry":{"type":"LineString","coordinates":[[-82.1914624353188,53.94976141796089],[-82.19169387045392,53.95028334709797]]}},{"type":"Feature","properties":{},"geometry":{"type":"LineString","coordinates":[[-82.1545381645952,53.88757516547318],[-82.16726159189902,53.90714618266073]]}},{"type":"Feature","properties":{},"geometry":{"type":"LineString","coordinates":[[-82.14572698676334,53.740791695599675],[-82.14438081503874,53.74350016062511]]}},{"type":"Feature","properties":{},"geometry":{"type":"LineString","coordinates":[[-82.14717092527899,53.73788652614985],[-82.14672514352988,53.7387834282719]]}},{"type":"Feature","properties":{},"geometry":{"type":"LineString","coordinates":[[-82.16758430904014,53.70796181388379],[-82.15903110122545,53.722995606279795],[-82.16163620986,53.724960798001966],[-82.14759984229438,53.73702355546504]]}},{"type":"Feature","properties":{},"geometry":{"type":"LineString","coordinates":[[-82.16824441762992,53.70705835714374],[-82.16789662815323,53.70753435874665]]}},{"type":"Feature","properties":{},"geometry":{"type":"LineString","coordinates":[[-82.17778324186105,53.69400305809557],[-82.16861614938911,53.70654958696783]]}},{"type":"Feature","properties":{},"geometry":{"type":"LineString","coordinates":[[-82.20581057440221,53.58346146873714],[-82.2147668262799,53.59072492665821],[-82.21068154959798,53.595068685109545]]}},{"type":"Feature","properties":{},"geometry":{"type":"LineString","coordinates":[[-82.16986580434316,53.46360082344301],[-82.17050604505584,53.46441930291628]]}},{"type":"Feature","properties":{},"geometry":{"type":"LineString","coordinates":[[-82.14166843205349,53.401408339289475],[-82.14755078569084,53.414669488653146],[-82.153475382071,53.41584119667476],[-82.14867638492242,53.41697628854055],[-82.16507181724714,53.44659240263612],[-82.1640262211247,53.45428488919792],[-82.16766961048965,53.45480421419635],[-82.16438221851108,53.45659064374876]]}},{"type":"Feature","properties":{},"geometry":{"type":"LineString","coordinates":[[-82.12122417034911,53.32946460614889],[-82.12178636724173,53.33144298735917]]}},{"type":"Feature","properties":{},"geometry":{"type":"LineString","coordinates":[[-82.11860274125452,53.32023974892706],[-82.1226643820826,53.3216597936441],[-82.120148162605,53.32567811509734]]}},{"type":"Feature","properties":{},"geometry":{"type":"LineString","coordinates":[[-82.11540563070434,53.30641495021255],[-82.11640944946035,53.31252151474378]]}},{"type":"Feature","properties":{},"geometry":{"type":"LineString","coordinates":[[-82.11504112366022,53.30004236168305],[-82.11516335623668,53.30217932426646]]}},{"type":"Feature","properties":{},"geometry":{"type":"LineString","coordinates":[[-82.11543189902015,53.28609383640097],[-82.12302018888046,53.29967290542879],[-82.1148004958208,53.295835523340514]]}},{"type":"Feature","properties":{},"geometry":{"type":"LineString","coordinates":[[-82.28873588789449,52.96284977893378],[-82.29422151683742,52.962602790036314],[-82.28991498856107,52.963299651190574]]}},{"type":"Feature","properties":{},"geometry":{"type":"LineString","coordinates":[[-82.27354130402696,52.95652222370408],[-82.2891188984211,52.95436748890714],[-82.29280069442368,52.95678798651663],[-82.28712636503448,52.96223568405458]]}},{"type":"Feature","properties":{},"geometry":{"type":"LineString","coordinates":[[-82.1810350690063,52.90607203453939],[-82.22223812272127,52.922565973148615]]}},{"type":"Feature","properties":{},"geometry":{"type":"LineString","coordinates":[[-82.14773041009707,52.89556808663094],[-82.16086248547568,52.8892700078614],[-82.16802651313202,52.89208059482493],[-82.16156524746705,52.897841128227434]]}},{"type":"Feature","properties":{},"geometry":{"type":"LineString","coordinates":[[-82.03885503520621,52.840357648032814],[-82.04251966787494,52.84325393709926]]}},{"type":"Feature","properties":{},"geometry":{"type":"LineString","coordinates":[[-81.98331680942448,52.76638768804067],[-82.00000002233224,52.76499198956707],[-81.98531926549994,52.76917835945719]]}},{"type":"Feature","properties":{},"geometry":{"type":"LineString","coordinates":[[-81.82260902006014,52.63792260907384],[-81.87441232347152,52.66270663191639]]}},{"type":"Feature","properties":{},"geometry":{"type":"LineString","coordinates":[[-81.58557753680995,52.46817843057563],[-81.61991311143173,52.48183960066779],[-81.65281173483415,52.50334770751912]]}},{"type":"Feature","properties":{},"geometry":{"type":"LineString","coordinates":[[-81.51320955025987,52.32845325725547],[-81.51359125938865,52.32868597911967]]}},{"type":"Feature","properties":{},"geometry":{"type":"LineString","coordinates":[[-81.50743891151743,52.32493499241827],[-81.51149919474969,52.32374950828623],[-81.51058108549431,52.32685072492357]]}},{"type":"Feature","properties":{},"geometry":{"type":"LineString","coordinates":[[-81.53629036659095,52.310748107833184],[-81.50670940032188,52.32449022127556]]}},{"type":"Feature","properties":{},"geometry":{"type":"LineString","coordinates":[[-81.4460581583347,52.20001727669263],[-81.47379859039812,52.21825499331122],[-81.49999999950211,52.22693399412083],[-81.50000494615202,52.23445749053822]]}},{"type":"Feature","properties":{},"geometry":{"type":"LineString","coordinates":[[-81.41571978108217,52.16158773022794],[-81.42832398621931,52.17244029324544],[-81.4431951806168,52.19696062693224]]}},{"type":"Feature","properties":{},"geometry":{"type":"LineString","coordinates":[[-81.41469113060748,52.16020307725279],[-81.4152454509956,52.160949240690684]]}},{"type":"Feature","properties":{},"geometry":{"type":"LineString","coordinates":[[-81.40435899920331,52.1462951300537],[-81.42492480513665,52.144780100150214],[-81.40952966172543,52.15325529137268]]}},{"type":"Feature","properties":{},"geometry":{"type":"LineString","coordinates":[[-81.39653533724763,52.135763800831604],[-81.41219548122842,52.14039489845331],[-81.40169086281604,52.14270358649482]]}},{"type":"Feature","properties":{},"geometry":{"type":"LineString","coordinates":[[-81.37099916592325,52.1147394194915],[-81.38867620552027,52.12097990321477],[-81.3863503923914,52.12495592513866]]}},{"type":"Feature","properties":{},"geometry":{"type":"LineString","coordinates":[[-81.35893329737426,52.1067093761315],[-81.3656633000608,52.10566110951373],[-81.36010461063202,52.107488905280995]]}},{"type":"Feature","properties":{},"geometry":{"type":"LineString","coordinates":[[-81.34917817766335,52.103290112672966],[-81.35402895968619,52.1040487768613]]}},{"type":"Feature","properties":{},"geometry":{"type":"LineString","coordinates":[[-81.34396602247847,52.10247492958204],[-81.3462140034816,52.10282651468215]]}},{"type":"Feature","properties":{},"geometry":{"type":"LineString","coordinates":[[-81.22549828182242,52.068090596456585],[-81.26337851394729,52.0747144072046],[-81.25423659797303,52.0745291938787],[-81.32506338422735,52.09886131029525],[-81.34456480293814,52.09709270798126],[-81.34009221505502,52.10186906459968]]}},{"type":"Feature","properties":{},"geometry":{"type":"LineString","coordinates":[[-81.21318283679905,52.06356816054713],[-81.22478361709108,52.06451240759207],[-81.22395385952115,52.06752345894256]]}},{"type":"Feature","properties":{},"geometry":{"type":"LineString","coordinates":[[-81.20014796196988,52.05878153806692],[-81.20694771166255,52.06127851906331]]}},{"type":"Feature","properties":{},"geometry":{"type":"LineString","coordinates":[[-81.15957689504894,52.04388316861459],[-81.1608272521233,52.044342320494366]]}},{"type":"Feature","properties":{},"geometry":{"type":"LineString","coordinates":[[-81.15167973608983,52.04301494865696],[-81.1535046935765,52.04293237140339]]}},{"type":"Feature","properties":{},"geometry":{"type":"LineString","coordinates":[[-81.13236935943681,52.04388872126874],[-81.14469368244298,52.039745002576765],[-81.14513944608244,52.04331088935166]]}},{"type":"Feature","properties":{},"geometry":{"type":"LineString","coordinates":[[-81.09862853776,52.054576079253636],[-81.10193809388335,52.0494115996839],[-81.10886218179257,52.05122471100973],[-81.11011160952935,52.03693509038031],[-81.11309419078525,52.04525270814183],[-81.11707011286487,52.045359108073384],[-81.11671478907579,52.04194211032706],[-81.12179680883823,52.03880339949983],[-81.11824020624081,52.04579830543018],[-81.1288055360365,52.04441591982787]]}},{"type":"Feature","properties":{},"geometry":{"type":"LineString","coordinates":[[-81.00024952154911,52.013578742664194],[-81.02476079915756,52.015470702254724],[-81.03336532874236,52.021478995837874]]}},{"type":"Feature","properties":{},"geometry":{"type":"LineString","coordinates":[[-80.97360525591105,51.99472745212201],[-80.97401804598046,51.99525857530496]]}},{"type":"Feature","properties":{},"geometry":{"type":"LineString","coordinates":[[-80.96889328511453,51.9865750756971],[-80.97176447261711,51.99172609516872]]}},{"type":"Feature","properties":{},"geometry":{"type":"LineString","coordinates":[[-80.85432541567336,51.88601222011833],[-80.8581359856635,51.88207009339472],[-80.8592567851116,51.88721064817272]]}},{"type":"Feature","properties":{},"geometry":{"type":"LineString","coordinates":[[-80.81613550117773,51.87805717064342],[-80.82914108317672,51.87748770727021],[-80.84463856076144,51.88442230160167]]}},{"type":"Feature","properties":{},"geometry":{"type":"LineString","coordinates":[[-80.08044937213896,51.27331516636186],[-80.0985233083815,51.27734419066731],[-80.11342897921382,51.29081061025643],[-80.20960830487685,51.296289397619574],[-80.27715329658844,51.31106060931193],[-80.29254992070909,51.30709489468455],[-80.29000641226564,51.312520707468416],[-80.30457421159922,51.317528007958956],[-80.31530629187142,51.315496801572124],[-80.31944511284343,51.31808961455848],[-80.3166788910804,51.32269159526073],[-80.32267061699353,51.32494249345779],[-80.34486780248324,51.32669891035533],[-80.38513960248962,51.338668897200996],[-80.39654690748517,51.3293271986877],[-80.40939938379731,51.33809629185267],[-80.40640494384233,51.33981106427497]]}},{"type":"Feature","properties":{},"geometry":{"type":"LineString","coordinates":[[-79.82158637351462,51.16168610097444],[-79.88452579047333,51.171205904070604],[-79.93768060563627,51.20140179795745],[-79.99462200636498,51.24895439079352],[-79.99954838635638,51.24935261097623],[-79.99964299981788,51.24526609924022],[-80.01961398207116,51.25454800160807],[-80.05165400534277,51.25701891215188],[-80.07987974119284,51.27303763867982]]}},{"type":"Feature","properties":{},"geometry":{"type":"LineString","coordinates":[[-80.39843182843066,47.32037323429227],[-80.40617987466426,47.941563958209194],[-79.88865065109242,47.938652029631996],[-79.76137536902948,47.92804900654198],[-79.51748589338357,47.92687405632329]]}},{"type":"Feature","properties":{},"geometry":{"type":"LineString","coordinates":[[-82.6030179376959,47.23577228202544],[-82.60054283725584,48.09783227765706],[-81.85689418208871,48.10390039920703],[-81.07363982685469,48.10345090002721],[-81.07343468711133,47.32176117054553],[-80.39843182843066,47.32037323429227]]}},{"type":"Feature","properties":{},"geometry":{"type":"LineString","coordinates":[[-84.68569494622236,49.70869536804555],[-84.48557170037205,49.709364759065444],[-84.48428430369873,49.451397262139785],[-84.01444215981456,49.44929187574989],[-84.0162178129729,48.34295231339988],[-84.01473937961406,48.336096009538885],[-83.93929603880177,48.33248851617915],[-83.9141997544658,48.30310601113403],[-83.93946394457132,48.29762722489508],[-83.9484221382916,48.29072150826072],[-83.98006143161776,48.29102010659829],[-83.97929735615628,48.29377601485661],[-83.97873112275245,48.29378701531377],[-83.97806284954291,48.294059615303404],[-83.97717294382119,48.294656604288534],[-83.97731563116093,48.29485121348583],[-83.98408352496398,48.29185321409697],[-83.98705043851443,48.289056299869664],[-84.00579314647881,48.28830782125942],[-83.98206854877826,48.29912731148892],[-84.01231532790774,48.29945532215896],[-84.00616613195055,48.30175170367218],[-83.99407354422526,48.312050911867665],[-84.01474782839695,48.30552399290282],[-84.01638346079184,47.934101857679366],[-83.9737449760402,47.93410277655868],[-83.97492747709046,47.23615984074196],[-82.6030179376959,47.23577228202544]]}},{"type":"Feature","properties":{},"geometry":{"type":"LineString","coordinates":[[-86.55242264432525,53.000063999741556],[-86.55960369690447,52.49731913748817],[-86.54795249818746,51.5195765115408],[-86.51416681947094,51.53426332417366],[-86.4839486376619,51.53915266479098],[-86.46266080899665,51.562110531545756],[-86.42698494889353,51.579288851665275],[-86.40923748415476,51.596937396331846],[-86.40478937207898,51.61125520455088],[-86.38652748098028,51.62178704564136],[-86.38629749638635,51.669195361503505],[-86.3989851784054,51.68451078473839],[-86.40236144179217,51.69909300999704],[-86.39833647820763,51.71200719740071],[-86.38377290283033,51.72834811483063],[-86.35426183834626,51.7459756162271],[-86.33023720669205,51.74789235374648],[-86.30054525953425,51.76735062935704],[-86.27106682602492,51.772746761314636],[-86.25236610271727,51.77334678710166],[-86.24330291180614,51.76179691373288],[-86.22072296548154,51.762006537949574],[-86.20197744888614,51.750924274362575],[-86.1461506975442,51.75403767524787],[-86.14361868601308,51.74741007713083],[-86.12048096648667,51.74229431410153],[-86.09729222493974,51.72325338536636],[-86.04572014058611,51.71397659983954],[-85.99999982101016,51.6833333263788],[-85.99005370273748,51.647018361401706],[-85.98773900017885,51.70809437220225],[-85.84812174188181,51.705853163160185],[-85.85002607479056,51.62896132112298],[-85.79895702003944,51.6381948149144],[-85.77207006038013,51.632104771023116],[-85.71278222677715,51.63505303243036],[-85.68134553179941,51.6471874071133],[-85.49373215799389,51.660670745260234],[-85.4493569681732,51.645694731043186],[-85.44169999879438,51.632840301980536],[-85.4205548774827,51.616671203439246],[-85.40846362078392,51.59286308977908],[-85.37749350637577,51.580668914320555],[-85.36184736926938,51.567766147639915],[-85.33675408610874,51.5627227976842],[-85.31160309528019,51.52560916554919],[-85.24131885093652,51.51399054100314],[-85.22312793498237,51.50672211839482],[-85.18649980428351,51.477730348788164],[-85.16739354025054,51.443610842908555],[-85.15248218112787,51.430176096634526],[-85.13540514423687,51.42165533496361],[-85.09481085849626,51.415969093521426],[-85.05045008769225,51.39569058026925],[-85.05045424605045,51.389611133036276],[-85.06125476760896,51.38227391538941],[-85.03935896522373,51.36201258791081],[-85.03566441790376,51.347216753361046],[-85.0413158515316,51.319737515729194],[-84.997780560316,51.289589670708445],[-84.97812816572633,51.280840731567785],[-84.89936539822291,51.27399146579795],[-84.85908563089416,51.24805191189201],[-84.84079002412295,51.2260021303416],[-84.81333624960541,51.2150431189836],[-84.79200404933397,51.193307715088324],[-84.71657821626073,51.18380692157869],[-84.67960053202232,51.162860617543544],[-84.62212121372194,51.15084941956403],[-84.59539332490135,51.13649142505655],[-84.58741694896482,51.1193477063275],[-84.56887202468454,51.12108142410912],[-84.55342781403073,51.113026209896766],[-84.50596452437695,51.11626320514056],[-84.49999984706204,51.115208029572365],[-84.49999999619138,51.10826546556584],[-84.47507385003914,51.1123826031994],[-84.49975498632448,51.08177547714725],[-84.51815658341073,51.07694800182749],[-84.55785043971092,51.07735898474264],[-84.5716562568686,51.07031567168037],[-84.57356052395731,51.04913367360294],[-84.58551304493442,51.04370739428399],[-84.58939113123274,51.035724660242266],[-84.58888687020094,51.01894041960952],[-84.6091907306711,50.99927987457669],[-84.60712718025565,50.98400749292695],[-84.59349653430282,50.96986782987489],[-84.58621203632188,50.94421637850603],[-84.59915476844424,50.92892091978767],[-84.56612255918036,50.91175019220993],[-84.56687990307306,50.90411468820676],[-84.58779948703747,50.88285158031065],[-84.57398144753532,50.84899357077071],[-84.5635349221898,50.83950336147253],[-84.53438588898328,50.83102565283154],[-84.5187237377888,50.820148612163884],[-84.49979807576501,50.820681193824576],[-84.48913686259235,50.80092752898065],[-84.4568033072775,50.800024546194734],[-84.44430108671602,50.78565141958288],[-84.42665508917248,50.75114046492103],[-84.4360273421422,50.69838481953327],[-84.45650200366543,50.6580707649441],[-84.46766858213208,50.64644552587501],[-84.47507615522507,50.61204119802736],[-84.49215462668234,50.59118573929382],[-84.49699532263283,50.563439181253436],[-84.49230138888198,50.52664000770527],[-84.50123071708917,50.5075904600456],[-84.47500614615433,50.49192943712124],[-84.45521930588767,50.46390087364785],[-84.42043933950812,50.45665298611439],[-84.38403983208661,50.422993476025304],[-84.38192006353336,50.41231229660618],[-84.35765252060355,50.405780367378114],[-84.34499641947527,50.39240802042071],[-84.36650957677942,50.38722839630811],[-84.36482372881994,50.375236445124685],[-84.37225627693154,50.3632514907646],[-84.39020419626662,50.37164070950529],[-84.40483977219215,50.36534966246746],[-84.44162316934552,50.36205091531199],[-84.48948816515804,50.3416993869673],[-84.51298644715057,50.30368757725226],[-84.52701663174587,50.29695916827546],[-84.53455662546637,50.286503927662054],[-84.66292551796765,50.24670765911041],[-84.68896755573051,50.22578730537682],[-84.68569494622236,49.70869536804555]]}},{"type":"Feature","properties":{},"geometry":{"type":"LineString","coordinates":[[-86.54548671146982,55.80630893727644],[-86.55013643069977,54.74380201872547],[-86.56133713918443,54.74868317458613],[-86.5882724132001,54.74859187177536],[-86.6371410125787,54.7740935952177],[-86.67415977587063,54.782372051403534],[-86.68096178837905,54.777952548449264],[-86.73702828119056,54.7698931926099],[-86.7797990038167,54.77133640357209],[-86.82533692236261,54.75685109687573],[-86.89264524599254,54.75088954870332],[-86.911085649997,54.74375080506123],[-86.97367266156698,54.73673583490447],[-87.03793815583886,54.73960636533314],[-87.06501870570348,54.73587726859728],[-87.12793467872325,54.74306262896255],[-87.17129632382242,54.73407297067423],[-87.21564101297508,54.73675120336414],[-87.29698775565757,54.73236220126165],[-87.30846585245095,54.71752915853954],[-87.29731403504086,54.7006180898848],[-87.30064486863411,54.68966380164877],[-87.27541804333242,54.62525077469446],[-87.26135770052612,54.615954918454925],[-87.26985425863924,54.60565530039253],[-87.2526929320199,54.595778173507284],[-87.2487476752855,54.58309660242371],[-87.25450560840476,54.5776154392348],[-87.23346875861684,54.5571929015388],[-87.23506775625812,54.543255006112474],[-87.22464734890872,54.5328035073056],[-87.22676142017191,54.50246048272497],[-87.21279105695673,54.469453383243554],[-87.18342073337374,54.43493858096446],[-87.1791866528312,54.42399284939368],[-87.14302880994764,54.39205645476764],[-87.13978467921133,54.38047976060609],[-87.14226865310317,54.349046145124156],[-87.14391893037667,54.34127261525532],[-87.18348222875457,54.31937132042384],[-87.34201250328577,54.26188582256475],[-87.30031191528913,54.22255043143636],[-87.2439834379669,54.235513638177764],[-87.18991307371469,54.26665764733903],[-87.18242905799393,54.2463246821881],[-87.18670918216272,54.23249206498703],[-87.16633906486975,54.20848090479761],[-87.17115206613119,54.19145050838052],[-87.17624252882601,54.18836924661819],[-87.17437599430023,54.171041956229566],[-87.12485456045785,54.06903313091282],[-87.10650274706894,54.05709819906251],[-87.08364303637669,54.02642626340372],[-87.08083417565993,54.000344077872654],[-86.55244816300274,54.00112815012153],[-86.55242264432525,53.000063999741556]]}},{"type":"Feature","properties":{},"geometry":{"type":"LineString","coordinates":[[-86.51844382326708,55.80041628180878],[-86.54548671146982,55.80630893727644]]}},{"type":"Feature","properties":{},"geometry":{"type":"LineString","coordinates":[[-81.35302884534826,52.10389235859124],[-81.35161704392559,52.10367155230158]]}},{"type":"Feature","properties":{},"geometry":{"type":"LineString","coordinates":[[-80.97142087252827,51.99110966355409],[-80.97111549880998,51.99056181150068]]}},{"type":"Feature","properties":{},"geometry":{"type":"LineString","coordinates":[[-79.69145721073689,51.286566592423604],[-79.69215492473276,51.28501196769037]]}},{"type":"Feature","properties":{},"geometry":{"type":"LineString","coordinates":[[-79.68343931034181,51.402469981482476],[-79.68890280176299,51.37940950900526],[-79.67486398081114,51.353503601401975],[-79.67670750258563,51.33839490029687],[-79.69602789510657,51.35653207359172]]}},{"type":"Feature","properties":{},"geometry":{"type":"LineString","coordinates":[[-79.68134214970692,51.40337849873343],[-79.68247435747364,51.40288801160974]]}},{"type":"Feature","properties":{},"geometry":{"type":"LineString","coordinates":[[-79.67710772760094,51.40521290543889],[-79.67796606816995,51.40484106114563]]}},{"type":"Feature","properties":{},"geometry":{"type":"LineString","coordinates":[[-79.57871535414542,51.45486279851989],[-79.58811490371444,51.44147049028746],[-79.59515968851667,51.44455718562436],[-79.59799239983691,51.439054206637145],[-79.60574671624593,51.438793903109435],[-79.61465710538783,51.41550390578902],[-79.62141687873505,51.421122309514494],[-79.63131108597504,51.41985519962163],[-79.63788809212794,51.4147613902667],[-79.63956999753604,51.40609370914967],[-79.67360688073754,51.40672951781251]]}},{"type":"Feature","properties":{},"geometry":{"type":"LineString","coordinates":[[-79.5282988858023,51.46334828475543],[-79.53044811173163,51.46238429371504]]}},{"type":"Feature","properties":{},"geometry":{"type":"LineString","coordinates":[[-79.52716932676701,51.46385492520433],[-79.52770715696754,51.463613692541216]]}},{"type":"Feature","properties":{},"geometry":{"type":"LineString","coordinates":[[-79.69242057794452,51.28442004742518],[-79.69356580881824,51.26688751034219],[-79.67332050417707,51.253027491920044],[-79.70743651285585,51.24608721175457],[-79.70892638343226,51.23911359340476],[-79.71061830812043,51.23778790493661],[-79.70946401189673,51.241771394665754],[-79.71547809059003,51.24346168976042],[-79.73335337185311,51.2289300311765]]}},{"type":"Feature","properties":{},"geometry":{"type":"LineString","coordinates":[[-95.15259324213163,49.45814972343491],[-95.15395734318331,49.38551483791753]]}},{"type":"Feature","properties":{},"geometry":{"type":"LineString","coordinates":[[-95.15296495016572,49.5804769404923],[-95.15223820191723,49.484831740696485]]}},{"type":"Feature","properties":{},"geometry":{"type":"LineString","coordinates":[[-88.9795769040035,56.85114844707981],[-89.56220685744928,56.500050780514925],[-90.23856122964149,56.0799825723819],[-90.80225034836288,55.72039433745502],[-91.3461153921564,55.36201247432033],[-91.6477931916378,55.15848486143817],[-91.99997009144788,54.906002707438866],[-92.74173330675349,54.395038400626966],[-93.13997976453952,54.11121219466784],[-93.63762244352414,53.744840498863965],[-93.9584450302293,53.55369426663337],[-94.28198143907956,53.36992694299624],[-95.15315109619931,52.84057310607996],[-95.15279423929516,50.39577284198695]]}},{"type":"Feature","properties":{},"geometry":{"type":"LineString","coordinates":[[-88.90128037170707,56.85927771945135],[-88.90419648924262,56.857073591208795],[-88.88992540098182,56.860107202452724],[-88.9112827129864,56.848092596503015],[-88.95065028303901,56.845743604450554],[-88.9795769040035,56.85114844707981]]}},{"type":"Feature","properties":{},"geometry":{"type":"LineString","coordinates":[[-88.89090694930863,56.86124240196141],[-88.89721415358821,56.860081507087195]]}},{"type":"Feature","properties":{},"geometry":{"type":"LineString","coordinates":[[-88.84234704481514,56.83855752150185],[-88.85177489638997,56.83725368954083],[-88.83950598242184,56.83271320012284],[-88.84058631241417,56.828042713179805],[-88.85325857779796,56.82524478690009],[-88.85883528546397,56.82828359454475],[-88.85309811494493,56.82910538921156],[-88.85930590405839,56.83210390024265],[-88.85756007446831,56.83925860208098]]}},{"type":"Feature","properties":{},"geometry":{"type":"LineString","coordinates":[[-88.8077879857394,56.79344386137871],[-88.81825600971591,56.79212038803455],[-88.8159583889863,56.79520170653574],[-88.82108918140275,56.796159505209424],[-88.81701804538001,56.799128094273264]]}},{"type":"Feature","properties":{},"geometry":{"type":"LineString","coordinates":[[-88.80125589676939,56.78983366019939],[-88.80399067811996,56.79110533034841]]}},{"type":"Feature","properties":{},"geometry":{"type":"LineString","coordinates":[[-88.77231726642198,56.77666344760143],[-88.78379987205416,56.78188927741918]]}},{"type":"Feature","properties":{},"geometry":{"type":"LineString","coordinates":[[-88.62367356451063,56.688910697683745],[-88.62807549459889,56.68274979031122],[-88.65852291130233,56.69552099757752],[-88.67550579715132,56.70914280687591],[-88.67724191279325,56.72007547962448]]}},{"type":"Feature","properties":{},"geometry":{"type":"LineString","coordinates":[[-88.51681233298466,56.658418508635826],[-88.5296728200039,56.6582459045382],[-88.51973478671208,56.65269929281626],[-88.52487938016863,56.652896510425485],[-88.53439011663139,56.658400190541315],[-88.56063702192917,56.66074899780712],[-88.6129632128163,56.68061059634432],[-88.62367931199127,56.67876639964082],[-88.61679031368094,56.68197719473364],[-88.62442568210463,56.68454259382446],[-88.62196572459743,56.68853033244393]]}},{"type":"Feature","properties":{},"geometry":{"type":"LineString","coordinates":[[-88.46029518028031,56.62324443029026],[-88.47582152087169,56.634912360365604]]}},{"type":"Feature","properties":{},"geometry":{"type":"LineString","coordinates":[[-88.44277132642291,56.60837642457121],[-88.4495097784249,56.61211770895046],[-88.44653461929337,56.611569367195344]]}},{"type":"Feature","properties":{},"geometry":{"type":"LineString","coordinates":[[-87.64499667846371,56.120638532127],[-87.66598558751932,56.139513743008095]]}},{"type":"Feature","properties":{},"geometry":{"type":"LineString","coordinates":[[-87.6224262007873,56.095702310140155],[-87.65675928503076,56.10668499535186],[-87.63727489075933,56.10576249049571],[-87.63722536600352,56.11205266277081]]}},{"type":"Feature","properties":{},"geometry":{"type":"LineString","coordinates":[[-87.61378538101935,56.09082112545934],[-87.61505213203941,56.09152688673686]]}},{"type":"Feature","properties":{},"geometry":{"type":"LineString","coordinates":[[-87.59266740926235,56.08248276884125],[-87.60259873555798,56.08643056886225]]}},{"type":"Feature","properties":{},"geometry":{"type":"LineString","coordinates":[[-87.35745431054974,55.968582814236704],[-87.36069878093133,55.971783609254125],[-87.3564833219421,55.974751589139274],[-87.36228230211928,55.9808928064428],[-87.37790507710086,55.984370002852785],[-87.37040720515033,55.987190909252305],[-87.375534213541,55.99103079431337],[-87.45852128987255,56.01077366101567]]}},{"type":"Feature","properties":{},"geometry":{"type":"LineString","coordinates":[[-87.36184152367757,55.95724427869745],[-87.35855455170707,55.96573929533284]]}},{"type":"Feature","properties":{},"geometry":{"type":"LineString","coordinates":[[-86.96440664825876,55.9130514634267],[-86.97673129120707,55.918243598062396],[-87.00379511015633,55.91975149035357],[-87.02302038943077,55.91568599139609],[-87.03304177742993,55.91997370651958],[-87.02072291657312,55.92071110614025],[-87.03575290744763,55.922865504337516],[-87.02496631311655,55.92308289735284],[-87.07389188887501,55.922429112354166],[-87.06621440314484,55.92303540607114],[-87.16735460316231,55.93638670521765],[-87.21485438178631,55.93285410760815],[-87.21719200797304,55.935187894788704],[-87.21277091651172,55.935973514367426],[-87.22232639201475,55.94092219070017],[-87.25500268036686,55.94160890550378],[-87.31304489473487,55.96192381732607]]}},{"type":"Feature","properties":{},"geometry":{"type":"LineString","coordinates":[[-86.95572209256635,55.90939609993579],[-86.95625263888778,55.909619408959564]]}},{"type":"Feature","properties":{},"geometry":{"type":"LineString","coordinates":[[-86.90985853516419,55.913122885956085],[-86.91118769267607,55.91298449011229]]}},{"type":"Feature","properties":{},"geometry":{"type":"LineString","coordinates":[[-86.61244237275069,55.82746430444702],[-86.6439063858788,55.82844990386429],[-86.70626351052215,55.84329299256979],[-86.70950051375588,55.84506750007755],[-86.70299908010223,55.84558709488144],[-86.74692009585078,55.864019799480836],[-86.78093101640142,55.87110788908863],[-86.80293589070449,55.881427389949025],[-86.81891060844974,55.8816647974237],[-86.83656541439849,55.892215603977384],[-86.86793350815847,55.89922179674311],[-86.9011631180092,55.914028278720714]]}},{"type":"Feature","properties":{},"geometry":{"type":"LineString","coordinates":[[-86.59435559810332,55.82132064568296],[-86.59517761528386,55.82159986589518]]}},{"type":"Feature","properties":{},"geometry":{"type":"LineString","coordinates":[[-86.54548671146982,55.80630893727644],[-86.56248689018373,55.81198008011111]]}},{"type":"Feature","properties":{},"geometry":{"type":"LineString","coordinates":[[-90.16986151886826,50.063483978818034],[-90.16703824776653,51.1336664104052],[-90.14610454085454,51.14109427307319],[-90.10362048642091,51.13998800814427],[-90.08146223637932,51.15175432808605],[-90.07012164738438,51.150110718920125],[-90.06503973134653,51.14517372172374],[-90.07305302747082,51.14555621512608],[-90.07267343866658,51.1411399380434],[-90.05068724342694,51.12962392197781],[-90.01803114694923,51.14565362602626],[-89.97893924389442,51.15093143539039],[-89.97083762845091,51.16592263918512],[-89.96404612719886,51.167737936664395],[-89.97725874342959,51.169341315207106],[-89.96878914638349,51.17414532139747],[-89.94693933400818,51.17566262228553],[-89.91763978268341,51.16565838136455],[-89.88848367406385,51.178884462203904],[-89.87919044169055,51.17409761380494],[-89.87086113894182,51.18045695462777],[-89.85955926313756,51.181360569321924],[-89.83044099339021,51.1986470021838],[-89.80523453382098,51.204862305221454],[-89.79329143200171,51.21312460270367],[-89.79418179621969,51.216572923897495],[-89.74579740012189,51.214427892126054],[-89.72762692363051,51.22148180205654],[-89.71718108583487,51.219888455342975],[-89.70106560631869,51.230234366287505],[-89.68090802218502,51.22564212738276],[-89.67365293786884,51.23308505790242],[-89.66062597462236,51.235036551949044],[-89.61540142651965,51.257291364831055],[-89.60095242412044,51.25586964549424],[-89.59276382103356,51.24902812552458],[-89.57973713090021,51.25029503215913],[-89.57589825148865,51.264892823103004],[-89.57990498749143,51.2742208735365],[-89.57070655106885,51.28034144558958],[-89.55763210012412,51.27983453196196],[-89.51208037863728,51.304118574288516],[-89.4808794061422,51.334219259164634],[-89.41013832564101,51.36934537886941],[-89.40934066714664,51.37339453587195],[-89.33394105634628,51.40732181781504],[-89.31949613041371,51.417462889729606],[-89.32082904340149,51.42617906470631],[-89.31120611305317,51.42483077652363],[-89.28694253806863,51.433739676322],[-89.28394212040325,51.429903532715066],[-89.2916848901344,51.424222291710436],[-89.28232727908224,51.41894287822927],[-89.26415898539344,51.424034900317885],[-89.25467912134366,51.43212346311521],[-89.22457989434666,51.43187417552063],[-89.21418366310799,51.426489189470885],[-89.1885784287221,51.42871543055411],[-89.18656687858632,51.45213456598195],[-89.15876804280231,51.48922231700532],[-89.14572557835524,51.4956894557261],[-89.13446064368425,51.51400186761764],[-89.1107494594197,51.526994374347524],[-89.04335488538605,51.52425128317058],[-89.04016094135548,51.52043950292982],[-89.04542081031093,51.515510925022646],[-89.03296794571003,51.508619768465174],[-89.01480367284856,51.50569639275941],[-88.9999998174973,51.509754991210436],[-88.99994054959924,53.00006393071423],[-87.50270783243302,52.99992156160866],[-87.48772791651412,53.01298541885801],[-87.49285284083462,53.02714952692992],[-87.49198403347795,53.02150963028452],[-87.49925633069833,53.0135345156745],[-87.51163501552712,53.01742712328598],[-87.49663103980987,53.03401573437183],[-87.49941474192514,53.04331542134996],[-87.48913673487999,53.03675532897246],[-87.49049734777735,53.029531516080304],[-87.48189594947218,53.041292425567015],[-87.47434961701845,53.04096303793202],[-87.48026304331806,53.02362491882669],[-87.47110543606702,53.01883102762898],[-87.47485481887135,53.022732837401975],[-87.4660647176023,53.02571721613721],[-87.46042443621207,53.03709272011741],[-87.44364412016994,53.05119111788447],[-87.43558481589258,53.052593138238564],[-87.43946231344513,53.04032942954321],[-87.43161111708167,53.03769953699331],[-87.43422224579062,53.054779837167786],[-87.42854280731535,53.05669222064573],[-87.43296801385681,53.06470963354667],[-87.42745743973029,53.062312230495436],[-87.41947982654457,53.06788522191404],[-87.41772053056694,53.06378492962089],[-87.40617631234267,53.080065827009626],[-87.39691842350392,53.085068115815986],[-87.39201384266035,53.08581462699374],[-87.39045514323026,53.08117743829326],[-87.38934544539967,53.08520852168443],[-87.3819650217495,53.08476581471608],[-87.36707643628449,53.147926138260566],[-87.35811934509017,53.143108935076754],[-87.35535512038886,53.12266833454299],[-87.35605880834692,53.1203788310903],[-87.35914584425903,53.121190518877206],[-87.35975331475869,53.11915102479477],[-87.34744254225072,53.11534661940832],[-87.34704560945761,53.107984013523215],[-87.3413719180393,53.114051230555965],[-87.33923003597977,53.106194329643834],[-87.32588852942537,53.10515728473556],[-87.33370621887944,53.10764592049555],[-87.32170841634697,53.114499637411896],[-87.32134693814557,53.11901702425133],[-87.25287265586665,53.118439133693514],[-87.25208822012355,52.9999238295668],[-86.55242264432525,53.000063999741556]]}},{"type":"Feature","properties":{},"geometry":{"type":"LineString","coordinates":[[-94.22073275082668,49.09847783184413],[-94.22875128527832,49.096176704001685],[-94.22962141070944,49.00002419764194],[-93.83000854259024,49.00005988986856],[-93.82948609285121,49.10745110825413],[-92.93409467297289,49.105784524907655],[-92.93700220036806,49.019356265499766],[-90.96537201509355,49.01955684191567],[-90.96575670795401,49.230613693944896],[-90.96124271126632,49.325390697947256],[-90.96552050519917,49.3424678740999],[-90.96607909571973,50.06269833607371],[-90.16986151886826,50.063483978818034]]}},{"type":"Feature","properties":{},"geometry":{"type":"LineString","coordinates":[[-94.17054825639211,49.093251014903885],[-94.167663957966,49.09195791941142],[-94.1796433595459,49.08996493348519],[-94.17423186667608,49.0864307254424],[-94.19317116062746,49.085184038357625],[-94.18991265322516,49.09406875906798]]}},{"type":"Feature","properties":{},"geometry":{"type":"LineString","coordinates":[[-94.14467356975833,49.09875384801463],[-94.14705706271845,49.09739738860644]]}},{"type":"Feature","properties":{},"geometry":{"type":"LineString","coordinates":[[-94.13629700340174,49.10352099959969],[-94.13361177534179,49.101599120469245],[-94.13860450740535,49.10220778593909]]}},{"type":"Feature","properties":{},"geometry":{"type":"LineString","coordinates":[[-94.12335578671772,49.112954596459666],[-94.12223835243428,49.109410722668194],[-94.12632796066974,49.110555999936985]]}},{"type":"Feature","properties":{},"geometry":{"type":"LineString","coordinates":[[-94.12305439643366,49.11319782370645],[-94.12327838400232,49.11301706180894]]}},{"type":"Feature","properties":{},"geometry":{"type":"LineString","coordinates":[[-94.09339658237073,49.13059787398924],[-94.09481327448964,49.10849573014274],[-94.11129446937326,49.108994938872655],[-94.10391974406777,49.11257403030667],[-94.11718055372613,49.1179381178213]]}},{"type":"Feature","properties":{},"geometry":{"type":"LineString","coordinates":[[-94.10285454356874,49.200929705024215],[-94.09284924413758,49.200991949149234],[-94.09010383956989,49.18258257693353]]}},{"type":"Feature","properties":{},"geometry":{"type":"LineString","coordinates":[[-95.15279423929516,50.39577284198695],[-95.15330276539025,49.62959888662146]]}},{"type":"Feature","properties":{},"geometry":{"type":"LineString","coordinates":[[-88.85683666087242,56.839230203613454],[-88.85623142703805,56.83920644443407]]}},{"type":"Feature","properties":{},"geometry":{"type":"LineString","coordinates":[[-94.55603066100548,49.28372618555232],[-94.33183501918136,49.28317831223359]]}},{"type":"Feature","properties":{},"geometry":{"type":"LineString","coordinates":[[-94.67369313276875,49.366209853042385],[-94.5616333046603,49.36656332505875],[-94.55946695858408,49.285116749553]]}},{"type":"Feature","properties":{},"geometry":{"type":"LineString","coordinates":[[-94.31806688931515,49.28312847171003],[-94.29114939877105,49.283023996434174],[-94.29080618535055,49.27255739154001],[-94.2038152196987,49.27233230703408],[-94.20296885401102,49.20026295595084],[-94.14817170625165,49.20064047637895]]}},{"type":"Feature","properties":{},"geometry":{"type":"LineString","coordinates":[[-76.25210899439355,44.480284498996774],[-76.27073525717503,44.47188930377264],[-76.28053845970963,44.45839598002498],[-76.29572090094656,44.44815704244328],[-76.29643689683229,44.4394941518795],[-76.30772072498908,44.42742760797007],[-76.31821852586562,44.39989187380662],[-76.33461175432363,44.37872167802577],[-76.36324217923362,44.361250651018516],[-76.38746425986422,44.356217661218544],[-76.39828481728313,44.346074514818596],[-76.56820027455743,44.3386891531483],[-76.56821225230824,44.357325476958444],[-76.71279459664218,44.3517937114187]]}},{"type":"Feature","properties":{},"geometry":{"type":"LineString","coordinates":[[-76.23524785308732,44.331944361010805],[-76.25210899439355,44.480284498996774]]}},{"type":"Feature","properties":{},"geometry":{"type":"LineString","coordinates":[[-76.20202553795654,44.30591588751794],[-76.23349831162615,44.305228482410214],[-76.23389005890164,44.311101765665306]]}},{"type":"Feature","properties":{},"geometry":{"type":"LineString","coordinates":[[-79.51080810980706,44.06732880185213],[-79.53183718641081,44.15082906055583],[-79.54123839577252,44.14629187101716],[-79.54546828584748,44.13700282905167],[-79.54303664183108,44.12211110854768],[-79.54835531395902,44.09972089015695],[-79.55740629634072,44.0900985017105],[-79.55326255163246,44.086570856805636],[-79.55688086326441,44.0757496607234],[-79.59873885923643,44.0480494945582],[-79.61559603963867,44.04675150573686],[-79.612291643352,44.03483590587692],[-79.6199037409578,44.027878399102185],[-79.63690443810849,44.02059148784858],[-79.65827044832609,44.020361160980364],[-79.65683021680198,44.01592020180535],[-79.77550439905944,43.989757511982944]]}},{"type":"Feature","properties":{},"geometry":{"type":"LineString","coordinates":[[-79.49949149997968,44.01647049929587],[-79.51080810980706,44.06732880185213]]}},{"type":"Feature","properties":{},"geometry":{"type":"LineString","coordinates":[[-79.46276210004858,43.86591389460593],[-79.46735250856194,43.88411169464903]]}},{"type":"Feature","properties":{},"geometry":{"type":"LineString","coordinates":[[-79.54617666919903,43.82825608634282],[-79.51503150650018,43.834975679226375],[-79.50718084315044,43.83254438220243],[-79.50799089343975,43.836533103768154],[-79.48306698762178,43.8426356049228],[-79.4875200067949,43.86123520843065],[-79.46276210004858,43.86591389460593]]}},{"type":"Feature","properties":{},"geometry":{"type":"LineString","coordinates":[[-79.67866791658305,43.81930340254983],[-79.65839130569843,43.82493354125148],[-79.62685539476145,43.82508509136373],[-79.61803340053143,43.83229869410412],[-79.59878826214148,43.83654809312377],[-79.59757276731861,43.84637169276051],[-79.60209904024202,43.85299260811438],[-79.5986384424831,43.85573078595372],[-79.55273530749041,43.86511129710175],[-79.54617666919903,43.82825608634282]]}},{"type":"Feature","properties":{},"geometry":{"type":"LineString","coordinates":[[-80.39216942927685,43.450205440749066],[-80.39502375313948,43.45507791022855],[-80.42038150785957,43.46140987997054],[-80.42701054031951,43.470477786474184],[-80.42347838204383,43.48073805993984],[-80.44839700379246,43.476704145748705],[-80.46779654003525,43.48444883139061],[-80.47333865999673,43.4917479213399],[-80.46441409693566,43.49983661702601],[-80.46535416511205,43.50405447165395],[-80.47925020874169,43.50384352629304]]}},{"type":"Feature","properties":{},"geometry":{"type":"LineString","coordinates":[[-80.50282059073353,43.42330619280132],[-80.46167229763316,43.431430906381536],[-80.45703569608062,43.43640070831962],[-80.43343230543033,43.42563980187416],[-80.42688258503628,43.43632230307895],[-80.39216942927685,43.450205440749066]]}},{"type":"Feature","properties":{},"geometry":{"type":"LineString","coordinates":[[-80.54281307051002,43.44287079152282],[-80.52546659374718,43.43172089337954],[-80.51147330304373,43.434977209788464],[-80.50282059073353,43.42330619280132]]}},{"type":"Feature","properties":{},"geometry":{"type":"LineString","coordinates":[[-80.47925020874169,43.50384352629304],[-80.48103169677877,43.48941841232178],[-80.4979795735105,43.48006479530964],[-80.4935092307432,43.47408368983492],[-80.50083786310552,43.4684548398824],[-80.50041540551044,43.46322172410139],[-80.541127581552,43.44926295625961],[-80.54281307051002,43.44287079152282]]}},{"type":"Feature","properties":{},"geometry":{"type":"LineString","coordinates":[[-80.30602629098597,43.47206619264746],[-80.37394161019877,43.53269688964291],[-80.36723768420495,43.569406019981535],[-80.38301450081997,43.56359640374071],[-80.5575434134359,43.689596005449694]]}},{"type":"Feature","properties":{},"geometry":{"type":"LineString","coordinates":[[-80.39216942927685,43.450205440749066],[-80.38778760482082,43.44360229132645],[-80.3529947821063,43.45916840485305],[-80.30602629098597,43.47206619264746]]}},{"type":"Feature","properties":{},"geometry":{"type":"LineString","coordinates":[[-80.54281307051002,43.44287079152282],[-80.57410382246921,43.432659873833074],[-80.626184206686,43.47974709297657],[-80.48051195305523,43.53180038535778],[-80.46796862311237,43.51795585182754],[-80.49521922135406,43.510486674553654],[-80.49086048620248,43.50182682808026],[-80.47925020874169,43.50384352629304]]}},{"type":"Feature","properties":{},"geometry":{"type":"LineString","coordinates":[[-80.48144950256703,43.35802799824958],[-80.49722479274054,43.40384119968764],[-80.51412001026831,43.41921269864137],[-80.50282059073353,43.42330619280132]]}},{"type":"Feature","properties":{},"geometry":{"type":"LineString","coordinates":[[-80.73578671211524,43.35333740486874],[-80.73491998599862,43.310980996556],[-80.50363259603735,43.34806839612225]]}},{"type":"Feature","properties":{},"geometry":{"type":"LineString","coordinates":[[-80.5575434134359,43.689596005449694],[-80.59547749945266,43.66162599239458],[-80.60801184215815,43.58910223657785],[-80.75454581099261,43.64840470021928],[-80.86903649373696,43.498048707169104],[-80.79583568539203,43.46805387301634],[-80.73764630325974,43.40795908908512],[-80.73578671211524,43.35333740486874]]}},{"type":"Feature","properties":{},"geometry":{"type":"LineString","coordinates":[[-80.28308795616377,43.42097459308339],[-80.30602629098597,43.47206619264746]]}},{"type":"Feature","properties":{},"geometry":{"type":"LineString","coordinates":[[-76.25210899439355,44.480284498996774],[-76.2548444850942,44.498008566968224],[-76.26265193025593,44.49057346890156],[-76.3309689037589,44.54488130374176],[-76.52566459620749,44.72119583566675],[-76.40232353928931,44.79460182741016],[-76.2911904883065,44.70411781759999],[-76.28377244390383,44.70619362858119],[-76.24295856463297,44.730616782002876],[-76.22444863672789,44.74899563019093],[-76.2002717531946,44.78911265730566],[-76.19926512900169,44.802042365334316],[-76.17652922178195,44.832177607866754],[-76.10453847768103,44.86544823056991],[-76.08485866032052,44.87800879468735],[-76.07291645016177,44.89303720568012],[-76.05996090096284,44.89155904404986],[-76.05971958117429,44.896666504136064],[-76.05552896543661,44.89496739422848],[-76.05125484226159,44.9002179860503],[-76.0428445533,44.8933308386541],[-76.02984339777869,44.89598496766306],[-76.03705463513528,44.88017079825577],[-76.02565128163944,44.88507749432847],[-76.01593917329157,44.87747703503314],[-76.00574446300396,44.88332403929868],[-76.0093072143834,44.8862980382019],[-76.00349363507553,44.89177641883567],[-75.99734046674202,44.89070122025616],[-75.99628905608807,44.88411700486809],[-75.98283958157586,44.87938612332808],[-75.98074644210085,44.872733977274365],[-75.95976502668333,44.8663514573597],[-75.95069718266531,44.86798003951824],[-75.94957767381395,44.877605731759914],[-75.93217076098567,44.88694918304411],[-75.9161139094641,44.86754470079247],[-75.88719573298576,44.869981699741466],[-75.87172439207613,44.903885547009395],[-75.85828875718812,44.91520938902725],[-75.84762887080623,44.91659644091722],[-75.85464412885203,44.92456658111195],[-75.84425024165976,44.93106163313047],[-75.83174245077164,44.92651741455712],[-75.81760322637537,44.9525329755452],[-75.81954218537328,44.96221311648502]]}},{"type":"Feature","properties":{},"geometry":{"type":"LineString","coordinates":[[-75.3572402490471,44.79810089980484],[-75.40909717750056,44.85672150296886],[-75.51566741615295,44.9951639941531],[-75.5949841945414,45.08434820275857]]}},{"type":"Feature","properties":{},"geometry":{"type":"LineString","coordinates":[[-81.22703029165012,43.04312289839823],[-81.31036279417067,43.018502490499486]]}},{"type":"Feature","properties":{},"geometry":{"type":"LineString","coordinates":[[-81.26050739427548,42.956846608875665],[-81.21636025638458,42.95886834971458],[-81.22633415166732,42.96802958479281],[-81.23383147139143,42.984179181894675],[-81.1986693463707,42.985925115819924],[-81.22703029165012,43.04312289839823]]}},{"type":"Feature","properties":{},"geometry":{"type":"LineString","coordinates":[[-81.31036279417067,43.018502490499486],[-81.28985501665244,42.97822939298408],[-81.29192617755399,42.97118594368878],[-81.28842778669389,42.97571921845643],[-81.26228976904953,42.97705199005445],[-81.26050739427548,42.956846608875665]]}},{"type":"Feature","properties":{},"geometry":{"type":"LineString","coordinates":[[-81.11344695305563,42.94455338953095],[-81.12001835634715,42.97596181006279],[-81.13042016297948,42.97784126263997],[-81.13176799085727,42.982829500403874],[-81.12800752241841,42.99096831728628],[-81.12173670741404,42.99286160587345],[-81.1247546805872,42.99892684213066],[-81.11377796791471,43.00365949654367],[-81.12029733675683,43.005832100637704],[-81.12859829457099,43.01821145077448],[-81.12646243364537,43.02360443857198],[-81.13582464707956,43.04051856103174],[-81.12670298289845,43.042684503841166],[-81.1319537034486,43.053260788764874],[-81.14773431331706,43.048503592730256],[-81.15032238276864,43.053720107144244],[-81.16670639477216,43.05055099462409],[-81.17584977583908,43.05789881116437],[-81.22703029165012,43.04312289839823]]}},{"type":"Feature","properties":{},"geometry":{"type":"LineString","coordinates":[[-81.26050739427548,42.956846608875665],[-81.25801808972993,42.94071041119448]]}},{"type":"Feature","properties":{},"geometry":{"type":"LineString","coordinates":[[-81.31036279417067,43.018502490499486],[-81.35932053074112,43.0043060189895],[-81.35013421073958,42.98576886281508],[-81.36588155829858,42.98132139863895],[-81.3906120007715,42.96276161076443],[-81.39088280332547,42.95340498936815],[-81.37804847618082,42.934361067352036]]}},{"type":"Feature","properties":{},"geometry":{"type":"LineString","coordinates":[[-79.18600835968205,43.891197318730036],[-79.22004280992444,43.97092871269168]]}},{"type":"Feature","properties":{},"geometry":{"type":"LineString","coordinates":[[-79.28128459771526,43.85650499225249],[-79.20174790512645,43.87771739586019],[-79.18600835968205,43.891197318730036]]}},{"type":"Feature","properties":{},"geometry":{"type":"LineString","coordinates":[[-79.27822121418605,43.950752407174406],[-79.26599239023082,43.90027399106485],[-79.29116390864657,43.89477410054699],[-79.28128459771526,43.85650499225249]]}},{"type":"Feature","properties":{},"geometry":{"type":"LineString","coordinates":[[-79.22004280992444,43.97092871269168],[-79.22970829027943,43.99470380439886],[-79.25988069937006,43.98774859302512],[-79.25904800759629,43.98424260609739],[-79.28371801624222,43.97885379172522],[-79.27822121418605,43.950752407174406]]}},{"type":"Feature","properties":{},"geometry":{"type":"LineString","coordinates":[[-79.36811568223665,43.83921992867126],[-79.40602881848096,43.838338409698416]]}},{"type":"Feature","properties":{},"geometry":{"type":"LineString","coordinates":[[-79.28128459771526,43.85650499225249],[-79.36811568223665,43.83921992867126]]}},{"type":"Feature","properties":{},"geometry":{"type":"LineString","coordinates":[[-79.1702455186237,43.85546549602728],[-79.18600835968205,43.891197318730036]]}},{"type":"Feature","properties":{},"geometry":{"type":"LineString","coordinates":[[-79.22781393874955,43.84207975528888],[-79.1702455186237,43.85546549602728]]}},{"type":"Feature","properties":{},"geometry":{"type":"LineString","coordinates":[[-79.297320827042,43.825941014616824],[-79.22781393874955,43.84207975528888]]}},{"type":"Feature","properties":{},"geometry":{"type":"LineString","coordinates":[[-79.35207171136518,43.81324190490165],[-79.297320827042,43.825941014616824]]}},{"type":"Feature","properties":{},"geometry":{"type":"LineString","coordinates":[[-79.40602881848096,43.838338409698416],[-79.39621860826549,43.803263106689634]]}},{"type":"Feature","properties":{},"geometry":{"type":"LineString","coordinates":[[-79.27822121418605,43.950752407174406],[-79.38952093594065,43.92378760256995]]}},{"type":"Feature","properties":{},"geometry":{"type":"LineString","coordinates":[[-79.38405993653308,43.90146359335697],[-79.36811568223665,43.83921992867126]]}},{"type":"Feature","properties":{},"geometry":{"type":"LineString","coordinates":[[-81.13220345190751,43.23146188451211],[-81.22447046023572,43.20332520888971],[-81.36371900316425,43.26381589916989]]}},{"type":"Feature","properties":{},"geometry":{"type":"LineString","coordinates":[[-80.89869379175002,42.9125618979882],[-80.9230059114516,43.00078730762038],[-80.93378659237082,42.99940640158287],[-80.94748646086668,43.00951250649509],[-80.95905504544265,42.997117110375314],[-80.97408385640638,42.99381659873137],[-80.97678606311456,42.985676589894375],[-80.98415755237677,42.98593900362086],[-80.986069462327,42.99212580570896],[-80.99361261727312,42.99251188610105],[-81.02346471333448,43.0504726992354],[-81.03768081149758,43.04616449927911],[-81.13220345190751,43.23146188451211]]}},{"type":"Feature","properties":{},"geometry":{"type":"LineString","coordinates":[[-81.77377421580749,43.237545244792635],[-81.78251927255462,43.211576491803],[-81.797819552532,43.22368119682594],[-81.81727523711596,43.209892602540165],[-81.81135016571571,43.20590060006186],[-81.81873595780792,43.18928810778288],[-81.81485395907968,43.17960865831143],[-81.80773006276462,43.17730435620528],[-81.81124586592232,43.17054390326124],[-81.80623010979265,43.166612698689036],[-81.81509956178303,43.1615071550901],[-81.816197567083,43.154353994533345],[-81.80760154600719,43.14978661023795],[-81.80714170916636,43.12883994617229],[-81.79619200625855,43.12330089424198],[-81.81196829932635,43.12287606078362],[-81.81299721223918,43.115155999967925],[-81.80347151000832,43.11283249304883],[-81.82437523148825,43.10383635788744],[-81.8135368979947,43.094152504260656],[-81.81651044543428,43.082568957696104],[-81.80825250846402,43.08412281656762],[-81.80846188718817,43.069039681110695],[-81.78928910955135,43.06589831005744],[-81.79013048447207,42.81621520276278],[-81.79565530797198,42.81224400171757],[-81.83549940900721,42.84327361033763],[-81.83506290719325,42.650961506684865]]}},{"type":"Feature","properties":{},"geometry":{"type":"LineString","coordinates":[[-79.76264655343797,43.55234982924356],[-79.8097149974249,43.5869124124078],[-79.79035675145585,43.60223143858844]]}},{"type":"Feature","properties":{},"geometry":{"type":"LineString","coordinates":[[-79.72691888583917,43.526527382029585],[-79.76264655343797,43.55234982924356]]}},{"type":"Feature","properties":{},"geometry":{"type":"LineString","coordinates":[[-79.79842483025729,43.4741697563939],[-79.78643201552185,43.48660320264373],[-79.77336718901607,43.484984741605835],[-79.72691888583917,43.526527382029585]]}},{"type":"Feature","properties":{},"geometry":{"type":"LineString","coordinates":[[-79.80814621038253,43.4667737967279],[-79.79842483025729,43.4741697563939]]}},{"type":"Feature","properties":{},"geometry":{"type":"LineString","coordinates":[[-79.91560419892566,43.69471729074492],[-79.95878979426595,43.65615809785422],[-79.92138420182425,43.62813650997401],[-79.99269958636042,43.56305440662995]]}},{"type":"Feature","properties":{},"geometry":{"type":"LineString","coordinates":[[-79.62642254495987,43.57163671088272],[-79.6194364007232,43.57763269700981],[-79.62694238432445,43.580674173387415],[-79.6222608269797,43.58458729664692],[-79.64432398372318,43.60065670633739]]}},{"type":"Feature","properties":{},"geometry":{"type":"LineString","coordinates":[[-79.65803867113745,43.54323039220776],[-79.62642254495987,43.57163671088272]]}},{"type":"Feature","properties":{},"geometry":{"type":"LineString","coordinates":[[-79.6840986242844,43.56191629505086],[-79.67386324296528,43.5618702023629],[-79.65785023440537,43.551972454045455],[-79.65803867113745,43.54323039220776]]}},{"type":"Feature","properties":{},"geometry":{"type":"LineString","coordinates":[[-79.69724220400812,43.58675310545234],[-79.6743038059965,43.57148410684513],[-79.6840986242844,43.56191629505086]]}},{"type":"Feature","properties":{},"geometry":{"type":"LineString","coordinates":[[-79.64432398372318,43.60065670633739],[-79.6634312972926,43.61454979854541],[-79.67302429513629,43.6015426948712],[-79.69724220400812,43.58675310545234]]}},{"type":"Feature","properties":{},"geometry":{"type":"LineString","coordinates":[[-79.60885188864192,43.64643124505831],[-79.63614698411122,43.62173774412058],[-79.63207881518298,43.612864306209005],[-79.64432398372318,43.60065670633739]]}},{"type":"Feature","properties":{},"geometry":{"type":"LineString","coordinates":[[-79.62642254495987,43.57163671088272],[-79.61748200796934,43.5651833978673],[-79.5673600451649,43.60950063872664]]}},{"type":"Feature","properties":{},"geometry":{"type":"LineString","coordinates":[[-79.6818300889286,43.522777892795425],[-79.65803867113745,43.54323039220776]]}},{"type":"Feature","properties":{},"geometry":{"type":"LineString","coordinates":[[-79.72691888583917,43.526527382029585],[-79.69747239404553,43.50832550456897],[-79.6818300889286,43.522777892795425]]}},{"type":"Feature","properties":{},"geometry":{"type":"LineString","coordinates":[[-79.6840986242844,43.56191629505086],[-79.69639890186217,43.55403691038993],[-79.733256603523,43.57861020779095],[-79.76264655343797,43.55234982924356]]}},{"type":"Feature","properties":{},"geometry":{"type":"LineString","coordinates":[[-79.6818300889286,43.522777892795425],[-79.62671378003355,43.48253104299873]]}},{"type":"Feature","properties":{},"geometry":{"type":"LineString","coordinates":[[-79.74586882553444,43.62872341487485],[-79.73738214518404,43.63299700157892],[-79.7300994231942,43.61302850578664],[-79.72140554094578,43.607139747184846],[-79.71420994917013,43.60929209592432],[-79.71803178213379,43.60201610688115],[-79.69724220400812,43.58675310545234]]}},{"type":"Feature","properties":{},"geometry":{"type":"LineString","coordinates":[[-75.69622887734897,45.334236312885366],[-75.6978456002153,45.34564559159428]]}},{"type":"Feature","properties":{},"geometry":{"type":"LineString","coordinates":[[-75.6978456002153,45.34564559159428],[-75.80958613230962,45.33146505052131]]}},{"type":"Feature","properties":{},"geometry":{"type":"LineString","coordinates":[[-79.42024281629732,44.068466805155516],[-79.42305881297315,44.087176896009915],[-79.51080810980706,44.06732880185213]]}},{"type":"Feature","properties":{},"geometry":{"type":"LineString","coordinates":[[-79.40645613812904,44.01380967390812],[-79.42024281629732,44.068466805155516]]}},{"type":"Feature","properties":{},"geometry":{"type":"LineString","coordinates":[[-79.42024281629732,44.068466805155516],[-79.27616921135333,44.10126609475699],[-79.32801340670375,44.22330250911331],[-79.51785341622002,44.18157520842984],[-79.51495695074576,44.19133280038621],[-79.51985808643619,44.198592684448855],[-79.51265408566606,44.2101113048632]]}},{"type":"Feature","properties":{},"geometry":{"type":"LineString","coordinates":[[-79.72323719338446,44.18521409215932],[-79.82931141505536,44.1623565986614],[-79.83086723202703,44.16889664911304],[-79.83923008358451,44.1672423492122],[-79.84210785661773,44.177421531978524],[-79.89184569251435,44.16532942032798],[-79.89239461240325,44.156960522794435],[-79.88415905295993,44.15305305442969],[-79.88884354256717,44.146707240698156],[-79.88779551679268,44.13662604041238],[-79.8755262911648,44.13931198872661],[-79.83358198183342,43.97703620888911]]}},{"type":"Feature","properties":{},"geometry":{"type":"LineString","coordinates":[[-79.17744441587892,43.140798456671746],[-79.17499179359899,43.05890168656952],[-79.1684089134133,43.05808184753093],[-79.16875026592585,42.959594117590235],[-79.11516384160578,42.959654546625],[-79.11511998743447,42.96325521038545],[-79.12255111170303,42.96281910997945],[-79.12255108643052,42.96794087179834],[-79.029056954907,42.96740410460462],[-79.0291913528994,42.982487558683786],[-79.00719769944786,42.98254586723506]]}},{"type":"Feature","properties":{},"geometry":{"type":"LineString","coordinates":[[-79.20258851666736,43.22995434534736],[-79.19222225098486,43.145260097434026],[-79.17822738946954,43.149845887938675],[-79.17744441587892,43.140798456671746]]}},{"type":"Feature","properties":{},"geometry":{"type":"LineString","coordinates":[[-79.17744441587892,43.140798456671746],[-79.27439202745249,43.1045784892844],[-79.27467798614315,43.10933490145814]]}},{"type":"Feature","properties":{},"geometry":{"type":"LineString","coordinates":[[-79.27467798614315,43.10933490145814],[-79.28728381022647,43.10869648732575],[-79.28571753433246,43.05887981802733],[-79.27813137248108,43.052248423273014],[-79.26768335166354,43.05433297834591],[-79.26745108371023,43.02667953525202],[-79.28041266392914,43.026949748699565],[-79.28030292979275,43.017353376910805],[-79.29058020041276,43.0172237431173],[-79.29087910652274,42.96627122674436],[-79.28173855982502,42.97194832063544],[-79.28033198356523,42.87683380674723]]}},{"type":"Feature","properties":{},"geometry":{"type":"LineString","coordinates":[[-79.27467798614315,43.10933490145814],[-79.27487009965559,43.11499970673409],[-79.26875898856666,43.11472708990532],[-79.24781589880342,43.13564493535024],[-79.24383457360709,43.14867751459417],[-79.2562870960224,43.15709560871236],[-79.28075169633226,43.159707989682786],[-79.28774755911087,43.177869162901324],[-79.28863730983848,43.21120928073034]]}},{"type":"Feature","properties":{},"geometry":{"type":"LineString","coordinates":[[-79.66148461069422,46.21386369258419],[-79.66241051478373,46.18308436399519],[-79.61250854989001,46.09342306457758],[-79.68226402534039,46.074320445480936],[-79.61582423012744,45.955671648081974],[-79.6029761741639,45.955205203625276],[-79.60668149250738,45.942861181102366],[-79.58621894297853,45.90574953808638],[-79.25768678035975,45.99407713742192],[-79.13046644297056,45.75163894397405],[-79.06349443552907,45.770012158762135],[-79.0597441082066,45.76359288558143],[-79.05534492825794,45.765052208294215],[-78.8598644794345,45.4146243508842]]}},{"type":"Feature","properties":{},"geometry":{"type":"LineString","coordinates":[[-80.39843182843066,47.32037323429227],[-80.27206538123842,47.320211848570814],[-80.27415297858765,47.05639628368708],[-80.28920141007497,47.05604335752123],[-80.29161303366007,46.71131203535606],[-80.037366589509,46.7079589164043],[-80.03972061585986,46.624919866009215],[-79.75567963207027,46.624297675665254],[-79.7587332460858,46.447113475637785],[-79.63370262993048,46.44749510947232],[-79.63297180468842,46.37292964358005],[-79.88395260174414,46.36552208758773],[-79.88414005224281,46.32435970231089],[-79.84100643410078,46.30170060310081],[-79.828801330611,46.30773220068618],[-79.83841485368922,46.31678531252289],[-79.82733215493077,46.317536207720735],[-79.82194845469272,46.32690379515648],[-79.78729884450016,46.32872849482514],[-79.78400504632093,46.326695603965604],[-79.78773293592695,46.32378311356451],[-79.76958862513085,46.3207182947466],[-79.77888665627268,46.32727101551797],[-79.77876504226921,46.34007987362399],[-79.74590675666857,46.36233971268425],[-79.72280204307,46.3685551933554],[-79.68714092422317,46.3646928084755],[-79.66229432002856,46.350437008412605],[-79.65334675283833,46.35595689684493],[-79.63212031125661,46.35027058506593],[-79.62994859375414,46.215701467000365],[-79.66148461069422,46.21386369258419]]}},{"type":"Feature","properties":{},"geometry":{"type":"LineString","coordinates":[[-77.72737240824847,44.43647221096346],[-77.80662060890656,44.41094361166831],[-77.91308041617172,44.38939089766252],[-77.9011290533294,44.364749656432366],[-77.91192582223005,44.34349902657221],[-77.95186526554505,44.311837432500894],[-77.95657216941812,44.3196150301741],[-77.97268848899161,44.31540935205808],[-77.96581856095445,44.304242281116736],[-77.96896508058914,44.29731665921714],[-78.00454367199193,44.28747853106746],[-78.0450393269335,44.26191954397928],[-78.08183201108557,44.25449461024254],[-78.14520534541337,44.19387524435189],[-78.220314463142,44.1427136985141],[-78.22661743868139,44.14987857541106],[-78.27098870995094,44.12649695379591],[-78.29255222094994,44.12492684945705],[-78.30793270408893,44.12931628984197],[-78.34703320008309,44.11986848727476]]}},{"type":"Feature","properties":{},"geometry":{"type":"LineString","coordinates":[[-79.79842483025729,43.4741697563939],[-79.79036426807767,43.47522729120771],[-79.78558631637445,43.47010009336926],[-79.787684857158,43.46626542319707],[-79.76791783854377,43.45931751183061],[-79.75616670783897,43.461822634250574],[-79.72674289229224,43.45345704309989],[-79.72044079640247,43.45809150189467],[-79.70792390603327,43.45092295110047],[-79.69032485925749,43.4491829593178],[-79.68954028289613,43.453464549566654],[-79.68547885686152,43.450099841067086],[-79.67812858255955,43.45262542435874],[-79.67027216903595,43.448350347843224],[-79.674585399771,43.444100580627364],[-79.66492473844964,43.436916179499796]]}},{"type":"Feature","properties":{},"geometry":{"type":"LineString","coordinates":[[-75.54373449633599,45.43540039029926],[-75.53313796928344,45.43380921313079],[-75.5285683341496,45.422821580224955],[-75.46331011273892,45.41778063007315],[-75.47299550582643,45.43508290367174],[-75.42448458763616,45.45154459513087],[-75.44008904868623,45.47470188288566],[-75.47000233838895,45.48553739421219],[-75.47660395055838,45.4990122003614],[-75.47310044955044,45.504004590625],[-75.48178314876837,45.51227021046473]]}},{"type":"Feature","properties":{},"geometry":{"type":"LineString","coordinates":[[-75.57025268328317,45.47669336255976],[-75.5700080292517,45.471581292063355],[-75.57926003776332,45.46806929679383],[-75.5747846230028,45.465743700389616],[-75.57904154952514,45.46546898216873],[-75.57588461720077,45.45820289791233],[-75.5838387808059,45.45131512999069],[-75.57528281830024,45.453390992140775],[-75.5414337001447,45.43994339965563],[-75.54373449633599,45.43540039029926]]}},{"type":"Feature","properties":{},"geometry":{"type":"LineString","coordinates":[[-78.91418000124978,43.92498999168186],[-78.88529861974556,43.86086077276601]]}},{"type":"Feature","properties":{},"geometry":{"type":"LineString","coordinates":[[-75.6632755487771,45.4170105898728],[-75.67389439241795,45.41645658770414],[-75.70377726188529,45.429754307173546]]}},{"type":"Feature","properties":{},"geometry":{"type":"LineString","coordinates":[[-75.6978456002153,45.34564559159428],[-75.68979086059419,45.35274473315002],[-75.65869125405808,45.363193740972854],[-75.67773254963708,45.389139872264494],[-75.66876090137664,45.402841387989014],[-75.672811270603,45.411143778391136],[-75.6632755487771,45.4170105898728]]}},{"type":"Feature","properties":{},"geometry":{"type":"LineString","coordinates":[[-75.77251089307015,45.39588011298032],[-75.75973715528585,45.392101283906],[-75.75011938730192,45.37903570174823],[-75.72697348107872,45.389076905632635],[-75.6978456002153,45.34564559159428]]}},{"type":"Feature","properties":{},"geometry":{"type":"LineString","coordinates":[[-75.60990525304972,45.414186583666336],[-75.61961329790154,45.42338890249705],[-75.6632755487771,45.4170105898728]]}},{"type":"Feature","properties":{},"geometry":{"type":"LineString","coordinates":[[-75.58507201854509,45.38499872017031],[-75.59938349328002,45.41051669643567],[-75.60990525304972,45.414186583666336]]}},{"type":"Feature","properties":{},"geometry":{"type":"LineString","coordinates":[[-75.60990525304972,45.414186583666336],[-75.54373449633599,45.43540039029926]]}},{"type":"Feature","properties":{},"geometry":{"type":"LineString","coordinates":[[-80.73578671211524,43.35333740486874],[-80.82226164315388,43.32535948022483],[-80.8394252077284,43.32859571841449],[-80.83926597219775,43.32401857423548],[-80.84634770459233,43.3248110881983],[-80.84630180912977,43.31777509472961],[-81.13220345190751,43.23146188451211]]}},{"type":"Feature","properties":{},"geometry":{"type":"LineString","coordinates":[[-79.68223053718775,44.87812707748422],[-79.65953506273462,44.89398203840878],[-79.62742496089773,44.89557092046109],[-79.61887684987053,44.884109190844484],[-79.60012883467037,44.872945848707296],[-79.55025210506824,44.862802449236874],[-79.52435296478902,44.84901221217774],[-79.47279609561619,44.84720002297048],[-79.45394104933015,44.838179552952816],[-79.40632681166112,44.843039879186264],[-79.40619865265685,44.83390506031315],[-79.39299156778313,44.82286686532253],[-79.39457628006535,44.803030418091915],[-79.38988076661856,44.79299361003722],[-79.39558563319461,44.78558727346821],[-79.39047517481636,44.77414550259034],[-79.351364200406,44.77258929440887],[-79.293563319733,44.783848819125865],[-79.29526458367394,44.775276502133075],[-79.20788221529482,44.79486700931454]]}},{"type":"Feature","properties":{},"geometry":{"type":"LineString","coordinates":[[-79.66148461069422,46.21386369258419],[-79.84614077587271,46.20396353560468],[-79.90013070653818,46.187971094024384],[-80.00756212299878,46.14413118248002],[-80.03227064328024,46.15224084186056],[-80.0854275769148,46.143476190088705],[-80.11146484085643,46.14773435772233],[-80.11871393390297,46.14034739980109],[-80.11447528268323,46.136539270792646],[-80.08374057363717,46.125765770682754],[-80.07243733379204,46.11666631211892],[-80.12501467264237,46.11791721814038],[-80.17437259739721,46.105880847637025],[-80.17798365167022,46.10179576040148],[-80.16541726303811,46.10172723660536],[-80.16642609815163,46.09758967692893],[-80.15232245610092,46.09194999913901],[-80.13966710043032,46.09181407010897],[-80.1478021343026,46.078269523128],[-80.14506947640348,46.07623744134518],[-80.1490864697928,46.072529851125665],[-80.18885733611441,46.07904474611393],[-80.17459608254661,46.065537185790156],[-80.18616048169685,46.06026337161817],[-80.20131564617007,46.065325564210106],[-80.21544848463397,46.06203700806351],[-80.20849739117213,46.05431911503361],[-80.29706782592602,46.03626555273804],[-80.32246311337543,46.039224072969354],[-80.36191068679668,46.03157570144629],[-80.41363497782662,46.03701427919452],[-80.47512735276038,46.03665421509836],[-80.52036249484242,46.03314713005184],[-80.52116736700636,46.02469944677344],[-80.5403767058143,46.01972753735059],[-80.55284110571561,46.02248137155605],[-80.58309921190596,46.01839821362662],[-80.55999610219264,45.91278049474056],[-80.56301200705062,45.90791110127749],[-80.55624637948729,45.89202362756701],[-80.6742448418665,45.888950003393674],[-80.67122735105231,45.88481001161691],[-80.69497865362185,45.88502900675224],[-80.69362226189692,45.87234476865216],[-80.73353827424567,45.871652217627144]]}},{"type":"Feature","properties":{},"geometry":{"type":"LineString","coordinates":[[-79.70472205636192,44.82296421985549],[-79.68647403754473,44.82070233244453],[-79.6794253704976,44.827204091304274],[-79.68871871343634,44.83534249615152]]}},{"type":"Feature","properties":{},"geometry":{"type":"LineString","coordinates":[[-79.72321300411096,44.798910728702],[-79.7216905774512,44.80533477863227]]}},{"type":"Feature","properties":{},"geometry":{"type":"LineString","coordinates":[[-80.5575434134359,43.689596005449694],[-80.51109599680203,43.723558791832694],[-80.50706315800034,43.720658143736124],[-80.49496851148109,43.724943697204836],[-80.49859781407406,43.72753838939662],[-80.4896789049415,43.734291915831875],[-80.49305303673489,43.73683846416364],[-80.449422605822,43.76898210850142],[-80.47033810769169,43.78393729443932],[-80.38791321197783,43.85771139716712]]}},{"type":"Feature","properties":{},"geometry":{"type":"LineString","coordinates":[[-78.95938741881632,44.02868709025615],[-79.22004280992444,43.97092871269168]]}},{"type":"Feature","properties":{},"geometry":{"type":"LineString","coordinates":[[-79.00854293234254,43.92250230715114],[-79.02116067314138,43.94983546454931],[-78.95662859638094,43.94803060783018],[-78.92840828151496,43.95837117801596]]}},{"type":"Feature","properties":{},"geometry":{"type":"LineString","coordinates":[[-79.1702455186237,43.85546549602728],[-79.15190916456001,43.81403983958387],[-79.13401755695472,43.8069111301648],[-79.1353112981706,43.80073571765033],[-79.12416271859169,43.79905696692397]]}},{"type":"Feature","properties":{},"geometry":{"type":"LineString","coordinates":[[-75.35318540996226,45.182074493685604],[-75.20150704489009,45.239779757424905],[-75.19213378712438,45.221360805436596],[-74.9934736046733,45.27688386662628],[-75.01705537292993,45.31567337385156],[-74.92014520697681,45.34333989792504],[-74.91597566316749,45.3380414690411],[-74.88386111255896,45.35120341330801],[-74.88891066512217,45.358346755640866],[-74.73269689040796,45.42360730916523],[-74.7472985034718,45.43991949422778],[-74.58089150398776,45.50885900307374],[-74.49396523385296,45.407546717693194],[-74.4383786184051,45.39379269233837]]}},{"type":"Feature","properties":{},"geometry":{"type":"LineString","coordinates":[[-79.46276210004858,43.86591389460593],[-79.454142693671,43.82937069550877],[-79.40602881848096,43.838338409698416]]}},{"type":"Feature","properties":{},"geometry":{"type":"LineString","coordinates":[[-82.05632084800399,46.126186008727686],[-82.05686470886883,46.17694347502313],[-82.09694512727329,46.183630777384835],[-82.09925214864128,46.17038353115339],[-82.19052701865027,46.17905572985289],[-82.20578052041758,46.17556101809507],[-82.25634352113626,46.18905757955902],[-82.31228083872587,46.185599409768294],[-82.31291888856128,46.27754954648579],[-82.19243292017076,46.27778135509891],[-82.19280111169753,46.367414182312864],[-82.06796261910624,46.36664763674963],[-82.06915974220038,46.625138673328856],[-81.9447583524449,46.62517394716247],[-81.94990551649417,46.976104029876105],[-82.57868074827152,46.9771449005461],[-82.57723674959414,47.235638401134],[-82.6030179376959,47.23577228202544]]}},{"type":"Feature","properties":{},"geometry":{"type":"LineString","coordinates":[[-84.68569494622236,49.70869536804555],[-85.33157557273974,49.709862532792094],[-85.3336631038569,48.189041141333036],[-85.3295331299875,47.947439285741744]]}},{"type":"Feature","properties":{},"geometry":{"type":"LineString","coordinates":[[-83.37041538805975,46.00050142792051],[-83.35150013848099,46.00111855292151]]}},{"type":"Feature","properties":{},"geometry":{"type":"LineString","coordinates":[[-79.27476959912568,43.777287749333034],[-79.297320827042,43.825941014616824]]}},{"type":"Feature","properties":{},"geometry":{"type":"LineString","coordinates":[[-79.33724596229342,43.76771050776002],[-79.27476959912568,43.777287749333034]]}},{"type":"Feature","properties":{},"geometry":{"type":"LineString","coordinates":[[-79.26295946692859,43.73346383180006],[-79.27476959912568,43.777287749333034]]}},{"type":"Feature","properties":{},"geometry":{"type":"LineString","coordinates":[[-79.30058081702828,43.719775798507634],[-79.30257430923913,43.72479349803603],[-79.26295946692859,43.73346383180006]]}},{"type":"Feature","properties":{},"geometry":{"type":"LineString","coordinates":[[-79.20474934459446,43.75362365332876],[-79.20389557429698,43.75200536640613]]}},{"type":"Feature","properties":{},"geometry":{"type":"LineString","coordinates":[[-79.2255508905376,43.78921740266859],[-79.1989161787673,43.774294757195506],[-79.20474934459446,43.75362365332876]]}},{"type":"Feature","properties":{},"geometry":{"type":"LineString","coordinates":[[-79.22781393874955,43.84207975528888],[-79.21743237189986,43.830366965305885],[-79.23151441357385,43.82412860420946],[-79.20433760433126,43.812185296149416],[-79.19688553501953,43.796527290817885],[-79.2255508905376,43.78921740266859]]}},{"type":"Feature","properties":{},"geometry":{"type":"LineString","coordinates":[[-79.27476959912568,43.777287749333034],[-79.2255508905376,43.78921740266859]]}},{"type":"Feature","properties":{},"geometry":{"type":"LineString","coordinates":[[-79.20474934459446,43.75362365332876],[-79.2300789716004,43.740747692913715],[-79.26295946692859,43.73346383180006]]}},{"type":"Feature","properties":{},"geometry":{"type":"LineString","coordinates":[[-79.9844292686654,44.56985534557502],[-80.00522210123965,44.560022821430124]]}},{"type":"Feature","properties":{},"geometry":{"type":"LineString","coordinates":[[-79.29856866713233,44.4522737774817],[-79.16375450287953,44.47100494154926],[-79.15656619736922,44.476639226636955],[-79.16014507085048,44.48683682984247],[-79.15389288557571,44.489587064437536],[-79.15476191101551,44.497920222059925],[-79.14811102198121,44.50051661035156],[-79.14496137025681,44.51236091856045],[-79.13577594689434,44.512672211521625],[-79.12567843037313,44.504990138033406],[-79.09252033977542,44.51673119595352],[-79.08183403820404,44.51582270932786]]}},{"type":"Feature","properties":{},"geometry":{"type":"LineString","coordinates":[[-79.37598449693553,43.644599815503284],[-79.37925250288602,43.65243550306435]]}},{"type":"Feature","properties":{},"geometry":{"type":"LineString","coordinates":[[-79.37925250288602,43.65243550306435],[-79.40539303567182,43.64691532077919]]}},{"type":"Feature","properties":{},"geometry":{"type":"LineString","coordinates":[[-79.37034902561707,43.64561715974317],[-79.37476859030522,43.644599815503284]]}},{"type":"Feature","properties":{},"geometry":{"type":"LineString","coordinates":[[-81.07071735000837,46.53473953840384],[-81.07134554829946,46.50979237583253],[-81.19968207055055,46.51040840404417],[-81.20205901453015,46.504804010204424],[-81.20694351608772,46.48682320732559],[-81.20336658283955,46.46048779485369],[-81.18147701131787,46.42972779000226],[-81.18026460374766,46.40279828446374],[-81.14300140514402,46.406815701759626],[-81.13119582276164,46.34850182566894],[-81.0949405176538,46.36368914608865],[-81.07767237857857,46.36360425433248],[-81.08223715217025,46.34813680631988],[-81.0736853904979,46.34780778787459],[-81.0458815686582,46.347985562622696],[-81.04629835878539,46.36437493115553],[-80.69295972409878,46.360990672335944],[-80.69402785487144,46.624768139673485],[-80.6600191867241,46.62489932508171],[-80.66712683069215,46.63201759126606],[-80.66797505199686,46.646161417017474],[-80.66421693375318,46.6495251930832],[-80.67728932568335,46.659831093027705],[-80.67221203320983,46.66944589598995],[-80.68517162796621,46.67099418954732],[-80.68384824700759,46.67823500218807],[-80.70685852976702,46.69072429835844],[-80.72867084179195,46.68857320924976],[-80.72497003267529,46.693684991397824],[-80.74390824957801,46.688194313354764],[-80.73748383924087,46.68617289802932],[-80.73857065080922,46.680442807396396],[-80.73354274419897,46.68182619866029],[-80.73899314104493,46.67417129704392],[-80.74207144970802,46.67843489408778],[-80.73864972577266,46.68303479494213],[-80.74979874871849,46.684166697691836],[-80.75029415712507,46.67596030130585],[-80.76221295664035,46.66824629447271],[-80.75060953597333,46.67278429984321],[-80.7484465229778,46.67121360597104],[-80.75963370536198,46.66616729328972],[-80.76479143107709,46.65849610550176],[-80.76100996273321,46.65349369845447],[-80.76582063522501,46.653224498687585],[-80.76640145070049,46.657968397507055],[-80.76991863089951,46.65459169323563],[-80.76870412841083,46.67270520778512],[-80.77376263420348,46.69178490956349],[-80.77789904504466,46.694096914326096],[-80.78109165949233,46.68730850441324],[-80.78242805044394,46.712752095086735],[-80.78857444279036,46.71347459723475],[-80.79252295627629,46.72447891218116],[-80.80519224232232,46.72765991309007],[-80.81291354428065,46.723902113853484],[-80.81643974480271,46.71441349807327],[-80.81431398747524,46.72385041032006],[-80.81855300080046,46.720711122931924],[-80.81936895892099,46.62245508873588],[-80.94440760357907,46.624022703353354],[-80.94389745295943,46.53720056769887],[-81.07071735000837,46.53473953840384]]}},{"type":"Feature","properties":{},"geometry":{"type":"LineString","coordinates":[[-79.46889015085172,43.676213531438044],[-79.51172973426321,43.6622968560243]]}},{"type":"Feature","properties":{},"geometry":{"type":"LineString","coordinates":[[-79.44574479454077,43.792400092023975],[-79.39621860826549,43.803263106689634]]}},{"type":"Feature","properties":{},"geometry":{"type":"LineString","coordinates":[[-79.49443168209861,43.78164890750748],[-79.44574479454077,43.792400092023975]]}},{"type":"Feature","properties":{},"geometry":{"type":"LineString","coordinates":[[-79.54617666919903,43.82825608634282],[-79.53482341822235,43.7726942519883]]}},{"type":"Feature","properties":{},"geometry":{"type":"LineString","coordinates":[[-89.23489408905336,48.40648464959631],[-89.30056824125317,48.407652592057005],[-89.33274800365763,48.40032500522786],[-89.42674110334039,48.399115098857365],[-89.42895248326984,48.51432980817669],[-89.59464898379699,48.51557004257162],[-89.59553810052086,48.53581989004504],[-89.5882110731001,48.55914474540247],[-89.59475645536936,48.570846634914425],[-89.61306260541639,48.58134817402391],[-89.61491690325364,48.585536321431825],[-89.60939143327211,48.59104449323343],[-89.62115308146358,48.59706840901768],[-89.61397613234409,48.60355581087897],[-89.61482541953531,48.60856993104525],[-89.60559996965873,48.60647905396634],[-89.59694413889265,48.614631920866536],[-89.59478256410917,48.62541300609684],[-89.59711370099707,48.630709694385736],[-89.60337610590317,48.63085286746455],[-89.60328052083665,48.66010546972541],[-89.61420090026341,48.66011886032084],[-89.61419186529673,48.67456798040921],[-89.6459576325127,48.67477350959126],[-89.64715512812721,48.722532050350424],[-89.59859277295655,48.72250188393368],[-89.60742913766757,48.7300829317873],[-89.61333284514572,48.72643111104635],[-89.6074378446625,48.73393351106852],[-89.61583616065901,48.737198035590545],[-89.61060555679933,48.738369424412255],[-89.61013945272435,48.74486701690902],[-89.60586674421583,48.74669121427373],[-89.60937446956811,48.74322881158702],[-89.60425576006507,48.73868411435569],[-89.58233946826331,48.72961362273038],[-89.57832126691781,48.73055831540413],[-89.58002113287688,48.739589516831465],[-89.56710964342263,48.74034592756059],[-89.55540943965136,48.74863171286881],[-89.55259794723547,48.7532916214268],[-89.55927453221511,48.75454701946655],[-89.56535675368532,48.76976993180614],[-89.58274213982764,48.77038013215477],[-89.58155915196281,48.77756843040282],[-89.59561365565786,48.77371663091661],[-89.58062296136318,48.78108032719743],[-89.59032924222184,48.78318371042424],[-89.58206393465274,48.789793318762946],[-89.59343834334577,48.79199402699374],[-89.59364355646967,48.78778761910656],[-89.59698273784757,48.786794710832474],[-89.59692626496363,48.79124063078582],[-89.5845908497614,48.79921961908007],[-89.57402565766498,48.7960913158679],[-89.57042923747578,48.79979742920794],[-89.57669695012457,48.804371914245586],[-89.57147105009412,48.80871742075489],[-89.57712573862409,48.80981463465085],[-89.5729290477329,48.81484791791216],[-89.57863475286452,48.8283409112456],[-89.60131776295754,48.83427403642808],[-89.61827746230999,48.83072282558166],[-89.62223934798358,48.83508632880083],[-89.62296555192408,48.82941953244167],[-89.61742823657745,48.828025017048056],[-89.62255126461115,48.822267212304766],[-89.62480166141677,48.82961161151847],[-89.62296545971631,48.8322896343058],[-89.63177083393302,48.83647951750856],[-89.63847995272793,48.83862031803129],[-89.64257053691621,48.83502662557579],[-89.64193373182395,48.83302582328556],[-89.64263365926959,48.83182222358059],[-89.64341275558526,48.83160642353928],[-89.64367533612155,48.835820023798014],[-89.6408134650306,48.839970426676985],[-89.64452933241441,48.842458425390326],[-89.62724645463662,48.83492721246649],[-89.62369025175556,48.83729363089238],[-89.62466850825354,48.85102410654612],[-89.61546305898729,48.862090849909364],[-89.62577477064791,48.8719045952473],[-89.621087913126,48.88203228681352],[-89.63080809280298,48.8844640842154],[-89.62487520259941,48.88731746163293],[-89.63045691203519,48.888410840164944],[-89.62471497978197,48.89355319691918],[-89.6263922138767,48.89782565832639],[-89.63257918476486,48.89551336062336],[-89.6295918647954,48.902797438190596],[-89.644001227452,48.9065122112222],[-89.6458749644171,48.91186946042357],[-89.67217591700069,48.913692222003036],[-89.67196491101548,48.91048185488401],[-89.68806391308081,48.9120700098706],[-89.68824762481863,48.91562001573006],[-89.70000927336662,48.91256226789493],[-89.70700861999094,48.9263912024072],[-89.72224611087199,48.92970824868465],[-89.7452171230218,48.92672477876478],[-89.75223245323232,48.921727758670436],[-89.7677677682392,48.92427651502871],[-89.81886143817627,48.915547597513815],[-89.83243331273455,48.930209942338905],[-89.82993232340111,48.937596966899136],[-89.83725462163159,48.94619742553436],[-89.8559649539605,48.94923598757726],[-89.85720607993753,48.95669311444695],[-89.87414881219112,48.95702636952024],[-89.87700320073809,48.96990123509723],[-89.89503004923779,48.969205847291256],[-89.8918262699036,48.97665778635637],[-89.87946298065097,48.98196751621535],[-89.88559520866652,48.992154743024585],[-89.89644452577339,48.99279643365997],[-89.89468269660333,49.029232991434895],[-89.8855257233924,49.05095074585584],[-89.87824540269789,49.054997482161816],[-89.88254509532113,49.06102825039785],[-89.87519056028427,49.074951719507325],[-89.87905994146182,49.07905243514582],[-89.87391422017924,49.08199306332017],[-89.88176220406292,49.087847649903054],[-89.8822965543304,49.100906508191784],[-89.89073724025216,49.106228429540195],[-89.88480315279905,49.1126641009885],[-89.89415376591884,49.11461832616696],[-89.89618174469534,49.12001972644304],[-89.89182557778328,49.1240260247164],[-89.91003160494203,49.14462889181151],[-89.89317791143168,49.16353841557621],[-89.9298988566735,49.16926947685195],[-89.95162664159443,49.15874151556139],[-89.97041706070213,49.16707668921771],[-89.99040196726037,49.162502316706785],[-89.98975906356992,49.159118026475056],[-89.99586526527409,49.16595941823893],[-89.9862505625737,49.17653413666221],[-90.00033184775845,49.176368454194744],[-90.00006947918111,50.0625514407314],[-90.16986151886826,50.063483978818034]]}},{"type":"Feature","properties":{},"geometry":{"type":"LineString","coordinates":[[-89.02934061390532,48.24916892196252],[-89.0474227618719,48.251064628849164],[-89.05069284963602,48.261861001806004]]}},{"type":"Feature","properties":{},"geometry":{"type":"LineString","coordinates":[[-89.05891290917216,48.26742086773466],[-89.07505623806273,48.27307192975115],[-89.10356883684052,48.26567961656025],[-89.11004445896533,48.2674864161723],[-89.10751729569273,48.272598503124215]]}},{"type":"Feature","properties":{},"geometry":{"type":"LineString","coordinates":[[-79.35487065580303,43.65977354413884],[-79.36343632850948,43.67530251883034]]}},{"type":"Feature","properties":{},"geometry":{"type":"LineString","coordinates":[[-79.36343632850948,43.67530251883034],[-79.3867746150365,43.67021650888334],[-79.37925250288602,43.65243550306435]]}},{"type":"Feature","properties":{},"geometry":{"type":"LineString","coordinates":[[-79.36220138363647,43.688525062095565],[-79.3664188638591,43.68131192156321],[-79.36343632850948,43.67530251883034]]}},{"type":"Feature","properties":{},"geometry":{"type":"LineString","coordinates":[[-79.42939621476148,43.670982002996716],[-79.40027673866328,43.677098086386096],[-79.37088810148029,43.69064988165588]]}},{"type":"Feature","properties":{},"geometry":{"type":"LineString","coordinates":[[-79.44574479454077,43.792400092023975],[-79.43811265839274,43.759323340021105],[-79.42242625276086,43.7496725587704],[-79.41156975944962,43.75156816463806]]}},{"type":"Feature","properties":{},"geometry":{"type":"LineString","coordinates":[[-83.02793108696028,42.327183738732984],[-83.0098081096484,42.29938140118741],[-82.96803610046423,42.30738819731522],[-82.95264511715263,42.28304710264805],[-82.97280535689617,42.27448047136401],[-82.9620460344539,42.25765866950094],[-82.96076551027244,42.24702282444304],[-82.98671429339852,42.23380710251359],[-82.99693780665322,42.235692597583885]]}},{"type":"Feature","properties":{},"geometry":{"type":"LineString","coordinates":[[-79.50781988366388,43.717748606827925],[-79.47253426218684,43.72486862728072]]}},{"type":"Feature","properties":{},"geometry":{"type":"LineString","coordinates":[[-98.9414982828499,49.33713303151823],[-98.9416292502281,49.33693525023348]]}},{"type":"Feature","properties":{},"geometry":{"type":"LineString","coordinates":[[-102.00742757717558,56.98589393827222],[-102.00412938852962,55.80935007512761],[-101.96387163013301,55.80946849800463],[-101.96395494363111,55.46042009078355],[-101.92422703066089,55.46021659221809],[-101.92436060643088,55.1120905908459],[-101.88526563857577,55.11159665624543],[-101.88531837552488,54.76252586496205],[-101.8474366625744,54.76252306686827],[-101.84748426351914,54.413563899129876],[-101.8104613090363,54.41353989486534],[-101.81043452049788,54.06440581904384],[-101.77132275803075,54.064402462054964],[-101.77066399919592,53.71091002638891]]}},{"type":"Feature","properties":{},"geometry":{"type":"LineString","coordinates":[[-102.00506364265449,57.22386023008076],[-102.00739530009942,57.072244759862706]]}},{"type":"Feature","properties":{},"geometry":{"type":"LineString","coordinates":[[-102.00530271618348,57.50029671850906],[-102.00515773573811,57.33357923705886]]}},{"type":"Feature","properties":{},"geometry":{"type":"LineString","coordinates":[[-102.0057721378071,58.033798140209996],[-102.0056931365679,57.944746033105766]]}},{"type":"Feature","properties":{},"geometry":{"type":"LineString","coordinates":[[-102.00213469785406,59.928296104280214],[-102.00738974793846,59.75177941307184],[-102.00586022023847,58.13152519604726]]}},{"type":"Feature","properties":{},"geometry":{"type":"LineString","coordinates":[[-101.91953698838671,60.00005363548716],[-101.96442439832845,60.00002995374959]]}},{"type":"Feature","properties":{},"geometry":{"type":"LineString","coordinates":[[-100.03827196370626,60.000031869282715],[-101.89356571395004,60.00006001241094]]}},{"type":"Feature","properties":{},"geometry":{"type":"LineString","coordinates":[[-94.77348295714107,59.7903011017708],[-94.79197879319935,59.795805551529654],[-94.79695372785257,59.80286705044134],[-94.7892798991143,59.80506096072894],[-94.79716013154724,59.81657723593937],[-94.81463003648338,59.82294676179907],[-94.80616283401557,59.82838114153518],[-94.79534681142115,59.8278101603915],[-94.80148688532958,59.83128214312979],[-94.80078861999993,59.83739295593961],[-94.80604852077792,59.838176654004606],[-94.79828139747772,59.83938325223965],[-94.80351342233648,59.84772856229525],[-94.80060230426939,59.855525557651355],[-94.81440808151444,59.86444691107404],[-94.80999878314091,59.864920540486764],[-94.81131182533949,59.87265046131816],[-94.82736839713114,59.881638560708204],[-94.8220989094477,59.8878173629394],[-94.81063931923053,59.886988255637505],[-94.83212561992188,59.90269634097951],[-94.8292676088595,59.90781694851428],[-94.81198022609014,59.90577964648513],[-94.82351370233103,59.907762955029014],[-94.82305929567487,59.913449938823355],[-94.82992550752711,59.91890704722291],[-94.82637809334835,59.91855134476032],[-94.82725662144269,59.92612393709847],[-94.83756959819812,59.92737483853456],[-94.82274921347566,59.92957104790701],[-94.83054013230192,59.934780140574915],[-94.82292182517396,59.93494514009176],[-94.82004539227962,59.939271660266044],[-94.824095094382,59.94239825641113],[-94.8315632896506,59.93962915204286],[-94.82115240544346,59.938774638800474],[-94.832798284681,59.93572494503277],[-94.83026649089076,59.9308647416355],[-94.84082579777976,59.93471034984996],[-94.8391859912712,59.93880804998974],[-94.83354189644714,59.93779424761816],[-94.84004512605004,59.943638262396675],[-94.8357189032345,59.947418461126546],[-94.83659950141895,59.95518515339748],[-94.85276579175809,59.962924349155756],[-94.85263452136206,59.9714100379416],[-94.8324639126265,59.978402860361406],[-94.83439023108708,59.98354864499569],[-94.82618393408647,59.98802544414927],[-94.83446938361034,59.993142955112],[-94.8260299193345,59.992596037271525],[-94.82144339881538,59.998582651088775],[-94.82437279440701,60.00000004273694],[-99.62899170141101,60.00006132905978]]}},{"type":"Feature","properties":{},"geometry":{"type":"LineString","coordinates":[[-94.77463903385208,59.78203150671453],[-94.77397788582128,59.7857909764091]]}},{"type":"Feature","properties":{},"geometry":{"type":"LineString","coordinates":[[-94.7990838119325,59.73041417271713],[-94.81722453772727,59.72495406124112],[-94.82253810673501,59.73922424760063],[-94.81343960118832,59.744020759507656],[-94.81914382616644,59.744444440031295],[-94.8157558173433,59.74836306053462],[-94.80650568645056,59.75039856267219],[-94.80122679452823,59.750000049462166],[-94.80676999172317,59.745995441611804],[-94.8024166870878,59.74301615539746],[-94.80020178605528,59.750000057268736],[-94.79508619757802,59.751035950026335],[-94.79922150926208,59.75675705532889],[-94.79170342285737,59.76487806077158],[-94.79557253005794,59.76660143640507],[-94.78298791155187,59.77083636002966],[-94.77476917726776,59.781291475429]]}},{"type":"Feature","properties":{},"geometry":{"type":"LineString","coordinates":[[-94.80330166965344,59.72500128781464],[-94.80181359790342,59.72707776750355]]}},{"type":"Feature","properties":{},"geometry":{"type":"LineString","coordinates":[[-94.80397468703443,59.702249631367614],[-94.81889440836387,59.704343047344274],[-94.8234168919954,59.69914316064155],[-94.83172448851603,59.70665014226378],[-94.8171806172223,59.713387141294895],[-94.8224768029647,59.717225751264564],[-94.80347269143023,59.72469556748707]]}},{"type":"Feature","properties":{},"geometry":{"type":"LineString","coordinates":[[-94.77310084178951,59.56387068428413],[-94.78249842832795,59.57037904494626],[-94.79114222016501,59.569969150205374],[-94.81641391060343,59.588542138985574],[-94.80917121963103,59.58824525960484],[-94.81108212714089,59.591404750700505],[-94.83605800765689,59.6020728419801],[-94.82648630185345,59.607607345895445],[-94.83263221368382,59.609544750421136],[-94.82502593305082,59.61493406027542],[-94.835681697692,59.62587703895531],[-94.8317892042352,59.62797644867933],[-94.83806241123222,59.63805505687899],[-94.8362961981323,59.648400143139895],[-94.83253700569836,59.652401247924004],[-94.8252685998768,59.65080375711671],[-94.82983871528452,59.65911754277001],[-94.82351581670986,59.66448115224024],[-94.80977281530434,59.66523644667699],[-94.81183390678326,59.67159035963554],[-94.82709450613692,59.67416924356358],[-94.82067321236025,59.68020645215928],[-94.82921718908342,59.68343064509526],[-94.82782172421926,59.68833965495637],[-94.80379566298895,59.70145764457829]]}},{"type":"Feature","properties":{},"geometry":{"type":"LineString","coordinates":[[-94.7811786620664,59.5622136953975],[-94.7943774928018,59.567547050640286],[-94.78598052725987,59.56924975324068],[-94.77605636728907,59.56326442260226]]}},{"type":"Feature","properties":{},"geometry":{"type":"LineString","coordinates":[[-94.7583496400662,59.471172728722486],[-94.77466599394978,59.49623503875859],[-94.77321632159544,59.501086848148766],[-94.79675973284063,59.50989485527729],[-94.80147040851863,59.520451342962204],[-94.79899361549954,59.524415936595524],[-94.8035990948308,59.52584454568225],[-94.79880452150195,59.53144835666734],[-94.81150180007077,59.54451845133607],[-94.80093582944083,59.55122125861431],[-94.80585552806606,59.552447237457166],[-94.79871809139208,59.55699534441331],[-94.80257319049976,59.55996424478714],[-94.79616508651861,59.563895038542384],[-94.80277419700761,59.562779542368176],[-94.7997301076969,59.566798858947166],[-94.78160555966456,59.5615691552911]]}},{"type":"Feature","properties":{},"geometry":{"type":"LineString","coordinates":[[-94.71712777857262,59.381268157884904],[-94.72221173168882,59.38215025493906],[-94.71936752329358,59.384783039840904],[-94.72575601095174,59.38864514757331],[-94.72275029667735,59.39320635970276],[-94.72800962599464,59.40035103714393],[-94.73287669625861,59.39606135078648],[-94.74680541150757,59.39886804445339],[-94.74442460850783,59.40706674885928],[-94.73547142828053,59.40627294820761],[-94.73412129160151,59.411991445044514],[-94.75041998705989,59.42768523911154],[-94.73478871524911,59.44106165145128],[-94.74131228717819,59.44324405858657],[-94.74193181936371,59.45419025375299],[-94.75272236918606,59.46480952002583]]}},{"type":"Feature","properties":{},"geometry":{"type":"LineString","coordinates":[[-94.72747208443026,59.357017395001606],[-94.73100802933575,59.35957125544067],[-94.72746428897703,59.364029651161474],[-94.73193480789658,59.36333805558954],[-94.72204790896403,59.36538335616607],[-94.72071592809746,59.368923750370556],[-94.72697079868738,59.36897445820508],[-94.71679523347657,59.37848842183556]]}},{"type":"Feature","properties":{},"geometry":{"type":"LineString","coordinates":[[-94.73208292808502,59.35313684046508],[-94.73828791960618,59.35780586087301],[-94.73537602067348,59.362514836681285],[-94.72829133721734,59.35632789968198]]}},{"type":"Feature","properties":{},"geometry":{"type":"LineString","coordinates":[[-94.70298761292548,59.347974518183335],[-94.72333481995884,59.33463533173985],[-94.72993589080701,59.336362145858345],[-94.72897519546974,59.33244773778955],[-94.74035528968979,59.33431744841775],[-94.74740692700755,59.337902852857184],[-94.74274749045428,59.34011713885976],[-94.74058090187071,59.335471339767],[-94.73866038863243,59.34295984463041],[-94.74891340981499,59.34162455034042],[-94.74360469127254,59.3459412547538],[-94.74955471828412,59.34747585670108],[-94.74404881097838,59.351478543674844],[-94.73698697214546,59.349009524110215]]}},{"type":"Feature","properties":{},"geometry":{"type":"LineString","coordinates":[[-94.69701955328549,59.35062834807896],[-94.70233957934163,59.348262680668626]]}},{"type":"Feature","properties":{},"geometry":{"type":"LineString","coordinates":[[-94.68352551168122,59.35662877253555],[-94.68614715702834,59.35546299986946]]}},{"type":"Feature","properties":{},"geometry":{"type":"LineString","coordinates":[[-94.68021295995065,59.3575544786228],[-94.67644082428077,59.3579742614598],[-94.6826800368057,59.356878404685354]]}},{"type":"Feature","properties":{},"geometry":{"type":"LineString","coordinates":[[-94.6690724075394,59.354220214328464],[-94.66853379807353,59.358857745426086],[-94.6726713479664,59.35962117034278]]}},{"type":"Feature","properties":{},"geometry":{"type":"LineString","coordinates":[[-94.71014978432851,59.33063252781532],[-94.71913280053779,59.33249055732792],[-94.71403961767541,59.336658846304104],[-94.7050827338701,59.334515746536745],[-94.69419533938158,59.34451409216186]]}},{"type":"Feature","properties":{},"geometry":{"type":"LineString","coordinates":[[-94.71733088332603,59.32684299965582],[-94.71574620905294,59.327555705680204]]}},{"type":"Feature","properties":{},"geometry":{"type":"LineString","coordinates":[[-94.75558405990326,59.30582920414298],[-94.74493111790306,59.310465842894935],[-94.76064692357791,59.31329284858208],[-94.76783889386192,59.33985264143434],[-94.73662812056946,59.3329347549868],[-94.72743342626329,59.32661849857906]]}},{"type":"Feature","properties":{},"geometry":{"type":"LineString","coordinates":[[-94.7600751985109,59.30481148277667],[-94.76533102363402,59.30694444254499],[-94.75787807065826,59.30530936631034]]}},{"type":"Feature","properties":{},"geometry":{"type":"LineString","coordinates":[[-94.76469824332779,59.30228358375264],[-94.7607160363716,59.30453380345286]]}},{"type":"Feature","properties":{},"geometry":{"type":"LineString","coordinates":[[-94.81269517647969,59.088778526603065],[-94.81555092373101,59.0902933567372],[-94.80945253306254,59.091134449150815],[-94.81611482017578,59.09521065701969],[-94.8117503136606,59.09660625435227],[-94.81595409861139,59.10145534385841],[-94.80855823413437,59.10593644044157],[-94.81336792105455,59.11161684896843],[-94.81114130062556,59.11824595559462],[-94.79138702108773,59.1269776468545],[-94.79978739117286,59.135441340103355],[-94.7883052950027,59.14008083506108],[-94.79466339471605,59.148191050722296],[-94.7787744175639,59.15571896024662],[-94.78513919133357,59.160185845152505],[-94.78353861909874,59.16859644280202],[-94.79878351088036,59.178963643620754],[-94.7940413024652,59.18706494229385],[-94.80863740425765,59.190520151984536],[-94.80422979109278,59.19092845752914],[-94.80375168898944,59.19865864022004],[-94.79379451806035,59.197664648511605],[-94.79290010477573,59.20257114331001],[-94.78134041417555,59.207071845383055],[-94.79216459163321,59.2135669586165],[-94.78953922187894,59.22168114811469],[-94.8019009987924,59.225041238276575],[-94.80394343586339,59.220634551349555],[-94.81500321597925,59.228428960621656],[-94.80229142983342,59.240809051965684],[-94.78576190400118,59.24601286172488],[-94.78861479099908,59.25323256000981],[-94.78321390439666,59.25540985534524],[-94.79651269355573,59.25781275635148],[-94.80415683048984,59.266008749475326],[-94.797310513166,59.27147825752764],[-94.78527001838506,59.26872694815248],[-94.79428499367853,59.27389985768442],[-94.78144822382134,59.27422844458413],[-94.78640969700274,59.27632233675155],[-94.77226872105152,59.279950861821014],[-94.77680003208225,59.28172134734684],[-94.7711694218346,59.28500505584509],[-94.77438772083832,59.288987540162715],[-94.78443279247517,59.291727256937435],[-94.77928303014117,59.29313915640769],[-94.7817018020232,59.298227257852],[-94.77639851452894,59.30342174848188],[-94.76664095890368,59.3011858163817]]}},{"type":"Feature","properties":{},"geometry":{"type":"LineString","coordinates":[[-94.77102084557146,59.015493019285465],[-94.79394162100762,59.00637813789554],[-94.79833250978805,59.010499047947114],[-94.78676767386621,59.01663473848337]]}},{"type":"Feature","properties":{},"geometry":{"type":"LineString","coordinates":[[-94.68625931851714,58.95962871172044],[-94.70158450364356,58.962296743089574],[-94.72518259583309,58.99299034833442],[-94.7217666232872,58.99326854919113],[-94.75010064817972,59.0112411568962]]}},{"type":"Feature","properties":{},"geometry":{"type":"LineString","coordinates":[[-94.68560070809613,58.95760049112867],[-94.68574942857946,58.958058482586246]]}},{"type":"Feature","properties":{},"geometry":{"type":"LineString","coordinates":[[-94.6838666064411,58.946864571551096],[-94.6882583091881,58.94625550129204],[-94.68901178785016,58.95126289524875],[-94.68721435195036,58.948823586566405],[-94.68414067837628,58.95107528854025],[-94.69118898740757,58.95320509196964],[-94.6855181851673,58.95734635803538]]}},{"type":"Feature","properties":{},"geometry":{"type":"LineString","coordinates":[[-94.68414367492248,58.9452629807415],[-94.68391666356295,58.94657521699907]]}},{"type":"Feature","properties":{},"geometry":{"type":"LineString","coordinates":[[-94.30687586323249,58.73944607693237],[-94.32337532753783,58.719882945389244],[-94.34415099797025,58.70996465815547],[-94.36806452550853,58.70299133888302],[-94.42930501825235,58.7032372367861],[-94.43813030827175,58.71038664022043],[-94.43200301571933,58.71223003716136],[-94.44754363714316,58.712273541378195],[-94.44496012858575,58.71733283812983],[-94.45253541655167,58.71581803782188],[-94.4594226054653,58.72275444509289],[-94.45529900604876,58.72342765362621],[-94.46545552733349,58.72458805941962],[-94.46272800096735,58.72988685011414],[-94.47667689711946,58.738042641230244],[-94.47885961397485,58.74358405348661],[-94.47380532129044,58.7424098389739],[-94.47936162272477,58.75000004602978],[-94.4746666072508,58.75406803834801],[-94.48370122929322,58.76976283375407],[-94.48011133034622,58.77227414890839],[-94.48601909824373,58.7885090424014],[-94.51019253153876,58.80051223964162],[-94.51760000870576,58.81887305194429],[-94.52935900537958,58.82706104450815],[-94.56882488976673,58.83471225341353],[-94.58017533402392,58.84708064619689],[-94.59224871117497,58.84918694593915],[-94.58642841456175,58.85356603500267],[-94.60510801457698,58.860082660035395],[-94.60188251748427,58.87364653603574],[-94.60594207896828,58.88064544160113]]}},{"type":"Feature","properties":{},"geometry":{"type":"LineString","coordinates":[[-94.3016296541176,58.74138166176423],[-94.30355286601298,58.740672094209515]]}},{"type":"Feature","properties":{},"geometry":{"type":"LineString","coordinates":[[-94.22569133325845,58.80386289407955],[-94.23802726069813,58.796590101248654],[-94.25579110441535,58.796574528860866]]}},{"type":"Feature","properties":{},"geometry":{"type":"LineString","coordinates":[[-94.05241280034028,58.77132260149213],[-94.0658155794644,58.77112492981009]]}},{"type":"Feature","properties":{},"geometry":{"type":"LineString","coordinates":[[-93.99006307786945,58.766227199449084],[-94.02930352466318,58.762353098736284],[-94.02332600878562,58.768945543644236]]}},{"type":"Feature","properties":{},"geometry":{"type":"LineString","coordinates":[[-93.872014938238,58.75778797609039],[-93.8896866093738,58.75156074406436],[-93.89766396784084,58.758676073391776]]}},{"type":"Feature","properties":{},"geometry":{"type":"LineString","coordinates":[[-93.8235566830651,58.77844667944254],[-93.83891232329961,58.762902445434975],[-93.84712688887868,58.76403133835445],[-93.84528144115984,58.76815375369972]]}},{"type":"Feature","properties":{},"geometry":{"type":"LineString","coordinates":[[-93.78585737848626,58.77322972553927],[-93.8131212956881,58.76931325460554],[-93.82091702105602,58.77920679145138]]}},{"type":"Feature","properties":{},"geometry":{"type":"LineString","coordinates":[[-93.7453822509863,58.78190101045946],[-93.74133981435003,58.774470844373504],[-93.74406320102938,58.77056103929228],[-93.77133921384758,58.77249924139714]]}},{"type":"Feature","properties":{},"geometry":{"type":"LineString","coordinates":[[-93.72388697435545,58.79048088090473],[-93.7246100144982,58.790290209723416]]}},{"type":"Feature","properties":{},"geometry":{"type":"LineString","coordinates":[[-93.67764312099736,58.787575016054724],[-93.72055454182892,58.79135966869108]]}},{"type":"Feature","properties":{},"geometry":{"type":"LineString","coordinates":[[-93.5761601268169,58.76573601591676],[-93.60780592818476,58.767658054490326],[-93.62068066559205,58.77531677435126]]}},{"type":"Feature","properties":{},"geometry":{"type":"LineString","coordinates":[[-93.5307757161634,58.77153223405666],[-93.52944660449289,58.767452050689194],[-93.54092308357296,58.76848848223322]]}},{"type":"Feature","properties":{},"geometry":{"type":"LineString","coordinates":[[-93.48374614179703,58.77023808164693],[-93.48965849131238,58.772474455411746]]}},{"type":"Feature","properties":{},"geometry":{"type":"LineString","coordinates":[[-93.27081645766876,58.76445897762986],[-93.30052859738151,58.75186124194421],[-93.33423966518004,58.75671603002128]]}},{"type":"Feature","properties":{},"geometry":{"type":"LineString","coordinates":[[-93.26110070717083,58.7652449998752],[-93.26842275411641,58.76465263268937]]}},{"type":"Feature","properties":{},"geometry":{"type":"LineString","coordinates":[[-93.13596193329148,58.604970756864255],[-93.15350170938919,58.642575439004794],[-93.15430099572451,58.657768049064806],[-93.14662953102666,58.667086632288886],[-93.14451882499371,58.686754940103],[-93.15863198512078,58.69066704556064],[-93.17603681509179,58.711108431943615],[-93.17458408683227,58.72008884162009],[-93.16655951134541,58.724423652060075],[-93.21018208538925,58.76282223700675],[-93.24154279491172,58.766827271271666]]}},{"type":"Feature","properties":{},"geometry":{"type":"LineString","coordinates":[[-93.12123436991564,58.509704170923925],[-93.13436479149418,58.5258862505518],[-93.1367596963447,58.55299655110828],[-93.12961470695669,58.556437151624046],[-93.14165329657686,58.57118244046017],[-93.13916683517179,58.578069939486205],[-93.13354652257372,58.578168346176945],[-93.13534708649989,58.60049115809711]]}},{"type":"Feature","properties":{},"geometry":{"type":"LineString","coordinates":[[-93.11332068220554,58.498308460496894],[-93.11629846510023,58.5025964679121]]}},{"type":"Feature","properties":{},"geometry":{"type":"LineString","coordinates":[[-92.98722430387828,58.316268958971925],[-93.01345102814854,58.32689683533293],[-93.03513072537791,58.34536634562928],[-93.0440822024858,58.35959823788784],[-93.04322290208492,58.36738394404973],[-93.0555402925189,58.37943855396786],[-93.06079680540869,58.40680364526083],[-93.0567862259144,58.41142305008774],[-93.07348840464988,58.42338985330497],[-93.114358233226,58.47516735572126],[-93.11330794111817,58.498290113330874]]}},{"type":"Feature","properties":{},"geometry":{"type":"LineString","coordinates":[[-92.97907535786075,58.304691691463404],[-92.9799444465395,58.30615619839403]]}},{"type":"Feature","properties":{},"geometry":{"type":"LineString","coordinates":[[-92.95918774691455,58.2563227377932],[-92.95845681944176,58.25311624915895],[-92.96835761804994,58.26200383865695],[-92.97943951284486,58.28040524802519],[-92.97558019781101,58.2880841504698],[-92.97843314889788,58.30360950100342]]}},{"type":"Feature","properties":{},"geometry":{"type":"LineString","coordinates":[[-92.93571391190679,58.22913386856737],[-92.95232323554603,58.249863183150374]]}},{"type":"Feature","properties":{},"geometry":{"type":"LineString","coordinates":[[-92.93172553467008,58.216462541555806],[-92.93910601558342,58.220293756151094],[-92.94094430667364,58.22620614887776],[-92.93626512934918,58.2218461815824]]}},{"type":"Feature","properties":{},"geometry":{"type":"LineString","coordinates":[[-92.92372516295633,58.206974663357315],[-92.92966902988611,58.214023671512884]]}},{"type":"Feature","properties":{},"geometry":{"type":"LineString","coordinates":[[-92.85621778482835,58.13798181715106],[-92.88323371489814,58.15306023258573],[-92.88315570199718,58.157621344035974],[-92.86857573613383,58.16452573479706],[-92.86921532067788,58.17066654578211],[-92.89875613125047,58.17780404712789],[-92.9016064899072,58.18189104778916],[-92.89365502684778,58.181798234930184],[-92.89540762134071,58.18474163464686],[-92.90445382765424,58.18464134597768],[-92.92192431664368,58.197590441545366],[-92.91826142109069,58.20119583409667],[-92.92302799902173,58.20614787596135]]}},{"type":"Feature","properties":{},"geometry":{"type":"LineString","coordinates":[[-92.80401325876433,58.046170126891646],[-92.82394222767805,58.06461814329032],[-92.8490913110348,58.10216713320885],[-92.85240129457172,58.1144107480095],[-92.84646713209764,58.12656348042679]]}},{"type":"Feature","properties":{},"geometry":{"type":"LineString","coordinates":[[-92.80415116711653,57.9942034876957],[-92.81588750421383,58.028714138430686],[-92.80639719381836,58.040548939892744],[-92.81154162234998,58.04589605002737],[-92.81719911591347,58.04575955163895],[-92.81838022519976,58.04765183406632],[-92.80932491580376,58.046574348571575],[-92.80418489291054,58.04133452191891]]}},{"type":"Feature","properties":{},"geometry":{"type":"LineString","coordinates":[[-92.80089512755393,57.98708299058735],[-92.80164273337714,57.9887178985791]]}},{"type":"Feature","properties":{},"geometry":{"type":"LineString","coordinates":[[-92.75982035982399,57.87992182249482],[-92.76853119145916,57.89061394949325],[-92.78369919525865,57.93298654820533],[-92.7823301130975,57.94329975105761],[-92.79353780589524,57.956895939942335],[-92.80021759760332,57.98560132859847]]}},{"type":"Feature","properties":{},"geometry":{"type":"LineString","coordinates":[[-92.75728378053174,57.86564028746487],[-92.76188472015887,57.87337965446235],[-92.75948535932757,57.8782647664226]]}},{"type":"Feature","properties":{},"geometry":{"type":"LineString","coordinates":[[-92.56999797682961,57.60037782904617],[-92.58600991392856,57.61351844214127],[-92.60183843911672,57.64202494925352],[-92.62653162289025,57.65964514365755],[-92.6332876106917,57.67421405343816],[-92.7075608088306,57.767696442024665],[-92.71246802337204,57.78186745076168],[-92.72005911491561,57.786195655267605],[-92.71664753538974,57.78819384810408],[-92.72513759051627,57.794068135222574],[-92.72198061152294,57.797149352289715],[-92.72852140768711,57.79970645102271],[-92.72455639870797,57.800165148358914],[-92.73111260865744,57.811539033660644],[-92.73117980025384,57.826049882789256]]}},{"type":"Feature","properties":{},"geometry":{"type":"LineString","coordinates":[[-92.56702628603841,57.59644343723767],[-92.56869659387355,57.59865485354105]]}},{"type":"Feature","properties":{},"geometry":{"type":"LineString","coordinates":[[-92.55875406315019,57.58095486735294],[-92.55908361785445,57.58450506724111]]}},{"type":"Feature","properties":{},"geometry":{"type":"LineString","coordinates":[[-92.53572491405836,57.1155144182837],[-92.51397670225803,57.15083983801789],[-92.51766593618427,57.15275884049113],[-92.51305459763977,57.15235723250669],[-92.48201791141308,57.1955145523792],[-92.48431304044337,57.19752444774341],[-92.47165659688933,57.207101033568016],[-92.44899369873349,57.23740113659567],[-92.43858589483766,57.26368674927052],[-92.43321524014512,57.30908554662055],[-92.42446581603099,57.329149252474394],[-92.42506856123319,57.357055754126364]]}},{"type":"Feature","properties":{},"geometry":{"type":"LineString","coordinates":[[-92.54374429071216,57.104862081930406],[-92.54367579033934,57.10493458757224]]}},{"type":"Feature","properties":{},"geometry":{"type":"LineString","coordinates":[[-92.59204638602662,57.053735726283605],[-92.58327529207162,57.0630196727881]]}},{"type":"Feature","properties":{},"geometry":{"type":"LineString","coordinates":[[-92.59419547825225,57.05146097499736],[-92.5927465353935,57.052994638649544]]}},{"type":"Feature","properties":{},"geometry":{"type":"LineString","coordinates":[[-92.64364661188682,57.0159543910358],[-92.61507073140008,57.041165241025695],[-92.59473174445341,57.05089335290262]]}},{"type":"Feature","properties":{},"geometry":{"type":"LineString","coordinates":[[-92.72044230361125,56.9488222971864],[-92.67965122289596,56.993750937660174],[-92.64397700140363,57.01572433332406]]}},{"type":"Feature","properties":{},"geometry":{"type":"LineString","coordinates":[[-92.62833950523974,56.96882091352761],[-92.6373005038971,56.956991736412725],[-92.68377501969952,56.93222314679392],[-92.72789951649376,56.92257944504337],[-92.73627778346327,56.92588211529365]]}},{"type":"Feature","properties":{},"geometry":{"type":"LineString","coordinates":[[-92.46172391365825,57.04183252339285],[-92.59628761464207,56.986718916126044]]}},{"type":"Feature","properties":{},"geometry":{"type":"LineString","coordinates":[[-92.2282298624903,57.07109426837463],[-92.30883080086144,57.06150109686663]]}},{"type":"Feature","properties":{},"geometry":{"type":"LineString","coordinates":[[-92.12366326528712,57.04184755499365],[-92.12412459880014,57.04175339494706]]}},{"type":"Feature","properties":{},"geometry":{"type":"LineString","coordinates":[[-92.09771418116468,57.04571014083323],[-92.10325463694242,57.03876795229198],[-92.10560613877233,57.04133914364978],[-92.10620441383534,57.03478215296405],[-92.10942741190266,57.04445853821544]]}},{"type":"Feature","properties":{},"geometry":{"type":"LineString","coordinates":[[-91.57499993630985,57.15192451989702],[-91.60101159528577,57.14022934596934],[-91.60922612607223,57.14524763160539],[-91.65553052486915,57.12913014515339],[-91.66394593440309,57.13071524448598],[-91.68054911643708,57.12429063914203],[-91.6780979292886,57.12795053590114],[-91.68679791743227,57.12886983958084],[-91.87028483099962,57.07619953624678],[-91.95185039426595,57.06140114479139],[-91.96096701143773,57.05840784113039],[-91.9578184319565,57.05213044921203],[-91.9774198332177,57.05689293196849],[-92.06514601686528,57.04875004648521],[-92.067676018979,57.03981153262012],[-92.07144033802585,57.04721464296142],[-92.08736177356091,57.04681633439735]]}},{"type":"Feature","properties":{},"geometry":{"type":"LineString","coordinates":[[-91.52945615721973,57.16077531947299],[-91.56139988007882,57.15456750153639]]}},{"type":"Feature","properties":{},"geometry":{"type":"LineString","coordinates":[[-91.52210726042053,57.162203475282055],[-91.52263021942846,57.162101845477544]]}},{"type":"Feature","properties":{},"geometry":{"type":"LineString","coordinates":[[-91.06708586226085,57.25749146937269],[-91.0711653713366,57.2566813146495]]}},{"type":"Feature","properties":{},"geometry":{"type":"LineString","coordinates":[[-90.93893798320612,57.26279557053807],[-90.96509382409111,57.25815163165796],[-91.0036337346634,57.26385903394213],[-91.05894339711583,57.25910849153715]]}},{"type":"Feature","properties":{},"geometry":{"type":"LineString","coordinates":[[-90.936100735838,57.26273896872265],[-90.9383202999994,57.26278324803449]]}},{"type":"Feature","properties":{},"geometry":{"type":"LineString","coordinates":[[-90.92464984761362,57.26251052862647],[-90.92939571990183,57.262605206654996]]}},{"type":"Feature","properties":{},"geometry":{"type":"LineString","coordinates":[[-90.84898536705035,57.2602075434291],[-90.85451722750052,57.26111141423725]]}},{"type":"Feature","properties":{},"geometry":{"type":"LineString","coordinates":[[-90.78317788828451,57.247742526405894],[-90.79557505154017,57.250090752685324]]}},{"type":"Feature","properties":{},"geometry":{"type":"LineString","coordinates":[[-90.69711325607199,57.231440471901685],[-90.73884771255314,57.23505244518922],[-90.74421490191884,57.24036229702419]]}},{"type":"Feature","properties":{},"geometry":{"type":"LineString","coordinates":[[-90.52169229587574,57.20425441049112],[-90.56233680095303,57.21192793927371],[-90.61824982570836,57.23287712893175]]}},{"type":"Feature","properties":{},"geometry":{"type":"LineString","coordinates":[[-90.49468153703762,57.19686123802176],[-90.49670518885428,57.19246413900416],[-90.50161623031755,57.19101184188297],[-90.52380783132655,57.20373894612675],[-90.52024059464043,57.20367053760662]]}},{"type":"Feature","properties":{},"geometry":{"type":"LineString","coordinates":[[-90.39429001610354,57.17862559018137],[-90.45167759917733,57.19355643674351]]}},{"type":"Feature","properties":{},"geometry":{"type":"LineString","coordinates":[[-90.38723455111715,57.17379626270252],[-90.38898419638763,57.17549168547067]]}},{"type":"Feature","properties":{},"geometry":{"type":"LineString","coordinates":[[-90.38534541157297,57.16832887090875],[-90.40180493111929,57.177991948123456],[-90.39005201200185,57.17586003808985],[-90.3860260740919,57.170298788208804]]}},{"type":"Feature","properties":{},"geometry":{"type":"LineString","coordinates":[[-90.38136736457183,57.15681593551107],[-90.39377081838273,57.160856344317395],[-90.38862140718278,57.164212550264814],[-90.38970861478361,57.169539130961006],[-90.3849889310582,57.16729717441651]]}},{"type":"Feature","properties":{},"geometry":{"type":"LineString","coordinates":[[-90.28283391525147,57.12691423927272],[-90.33416670829834,57.146811054604655]]}},{"type":"Feature","properties":{},"geometry":{"type":"LineString","coordinates":[[-90.03238004543613,57.040073691692584],[-90.11370383185556,57.06410893277427],[-90.16330738915836,57.07351893230078],[-90.18781512571508,57.092202550725766],[-90.22500241828833,57.106778972213604]]}},{"type":"Feature","properties":{},"geometry":{"type":"LineString","coordinates":[[-90.00329905999236,57.0229017407656],[-90.00663156448722,57.02486954215804]]}},{"type":"Feature","properties":{},"geometry":{"type":"LineString","coordinates":[[-89.96842500687333,57.006123318926974],[-89.97987275657697,57.01062735151409]]}},{"type":"Feature","properties":{},"geometry":{"type":"LineString","coordinates":[[-89.96433218150695,57.00451302700928],[-89.96489599582924,57.004734855591]]}},{"type":"Feature","properties":{},"geometry":{"type":"LineString","coordinates":[[-89.92687164497569,57.001354020344145],[-89.9475522132692,56.9993185477201],[-89.96143105659964,57.003862616137056]]}},{"type":"Feature","properties":{},"geometry":{"type":"LineString","coordinates":[[-89.90963623118536,57.0001029375134],[-89.91043888923521,57.0001612007914]]}},{"type":"Feature","properties":{},"geometry":{"type":"LineString","coordinates":[[-89.86389000953912,56.99329106602639],[-89.88691108940486,56.99845336674859]]}},{"type":"Feature","properties":{},"geometry":{"type":"LineString","coordinates":[[-89.66440745399333,56.95590662227126],[-89.67706773524428,56.95747256896346]]}},{"type":"Feature","properties":{},"geometry":{"type":"LineString","coordinates":[[-89.52536969964757,56.93067990128858],[-89.63719881110387,56.952541192745045]]}},{"type":"Feature","properties":{},"geometry":{"type":"LineString","coordinates":[[-89.50653905908014,56.92602178846948],[-89.51129713577649,56.926822272416615]]}},{"type":"Feature","properties":{},"geometry":{"type":"LineString","coordinates":[[-89.49730870947623,56.92446890331105],[-89.49853774817369,56.92467567293889]]}},{"type":"Feature","properties":{},"geometry":{"type":"LineString","coordinates":[[-89.4488362756449,56.924331582326886],[-89.47005650973543,56.922741539317066],[-89.4651674137565,56.91943553707472],[-89.4785075086437,56.92226371091613]]}},{"type":"Feature","properties":{},"geometry":{"type":"LineString","coordinates":[[-89.36866676540669,56.923052117551244],[-89.3866206281724,56.91934333998048],[-89.44373352435326,56.92468720736992]]}},{"type":"Feature","properties":{},"geometry":{"type":"LineString","coordinates":[[-89.3608462043477,56.920493151842166],[-89.3618493573289,56.92085460536567]]}},{"type":"Feature","properties":{},"geometry":{"type":"LineString","coordinates":[[-89.2252163247441,56.88440931546261],[-89.26871203153001,56.89737061395309]]}},{"type":"Feature","properties":{},"geometry":{"type":"LineString","coordinates":[[-89.21085677343348,56.87996307214406],[-89.22322110726377,56.88349893309345],[-89.22001884088034,56.882799983986814]]}},{"type":"Feature","properties":{},"geometry":{"type":"LineString","coordinates":[[-89.08660495675022,56.862119217805414],[-89.15357724904953,56.87168327035017]]}},{"type":"Feature","properties":{},"geometry":{"type":"LineString","coordinates":[[-89.01544453055511,56.85077682500008],[-89.01698315474775,56.8504156809439]]}},{"type":"Feature","properties":{},"geometry":{"type":"LineString","coordinates":[[-88.9795769040035,56.85114844707981],[-88.9999998267634,56.853560468672995]]}},{"type":"Feature","properties":{},"geometry":{"type":"LineString","coordinates":[[-95.53478759051316,50.3959327226342],[-95.15279423929516,50.39577284198695]]}},{"type":"Feature","properties":{},"geometry":{"type":"LineString","coordinates":[[-99.74807350273575,52.05649609230268],[-99.46207597555428,52.05653721595245],[-99.4617121224601,51.97123786709212],[-99.44304611635923,51.971113908906915],[-99.44321087208462,51.80824133958114]]}},{"type":"Feature","properties":{},"geometry":{"type":"LineString","coordinates":[[-99.81789011174244,52.05654528598018],[-99.77632647991796,52.05651459470147]]}},{"type":"Feature","properties":{},"geometry":{"type":"LineString","coordinates":[[-99.8265637382736,52.157413636601596],[-99.82245385760552,52.152402656542804],[-99.82941779956582,52.14179140637052]]}},{"type":"Feature","properties":{},"geometry":{"type":"LineString","coordinates":[[-99.8234854847652,52.18358800082386],[-99.8234789851163,52.1834482583725]]}},{"type":"Feature","properties":{},"geometry":{"type":"LineString","coordinates":[[-99.85333480106574,52.27497609034904],[-99.85352756700605,52.274392284929775]]}},{"type":"Feature","properties":{},"geometry":{"type":"LineString","coordinates":[[-99.85255987739359,52.27682210694831],[-99.85289781845991,52.276299523383834]]}},{"type":"Feature","properties":{},"geometry":{"type":"LineString","coordinates":[[-99.82778920583064,52.27532592248794],[-99.84154707006964,52.2625995316932],[-99.84371365211538,52.27633496963912]]}},{"type":"Feature","properties":{},"geometry":{"type":"LineString","coordinates":[[-99.78025045171631,52.31062950784241],[-99.7796102712062,52.30522723367448],[-99.76371785863128,52.30304295201243],[-99.78238245538554,52.280268639605396],[-99.78999415633466,52.278428839729735],[-99.79115877041157,52.28373905200408],[-99.80036655334648,52.28503915652016],[-99.79814206393779,52.30197924124065],[-99.80870601651739,52.29567216047087]]}},{"type":"Feature","properties":{},"geometry":{"type":"LineString","coordinates":[[-99.77112278231147,52.313274535656404],[-99.76447967230865,52.30866506327882],[-99.77223768508584,52.309289991441226],[-99.77185250984905,52.31283837666842]]}},{"type":"Feature","properties":{},"geometry":{"type":"LineString","coordinates":[[-99.77018950152426,52.31383235865566],[-99.7708814007299,52.313418809705155]]}},{"type":"Feature","properties":{},"geometry":{"type":"LineString","coordinates":[[-99.71014427671393,52.39606282198458],[-99.7168105483563,52.38804194103042],[-99.72299667167643,52.387912522740066]]}},{"type":"Feature","properties":{},"geometry":{"type":"LineString","coordinates":[[-99.68134218951275,52.47940258461434],[-99.6884282431514,52.45834535044483],[-99.69953696856878,52.450111873173704]]}},{"type":"Feature","properties":{},"geometry":{"type":"LineString","coordinates":[[-99.65451845917414,52.56011865125099],[-99.65336209021918,52.559078132675225]]}},{"type":"Feature","properties":{},"geometry":{"type":"LineString","coordinates":[[-99.65527108791682,52.56119383516909],[-99.65470903580858,52.5603909035859]]}},{"type":"Feature","properties":{},"geometry":{"type":"LineString","coordinates":[[-99.67260797885076,52.59669206645611],[-99.67223164176723,52.595772131363006]]}},{"type":"Feature","properties":{},"geometry":{"type":"LineString","coordinates":[[-99.70880591681846,52.75538505229671],[-99.70790967822583,52.750505547870254],[-99.71297540099366,52.74897519486467]]}},{"type":"Feature","properties":{},"geometry":{"type":"LineString","coordinates":[[-99.69143519596139,52.78851651600302],[-99.68917088083889,52.78565999538695]]}},{"type":"Feature","properties":{},"geometry":{"type":"LineString","coordinates":[[-101.67160376760636,53.001253123991205],[-100.97042966902089,53.000165697683144]]}},{"type":"Feature","properties":{},"geometry":{"type":"LineString","coordinates":[[-101.77066399919592,53.71091002638891],[-101.73543094383807,53.71070651718676],[-101.73554368489776,53.36580844358729],[-101.70060567806506,53.36578111750009],[-101.70069426314096,53.01645077734848],[-101.67160451924246,53.016447875235855],[-101.67160376760636,53.001253123991205]]}},{"type":"Feature","properties":{},"geometry":{"type":"LineString","coordinates":[[-94.72625870869105,59.35803859005437],[-94.72766723747586,59.36139095968762],[-94.72936599563333,59.36142235011276],[-94.72704852771305,59.357373866628826]]}},{"type":"Feature","properties":{},"geometry":{"type":"LineString","coordinates":[[-94.73498045532217,59.3464999294012],[-94.73363619431336,59.34603447470173]]}},{"type":"Feature","properties":{},"geometry":{"type":"LineString","coordinates":[[-93.84237859107445,58.770048908348016],[-93.84149831096765,58.77062360800082]]}},{"type":"Feature","properties":{},"geometry":{"type":"LineString","coordinates":[[-93.33029673861647,58.75836336480537],[-93.3213819085535,58.759905839732355],[-93.32537726474091,58.7600449070862]]}},{"type":"Feature","properties":{},"geometry":{"type":"LineString","coordinates":[[-92.96343062454046,58.260768467452785],[-92.9597292464319,58.256832292739446]]}},{"type":"Feature","properties":{},"geometry":{"type":"LineString","coordinates":[[-90.74075062452673,57.239706106003425],[-90.7358253522451,57.23877317856135]]}},{"type":"Feature","properties":{},"geometry":{"type":"LineString","coordinates":[[-90.51301691609231,57.201135562610354],[-90.51217122271416,57.20093841544531]]}},{"type":"Feature","properties":{},"geometry":{"type":"LineString","coordinates":[[-90.4969417222906,57.1973881300687],[-90.49572451450679,57.197104375849925]]}},{"type":"Feature","properties":{},"geometry":{"type":"LineString","coordinates":[[-90.38483539938385,57.16685283571266],[-90.3844293914507,57.16567780105267]]}},{"type":"Feature","properties":{},"geometry":{"type":"LineString","coordinates":[[-96.98307664202189,51.19104013353831],[-96.982923251462,51.190947527303344]]}},{"type":"Feature","properties":{},"geometry":{"type":"LineString","coordinates":[[-96.98609286540632,51.19686582895323],[-96.98615547031758,51.19657912907559]]}},{"type":"Feature","properties":{},"geometry":{"type":"LineString","coordinates":[[-98.81653919602023,51.10941111697613],[-98.81361865287741,51.10588663929796],[-98.79405616090084,51.107692736457075],[-98.78318211002006,51.10120230180638]]}},{"type":"Feature","properties":{},"geometry":{"type":"LineString","coordinates":[[-98.82760104490494,51.10247034904847],[-98.82651994511289,51.10314868617289]]}},{"type":"Feature","properties":{},"geometry":{"type":"LineString","coordinates":[[-98.82943520460924,51.10131950374381],[-98.82842030054437,51.10195630629432]]}},{"type":"Feature","properties":{},"geometry":{"type":"LineString","coordinates":[[-98.83121427270514,51.10020322572285],[-98.83074535356022,51.100497449500054]]}},{"type":"Feature","properties":{},"geometry":{"type":"LineString","coordinates":[[-98.86090778119997,51.127865885395494],[-98.86649754751193,51.11067544101356],[-98.8634659801572,51.099602335005066],[-98.8697257551271,51.09552244410159],[-98.86419055348604,51.08382154615061],[-98.86855166005884,51.086519729377784],[-98.8655237765735,51.072101531082176],[-98.86005957754509,51.07363733369022],[-98.84876636841244,51.09415456434207]]}},{"type":"Feature","properties":{},"geometry":{"type":"LineString","coordinates":[[-98.87590135210041,51.15152204086356],[-98.87639103085556,51.14946023557874]]}},{"type":"Feature","properties":{},"geometry":{"type":"LineString","coordinates":[[-98.87116389584959,51.17146922507753],[-98.87989065396849,51.16547544254183],[-98.87557395178459,51.15290056850912]]}},{"type":"Feature","properties":{},"geometry":{"type":"LineString","coordinates":[[-98.86846677037948,51.17766417337988],[-98.87417584493596,51.186884444342326],[-98.87321596819288,51.1821310377627],[-98.877392665681,51.18520632844123],[-98.87089959833823,51.17234057337605]]}},{"type":"Feature","properties":{},"geometry":{"type":"LineString","coordinates":[[-98.8706485221074,51.17288998724584],[-98.87035713419638,51.173527612557024]]}},{"type":"Feature","properties":{},"geometry":{"type":"LineString","coordinates":[[-98.85093102020782,51.21603652081432],[-98.85133080698601,51.21516169327616]]}},{"type":"Feature","properties":{},"geometry":{"type":"LineString","coordinates":[[-98.8457925653896,51.22860473045867],[-98.85255404554341,51.220926145607905],[-98.85089548819982,51.21611427320827]]}},{"type":"Feature","properties":{},"geometry":{"type":"LineString","coordinates":[[-98.85131058424888,51.263487995560965],[-98.84552505928598,51.24819923299533],[-98.84615958357466,51.24483704697487],[-98.84968377381055,51.24533797175875],[-98.84888004488586,51.25184994701235],[-98.85393025251891,51.25663114640206],[-98.85231396738787,51.23554254858339],[-98.85009467602767,51.228656239909036],[-98.84571448733482,51.229278667352645]]}},{"type":"Feature","properties":{},"geometry":{"type":"LineString","coordinates":[[-98.89035573558789,51.25561783262385],[-98.8859751631838,51.255767551178785],[-98.88608077354135,51.25070055186593],[-98.88148257980116,51.25301142901007],[-98.88365838121156,51.25673195221807],[-98.87870786839731,51.256497551992986],[-98.87513295850835,51.25100863827046],[-98.87328626694178,51.25037275372857],[-98.8763098593536,51.25562283560459],[-98.86282357324447,51.26341414850153]]}},{"type":"Feature","properties":{},"geometry":{"type":"LineString","coordinates":[[-98.933860360089,51.22448713504705],[-98.92656917290574,51.23074343105606],[-98.91293368025391,51.23108034175771],[-98.90896305134699,51.236378135485154],[-98.91146556031718,51.24219121650774]]}},{"type":"Feature","properties":{},"geometry":{"type":"LineString","coordinates":[[-99.03742132393481,51.28417989291342],[-99.03496567498405,51.275047437381225],[-99.02705764922118,51.27235193150859],[-99.0266490601145,51.25976753001655],[-99.01946706372838,51.255214439371024],[-99.01178836211483,51.23550924862222],[-99.00638835321048,51.236274051100416],[-98.99587598046467,51.22016464108739],[-98.99348635643318,51.20798464030656],[-98.98859764078881,51.20836193100796],[-98.97723856755084,51.19353223866721],[-98.95841525884998,51.198567136591706],[-98.96077504697624,51.19223294187263],[-98.94695468236581,51.17048885141917],[-98.92822124916883,51.17690374727169],[-98.9308132601209,51.18465837183009]]}},{"type":"Feature","properties":{},"geometry":{"type":"LineString","coordinates":[[-99.10954633715798,51.36811568081988],[-99.11752246313205,51.35455954131188],[-99.11301837599072,51.353795145667675],[-99.10983974688341,51.34271554386026],[-99.10228244676435,51.3403035549141],[-99.09823046585483,51.321868948163775],[-99.09525676789802,51.320365250703915],[-99.09419104543827,51.329038936164295],[-99.09202636067297,51.326734151847525],[-99.08014645789835,51.30010854564618],[-99.08293873956939,51.29743593358692],[-99.07813188006757,51.283605040646286],[-99.07255837962678,51.28177423961391],[-99.0661972790853,51.260385836587346],[-99.064189264358,51.26438845093459],[-99.05576785263038,51.2518127410584],[-99.05668065652048,51.259981635859575],[-99.05401744869184,51.26206463700729],[-99.05257966331152,51.25804134562543],[-99.05212786296309,51.25770874563521],[-99.05128945610575,51.25765074716932],[-99.05123905948476,51.26391823447542],[-99.04594366321396,51.26439254802643],[-99.04549294639236,51.272472053137776],[-99.05349617951062,51.27602503753991],[-99.04175036453874,51.27125503283218],[-99.04069664295925,51.28311423887676]]}},{"type":"Feature","properties":{},"geometry":{"type":"LineString","coordinates":[[-99.1091962735464,51.397578368920506],[-99.10852936401747,51.40488695160608],[-99.10985065573729,51.40730905370391],[-99.11224696413174,51.408318354424104],[-99.11722196360132,51.39719503164148],[-99.11233626641307,51.39011027777816]]}},{"type":"Feature","properties":{},"geometry":{"type":"LineString","coordinates":[[-99.11708833977113,51.46331713401925],[-99.1218396660727,51.44719853095666],[-99.10810923234058,51.40016376422084]]}},{"type":"Feature","properties":{},"geometry":{"type":"LineString","coordinates":[[-99.12291242717,51.50719694137258],[-99.11734093372819,51.471737385658116]]}},{"type":"Feature","properties":{},"geometry":{"type":"LineString","coordinates":[[-99.15972556345871,51.55431870479715],[-99.15752185488908,51.537716332840226],[-99.1489102749159,51.53659015359293],[-99.14672818090719,51.5238337405402],[-99.1370879851132,51.52972307059073]]}},{"type":"Feature","properties":{},"geometry":{"type":"LineString","coordinates":[[-99.16853906280639,51.55462617803983],[-99.16991257295439,51.541070930161126],[-99.16381966769663,51.53487083048206],[-99.16006414364175,51.554528529135936]]}},{"type":"Feature","properties":{},"geometry":{"type":"LineString","coordinates":[[-99.20379808631259,51.554304486445616],[-99.1927794478111,51.531940545460046],[-99.1900063802113,51.53763684934742],[-99.18069567261998,51.53308374631384],[-99.183902142721,51.55023575262289]]}},{"type":"Feature","properties":{},"geometry":{"type":"LineString","coordinates":[[-99.21807309896019,51.561305906490375],[-99.2141074780005,51.54391644613822],[-99.20400191082307,51.554392287773204]]}},{"type":"Feature","properties":{},"geometry":{"type":"LineString","coordinates":[[-99.23144145977288,51.555371359149355],[-99.2259395515211,51.55829613333664]]}},{"type":"Feature","properties":{},"geometry":{"type":"LineString","coordinates":[[-99.26287921225625,51.53132407451867],[-99.26696137099297,51.53331933292294],[-99.27474228154658,51.52781194309778],[-99.26933787438972,51.52437163888311],[-99.26618887394513,51.504913717830426],[-99.26176374420973,51.52322884271555],[-99.24560685912552,51.53012445347776],[-99.24429463256115,51.53815518275405]]}},{"type":"Feature","properties":{},"geometry":{"type":"LineString","coordinates":[[-99.27641289333003,51.553240655500225],[-99.277981179139,51.53652622895418],[-99.27108165110933,51.53039203312425],[-99.27087076160907,51.54099824027616],[-99.26607400520889,51.538386248413964]]}},{"type":"Feature","properties":{},"geometry":{"type":"LineString","coordinates":[[-99.28405422765556,51.567714476397896],[-99.28728364181677,51.56330353071045],[-99.29595486499048,51.567876739341166],[-99.29722954650651,51.562006436379356],[-99.28574275991404,51.537267337253354],[-99.27929738630318,51.53814328847499],[-99.28009628398227,51.55697148642755]]}},{"type":"Feature","properties":{},"geometry":{"type":"LineString","coordinates":[[-99.31876932673805,51.6449828517424],[-99.31655937632186,51.63967934294002],[-99.30757527175578,51.641393544820374],[-99.310208469986,51.623830651873526],[-99.30190976412347,51.6151844415967],[-99.30606196536418,51.60656874569377],[-99.2954932750901,51.57455414736594],[-99.28664755329642,51.58372953783207],[-99.27835539404433,51.582460623194706]]}},{"type":"Feature","properties":{},"geometry":{"type":"LineString","coordinates":[[-99.3716831475257,51.62943314269338],[-99.35676906207127,51.622219355087836],[-99.35546728124105,51.602576643857034],[-99.34870647629606,51.603091450548824],[-99.34148716937187,51.61660903903171],[-99.33298185696844,51.61884535341879],[-99.32832142087213,51.64392359292489]]}},{"type":"Feature","properties":{},"geometry":{"type":"LineString","coordinates":[[-99.40910803445102,51.64818062497638],[-99.4041490517206,51.642458655737805],[-99.4145112843857,51.63219465248287],[-99.41376254926352,51.6261234488888],[-99.40400304569613,51.63091844239264],[-99.39273746167434,51.62467604246473],[-99.38091152414272,51.63464973535953]]}},{"type":"Feature","properties":{},"geometry":{"type":"LineString","coordinates":[[-99.4251696755961,51.64082878096388],[-99.41563128678753,51.644076106652285]]}},{"type":"Feature","properties":{},"geometry":{"type":"LineString","coordinates":[[-99.44370959585254,51.64595296347865],[-99.44339639598434,51.63301006169797],[-99.4305904796146,51.63350353110065],[-99.4255916300659,51.64092108350415]]}},{"type":"Feature","properties":{},"geometry":{"type":"LineString","coordinates":[[-100.58378459455282,53.001355476220596],[-100.54328163574417,53.00134909063426]]}},{"type":"Feature","properties":{},"geometry":{"type":"LineString","coordinates":[[-97.1100646612562,49.92598915038909],[-97.12664031856794,49.913238315738504]]}},{"type":"Feature","properties":{},"geometry":{"type":"LineString","coordinates":[[-96.81961501984539,49.930046202778534],[-97.04434079068844,49.93107739265423],[-97.04810549440242,49.922397703534756],[-97.05243630450333,49.922452501770785],[-97.07134029183989,49.92948779767726],[-97.07718141424368,49.924871495099204],[-97.11018156868339,49.93664938273888],[-97.1100646612562,49.92598915038909]]}},{"type":"Feature","properties":{},"geometry":{"type":"LineString","coordinates":[[-97.02633632109111,49.79857885689217],[-96.9602595913823,49.826979947008866],[-96.95380971369681,49.83382874942449],[-96.95376279265905,49.85667280365284],[-96.82083900280819,49.85622669324193],[-96.81961501984539,49.930046202778534]]}},{"type":"Feature","properties":{},"geometry":{"type":"LineString","coordinates":[[-97.10860724631699,49.902694220451274],[-97.10563253317959,49.898968804643744],[-97.04256424340068,49.889050790799054],[-97.0436319927007,49.88352638874141],[-97.0269705843467,49.87698339453773],[-97.02633632109111,49.79857885689217]]}},{"type":"Feature","properties":{},"geometry":{"type":"LineString","coordinates":[[-97.12664031856794,49.913238315738504],[-97.10860724631699,49.902694220451274]]}},{"type":"Feature","properties":{},"geometry":{"type":"LineString","coordinates":[[-96.81961501984539,49.930046202778534],[-96.81913220519515,50.06284208739414]]}},{"type":"Feature","properties":{},"geometry":{"type":"LineString","coordinates":[[-97.18387300801929,49.97546110874115],[-97.16102868444176,49.97541590102921],[-97.16100980801173,49.97042350864397],[-97.13868861084563,49.96327800259057],[-97.160014388731,49.939105413515826],[-97.1100646612562,49.92598915038909]]}},{"type":"Feature","properties":{},"geometry":{"type":"LineString","coordinates":[[-97.1839181867405,50.063853792789516],[-97.18387300801929,49.97546110874115]]}},{"type":"Feature","properties":{},"geometry":{"type":"LineString","coordinates":[[-98.55993857247277,50.235568872546246],[-98.56033909069201,49.88692230857535],[-98.43772378027025,49.88694119685796],[-98.43784236259344,49.87213088765913],[-98.40217372874444,49.870749438088886],[-98.40098124335492,49.87580172654987],[-98.41603096113273,49.88413076286152],[-98.4150924507627,49.89069718759633],[-98.40676238618768,49.89307449431266],[-98.39484725470581,49.888159806935874],[-98.400042228155,49.8785428174115],[-98.38564069203122,49.886942605476115],[-98.36930311739586,49.88689499326589],[-98.36944179067788,49.79818409154975],[-98.41479317889733,49.7984668665662],[-98.41451560658284,49.531702111016855],[-98.54510249429819,49.53272998930317],[-98.54556136777974,49.53965604362759],[-98.55060501770934,49.539976007763336],[-98.56857630039389,49.53976980763202],[-98.56939352024017,49.53268457089386],[-98.73270999237981,49.5324789128222]]}},{"type":"Feature","properties":{},"geometry":{"type":"LineString","coordinates":[[-97.23429280599048,49.81448368731298],[-97.4538445472024,49.805645044581595],[-97.44411542807762,49.92329533566145],[-97.47052475155084,49.92355353412519],[-97.49891471088416,49.949429445423625],[-97.5230275442079,49.9604729447828],[-97.52822636375215,49.96810589790819],[-97.55784853810165,49.982915491386045],[-97.5621769880968,49.99016670009653],[-97.57373638426758,49.990246594082244],[-97.57380950705935,49.9942548283613],[-97.58589143154933,49.99779497069422],[-97.60257581905694,50.01233259194368],[-97.62542393659764,50.01233557785847],[-97.63128621787426,50.01970430160375],[-97.64256699559098,50.01970879835219],[-97.65190419765294,49.99642470335768],[-97.69696945957557,50.0299316366592],[-97.7335612502187,50.043333865573366],[-97.73509119695002,50.06380348943926]]}},{"type":"Feature","properties":{},"geometry":{"type":"LineString","coordinates":[[-97.21945731308482,49.800497690387786],[-97.21938994433656,49.814706175217346],[-97.23429280599048,49.81448368731298]]}},{"type":"Feature","properties":{},"geometry":{"type":"LineString","coordinates":[[-97.21987008887744,49.7136374914303],[-97.21934359941963,49.753250087575616],[-97.21374899443423,49.75361369602138],[-97.21385638928902,49.79730881074568],[-97.21945731308482,49.800497690387786]]}},{"type":"Feature","properties":{},"geometry":{"type":"LineString","coordinates":[[-97.32493588112587,49.00058907166918],[-97.32456800993079,49.08914969323021],[-97.45971891030958,49.088675699188904],[-97.45944039917042,49.2660692966936],[-97.36897511241129,49.266140809352265],[-97.36853835469982,49.3251689073392],[-97.32507999635838,49.32518258337237],[-97.33626177165792,49.332854235190986],[-97.33469615577818,49.348452640848095],[-97.34554856335201,49.34879293880763],[-97.35027531055765,49.35432649724178],[-97.18797250095555,49.354804492134946],[-97.18786748162383,49.487560494819824],[-97.18294128134968,49.48758409057813],[-97.18296748564268,49.50237920864765],[-97.1764668531542,49.50235887049243],[-97.17664936919215,49.5244457525739],[-97.16557970365709,49.524518003088566],[-97.15996548284454,49.53193405398301],[-97.25414458028969,49.531866298233986],[-97.25403779477794,49.54688700161546],[-97.24793962221901,49.5467330815172],[-97.24784507481573,49.553797195595585],[-97.23696946578457,49.55386106241792],[-97.23686197434279,49.56140606492618],[-97.22557659002511,49.56142641947188],[-97.2256510001758,49.57639190520783],[-97.21395929593002,49.57455680998424],[-97.21359121805041,49.58350159873506],[-97.19662150259319,49.58370610391411],[-97.19655641109156,49.5910992866791],[-97.19100509848937,49.591165590993896],[-97.18538148859696,49.60585699189297],[-97.18011100532168,49.60587040473698],[-97.18062009972263,49.620624506491936],[-97.16263818372751,49.62061939105305],[-97.16264399541252,49.649908410216774],[-97.16828670040562,49.650168709810615],[-97.16824551412608,49.664920391254924],[-97.16265410697571,49.665092694192765],[-97.1627424997055,49.70804844213051],[-97.20853979554556,49.69564011200257],[-97.20896468909118,49.70897770336671],[-97.21995491223826,49.709237110343764],[-97.21987008887744,49.7136374914303]]}},{"type":"Feature","properties":{},"geometry":{"type":"LineString","coordinates":[[-97.0486629027358,49.7925128030788],[-97.04843285585649,49.782790317109274],[-97.0432965002672,49.77985119288724],[-97.08365398138073,49.76235566846456],[-97.08206575035452,49.75327245490836],[-97.12856588949182,49.73794566678892],[-97.12832729006567,49.74548803912047],[-97.21987008887744,49.7136374914303]]}},{"type":"Feature","properties":{},"geometry":{"type":"LineString","coordinates":[[-97.02633632109111,49.79857885689217],[-97.0486629027358,49.7925128030788]]}},{"type":"Feature","properties":{},"geometry":{"type":"LineString","coordinates":[[-101.67160376760636,53.001253123991205],[-101.67158804145535,52.66726057826497],[-101.63770525871651,52.66727392819369],[-101.63781265104973,52.318149464319056],[-101.60905476166924,52.31815802052648],[-101.60951818960639,51.96857779965806],[-101.57755508400514,51.96851810397225],[-101.57734897625353,51.654935215942224],[-101.57051507292397,51.65492175096229],[-101.57054393736759,51.30187588819215],[-101.53912744994662,51.301721215359706],[-101.53898869893352,50.94849531197157],[-101.50869461731354,50.948485130731854],[-101.5087288232693,50.59439335145761],[-101.47699491379569,50.594387506551215],[-101.47690022207743,50.48536376836904]]}},{"type":"Feature","properties":{},"geometry":{"type":"LineString","coordinates":[[-98.84779757832185,50.86906843853052],[-98.84779326053139,50.86907683315852]]}},{"type":"Feature","properties":{},"geometry":{"type":"LineString","coordinates":[[-101.47690022207743,50.48536376836904],[-101.47672111132786,50.24050443348181],[-101.44715800144127,50.24052438498598],[-101.4473060045981,50.064000264596054]]}},{"type":"Feature","properties":{},"geometry":{"type":"LineString","coordinates":[[-97.10860724631699,49.902694220451274],[-97.13054401425772,49.89868498144732],[-97.12691085200586,49.88585982558278]]}},{"type":"Feature","properties":{},"geometry":{"type":"LineString","coordinates":[[-97.1430358674968,49.822051515558385],[-97.14031026143809,49.814377888648366],[-97.13031106430303,49.813654058047355],[-97.11310061446952,49.82024620055074],[-97.11490549634142,49.830682993743665],[-97.0928125042018,49.83837210333873],[-97.05717568668072,49.78883718918837],[-97.0486629027358,49.7925128030788]]}},{"type":"Feature","properties":{},"geometry":{"type":"LineString","coordinates":[[-97.12691085200586,49.88585982558278],[-97.13677113784895,49.871646234357975],[-97.1125065574344,49.86750234672909],[-97.11994690241698,49.8578267259965],[-97.14546541946567,49.851950169464274],[-97.13053873157135,49.85214903571914],[-97.11937830665687,49.84459654564667],[-97.13719679453607,49.84243808852487],[-97.13123828887039,49.83355515284615],[-97.14749727110683,49.83129587110107],[-97.1430358674968,49.822051515558385]]}},{"type":"Feature","properties":{},"geometry":{"type":"LineString","coordinates":[[-97.12664031856794,49.913238315738504],[-97.15432059453033,49.92215831202955],[-97.16074334995918,49.91370755434646],[-97.22961617847884,49.933005386158015]]}},{"type":"Feature","properties":{},"geometry":{"type":"LineString","coordinates":[[-97.2029292656436,49.8768535216119],[-97.16365037590232,49.87863358803288],[-97.1545975105493,49.87374719055647],[-97.15390152511509,49.88104907520995],[-97.12691085200586,49.88585982558278]]}},{"type":"Feature","properties":{},"geometry":{"type":"LineString","coordinates":[[-97.22961617847884,49.933005386158015],[-97.22956598218647,49.9165046020723],[-97.21143178686499,49.91189969205642],[-97.21211199644843,49.90166889324903],[-97.21696463403421,49.899810081243835],[-97.21923996032547,49.873474201979626],[-97.2029292656436,49.8768535216119]]}},{"type":"Feature","properties":{},"geometry":{"type":"LineString","coordinates":[[-97.18387300801929,49.97546110874115],[-97.22938190747789,49.97550819681541],[-97.22961617847884,49.933005386158015]]}},{"type":"Feature","properties":{},"geometry":{"type":"LineString","coordinates":[[-97.1430358674968,49.822051515558385],[-97.21945731308482,49.800497690387786]]}},{"type":"Feature","properties":{},"geometry":{"type":"LineString","coordinates":[[-97.2029292656436,49.8768535216119],[-97.20759352081022,49.84760916235113],[-97.23160988622523,49.84532372830514],[-97.23429280599048,49.81448368731298]]}},{"type":"Feature","properties":{},"geometry":{"type":"LineString","coordinates":[[-110.00560668207098,54.238690127286475],[-110.00516260005794,52.85733784558251]]}},{"type":"Feature","properties":{},"geometry":{"type":"LineString","coordinates":[[-110.00569222639346,54.64980750009642],[-110.00560668207098,54.238690127286475]]}},{"type":"Feature","properties":{},"geometry":{"type":"LineString","coordinates":[[-107.3530112716307,54.14935532074434],[-107.95458228252488,54.15059435723991],[-107.9518238321567,54.41340632948815],[-107.96894499225611,54.41357572656262],[-107.9700442410809,54.58725507919485],[-108.42376549027698,54.587278715688534],[-108.42339514988838,54.67424962006509],[-108.59882865021972,54.674979997608894],[-108.59964983683095,54.588014153846025],[-108.64825445879161,54.587970532327],[-108.64886399164352,54.515817256831674],[-108.80189335765358,54.51582780050966],[-108.80215161719879,54.486134111588065],[-109.15485773032954,54.485190759002016],[-109.15441496212244,54.49989061373087],[-109.53208438614338,54.50018543714546],[-109.532416978383,54.51428786792911],[-109.60737221159101,54.51451684439507],[-109.60840476319495,54.528815163213025],[-109.63317760398971,54.52869373089003],[-109.63345459549998,54.558258896823595],[-109.7840611071421,54.5578797208232],[-109.78431298738471,54.5852898349081],[-109.85916409223358,54.58562025542693],[-109.8593052260439,54.60189881134132],[-109.88434063832001,54.60200520391151],[-109.88366492771259,54.61486500174705],[-109.89650108501839,54.61518556303678],[-109.89818525187951,54.630804571284905],[-109.9116394876315,54.6308741712254],[-109.91152554849694,54.645204594319395],[-109.93566335667488,54.645131555138015],[-109.93579635944934,54.65045508637773],[-110.00569222639346,54.64980750009642]]}},{"type":"Feature","properties":{},"geometry":{"type":"LineString","coordinates":[[-107.02566488056917,53.192368877255596],[-107.02620321410255,53.36647140435883],[-107.03804711228703,53.36645850973353],[-107.03862168171831,53.453350408298505],[-107.18537498241731,53.45343570968911],[-107.18519515577549,53.5497234165981],[-107.20573776043237,53.54999600875588],[-107.20606845031782,53.63431396861829],[-107.2186525892677,53.634410470612245],[-107.21864879261892,53.67808751300551],[-107.18512704422999,53.67783972945506],[-107.18531815201851,53.71520303488027],[-107.71788691265131,53.7141825841348],[-107.71693222230633,53.74446748947511],[-107.72410570403827,53.749858896185636],[-107.71571351143142,53.75007694872005],[-107.71687820133953,53.75878193148566],[-107.74180580754116,53.75886211816805],[-107.75441760474965,53.757193723825644],[-107.7549538090462,53.753524201614],[-107.73294516700518,53.751184646900846],[-107.73435619915382,53.729774804689455],[-107.76720448593446,53.73299721368574],[-107.7793160360104,53.725986958073655],[-107.77351802727561,53.72273795714592],[-107.74892457351963,53.72622090007378],[-107.74566361883838,53.72247911351504],[-107.75190332482698,53.71514058043625],[-107.77030618446541,53.71502288024165],[-107.76598594080575,53.722568838727234],[-107.77552292286731,53.714828087569266],[-107.93995667936257,53.71522528733873],[-107.93986375601644,53.802374051225364],[-107.79125735559695,53.802264241594145],[-107.79149746373237,53.97690481322082],[-107.34496713919216,53.976581398658944],[-107.34362718499429,54.06340371747779],[-107.353656314338,54.06344093228706],[-107.3530112716307,54.14935532074434]]}},{"type":"Feature","properties":{},"geometry":{"type":"LineString","coordinates":[[-108.16249970116048,52.37683100441001],[-108.059136104609,52.37682038625384],[-108.01791929194566,52.36238650391661],[-107.97163957490444,52.36243681415592],[-107.97106581038312,52.52220882556416],[-107.99474967567471,52.522214981584824],[-107.99493026686172,52.57224136007852],[-107.95190688711725,52.574625617540896],[-107.87535580823734,52.566968124342054],[-107.87524992144272,52.667644999967344],[-107.89069221622273,52.66762880640536],[-107.89082969286623,52.92937705577312],[-107.74544943175407,52.92981632742157],[-107.74587207089354,53.01641475965622],[-107.76004809988878,53.01638069251719],[-107.76005879334151,53.190774807656595],[-107.62676532075956,53.192230898708026],[-107.63488352465679,53.19939847415994],[-107.60999583871465,53.19961219547096],[-107.61001221688528,53.19231288641641],[-107.02566488056917,53.192368877255596]]}},{"type":"Feature","properties":{},"geometry":{"type":"LineString","coordinates":[[-110.00494638756538,52.40494801203028],[-108.72719085812844,52.40569481377423],[-108.72706918668263,52.39819546921825],[-108.67805876279267,52.39839220630804],[-108.67808000953889,52.405727691722234],[-108.16232090657859,52.40595548580068],[-108.16249970116048,52.37683100441001]]}},{"type":"Feature","properties":{},"geometry":{"type":"LineString","coordinates":[[-110.00516260005794,52.85733784558251],[-110.00494638756538,52.40494801203028]]}},{"type":"Feature","properties":{},"geometry":{"type":"LineString","coordinates":[[-104.59782084036844,52.666879860863695],[-104.61666206241891,52.66702907365824],[-104.61595847775716,52.848533306106155],[-104.62862376462748,52.84851842966479],[-104.62856793522553,52.85636477584208],[-104.64014539372447,52.85637250409463],[-104.64012898589728,52.874580693841835],[-104.61598499443116,52.87450089911766],[-104.61618570050874,52.92917661173076],[-104.92746221987348,52.92915400267151],[-104.92748410091309,52.933900502975575],[-105.0737773796189,52.93371323586158],[-105.07386846286865,52.97777245957917],[-105.22060158959243,52.97849461448243],[-105.22018729172059,52.92920579763225],[-105.7939213077109,52.929202995580084],[-105.81248439703414,52.923699548368646],[-105.83614718856536,52.92487601606222],[-105.85790514928398,52.91447083692229],[-105.89791356789851,52.911265421578754],[-105.9247429113894,52.901154333541],[-105.93974750162936,52.913755645649665],[-105.96420374923483,52.91227969344825],[-105.9867929976265,52.91834488066619],[-106.00336543453842,52.91334438322923],[-106.00412867010463,52.97787256551083],[-106.052702611254,52.97788189776981],[-106.05304790157159,52.96333079327195],[-106.12520099039443,52.963252325282006],[-106.12624546073428,52.99273772734023],[-106.10192030251785,52.99257375988672],[-106.10201740770849,53.00733961178726],[-106.12405857992388,53.00496679970856],[-106.13556808831706,53.00853430851785],[-106.13665278538991,53.01407970778617],[-106.15578789948893,53.021707505240556],[-106.16686791112974,53.04002858913134],[-106.21504210042407,53.0250723905959],[-106.25102090671015,53.02455559195517],[-106.29359338738418,53.01670130742571],[-106.3952749385814,53.01671168027857],[-106.38279611028965,53.03311024864993],[-106.28977642059147,53.085244790527945],[-106.26814494607802,53.10353550768087],[-106.44150089490022,53.1040925017807],[-106.44233221807416,53.19139339569624],[-106.71069222478134,53.19189689181323],[-106.7107736013643,53.184345630657454],[-106.72325059489334,53.18421899012304],[-106.72399508913496,53.10433639845772],[-106.80858506373218,53.10425445034203],[-106.86748670576516,53.10461417288172],[-106.86858062593551,53.17722467343963],[-106.94060391081051,53.177400681983734],[-106.94036673574351,53.19199715798413],[-107.02566488056917,53.192368877255596]]}},{"type":"Feature","properties":{},"geometry":{"type":"LineString","coordinates":[[-104.57801307850728,52.14389696085482],[-104.57787469437982,52.31843218954462],[-104.5968883103322,52.31842671130722],[-104.59782084036844,52.666879860863695]]}},{"type":"Feature","properties":{},"geometry":{"type":"LineString","coordinates":[[-106.75457508861815,51.88158550383772],[-106.74652911825017,51.899625244884994],[-106.77452583605316,51.919987665963525],[-106.75074343260539,51.92821489504508],[-106.74687643272368,51.93536922913515],[-106.79820504881678,51.952492024490034],[-106.80299281440938,51.95654042783404],[-106.80210136264049,51.96280521001457],[-106.79547192579031,51.96899622133484],[-106.42939848728713,51.96914200162761],[-106.4293309118189,51.88186899028994],[-106.00468637505888,51.88182653444435],[-106.00275558186893,52.14384169981495],[-105.15364529861903,52.14379649352068],[-105.1478788046085,52.11466479051902],[-105.1231834079387,52.114576302652516],[-105.05185830402709,52.1146382999969],[-105.05181911328033,52.14377729366666],[-104.57801307850728,52.14389696085482]]}},{"type":"Feature","properties":{},"geometry":{"type":"LineString","coordinates":[[-108.16249970116048,52.37683100441001],[-108.16246849343823,52.31841929627704],[-108.14516588482641,52.318424713240155],[-108.14537849906299,52.23097869719521],[-107.71474369095449,52.23089058871737],[-107.71633212151623,52.143512938314174],[-107.28897501876654,52.14383570713094],[-107.28841920478936,51.96899015311465],[-107.27964430106069,51.96899339430157],[-107.27961199545342,51.881692203694136],[-106.75457508861815,51.88158550383772]]}},{"type":"Feature","properties":{},"geometry":{"type":"LineString","coordinates":[[-106.6057243761564,52.20780614157066],[-106.57509160963427,52.20206430917354],[-106.57511114529746,52.19446369501309],[-106.53894103319898,52.19454774848737],[-106.5391480030045,52.18648511472619],[-106.52742852791904,52.186297674945315],[-106.52744010260828,52.18014020758189],[-106.51578189064844,52.18012774765901],[-106.5158584021251,52.17291107806723],[-106.50371920774764,52.172919195658764],[-106.50373231068146,52.14381361067174]]}},{"type":"Feature","properties":{},"geometry":{"type":"LineString","coordinates":[[-106.70028042057452,52.09327080149232],[-106.72949555282266,52.08561285655094],[-106.73063535276151,52.092784007409534],[-106.7416232289719,52.09297416669574],[-106.74146529972981,52.09680620780644],[-106.72535468455122,52.09993081495727],[-106.7892889483236,52.099985656836736],[-106.79038562398316,52.10742936002603],[-106.80246832298484,52.107746704827896],[-106.80227252480442,52.114778545852126],[-106.7892687218434,52.11477530992417],[-106.78926847090885,52.12188398668005],[-106.82396048145687,52.122107960803724],[-106.82439136303685,52.15089007219101],[-106.76549133007859,52.150464701395755],[-106.76547897921937,52.158552270517596],[-106.7118286167455,52.15860437178486],[-106.71157190936898,52.17298027964663],[-106.7297483080782,52.172981411635135],[-106.7299034100126,52.18494735307023],[-106.71784141712486,52.18751980238652],[-106.69578717233456,52.18729605720485],[-106.69412865717948,52.180232420206394],[-106.67027146659777,52.18060555929967],[-106.7173877939861,52.21104859845922],[-106.71779337496471,52.22446319792321],[-106.70660119043416,52.22428714616064],[-106.70649848575816,52.23121667044007],[-106.6712624169594,52.23121369183544],[-106.67186688008526,52.20209039538289],[-106.66711959196749,52.212488901505544],[-106.63385513391282,52.23005483313488],[-106.63385107818556,52.222986300033696],[-106.61119887040002,52.22310740300273],[-106.61126131357271,52.23114830041728],[-106.5995984034824,52.23118156504444],[-106.59883099471567,52.2181111796526],[-106.60404127621706,52.216162804809606],[-106.59906358695235,52.216072553807926],[-106.6057243761564,52.20780614157066]]}},{"type":"Feature","properties":{},"geometry":{"type":"LineString","coordinates":[[-106.50373231068146,52.14381361067174],[-106.50370505246583,52.12265586737383],[-106.50768060981962,52.122692645408335],[-106.50791290702382,52.11468493699569],[-106.52755946539136,52.111539389784554],[-106.53178090462954,52.09547356953058],[-106.51741047236838,52.086143360155276],[-106.59833852687922,52.0895706118479],[-106.59851154158315,52.08552863491567],[-106.60433159532883,52.08545720078113],[-106.60287248008528,52.06952608584308],[-106.64653574154798,52.08147289700419],[-106.64650820506313,52.070997892484954],[-106.67034896757484,52.07062958595754],[-106.67041824663907,52.089434401322585],[-106.70028042057452,52.09327080149232]]}},{"type":"Feature","properties":{},"geometry":{"type":"LineString","coordinates":[[-110.00000001796556,59.99999999930512],[-109.99977333107931,59.3201354563894]]}},{"type":"Feature","properties":{},"geometry":{"type":"LineString","coordinates":[[-102.03383671471228,60.00002867763356],[-110.00000001796556,59.99999999930512]]}},{"type":"Feature","properties":{},"geometry":{"type":"LineString","coordinates":[[-103.62826744719793,53.62840388901502],[-103.55775357817589,53.63828515518285],[-103.4246108312378,53.642143123086306],[-103.39677615576427,53.65958426911179],[-103.40097622988324,53.68016341971962],[-103.39108006668788,53.686350407467344],[-103.32017318236328,53.69495522599774],[-103.30703960937683,53.70125335995896],[-103.29873041005594,53.71191213428613],[-103.28769630344539,53.71509355213286],[-103.22971003161064,53.71579390499274],[-103.20591511746231,53.729343137312654],[-103.15727710877759,53.71951830048278],[-103.11373448010706,53.73274657690755],[-103.08887953763963,53.747950582580145],[-103.07609770834136,53.7632493662387],[-103.03836467729525,53.78305171087679],[-103.03552608536826,53.36560925980408],[-103.02610697263168,53.365593248114216],[-103.0251227263984,53.29796430796868],[-103.01173273443305,53.29975436245141],[-103.0020313738596,53.27544644530033],[-102.98151647073786,53.265596555257765],[-102.98737606658028,53.258124055187466],[-102.97827067285192,53.24455304009121],[-102.97116776085709,53.241874350713],[-102.96841206311801,53.23079114041789],[-102.95083047901232,53.2240429512957],[-102.91461381460654,53.19260563295346],[-103.02673429352242,53.19160583950317],[-103.02300878045727,52.92981212103148],[-102.39582225318354,52.92940879549918],[-102.35269043634833,52.98686369360747],[-102.33060798111859,53.00436069062283],[-102.3056935877386,53.051798497197055],[-102.28714221328296,53.05467678936279],[-102.2501107150401,53.08167490314246],[-102.22111208690482,53.12517959621083],[-102.18932140843059,53.15667899627259],[-102.16663099246522,53.1874879900491],[-102.1420951830878,53.206136105432165],[-102.11095460470511,53.2595543054938],[-102.09753539647078,53.29779600825271],[-102.08552320832288,53.39121109036268],[-102.0764001119595,53.40228210551221],[-102.07402861886976,53.42016339130502],[-102.08357309596832,53.46980880154145],[-102.08663118431424,53.522801793996614],[-102.10238741048053,53.535351209581975],[-102.10890188668583,53.54894299950966],[-102.11983471627875,53.555366486887834],[-102.12524109634009,53.585628508973386],[-102.10683057881744,53.60205319490895],[-102.10139329157994,53.62205439368078],[-102.08287379539821,53.62565949261918],[-102.05358300829207,53.61880889525837],[-102.03794378033847,53.62745960382451],[-102.01370079283105,53.62545398979588],[-102.00666029551515,53.639221079675686],[-102.00660438423134,53.62890739331197],[-101.98753570623616,53.62890210763633],[-101.98752289161511,53.639740290560795],[-101.96073600284711,53.63973001091294],[-101.96503280854343,53.64221248738598],[-101.93779439239712,53.65971521214011],[-101.93482869857937,53.67886321356775],[-101.91016618805817,53.68075140636119],[-101.88869999615481,53.674491587910666],[-101.85518521157357,53.68765948932414],[-101.8375979167002,53.70981156679257],[-101.77066399919592,53.71091002638891]]}},{"type":"Feature","properties":{},"geometry":{"type":"LineString","coordinates":[[-107.3530112716307,54.14935532074434],[-106.75139129241963,54.14884894635359],[-106.75289338592971,54.32494286308533],[-106.5909476534844,54.32596665826694],[-106.5927821598098,54.340056145584384],[-106.58698796167297,54.34514185792281],[-106.57756687819989,54.33927684643867],[-106.58506388815677,54.333032448889846],[-106.55251462032221,54.32615243527721],[-106.01418688234806,54.32905760471462],[-105.99999991004226,54.31222491068616],[-106.00406363653399,53.97629600700692],[-105.1267104876493,53.977549196833095],[-105.12974823584098,53.80214549145314],[-103.64281810999742,53.80154919433112],[-103.64154920981439,53.71434374657818],[-103.62713322092269,53.71391674487075],[-103.62826744719793,53.62840388901502]]}},{"type":"Feature","properties":{},"geometry":{"type":"LineString","coordinates":[[-110.00025132083603,58.973915814356246],[-110.00000001695902,56.28715035191512],[-110.00581396270084,56.28216442588341],[-110.00000000316699,56.24255510712491],[-110.00006204876429,55.33123244788719],[-110.00569222639346,54.64980750009642]]}},{"type":"Feature","properties":{},"geometry":{"type":"LineString","coordinates":[[-104.48439347492896,51.88144678243974],[-104.5567133024724,51.881641095516834],[-104.55541378535112,51.96913799126239],[-104.57800578379582,51.969131207095764],[-104.57801307850728,52.14389696085482]]}},{"type":"Feature","properties":{},"geometry":{"type":"LineString","coordinates":[[-104.64080641370867,50.508102807228596],[-104.64097830564077,50.54306920511211],[-104.61818982117161,50.542565009904244],[-104.61576128394019,50.77849909473905],[-104.56800829989767,50.81039158867248],[-104.55745141694557,50.82358949943142],[-104.50063371857553,50.86609399201107],[-104.50096346310328,50.92110396550693],[-104.51935130584258,50.921118105781595],[-104.51924231213592,51.270455207992455],[-104.53783429590669,51.27047611276117],[-104.53787698086677,51.612303937627516],[-104.53832261007223,51.61983635001406],[-104.55710860256,51.61984548031929],[-104.55689398179562,51.785446617410855],[-104.5238885831269,51.79449274225325],[-104.52175726276396,51.80265143992315],[-104.52742086385152,51.814846040066314],[-104.54807678567639,51.813719746566576],[-104.52826599083257,51.817282556807776],[-104.53294117886497,51.822243538111756],[-104.53188476107562,51.840163550707466],[-104.52854586243376,51.833699864777145],[-104.52184678316884,51.83345384510971],[-104.50607589848286,51.840939859805474],[-104.49169338172923,51.85868674596099],[-104.4970491625053,51.867121659406195],[-104.48439347492896,51.88144678243974]]}},{"type":"Feature","properties":{},"geometry":{"type":"LineString","coordinates":[[-104.61795093804012,50.397410503251784],[-104.68675469740168,50.39687950779937],[-104.68685505337794,50.443576208436895],[-104.70968075650319,50.44520925085012],[-104.70969819540133,50.45511739016251],[-104.72171731667417,50.45510961349299],[-104.7208951537133,50.44012918385515],[-104.77839806661952,50.43439802357878],[-104.77840289993087,50.46953702376516],[-104.75544748770311,50.469496027648724],[-104.75555864568537,50.48413688268158],[-104.72107861374326,50.484216884133644],[-104.72100163266364,50.513346041875266],[-104.6893399803605,50.51336988679938],[-104.68687219708171,50.52148375522872],[-104.65998771575953,50.521651408767305],[-104.64080641370867,50.508102807228596]]}},{"type":"Feature","properties":{},"geometry":{"type":"LineString","coordinates":[[-104.49871577106536,50.40597219218845],[-104.50526968446258,50.40911899789373],[-104.50341492417846,50.41204325020335],[-104.51313642409474,50.41288769508128],[-104.52614357549457,50.40415985893243],[-104.52627991535437,50.412063884425706],[-104.5482668993058,50.41215734135216],[-104.55071093794062,50.41690782860728],[-104.55698541950244,50.41313339621794],[-104.57184450608838,50.41513595985054],[-104.57217161509148,50.39689228773598],[-104.61795093804012,50.397410503251784]]}},{"type":"Feature","properties":{},"geometry":{"type":"LineString","coordinates":[[-104.48049497875827,50.39678619940203],[-104.49871577106536,50.40597219218845]]}},{"type":"Feature","properties":{},"geometry":{"type":"LineString","coordinates":[[-106.41051818016061,49.78553119947527],[-104.44547284746997,49.7845954545699],[-104.44534120320971,49.87212820141664],[-104.46343258945984,49.872150403673416],[-104.46342911551234,50.222001003593185],[-104.48053131191048,50.22199781187976],[-104.48049497875827,50.39678619940203]]}},{"type":"Feature","properties":{},"geometry":{"type":"LineString","coordinates":[[-106.75457508861815,51.88158550383772],[-106.75411368865898,51.87164571407756],[-106.73121526228894,51.841448674996556],[-106.73206864468625,51.81936914760964],[-106.7670789653208,51.790024076224064],[-106.79033049942069,51.74758037727538],[-106.79842166784844,51.72320368179037],[-106.8417930571805,51.69827386420275],[-106.95539784693378,51.668401324428515],[-106.97653110769363,51.652920695496185],[-107.00444611120129,51.616578505828976],[-107.04914324208302,51.58929080047121],[-107.06868429324606,51.56271013851893],[-107.06836815909338,51.512370879891506],[-107.0728586355615,51.48765496638884],[-107.08913023856964,51.44601994531701],[-107.07876677020636,51.42618186094128],[-106.99962256554416,51.402485056518486],[-106.98972889270314,51.38774414506396],[-106.98303369706129,51.356140559353406],[-106.96178148629501,51.32175020152399],[-106.92526288913218,51.31401252356219],[-106.8614352555849,51.2731630990867],[-106.84758972895456,51.25662478218101],[-106.84065519359595,51.23714253116887],[-106.8107980722194,51.188437739127274],[-106.78908993688268,51.16772296027837],[-106.74388063584551,51.13858769067929],[-106.64331726730616,51.11219655794071],[-106.63258842192121,51.10607560090922],[-106.62950768282104,51.097529950446045],[-106.63428656186427,51.09073445916034],[-106.6847034909145,51.07319445880275],[-106.71752252430885,51.051244289085076],[-106.86301203535592,51.030385172190655],[-106.87591253889099,51.02494313454858],[-106.89256702266226,51.00945225187303],[-106.9165360294341,50.92434553320402],[-106.92959061076688,50.911120567698575],[-106.96554991331746,50.89216023484756],[-106.97675252287964,50.87991745056255],[-106.97350495105233,50.864156672393285],[-106.95281317954165,50.84540193604195],[-106.9493175941,50.83637525963862],[-106.97372785905311,50.80932282439321],[-106.9753784107671,50.65955531091988],[-106.83474610201755,50.65997572324458],[-106.83583658409103,50.57205970252515],[-106.82923391183589,50.57208700355097],[-106.82994774935611,50.222606950249585],[-106.82395318744776,50.22255780100289],[-106.82413339968211,49.872865003914676],[-106.8180404000327,49.872874123106264],[-106.81710898532397,49.7854083078271],[-106.41051818016061,49.78553119947527]]}},{"type":"Feature","properties":{},"geometry":{"type":"LineString","coordinates":[[-104.59782084036844,52.666879860863695],[-103.74517881064014,52.6673203923685],[-103.74477252013708,53.01640230793145],[-103.75830798362614,53.01901660335938],[-103.75828457725595,53.05906592947586],[-103.74551844994134,53.06724106642226],[-103.75827510813986,53.06925373766257],[-103.75832509789271,53.36549910565723],[-103.77443611390635,53.36550380087163],[-103.77462753427038,53.51398113985284],[-103.75582627753691,53.53065769190274],[-103.70274068399935,53.53385517519024],[-103.67406666353847,53.54635272478746],[-103.67371722096728,53.5602035784818],[-103.68942703144451,53.57674603223233],[-103.69324748718205,53.58966378442258],[-103.68780369211588,53.60439904570224],[-103.6778224233281,53.612265601968936],[-103.62826744719793,53.62840388901502]]}},{"type":"Feature","properties":{},"geometry":{"type":"LineString","coordinates":[[-104.61801379132828,50.4472351922332],[-104.64289449531275,50.44715453053082],[-104.64134199764669,50.47089910460506],[-104.66675781055685,50.471658103978626],[-104.66383869162675,50.49579680356737],[-104.64099138035186,50.49671789271347],[-104.64080641370867,50.508102807228596]]}},{"type":"Feature","properties":{},"geometry":{"type":"LineString","coordinates":[[-104.61795093804012,50.397410503251784],[-104.61801379132828,50.4472351922332]]}},{"type":"Feature","properties":{},"geometry":{"type":"LineString","coordinates":[[-103.24352935692377,50.529421684743376],[-103.24351908108444,50.57171888905554],[-103.25269551476232,50.57181200462244],[-103.25272159752622,50.59171598750088],[-103.26122681668053,50.5917263944975],[-103.26118371705655,50.844360304764436],[-103.15660002734391,50.862516347269576],[-103.15669736253685,50.84628253664597],[-103.1454438919588,50.84609631017797],[-103.14514922818805,50.86449549815976],[-103.08646335787242,50.87612281601363],[-103.08919090164574,50.871385401758914],[-103.08472521648464,50.87179778922085],[-103.01621891951595,50.8951343057871],[-102.91256461725845,50.915109293289674],[-102.91259020254263,50.93106490061733],[-102.9353615797686,50.93074139743247],[-102.9355032995696,50.945214890833675],[-102.94257920294567,50.945204898557215],[-102.94257531409697,50.972689704254165],[-103.17658101191516,51.05708728731437],[-103.1999914699074,51.056004151284384],[-103.20000618972863,51.0653467100316],[-103.27021598439647,51.09015821209945],[-103.26915482117445,51.29710152515516],[-103.27986259353084,51.29707295687067],[-103.28020029415146,51.387011804726306],[-103.7042865158273,51.38728949248447],[-103.70434718342997,51.652290396511894],[-104.13208140435488,51.65228889932798],[-104.132394824981,51.88194288878723],[-104.48439347492896,51.88144678243974]]}},{"type":"Feature","properties":{},"geometry":{"type":"LineString","coordinates":[[-104.48049497875827,50.39678619940203],[-103.24350301721714,50.396891307902884],[-103.24352935692377,50.529421684743376]]}},{"type":"Feature","properties":{},"geometry":{"type":"LineString","coordinates":[[-104.61801379132828,50.4472351922332],[-104.61797857871088,50.451621454140316],[-104.50341625619411,50.4719439580365],[-104.50339907805014,50.44557556172061],[-104.49239288288047,50.447074525833976],[-104.49271688025128,50.41178634689966],[-104.49871577106536,50.40597219218845]]}},{"type":"Feature","properties":{},"geometry":{"type":"LineString","coordinates":[[-106.67839399349664,52.11479661135535],[-106.68545516858792,52.10335080245042],[-106.70028042057452,52.09327080149232]]}},{"type":"Feature","properties":{},"geometry":{"type":"LineString","coordinates":[[-106.50373231068146,52.14381361067174],[-106.53924440546348,52.143346493854],[-106.56806902058815,52.12808560852726],[-106.58524211623393,52.126219508577],[-106.58686599418532,52.11476930316118],[-106.67839399349664,52.11479661135535]]}},{"type":"Feature","properties":{},"geometry":{"type":"LineString","coordinates":[[-106.6057243761564,52.20780614157066],[-106.61689523857419,52.199818669791306],[-106.6139492532496,52.19527137047801],[-106.63725438106263,52.190859789480896],[-106.64805078557731,52.15325040542159],[-106.65785771965136,52.143761600293615],[-106.64028132760573,52.143362438181555],[-106.64229856399653,52.13900077038342],[-106.6572848186407,52.12368883803389],[-106.67277833250218,52.12071226269933],[-106.67839399349664,52.11479661135535]]}},{"type":"Feature","properties":{},"geometry":{"type":"LineString","coordinates":[[-101.47690022207743,50.48536376836904],[-101.48790617806256,50.49180318974393],[-101.57219157769704,50.49117665067512],[-101.57524286131745,50.496536652124696],[-101.59066427941147,50.4967419493322],[-101.59675256110226,50.50707153499162],[-101.60034887383452,50.50413344406526],[-101.60589577559303,50.510954249727654],[-101.61047678285172,50.508286447055404],[-101.61354567109098,50.5088367544169],[-101.61086005865569,50.5160322572601],[-101.62102355574277,50.512547133116804],[-101.61609608250826,50.519192332430386],[-101.62708595905507,50.51778774197502],[-101.62301648941167,50.520358538833094],[-101.6302363764828,50.52386774323247],[-101.62825267069817,50.52133664917103],[-101.63493018374497,50.51676444058718],[-101.6681771643716,50.522120839542346],[-101.6784397636941,50.51873204563065],[-101.68411895374757,50.523068243967415],[-101.6851566691585,50.51684415032296],[-101.70643826152352,50.51526504068151],[-101.73489885052584,50.49397703822639],[-101.74284287403336,50.495210849772235],[-101.74373856898154,50.48759575457972],[-101.75818267067532,50.487313953355375],[-101.75179826677635,50.48517553379495],[-101.75686696589852,50.48413085653028],[-101.75211535321816,50.47948153933124],[-101.7866918837694,50.47710633445864],[-101.80441206799122,50.4887758419165],[-101.81384605881918,50.48818363356197],[-101.80979425563616,50.49137085284692],[-101.81336948614837,50.498208149322416],[-101.80718758390891,50.496795341973424],[-101.8045879665031,50.50141933744319],[-101.81000118089962,50.507149146271175],[-101.81582147197213,50.50429515525176],[-101.81855907481105,50.507507738343065],[-101.81175949440802,50.50811397447642],[-101.81585177062446,50.513603547576515],[-101.80824225553454,50.51557995847909],[-101.81534136414012,50.51532844774227],[-101.81430787492957,50.521274233194646],[-101.82975236529258,50.531471232394146],[-101.86804856645507,50.53636224980594],[-101.8881377795265,50.53016153919494],[-101.89458665217602,50.53225164456572],[-101.89685846588449,50.52717413527879],[-101.89835727768217,50.532190141566716],[-101.90791077006165,50.53023534439268],[-101.91425195329954,50.522355347270015],[-101.92363815594223,50.52418454545894],[-101.92365565632505,50.52020915261395],[-101.93459126079911,50.51751864201408],[-101.94889176087635,50.5190569373721],[-101.96402738171491,50.5294842523177],[-101.96598786096779,50.53588633717904],[-101.97383356537742,50.53363533860316],[-101.97293236412946,50.5407294485615],[-101.98419866364088,50.53605464690486],[-101.98717288255312,50.53658245409113],[-101.98404198041854,50.54661684913735],[-101.99489596349066,50.54837344291496],[-101.99926408215003,50.544336530084735],[-102.01184207960831,50.550263436384675],[-102.01344545868696,50.54741234623237],[-102.02013356579923,50.55377183548709],[-102.061277770032,50.550212453900244],[-102.07175355701727,50.55564514524746],[-102.08392628384915,50.54819183155367],[-102.12820966586926,50.54441673733775],[-102.14360916459513,50.53001873853426],[-102.15497728411594,50.52884605620303],[-102.15359946108502,50.524614556813646],[-102.16510347233675,50.523412548563506],[-102.1688434454413,50.51742534607096],[-102.20115331573038,50.51105022617554],[-102.20889974853436,50.50336048233491],[-102.21721594319462,50.50602109352291],[-102.22216549851318,50.501781545732804],[-102.24652613586434,50.50015081559204],[-102.26283781096515,50.50297187963749],[-102.26344707902292,50.50710639787211],[-102.28326292273881,50.507601992974074],[-102.27959243384213,50.51173569133649],[-102.28773033592718,50.51014696497339],[-102.28762377982879,50.51463257787095],[-102.30442465800755,50.518733426934396],[-102.30911951408628,50.52542283554091],[-102.3634962273154,50.539308233795126],[-102.42293830347118,50.545731777339896],[-102.43046023998494,50.54254922336851],[-102.43209280349893,50.53612437466387],[-102.44619167678846,50.53276681807338],[-102.45125519743009,50.53840704333195],[-102.46312507398561,50.53077755248434],[-102.47185571088822,50.5356229984039],[-102.47265672304094,50.53233638494039],[-102.47926263542148,50.529164191643595],[-102.50083738065538,50.5350353564996],[-102.50918655855337,50.53054443837063],[-102.5086299592303,50.5357667425908],[-102.51777557472798,50.53509324535836],[-102.52801307393071,50.542876253859674],[-102.53105728847785,50.53744673108622],[-102.53570997777922,50.5355096385139],[-102.53899536842597,50.53680823932057],[-102.53595595949415,50.54241064049197],[-102.5445795652782,50.544514943233665],[-102.5355865661734,50.54525213554271],[-102.54635017443228,50.55214723941796],[-102.5501561816047,50.54972753189672],[-102.54839488460316,50.553221243840404],[-102.55060026107608,50.55622235653893],[-102.55199479083349,50.55061664880734],[-102.5596676875369,50.55037925321186],[-102.55936446255349,50.557759656442386],[-102.57318819094222,50.55708055387677],[-102.5772723887716,50.56116743076696],[-102.57861063301888,50.55671594546233],[-102.58529533883558,50.55632230125953],[-102.58117761218858,50.557663299653036],[-102.58595560269221,50.55961465041155],[-102.58236324476513,50.559642958790235],[-102.58472977737642,50.56387684635399],[-102.58948655552113,50.559297439185045],[-102.59457966255765,50.56022874328942],[-102.59475138404868,50.56508764317615],[-102.61009268298825,50.56849493894585],[-102.61907545581273,50.56404554239924],[-102.62055036260624,50.57252953538462],[-102.62993688362349,50.56976033602484],[-102.62857587153532,50.57632195628601],[-102.65111496018015,50.58459944762622],[-102.65534608335213,50.59083173257198],[-102.66447539482309,50.58702518904368],[-102.68976242857717,50.60644699811177],[-102.70835048674002,50.6125408100576],[-102.72710437745098,50.60885495615558],[-102.72703559331006,50.63620016861685],[-102.78447126214711,50.63603002785667],[-102.78452813794071,50.64338376106524],[-102.79620437464857,50.643343597832136],[-102.79631593259359,50.65058016228714],[-102.80779344396045,50.65089654508532],[-102.80743476238054,50.65814683102875],[-102.8185484613177,50.658214595067825],[-102.81872765905533,50.6507357411028],[-102.82920037197228,50.65080261944009],[-102.82864586778825,50.65628636326692],[-102.83257457911982,50.656635292257306],[-102.85498938898291,50.65005269690043],[-102.85496075972667,50.643318711298974],[-102.86548653493274,50.64342060360676],[-102.865527868894,50.638261611046346],[-102.87683886350234,50.63619543796195],[-102.87842398358094,50.641656751200784],[-102.88270038716828,50.63597734994691],[-102.88597806893473,50.64122243572355],[-102.89435728807698,50.641998054935854],[-102.90216987353682,50.63631043531641],[-102.89850297447529,50.642015443899155],[-102.90557158123146,50.64509083826777],[-102.90184255704906,50.641504240479854],[-102.90690946195757,50.63534155874811],[-102.90734489611484,50.6404018531422],[-102.91869146920264,50.64088494702524],[-102.91439555237683,50.637699434959174],[-102.9210665779144,50.63059704247729],[-102.92259695265504,50.63487743707152],[-102.93255909232677,50.63503165222344],[-102.92817377022389,50.630231451402736],[-102.9401349613285,50.63064464572016],[-102.93749176433927,50.62879573711539],[-102.94770936673348,50.62458923987265],[-102.94269657605773,50.623002736255636],[-102.9486755670568,50.62258885743714],[-102.94852909017052,50.61698603777192],[-102.9559442529919,50.61529033873633],[-102.95928346841292,50.61971714373101],[-102.96146175806845,50.61341774190863],[-102.97936179235408,50.61121743935242],[-102.97467765927406,50.60984315269821],[-102.98224666716828,50.60878924979323],[-102.97751936523805,50.60683524560814],[-102.98453858674866,50.59853353141587],[-102.99552379232807,50.604094644980954],[-102.99813017257597,50.59745915798703],[-103.0075344642826,50.594341246936125],[-103.0061612574585,50.58894664528385],[-103.01724768581727,50.589976135130904],[-103.01546237251576,50.586401334178206],[-103.016966668259,50.58432034711106],[-103.01840105725236,50.588433850527],[-103.0248985687555,50.58841984687327],[-103.02176457159099,50.580879750097495],[-103.0339786876807,50.58434094681872],[-103.04094168692336,50.57705094357261],[-103.03844197583791,50.575284435320576],[-103.04531867253765,50.57395304704262],[-103.04109317895902,50.57271835506869],[-103.04370155895215,50.5706568402763],[-103.0489497813839,50.57536343529101],[-103.05623267874967,50.56325193451843],[-103.05916927246311,50.56698774314215],[-103.06795496502316,50.56312074242701],[-103.06634446703977,50.55414595335706],[-103.08887988449597,50.54816553142625],[-103.09151546246436,50.539701937636195],[-103.09575459239076,50.54314803976987],[-103.1088595651539,50.53839603710331],[-103.11286895999409,50.53543423730457],[-103.10881288049262,50.53247524873854],[-103.11613487375193,50.53375445821287],[-103.12278117000785,50.53025745495022],[-103.12064808158047,50.52705045742568],[-103.136890268972,50.5320732532745],[-103.14077656066598,50.5277347564079],[-103.14966669352656,50.531179839373266],[-103.15208008269765,50.52698914090281],[-103.18095618428752,50.52327264140727],[-103.17941066517905,50.528131143204455],[-103.18558956841456,50.529262558112954],[-103.18596238758505,50.524336535008054],[-103.19577176512618,50.52672653780514],[-103.19488186346656,50.52375525292716],[-103.19977679396537,50.5217372471328],[-103.2076791755845,50.525505233147115],[-103.20323016161375,50.528872437648346],[-103.24352935692377,50.529421684743376]]}},{"type":"Feature","properties":{},"geometry":{"type":"LineString","coordinates":[[-106.41051818016061,49.78553119947527],[-106.41042077719557,49.262179660885614],[-106.50007642552606,49.2619754019021],[-106.50046404178124,49.17473741071407],[-106.54136831311546,49.174607808556814],[-106.54115143371251,49.00004445994374]]}},{"type":"Feature","properties":{},"geometry":{"type":"LineString","coordinates":[[-110.00303586778182,50.834670409881035],[-110.00802435844011,50.28004138462365],[-110.00403390185416,49.95926983181924],[-110.00479385941361,49.90452449669472],[-110.01039300630988,49.872773531920956],[-110.0042079210819,49.81440239529187],[-110.00502263037173,48.999698741741696]]}},{"type":"Feature","properties":{},"geometry":{"type":"LineString","coordinates":[[-110.00494638756538,52.40494801203028],[-110.00303586778182,50.834670409881035]]}},{"type":"Feature","properties":{},"geometry":{"type":"LineString","coordinates":[[-113.91186339942367,51.1834035084755],[-113.86515289987696,51.18344229854165],[-113.8652642058895,51.212459798473624],[-113.8420377888635,51.21252830411514],[-113.84211690790914,51.2706759050944],[-113.84922871277644,51.27067380250664],[-113.84925730774015,51.32879528715172]]}},{"type":"Feature","properties":{},"geometry":{"type":"LineString","coordinates":[[-114.1644531890052,51.19771260178202],[-114.12960138609473,51.19840679621464],[-114.12953188736249,51.212350797249464],[-114.01300190817703,51.212562296494234],[-114.01288550076386,51.20463940447281],[-114.00163123579681,51.20489051580904],[-114.00154381527915,51.1835507967814],[-113.91186339942367,51.1834035084755]]}},{"type":"Feature","properties":{},"geometry":{"type":"LineString","coordinates":[[-114.25681458406424,51.14354110598998],[-114.25750400902022,51.15397990675036],[-114.23421939917013,51.154158287742256],[-114.23424029157171,51.183191491714545],[-114.2109968830652,51.183223891960104],[-114.21102019693167,51.19775940717232],[-114.1644531890052,51.19771260178202]]}},{"type":"Feature","properties":{},"geometry":{"type":"LineString","coordinates":[[-113.84925730774015,51.32879528715172],[-114.16580870656205,51.32931408924557],[-114.16551259786037,51.270789813697014],[-114.2576821096128,51.270696993178525],[-114.26878001883891,51.26709920490254],[-114.28023668321573,51.2706804026209],[-114.52883719248095,51.27069829546651],[-114.51333451051569,51.23385460339297],[-114.51325163459636,51.19793750176384],[-114.52281360466985,51.19792326268425],[-114.51307223385977,51.19317921317879],[-114.51321865333306,51.180935534828585],[-114.49409510702485,51.18135500871243],[-114.49006989170744,51.17565189268527],[-114.49016375098807,51.15349837152338],[-114.43175254244667,51.15458852200055],[-114.42918691023615,51.17160896919638],[-114.44163457631907,51.18297391100584],[-114.42288110860223,51.18014970050436],[-114.41798680388997,51.197774509868914],[-114.3506718108852,51.176405709523266],[-114.30279358333678,51.16752560849127],[-114.25681458406424,51.14354110598998]]}},{"type":"Feature","properties":{},"geometry":{"type":"LineString","coordinates":[[-113.64266771224175,51.95450400212517],[-113.64257380074515,51.89647199597756],[-113.71349888165534,51.89631399653959],[-113.71326942268024,51.78051585349086],[-113.73636757446224,51.781024538827594],[-113.73572689186626,51.75142786468266],[-113.72444871480252,51.75132773433227],[-113.72530899113247,51.73646749323846],[-113.7135011127539,51.73645230403861],[-113.71347261568873,51.720898038900934],[-113.68988349204895,51.721383111352274],[-113.68985608534119,51.678321411835014],[-113.64255689846283,51.67819051104307],[-113.64169689213693,51.619909375108456],[-113.66162200991947,51.61993908597945],[-113.6616278967257,51.59066419299179]]}},{"type":"Feature","properties":{},"geometry":{"type":"LineString","coordinates":[[-113.09321569775705,52.317628015585555],[-113.07120070378966,52.30061606841072],[-113.07971968496965,52.28824615589426],[-113.06402970529794,52.28081834889505],[-113.07264859278968,52.27060966760324],[-113.05999698149428,52.25228886089755],[-113.06276691693775,52.23919885497366],[-113.07145370694734,52.22873146987598],[-113.06342488875671,52.21693386606925],[-113.06349860990495,52.20865496658113],[-113.03062948202567,52.19150135533412],[-113.02470410556737,52.179451948893465],[-113.02911918710339,52.14434996502328],[-113.02495650757426,52.136076153587844],[-113.03033370439574,52.1268689641854],[-113.02459501155033,52.10726656816456],[-113.01239419088502,52.09696257161853],[-113.01133179450501,52.08843795307488],[-112.99391120891349,52.08039425562509],[-112.97821750199923,52.064074360181905],[-112.97768959250119,52.0572534655003],[-112.96754639487531,52.05021464902332],[-112.96627560092057,52.03855186488648],[-112.91508240098472,52.0033204564328],[-112.91492049353064,51.99398826890723],[-112.90600369729779,51.98548245141375],[-112.91390540833544,51.978946569660856],[-112.91215029407239,51.96950967897406],[-113.29102430327889,51.96888938917151],[-113.29095951903425,51.98313883427145],[-113.48089400208745,51.9830735165088],[-113.4772745848546,51.95485982859302],[-113.64266771224175,51.95450400212517]]}},{"type":"Feature","properties":{},"geometry":{"type":"LineString","coordinates":[[-113.08849081292321,52.75580116591588],[-113.07523890995913,52.73568075588323],[-113.05178787207004,52.723221745472834],[-113.05156692914812,52.623426275891916],[-113.14774869932836,52.622737512693156],[-113.1477116129487,52.57926910638745],[-113.0756368104862,52.57945118609671],[-113.0757839892742,52.56481875025941],[-113.02768195308924,52.56467810014123],[-113.027754189629,52.55039880284091],[-113.00000001668766,52.550304420292925],[-112.99999990238712,52.52167989147572],[-112.99253120789584,52.526926648654154],[-112.98109068802557,52.52129967099628],[-112.96682541553182,52.522651562685574],[-112.96728169987618,52.506117157724425],[-112.94026468200441,52.49034616338387],[-112.93170238390637,52.49450255227079],[-112.93086399131106,52.48841936409928],[-112.93520320750797,52.48161014771918],[-112.94454510888957,52.47991946741696],[-112.93398198967633,52.47929765020394],[-112.96080191179254,52.47260856451484],[-112.9736874892652,52.460597667636414],[-112.99065278473529,52.46842315235828],[-112.99628410615293,52.46562365569775],[-112.99111477332671,52.45821555572356],[-113.00624757617467,52.46055745826684],[-113.00834701526841,52.45314626164551],[-113.01266638721829,52.45830836156004],[-113.02259421325019,52.45659025711105],[-113.0278803297457,52.460676094918824],[-113.02767795890566,52.449559074998284],[-113.01534567573941,52.451466256927716],[-113.00099728626599,52.44386257262663],[-112.99777052171204,52.432520661086215],[-113.00790450700225,52.42685456942423],[-113.01177908826313,52.417930374304525],[-113.02796801736979,52.41610778308736],[-113.02788548537117,52.375995663039284],[-113.07566737914463,52.375974996116895],[-113.07567908246556,52.317682504340084],[-113.09321569775705,52.317628015585555]]}},{"type":"Feature","properties":{},"geometry":{"type":"LineString","coordinates":[[-113.04986959344203,53.36399942697696],[-113.05007558715658,53.352142917609896],[-113.02571252296586,53.35216325729534],[-113.02563305863951,53.33763389808327],[-112.99999998157593,53.33768735872973],[-112.99998567933027,53.32628574405848],[-113.00000000750016,53.29413976745427],[-113.04991415590477,53.294171055205496],[-113.04984132266956,53.235653695304165],[-113.17175658054947,53.235945709077534],[-113.171736962127,53.212764811366306],[-113.18428929255249,53.21260373164495],[-113.18407519418838,53.16791416445245],[-113.17060804212863,53.1675767369904],[-113.17169680948899,53.11975688634276],[-113.09854891378588,53.119722610358416],[-113.09790250119,53.076307483311766],[-113.07426222344694,53.0760915716283],[-113.07282595418019,53.03331611382396],[-113.09764385618298,53.033017274159256],[-113.1001392565301,52.97409401494637],[-113.12449095970108,52.97417784089049],[-113.12449874272146,52.84354494397221],[-113.05178840863373,52.84340349566133],[-113.0517998142434,52.75605298780465],[-113.08849081292321,52.75580116591588]]}},{"type":"Feature","properties":{},"geometry":{"type":"LineString","coordinates":[[-112.95136318111125,53.52425064960467],[-112.95137997314058,53.48312825310432],[-112.90226837533187,53.4832185933456],[-112.90238077671282,53.46867707331102],[-112.87771647889241,53.468665988608144],[-112.87766809719594,53.460286894146186],[-112.85288349707854,53.460420523811685],[-112.85277118256037,53.41062186189105],[-112.84068479285774,53.410642641097084],[-112.84076086872454,53.36694179186363],[-112.98462468286222,53.36837696404857],[-112.98174935476646,53.36641059503477],[-113.02427655225037,53.35433164561397],[-113.03968780384562,53.36423767415129],[-113.04986959344203,53.36399942697696]]}},{"type":"Feature","properties":{},"geometry":{"type":"LineString","coordinates":[[-110.00516260005794,52.85733784558251],[-110.03300544351697,52.855991777029175],[-110.03305187530883,52.85963376246974],[-110.0477400377359,52.85600752230287],[-110.04985082628619,52.860282568504594],[-110.05774891128293,52.85657579201322],[-110.06863554356833,52.85820988253625],[-110.06571243774036,52.86219000154575],[-110.06895663097578,52.8654509414544],[-110.09062239829004,52.86361339884607],[-110.08876632172627,52.867923799638874],[-110.11156111658507,52.86425706682736],[-110.10862799602243,52.86801566639161],[-110.12344388457048,52.87023015959753],[-110.13456724050555,52.879361080991856],[-110.12623944821208,52.88026773354131],[-110.13105147571468,52.88272443990152],[-110.12917666231083,52.88563820856238],[-110.15204627048871,52.89028162141442],[-110.1500099288916,52.894402650169646],[-110.15903048345697,52.890925902963346],[-110.15866635183902,52.894581983515145],[-110.16255939232873,52.89763816821381],[-110.16339128563517,52.892637811479155],[-110.17469473678293,52.89601439374321],[-110.17187473524697,52.899400710269795],[-110.181193478484,52.898734912402645],[-110.18401107392506,52.905986968504784],[-110.18805620736826,52.90188321525539],[-110.19985852559151,52.906084820226674],[-110.19676017678708,52.908557070755215],[-110.19921860095644,52.91124034470225],[-110.2072660885431,52.907570421799676],[-110.21132449767711,52.91144480332026],[-110.21691773334116,52.91209266043127],[-110.2194320400864,52.90975066176331],[-110.21112856136182,52.90948573076191],[-110.21632251554523,52.90553704204651],[-110.23171493496312,52.91049773576428],[-110.24226403291429,52.90334650007561],[-110.25980081913227,52.90731792387089],[-110.26153950068453,52.902570479856145],[-110.2622489594183,52.90734869469924],[-110.26841445645606,52.90572421552298],[-110.26713829350163,52.909543659040274],[-110.28509959976546,52.910412035045745],[-110.28878612944192,52.914493415886945],[-110.29385913108659,52.907991314361624],[-110.3091191859135,52.911777185103965],[-110.30644112524341,52.91446149484613],[-110.32549598480266,52.91478159372848],[-110.32755933722291,52.91924915820833],[-110.33242496523567,52.916536087958505],[-110.3434758466985,52.927434993879274],[-110.38399408027955,52.93730581927419],[-110.38846811516405,52.934704156483086],[-110.38686134835616,52.93886780549338],[-110.3943840200148,52.93892336720005],[-110.40397529631386,52.94879811829757],[-110.40574091606285,52.944362667745715],[-110.41255638739554,52.94547945723581],[-110.41107405227959,52.950970331510156],[-110.4234211676293,52.9528751317033],[-110.42828465986116,52.959286175513114],[-110.45748846611376,52.9584212646407],[-110.45345203927214,52.96271353039893],[-110.46498870985639,52.96727938425168],[-110.4574758695574,52.975540969857185],[-110.46164810175004,52.98245230656404],[-110.45433135583562,52.98241702727662],[-110.45782135649206,52.98611504626396],[-110.45241278603304,52.98945640930056],[-110.45185068112255,53.0004986791855],[-110.45700247159195,52.9996183678171],[-110.45569005512658,53.006479816174625],[-110.46494578636194,53.00863561330029],[-110.45935100763015,53.01019907500402],[-110.47959373675711,53.018172914180894],[-110.47332426169527,53.02258716132001],[-110.4747962556824,53.0286476058355],[-110.48356733077053,53.02563649774902],[-110.48593243283536,53.03051417807028],[-110.48226467702096,53.033570312528006],[-110.48806006184674,53.0321386037824],[-110.5012601863228,53.040917034510585],[-110.5411328798265,53.040051484495876],[-110.55508817203277,53.03464153999747],[-110.55817939594277,53.03860043871506],[-110.56982531191657,53.030493700315],[-110.56740321342443,53.03525620133513],[-110.5864270620905,53.0331830872622],[-110.59543380499986,53.04147753494124],[-110.59302367131129,53.04528001288364],[-110.5989972645649,53.04743235235363],[-110.59138366025225,53.05014348306966],[-110.59843363087585,53.05082003553879],[-110.59025631185631,53.05961795624439],[-110.5976564051042,53.06782379883782],[-110.59013839039275,53.066793920313465],[-110.58984950562696,53.07244304069812],[-110.59426725003355,53.0705006319249],[-110.61562467576319,53.08777057228688],[-110.62739028435027,53.087955487577254],[-110.6312836350598,53.08315837059955],[-110.6407820254043,53.08522378705331],[-110.65275631320729,53.075868152601366],[-110.66493542530414,53.077571870036365],[-110.6702236885085,53.07270138566913],[-110.67408545869434,53.076033117631994],[-110.67281056691232,53.07212386472336],[-110.67801744103902,53.06974640944259],[-110.68617882958142,53.0728978376196],[-110.68474215506632,53.066371889235064],[-110.69177241881643,53.06533475106814],[-110.69320455403853,53.05965088170909],[-111.02887126143992,53.06008563804186],[-111.02961768900471,53.07407400072781],[-111.04096770530286,53.074193220356506],[-111.04087650210202,53.08869526177336],[-111.07760559766406,53.088727106474586],[-111.07764815061684,53.096200664044744],[-111.10214137585656,53.09624671977078],[-111.10214741686049,53.10290932620841],[-111.15063090867041,53.10318452546475],[-111.15154306448088,53.11034719479345],[-111.16127112672793,53.11028611939671],[-111.16132346876095,53.11740909048553],[-111.17522398184033,53.117422141092206],[-111.17519388496261,53.13222991333078],[-111.18671488932893,53.132174913295586],[-111.18692925973046,53.139234197415774],[-111.2109199807411,53.139204505691346],[-111.2107719623673,53.146577413127396],[-111.29678234724857,53.14694879382785],[-111.29702468584027,53.13972351264056],[-111.32195296771626,53.13976125729354],[-111.3218303349134,53.14712572795992],[-111.42940762687556,53.14708056262981],[-111.43106006646968,53.19026109680916],[-111.5406604944886,53.19040228997335],[-111.5406408380581,53.23385307390297],[-111.63826536835805,53.233872497274554],[-111.63832690046554,53.306349138443785],[-112.05073239993774,53.308847989272536],[-112.05070380726106,53.366951686394096],[-112.16464211142133,53.366977000513714],[-112.16464210929053,53.39601250076981],[-112.2635140827641,53.39603189305528],[-112.26337091212793,53.42521310727136],[-112.36229499428283,53.425177404667586],[-112.36202121387424,53.454270485843494],[-112.50915281251653,53.45367231695221],[-112.50874126722267,53.54140595734073],[-112.8038461910295,53.54148339652801],[-112.80393807011002,53.513410829840595],[-112.8133577536698,53.51275415696602],[-112.83669384991641,53.517140622648945],[-112.87700064392958,53.51059208012238],[-112.95136318111125,53.52425064960467]]}},{"type":"Feature","properties":{},"geometry":{"type":"LineString","coordinates":[[-111.38922398231304,50.70315570353152],[-110.81527844333277,50.70763999682686],[-110.28214751818706,50.70340572856457],[-110.28244268243603,50.6108571970504],[-110.2747194946017,50.61946535945067],[-110.18872248755869,50.633798562295254],[-110.18269977267569,50.645407046313444],[-110.1654393879401,50.651147451505054],[-110.14001000800819,50.66817764919033],[-110.13054158949414,50.67806006884501],[-110.13284090823421,50.689572863751366],[-110.12722511308058,50.69785595325414],[-110.13997038961789,50.71629694763242],[-110.13109761171778,50.72569654656667],[-110.09984558821873,50.73719354362421],[-110.06617998964455,50.72912225133116],[-110.05342029335081,50.73277935698227],[-110.05176281370618,50.751301554780405],[-110.08114617469836,50.79567034836404],[-110.05539267559327,50.81691565640228],[-110.00303586778182,50.834670409881035]]}},{"type":"Feature","properties":{},"geometry":{"type":"LineString","coordinates":[[-113.66171641978184,51.44513209987567],[-113.3804153967497,51.44510479764618],[-113.38041750926322,51.38693839043052],[-112.88818759944502,51.386963689908455],[-112.88850971976984,51.31970880057969],[-112.88163255130944,51.31572814802478],[-112.86980387653117,51.31675718107134],[-112.86863970011606,51.32528892899751],[-112.8614899655404,51.322182167525256],[-112.8609679950845,51.326727599092955],[-112.82523882248607,51.32908625658157],[-112.82082036223828,51.333540643528224],[-112.81725241483434,51.32758059865881],[-112.79753949635388,51.333519167393035],[-112.7884386331736,51.33299962217067],[-112.78256614850356,51.327207683054105],[-112.77803864294603,51.334910140722286],[-112.78300167847294,51.34027719168915],[-112.77498487280731,51.34187792668445],[-112.77253624945257,51.33768217959524],[-112.77189245148975,51.343449992113555],[-112.7498433430137,51.343082858718596],[-112.74542432631861,51.347347192834135],[-112.74196019237965,51.3433201941653],[-112.73446264636496,51.35136005712011],[-112.71371922744876,51.35536745965649],[-112.70907038520467,51.36389452433783],[-112.70238716585642,51.36405283017294],[-112.70394910203414,51.36690949660768],[-112.68782672919207,51.36480787734944],[-112.68793800656297,51.369043044740195],[-112.67453397014062,51.37241748193844],[-112.63011418845808,51.372367297316615],[-112.6300165360268,51.386645673760896],[-112.57120152682249,51.38627837412172],[-112.53977158060968,51.37737022059354],[-112.52273680429579,51.36350788604925],[-112.51930151625706,51.3544987555433],[-112.48774582068027,51.333849109493684],[-112.48812384594447,51.321587549447244],[-112.45003191287773,51.32308194645583],[-112.4193469140351,51.3082364608755],[-112.35948061495023,51.29585765881198],[-112.30243450170124,51.26561704464325],[-112.3033707078407,51.257503160827895],[-112.2980902964809,51.25253784766375],[-112.27737980665171,51.24806392812905],[-112.26868331517156,51.239910266419734],[-112.26752511514961,51.22824216233424],[-112.24336038496043,51.226781548523675],[-112.23865999453402,51.2225232644098],[-112.24036568916033,51.2143634519392],[-112.21142010789944,51.20503336384434],[-112.20282529449841,51.19424174561975],[-112.1811566065285,51.18034926135011],[-112.16652190702841,51.17710435970413],[-112.15699970719824,51.1658256472068],[-112.12481839273654,51.157523455221614],[-112.11368090450797,51.144598264017816],[-112.09817547578481,51.14009805229948],[-112.09228238044155,51.13427884990933],[-112.09379178258595,51.12735564688178],[-112.07894231021879,51.12231784890917],[-112.07473878389033,51.11587756113076],[-112.03189530141857,51.10736424853568],[-112.02233619611164,51.09634497005824],[-111.99713669935758,51.09196816904002],[-111.99101770581356,51.08039284832907],[-111.97074210963147,51.06352074856183],[-111.96813039915286,51.04375736195265],[-111.95232241209307,51.03283945761575],[-111.94770671508383,51.01464476384772],[-111.93456768777452,51.00669415130451],[-111.93546509566573,50.99159815933595],[-111.92180640676753,50.98383156882058],[-111.91707780567982,50.974528746398306],[-111.93150151796867,50.964698965183324],[-111.92555001821374,50.95387166454163],[-111.93613489935137,50.950791344704356],[-111.95198841421636,50.953820748513465],[-111.95829661511515,50.94947616289073],[-111.97135751287516,50.929427861031954],[-111.96454438449065,50.920882348017706],[-111.94488360322788,50.91873936740209],[-111.936827198075,50.91111166897193],[-111.92053720860945,50.91122654810957],[-111.90379068708293,50.918481567031954],[-111.85456789691328,50.90708035413429],[-111.83652752118485,50.888322163625865],[-111.83868910221764,50.877729563638226],[-111.80999498510513,50.836431464981395],[-111.74207869666279,50.844331848625394],[-111.72024281085653,50.8544651610419],[-111.70154770375406,50.849944156285396],[-111.68434860828408,50.85975665598985],[-111.6277427834229,50.854554857870646],[-111.61928738377978,50.84985005419108],[-111.61994281753174,50.84110176264085],[-111.60500789802306,50.83337194279421],[-111.61528968675242,50.82528065031699],[-111.61158928325275,50.80904665893189],[-111.57838907712247,50.78991045558868],[-111.56485828961793,50.7690772653544],[-111.52889900176453,50.761206357727275],[-111.50591880659093,50.77171575518003],[-111.47314849138068,50.776346747279405],[-111.45940530764726,50.77054884279025],[-111.45811630490785,50.76251024688057],[-111.45001700836916,50.75692526763473],[-111.41951069280078,50.75331785018283],[-111.38836837583129,50.76970974769993],[-111.38922398231304,50.70315570353152]]}},{"type":"Feature","properties":{},"geometry":{"type":"LineString","coordinates":[[-113.6616278967257,51.59066419299179],[-113.66171641978184,51.44513209987567]]}},{"type":"Feature","properties":{},"geometry":{"type":"LineString","coordinates":[[-113.91174268132765,51.06694249829297],[-113.91190370608071,51.0595860634886],[-113.86536524483287,51.05998634235535],[-113.86541836948042,51.01577586275476],[-113.91189318892867,51.01571656952913],[-113.91190010927366,50.979693490228584]]}},{"type":"Feature","properties":{},"geometry":{"type":"LineString","coordinates":[[-113.91185718958742,51.12518071352465],[-113.91174268132765,51.06694249829297]]}},{"type":"Feature","properties":{},"geometry":{"type":"LineString","coordinates":[[-113.91186339942367,51.1834035084755],[-113.91185718958742,51.12518071352465]]}},{"type":"Feature","properties":{},"geometry":{"type":"LineString","coordinates":[[-113.66171641978184,51.44513209987567],[-113.82582579750371,51.44517170152553],[-113.8258828015583,51.395376198889515],[-113.83059671007214,51.38608879868348],[-113.82585090439572,51.379336703174296],[-113.82574600398992,51.32880690600294],[-113.84925730774015,51.32879528715172]]}},{"type":"Feature","properties":{},"geometry":{"type":"LineString","coordinates":[[-112.21776395853232,49.611042511124495],[-112.21781736611669,49.60492623085881],[-112.18480269380748,49.60492947642186],[-112.18449287639245,49.59650062479492],[-112.08198584507599,49.596641227693254],[-112.08194774013484,49.59094734321133],[-112.07066738898189,49.59091788344129],[-112.07173724272278,49.582381507935395],[-112.0369780362014,49.5821089268185],[-112.03694388540292,49.57576429734553],[-111.96883963621116,49.57459308657249],[-111.96893059647513,49.567473558941785],[-111.83361611960335,49.566904779658614],[-111.83362362714082,49.55985908961409],[-111.78823662967272,49.5596940183837],[-111.78837665774803,49.552177902091046],[-111.76581426052437,49.55216394786648],[-111.76583512328816,49.5455154081339],[-111.69816886214822,49.54519936592951],[-111.69831038927252,49.53793751455042],[-111.6755613184596,49.537878539069546],[-111.67567178480972,49.53044457775706],[-111.63054815147834,49.53024703317471],[-111.63028009425855,49.87305499085405],[-111.64207328226642,49.873078790737914],[-111.64201256308617,49.896290631607464],[-111.66028350712024,49.898578046712494],[-111.6788979126311,49.90805574612077],[-111.6958453945146,49.92535975250684],[-111.69771430700547,49.933256656101705],[-111.68947448935035,49.934741559870325],[-111.69502471425137,49.94408725248014],[-111.69279474144417,49.950609939423714],[-111.67149025360959,49.95683414030062],[-111.65959209400965,49.97626086434313],[-111.62359183344876,49.97529673635645],[-111.59420055353287,49.98879531656658],[-111.5879353441874,50.00000005285901],[-111.59261820471696,50.02807584756371],[-111.57356491351429,50.0362728611841],[-111.5855264943739,50.04669796809304],[-111.62501231779463,50.05988954967584],[-111.62833698270342,50.06914665345013],[-111.60757901402145,50.08149235916008],[-111.60695588404762,50.08922395039151],[-111.63031287938239,50.1019423522933],[-111.66897683306884,50.13356391979086],[-111.37018187980483,50.135823941715934],[-111.36999029083941,50.22267885796652],[-111.37940527121815,50.222679041879154],[-111.37929410338029,50.571972104953424],[-111.38896509776875,50.572003306035505],[-111.38922398231304,50.70315570353152]]}},{"type":"Feature","properties":{},"geometry":{"type":"LineString","coordinates":[[-113.12105637814302,50.06245199752538],[-112.91641829189943,50.06247833434076],[-112.91631620750363,50.07693930259021],[-112.81409080927568,50.07701098938694],[-112.81242311746588,50.135276219483416],[-112.50691491174143,50.13536210567807],[-112.50686049386175,50.07705730488863],[-112.46140348328979,50.07707400143587],[-112.46339670107399,49.86925414615645],[-112.454995601692,49.86331475868102],[-112.4429168018999,49.86453195769281],[-112.4428836765407,49.71952978729865],[-112.43211795626964,49.71937135315566],[-112.43191144732238,49.7049937090826],[-112.42041755271805,49.704771821003014],[-112.4206507988562,49.69840954564397],[-112.39784677620732,49.69816546787228],[-112.39788556508195,49.69089489354227],[-112.36399466624695,49.69048114999152],[-112.36350872577593,49.683694980206575],[-112.3421636592358,49.68377905315868],[-112.34159596167763,49.67594297339974],[-112.32995362080892,49.67584151500475],[-112.33022307821075,49.66952379921608],[-112.30763739488134,49.669287887428524],[-112.3077528041218,49.66160515597715],[-112.27461093581091,49.661917935719046],[-112.27501693788541,49.65446829198392],[-112.26263195284885,49.65448600195314],[-112.26300019905354,49.64721639241729],[-112.25255557506763,49.64741398141769],[-112.25220163209521,49.6258364011619],[-112.24018179280942,49.62551763109359],[-112.23988117437831,49.61847940255449],[-112.21778144327413,49.61853318048196],[-112.21776395853232,49.611042511124495]]}},{"type":"Feature","properties":{},"geometry":{"type":"LineString","coordinates":[[-113.86021384682083,50.85532660723337],[-113.84894120428977,50.85015225343949],[-113.84472840168637,50.84088895696057],[-113.82262150477163,50.84581175070783],[-113.81251619707125,50.84291766984897],[-113.8110767943685,50.8293071586912],[-113.79563430727546,50.8196475439209],[-113.76384621540244,50.820522256405674],[-113.7495127197472,50.81189356534927],[-113.73092260528014,50.81141086693961],[-113.7057870170306,50.80335015407759],[-113.67566911142973,50.808643043220044],[-113.65777839077737,50.800971068463355],[-113.63649622297608,50.802197064856614],[-113.61394761668598,50.793982855471604],[-113.56468909783769,50.79524024816882],[-113.53149762203783,50.810812465010095],[-113.51992230416495,50.809005560108986],[-113.51932741647516,50.80289325663511],[-113.49921538438302,50.796575058167],[-113.46603672560046,50.809332163429524],[-113.44228219277753,50.82418506995271],[-113.44071921750489,50.832167661452324],[-113.42197449414752,50.83162766229407],[-113.42648019783164,50.82061270768883],[-113.42122349732416,50.81077611155194],[-113.41952599502028,50.72097081176405],[-113.28389161548833,50.71437280888485],[-113.28228888199823,50.66696360151817],[-113.25953000568386,50.649644090831174],[-113.25549031688641,50.4109742370059],[-113.24377161293961,50.41088859484408],[-113.24371904924215,50.40453353710486],[-113.25539428691329,50.40353169060116],[-113.24262187789232,50.38950639247004],[-113.23320521395016,50.35488239682442],[-113.23277358009344,50.325658201254186],[-113.20798478973333,50.30507621212818],[-113.19019528176698,50.27604720192108],[-113.1440956218366,50.22939430696852],[-113.14361261116444,50.14264259044025],[-113.13587881155277,50.1265894896711],[-113.12114920881258,50.1130999929887],[-113.12105637814302,50.06245199752538]]}},{"type":"Feature","properties":{},"geometry":{"type":"LineString","coordinates":[[-113.91190010927366,50.979693490228584],[-113.86543340984257,50.97966558830512],[-113.86566585055904,50.94392114642161],[-113.8773784941846,50.94511231286625],[-113.87722528953974,50.92808188246953],[-113.88884130723801,50.92818030832833],[-113.88873921187556,50.92148160148214],[-113.85993531443513,50.92147160994769],[-113.86021384682083,50.85532660723337]]}},{"type":"Feature","properties":{},"geometry":{"type":"LineString","coordinates":[[-114.01880462697693,51.04397344023604],[-114.03641229409484,51.04393265354564],[-114.06925021552645,51.05687606420815],[-114.09183359577992,51.04779037235841],[-114.11484758788528,51.046626933020775]]}},{"type":"Feature","properties":{},"geometry":{"type":"LineString","coordinates":[[-114.0252796191844,50.98687070160488],[-114.02244162950036,50.991489764041646],[-114.03000739130678,50.999075868837394],[-114.00309469562207,51.02740005535631],[-114.01382542086687,51.035369163990296],[-114.01087609169325,51.042158461667356],[-114.01880462697693,51.04397344023604]]}},{"type":"Feature","properties":{},"geometry":{"type":"LineString","coordinates":[[-114.0830485693405,50.99431058859406],[-114.04059970645682,50.99419389566771],[-114.0252796191844,50.98687070160488]]}},{"type":"Feature","properties":{},"geometry":{"type":"LineString","coordinates":[[-114.11793804725812,51.00021827246112],[-114.0830485693405,50.99431058859406]]}},{"type":"Feature","properties":{},"geometry":{"type":"LineString","coordinates":[[-114.11484758788528,51.046626933020775],[-114.11241749355318,51.04283330808663],[-114.1179084875666,51.03781489877365],[-114.14119001976323,51.0378384998262],[-114.14107558319989,51.02255350180175],[-114.11785737651,51.02979956146448],[-114.11793804725812,51.00021827246112]]}},{"type":"Feature","properties":{},"geometry":{"type":"LineString","coordinates":[[-114.1781867538233,51.11074957340734],[-114.18196540146417,51.10383502303927],[-114.17944781718457,51.08881996014893],[-114.19408830960256,51.09906076156265],[-114.23152386273269,51.09895989439925]]}},{"type":"Feature","properties":{},"geometry":{"type":"LineString","coordinates":[[-114.03388360037519,51.081480457886876],[-114.08611989832157,51.08147851103244],[-114.07994769256467,51.08878109775205],[-114.11139898625734,51.094024413737934],[-114.13994829215251,51.10912738830341],[-114.1486924109229,51.09776489283832],[-114.1781867538233,51.11074957340734]]}},{"type":"Feature","properties":{},"geometry":{"type":"LineString","coordinates":[[-114.02709159760697,51.07437225070838],[-114.03388360037519,51.081480457886876]]}},{"type":"Feature","properties":{},"geometry":{"type":"LineString","coordinates":[[-114.01880462697693,51.04397344023604],[-114.02709159760697,51.07437225070838]]}},{"type":"Feature","properties":{},"geometry":{"type":"LineString","coordinates":[[-114.23152386273269,51.09895989439925],[-114.23217477934357,51.088613647974086],[-114.17750224990029,51.07722273098064],[-114.17163321351664,51.06923744893889],[-114.15494241400798,51.06521224521871],[-114.14845879351762,51.057766063824694],[-114.11484758788528,51.046626933020775]]}},{"type":"Feature","properties":{},"geometry":{"type":"LineString","coordinates":[[-114.13178360013514,51.167945691733294],[-114.13603900958455,51.18462679293683],[-114.1644531890052,51.19771260178202]]}},{"type":"Feature","properties":{},"geometry":{"type":"LineString","coordinates":[[-114.1781867538233,51.11074957340734],[-114.1606126898099,51.127874503136105],[-114.1680360255455,51.143982107413024],[-114.16533190621045,51.15209883252796],[-114.14062763253101,51.15252407239923],[-114.14226290996628,51.16214698592945],[-114.1516164689269,51.1679805411781],[-114.13178360013514,51.167945691733294]]}},{"type":"Feature","properties":{},"geometry":{"type":"LineString","coordinates":[[-114.28093597321933,51.101141102059],[-114.23152386273269,51.09895989439925]]}},{"type":"Feature","properties":{},"geometry":{"type":"LineString","coordinates":[[-114.25681458406424,51.14354110598998],[-114.25748449070146,51.122737077184155],[-114.26896099898427,51.122737690808556],[-114.26470048498616,51.11640900961762],[-114.25850911458967,51.11643060864757],[-114.26544047345467,51.11486399017499],[-114.26908086788423,51.11661067487329],[-114.26873485252878,51.11019205899729],[-114.28086015690906,51.11444705544216],[-114.28070791524596,51.12508920936848],[-114.28809815128417,51.12753858483058],[-114.29509694415368,51.13953923917698],[-114.3151876034672,51.13960715662931],[-114.30825800894674,51.12850904696819],[-114.29109390230697,51.11993106638621],[-114.29007539814859,51.10702424931209],[-114.28093597321933,51.101141102059]]}},{"type":"Feature","properties":{},"geometry":{"type":"LineString","coordinates":[[-113.91174268132765,51.06694249829297],[-114.0090419129076,51.067042603404495],[-114.00906978624151,51.07497060086522],[-114.02709159760697,51.07437225070838]]}},{"type":"Feature","properties":{},"geometry":{"type":"LineString","coordinates":[[-113.99060799555522,50.93190285214359],[-113.95792838186037,50.93125180076448],[-113.95833600898646,50.979644586301056],[-113.91190010927366,50.979693490228584]]}},{"type":"Feature","properties":{},"geometry":{"type":"LineString","coordinates":[[-114.0252796191844,50.98687070160488],[-114.03638730652033,50.97477995870554],[-114.02317691956873,50.96748935172042],[-114.02127402376152,50.94914866093952],[-113.99060799555522,50.93190285214359]]}},{"type":"Feature","properties":{},"geometry":{"type":"LineString","coordinates":[[-114.11793804725812,51.00021827246112],[-114.14232952245167,51.00850341947018]]}},{"type":"Feature","properties":{},"geometry":{"type":"LineString","coordinates":[[-114.09394812258411,50.89048952992795],[-114.09890170654938,50.905352686172925],[-114.06216901703664,50.905143993744126],[-114.07178959028492,50.921621902468964],[-114.0682391863324,50.93372099333919],[-114.07148711122606,50.97964109651461],[-114.08315877965522,50.97960950192114],[-114.0830485693405,50.99431058859406]]}},{"type":"Feature","properties":{},"geometry":{"type":"LineString","coordinates":[[-114.14232952245167,51.00850341947018],[-114.14110673774121,50.99397486218358],[-114.16028018438801,50.99802940429873],[-114.1651887221591,50.99351079163828],[-114.16426556990135,50.985423022279136],[-114.14075336960649,50.97971680956432],[-114.14072584799325,50.92134213464663],[-114.20982577194033,50.921358229285914],[-114.20967988359303,50.892271800817795],[-114.14026751446949,50.892180009839244],[-114.14031059998926,50.88838439087812],[-114.12667728096821,50.888113168388465],[-114.12684090536182,50.884806994659826],[-114.11414265549107,50.886026506078345],[-114.11244617419223,50.8912470170077],[-114.09394812258411,50.89048952992795]]}},{"type":"Feature","properties":{},"geometry":{"type":"LineString","coordinates":[[-113.91185718958742,51.12518071352465],[-113.93512791206108,51.125192205104476],[-113.93510815965587,51.139625653529635],[-113.96980044110938,51.139924041098986],[-113.96989719546931,51.154316594187435],[-114.0174567443369,51.154450808454754]]}},{"type":"Feature","properties":{},"geometry":{"type":"LineString","coordinates":[[-114.0174567443369,51.154450808454754],[-114.04573630771696,51.12882798595066],[-114.04637639736767,51.10555439265584],[-114.03388360037519,51.081480457886876]]}},{"type":"Feature","properties":{},"geometry":{"type":"LineString","coordinates":[[-113.97308013125597,50.85537126390364],[-113.99186901553101,50.87357824453201],[-113.99534048974864,50.886681558978715],[-114.00953010516925,50.89518804617862],[-114.00441801542291,50.90181946840012],[-114.00992411812447,50.908447546316815],[-113.99983540013542,50.91027955499008],[-113.98868188532293,50.91961985694908],[-113.99060799555522,50.93190285214359]]}},{"type":"Feature","properties":{},"geometry":{"type":"LineString","coordinates":[[-114.09394812258411,50.89048952992795],[-114.09359755665895,50.86291207157486],[-114.08277340749348,50.86268565269667],[-114.08038130755429,50.85319726836206],[-114.07088842237621,50.85423897649739],[-114.07099225756879,50.84885954864746],[-113.97511378004165,50.848476272348485],[-113.97308013125597,50.85537126390364]]}},{"type":"Feature","properties":{},"geometry":{"type":"LineString","coordinates":[[-114.0174567443369,51.154450808454754],[-114.06381938830482,51.15416491234804],[-114.08800415792571,51.14496329419273],[-114.10079954395775,51.15414781247614],[-114.09460677336484,51.1541694950678],[-114.09460190064176,51.16149792672245],[-114.10922861791725,51.16147800965699],[-114.1157379598031,51.15676677369712],[-114.13178360013514,51.167945691733294]]}},{"type":"Feature","properties":{},"geometry":{"type":"LineString","coordinates":[[-113.97308013125597,50.85537126390364],[-113.95231301412986,50.84289925379931],[-113.93745140380646,50.852187247054985],[-113.91260538733748,50.85275964982261],[-113.8986902145491,50.859016548124146],[-113.86021384682083,50.85532660723337]]}},{"type":"Feature","properties":{},"geometry":{"type":"LineString","coordinates":[[-114.23429474857912,51.00896884385728],[-114.14232952245167,51.00850341947018]]}},{"type":"Feature","properties":{},"geometry":{"type":"LineString","coordinates":[[-114.28093597321933,51.101141102059],[-114.28068643460976,51.09629665545557],[-114.2947047928771,51.096051596190094],[-114.29482296691596,51.0814185118277],[-114.25763384284049,51.07817195875856],[-114.25748089158539,51.08200924044628],[-114.2343004885747,51.08150990831957],[-114.23429474857912,51.00896884385728]]}},{"type":"Feature","properties":{},"geometry":{"type":"LineString","coordinates":[[-113.48373279292278,53.53891276516187],[-113.48815431415994,53.54873160893876],[-113.49371709051012,53.54812784503005],[-113.4920796541264,53.58146785040357],[-113.51638254383741,53.58141187270191],[-113.51661578277891,53.59963690353396]]}},{"type":"Feature","properties":{},"geometry":{"type":"LineString","coordinates":[[-113.55355418347038,53.52749573804121],[-113.55599180917491,53.53313515484945],[-113.54682752040485,53.5372222651437],[-113.4948176077689,53.52610936568799],[-113.48373279292278,53.53891276516187]]}},{"type":"Feature","properties":{},"geometry":{"type":"LineString","coordinates":[[-113.61517600632808,53.53173261101072],[-113.55355418347038,53.52749573804121]]}},{"type":"Feature","properties":{},"geometry":{"type":"LineString","coordinates":[[-113.51661578277891,53.59963690353396],[-113.54112868378127,53.59956810260067],[-113.54122890347564,53.59217519271194],[-113.56577341388429,53.59094980082738],[-113.55880970952506,53.58357351872484],[-113.59105120829793,53.58091878410395],[-113.59044671295311,53.55900239354475],[-113.60367220529699,53.557968788196526],[-113.61546479087737,53.54351401383136],[-113.61517600632808,53.53173261101072]]}},{"type":"Feature","properties":{},"geometry":{"type":"LineString","coordinates":[[-113.41804085278304,53.38228725841764],[-113.41812087577244,53.417473569871866],[-113.44262451352445,53.417598052917185],[-113.43410868542823,53.45956539474688],[-113.44248119620853,53.48527988599322]]}},{"type":"Feature","properties":{},"geometry":{"type":"LineString","coordinates":[[-113.50976394095434,53.39588246783847],[-113.4673098949778,53.3958647984798],[-113.46730499423538,53.366922004606224],[-113.45471910930797,53.36689745559152],[-113.45476361180765,53.37456600360649],[-113.44282934068566,53.37456633091708],[-113.44263156109493,53.38224965274815],[-113.41804085278304,53.38228725841764]]}},{"type":"Feature","properties":{},"geometry":{"type":"LineString","coordinates":[[-113.516091898377,53.46601939292855],[-113.51668460359704,53.44534393297943],[-113.50836769770302,53.43670127213886],[-113.51944159123244,53.43487714343178],[-113.51642220917256,53.424908808276314],[-113.55322115567104,53.42491312214459],[-113.55313150730541,53.40313763469462],[-113.56535202186143,53.40314147038265],[-113.56552768038475,53.39704214947029],[-113.50976394095434,53.39588246783847]]}},{"type":"Feature","properties":{},"geometry":{"type":"LineString","coordinates":[[-113.44248119620853,53.48527988599322],[-113.48597402860852,53.48050755618114],[-113.48594670528789,53.467785400567834],[-113.516091898377,53.46601939292855]]}},{"type":"Feature","properties":{},"geometry":{"type":"LineString","coordinates":[[-113.49173959914809,53.628956007379905],[-113.49165290145821,53.6141405950646],[-113.51662258335891,53.61423819915318],[-113.51661578277891,53.59963690353396]]}},{"type":"Feature","properties":{},"geometry":{"type":"LineString","coordinates":[[-113.37189032360922,53.57049236524238],[-113.41257918820138,53.583201735331556],[-113.44300422375844,53.583531438435635],[-113.44271959220899,53.61590509373222],[-113.45488791366047,53.6158357999133],[-113.45496830706718,53.62705020219381],[-113.45126152276706,53.628662502626746],[-113.49173959914809,53.628956007379905]]}},{"type":"Feature","properties":{},"geometry":{"type":"LineString","coordinates":[[-113.4022643507572,53.55657162604364],[-113.39158358189944,53.55050345880191],[-113.3825611935655,53.5522155566906],[-113.37189032360922,53.57049236524238]]}},{"type":"Feature","properties":{},"geometry":{"type":"LineString","coordinates":[[-113.48373279292278,53.53891276516187],[-113.46315200467383,53.53944345706314],[-113.46116420825743,53.543862751896434],[-113.46755288603289,53.55191436905889],[-113.46280299014335,53.55484456900643],[-113.4430277001585,53.55389466206011],[-113.41807028949368,53.56264737880714],[-113.4022643507572,53.55657162604364]]}},{"type":"Feature","properties":{},"geometry":{"type":"LineString","coordinates":[[-113.29332447407066,53.67293591181355],[-113.29506499617231,53.71582070036219],[-113.43041806445522,53.71609807987562],[-113.43073419502346,53.657820970103906],[-113.43612239629321,53.65056327375575],[-113.49132374915756,53.65056431947465]]}},{"type":"Feature","properties":{},"geometry":{"type":"LineString","coordinates":[[-113.37189032360922,53.57049236524238],[-113.2953169524526,53.5702744873681],[-113.29606889977283,53.61729146102266],[-113.32248387559777,53.63220816709563],[-113.28608310758977,53.644454454631926],[-113.28233008493117,53.659283164208944],[-113.27161548551533,53.66908115784032],[-113.27843839633532,53.673517571211576],[-113.29332447407066,53.67293591181355]]}},{"type":"Feature","properties":{},"geometry":{"type":"LineString","coordinates":[[-113.49132374915756,53.65056431947465],[-113.49173959914809,53.628956007379905]]}},{"type":"Feature","properties":{},"geometry":{"type":"LineString","coordinates":[[-113.49132374915756,53.65056431947465],[-113.56584423108627,53.650461840916094],[-113.56586163536107,53.63501641474977],[-113.57941355564888,53.63227066690024],[-113.62882795875055,53.60517524913326],[-113.63893437884379,53.60741024902707],[-113.63915700867193,53.599629795382334],[-113.71362932412823,53.59237228774215]]}},{"type":"Feature","properties":{},"geometry":{"type":"LineString","coordinates":[[-113.68893038662159,53.51223859146811],[-113.65911817911629,53.512323663250584],[-113.65893360895063,53.52281208621761],[-113.63039310707735,53.521346203990824],[-113.63031768510938,53.52864889004539],[-113.61517600632808,53.53173261101072]]}},{"type":"Feature","properties":{},"geometry":{"type":"LineString","coordinates":[[-113.71362932412823,53.59237228774215],[-113.71342600221385,53.512211308059314],[-113.68893038662159,53.51223859146811]]}},{"type":"Feature","properties":{},"geometry":{"type":"LineString","coordinates":[[-113.69541988162965,53.354034248446155],[-113.68430764675901,53.34459836233753],[-113.6840204838876,53.33829342222926],[-113.54974544739095,53.3379017301361],[-113.50976394095434,53.39588246783847]]}},{"type":"Feature","properties":{},"geometry":{"type":"LineString","coordinates":[[-113.64957141677765,53.40341877907482],[-113.64339881735137,53.39302976362535],[-113.65093219600936,53.383335370593244],[-113.66631339614086,53.38010016691158],[-113.68200801467287,53.38359836817563],[-113.69094637319166,53.37899945483797],[-113.68394822024071,53.36299326129039],[-113.69541988162965,53.354034248446155]]}},{"type":"Feature","properties":{},"geometry":{"type":"LineString","coordinates":[[-113.56145748584156,53.505639171667795],[-113.587697487286,53.5008981608182],[-113.58630528597645,53.48689746606425],[-113.59114727597154,53.48095145536184],[-113.6166528048357,53.488068667557066],[-113.62568340953757,53.48583546398563],[-113.62415480138542,53.47965106596956],[-113.6052598825448,53.47135855573368],[-113.60495710714939,53.46569745807908],[-113.6140741407742,53.45935250975545],[-113.5999351642159,53.44423383582979],[-113.61324690938432,53.4357313039221],[-113.61575853733778,53.42108102931495],[-113.6576306485714,53.424916235765956],[-113.64615629102299,53.40344102182569],[-113.64957141677765,53.40341877907482]]}},{"type":"Feature","properties":{},"geometry":{"type":"LineString","coordinates":[[-113.516091898377,53.46601939292855],[-113.51618191685459,53.47588040325307],[-113.53858071033035,53.47637078543238],[-113.53882738304353,53.47267910367387],[-113.55715287510918,53.47556096368845],[-113.55185301467634,53.47974837024646],[-113.56156779091035,53.4917801524373],[-113.55834349040512,53.49796755508843],[-113.56145748584156,53.505639171667795]]}},{"type":"Feature","properties":{},"geometry":{"type":"LineString","coordinates":[[-113.35687597616489,53.48299904627198],[-113.40150919113019,53.48778060204655],[-113.44248119620853,53.48527988599322]]}},{"type":"Feature","properties":{},"geometry":{"type":"LineString","coordinates":[[-113.34430569883996,53.36683990287978],[-113.34431962789105,53.4801929811955],[-113.35687597616489,53.48299904627198]]}},{"type":"Feature","properties":{},"geometry":{"type":"LineString","coordinates":[[-113.41804085278304,53.38228725841764],[-113.39352373466058,53.382319095985075],[-113.3934902905409,53.36682528831099],[-113.34430569883996,53.36683990287978]]}},{"type":"Feature","properties":{},"geometry":{"type":"LineString","coordinates":[[-113.55355418347038,53.52749573804121],[-113.54159967969171,53.520050761761915],[-113.54123698368198,53.51269627063114],[-113.56145748584156,53.505639171667795]]}},{"type":"Feature","properties":{},"geometry":{"type":"LineString","coordinates":[[-113.35687597616489,53.48299904627198],[-113.34421868736275,53.486613586303065],[-113.34649569441926,53.51187186647781],[-113.3938745366508,53.5171546570406],[-113.393814288397,53.541253610503894],[-113.40083444048167,53.54125090133744],[-113.4022643507572,53.55657162604364]]}},{"type":"Feature","properties":{},"geometry":{"type":"LineString","coordinates":[[-113.68893038662159,53.51223859146811],[-113.68918980293128,53.40315540911249],[-113.64957141677765,53.40341877907482]]}},{"type":"Feature","properties":{},"geometry":{"type":"LineString","coordinates":[[-114.23429474857912,51.00896884385728],[-114.69866959883839,51.00844655936595],[-114.69944437608142,50.965045450783585],[-114.676039815672,50.96514035723501],[-114.67626651128484,50.93597380577458],[-114.65224557795997,50.93605307601427],[-114.65285489077246,50.92123179206956],[-114.62412424774111,50.92127044750246],[-114.62377795076519,50.9068341604062],[-114.63693432284568,50.906733223468876],[-114.63678425872573,50.89953341322665],[-114.62518188880213,50.899617681319825],[-114.6250314031226,50.89229658768868],[-114.55601122822837,50.89277024640907],[-114.55622438221546,50.81925866157616],[-114.53289044097131,50.81925962275831],[-114.53302044724038,50.81184374333006],[-114.54484289211598,50.81196930391783],[-114.54501295919923,50.80802414817776],[-114.54430590864399,50.80435540842622],[-114.53277598695841,50.80457735840757],[-114.53302758332882,50.703273770647144],[-114.46373169325199,50.703050432652475],[-114.46379647461897,50.6013051091419],[-114.44059704175076,50.60116123084637],[-114.44068794676203,50.57194780359238],[-114.4836804541492,50.572369385090575],[-114.48330214870568,50.543874553653154],[-114.52938097624788,50.54549432389021],[-114.52893985961832,50.45532361240814],[-114.5058936025191,50.45519963485707],[-114.50611886168804,50.41049602415409],[-114.52891839642744,50.41035996974981],[-114.52910503169416,50.39676365739463],[-114.5058807596645,50.39711363984548],[-114.50602747919855,50.36821164517135],[-114.46017104538825,50.36815078579169],[-114.4603631274277,50.32461107756027],[-114.39142621160752,50.32434456942597],[-114.391553155379,50.30989947846198],[-114.34535738329538,50.309869089153985],[-114.34510205811902,50.29517482926119],[-114.32174290925224,50.295087229962334],[-114.3212783599404,50.26583965750093],[-114.31564172792785,50.26580500652173],[-114.32831590192897,50.26170589859631],[-114.3537766790346,50.24034539636302],[-114.39734378924328,50.22999849165654],[-114.41304649743536,50.21558669843845],[-114.44093838599863,50.212139791431184],[-114.43519108785922,50.20927309638353],[-114.4461871929974,50.20154659345304],[-114.44209908773198,50.18605579743294],[-114.45249007894246,50.180769691568315],[-114.50887659938834,50.18351079501447],[-114.55241576815095,50.193423030692976],[-114.56880470728638,50.18831710373917],[-114.55700329935934,50.16647316206555],[-114.59485410398712,50.15803798774457],[-114.6034339621636,50.1647358911133],[-114.60476167717059,50.18469532900631],[-114.60919307387374,50.18984695644399],[-114.61389391889654,50.18242176737529],[-114.64572246708768,50.18423101252602],[-114.67905862802488,50.17818366919392],[-114.72631622852413,50.16073846635828]]}},{"type":"Feature","properties":{},"geometry":{"type":"LineString","coordinates":[[-112.83265050014433,49.56570868560505],[-112.83852484620769,49.572495529807796],[-112.85077456492539,49.57365268614028],[-112.84962198228602,49.58092632643525],[-112.85402255962454,49.58449661190985],[-112.8701794341782,49.583406439837376],[-112.87581124857218,49.58925266235075],[-112.89007449422252,49.5899658694441],[-112.89467877036991,49.59764278599235],[-112.91429906283739,49.605456403707265],[-112.90471428925107,49.61550595899414],[-112.89506422266636,49.61263745858889],[-112.88742939603105,49.626800563723776],[-112.9038336850714,49.6189454483324],[-112.90967698700825,49.62185355517946],[-112.90939160739924,49.62951584475572],[-112.91868756446293,49.62388108736435],[-112.92604603563042,49.63154874594433],[-112.91921736148035,49.63699621262666],[-112.93563519972098,49.647832463483],[-112.93242248727628,49.6564355238265],[-112.94624305714783,49.659431649850305],[-112.95428455607902,49.671040367311726],[-112.97094392596054,49.66932926331514],[-112.99187822797435,49.679015958882104],[-112.97980551242162,49.689087533977194],[-112.98423074736415,49.69984411145802],[-112.97240533439303,49.70547243872852],[-112.99223225873884,49.714829740902594],[-112.98598652548266,49.72312652977575],[-112.96921357723147,49.72881687736244],[-112.96874251455318,49.73642073290203],[-112.97905065661661,49.73613221916718],[-112.99937451933232,49.750000795524336],[-113.03168293921053,49.75112432921827],[-113.01990585651089,49.76990236471468],[-113.03821767180905,49.76820036569906],[-113.04953160206719,49.773714250035056],[-113.05091887921245,49.781239048369535],[-113.07216008727738,49.77806085729471],[-113.09188249254719,49.783282157326624],[-113.1100916137559,49.77759704609093],[-113.11361441651142,49.78041506110304],[-113.10794689566524,49.786656866837134],[-113.151970516423,49.79742874948541],[-113.18235309759437,49.78733904461257],[-113.18829560341119,49.801256743258094],[-113.22374730742413,49.83482695517217],[-113.22469081308363,49.846663749946],[-113.23073188066599,49.84955781427538],[-113.23264650525604,49.909504007183564],[-113.27677269345996,49.907557914403014],[-113.27676640515632,50.048352604129384],[-113.18813288928459,50.04807919659996],[-113.18811406223165,50.062667117459924],[-113.12105637814302,50.06245199752538]]}},{"type":"Feature","properties":{},"geometry":{"type":"LineString","coordinates":[[-113.65334154701667,48.99777272323531],[-113.65343841599929,49.07248320400645],[-113.69068910715896,49.072571570544426],[-113.68900309858482,49.07905786237288],[-113.69632833908976,49.08165195532896],[-113.69213836463624,49.08586350524958],[-113.70001956050429,49.08768921689866],[-113.69591050718367,49.090136811807824],[-113.69999599480155,49.09075771143884],[-113.698233704606,49.104862757827846],[-113.7156573645719,49.12394285450739],[-113.6992552144676,49.135329448606065],[-113.69205413902257,49.133258398639626],[-113.69082925308484,49.14161344604316],[-113.68257937282263,49.14134265419272],[-113.67452124620948,49.14942225753778],[-113.67624551515735,49.152619063649986],[-113.6612400165924,49.15533530030363],[-113.6396458253841,49.1732904543147],[-113.644388516159,49.17747430758891],[-113.64152860225941,49.19580426851815],[-113.6486654470773,49.20033780146348],[-113.64691841448578,49.20406261256609],[-113.31279679575196,49.20229039399107],[-113.30919145993978,49.20723830409923],[-113.3028994220353,49.20655315802698],[-113.30729079104215,49.20227019032882],[-113.23182484639823,49.20304651651085],[-113.22873181630737,49.210134050015796],[-113.24445836488263,49.20675369134603],[-113.26113811480455,49.213722951661666],[-113.26983466604935,49.23472584286667],[-113.26156696629698,49.23819213930218],[-113.26316892397224,49.24504358768697],[-113.25611853924327,49.25001281850883],[-113.27905079664642,49.26083026947252],[-113.27825928981935,49.26901745518],[-113.2647995105447,49.26947964973505],[-113.2755202055729,49.27111456551102],[-113.26585739252958,49.27169665932064],[-113.27099680769409,49.27955394776986],[-113.28565610336979,49.27935696847928],[-113.28304080668201,49.283570458605205],[-113.25528349211909,49.29073606133775],[-113.25518479439724,49.294969148413784],[-113.26540392097543,49.299453554561836],[-113.25386932132233,49.304965564109665],[-113.26155778723192,49.30660704981973],[-113.2629478049142,49.30898566076634],[-113.23689372143635,49.3054524656948],[-113.2446318297827,49.31064286368358],[-113.23200318668518,49.315076447249886],[-113.23784109951364,49.31703915607023],[-113.23738831084864,49.31727665596002],[-113.23107610555316,49.31594965968414],[-113.22995150781104,49.319441865673156],[-113.23530935521624,49.32037096300796],[-113.22989461587878,49.32017544903078],[-113.22993759840023,49.325047655758794],[-113.22109939119919,49.3254451553961],[-113.22571640364299,49.331642151647415],[-113.21849440451277,49.333079443647144],[-113.22246959230331,49.33801135186604],[-113.2039421985231,49.328061770042446],[-113.18684128908362,49.35481004779029],[-113.20897519942393,49.36774194350759],[-113.17933009407379,49.36251164977995],[-113.16271642776098,49.34115105866334],[-113.16500038648333,49.35384045146871],[-113.14565862262663,49.357022559952675],[-113.13943818900297,49.363261949885874],[-113.1461844226988,49.365807646744095],[-113.13924941512275,49.3660097514054],[-113.14137381462044,49.368821443629955],[-113.13034429087269,49.36524664596455],[-113.10864123111224,49.37243491359406],[-113.10432911458358,49.369947090591936],[-113.1080640900508,49.36646704690374],[-113.08532833857623,49.36040555169146],[-113.07530605751366,49.366566464037895],[-113.07796286120441,49.37066246819436],[-113.0723112734586,49.37143526312156],[-113.05945062402274,49.36098141679642],[-113.06527262237859,49.37531593141339],[-113.0624628126934,49.37747379265557],[-113.0532320171674,49.36908088956119],[-113.0448743269166,49.37358938579142],[-113.03853191274956,49.36427561066717],[-113.02233909214782,49.36502160357184],[-113.03103172113163,49.372597553523406],[-113.01468681059038,49.375244453416556],[-113.02160043586805,49.37826100608997],[-113.01427129468021,49.379702847254606],[-113.01610229502033,49.39012207007251],[-113.00798112453406,49.39985530418217],[-113.0183071412629,49.401551611530145],[-113.00901207865537,49.40416912972725],[-113.02255993019814,49.40727683432319],[-113.02681566673262,49.40311001641612],[-113.02770581549095,49.40883991987597],[-113.03389953438479,49.40814982856753],[-113.02821222101942,49.41267645558478],[-113.03814987173368,49.414640928328204],[-113.03781045206404,49.42014803969598],[-113.02052104196225,49.419509524933744],[-113.01495707813638,49.42508493015765],[-113.03043933490767,49.4309718577925],[-113.01532311239865,49.436474482574845],[-113.0301097570785,49.44677409809472],[-113.0183775754879,49.448415976145775],[-113.01548308105347,49.45237330665719],[-113.01948418446891,49.45665688486025],[-113.01067320262011,49.45470081506346],[-112.98844728648201,49.46201351617552],[-113.00047776220886,49.46634051688006],[-112.99918228827156,49.47319141111335],[-113.00435037703083,49.47660622034264],[-112.97737518681495,49.481553211632495],[-112.99932737640121,49.487765408049974],[-112.99929723792934,49.49422669715956],[-112.98619621387083,49.496322211516926],[-112.98930542241573,49.493354317445416],[-112.9845806683289,49.48875111630278],[-112.97004506239307,49.49787795447693],[-112.96582637611917,49.496142967057324],[-112.96955958722661,49.490578650995],[-112.95943911073174,49.490832662401125],[-112.96588095000268,49.50276817892802],[-112.94685613307287,49.50081214948574],[-112.94394757336671,49.51229263842559],[-112.95405687771597,49.515794750631926],[-112.92732175434182,49.52214439675582],[-112.94185960745249,49.528210047236925],[-112.93807185558607,49.5343997699894],[-112.91800960060668,49.523479454552486],[-112.91230847207588,49.52563172673914],[-112.914370421152,49.531577057534946],[-112.90731207019809,49.53284335494671],[-112.90797145910564,49.523410377278985],[-112.90293153532858,49.51924569225197],[-112.8854291966529,49.52328071156744],[-112.89912225543377,49.529158590817126],[-112.89620622878235,49.536152074446825],[-112.87267412274547,49.52649596447842],[-112.87800723544393,49.53559270292585],[-112.87085805655468,49.53746678126102],[-112.87579762216812,49.54315528120932],[-112.87025946225717,49.545582243721896],[-112.85799811593132,49.53969598457716],[-112.84208565696164,49.54605814490711],[-112.83789532074202,49.53852468901018],[-112.8338714184983,49.54596324064728],[-112.8241726553388,49.547631767377],[-112.84107004460822,49.559244001932136],[-112.83265050014433,49.56570868560505]]}},{"type":"Feature","properties":{},"geometry":{"type":"LineString","coordinates":[[-114.72631622852413,50.16073846635828],[-114.72495881922526,50.14074282292564],[-114.73599712938412,50.12035299857699],[-114.70370684862353,50.094842831261865],[-114.6912985347987,50.071341794965065],[-114.67991808911576,50.06410864624548],[-114.66246897444812,50.0649064536279],[-114.66637119771785,50.05094437490748],[-114.676071817068,50.048121466999355],[-114.6629002064434,50.03959419275277],[-114.66644456267302,50.03538977444631],[-114.65772215096996,50.029682395100515],[-114.65765505176525,50.019125615826724],[-114.6665826340454,50.003285703017454],[-114.65204748599882,49.99273356275665],[-114.65150037462202,49.975518782456284],[-114.65593507122132,49.96805809519626],[-114.68331071326175,49.96706077354363],[-114.68531889603024,49.95517865956791],[-114.69486097122669,49.9419113941696],[-114.68966551352311,49.93610365287638],[-114.68731662390334,49.917054950352835],[-114.6917859069597,49.8962861051441],[-114.67268831408205,49.87833597463287],[-114.67137070562283,49.86451154627245],[-114.66144133786806,49.86225450337483],[-114.6611685401993,49.85177104210527],[-114.63993243584724,49.82772088412863],[-114.64746839132044,49.817293939048916],[-114.63605150522976,49.784811587117865],[-114.6444478272323,49.77298513174276],[-114.6591353271728,49.76507938123675],[-114.64216697856966,49.74633534969075],[-114.6462914434659,49.74332085485346],[-114.64293021895809,49.739091663800885],[-114.6331191223712,49.73407963559727],[-114.63890515628631,49.7178426091128],[-114.676783970925,49.696187346357604],[-114.66921543233103,49.69114258365674],[-114.67039848790766,49.684228475664256],[-114.66500695614542,49.676802339310406],[-114.66932251511298,49.67042851967829],[-114.65770654352615,49.66124505017281],[-114.6677524395401,49.63744647045624],[-114.6743357663298,49.64291379727517],[-114.6964100954107,49.629356360000514],[-114.70210793603347,49.63737506788871],[-114.72254617675165,49.62290511839473],[-114.74647644614157,49.61850970574511],[-114.75240135510172,49.60879665602634],[-114.73685555987564,49.59539883653232],[-114.73258666928301,49.576379526652836],[-114.72453648917647,49.57581931163933],[-114.72476721802467,49.571559458657234],[-114.69623435739217,49.54682927637289],[-114.6838222045694,49.55687318989224],[-114.66313990205136,49.5523319870802],[-114.64847246821486,49.543328228728306],[-114.63094474966215,49.54952532248113],[-114.62013320018282,49.546808662228976],[-114.60795770727464,49.55975025904472],[-114.58895548161316,49.56589826486403],[-114.57360388010162,49.55746290640676],[-114.57020237649127,49.53736922596589],[-114.57300626551881,49.52496321028688],[-114.58343412462081,49.520429507016146],[-114.58515463115212,49.512654275632165],[-114.59658376886935,49.50198335108986],[-114.59345351987847,49.47143676167989],[-114.5994340318744,49.4666210492794],[-114.598410018025,49.454767160705174],[-114.60340483436373,49.452810695777565],[-114.59834864831201,49.44535632291632],[-114.6050653863778,49.43893650506245],[-114.59857420209505,49.43385416429323],[-114.59843280764431,49.41256158156111],[-114.59059023715119,49.39610824737692],[-114.57336916040295,49.389567362466686],[-114.57610668702775,49.38674458857374],[-114.56692967370454,49.376883566091394],[-114.53659401714053,49.37960972036216],[-114.52629019596607,49.375095025253806],[-114.53179609771414,49.37175912181254],[-114.52472099392574,49.35736539607962],[-114.50692649687723,49.35664218888382],[-114.48762451516005,49.34732061383923],[-114.47892762970069,49.32678063440993],[-114.4921639526652,49.322201040744524],[-114.49206208662821,49.313817405668814],[-114.4776460080229,49.31235184026911],[-114.45397273671482,49.29810340918472],[-114.44679535245498,49.28841762089604],[-114.45117687439496,49.280420634552655],[-114.44794247585226,49.26436922661594],[-114.41446220431975,49.262217492566215],[-114.38143230089675,49.25075747574938],[-114.38361375246267,49.24623931054016],[-114.40267640898247,49.24165090373403],[-114.40112052315713,49.22782414770767],[-114.40584623673972,49.22526147875862],[-114.39388816649526,49.21941625766161],[-114.40212197420351,49.21327360422478],[-114.39895729693112,49.210365202203825],[-114.36086032628916,49.20205494237078],[-114.34559060629961,49.193570768278015],[-114.33687532753751,49.19942981611634],[-114.3184409141526,49.19997253613186],[-114.31045637650871,49.19203470653974],[-114.2901000401362,49.1860060849705],[-114.28730150514885,49.178024384454],[-114.2694405054102,49.18099206953177],[-114.25712576285054,49.1770079756872],[-114.24671531212496,49.18727715690271],[-114.24053575955654,49.18467283654629],[-114.22154485866734,49.189055838473195],[-114.21265268612606,49.17344110024287],[-114.17490451914358,49.16355053886889],[-114.16124978499327,49.154831358138985],[-114.14903791886377,49.14365255445502],[-114.16605940148945,49.135557897342245],[-114.14963787198543,49.11806389693834],[-114.15314913867724,49.09951039567912],[-114.12959302379342,49.07810359415595],[-114.09647963566277,49.05975405867244],[-114.08097635842373,49.05968845972258],[-114.063496067675,49.04531156580098],[-114.05375826448127,49.02654472875341],[-114.07233849076823,49.00494536976584],[-114.06833210989366,48.99885049658155]]}},{"type":"Feature","properties":{},"geometry":{"type":"LineString","coordinates":[[-110.00000001796556,59.99999999930512],[-115.56716019719627,60.00004833689032]]}},{"type":"Feature","properties":{},"geometry":{"type":"LineString","coordinates":[[-113.36130781210396,55.023859356973134],[-112.90388982743829,55.024107343492105],[-112.90380312764013,54.97036729235594],[-112.8354683139394,54.96436256539756],[-112.81263440167962,54.97171585572463],[-112.75515210017299,54.970970176366464],[-112.72719600581199,54.977537357304264],[-112.71622127184031,54.987132657068386],[-112.74225456388949,55.01779812666704],[-112.74402003974836,55.02764825349574],[-112.7566009678649,55.038458368175334],[-112.80137393079485,55.048545177267094],[-112.8359381196117,55.04604158510057],[-112.88021321121266,55.06730790857424],[-112.88939792262806,55.077210141338206],[-112.87124600578122,55.11192967008272],[-112.84908031913645,55.12611801988143],[-112.83999424358144,55.155968623712255],[-112.81930700183048,55.17376924112405],[-112.8182984718246,55.220033851864486],[-112.81285980705613,55.228557219092444],[-112.78888911330725,55.24183361854692],[-112.78582624963593,55.26317187995406],[-112.75203157598814,55.27152460578484],[-112.73898190641977,55.28854448950797],[-112.70642269880304,55.282190402691874],[-112.68493077261014,55.3053503386976],[-112.69839614867763,55.348140313194875],[-112.72571397646924,55.38121543847613],[-112.72797617429565,55.415970492081854],[-112.75520623310929,55.442383067222096],[-112.75109748097812,55.46088428320577],[-112.31353038314623,55.4605731648058],[-112.31175587100594,55.1117249966767],[-112.34493358674663,55.11150655325202],[-112.34448496285538,55.02395329436465],[-112.44587579920555,55.0239630879777],[-112.44614206540834,54.762179828269176],[-112.42529155588896,54.76218792610859],[-112.42514327614357,54.5874708144907],[-112.24887933701075,54.58746686674561],[-112.2488884072077,54.58016981674365],[-112.23657200031884,54.58019481140135],[-112.23635496485772,54.58730048836904],[-112.12283700089112,54.587330291058784],[-112.12282058798763,54.500072667880765],[-111.99937489760954,54.49951049305481],[-111.99694080121569,54.41313700378518],[-111.97619053294179,54.41308077073029],[-111.97615163907405,54.39855742708179],[-111.9496896159298,54.39859956104741],[-111.94787724803032,54.354907524663304],[-111.85212907296052,54.35525479858467],[-111.85225306669679,54.369792672077324],[-111.86225663515532,54.36977052168129],[-111.86210800749748,54.39395290959178],[-111.8753614506556,54.40357386513709],[-111.85257064596837,54.406134921401744],[-111.85274310853843,54.40037263587607],[-111.84059534006836,54.40086596070906],[-111.84067477590963,54.39358259223097],[-111.82841478082192,54.39322639741598],[-111.82905029132611,54.41327028047559],[-111.46680071339466,54.412833065113134],[-111.46583268118891,54.431493168726526],[-111.43967578470773,54.4396042689415],[-111.42442188397484,54.43025487539027],[-111.42921858259955,54.42591287559354],[-111.42531419792246,54.42348795451783],[-111.38943576035689,54.4250141308076],[-111.39115947158808,54.33325232426602],[-111.32925724139749,54.33349355586185],[-111.32891926592877,54.32599250049712],[-111.31625481266832,54.32602090367908],[-111.31581711733834,54.26782819351954],[-111.01730998988114,54.267907204475996],[-110.99195731751921,54.27066170436234],[-110.95577628229279,54.28510740024705],[-110.89247491692043,54.28718089564822],[-110.8634583986953,54.29698748981031],[-110.65521898916367,54.29704789536331],[-110.6552281941251,54.26794718754081],[-110.38802448958975,54.26780949255864],[-110.38063730956537,54.263671791358014],[-110.37766671235657,54.23884196802103],[-110.00560668207098,54.238690127286475]]}},{"type":"Feature","properties":{},"geometry":{"type":"LineString","coordinates":[[-115.56716019719627,60.00004833689032],[-115.56920611965114,59.648901414167476],[-115.55295128093155,59.64802339064463],[-115.55566282089606,59.47595586403485],[-114.00008786639872,59.474687039105454],[-114.000010513242,58.76528765420847],[-113.72365310468004,58.765280632402586],[-113.72365196153613,58.68912335600401],[-113.92486258069894,58.68927454414211],[-113.99999988715949,58.66442706503427],[-114.00000001043469,57.381303396386045],[-114.97514124673896,57.380598396915545],[-114.9786652466845,57.205962282101105],[-114.97043181601629,57.20478710497184],[-114.96520971763454,56.85583524776892],[-114.95866683735755,56.85547359403858],[-114.95848454641025,56.807865499043004],[-114.0788808309748,56.80436009203515],[-114.08165248646088,56.456624776013804],[-114.94972326628933,56.459109685999586],[-114.94950984870566,56.1603649244188],[-114.9387762147402,56.1609793243126],[-114.93817062132858,55.80946475184825],[-114.30985364127622,55.81011895491644],[-114.31214300903277,55.63559758957291],[-113.57397855262296,55.6355253621344],[-113.57309016556992,55.46077943981864],[-113.54392748117772,55.4607706101071],[-113.54578839740489,55.11015514375136],[-113.51985088940704,55.11043590937417],[-113.51409566626356,55.023971016214226],[-113.36130781210396,55.023859356973134]]}},{"type":"Feature","properties":{},"geometry":{"type":"LineString","coordinates":[[-117.50952096682023,54.588902433808876],[-117.50955664966541,55.030541386801524],[-117.36258274903074,55.03053494572779],[-117.36203024352263,55.08334205916779],[-117.3571183877469,55.083189601571114],[-117.36035370840005,55.37458280701071],[-117.53865779446927,55.37493110473934],[-117.53948254090666,55.46162548429791],[-117.57094821803496,55.46153640948775],[-117.56876335846867,55.67026354585966],[-117.58044665854595,55.67168619695572],[-117.58694648869202,55.680442666385424],[-117.6029990450069,55.67582588264054],[-117.62584609511902,55.6775467354661],[-117.62968277720172,55.66903626475684],[-117.61651904659844,55.64685342134506],[-117.6237872656043,55.63473339618938],[-117.61873216685527,55.623241678342396],[-117.64578614665396,55.609339907647495],[-117.66359776773947,55.609868894808294],[-117.68562103597003,55.6199176586801],[-117.71794983104355,55.61196011938107],[-117.71885816224332,55.59875752983198],[-117.69536601240101,55.58115012320788],[-117.69165802180163,55.57261367666882],[-117.70186583434652,55.563393217042275],[-117.82683002293916,55.549332607331564],[-117.85291340306321,55.554653720831205],[-117.87942019956998,55.55071357634491],[-117.92548568258935,55.56450141372199],[-117.9493469682311,55.55716773271911],[-117.9677033804256,55.5595754379365],[-117.97435871182579,55.56528018766475],[-117.97156563092584,55.57672183866357],[-117.98497522141841,55.58157456854284],[-118.02144499992342,55.57326398092957],[-118.05319512763383,55.57395786788841],[-118.0705441489238,55.54949997841716],[-118.09423639902428,55.54513016835355],[-118.14601585948266,55.545276532114656],[-118.18761897186747,55.551158211125276],[-118.20657944402119,55.54847560939586],[-118.20734088542196,55.56337546289414],[-118.25850515395452,55.56298994602888],[-118.25845230165736,55.55674751932566],[-118.27263250775952,55.55646986749445],[-118.27285888116695,55.54349311136505],[-118.2974403839946,55.54333106600204],[-118.29766399833201,55.53375356382131],[-118.30995141169187,55.533670510649095],[-118.3099782560325,55.52754235629816],[-118.36325048293074,55.52732150884064],[-118.36059096289128,55.46142410735913],[-118.62118458386246,55.461398190955684],[-118.62107474401863,55.723025806940186],[-118.466200723301,55.723011601282906],[-118.47063029005965,55.89790814222039],[-118.62741987917623,55.89811304953425],[-118.63012320889263,55.923714581697205],[-118.68586550335971,55.92812957937864],[-118.7240139908259,55.937548672690205],[-118.78186482703208,55.94408236763116],[-118.8068572041058,55.9638808720892],[-118.82512071060746,56.01813058858828],[-118.851004125606,56.028758580592246],[-118.89795795592786,56.03478785937939],[-118.926509050722,56.053816196589615],[-118.93069549117989,56.0625313065885],[-118.9254290853501,56.07204783252307],[-118.88657728944585,56.097033050146095],[-118.8865203613811,56.11304287783297],[-118.90282503998691,56.13049864573583],[-118.78368149099867,56.13073060374681],[-118.78353979394797,56.159896208505614],[-118.00034378252421,56.160036894933626],[-118.00042560259848,56.24738999624832],[-117.34695307590093,56.24823007299506],[-117.34697080054285,56.25804026733247],[-117.33688818973751,56.258113926263704],[-117.33688274014662,56.248254494941236],[-117.320635856552,56.248300811092626],[-117.32037190509662,56.25643192390706],[-117.29845928762272,56.256724490834756],[-117.27545931256073,56.27248407331718],[-117.26496781897268,56.29662746131661],[-117.26710590944893,56.31736566203305],[-117.25220008319764,56.33455216392421],[-117.19767308652699,56.34904617136947],[-117.16479759367773,56.37152037489156],[-117.16612388609363,56.39089197437964],[-117.16135859394555,56.39254586974926],[-117.15847972081944,56.410478473342536],[-117.11691791435801,56.44135428036481],[-117.11131280565282,56.4487998653485],[-117.11176231716162,56.459650959385],[-117.09632710491248,56.48102316731165],[-117.09538210880281,56.49927497613259],[-117.09164179238827,56.501440370909485],[-117.0917011292748,56.53998737548555],[-117.07710071691308,56.56006046990942],[-117.07462269244843,56.57075438111908],[-117.09119381067482,56.580399370717934],[-117.12987379940112,56.58157628538603],[-117.14721560848461,56.59192336792681],[-117.14843690709037,56.59827606804241],[-117.140369488488,56.61281177689786],[-117.11878141334505,56.633165559450404],[-117.12118039742026,56.64643706182286],[-117.13367499791106,56.65533717947808],[-117.15475271902326,56.660390472161],[-117.22939358887449,56.69434188076341],[-117.23922159087007,56.70708087803436],[-117.23638970069644,56.71565925818772],[-117.22658229529627,56.719727771099066],[-117.17696098966557,56.72354546695092],[-117.16642678623717,56.73177077617853],[-117.16446459434944,56.74134348260921],[-117.17833018645882,56.75170647994056],[-117.19235072927871,56.753902376213304],[-117.24909639672987,56.741116375345186],[-117.26702211866694,56.744545378616785],[-117.27005160946138,56.75280127187487],[-117.25466500922136,56.77548177684862],[-117.27237482362935,56.7977134745567],[-117.27447950049933,56.80918006989952],[-117.25207910907294,56.82449585955121],[-117.24727150686546,56.83636626530411],[-117.26045790944667,56.8470553559361],[-117.3094670952409,56.856560385682926],[-117.31874040642086,56.866642756243415],[-117.30620888387121,56.8741556819544],[-117.26241169697138,56.876606783502574],[-117.24875489637934,56.884540886554014],[-117.24220869246676,56.896473769754664],[-117.25007308906369,56.91916146477158],[-117.24226517971152,56.93618926608379],[-117.2248747101815,56.94702216535947],[-117.21895167419926,56.958093271459695],[-117.22407419609587,56.97820888142069],[-117.21086008059744,57.01678567954172],[-117.21721771515294,57.032970170164624],[-117.21537397375171,57.05097986990639],[-117.21081309416076,57.05845117141662],[-117.19388958800397,57.065085070840425],[-117.16058039769352,57.067249065092795],[-117.15005838356196,57.07751826959056],[-117.15708369106245,57.08891567781509],[-117.17409159433082,57.09423007683583],[-117.21021519659894,57.097146180231114],[-117.25371200398808,57.09397786884061],[-117.2706037717919,57.101331266039715],[-117.27145631588485,57.111930780775864],[-117.25534372160564,57.12098477686674],[-117.2250066045017,57.12695258548681],[-117.13148060687942,57.13557797824148],[-117.10046258777807,57.14899648441098],[-117.09187081342331,57.162844773473196],[-117.09413259076725,57.191743677954356],[-117.10319359494771,57.200869273680766],[-117.09804111316791,57.2054915592312],[-117.09433648847302,57.22638997838609],[-117.06222909930028,57.25717026514784],[-117.06380129207483,57.27081006249744],[-117.07403129510894,57.28272566017791],[-117.12627930154537,57.28672396339984],[-117.15098469824368,57.294004775902486],[-117.1417078989393,57.30990988342428],[-117.12281097900996,57.32240606383488],[-117.12995379308236,57.34706488433445],[-117.09053289108569,57.39774936912927],[-117.07273188251243,57.41503147885532],[-117.03641170505989,57.43049588320971],[-117.02639251609752,57.44143587624213],[-117.0279416836117,57.47104888638017],[-117.04069950915786,57.48285136374358],[-117.0626994938057,57.49116317379313],[-117.1138939815457,57.49758857901314],[-117.12179530438658,57.503436764662005],[-117.12116459064853,57.50806248350815],[-117.110211320226,57.5198596721084],[-117.09372802128064,57.524451675786246],[-117.02535971062453,57.5320486804143],[-116.94582480972714,57.53282106747886],[-116.92552532052932,57.5404585757064],[-116.91450330129183,57.55590307139062],[-116.91468800474578,57.56587997240547],[-116.92243838720343,57.57663747756533],[-116.95145018705014,57.59191877804335],[-117.00524230766196,57.598160478703285],[-117.02375958010623,57.59124837546496],[-117.04368819898848,57.594978882769105],[-117.08145780527406,57.60880825877755],[-117.09508338564041,57.62322297805626],[-117.09240687244333,57.63639977541552],[-117.07363688746175,57.65695597495787],[-117.04482199344444,57.67540736949573],[-117.04131860614825,57.68896466337719],[-117.05596569125467,57.702574569547636],[-117.11892256919026,57.72398896699383],[-117.12179808995093,57.73598467576796],[-117.11435008893484,57.742285267813784],[-117.08706501190338,57.749556479114375],[-117.03148759637085,57.735062373732525],[-117.01088807779196,57.73607156458246],[-116.99489020975068,57.744507773676354],[-116.99072248386295,57.7598904666708],[-117.00141267640524,57.77292167737604],[-117.02538327697248,57.78180967767559],[-117.09717679022117,57.78614768296142],[-117.1180366887374,57.794273773582354],[-117.12049288715039,57.803375965205845],[-117.11415498049308,57.812279976148815],[-117.07988939405962,57.82292548828968],[-117.03419077819294,57.82448228050703],[-117.01243429916252,57.83830087021751],[-117.02591970810158,57.85674227625529],[-117.12489562025776,57.9143158790951],[-117.14123129991526,57.9267479805828],[-117.14447718667789,57.93444828496403],[-117.13415141346968,57.95938378202294],[-117.13521759858435,57.97342235984067],[-117.10949521883474,57.99007248072912],[-117.10928501636242,58.010096083201255],[-117.09231879502829,58.034925869962315],[-117.05883957754996,58.04516777584395],[-117.03864078479147,58.04409129103346],[-117.02673918234731,58.05143156408518],[-116.97525920782175,58.05405137417907],[-116.95439608046007,58.06510646782929],[-116.94190270589591,58.07973586393588],[-120.0000000364284,58.079469501798236]]}},{"type":"Feature","properties":{},"geometry":{"type":"LineString","coordinates":[[-119.99999976778857,54.587374248583124],[-117.50952096682023,54.588902433808876]]}},{"type":"Feature","properties":{},"geometry":{"type":"LineString","coordinates":[[-120.0000000364284,58.079469501798236],[-119.99999976778857,54.587374248583124]]}},{"type":"Feature","properties":{},"geometry":{"type":"LineString","coordinates":[[-112.95138879150251,53.89339740241473],[-112.95102778358297,53.77434539361624],[-112.9262248029978,53.77431729781579],[-112.92639050164952,53.716257098258275],[-112.87722678459149,53.716255509937874],[-112.87676301113491,53.70209489359095],[-112.87762755068385,53.65779328805165],[-112.90206634911422,53.657874013512675],[-112.9022378912655,53.6432467383833],[-112.9265017003849,53.643502075297434],[-112.92662651416573,53.62887120254389],[-112.95113560760292,53.628649253527385],[-112.95136318111125,53.52425064960467]]}},{"type":"Feature","properties":{},"geometry":{"type":"LineString","coordinates":[[-113.34743198628708,54.022998692653346],[-113.34768517744023,53.97797257905747],[-112.84373683603863,53.97781831531077],[-112.84573947788856,53.95922027242241],[-112.86105860856215,53.941901870671416],[-112.95138879150251,53.89339740241473]]}},{"type":"Feature","properties":{},"geometry":{"type":"LineString","coordinates":[[-113.36130781210396,55.023859356973134],[-113.36108152915763,54.93724948140527],[-113.66560153644582,54.936726695271375],[-113.66447808123387,54.76212409227929],[-113.69157086863639,54.7618818026673],[-113.69446308382891,54.741943798996765],[-113.68938268861288,54.674401158839906],[-113.68552175686557,54.413408503695734],[-113.67611676271582,54.413401698016976],[-113.67532527707704,54.3631224972606],[-113.61292118462276,54.36309149894007],[-113.61308498596773,54.34101919477236],[-113.60058212326093,54.34095509712281],[-113.60045627923759,54.32663019145078],[-113.30058981643973,54.326746583218494],[-113.30369916550497,54.298913634063155],[-113.30047648761068,54.26860151590804],[-113.37531560434935,54.26842667154332],[-113.37498148574161,54.09384781473749],[-113.35003620290257,54.0938907646355],[-113.34743198628708,54.022998692653346]]}},{"type":"Feature","properties":{},"geometry":{"type":"LineString","coordinates":[[-113.69541988162965,53.354034248446155],[-113.70466098724755,53.35621326234086],[-113.7068348779048,53.37010135506305],[-113.74699028517519,53.37177625670468],[-113.76328309383472,53.3569229593202],[-113.77399258692522,53.35853037491142],[-113.77877869176137,53.36575146727345],[-113.79497821758872,53.35487296964925],[-113.83167859927211,53.36101326314714],[-113.87531358377989,53.3425139693237],[-113.92281889470085,53.33633526698371],[-113.96911458455948,53.341029354871935],[-113.990523981712,53.3260313632236],[-114.01393670927617,53.32789675651594],[-114.03354229777024,53.32267456658013],[-114.04620859573855,53.32582085480146],[-114.04245350130367,53.326791560315506],[-114.05668390478446,53.33654746380224],[-114.06371318399682,53.34991605942857],[-114.12563488725885,53.345719363684466],[-114.16171609335734,53.3549240774964],[-114.22201088800462,53.3581843534266],[-114.25432327694375,53.37172616266565],[-114.2777980061842,53.37146596483886],[-114.27966048483414,53.38504817176496],[-114.30037558426093,53.39890806574095],[-114.27576151513054,53.428106261084444],[-114.29640387872698,53.423073460842886],[-114.29254830580892,53.417821667854824],[-114.29780809242358,53.40990977294298],[-114.30518531398403,53.41367096370789],[-114.31261148961558,53.4095000586175],[-114.31624519472702,53.40874326742921],[-114.31865171776506,53.40881815692427],[-114.32066608376888,53.40973117363724],[-114.30748029836761,53.41392956132198],[-114.31542220268004,53.421264376253696],[-114.32709359182698,53.41883987264665],[-114.34636110461412,53.424510161764665],[-114.37001208808536,53.424078272454516],[-114.37359180582123,53.41512716471868],[-114.35974388948858,53.40638017615493],[-114.35843631898808,53.40072777268489],[-114.36910049178113,53.397769267946785],[-114.38516009583877,53.40576426859012],[-114.38908510869712,53.39772236755891],[-114.37558440925667,53.38756514827949],[-114.38968659031434,53.382093278347575],[-114.40135221651673,53.38478317280788],[-114.42231300615337,53.36630215190038],[-114.39603172793149,53.36195167113402],[-114.39919939146533,53.349386557603076],[-114.43062229463983,53.34213285469794],[-114.43748950227385,53.347462367556126],[-114.45923830719403,53.34401386358041],[-114.46819241420893,53.337730964485665],[-114.46169211016989,53.343425650038526],[-114.47845759608758,53.34170826413543],[-114.47882020653759,53.33310947336298],[-114.48741520072006,53.3321421686179],[-114.48453069762058,53.33097656421135],[-114.51369950258885,53.31050036039519],[-114.54593742274561,53.31467996296671],[-114.5618731583877,53.31207775956096],[-114.56223061508337,53.27180210333445],[-114.56085686163794,53.250530461423615],[-114.53755148930657,53.25061169839176],[-114.53794865832307,53.22109629680044],[-114.489184505082,53.22149470407659],[-114.48913750459457,53.19235030454183],[-114.44043507339302,53.19225048793189],[-114.440464416611,53.14577138407445],[-114.39642353067326,53.14569664311102],[-114.39639814618005,53.135950902215704],[-114.36273066094166,53.135739266913866],[-114.36361300540754,53.06190303045189],[-115.02373478771096,53.06231259877489]]}},{"type":"Feature","properties":{},"geometry":{"type":"LineString","coordinates":[[-113.04986959344203,53.36399942697696],[-113.34430569883996,53.36683990287978]]}},{"type":"Feature","properties":{},"geometry":{"type":"LineString","coordinates":[[-114.58245905637524,52.843915811956386],[-114.5334073230239,52.84376660573191],[-114.53369291398553,52.88736826780382],[-114.14702701673647,52.887880614433556],[-114.1465909061563,52.87260580288615],[-114.09856972000506,52.87247265426722],[-114.09858878657795,52.86524778926575],[-114.06271204615736,52.865240373868026],[-114.06227301891995,52.85794039969482],[-114.05079000201253,52.85781243779141],[-114.05016500214127,52.8434303997988],[-113.54733802646706,52.84336679142186],[-113.54753289100391,52.828678739178955],[-113.52329495081584,52.828863199760164],[-113.52329718410859,52.82149408021711],[-113.51119410953531,52.82160840803138],[-113.51115188857739,52.814285596090826],[-113.46337415389631,52.81426139903616],[-113.50253826847792,52.778249719954104],[-113.48600163173374,52.77861767012221],[-113.48690649489288,52.71923721474745],[-113.46360444060784,52.719288106405315],[-113.46370007511068,52.712418842961476],[-113.39056008412317,52.71183193223745],[-113.38978895285464,52.742836295903324],[-113.38392579877888,52.74303217331518],[-113.38621799003552,52.745410556773024],[-113.35189808387875,52.73996586720678],[-113.34306561552428,52.74430055658736],[-113.33667150536034,52.7372670702649],[-113.30933700506935,52.73891717344686],[-113.31335727825365,52.73507115964309],[-113.27727079165845,52.72888866192262],[-113.24548300079817,52.740944854033344],[-113.22860108017726,52.73809135401071],[-113.22950677318198,52.741953055974946],[-113.25434438402074,52.74871625175675],[-113.24715728772783,52.76275926298377],[-113.22942052709175,52.75557265778605],[-113.08849081292321,52.75580116591588]]}},{"type":"Feature","properties":{},"geometry":{"type":"LineString","coordinates":[[-115.02373478771096,53.06231259877489],[-115.02500981502872,53.01831329814699],[-115.01636117052657,53.01834797492455],[-115.015911137073,52.84354966942772],[-114.58245905637524,52.843915811956386]]}},{"type":"Feature","properties":{},"geometry":{"type":"LineString","coordinates":[[-112.83265050014433,49.56570868560505],[-112.82326570966438,49.56698526193283],[-112.81953270404686,49.56255526637616],[-112.81255351620935,49.56548306244648],[-112.8147492016109,49.56119076781081],[-112.80620270350221,49.56067055559497],[-112.80457480588863,49.552223551273464],[-112.7347788102154,49.55238059877094],[-112.73487778206997,49.53781149319088],[-112.57846966678892,49.53822960298704],[-112.57876542991126,49.52321184522456],[-112.5558585647116,49.52378582356991],[-112.55601708408531,49.56704870479532],[-112.30771697325083,49.56739502422729],[-112.30766790297079,49.61122010285128],[-112.21776395853232,49.611042511124495]]}},{"type":"Feature","properties":{},"geometry":{"type":"LineString","coordinates":[[-113.71362932412823,53.59237228774215],[-113.75952388153752,53.5813801751123],[-113.76223980612922,53.59216055714471],[-113.7571247225701,53.599793951681896],[-113.83622159355856,53.59956899911057],[-113.83621170396016,53.628954308704955],[-113.91000531010963,53.62856650527438],[-113.91014401109501,53.657639884914815],[-114.12400239305025,53.65748550576011],[-114.12308159060173,53.599292175736416],[-114.2476453690915,53.5992671661873],[-114.24731643498352,53.61389256092127],[-114.68968471455692,53.61382438653226],[-114.69006012169703,53.62633540070775],[-114.68709588142616,53.62934491072714],[-114.68796510845992,53.62942210596821],[-114.76883529861641,53.62641225546469],[-114.77670459448328,53.620002060752725],[-114.77104999490673,53.60837377964998],[-114.80190018816664,53.5992347607116],[-114.81318356136215,53.6026618579448],[-114.81253979113603,53.716389764511355],[-114.91546403770622,53.71565846666113],[-114.91834830483012,53.71892760311681],[-114.9081690080318,53.72265205952936],[-114.90928530018218,53.728966227384205],[-114.92086235019589,53.74130777429602],[-114.94457805592405,53.741803611830605],[-114.94128626763617,53.74812656849875],[-114.95053741640457,53.7498701247656],[-114.94238994237391,53.76019236751378],[-114.96743192326909,53.76575726136031],[-114.9570794170907,53.771092518493695],[-114.98479416821982,53.78143512131197],[-114.97506031352687,53.78816162486181],[-115.04317253800899,53.78887544219708],[-115.04310780290135,53.80974249119088],[-115.01838969846756,53.80996109249702],[-115.01869131372402,54.04973430235515],[-114.96921121533745,54.04970878815735],[-114.96922132388497,54.064532805106445],[-114.9519220073185,54.06452698699741],[-114.95174007937712,54.12283739364195]]}},{"type":"Feature","properties":{},"geometry":{"type":"LineString","coordinates":[[-116.23133902317166,53.97697171044008],[-116.23128658119748,53.84554879158979],[-116.24101540005505,53.84187600389537],[-116.23150089762059,53.83192819944506],[-116.22917389965353,53.803078313261416],[-116.16811988871356,53.803695105489176],[-116.13261058730951,53.79223480555718],[-116.13260561040443,53.7468873935381],[-116.12917189924016,53.744110406525465],[-116.1390666088848,53.71859641022696],[-116.13959540605623,53.70263640765891],[-116.16254022337922,53.69986290219205],[-116.16357290807683,53.62836719847573],[-115.98840845795522,53.62894308892054],[-115.96851049782286,53.616782095349976],[-115.96697864198875,53.54138202391926],[-115.91778834009483,53.54131832055511],[-115.91774227364955,53.366733476089955],[-115.61108821351034,53.36657516725008],[-115.61091383163348,53.01913569896381],[-115.59819686364105,53.01868929324672],[-115.59753905897038,52.97369763229466],[-115.60619366345034,52.96855849852505],[-115.59293933866768,52.96256879718785],[-115.60304855724698,52.956266223135884],[-115.60154110910244,52.94567943415359],[-115.59485434557494,52.94155556517501],[-115.60504018422502,52.93299439323492],[-115.59688112009367,52.92579460181914],[-115.59738131104666,52.84343489403141],[-115.50218919794304,52.84333470942975],[-115.50278690677183,52.85829674023068],[-115.28123192975374,52.858903295859356],[-115.28254946985898,52.84295264250382],[-115.1452064867241,52.84315103058273],[-115.16209128918467,52.85298627520776],[-115.14750938565643,52.857279762130766],[-115.14795350762364,52.8611109629703],[-115.17957931307276,52.87708595351024],[-115.17421469161539,52.88530155802927],[-115.17838728585535,52.895879155909014],[-115.18771971398792,52.895406048729676],[-115.19235010874812,52.901215349913514],[-115.20576350951498,52.900313358204095],[-115.22737682157492,52.915668664486475],[-115.22092648866564,52.92826577003887],[-115.20721760729501,52.93771165499832],[-115.20907680604148,52.95415976530184],[-115.1981196215985,52.96541496491111],[-115.2020097016052,52.97766396365888],[-115.21546708504005,52.98798615596935],[-115.20448239037196,53.005652774152324],[-115.20630692036198,53.01200366272398],[-115.22606909612269,53.033181660283425],[-115.20294111533575,53.05436877172283],[-115.1661905919626,53.05156277392378],[-115.1427326974502,53.057232965089874],[-115.09066868268285,53.05379956649396],[-115.07582659180461,53.06973677433971],[-115.04496399625705,53.05904985346002],[-115.0334805939611,53.05825727690292],[-115.02548938888866,53.0665713676307],[-115.02373478771096,53.06231259877489]]}},{"type":"Feature","properties":{},"geometry":{"type":"LineString","coordinates":[[-114.95174007937712,54.12283739364195],[-115.00226645062573,54.122653622769825],[-115.0022072040538,54.15214766246465],[-115.20182104056147,54.15212254640194],[-115.20036581585487,54.064721160125266],[-115.33716189849814,54.06393645914627],[-115.33733919754383,53.80278240902907],[-115.48678478773894,53.80304593682662],[-115.48704629248138,53.81899888673964],[-115.7849466950942,53.81883701097957],[-115.7852773844353,53.89023509312374],[-115.87471311349769,53.8917855155231],[-115.85904420011124,53.90031783026224],[-115.87473989230256,53.90815002570556],[-115.85345763480571,53.914509779904094],[-115.844558930391,53.922888729398025],[-115.85168879429882,53.92729342050404],[-115.8597026563205,53.921589724250815],[-115.87550312011417,53.91981392895618],[-115.86741463668778,53.94182300915226],[-115.84501036217817,53.95349111808031],[-115.8524108513316,53.95673850568156],[-115.86700854794901,53.95373202873765],[-115.87343523761702,53.95799387820805],[-115.87362178230487,53.96343162057995],[-115.86016740373019,53.96624277282709],[-115.8672050837028,53.970710813570335],[-115.8686793600202,53.97775881756184],[-116.23133902317166,53.97697171044008]]}},{"type":"Feature","properties":{},"geometry":{"type":"LineString","coordinates":[[-119.99999998322959,60.00000000017064],[-120.0000000364284,58.079469501798236]]}},{"type":"Feature","properties":{},"geometry":{"type":"LineString","coordinates":[[-115.56716019719627,60.00004833689032],[-119.99999998322959,60.00000000017064]]}},{"type":"Feature","properties":{},"geometry":{"type":"LineString","coordinates":[[-114.95174007937712,54.12283739364195],[-114.82684326194773,54.12296858617283],[-114.82730284367744,54.06521387704399],[-114.82000704539632,54.06503952736436],[-114.82052820505714,54.035247609885026],[-114.79346035400901,54.03521801379869],[-114.797994112655,54.0134408915379],[-114.79610081503948,53.97302320179952],[-114.78926888757219,53.97708899024654],[-114.73347391221942,53.9770367013162],[-114.73161456804438,53.931426407308685],[-114.72735275444913,53.924536716664974],[-114.70535988067743,53.91901935764864],[-114.70075124360594,53.92190367646425],[-114.7009888329726,53.92873845972111],[-114.6905480693425,53.91950162248715],[-114.67596128459724,53.92752267107611],[-114.6760213734183,53.93339320940129],[-114.66527168380082,53.92854132290521],[-114.64905093291853,53.93858596480393],[-114.65048240031045,53.93240165457575],[-114.64147304653935,53.930805369089036],[-114.62873203637699,53.9415422066942],[-114.60966326881075,53.93279151207587],[-114.58784332456362,53.94006622019854],[-114.58443916617786,53.93055646619421],[-114.57193854668654,53.942742928347904],[-114.55481627216936,53.9375914732937],[-114.53333839706461,53.94562211712692],[-114.52343180681302,53.940725607012446],[-114.52099586085184,53.94804056562083],[-114.51047007777579,53.94759831404504],[-114.5233340805862,53.952906219955764],[-114.52027703366691,53.95548477654756],[-114.50348920664548,53.95471242614305],[-114.4976480148837,53.959505518440935],[-114.4972755055392,53.950881712799436],[-114.49161776663676,53.94859951746036],[-114.44998056825884,53.96478931743974],[-114.4299628630408,53.96450082082157],[-114.42351289942053,53.969736316801246],[-114.4296078777811,53.977412413125535],[-114.34930257038599,53.97774106914778],[-114.34969703902841,53.93399394310729],[-114.29927158976369,53.93391785292656],[-114.29947839278651,53.91936526076662],[-114.2868616285705,53.91911302534936],[-114.28718128091,53.89028530483293],[-114.15069129073136,53.890308293647124],[-114.14978065795088,53.853867683796366],[-114.0513915970216,53.853985229391796],[-114.05145181347562,53.926734700047916],[-113.99223103979108,53.92667368084722],[-113.99207989608877,53.91256024427874],[-113.97955273091914,53.912534882362735],[-113.97984362949506,53.90490323327026],[-113.86806571948624,53.90481499336248],[-113.8680432148205,53.92002829243261],[-113.80628239825695,53.920046197630775],[-113.80596806006157,53.963639165709864],[-113.78111760053102,53.96364045861043],[-113.78114081103847,53.99280645643424],[-113.66971475079555,53.99270361326837],[-113.66969110523546,54.007311588852026],[-113.57057307593006,54.00728969573347],[-113.57055513060669,54.02157893264916],[-113.34743198628708,54.022998692653346]]}},{"type":"Feature","properties":{},"geometry":{"type":"LineString","coordinates":[[-117.50952096682023,54.588902433808876],[-117.51157240789144,54.04352356331051],[-117.49978244919093,54.045302559369645],[-117.48270405337031,54.03441195642305],[-117.4642857414882,54.031055112712316],[-117.43323819699593,54.03114408164975],[-117.42608676971219,54.03542851825438],[-117.42520830631959,54.02985662155203],[-117.41674131552165,54.026809378217266],[-117.40854901122884,54.02581412412682],[-117.40328809596802,54.03189656622375],[-117.3935430581244,54.02397627987087],[-117.36712036936213,54.02690991517648],[-117.35415687426267,54.022081660080346],[-117.35744482409731,54.02547742531131],[-117.33600489678345,54.02333821236886],[-117.3328037686439,54.026903357214344],[-117.33245648046295,54.03676957060643],[-117.35657639272887,54.03937862287371],[-117.34581492336753,54.05053975934877],[-117.33206067865063,54.04581472573128],[-117.33004224901649,54.05143012174243],[-117.29786905196798,54.047901308333664],[-117.29157174280618,54.053102929506345],[-117.28247230765054,54.05126656797265],[-117.27507934610134,54.05788871317958],[-117.27358260300467,54.05136367508902],[-117.25493345150535,54.048314629270614],[-117.26033145048791,54.04255076816743],[-117.2491451998064,54.04309586776046],[-117.2463880920477,54.03582141941693],[-117.26544492260953,54.03258830564929],[-117.26603458459127,54.02612131411408],[-117.27632472363257,54.032471461528466],[-117.28361269962711,54.024504712478674],[-117.28703174378965,54.01564356849281],[-117.28283616608681,54.012500957563994],[-117.28942341621975,54.006872117482146],[-117.27523582281448,53.99974231688491],[-117.27672634022954,53.98751641223816],[-117.26979951242927,53.98529780782435],[-117.26367005936471,53.99002475987914],[-117.24637480146828,53.986072813411155],[-117.24237964149992,53.99001341694039],[-117.24496276197341,53.99978566930281],[-117.2335262982007,53.99987466591798],[-117.22397691585076,54.01010361315664],[-117.1995169507699,54.011116230972554],[-117.19169775251027,54.00746057681379],[-117.20494938364719,54.00544621124528],[-117.21704248083462,53.997408626049115],[-117.19368062642246,53.99043088803348],[-117.17484271994573,54.00003992366722],[-117.16707465116478,53.999079163703705],[-117.16094945052643,53.99480248591369],[-117.17107374667947,53.98641547494742],[-117.16754482582824,53.98260387576226],[-117.130603810985,53.984939906171725],[-117.11218461469787,53.99617361093339],[-117.10589885052433,53.988862078717155],[-117.11355355989268,53.98544005971121],[-117.11517199860889,53.976880579391946],[-117.10092780675268,53.97247196577009],[-117.08682405201986,53.98112251784473],[-117.09091769950818,53.98686698233659],[-117.05819065497083,53.97710427830825],[-117.05071150524336,53.99274956852917],[-117.02968079477077,53.99489830930103],[-117.02754099578125,54.00655431392043],[-116.99962945453727,54.00304541922304],[-116.95793567185595,54.0171964698469],[-116.94574456069242,54.0118183272988],[-116.93759277064314,54.01581676326176],[-116.91646262445829,54.005138725560485],[-116.907846583917,54.00854641205668],[-116.88203509823124,54.00007781528318],[-116.84137325898111,54.00300536522153],[-116.83219725613381,54.0219714205831],[-116.80724273701632,54.03656447598913],[-116.7754089728455,54.04231627079302],[-116.76662379911149,54.07775591861752],[-116.73592111186501,54.112792618230685],[-116.70019530573525,54.122054708097274],[-116.70161438328248,54.066319755815705],[-116.52841772119345,54.065384397515885],[-116.52693355160534,53.977647231450554],[-116.23133902317166,53.97697171044008]]}},{"type":"Feature","properties":{},"geometry":{"type":"LineString","coordinates":[[-113.64266771224175,51.95450400212517],[-113.64056268071484,51.968958494174444],[-113.64745400698148,51.968785706376686],[-113.64745260680786,52.02659680410175],[-113.92856928811655,52.025705309101234],[-113.90110228116808,52.049993423865665],[-113.98046081547501,52.04974349999741],[-113.98039749289786,52.06523821208147],[-113.98533716572356,52.069673844884406],[-113.97857939836591,52.07855372820841],[-113.98361130815096,52.09006945222847],[-113.99157536084752,52.09506319903223],[-113.98880505722857,52.11537345094199],[-113.9637448865762,52.12510300283589],[-113.96834537489468,52.14066281656189],[-113.9650134934541,52.14917382360825],[-113.95266362348795,52.165074989770076],[-113.93965580169302,52.16538069093234],[-113.93288057199895,52.17029422574686],[-113.9271793903366,52.18721957942726],[-113.91563145755505,52.19851164171953],[-113.9130383947245,52.20932561720993],[-113.90289427272211,52.216638089659845],[-113.89850471081652,52.230731534865164],[-113.88476502450581,52.24014346584324],[-113.88781955414296,52.25645833309781],[-113.86281440797126,52.268402509429265],[-113.86606880085883,52.27336129679191],[-113.86092525630275,52.29660158028815],[-113.88548529842694,52.29600931325918],[-113.88553318010689,52.303350501621914],[-113.89739294891743,52.30346798683463],[-113.89729186178543,52.31763566890336],[-113.86494278735697,52.317518795735275],[-113.86126441622466,52.313900210019085],[-113.85759020011254,52.31702688733807],[-113.86036468305629,52.32565320391976],[-113.85104159437938,52.33777394570451],[-113.7899028995081,52.34220670774711],[-113.79620911215711,52.3515352918409],[-113.7961612233629,52.35658474899495],[-113.79217182552372,52.350934500959845],[-113.78644009642481,52.35521198260575],[-113.77981768727149,52.35220061519451],[-113.76127339446951,52.3608089698998],[-113.7587656509569,52.35523516588472],[-113.75162459429508,52.35717505771217],[-113.72557691077272,52.346916062094614],[-113.71051818647538,52.35266576522649],[-113.68915779909618,52.338262872881906],[-113.69585761287577,52.32464296926897],[-113.6854693927068,52.31631985958337],[-113.68105479842741,52.29701155165665],[-113.67065159039245,52.289547172024534],[-113.63160159426349,52.27639956518949],[-113.60272028605756,52.278263069961476],[-113.5877480910019,52.264841370268066],[-113.53198739834167,52.25748345694788],[-113.50104020825255,52.239375957324704],[-113.4717563141721,52.234459668841595],[-113.42602797816214,52.24216525572248],[-113.40352859868607,52.23884395709997],[-113.37873731745604,52.24174966447315],[-113.36728901731477,52.25148096467343],[-113.32338200688899,52.24469507100374],[-113.31024788203692,52.25268575348333],[-113.27828291036836,52.25000004951599],[-113.26821458978215,52.26310084997709],[-113.24908711153454,52.26848936513436],[-113.260437900729,52.280680165140815],[-113.25267300997795,52.29123264996059],[-113.26457711006985,52.30706015486906],[-113.260502596114,52.310063170208736],[-113.2427170148562,52.30170645977437],[-113.21710268977687,52.31420055439011],[-113.19710040163312,52.31437796841901],[-113.17896781516127,52.32180515843367],[-113.15952228346568,52.31646385986661],[-113.11118788514774,52.322208355110334],[-113.09321569775705,52.317628015585555]]}},{"type":"Feature","properties":{},"geometry":{"type":"LineString","coordinates":[[-114.58245905637524,52.843915811956386],[-114.58305211476151,52.71265366197276],[-114.65596063526058,52.71299753732404],[-114.65507252604148,52.66855959237443],[-114.64986138564727,52.66855497865163],[-114.64948238150812,52.595150309528044],[-114.57773024675319,52.595346720283295],[-114.57752178743512,52.58126440457793],[-114.50558009567396,52.58140929059939],[-114.50556658526682,52.56690819687249],[-114.46624626297695,52.56660403163054],[-114.46523309471844,52.50906583922356],[-114.52939031062921,52.50866249949342],[-114.52958324958459,52.44932833438532],[-114.50546972526143,52.44955103747772],[-114.51026884472803,52.44115151492282],[-114.50549078680794,52.43473089190203],[-114.49441711703624,52.434840450984716],[-114.49342714822215,52.399879526073704],[-114.48142835628379,52.399724387974295],[-114.48149308570214,52.37756767491442],[-114.45736431376827,52.37744930168789],[-114.45754007813063,52.319124200143236],[-114.44127002871585,52.319103025875464],[-114.44151464018094,52.27560154301298],[-114.43004481506316,52.27525210430923],[-114.42994093702704,52.129744761224906],[-114.5717916027422,52.129971911544445],[-114.5727420935601,52.12388440979625],[-114.57267613188938,52.07194382170105],[-114.5015201695492,52.07215889561788],[-114.50156794286787,51.96982790355254],[-114.49767620249494,51.96971608838227],[-114.49752272766587,51.94053742997842],[-114.50301310276258,51.93941992512941],[-114.49745808891899,51.935205765904094],[-114.49779308780845,51.78949970619914],[-114.48624627536427,51.78769129589787],[-114.48637777764101,51.73011119378796],[-114.49768949825506,51.70627590657435],[-114.49380098575399,51.57671249783162],[-114.11888210044249,51.576546803015574],[-114.1188727892685,51.59106320317225],[-113.6616278967257,51.59066419299179]]}},{"type":"Feature","properties":{},"geometry":{"type":"LineString","coordinates":[[-112.95138879150251,53.89339740241473],[-113.01016967742956,53.874126467070475],[-113.06301829792609,53.86502426211069],[-113.08270297095127,53.83335625911195],[-113.11119680085741,53.82057877235152],[-113.1124937839524,53.80795915759653],[-113.12584878172785,53.79051906019265],[-113.16793420386396,53.766331363631686],[-113.17339720786327,53.74930225363894],[-113.20941777785386,53.725478169251936],[-113.21705299414172,53.714877452376385],[-113.2863262018182,53.68034596180731],[-113.29332447407066,53.67293591181355]]}},{"type":"Feature","properties":{},"geometry":{"type":"LineString","coordinates":[[-116.28260412393544,51.33150184528972],[-116.27480246480893,51.32816345686733],[-116.27460204184874,51.319435253171534],[-116.26801739505167,51.31193317083563],[-116.24338197191999,51.30138663765982],[-116.22710424534732,51.301536964089614],[-116.21903490728879,51.29161491389487],[-116.18850879928115,51.30147964081547],[-116.18215154174531,51.295441033094214],[-116.16017948617264,51.29602640254855],[-116.15156629008537,51.28716020930751],[-116.15913315523237,51.27581199644457],[-116.1532376779675,51.26343350651619],[-116.06517334826954,51.24793009036956],[-116.04926640089086,51.227437066852005],[-116.02667715166297,51.21988393691405],[-116.00760375243206,51.22201215460599],[-116.00206315250755,51.21541398952945],[-116.00638159026171,51.20874910846877],[-116.00002259226805,51.19394746812788],[-116.02135649572926,51.18707862633083],[-116.02388938777835,51.17619573691082],[-116.03684494216775,51.17004552722625],[-116.01995615793224,51.15725359475061],[-116.00740943409637,51.15633817849289],[-116.01561048810169,51.13809901940294],[-116.0087518747633,51.1260428884132],[-115.96829995893953,51.122163948655306],[-115.96757937902248,51.11605814991608],[-115.95726326494125,51.115181611714185],[-115.94849259858078,51.09926348776813],[-115.93255564756736,51.0967567906834],[-115.923606979338,51.083109565656606],[-115.90385811322551,51.082895345195666],[-115.9009007700537,51.09376339287748],[-115.89474222058517,51.08612524774034],[-115.86793338086922,51.089290398372654],[-115.85773305579949,51.07913191758972],[-115.84757370854292,51.08177163478361],[-115.84245825752222,51.07648442841404],[-115.83337151353204,51.075927046044235],[-115.81278381663205,51.086487195129685],[-115.80280691780126,51.06960431986694],[-115.78923190003933,51.07241768555513],[-115.77625986192082,51.06654435778067],[-115.75342030336819,51.0744052238357],[-115.75905285101109,51.07124251115345],[-115.76128877240247,51.060777303270534],[-115.77358692079034,51.057719057675534],[-115.76703563342814,51.03938827569634],[-115.74813086173899,51.030618829706334],[-115.74310994130059,51.033946199358475],[-115.73526331425249,51.02961993110686],[-115.73917793045352,51.023358872435544],[-115.72675961535707,51.01868790471173],[-115.70679594357983,51.020188393336866],[-115.69234846070877,51.028564782840945],[-115.6885594013739,51.013610406115774],[-115.6705631952744,50.99995952742481],[-115.64883405703631,50.99752045833766],[-115.63623313764883,50.98200465837268],[-115.62827687406511,50.98087397165837],[-115.62597086431144,50.97042003090499],[-115.611674104173,50.95888350603629],[-115.61459585404108,50.95118768001711],[-115.61084822753111,50.94676212261002],[-115.59703971865005,50.93986026950122],[-115.60980043021344,50.92628024635758],[-115.59991772393418,50.9178810076074],[-115.5784646406953,50.91336445614746],[-115.56208276429774,50.89425112534798],[-115.57785544988391,50.88834486195255],[-115.59264618109125,50.89264113885518],[-115.59985284185434,50.8904346397813],[-115.59978892317568,50.88601447317364],[-115.61273163649791,50.88534349800038],[-115.61690776540303,50.87941452402194],[-115.6489294616422,50.8741476022368],[-115.65103589336013,50.865877265450635],[-115.64390200070696,50.85733101712762],[-115.64150723053656,50.839826261407914],[-115.6269794371616,50.833432827430826],[-115.60656010727855,50.84564248676784],[-115.57309233225486,50.837739783213],[-115.560779121549,50.82653294104473],[-115.56647598427107,50.81470467897797],[-115.56042907395098,50.80472887253198],[-115.55284788157446,50.80252333061014],[-115.55086991513852,50.797065903370296],[-115.53548217481111,50.795524444398275],[-115.53240758234533,50.788192452192646],[-115.51693869229587,50.78019661381195],[-115.51208873625978,50.786389581349304],[-115.49755826251541,50.7823457520678],[-115.48188528157117,50.7685622353765],[-115.48470870301152,50.760691843580716],[-115.48110693562276,50.75518175980436],[-115.47023066256403,50.75199564158881],[-115.45889407112335,50.757185164216594],[-115.447043451387,50.753217753130386],[-115.4362819805807,50.755730693598025],[-115.41239086453184,50.73360341705804],[-115.41137510078714,50.723240292582474],[-115.41687553853646,50.71991747022285],[-115.41379919576119,50.71125724442082],[-115.37892265996682,50.705334166869946],[-115.37015620277872,50.7172602315463],[-115.35455656316036,50.722711830457634],[-115.31229773203387,50.72392632194812],[-115.31469205985364,50.71626873115326],[-115.30880630053801,50.707813899540035],[-115.29362067425339,50.69839939526892],[-115.30083715468872,50.69073920812878],[-115.29837565653523,50.68333123297203],[-115.28225408132876,50.66319289410922],[-115.28587450708018,50.66030267323532],[-115.28134619370202,50.653756373935416],[-115.27415345390537,50.6489236784749],[-115.28205585266988,50.64698606900487],[-115.28843130599009,50.637647999351046],[-115.31194342546975,50.638236948616886],[-115.31145042618579,50.62858018586409],[-115.29686511664725,50.626213546248295],[-115.29535257470951,50.613039208717716],[-115.27791489111522,50.60106695092124],[-115.24733290056942,50.58813798426313],[-115.23965061226725,50.58919679222599],[-115.23018058760611,50.57750726707185],[-115.24190913390437,50.57121855030046],[-115.22982360553127,50.5591712990395],[-115.23098413968034,50.54487863695464],[-115.20813295777417,50.527821980077334],[-115.1861726674804,50.539789510179965],[-115.18374287845198,50.544032072243795],[-115.18987384338473,50.55512423152108],[-115.17769953621114,50.55821959203095],[-115.17355277079294,50.56758866025959],[-115.15461870805142,50.57327311141243],[-115.11752465045213,50.569751300003354],[-115.08527384255359,50.58974905945611],[-115.06333419194485,50.583171007631485],[-115.05207947610191,50.57144620659758],[-115.02704935213858,50.5831071059231],[-115.01511278912382,50.58239558938531],[-115.01122996198114,50.567335389046285],[-114.97834028616619,50.53498306974123],[-114.95903688167874,50.504409197688965],[-114.93715688782156,50.48633644185967],[-114.93231547941424,50.47352159488022],[-114.91216702399166,50.451372322800246],[-114.8877805263385,50.435626118370706],[-114.87471084944744,50.43955735556344],[-114.87301151897735,50.43019069052167],[-114.8598295810912,50.42379907668815],[-114.86406683642606,50.41145565735971],[-114.86012318607301,50.40766365733415],[-114.8663982629125,50.39937261031025],[-114.86225508341515,50.39448602443934],[-114.83124968515564,50.390286584849875],[-114.82481884610891,50.39332468231986],[-114.81253008602172,50.37825909168937],[-114.81916447899262,50.36905778283812],[-114.80878868834834,50.37070434343378],[-114.78909525035985,50.35805495584218],[-114.78448997361359,50.362821545112695],[-114.76862942148509,50.35878726126888],[-114.76621722955248,50.350742252143185],[-114.80002040645485,50.329766996944294],[-114.78042338534807,50.31527189887805],[-114.78035371426219,50.299837486264984],[-114.76940039960337,50.30259370593896],[-114.75512376760071,50.299238699165215],[-114.75212247880529,50.273178585037805],[-114.76410347958986,50.26520663132539],[-114.77022537721743,50.24999499893284],[-114.76804590197273,50.24309747133969],[-114.76198857183962,50.24086928228792],[-114.76292841763834,50.234667109930506],[-114.74530015557599,50.22225001838398],[-114.74900556775242,50.21491693417323],[-114.73958673805006,50.21165952112037],[-114.73887392378171,50.20266766499216],[-114.7246703889178,50.19017719044309],[-114.73262697420738,50.16930061822993],[-114.72631622852413,50.16073846635828]]}},{"type":"Feature","properties":{},"geometry":{"type":"LineString","coordinates":[[-118.22601544486652,52.3802894907521],[-118.21277316802484,52.37034145395381],[-118.18008626750766,52.372598317845515],[-118.18206655842233,52.38279778719508],[-118.13804609686933,52.407497506430545],[-118.0441687830414,52.39845936140681],[-118.04072404183688,52.41847759962594],[-118.03036292672134,52.438077476800586],[-118.05289905900308,52.44956354191597],[-118.05068718676785,52.45714772450125],[-118.02112887880773,52.4555286523729],[-118.02181794371263,52.47230127438145],[-118.0132976026433,52.48389345831541],[-117.98798490340587,52.50023849062979],[-117.966792416201,52.469708727900894],[-117.88693304606996,52.42609158648796],[-117.766497990834,52.417692153462504],[-117.7057950312075,52.36534487542165],[-117.70484287120911,52.3575001055815],[-117.72298605757317,52.355581314715835],[-117.752878399386,52.316423610677525],[-117.7779946453834,52.31893037717068],[-117.79606075162532,52.29250684972221],[-117.83957806474527,52.2741274468244],[-117.82220308552485,52.24640841151196],[-117.81831749566793,52.2263548147433],[-117.74134637875822,52.202997388003986],[-117.74320785766297,52.19399231454174],[-117.66352952334495,52.197892993258264],[-117.629347594715,52.17476421006351],[-117.61126381283393,52.144258899481954],[-117.52311532294222,52.158246090834595],[-117.50990292581162,52.157812196157295],[-117.50017801526673,52.14427367301871],[-117.38125574043185,52.13772407851553],[-117.33403622995284,52.14864145868714],[-117.32716261631565,52.18994816263375],[-117.31730287210718,52.19404201640354],[-117.29859296452116,52.09428165998338],[-117.29202880114802,52.08540530599733],[-117.30506352583905,52.07431339539284],[-117.2945304548593,52.06509153585156],[-117.26840791645594,52.055786514840634],[-117.27058734947346,52.04886194427866],[-117.25029962135659,52.035069292515225],[-117.232028034491,52.04107371047319],[-117.2146817734498,52.02847935798088],[-117.21679648866038,52.02224430244248],[-117.231959884866,52.016464013962946],[-117.23362975292221,52.01176517524055],[-117.2164139406122,51.99726037242422],[-117.20169211794399,51.992850859455324],[-117.19598936956328,51.97911801386045],[-117.14486677088506,51.9727028450683],[-117.1201997304905,51.95570049639441],[-117.10317598352611,51.95651679782955],[-117.09765211795957,51.93969519871288],[-117.08616711295481,51.936904798825125],[-117.01946494847346,51.89136000071518],[-117.01077752528124,51.8896803382982],[-117.02328250252354,51.88002324439308],[-117.03347392672676,51.856353722560314],[-117.00574552548902,51.83610578192351],[-116.97978142675423,51.83555268018273],[-116.98817922673229,51.82291265523787],[-116.98424008202994,51.82025895881719],[-116.9889884697291,51.81110588241105],[-116.96120004527263,51.79087835471866],[-116.96606308775645,51.78770399452277],[-116.96322173749381,51.77425744635442],[-116.97371569870818,51.76946055521084],[-116.97204591661678,51.76296868172524],[-116.97636058180555,51.76018497941623],[-116.96061043639375,51.75203649809416],[-116.95430783703597,51.74323985098239],[-116.94452994207009,51.741679467873475],[-116.94362079817125,51.73390866442763],[-116.9265436949913,51.72906284063099],[-116.92998156539049,51.721463071260736],[-116.91696817448698,51.71365061603382],[-116.92056790791631,51.70980326933355],[-116.89597880743487,51.702727447312505],[-116.85360110846892,51.7082722911644],[-116.8366132122362,51.703311275309964],[-116.80974116725417,51.70534635098226],[-116.7980200322757,51.723602485041994],[-116.81930128180927,51.73863348894359],[-116.81118452334199,51.740551415132735],[-116.79154071396091,51.76396351284882],[-116.78513523295025,51.76402276460822],[-116.77286051567496,51.77483256790157],[-116.74898130796232,51.80506071351687],[-116.72508885650684,51.804794357570444],[-116.71550709501273,51.79866279368931],[-116.69448091838636,51.80361254054214],[-116.67957490599652,51.81303388373091],[-116.65434312312821,51.80131089332663],[-116.6552109140913,51.79451308288232],[-116.64314652953041,51.78670861768664],[-116.65097416215377,51.76676746916257],[-116.6503488846037,51.75370643614977],[-116.62813146080717,51.7448683022722],[-116.63355368130863,51.73549249447174],[-116.63119486552868,51.731403301857114],[-116.5985346634854,51.72387366669715],[-116.58542514680066,51.712751761445],[-116.58760037969704,51.70928592640309],[-116.58117636500724,51.69728154015203],[-116.58952346384382,51.69416319594799],[-116.58139288746314,51.687459728576876],[-116.59139749961498,51.677668086626056],[-116.58750728352929,51.67297613644751],[-116.59615748007195,51.666511398711584],[-116.5950156726992,51.6618300951877],[-116.58040830897602,51.65308537527521],[-116.57057500264006,51.65288995499733],[-116.57008988145358,51.64711907483298],[-116.53650619168397,51.63865439525566],[-116.52987218700403,51.63167857637406],[-116.49985860448409,51.627659197377746],[-116.48896444935498,51.61668958253694],[-116.49101494084657,51.61233629271215],[-116.46902906462223,51.601733565785366],[-116.46602141743816,51.594087337847064],[-116.47325026369532,51.58267306929596],[-116.46473472643342,51.56581739453788],[-116.39088604957458,51.54558824927429],[-116.38207987083642,51.531010388783635],[-116.39533495508705,51.5255269533537],[-116.39382922260074,51.50566293859362],[-116.36059709566005,51.470866146104704],[-116.33800012809388,51.464285732156064],[-116.29243030377599,51.46180268590347],[-116.28400354016392,51.456490052156866],[-116.28803384481174,51.44852877009467],[-116.28548810475044,51.435288784335114],[-116.29421312687414,51.429934234913],[-116.2824702055395,51.40683673377653],[-116.29249772052077,51.40359598337365],[-116.2918310559375,51.39721343141622],[-116.31143488790589,51.38496221349678],[-116.29341041671377,51.364841137052146],[-116.2777171988777,51.36172915861077],[-116.2772551109006,51.354694640827354],[-116.29003062093527,51.34310893718075],[-116.28260412393544,51.33150184528972]]}},{"type":"Feature","properties":{},"geometry":{"type":"LineString","coordinates":[[-119.99999976778857,54.587374248583124],[-119.99999997842924,53.80621976387332],[-119.97744994784163,53.80537763731239],[-119.97128673345847,53.801617828088325],[-119.98304673877634,53.797159086382294],[-119.95916548337047,53.781063713320954],[-119.94234051951932,53.77586190143783],[-119.88823655626447,53.77948461794548],[-119.88576966465004,53.76845943682372],[-119.8926288595446,53.757463107086814],[-119.88743039821749,53.75001939725106],[-119.90212529837446,53.73842386694425],[-119.89754619440058,53.73065488106897],[-119.90081872563259,53.72301753826513],[-119.91567175242345,53.717283585399606],[-119.90335297365966,53.70984452435259],[-119.84432779434395,53.71473925298457],[-119.84511251945823,53.70245975505298],[-119.83955321372423,53.69740058368389],[-119.79287846828323,53.70605870714767],[-119.77315978197169,53.68556156990853],[-119.77356299293758,53.67968267671762],[-119.75561708102069,53.664920727596126],[-119.73452921953972,53.66319085209516],[-119.73721403821962,53.636832006546584],[-119.71340854121956,53.61457992552217],[-119.75922652046302,53.59097182308937],[-119.7762378617842,53.591162912781776],[-119.80169159566785,53.60425714278791],[-119.85406621146882,53.60770663110171],[-119.89385711074492,53.61953029471893],[-119.92588993760695,53.614538590676545],[-119.93037889499648,53.610399684493586],[-119.910712783582,53.601254616874435],[-119.89624311769089,53.58151329920996],[-119.87314449908207,53.571371138361364],[-119.861031451349,53.556534648611816],[-119.8622565077989,53.54850858787931],[-119.9003433764695,53.532971919295186],[-119.89947701022173,53.51912780705292],[-119.87021586413809,53.499958644901604],[-119.85385753138115,53.49993203194654],[-119.84653123533792,53.511700426647714],[-119.8329221972867,53.51930152181025],[-119.81252348225968,53.499949540737056],[-119.80008944012833,53.50003904320837],[-119.78035083947677,53.49179684006987],[-119.79064314896202,53.47536903545732],[-119.78111111332046,53.46669121834392],[-119.77148981683158,53.44580290672558],[-119.75852050211066,53.44020317722959],[-119.75836744599074,53.42637126690982],[-119.73616442437871,53.40851259310895],[-119.72542263011711,53.388754320223754],[-119.69544782045428,53.390609925375436],[-119.67978368651639,53.38187338325343],[-119.67635755821232,53.37118932635495],[-119.66890020525771,53.3678281926211],[-119.6375357340748,53.369059537351944],[-119.6241282773705,53.35960824779214],[-119.59834073421457,53.365715697490764],[-119.60452763392135,53.38342980875159],[-119.59838280692568,53.38353104703663],[-119.54847957744259,53.36749144847556],[-119.51753424652843,53.37006846342248],[-119.50003137415153,53.36604794489841],[-119.50013084521618,53.36246867458919],[-119.4816247245639,53.363247282551235],[-119.459240309727,53.357219363923555],[-119.43674489909925,53.357626020953425],[-119.4060848103583,53.36808929544927],[-119.39073809435192,53.360801659018364],[-119.35587852064738,53.340102180588296],[-119.34691248807411,53.32632661782644],[-119.35598006464313,53.31232855766927],[-119.32964889624193,53.296614184447755],[-119.34049629263723,53.28708029871695],[-119.32522950440274,53.26960249673601],[-119.3004250255353,53.25624554149722],[-119.30143942063047,53.24982556425009],[-119.2913584306634,53.25003284286113],[-119.28800191731636,53.240066561787785],[-119.2514626193379,53.1989665561779],[-119.25711617235116,53.17662106036914],[-119.23271506781954,53.181768314933464],[-119.23313323390902,53.19352874095562],[-119.17560531255104,53.18463071349429],[-119.14601293054692,53.19118076952661],[-119.11952400620241,53.16176576488329],[-119.08849667207241,53.16553190985056],[-119.04688152684803,53.14490962498492],[-119.0479747713392,53.126822896595435],[-119.0245644634969,53.126711115283825],[-119.02508892306895,53.13457046719855],[-118.99986615603069,53.14858027213689],[-119.0287734585509,53.16419293697342],[-118.99941805270842,53.19276477101138],[-118.99939195861528,53.212729976215485],[-119.01829463731018,53.21942883470705],[-119.02618770004091,53.226365730416966],[-119.02383383346707,53.23194970817553],[-118.97518999557347,53.24165615618429],[-118.96529118244958,53.23684360753912],[-118.94744409721663,53.238935158925585],[-118.92342292473343,53.22522130237684],[-118.91596082726343,53.21184491634705],[-118.8795959008895,53.20592767457655],[-118.86206958500097,53.19094295932025],[-118.8314917053805,53.1830519005734],[-118.8233858111067,53.172914893388736],[-118.78652165888752,53.15922418053853],[-118.77931339808646,53.15091729055193],[-118.78400328319877,53.14491300828094],[-118.77248808119066,53.13303927178173],[-118.72952264506614,53.115476217545],[-118.74876863007412,53.09715645292192],[-118.7487040254126,53.08830021523641],[-118.76982708079555,53.07449218318954],[-118.75905843996398,53.06577606095084],[-118.77620337937778,53.045350654527745],[-118.75893961774254,53.03800508498722],[-118.74607944323529,53.0523356269754],[-118.72643661511576,53.06021832900411],[-118.70054881003911,53.044356983374136],[-118.69587563527767,53.03280997137022],[-118.66875993739971,53.04250480361075],[-118.65534778600315,53.03479723430739],[-118.64975935015896,53.02507583126727],[-118.65263426715705,53.01838883773269],[-118.64077215980572,52.99933106986241],[-118.64897711486306,53.00026658911074],[-118.64932939692262,52.991503317838514],[-118.66976912599517,52.983415610141435],[-118.67119410624494,52.978301558751035],[-118.66106425179386,52.972570330536264],[-118.66020489429752,52.96393768154303],[-118.65133715672752,52.9555019661334],[-118.6134220715624,52.93601196436149],[-118.62095705626675,52.91625260731787],[-118.60666143921509,52.90397106181635],[-118.61425365969016,52.90014638339224],[-118.61382974913974,52.88372169461075],[-118.60814294334088,52.879550231795434],[-118.57544070832488,52.88524192389776],[-118.56193560645958,52.90121346041543],[-118.54378774499004,52.908454634049626],[-118.5222397660144,52.89821683784617],[-118.50014237105846,52.90638195214105],[-118.476858128913,52.900969641243556],[-118.4482794500177,52.885286792786886],[-118.44940149868518,52.87907497939176],[-118.46120485778295,52.86935210698262],[-118.4525247306296,52.85537935241587],[-118.38698483582525,52.84712444592891],[-118.40231883717946,52.842532815208706],[-118.39962643062582,52.824460210789866],[-118.41299568550389,52.805983514688926],[-118.42241012943764,52.77578651287926],[-118.34282282867161,52.73855633417179],[-118.34329466527981,52.70888888245249],[-118.29014118574578,52.67769344249131],[-118.30103784508422,52.65408122990441],[-118.35449111823179,52.633683981578194],[-118.35250427266119,52.61064739941864],[-118.33360055447145,52.60619521897191],[-118.33256828987781,52.58017159843294],[-118.27278338303405,52.56595580837405],[-118.28914629729888,52.53849400493937],[-118.23552910270098,52.490177893877224],[-118.19335093282228,52.47782011661596],[-118.25533801784526,52.44953694844707],[-118.23979562631676,52.42701673185084],[-118.24444712136246,52.40802486602525],[-118.24078814746292,52.402941230649375],[-118.22089177271529,52.39755990134087],[-118.22033286526948,52.385108455424735],[-118.22601544486652,52.3802894907521]]}},{"type":"Feature","properties":{},"geometry":{"type":"LineString","coordinates":[[-122.63750798659989,49.08951425431197],[-122.64713663855389,49.08200731421998],[-122.68002580579656,49.083880305198925]]}},{"type":"Feature","properties":{},"geometry":{"type":"LineString","coordinates":[[-122.46022957447309,49.089006246521656],[-122.49280018200884,49.10181860499237],[-122.49268639258558,49.0595748974003],[-122.55917716754692,49.07435548600712],[-122.62809892172598,49.07483857206853],[-122.63750798659989,49.08951425431197]]}},{"type":"Feature","properties":{},"geometry":{"type":"LineString","coordinates":[[-122.26501844935432,49.00232393928759],[-122.27049792063126,49.05193588244807],[-122.28650437601988,49.058700458979864],[-122.28614665416362,49.0661066414893],[-122.29479515328717,49.05867679025492],[-122.38121039018478,49.06275179831157],[-122.3814725343704,49.05798480014245],[-122.46022957447309,49.089006246521656]]}},{"type":"Feature","properties":{},"geometry":{"type":"LineString","coordinates":[[-122.68002580579656,49.083880305198925],[-122.68162863612186,49.002208088680156]]}},{"type":"Feature","properties":{},"geometry":{"type":"LineString","coordinates":[[-123.023480093116,49.26555510538192],[-123.0234826973592,49.2582127932742]]}},{"type":"Feature","properties":{},"geometry":{"type":"LineString","coordinates":[[-122.89326752650236,49.26622029204131],[-122.9114994889791,49.265472689987135],[-122.92562058602915,49.27371589614869],[-122.93664089012262,49.274359081461036],[-122.93810395344502,49.25419478491699],[-122.98120497666177,49.26484643465032],[-123.023480093116,49.26555510538192]]}},{"type":"Feature","properties":{},"geometry":{"type":"LineString","coordinates":[[-122.89275581779948,49.24901446522592],[-122.89326752650236,49.26622029204131]]}},{"type":"Feature","properties":{},"geometry":{"type":"LineString","coordinates":[[-122.9378865004919,49.21344740662289],[-122.93150901087347,49.216912026823486],[-122.95408198327631,49.235950908040536],[-122.92643837496249,49.23703310385466],[-122.90651579220615,49.24615060124315],[-122.89260230191115,49.24236509478587],[-122.89275581779948,49.24901446522592]]}},{"type":"Feature","properties":{},"geometry":{"type":"LineString","coordinates":[[-123.0234764875436,49.23229450763572],[-123.02361109954165,49.22195111152226],[-122.97941616123408,49.22195064773743],[-122.9378865004919,49.21344740662289]]}},{"type":"Feature","properties":{},"geometry":{"type":"LineString","coordinates":[[-123.0234826973592,49.2582127932742],[-123.0234764875436,49.23229450763572]]}},{"type":"Feature","properties":{},"geometry":{"type":"LineString","coordinates":[[-122.89326752650236,49.26622029204131],[-122.8944093232177,49.29278396974748],[-122.90036631588953,49.28929584455344],[-122.93286315966756,49.29459039463663]]}},{"type":"Feature","properties":{},"geometry":{"type":"LineString","coordinates":[[-123.02308790163082,49.2936855183764],[-123.023480093116,49.26555510538192]]}},{"type":"Feature","properties":{},"geometry":{"type":"LineString","coordinates":[[-123.03873396610763,49.29579238329165],[-123.03873484772096,49.29545425213879]]}},{"type":"Feature","properties":{},"geometry":{"type":"LineString","coordinates":[[-123.03873484772096,49.29545425213879],[-123.03345956084038,49.2950821433829]]}},{"type":"Feature","properties":{},"geometry":{"type":"LineString","coordinates":[[-122.88024557671532,49.41429390450711],[-123.03509929959242,49.40763301567155],[-123.03821401420228,49.337095591782415],[-123.05302900253317,49.335569507105305],[-123.05324689617257,49.32707788288012],[-123.0406356970167,49.327000415995194],[-123.04094083734228,49.32066694231193],[-123.05471391218951,49.31978589114731],[-123.05480171163505,49.31347071194346],[-123.03815007534288,49.31326680360013],[-123.03817112355881,49.3101186089334]]}},{"type":"Feature","properties":{},"geometry":{"type":"LineString","coordinates":[[-123.52035758347799,54.15440079042875],[-123.63766298488798,54.167043506502516],[-123.66230701212596,54.16441610995056],[-123.66492459408336,54.17016549967325],[-123.65234939154175,54.17764981145669],[-123.67545959134272,54.17391700085822],[-123.69726579398967,54.18148639146257],[-123.743119790367,54.18026728932753],[-123.81883979589065,54.204548306465234],[-123.84295527827929,54.19800969690988],[-123.8695066074746,54.20368508709418],[-123.87894979891449,54.2002019076835],[-123.90555902790211,54.20318720556754],[-123.92703318130803,54.212112992772106],[-123.94899700078153,54.20434220941783],[-124.03650307861172,54.24058930174968],[-124.11717299204953,54.26229801321958],[-124.18155437024623,54.2926982134246],[-124.27261528448241,54.29272143108631],[-124.2740049871715,54.288284078025],[-124.3104704856661,54.28009745758672],[-124.30861273780249,54.26907333395114],[-124.33809972493731,54.27181680867556],[-124.35097786622656,54.264700879688995],[-124.40030043424399,54.269445346311265],[-124.41282535365202,54.25869251355112],[-124.4235928749896,54.23267117213179],[-124.44445056716754,54.22479105478793],[-124.46603065141136,54.23263546101146],[-124.46668057511914,54.128141629773936],[-124.36725417525612,54.12811945101653],[-124.35328531845533,54.07057379977332],[-124.36774363741578,54.03456929697685],[-124.36618531550177,53.998140086814416],[-124.43645941991542,53.99843339127655],[-124.43626860332985,53.89651176481663],[-124.50020066399068,53.894729668615156],[-124.50412975322661,53.71901946452597],[-124.50287299453507,53.706892897749285],[-124.49538524012759,53.7056336888513],[-124.50016727625847,53.660310055905285],[-124.49540354049061,53.55568676307771],[-124.50437167840279,53.553509025059604],[-124.50060357952513,53.527466677191214],[-124.53649545768286,53.52844804595775],[-124.509195890412,53.50143718390725],[-124.51848465501814,53.47697198406149],[-124.56115217867955,53.46747303512596],[-124.52091783490869,53.45040234444783],[-124.5221535349075,53.44537322753333],[-124.53744601375143,53.43621400508779],[-124.52613762696735,53.407298309501684],[-124.51576401003328,53.394648390462784],[-124.6288479618819,53.386032330258395],[-124.64734162537941,53.407550326253045],[-124.66123541193015,53.40870829117313],[-124.68751905914591,53.399542728873456],[-124.68117041656569,53.384125496577084],[-124.69724372244383,53.37809120085128],[-124.71916335163078,53.35995188909626],[-124.73662227434282,53.35462321286408],[-124.80588500868835,53.3690952602078],[-124.85508477986353,53.396460835833054],[-124.89881610268759,53.43530616273448],[-124.9341622175425,53.438870939742344],[-124.9429796972258,53.43451111258188],[-124.96475081836435,53.436197366032715],[-124.98383183470568,53.431527792424234],[-125.00172120503018,53.44683820337376],[-124.99545134833701,53.238034369228586],[-125.00455786991289,53.23495963689721],[-125.00061963835164,53.19036995507982],[-125.00033476542136,53.00028240220448],[-126.6091099184719,53.00027962207555],[-126.63559664430176,52.98426984430599],[-126.62372384254782,52.97149336597852],[-126.64606287307235,52.94192569695935],[-126.6243007028566,52.93513795097784],[-126.61571367032732,52.9276344610636],[-126.6137374282621,52.91876633669798],[-126.59775988269836,52.91348365279081],[-126.5873484170893,52.87938137732525],[-126.61216448929167,52.868751323209196],[-126.6391971016581,52.846008622463145],[-126.61276411250141,52.83437896460782],[-126.60111948731564,52.81297916065508],[-126.57321600607008,52.81855961752956],[-126.55351406805542,52.81525261950504],[-126.55060776437266,52.80014376156124],[-126.55568299790833,52.7994503665999],[-126.55585367722291,52.79235403772299],[-126.53027968673226,52.77515152205566],[-126.48618973949122,52.77939107608907],[-126.47617833987587,52.785955985165],[-126.4541100775585,52.784395600354586],[-126.44332330964735,52.79544223305301],[-126.41615760962877,52.79422956896217],[-126.37024924634619,52.8229078713026],[-126.33565614945131,52.82953251049192],[-126.3335333224092,52.751600634487225],[-126.33888358110114,52.75058610168975],[-126.34949226643396,52.731806376934756],[-126.34603401272328,52.7020855460317],[-126.36112167277793,52.70693424339237],[-126.37857355202306,52.69500612261091],[-126.41138912897414,52.68885652208252],[-126.41824744643203,52.68334679527776],[-126.41257593581824,52.677632353422204],[-126.41658039558618,52.66149068533351],[-126.44567406918723,52.65416824869822],[-126.41306682056243,52.6147488950831],[-126.39631908375672,52.60257085059967],[-126.41048459245923,52.59322791127267],[-126.38467662690826,52.57832831518779],[-126.38413436231517,52.5683656073308],[-126.35884190165254,52.53504940217706],[-126.34436701545886,52.524516044652124],[-126.33912439614224,52.527418787129264],[-126.317987811658,52.51833591865159],[-126.31369740859618,52.521382301890135],[-126.31291249380413,52.532510916921225],[-126.30080518553706,52.54531158208907],[-126.27040579190998,52.54121111389097],[-126.26119491574194,52.53023089571417],[-126.23828504177231,52.519314539945],[-126.22007345273849,52.49629532356718],[-126.21226907566924,52.49494288746035],[-126.19778243735547,52.499968206450546],[-126.1836210107136,52.52051931762355],[-126.15401054483128,52.54563493475091],[-126.13776795790884,52.54986301818429],[-126.13380585269887,52.5579615029383],[-126.1360253404012,52.5769134578296],[-126.11829106896417,52.58812078434309],[-126.10049421158386,52.588949830739786],[-126.09256569545661,52.59406911536103],[-126.06687408769804,52.57979228880118],[-126.04678464313523,52.58157272768864],[-126.00657565247155,52.60212236216933],[-126.01070456078213,52.61383841657038],[-125.98799414203106,52.61930196645818],[-125.9581733188266,52.60297838795791],[-125.93742858144805,52.62227024846425],[-125.88492910903973,52.62816892209446],[-125.8710142163683,52.63363011763923],[-125.85563676952285,52.63212573997805],[-125.84839497643479,52.62440631638141],[-125.84967686091483,52.61984247990578],[-125.86654561880333,52.610604020442764],[-125.85459160126062,52.579215135002855],[-125.82416997565284,52.576993811664686],[-125.82061834205341,52.57076181622585],[-125.82653189150447,52.558064238778776],[-125.81476161944181,52.55067041156308],[-125.80181378338892,52.550384984210964],[-125.80900080841563,52.540620355676545],[-125.79002887134514,52.53381314495906],[-125.79935912825843,52.52523375761402],[-125.77829805571992,52.51124993478443],[-125.75409549418784,52.5079502347653],[-125.74658914478064,52.49835426462018],[-125.75846131163043,52.486879254102924],[-125.74951138777001,52.479688520130175],[-125.73517764311808,52.47983875217976],[-125.69999022934502,52.49214177057389],[-125.67807871807413,52.49256325830227],[-125.62045876803452,52.511151928936144],[-125.53013695937135,52.497013244886304],[-125.49477223819868,52.480567994376706],[-125.46253357299402,52.47850677897295],[-125.45601831964868,52.47154138339647],[-125.45741541109632,52.45846014092124],[-125.47574975857636,52.45291363823776],[-125.48938222094942,52.43196510063641],[-125.48521981028772,52.40831460249325],[-125.47978452978244,52.402188533377974],[-125.46641476310303,52.39877461878373],[-125.45113366485728,52.40480528902925],[-125.42969316276704,52.40451263957074],[-125.40648571546654,52.39535600083963],[-125.38404476602285,52.39572602553052],[-125.35864715049301,52.38069414698044],[-125.35528090828011,52.37089200674942],[-125.35866136020348,52.36383187289026],[-125.34371562113637,52.344941825316454],[-125.34947695158158,52.33718530456348],[-125.38280981026625,52.32956318336656],[-125.37791354616394,52.31747468196532],[-125.4005917543116,52.308281044922126],[-125.42841218266854,52.27612375003109],[-125.4394026873079,52.276159462863426],[-125.45517702105278,52.2870511159354],[-125.46871010201313,52.28641769467703],[-125.47746974876193,52.28009560616341],[-125.48866444744202,52.25688493122158],[-125.48538745023554,52.25275252538222],[-125.51380888674818,52.242690309987175],[-125.50266766064104,52.229262054798184],[-125.4856823361682,52.22784143971089],[-125.45780548182961,52.21425823548272],[-125.45135843865245,52.20455320536832],[-125.46262365596166,52.18692333302858],[-125.4827276498086,52.17755367767082],[-125.54559161023143,52.167422560740945],[-125.56602357071202,52.174842145017486],[-125.5729470455977,52.17305126408916],[-125.57367570436963,52.15800021738382],[-125.59922426991038,52.15846994358486],[-125.61512629842854,52.14923807318431],[-125.62959730833384,52.14916133622466],[-125.62986122973794,52.139625445018055],[-125.64633397804734,52.13747307706399],[-125.64574789854657,52.129346824559654],[-125.65934129332128,52.128354337577065],[-125.66884336766154,52.122034350129155],[-125.673885657553,52.10917141850892],[-125.66191023140637,52.100384523388676],[-125.66514343591307,52.07282446280216],[-125.65909722623118,52.0605628543344],[-125.64426633831086,52.05204247299151],[-125.62336741784718,52.04876867220428],[-125.60596072892449,52.056988850192305],[-125.57960170978934,52.055573321005916],[-125.59098796195433,52.026912285360325],[-125.59979424560869,52.0229966943158],[-125.60256127234494,52.00638881028293],[-125.61632122050068,51.98786005622952],[-125.61188364157174,51.977152964417236],[-125.5980653781828,51.974316059248714],[-125.60441874899186,51.96723601769944],[-125.58584579617724,51.95166764242387],[-125.58923617216038,51.94272219654933],[-125.57481475640199,51.931499470030616],[-125.58041454947109,51.923769332735],[-125.57529156166596,51.913363221150824]]}},{"type":"Feature","properties":{},"geometry":{"type":"LineString","coordinates":[[-120.14254549439089,52.87674077669977],[-120.16586750743505,52.898509955509006],[-120.16691130709282,52.91419501806968],[-120.15912525651304,52.921343814747445],[-120.16390895144677,52.92392407198785],[-120.18048895505495,52.92233237714695],[-120.2083297291637,52.932839075559926],[-120.22712962425182,52.918315069439075],[-120.2693508549572,52.928866625351255],[-120.30083846560464,52.92119882747617],[-120.32703413008221,52.9247790568276],[-120.33843793729076,52.92738895974544],[-120.3767627749872,52.96476641079746],[-120.41123841279257,52.96430154880244],[-120.43420133345748,52.97262576470312],[-120.45738998291841,52.99931143632371],[-120.48841889814635,53.05455400092642],[-120.47423836779232,53.06554362594973],[-120.42528755745776,53.06784119935529],[-120.4150499557217,53.09180848336222],[-120.42268344534945,53.10657048333273],[-120.46113657299266,53.121775714589894],[-120.46280467622557,53.13852399470823],[-120.47061188678069,53.153412301561914],[-120.57540252138553,53.19259848441677],[-120.59846123223274,53.188597868206905],[-120.6271631004149,53.21396140410557],[-120.70899136042833,53.26383136907382],[-120.78748103717781,53.256644325948045],[-120.79993988281194,53.26688576498326],[-120.81116310330667,53.287845077540865],[-120.85298043481232,53.28163907658029],[-120.88537365460412,53.29810104557628],[-120.92281197991008,53.307069782484355],[-120.93754276607454,53.30058196588911],[-120.94144266732766,53.283114087091796],[-120.97606203862424,53.28088030425133],[-120.97534812029724,53.304358037000675],[-120.98022094441929,53.31359322001999],[-121.01819301224133,53.32976619183121],[-120.99827799501578,53.383036129460876],[-121.00828606866176,53.43040327246489],[-121.02441456231112,53.42771425764427],[-121.05450707909696,53.40050395878646],[-121.07347708479372,53.393161474652075],[-121.12721930850759,53.397966104493655],[-121.13500220997199,53.39458459199534],[-121.1424947783964,53.37977346193688],[-121.15998107860835,53.38128282051543],[-121.1740182707534,53.3964305242326],[-121.19193581609225,53.400582623624416],[-121.18719608902505,53.38934312059329],[-121.19769249891885,53.37905527146659],[-121.22816378435299,53.38473009725473],[-121.26405345424207,53.40321596862145],[-121.2835079845183,53.429863790885165],[-121.28829575838667,53.44571377327721],[-121.5554256784995,53.43938651301844],[-121.57134351828732,53.45254962239173],[-122.16290278269928,53.456788927161206],[-122.16681926888272,53.47416236738901],[-122.19230112995388,53.49135650804403],[-122.18054008337432,53.51666159523256],[-122.18252180646033,53.52526334569139],[-122.20147989805298,53.527805742331466],[-122.2150937522115,53.52423547981774],[-122.25845234709058,53.531906181271644],[-122.2734917087338,53.52735390981967],[-122.32594009161107,53.54619658833317],[-122.3390155631124,53.54324522814321],[-122.35740187959975,53.52446273114084],[-122.38304111113435,53.54161762282889],[-122.39203427230117,53.555331016228486],[-122.39714160562608,53.5914237266869],[-122.58909942847721,53.594315409039886],[-122.58951854294865,53.59769434525577],[-122.6826810198097,53.5937922256723],[-122.67484163529934,53.59955877287355],[-122.68608922841001,53.61721478291959],[-122.66815744571407,53.64258707604814],[-122.69836752542308,53.652868359304925],[-122.70276223331382,53.664860268848244],[-122.72665740767236,53.67436396322371],[-122.72242221370846,53.68309156604167],[-122.70493043432617,53.69014136148985],[-122.71494041963355,53.707872786442685],[-122.71001602213406,53.723554775631904],[-122.71574733115182,53.751917866980776],[-122.70840531468824,53.77508970734545],[-122.71694870155851,53.79130769441945],[-122.73596228780686,53.80678920523982],[-122.72962748891426,53.82228219866469],[-122.74764621550256,53.834265296619705],[-122.74648079400428,53.85984158870025],[-122.76080529674405,53.88059830667162],[-122.74781650949332,53.89041483746603],[-122.78095919650067,53.90142643509749],[-122.78046660304007,53.92714629425409],[-122.79395971960948,53.93836819643277],[-122.87676187643902,53.97802099718009],[-122.90792892093341,53.978377104044505],[-122.91086458389175,53.97638750920647],[-122.90449859604189,53.96860979110385],[-122.90723450263012,53.9660917851621],[-122.92964248354603,53.96790059576686],[-122.93984638110128,53.96257969741583],[-122.92651391221503,53.953635985927804],[-122.9293245864553,53.947621311019645],[-122.948098425452,53.95077020342369],[-122.96858789664408,53.939913495133645],[-122.96406887788028,53.93471220199104],[-122.94030221423536,53.932152994616914],[-122.94306599869556,53.92497779266077],[-122.9592228995939,53.91868559050359],[-122.94772799359771,53.91213001191192],[-122.94700155160781,53.90360890809615],[-122.9659563801317,53.89921939676792],[-122.98598888491524,53.8824936004913],[-123.00066581474063,53.87649769857052],[-123.04274008285516,53.869420791614424],[-123.05074099847825,53.857350598516746],[-123.06937639218107,53.85138318956798],[-123.08646260998151,53.85945560109722],[-123.09036289538345,53.876289691776286],[-123.09919509224684,53.88648991016587],[-123.11265887905274,53.89179229430355],[-123.11509439593002,53.89980200899823],[-123.16021051631823,53.90145979906864],[-123.17263158465218,53.910315498626716],[-123.19088099434235,53.91460239046258],[-123.23500498820631,53.91054630188555],[-123.24939040914533,53.915751684807184],[-123.25906460199776,53.92628798982528],[-123.25862740900514,53.94104428621995],[-123.23571767170715,53.96046199611798],[-123.24703319459698,53.98087660623541],[-123.25730350896016,53.985211905291635],[-123.27346891507257,53.98727409398597],[-123.32920790081316,53.97097830953629],[-123.3752366948925,53.96742211565712],[-123.42173248441323,53.974333709193225],[-123.42961348813324,53.981101596696085],[-123.44808660769876,53.98398281063302],[-123.46624830840814,53.9968049044853],[-123.48780228451174,54.002692597646934],[-123.50680771626126,53.99848119104985],[-123.52124550716304,54.00485598368243],[-123.52339328922831,53.99360470532416],[-123.54181901141396,53.987659510806296],[-123.54065599040545,53.991925602871305],[-123.55683459847182,54.006671694563195],[-123.58452161710873,54.0237942087097],[-123.58439619379132,54.0301761046563],[-123.57300308326623,54.0325452000465],[-123.57553208487495,54.03755640734212],[-123.6181051832709,54.04363149695578],[-123.60598061424058,54.05843720710388],[-123.58224711053964,54.06019770362228],[-123.5670899104756,54.07920659440996],[-123.55332282846966,54.07659660538211],[-123.55392089518419,54.065881115828695],[-123.54319938484404,54.06079969758032],[-123.52266451067574,54.068868894105336],[-123.49754939534733,54.06524521130349],[-123.48453319044535,54.071376210330456],[-123.48150338654543,54.07848341032796],[-123.48489349742663,54.084585208697995],[-123.56601958765148,54.10556959896906],[-123.56326339662654,54.11505119351584],[-123.55550759342509,54.1205971010291],[-123.53171420310005,54.12803219008941],[-123.53580320172179,54.13782150096645],[-123.53301089988076,54.14388160007867],[-123.51870048959138,54.149194119164655],[-123.52035758347799,54.15440079042875]]}},{"type":"Feature","properties":{},"geometry":{"type":"LineString","coordinates":[[-123.7582174749033,50.88346399307981],[-123.73700070159697,50.88718537109958],[-123.69891293046442,50.885231671707906],[-123.66678941615835,50.87693883350198],[-123.66218832374234,50.88037910925969],[-123.66392235772292,50.89609380083565],[-123.65507689447637,50.90149242932468],[-123.62878672696209,50.8953060614165],[-123.61711516053737,50.89701130418005],[-123.60709048711578,50.90156983348285],[-123.59394249385112,50.92185909510151],[-123.57743508264092,50.93133065151092],[-123.55258591683383,50.928135906555205],[-123.5157266523629,50.94704333939461],[-123.51262669143364,50.954082725296715],[-123.50289315991611,50.95886713374994],[-123.45174819283135,50.98080406207997],[-123.40225953785132,50.98822981413728],[-123.38381852394743,51.00432456707525],[-123.37148723094425,51.00289942068072],[-123.35956387849181,50.990407900244975],[-123.3254758816027,50.99138719478957],[-123.31383998318864,50.981257737918824],[-123.29795546754448,50.98721540829481],[-123.29452643032913,50.99461293951407],[-123.2434418661223,51.000393903065465],[-123.25519443655949,51.02546513777221],[-123.25261154537274,51.041490326722986],[-123.23510394644246,51.05808844793753],[-123.20036339813316,51.07213727481959],[-123.18232472971827,51.07226538291916],[-123.16246925726841,51.09353372609581],[-123.14672119896267,51.12273488019443],[-123.12868808301997,51.13259564574658],[-123.10927238191103,51.13940149159242],[-123.08811257426436,51.13271521439327],[-123.04913761656208,51.143541460266405],[-123.05873377077107,51.15969212023173],[-123.05912350276425,51.180980735421805],[-123.08002883812442,51.212285643725906],[-123.06793762123138,51.22032310519887],[-123.03315860608116,51.20065094175197],[-122.90525868681146,51.18390183238042],[-122.82251969193082,51.14478608753732],[-122.7909214363852,51.14878576627965],[-122.77604797339205,51.137619800953075],[-122.74303417989837,51.15911070605986],[-122.71024490031738,51.162386112362036],[-122.71345005561834,51.1479106049194],[-122.70747854346624,51.1250440349792],[-122.68350128794677,51.104071277158035],[-122.63383057382528,51.081509200332434],[-122.60411823680364,51.08623686515665],[-122.57939323298868,51.10340704215603],[-122.58090776498173,51.11032556269951],[-122.59400632818912,51.11334588727391],[-122.59587903140148,51.118206988671474],[-122.58680827750496,51.12234233037246],[-122.58661679032159,51.12759516731273],[-122.59654601849395,51.13263303549273],[-122.60249606993432,51.14257250513818],[-122.59414271428938,51.17339455028463],[-122.55801380417955,51.18434919648931],[-122.54762789326583,51.20180604340883],[-122.53027091901276,51.20918626383504],[-122.56066427699174,51.24436054709637],[-122.62510817440284,51.246818424319834],[-122.67488330730606,51.27437149239359],[-122.67422375248853,51.28358646978458],[-122.66823592857502,51.28653737793512],[-122.67672443154244,51.29292787023858],[-122.67572561867671,51.3023389754269],[-122.66803494793989,51.30649057446135],[-122.6645463158873,51.31677617083806],[-122.65032203938698,51.319054977801834],[-122.64515481531758,51.33923160540627],[-122.63155600444092,51.35024508877928],[-122.63172781651092,51.355534594881846],[-122.61752729485444,51.36128269534013],[-122.61939027582522,51.36687129792569],[-122.61323552383975,51.37282450234621],[-122.62485780995792,51.378008590323354],[-122.62269699052402,51.38441180940811],[-122.63432423694013,51.39469186937083],[-122.63824264507616,51.40628496062486],[-122.62411995115305,51.4172114671383],[-122.57896253871111,51.43329647577876],[-122.5593822595777,51.43544439199414],[-122.55971132420393,51.48512284089035],[-122.46919384629823,51.48211836177423],[-122.44355883689194,51.50351566544329],[-122.40860473390197,51.515816553021644],[-122.36655812357982,51.516389177184614],[-122.33008164336958,51.52423365820309],[-122.29134181480178,51.52290916439247],[-122.28226997701628,51.51589935437947],[-121.88572777364537,51.5178465538144],[-121.88589267595664,51.56613312699756],[-121.63108047730734,51.564048310129934],[-121.63049759542764,51.547383543396286],[-121.52662721583964,51.547724000108985],[-121.52514210501128,51.45105330249619],[-121.47558436952414,51.44595097930145],[-121.47381320235388,51.4364537579859],[-121.4261616878731,51.43670319980094],[-121.42668305041171,51.40146162108159],[-121.4193025799652,51.401611483084515],[-121.420641904453,51.3775595890153],[-121.28223123058737,51.37679236566153],[-121.17179210642702,51.43089425681484],[-121.12352001692409,51.440885259008716],[-121.06335044650315,51.43585607192851],[-121.04760100945433,51.429847610016786],[-121.00537075381885,51.42909481387877],[-121.00172025736676,51.42906007880649],[-121.00149137676947,51.43895117424744],[-120.96070954061494,51.43985928716662],[-120.94832872057195,51.445102191512916],[-120.83346702980056,51.43515862981121],[-120.56072881186651,51.43461791253899],[-120.55841504442232,51.664548357673326],[-120.5467833135311,51.66691174406368],[-120.52865659723129,51.68499788510159],[-120.48130844266475,51.70434883022794],[-120.43297467045578,51.71216244792875],[-120.39127080532741,51.704008974548316],[-120.3791803571497,51.70924094361721],[-120.37243255544601,51.722067030343524],[-120.3456683758183,51.72759345352128],[-120.33852336049969,51.732974920372],[-120.3435929549623,51.74753278242118],[-120.3793626379132,51.76238276158743],[-120.37576003557926,51.769503158771],[-120.34864296412158,51.76801763428811],[-120.32898679196927,51.7756473125607],[-120.32155884665539,51.78372446575308],[-120.31952507458456,51.81991255364818],[-120.30500845517946,51.83144651194259],[-120.22664968764185,51.825429806817205],[-120.21919567168017,51.8286327989798],[-120.22887708097,51.850748108997884],[-120.22396288941349,51.866594247982704],[-120.23106257802884,51.87214317451967],[-120.23830158608651,51.868918430614556],[-120.25744969970746,51.872619964035856],[-120.26007793458818,51.883418961832795],[-120.27237402204094,51.88877039181298],[-120.27316147090352,51.892605677728675],[-120.2479766220801,51.912331572312354],[-120.24631390928374,51.93150626132291],[-120.25027570884376,51.940253094597345],[-120.26846433904609,51.95084453913644],[-120.27368886875999,51.97429174736134],[-120.27801714200189,51.97771451119642],[-120.29831805971457,51.968572069049394],[-120.31631459130351,51.97612494082048],[-120.33101527936006,51.96812455260891],[-120.33908594597087,51.96882015693264],[-120.34531317084613,51.97548100881129],[-120.32886200551778,51.9847192835864],[-120.33001152663599,51.99507467776453],[-120.30579458203161,52.01291250810737],[-120.28839259036131,52.01286924154253],[-120.28870377841601,52.01973547249088],[-120.31698963962728,52.0276510913592],[-120.32033813511572,52.03916878743865],[-120.31437865303613,52.068535224409985],[-120.29367224148534,52.08261658809622],[-120.30280598603774,52.10528015591545],[-120.31667644815158,52.12095304561721],[-120.3081163010669,52.14033126650837],[-120.32455001455934,52.1553250409975],[-120.34744252903585,52.155816630047575],[-120.37853094729033,52.133441953571364],[-120.40761227696663,52.1442579506203],[-120.40144705692255,52.16618959578349],[-120.3869560352073,52.178548789237595],[-120.395356497522,52.193375661603554],[-120.39162494664836,52.19404058227732],[-120.39509968441868,52.204225683434935],[-120.42075196432224,52.21002364316494],[-120.44118429066066,52.232154070108685],[-120.43709281011884,52.2387497172535],[-120.452028876552,52.245978857679724],[-120.4826937913944,52.277972112225015],[-120.49348080434405,52.28047558039034],[-120.49150006779,52.288514462897595],[-120.48121412922706,52.286315665601904],[-120.46647275599778,52.30441953498329],[-120.50784911289071,52.32511878070906],[-120.53485097349514,52.329400963261676],[-120.51754912369766,52.34396586097682],[-120.52694433338326,52.34980588210555],[-120.52109016274531,52.379753086166346],[-120.49115489337272,52.40039124041988],[-120.45980344845685,52.41171815941893],[-120.45922038849729,52.42124218421495],[-120.54215054909524,52.46611649576255],[-120.53276337371257,52.478985827799164],[-120.50940186011258,52.4947445935399],[-120.46247751548083,52.51065797265245],[-120.44972643308901,52.51055158334809],[-120.40767781794672,52.534483468415786],[-120.38965116004425,52.53708761708532],[-120.36301267232392,52.52814209661091],[-120.33370439926229,52.558283641714226],[-120.33321015323263,52.566752894700365],[-120.32555191341768,52.5722101442458],[-120.31617003503587,52.566356656242036],[-120.30461122033135,52.5771878321176],[-120.30312702562419,52.58835502423385],[-120.29158060281958,52.58735904388545],[-120.29367798390503,52.60762654473343],[-120.26789366898043,52.60830988912035],[-120.2515074974829,52.61962004107302],[-120.23769455793554,52.6207656202268],[-120.23527869557968,52.63471393275283],[-120.28972766182716,52.65775472940718],[-120.25438352347209,52.67735099528222],[-120.25491478166428,52.684126878133114],[-120.26826702616525,52.688256311287894],[-120.28689765872586,52.70501263213382],[-120.26911949849493,52.71288046729522],[-120.29369414929796,52.72560440576877],[-120.27378052742323,52.745923223744676],[-120.2936271217243,52.76347352709948],[-120.29036270080465,52.77199290573695],[-120.30827383875828,52.780112512867376],[-120.33423831427059,52.78133859106885],[-120.33969642445906,52.78823364112193],[-120.30243816152861,52.81511016940825],[-120.33422840079751,52.8331390989512],[-120.33202657020172,52.83983875273269],[-120.31292257408796,52.85871318607716],[-120.28273102750767,52.86866898917992],[-120.2595370230552,52.859616020791584],[-120.24250451080195,52.861509810305364],[-120.23254268582441,52.863479041927604],[-120.21836570625057,52.8778689860181],[-120.17725338382996,52.860034548328656],[-120.16526810836557,52.861974029661376],[-120.14254549439089,52.87674077669977]]}},{"type":"Feature","properties":{},"geometry":{"type":"LineString","coordinates":[[-125.57529156166596,51.913363221150824],[-125.535579898782,51.912654015620525],[-125.52973109253924,51.92047313352236],[-125.53765438016617,51.925649190387404],[-125.53930215387278,51.93309595048804],[-125.52858045467475,51.93884594360247],[-125.51550133918239,51.93392891490542],[-125.48747494152127,51.91582048368087],[-125.5013208985698,51.878415624305276],[-125.5136242188827,51.868201688364486],[-125.46630755431978,51.86417711403232],[-125.45920790446833,51.850455662192],[-125.46300707566134,51.840466792788305],[-125.40627975611548,51.83813721319914],[-125.40651205260794,51.828701101560654],[-125.41861721664306,51.823268654740595],[-125.38886662463163,51.80207169973419],[-125.37945561966202,51.78932753872586],[-125.34887095580564,51.79066340245152],[-125.32803015602157,51.7801290385136],[-125.27446515482049,51.77238638842513],[-125.25471455780966,51.76508066607541],[-125.23774585460633,51.74858542766829],[-125.25489290491872,51.732330330774055],[-125.25654760214697,51.72323051346109],[-125.23507740309408,51.69999536632902],[-125.23425379619567,51.69412684020596],[-125.24839608491484,51.675740745418906],[-125.2400858689257,51.656193511987816],[-125.22906816113466,51.64436555453206],[-125.29202315774175,51.6093305137878],[-125.29603158045306,51.58939485992064],[-125.28417070196058,51.58096996324366],[-125.2353236261075,51.57030061743052],[-125.23788238036026,51.55975462723894],[-125.267478716043,51.549070545205716],[-125.26176916518153,51.53397803979238],[-125.24098663220445,51.52385475447877],[-125.24184831954766,51.51815743444188],[-125.24865919837139,51.510555888033295],[-125.28899033051042,51.504829286331336],[-125.27866040429078,51.48652638180934],[-125.28956318517395,51.47560035328733],[-125.33783983553313,51.485336182900866],[-125.345201408721,51.478908957072754],[-125.31163352614321,51.4593988076128],[-125.33153591383656,51.45001658780499],[-125.336011161212,51.444146258958106],[-125.33093686388904,51.43854350819902],[-125.34137067761266,51.426327886228925],[-125.3385641605124,51.40905468155403],[-125.32662925723957,51.39586970361299],[-125.26666799255872,51.376858352104286],[-125.25100434592376,51.393740655187884],[-125.21460040354462,51.39229463701758],[-125.18534597965332,51.40019602466132],[-125.17136607650261,51.392036826675344],[-125.16655276538589,51.383096744276756],[-125.17057077402066,51.37691396039428],[-125.13118588449433,51.364069328673054],[-125.0756988550165,51.35252851543177],[-125.0619294108299,51.35739127165346],[-125.0090070294969,51.3497176971588],[-124.96928888968218,51.33896942796908],[-124.96529312931662,51.328250531290294],[-124.88787485614024,51.33039189687461],[-124.87908656615397,51.32092700552199],[-124.79976342171624,51.30542416056753],[-124.7822645990077,51.289089243271434],[-124.76203153469963,51.23822384431246],[-124.71469104915634,51.22560461464121],[-124.68661496602931,51.204452198684365],[-124.67959191916444,51.20894729286031],[-124.67675497345587,51.21924759910905],[-124.65581761374129,51.207150089021816],[-124.61244702999764,51.19561760060753],[-124.6035725649494,51.18778113786588],[-124.58082605390969,51.18108498832694],[-124.5448048993131,51.179542922604014],[-124.52453079669054,51.169853865428564],[-124.43378308315992,51.14839911163982],[-124.42227136662909,51.151817097749245],[-124.41984269589896,51.15727107443709],[-124.42984090983191,51.16887324682465],[-124.4024899535915,51.18811504600895],[-124.36896881955161,51.20008500779294],[-124.36640592982712,51.19603047316186],[-124.37803569680858,51.15828187287414],[-124.37597315014293,51.14267412044889],[-124.35088365988187,51.14692466902613],[-124.29731995627134,51.13743392217775],[-124.26897006611384,51.1391785650648],[-124.24527098416746,51.148527718273655],[-124.1853261104352,51.135293242223774],[-124.18413160315907,51.12978285591648],[-124.17562893163485,51.13212334609707],[-124.16802810742499,51.12602413406537],[-124.17482056602275,51.11822002233243],[-124.17026127551799,51.088116295962365],[-124.1598914466136,51.077776445953596],[-124.17316800610242,51.06148374597832],[-124.16163231871828,51.052840985720714],[-124.160185900469,51.04229113094046],[-124.14867400272053,51.031852305382756],[-124.13768322110826,51.03066251645546],[-124.11390114136812,51.01497609279527],[-124.0871476067638,51.009699324544535],[-124.08327980294729,51.00121133290097],[-124.09063140688869,50.991710285574555],[-124.07342559751086,50.98507375036489],[-124.0599449858144,50.958892057631495],[-124.04579153785383,50.951437784737145],[-124.04216754294596,50.9426226408967],[-124.02769647358258,50.944371878887225],[-124.00224901635018,50.95817176676567],[-124.00226792116263,50.964740974946096],[-123.9827146248137,50.96265502579275],[-123.95185089820932,50.9500068956121],[-123.93665514805126,50.93618494682804],[-123.91648448828552,50.93694019107375],[-123.9198650714664,50.94200576600746],[-123.90979057748136,50.94418717615424],[-123.8942085506603,50.94005205558268],[-123.87485712818925,50.950704548908526],[-123.86498751493401,50.939969403157896],[-123.83829662214058,50.93441544332066],[-123.82724221839965,50.924093902432425],[-123.83510537916493,50.91279235531543],[-123.83152714377022,50.904486002554194],[-123.80459000264952,50.91118003415358],[-123.77982256226552,50.906598030238584],[-123.76578886102658,50.91079016818152],[-123.75870693273441,50.905017446758215],[-123.76136420343175,50.88829598764728],[-123.7582174749033,50.88346399307981]]}},{"type":"Feature","properties":{},"geometry":{"type":"LineString","coordinates":[[-120.96240832746018,49.67347949691995],[-120.98507416393787,49.67326887325083],[-120.98531158626128,49.65846427585478],[-121.0071484716481,49.65851586164257],[-121.00755165320905,49.64442940383117],[-121.01869105387014,49.644149764563416],[-121.01882394278394,49.636997360990854],[-121.05187804871119,49.6369028256782],[-121.05235023096509,49.63088099235805],[-121.0591282906964,49.63206071880764],[-121.06544622044603,49.626132504155656],[-121.09953255211536,49.6253950502651],[-121.12177898680842,49.60979432955396],[-121.12672115647007,49.618981962871544],[-121.1351480410231,49.62252487408922],[-121.15583339068344,49.617156551305655],[-121.16168614140196,49.620863661174674],[-121.16931423080194,49.6353159465166],[-121.16570801375408,49.64142787224389],[-121.16998399644427,49.649824087796475],[-121.11874734554252,49.6777492894309],[-121.1552848459171,49.709187949888964],[-121.15535755630108,49.716138766445134],[-121.18570331991762,49.72660580565703],[-121.19140175142779,49.73257450691861],[-121.19808763292728,49.74335235908125],[-121.1971465889839,49.754784869506366],[-121.21076778405967,49.77001152678124],[-121.21182554628795,49.77926963689167],[-121.18776105980054,49.79853328801387],[-121.1833612916335,49.80545111832391],[-121.1882663980272,49.81304948708122],[-121.18022668032395,49.82187052831994],[-121.15518228802108,49.82140163137478],[-121.10935315593107,49.82935007708028],[-121.10324784156867,49.835101807019505],[-121.11733606364373,49.84613353944392],[-121.08707080116459,49.856537179210825],[-121.09804463994368,49.87333026250499],[-121.13111020094827,49.86234286362148],[-121.1697783066143,49.86101773615226],[-121.17375131465941,49.866113624620084],[-121.17159185329427,49.873384836745146],[-121.15762468618935,49.887449016237355],[-121.18150397004044,49.88310408024916],[-121.2081736300166,49.89411807582389],[-121.22278197373579,49.89341947039398],[-121.23063972008501,49.88226532880366],[-121.26044089925023,49.87627129090485],[-121.26551239213406,49.87074473244537],[-121.28603511097536,49.87226310406802],[-121.301256179408,49.88413001458781],[-121.32003867782758,49.88427787986708],[-121.31668244365707,49.8933931652918],[-121.32379675471276,49.9009193886642],[-121.31542582433269,49.90684279627348],[-121.31579581448356,49.91180951053868],[-121.29988962994624,49.911277239848054],[-121.28952322286784,49.918215661058404],[-121.28361318752665,49.95968467864199],[-121.26777249618745,49.96375087460815],[-121.2713814182448,49.96842294127381],[-121.26887158205665,49.97566364968189],[-121.27767195933058,49.982556658318664],[-121.27331005004051,49.988600196140915],[-121.29254717704363,49.99999457388551],[-121.28827885659821,50.00466191492535],[-121.2905009536398,50.01112852106696],[-121.32832074076317,50.03779896982985],[-121.3153281393075,50.052466335320865],[-121.56497913493578,50.05222773749575],[-121.5901325622442,50.04958859251984],[-121.60975134458282,50.04188198199497],[-121.63532668151211,50.05362503390198],[-121.6370384114076,50.058762922604224],[-121.6612488554017,50.064971888765946],[-121.65461446383598,50.07133118337651],[-121.66222276931846,50.08099635890401],[-121.70266746713804,50.07494715917789],[-121.71457896512862,50.08620817211361],[-121.75346499642434,50.09234224740433],[-121.79362151349734,50.09002396621883],[-121.84800670557111,50.07620000059949],[-121.85284949007239,50.06876229895962],[-121.84850641363045,50.06238691061841],[-121.85579096643087,50.05744830359317],[-121.85091021316748,50.052749940315415],[-121.8584551021771,50.04637522429533],[-121.8727823984387,50.05150474152065],[-121.89208208862307,50.04937094935568],[-121.90867865967641,50.05352659913232],[-121.91990630863215,50.07176285321643],[-121.95065604417151,50.07959899966239],[-121.95343097755133,50.09070643554373],[-121.96447616320198,50.08256787912958],[-121.98117748979976,50.080073533738926],[-122.00115082786962,50.087542120826285],[-122.02363127005268,50.08584047248161],[-122.05213094149336,50.104246250475626],[-122.05631956365221,50.11474391584411],[-122.07006993723617,50.12637013322476],[-122.08375254161407,50.12094903038305],[-122.09907927443852,50.12430557664836],[-122.11636732115261,50.1073117307284],[-122.13111761610996,50.1122822776575],[-122.1458640528305,50.10965529440402],[-122.15321760917139,50.11444164294296],[-122.17871174950832,50.10945097709238],[-122.22991522865206,50.11051207064843]]}},{"type":"Feature","properties":{},"geometry":{"type":"LineString","coordinates":[[-120.84840827446457,49.000077146843005],[-120.84656506073915,49.01111803018633],[-120.83925888202486,49.0084226408849],[-120.82569932186058,49.02546256837042],[-120.83239094249674,49.04225335339852],[-120.85221459029565,49.04440081926702],[-120.86866781689383,49.052710189618885],[-120.89382610620663,49.07770028068794],[-120.91215615462306,49.078512879887775],[-120.96311148240422,49.094835658473045],[-120.96551113681593,49.103779290557284],[-120.94421536234218,49.104187213887236],[-120.914319311999,49.11710559673131],[-120.89706492301973,49.11273646560775],[-120.8679607513393,49.122771320551095],[-120.85964226910619,49.13077321689351],[-120.8660875331148,49.14572507708073],[-120.90543305536254,49.17370736227617],[-120.88111430622232,49.177430958205235],[-120.89404010401967,49.189214525555364],[-120.89127772996152,49.20617474063259],[-120.89526576370514,49.21451493431276],[-120.87359959169049,49.20451293196234],[-120.85958645268934,49.20824299064285],[-120.84738436692359,49.219706008988844],[-120.84578139195202,49.240762394886985],[-120.81800162458117,49.25124288499647],[-120.82062641399656,49.26912101830162],[-120.81206601533026,49.284431581759215],[-120.82397134237588,49.29497116484439],[-120.85546348156554,49.295227658341055],[-120.86985963593317,49.303319350664594],[-120.90578885427536,49.30567529825059],[-120.91729487046379,49.300893087367776],[-120.94435313471689,49.27064323479439],[-120.95601327995455,49.27534036828012],[-120.99228543918944,49.27290378276784],[-121.00141735512855,49.278242389800205],[-120.99741668479935,49.31367492757273],[-121.02431892134906,49.30409599374485],[-121.04296356824177,49.3204102030964],[-121.04524265512975,49.330734455135705],[-121.06285406169313,49.33349142389675],[-121.07837476362651,49.32862070376288],[-121.10177332516665,49.34859631861302],[-121.07525148660301,49.3531304862529],[-121.09804393142035,49.35390947312448],[-121.09926682834462,49.44108774179422],[-121.09061498773269,49.44233926531647],[-121.08893349956257,49.45117096512236],[-121.08013211603668,49.45837641654237],[-121.08141599484767,49.46517144089402],[-121.06573188134432,49.465742704638146],[-121.0509287219702,49.473673557606254],[-121.07343908070895,49.495477969284075],[-121.07323495126062,49.50318990711254],[-121.08205783058361,49.51596296223881],[-121.06997168547291,49.52507529047184],[-121.04881368031779,49.52955548134963],[-121.04938698146866,49.54431072048812],[-121.03589288214131,49.550918432356006],[-121.03901366441693,49.55460593571437],[-121.03522850037595,49.56737817841472],[-121.0409289549484,49.568708286696705],[-121.04299396988354,49.57655217774067],[-121.03658316845875,49.58274805459631],[-121.03788250372111,49.58691195415066],[-120.9901079922723,49.5977216228158],[-120.99367302984393,49.60280975702251],[-120.98357750212702,49.61196421914623],[-120.97035542358593,49.60827216934377],[-120.96267565610958,49.61380456948861],[-120.97063844063291,49.62844237843021],[-120.9595030227171,49.64220913205686],[-120.96393907094239,49.65083587464345],[-120.9570737749744,49.67019454816457],[-120.96240832746018,49.67347949691995]]}},{"type":"Feature","properties":{},"geometry":{"type":"LineString","coordinates":[[-122.22991522865206,50.11051207064843],[-122.24458418801993,50.093914752394845],[-122.27469184155399,50.08405548583028],[-122.27939229578483,50.069054301133654],[-122.28918824058029,50.059717300583806],[-122.28883609699922,50.05152526362403],[-122.26061581816194,50.043288231880425],[-122.25533078935197,50.03529088918774],[-122.26139283859641,50.00305455556052],[-122.24938746514118,49.9796935129939],[-122.264955138421,49.97496044381705],[-122.27129206828614,49.96310098347218],[-122.24004269211484,49.94081224585359],[-122.2353530128293,49.92610895493209],[-122.20791517266323,49.91223982714768],[-122.16364634622398,49.909392906928076],[-122.10469559550437,49.848432159619655],[-122.06955062567364,49.83154571351814],[-122.05213053499504,49.83753915738042],[-122.04298838128774,49.83554708064678],[-122.04930379730823,49.829223700382805],[-122.04689555303734,49.82243047627528],[-122.03254348359661,49.81620451423992],[-121.99200675184653,49.82020044691919],[-121.98766737354362,49.83227685591158],[-121.96614951221926,49.838562543121895],[-121.97259681070749,49.84979788126863],[-121.96540048095078,49.858989163790405],[-121.94116074864293,49.85662953509666],[-121.92657594580747,49.86789590508513],[-121.9092859697294,49.873369887154986],[-121.87589890787203,49.87012855161256],[-121.86933480150465,49.878003818975],[-121.85806001725818,49.880387481799524],[-121.83514759854462,49.8704011595829],[-121.84413971559489,49.85894940353522],[-121.81701207711642,49.855268392495496],[-121.79332897266508,49.84092617299057],[-121.777995258282,49.855560314565764],[-121.78044724553388,49.86130843069557],[-121.7728365797351,49.87097159834208],[-121.76079546986672,49.8718964293371],[-121.75548299942211,49.86442527096895],[-121.75850511394903,49.852279305683346],[-121.72914051564486,49.84899735570962],[-121.72552743977498,49.84185866434891],[-121.72828959111841,49.83709165647244],[-121.71268605267097,49.8236338430846],[-121.72970870544532,49.81608022910052],[-121.73194387578637,49.80320573016524],[-121.72026060914388,49.79219889518986],[-121.70544692928932,49.79157321203086],[-121.70822878967657,49.780067314766065],[-121.70479602111155,49.774331707921625],[-121.71337956977186,49.770744590991185],[-121.71491211397196,49.764751780235294],[-121.70891913492092,49.74712054364253],[-121.73379572619727,49.735606603082616],[-121.6994750477444,49.71558146450566],[-121.69743692895315,49.705989587837664],[-121.70143846138994,49.70158799997193],[-121.68408112200284,49.69280375663089],[-121.70250998193525,49.66799300526919],[-121.68696746486151,49.64569181603418],[-121.68590762676442,49.63332467059731],[-121.67784237899556,49.62006929712125],[-121.6714007440465,49.616049533971015],[-121.64415442389321,49.62428177691151],[-121.63596843389735,49.62039823387196],[-121.62561120375082,49.62428554069643],[-121.59377326529908,49.61108389837829],[-121.56388952277898,49.60737334417217],[-121.54852479766855,49.600351221793765],[-121.54614052080738,49.58256245147573],[-121.5394353720572,49.57543340524428],[-121.5669954764018,49.56213712205856],[-121.56279357745036,49.558074734614856],[-121.56044481811965,49.534186405884576],[-121.55470171120295,49.52812577479215],[-121.56302390650079,49.51376154784585],[-121.57634187446881,49.5104713410635],[-121.5693555267885,49.49639056240967],[-121.57219096185193,49.48649747007365],[-121.59315359600615,49.49012342262338],[-121.61873993872467,49.50174768908818],[-121.64664289756904,49.474050109013525],[-121.66057980803515,49.46800626324682],[-121.64580956645874,49.452307842583515],[-121.68379431053165,49.42393846104538],[-121.69586432292843,49.421769885484146],[-121.69801961706409,49.40736956798406],[-121.7115508283295,49.40106199988288],[-121.71832634315926,49.39148597995507],[-121.69956920138844,49.38222164346851],[-121.6896091061191,49.36063790848181],[-121.76523760840276,49.35936830147578],[-121.76387362724928,49.3339935849882],[-121.79917509804422,49.31389292648538],[-121.77140793832268,49.3093649634162],[-121.77072521175886,49.299213868597775],[-121.76656163010867,49.29913175470626],[-121.76602979441448,49.28043785531787],[-121.77959268506717,49.26690711229512],[-121.77791241816526,49.256965312488724],[-121.78312930983769,49.255450151524556],[-121.78403988858283,49.245278694551175],[-121.84715971937288,49.24598510937989],[-121.85849600182448,49.23250459399648],[-121.8692914298039,49.22968523888996],[-121.86441419933506,49.220834118658026],[-121.93444829752136,49.224626609335594],[-121.93707240516147,49.217652489604674],[-121.97570021129437,49.2056549012837],[-121.99554783361057,49.18586570592311],[-122.02168599546397,49.18142631215395],[-122.05471779879569,49.15310158949191],[-122.12479121036239,49.14517159458283],[-122.12390480595663,49.14151830902637],[-122.09560918294719,49.13789960057345],[-122.09897141598007,49.12699439623036],[-122.08012302770227,49.10602546436776],[-122.08034969515636,49.06035788959591],[-122.07262749506366,49.057942000921486],[-122.07255991352073,49.045485456234346],[-122.08343731252626,49.045634589850174],[-122.08357754671431,49.03827703572302],[-122.09442942237882,49.03844065604222],[-122.09432979559976,49.01659530050406],[-122.1169717843705,49.01636724022105],[-122.1167743835275,49.00223376987769]]}},{"type":"Feature","properties":{},"geometry":{"type":"LineString","coordinates":[[-122.67883289682929,49.14824142217744],[-122.73467347835688,49.14805348208992],[-122.7345646594914,49.13812437713892],[-122.7622840835836,49.12972940297648],[-122.82330921764704,49.12620460197567]]}},{"type":"Feature","properties":{},"geometry":{"type":"LineString","coordinates":[[-122.63750798659989,49.08951425431197],[-122.6387706831823,49.104553704701594],[-122.64272971055709,49.10459539881541],[-122.63773391508614,49.10826744373062],[-122.64715955080631,49.114926359738064],[-122.6796807164973,49.113930404992075],[-122.67883289682929,49.14824142217744]]}},{"type":"Feature","properties":{},"geometry":{"type":"LineString","coordinates":[[-122.81784638630707,49.10455981779327],[-122.67981609697816,49.104390017344464],[-122.68002580579656,49.083880305198925]]}},{"type":"Feature","properties":{},"geometry":{"type":"LineString","coordinates":[[-122.82330921764704,49.12620460197567],[-122.823274476874,49.11916783418427],[-122.81772780430298,49.11917502567026],[-122.81784638630707,49.10455981779327]]}},{"type":"Feature","properties":{},"geometry":{"type":"LineString","coordinates":[[-117.49973912642588,50.45714486923863],[-117.495554919492,50.45042923051869],[-117.45413926088884,50.425424373752726],[-117.42017162891756,50.421151783220246],[-117.41260217582156,50.42483292726511],[-117.36310039446961,50.40558844538287],[-117.35895011220735,50.396321409625266],[-117.3745965265507,50.38012274134138],[-117.37475153672627,50.359471020030924],[-117.3998898709024,50.3538253578921],[-117.39316138742218,50.34311237588943],[-117.36097787030744,50.3256637266387],[-117.3682730216458,50.27820672552416],[-117.36229439031356,50.26550246074661],[-117.33913912350927,50.259338743863594],[-117.31727459867847,50.26575255801986],[-117.31127824959567,50.27728686796917],[-117.2900839637316,50.28028732005257],[-117.27938110261353,50.290399171687106],[-117.23581152790723,50.294535388344435],[-117.23373551563829,50.267631517017584],[-117.24067299533624,50.2561869511936],[-117.2212404952904,50.25335340678869],[-117.22611755324019,50.24087368191196],[-117.23512297539361,50.23560135467823],[-117.25987925403939,50.23767357873591],[-117.26527757895205,50.21892734338538],[-117.2751141252604,50.20887260931316],[-117.24582576652934,50.195262762823134],[-117.21898989225444,50.19519278488686],[-117.20114612778025,50.18646446689076],[-117.22646170409213,50.15537149723947],[-117.22737558559398,50.14398683011764],[-117.2368136406155,50.139656639134394],[-117.23241349478694,50.135518172047725],[-117.16680541255735,50.128444171499815],[-117.16453251352455,50.1221471761433],[-117.17358961524785,50.094244987220634],[-117.19364495102378,50.08900415531739],[-117.1906371724892,50.082765394520905],[-117.20651973813325,50.074827620837425],[-117.21327458282036,50.057186715757574],[-117.21118986424052,50.04877762023301],[-117.20117543176495,50.04007888444219],[-117.20421914686705,50.03423617786054],[-117.18965237810356,50.02501887061851],[-117.1868892491471,50.004889045910865],[-117.17889456742058,49.99951405547174],[-117.18324332606906,49.99307555589092],[-117.14396694830727,49.98245422588163],[-117.13235280473799,49.9682610121485],[-117.12907879424525,49.947908094439356],[-117.1363151898616,49.94007200937313],[-117.13093560868609,49.931656019615694],[-117.1748614385247,49.921755459066475],[-117.17419693479071,49.912585942720455],[-117.1815072876692,49.90870517150938],[-117.17428475277146,49.895753581039735],[-117.1875136866572,49.87991448837149],[-117.18053959955363,49.870900451204285],[-117.19598259497332,49.86103755944524],[-117.21166747378702,49.85912849885672],[-117.23001224845025,49.83949328870487],[-117.22895605457153,49.82429446086299],[-117.20961165549107,49.81128500578298],[-117.19649825529723,49.78315467795975],[-117.1978547980199,49.77708742970203],[-117.22535338194369,49.75974291613335],[-117.1927275422686,49.74374364101856],[-117.19732445826362,49.72231143482713],[-117.19066128243797,49.69801436345355],[-117.23150764351261,49.69917104621749],[-117.23780815528343,49.69168049104817],[-117.25548845256704,49.6845263868325],[-117.2689115427226,49.69147611248187],[-117.31680234986038,49.67846125766992],[-117.31458775162291,49.65057990213462],[-117.32262497858983,49.62396320655423],[-117.34273836839287,49.62081654267987],[-117.36213897696094,49.626979363736126],[-117.37628532310488,49.624002691435145],[-117.39480555819958,49.634206449783],[-117.40298783547271,49.621505296926024],[-117.42971105469783,49.60982444895404],[-117.42684112138988,49.602106117182956],[-117.41741664825061,49.59833483303631],[-117.41780708832488,49.58416346794912],[-117.43405430012126,49.58872985693254],[-117.44795752278043,49.58413126035863],[-117.44822782751388,49.575385826398886],[-117.45852135375323,49.578518477147554],[-117.47437538716828,49.57338398056046],[-117.50308197275828,49.57492841339438],[-117.51628654318715,49.556803449696076],[-117.52776634274984,49.55706853082386],[-117.54558337590814,49.54269066870325],[-117.5551650055805,49.54068868663761],[-117.55603171240728,49.52407742757239],[-117.54197758678855,49.5081123476112],[-117.54543339472205,49.480914646557885],[-117.51678780824321,49.47986612516607],[-117.51718097321915,49.47258165810547],[-117.51153499766798,49.472632354308345],[-117.51168746216538,49.465616502444966],[-117.50584061725486,49.465796103721445],[-117.50589511342447,49.46200614365519],[-117.52252354445206,49.45661470863275],[-117.52485120857891,49.448656596577045],[-117.52052277743539,49.450335543126826],[-117.5179843168914,49.44622105397467],[-117.52352421624977,49.44169914814612],[-117.51440446980172,49.44158881641255],[-117.50836796738362,49.45095816453221],[-117.48175094518056,49.45134745720866],[-117.48273157997767,49.43592212721428],[-117.51695940987403,49.43592331885372]]}},{"type":"Feature","properties":{},"geometry":{"type":"LineString","coordinates":[[-116.28260412393544,51.33150184528972],[-116.30519403539438,51.32538442436994],[-116.30081494440279,51.302326647779196],[-116.29023609161156,51.290845094728226],[-116.296571605189,51.2616938811049],[-116.26223483101367,51.24300750775415],[-116.26336505937682,51.22179893560316],[-116.3010927647072,51.208655638586386],[-116.32709523727397,51.21461224999532],[-116.33509314661296,51.20844040652949],[-116.3464683651143,51.207781316369285],[-116.34616564355976,51.20303562051081],[-116.3413847014545,51.188679568456266],[-116.33211584891794,51.18060959249486],[-116.29754153332252,51.179967731063],[-116.28434417758741,51.15138696098156],[-116.2564536709867,51.14078913770777],[-116.26451283790273,51.1291582944627],[-116.26216188010687,51.126552239470705],[-116.3184706843748,51.095462014303045],[-116.33978378657689,51.06435332656491],[-116.39105889912037,51.055581949359066],[-116.41847237086917,51.036586404893406],[-116.40361014451786,51.02010929390056],[-116.38458920582488,51.01186563082944],[-116.38098237287454,50.99923604484782],[-116.33703893109553,50.975477006320865],[-116.31832348080017,50.94907748357822],[-116.44436274062888,50.94982226855902],[-116.44365167312223,50.935197138490544],[-116.48818534014214,50.94051692349139],[-116.49972248481905,50.934927567894896],[-116.53538045949418,50.93513672406155],[-116.53571241534505,50.920973092812766],[-116.62872660508813,50.92067428000269],[-116.64024591969107,50.90845475237794],[-116.67215888172268,50.889783232889855],[-116.6970952909815,50.889682240318336],[-116.71315571191623,50.88010120433867],[-116.72708734162775,50.88027712389634],[-116.73357986448713,50.87541433463718],[-116.72423615331658,50.86365035813794],[-116.72320610936077,50.85401706959985],[-116.7653431670055,50.845743583231034],[-116.74588396532091,50.816212397523636],[-116.73763347873607,50.8132318114395],[-116.7495203618341,50.79084774893211],[-116.74535170313759,50.771295689778356],[-116.77195356746867,50.76673795970122],[-116.77520217542747,50.751159924253216],[-116.78997463351702,50.74552934082486],[-116.78300126525541,50.73454686444275],[-116.79583090502337,50.729108818295614],[-116.8136064013644,50.72904233775536],[-116.82095866705593,50.736134203468616],[-116.81618905175972,50.742500744513286],[-116.8296592193715,50.74932647648047],[-116.82819338254777,50.758903358543016],[-116.83209327513978,50.76070987436665],[-116.861081384906,50.75668523735719],[-116.88027467361199,50.77014606801109],[-116.91838671706753,50.77156393983668],[-116.93258187033338,50.79678144929664],[-116.95408934804172,50.80298767568681],[-116.95854692950321,50.80857273411969],[-116.98964322918182,50.8092111987845],[-117.01555813841816,50.81987659991744],[-117.03811286052597,50.81500363532327],[-117.05042883654873,50.82988791885981],[-117.04152836833086,50.85641452751127],[-117.06465541650059,50.85322857563681],[-117.0758800403771,50.85549235696341],[-117.08394935830879,50.86456808967862],[-117.07004730469345,50.889425949918774],[-117.07599214057407,50.89838705970979],[-117.06512539410903,50.9038624804747],[-117.06739458168862,50.90683044043786],[-117.06340375998096,50.90983830512688],[-117.06896026836758,50.92014922561792],[-117.03310904908665,50.95809191831664],[-117.04979617029387,50.966006055414084],[-117.05864532299462,50.96513954295382],[-117.06657764528607,50.97176803302839],[-117.10884193522095,50.96754776090317],[-117.11068164999244,50.97346342699384],[-117.1223599521263,50.97773805585966],[-117.14349103874247,50.97272601058905],[-117.15522956539344,50.97584782718046],[-117.16207681412638,50.981316052877794],[-117.16523488105015,50.993516856189224],[-117.13896027209809,51.005085880273555],[-117.13012918715576,51.01810490384266],[-117.13788284412291,51.02801323450166],[-117.1638266624082,51.026322391408414],[-117.1626667328174,51.04434596086579],[-117.19874727583894,51.05505096773523],[-117.19901080784702,51.06356102358259],[-117.21067299193379,51.066063482888154],[-117.2243466296356,51.05925718776836],[-117.30431168913117,51.051324047093274],[-117.31505258298041,51.037734789159124],[-117.32438201573004,51.03549828190991],[-117.34750007263528,51.038881474198476],[-117.34639934581168,51.03400555389252],[-117.35561878170854,51.024759900687336],[-117.37226240795007,51.016623372072864],[-117.39019579859176,50.999796202090714],[-117.38778758478999,50.9908540503469],[-117.39861549121176,50.98594854643343],[-117.40180529390416,50.97881249166506],[-117.39780181533726,50.961195566235865],[-117.4386206463822,50.946803252766614],[-117.44098171981712,50.934365794329764],[-117.4313117362624,50.92619912021415],[-117.41891480278895,50.92453898719383],[-117.4176000677507,50.90924658616121],[-117.44492873621054,50.90026341099404],[-117.46728691805814,50.90241180213844],[-117.4906420975787,50.8831083538342],[-117.4696888429766,50.86621470605479],[-117.47043673068019,50.85996436983083],[-117.4603038239763,50.84969260535043],[-117.45326301238528,50.83004296890717],[-117.46679317660113,50.81119153782929],[-117.45874789335184,50.80038966020801],[-117.4326860875847,50.79683253326871],[-117.42909635289764,50.78276504053625],[-117.40084880616904,50.77658675620964],[-117.38996703043658,50.75059576713724],[-117.38227537835452,50.74757345495031],[-117.39228278752347,50.72208879939771],[-117.40146932399415,50.71854579565462],[-117.39775150818731,50.71139283649478],[-117.37082572771192,50.70198208457741],[-117.3563642921716,50.7199740931142],[-117.32310516538578,50.72417896963661],[-117.30873889316098,50.73839439875098],[-117.3013696567102,50.73339543234828],[-117.27354195983801,50.744592496271565],[-117.25208262594664,50.742011898197624],[-117.25375973768772,50.73053371170662],[-117.26641312923199,50.71988753431888],[-117.26342436116184,50.69254623996642],[-117.27046315261627,50.68560765290535],[-117.26801213865103,50.67441812788279],[-117.27590853135948,50.671304260977315],[-117.25431839157346,50.65447056583018],[-117.23271042126804,50.65133490087534],[-117.22959067412219,50.63211363458716],[-117.2678325737379,50.613567619131565],[-117.27336703817468,50.597802092719164],[-117.3067980517934,50.57744720094873],[-117.3070465073439,50.57241228720662],[-117.27077366757653,50.55302119951319],[-117.25696249497922,50.53836645425445],[-117.24503559820462,50.53508080112797],[-117.24068500265935,50.52404271819533],[-117.24384554388043,50.519470935465264],[-117.27809076208501,50.511187446465705],[-117.28136003741797,50.504694950059545],[-117.29570844700405,50.497027835868174],[-117.34272585289241,50.48343872503419],[-117.4358967457172,50.4843684394569],[-117.45103119520408,50.493525626619416],[-117.47327482495203,50.494485083709385],[-117.49891552319549,50.48523553196543],[-117.49376143009493,50.47580917286674],[-117.50160728862323,50.469946405817375],[-117.49973912642588,50.45714486923863]]}},{"type":"Feature","properties":{},"geometry":{"type":"LineString","coordinates":[[-117.51695940987403,49.43592331885372],[-117.5150100484185,49.3919732308678],[-117.52571815989381,49.3917249216784],[-117.52617895256311,49.38460266661761],[-117.53193670154626,49.38436539013514],[-117.53111271164045,49.377544075352645],[-117.53777300751959,49.377225562695585],[-117.53754264847306,49.37038095213841],[-117.54345619719052,49.36998527213705],[-117.54328275944981,49.36309624697477],[-117.54927878292627,49.36296141829432],[-117.54934640609592,49.35617568534238],[-117.55459107733367,49.355822956230156],[-117.55493492584098,49.34870789067376],[-117.49087380396635,49.34899073599425],[-117.49396124076013,49.1754872182255],[-117.67427467372694,49.175041590544616],[-117.67408072097267,49.20772436714035],[-117.6836148174298,49.208534208423664],[-117.7083819043962,49.19769950513934],[-117.71643219436295,49.17257911462197],[-117.73715918925244,49.14064399181585],[-117.73591348970609,49.123636512063435],[-117.72882895258316,49.117871628402376],[-117.74842045776825,49.11998681284738],[-117.74752885552628,49.09885112675196],[-117.74022508673332,49.094946691262486],[-117.72882308489517,49.101141904519245],[-117.72857089124274,49.096487889539745],[-117.7478305121346,49.08806048463863],[-117.74773008744646,49.081190409838655],[-117.75919816027941,49.08114859416095],[-117.75923930032558,49.05910560485412],[-117.7372708240994,49.058921351326994],[-117.7371038396052,49.04431623640303],[-117.72595903367447,49.04426888972134],[-117.72575497033564,49.0299006167204],[-117.70918591192776,49.02745366414208],[-117.72199360227344,49.01449336308414],[-117.72157710644416,49.00071195755725]]}},{"type":"Feature","properties":{},"geometry":{"type":"LineString","coordinates":[[-122.92479791699107,49.553987413187116],[-122.90115672494302,49.52421210541345],[-122.8971327114213,49.515554293094596],[-122.90285990626018,49.509716510896844],[-122.89290402308133,49.50131940120334],[-122.89184470486722,49.49246790328397],[-122.88356091101016,49.48767538945134],[-122.8889773939152,49.484126306641905],[-122.88424490510357,49.47972829183823],[-122.88495477959775,49.46716983366031],[-122.8766372249934,49.457168596582044]]}},{"type":"Feature","properties":{},"geometry":{"type":"LineString","coordinates":[[-122.81608574841677,49.5723538635046],[-122.94504470848467,49.57054274592518],[-122.92479791699107,49.553987413187116]]}},{"type":"Feature","properties":{},"geometry":{"type":"LineString","coordinates":[[-122.75139305338139,49.21577173771902],[-122.76738470681919,49.23031920189218],[-122.72347168059822,49.25186459728767],[-122.6976433197507,49.28220190678819],[-122.65920111488334,49.29371090669954],[-122.66010899260111,49.29798138924543],[-122.67626032316645,49.30510130535895],[-122.67522880470867,49.317026311743824],[-122.62058279882464,49.35084311327457],[-122.59050842334108,49.35910102802181],[-122.56314504830011,49.39143457239912],[-122.55549920696038,49.415942111780204],[-122.53519216500642,49.44348374595692],[-122.52722100167159,49.465352389977255],[-122.54023350482086,49.47631170600681],[-122.58168921049307,49.490577990436435],[-122.60814378576455,49.541702082349865],[-122.6554231746637,49.53964890095746],[-122.68314201125587,49.55347780402022],[-122.70008679969524,49.57355454458761],[-122.81608574841677,49.5723538635046]]}},{"type":"Feature","properties":{},"geometry":{"type":"LineString","coordinates":[[-122.80472516951858,49.219339149962025],[-122.77915074630117,49.213939644629804],[-122.75139305338139,49.21577173771902]]}},{"type":"Feature","properties":{},"geometry":{"type":"LineString","coordinates":[[-122.8727202641772,49.381900309723456],[-122.83362676074321,49.38204645393573],[-122.82537481325949,49.3750248061369],[-122.83227861880286,49.36210941205612],[-122.8234061515737,49.35162517440203],[-122.77564511713577,49.351224970938134],[-122.77111086311311,49.34705399791658],[-122.77415890262793,49.34256434337224],[-122.76863920057409,49.33316060432884],[-122.78361038845989,49.332886303626424],[-122.78819042242594,49.32844602668186],[-122.80202623071928,49.29642110859596],[-122.80175717707593,49.27734327329444],[-122.79063791527086,49.27366819006252],[-122.79085155175625,49.260881592865346],[-122.79731580943528,49.25926928507388],[-122.79561887646433,49.248450993941304],[-122.80687301227681,49.24140400851413],[-122.8062409933294,49.2367126114851],[-122.80011738018135,49.23573849344364],[-122.80647961443384,49.22790530545205],[-122.80472516951858,49.219339149962025]]}},{"type":"Feature","properties":{},"geometry":{"type":"LineString","coordinates":[[-124.01628688722752,49.24443989163759],[-124.01618934681643,49.244498155648465]]}},{"type":"Feature","properties":{},"geometry":{"type":"LineString","coordinates":[[-123.73435996109778,48.93631851982724],[-123.7833259869012,48.93628634551652],[-123.7831032634778,48.90008516355752],[-123.7901536645434,48.901898301638575],[-123.79272563628507,48.89427823881428],[-123.80208851606417,48.896410597124465],[-123.8000944145883,48.904829930314655],[-123.79342772467405,48.90558271089945],[-123.80122051492691,48.91020679836392],[-123.84893890110621,48.908623820351885],[-123.84991891350172,48.91617286465828],[-123.89267039345019,48.91227068824067],[-123.8986834153898,48.9187355615157],[-123.96815479961282,48.92018645383354],[-123.96835917726503,48.930903268202805],[-123.97500794907756,48.9310610557748],[-123.9751040409769,48.93714767677734],[-124.02082428502301,48.93672956435344],[-124.01959378858517,48.947826047303344],[-124.04626481297711,48.946204370714774],[-124.05527959737962,48.95308442458669],[-124.06456078327783,48.95270911798114],[-124.06891946295796,48.96532326706805],[-124.07693290368097,48.96803298377631],[-124.07780600136122,48.958849872203565],[-124.09594817862117,48.96245933661877],[-124.10053559011186,48.95865212648102],[-124.09941423949019,48.95241011787348],[-124.14208152828193,48.94685442879862],[-124.14114493695622,48.94195901380464],[-124.15602791213668,48.939150643122716],[-124.16168459439209,48.93971804383759],[-124.16402412522667,48.94697457015627],[-124.17951813176222,48.949023383930474],[-124.17835582220829,48.954924831986425],[-124.18898366638481,48.95450618221174],[-124.18875956432683,48.95782575142922],[-124.20281894558207,48.96156161725725],[-124.19725537351414,48.943962180118575],[-124.22488682910111,48.93697648495585],[-124.21433684822061,48.943883512019674],[-124.21000136333765,48.95531644411278],[-124.23507843767172,48.956769559044254],[-124.29486572316667,48.97381297225595],[-124.30393049884812,48.9824730784128],[-124.31835487536509,48.97744786566478],[-124.31899098166241,48.967143871465936],[-124.33262047735485,48.965293000422925],[-124.34753380113645,48.97797167393622],[-124.35668179039388,48.97589077675374],[-124.3645709271651,48.982185823696064],[-124.384931808116,48.98205762361346],[-124.40025913320761,49.003349435289124],[-124.40053156617299,49.01247030593733],[-124.41039010312564,49.01594065133696],[-124.41713241900429,49.025463859004425],[-124.45226796664647,49.02329308236836],[-124.45779925972505,49.032372744681005],[-124.46319017888929,49.03244467240156],[-124.46898741932195,49.03086015636503],[-124.46337911094741,49.02871566992024],[-124.46677129162602,49.023672155344364],[-124.4630659776128,49.019932414211695],[-124.47015383534705,49.01999331775304],[-124.5033958008134,49.02794774937041],[-124.5019676293871,49.03417725425465],[-124.48704898569005,49.0316639222122],[-124.48840691659777,49.04230331346868],[-124.45643935351515,49.04351514594939],[-124.45602519478226,49.04903509357036],[-124.46328844899892,49.050178660923464],[-124.46107807922665,49.059169288760366],[-124.47154974238076,49.06051561344293],[-124.47529831283562,49.05454675585083],[-124.5036964890387,49.05489855536007],[-124.50304600834134,49.047147770406944],[-124.51576559226883,49.05105693527363],[-124.5165488566565,49.068556326544424],[-124.52377128319807,49.07144029898547],[-124.52776218832547,49.091095778092274],[-124.53287179412104,49.09109891895884],[-124.53149037192586,49.10896711301502],[-124.53722436220363,49.10917721568543],[-124.52821518924425,49.12417877739793],[-124.54820893732285,49.12809981506951],[-124.55242606639837,49.133483675173046],[-124.5498717645337,49.14171343755149],[-124.56503055751875,49.143643925241086],[-124.5670876388856,49.148803512701846],[-124.58059828989727,49.14857498388246],[-124.58255508490159,49.14005755526509]]}},{"type":"Feature","properties":{},"geometry":{"type":"LineString","coordinates":[[-123.56734431126831,48.75895746496282],[-123.5708433913686,48.766241461660975],[-123.5658377720562,48.77225826524425]]}},{"type":"Feature","properties":{},"geometry":{"type":"LineString","coordinates":[[-123.53847676973454,48.54804671017291],[-123.54309250098093,48.54251721783532],[-123.54178607263347,48.52940313627735],[-123.54641825409391,48.54676339575267],[-123.53995023584099,48.551939299741726]]}},{"type":"Feature","properties":{},"geometry":{"type":"LineString","coordinates":[[-124.10589117721602,48.42641234764198],[-124.0971748635395,48.43518046644615],[-124.1014033881355,48.43881612482474],[-124.07901685215052,48.43891080217774],[-124.07001806116583,48.45343026911009],[-124.05146033280896,48.430690284793364],[-124.01483730643946,48.43001488879265],[-124.01510139060866,48.41889569663145],[-123.98167513658517,48.41666375633602],[-123.98182120439326,48.40746712984879],[-123.97146500033337,48.40767795593771],[-123.97134071732569,48.403975324612496],[-123.8656209794386,48.40293689833804],[-123.86626191757222,48.38982306851899],[-123.83737541112448,48.38793386062088],[-123.7449437049762,48.41893861556563],[-123.74599197390431,48.43370128861056],[-123.75005996371371,48.43572238826279],[-123.7417643680465,48.43855440453635],[-123.74150504835762,48.45072986438022],[-123.75027210611192,48.46682254290101],[-123.74489883688382,48.46679727733407],[-123.7461813910161,48.474016850959345],[-123.73928283537872,48.47416805994563],[-123.73822342911721,48.4564292119427],[-123.71794120193097,48.44094347155187],[-123.71191709487334,48.42839911633269],[-123.57523324320702,48.425970089334385],[-123.56474901650519,48.422858512955145],[-123.55641745075381,48.410674023454554],[-123.51802790584952,48.402755501506476],[-123.51119736791183,48.41459533444312],[-123.51570486723016,48.417541048197094],[-123.5113843577547,48.42867393929637],[-123.51758812601113,48.430186325333096],[-123.51382752976023,48.43647487914585],[-123.50204326865519,48.43826495435956],[-123.49173220709525,48.44601229515514],[-123.4680819947038,48.44916059288887],[-123.48421061949502,48.46545046645913],[-123.48286353877884,48.474637169370254],[-123.49751250468191,48.475499699192135],[-123.49721029742258,48.4896784904064],[-123.48272341720468,48.48972434777559],[-123.48133159329589,48.496144191805485],[-123.47486832360146,48.49776512577085],[-123.45650320654623,48.493505984760986],[-123.45830096724036,48.51466961285041],[-123.46345562772598,48.5143927228671],[-123.46361173992759,48.5231684374981],[-123.47248001859786,48.52279221452487],[-123.47276555464754,48.53732551707854],[-123.47773746263447,48.537298366597796],[-123.47778643559636,48.544144069336596],[-123.48856214615803,48.54402993227381],[-123.48850077388944,48.550223383348914],[-123.49333489259988,48.55021035383555],[-123.4937818910965,48.55803901689745],[-123.4973998999443,48.55824965592405]]}},{"type":"Feature","properties":{},"geometry":{"type":"LineString","coordinates":[[-122.95690884107364,49.17517188111715],[-122.98313148613234,49.163204405393316],[-122.98864081836618,49.15573780098907],[-123.04534406362075,49.14148910416032]]}},{"type":"Feature","properties":{},"geometry":{"type":"LineString","coordinates":[[-122.91219619899161,49.194062607979426],[-122.91997239976583,49.194688724352716],[-122.93815961515223,49.181601405881125],[-122.95690884107364,49.17517188111715]]}},{"type":"Feature","properties":{},"geometry":{"type":"LineString","coordinates":[[-122.89026749841148,49.16320840185442],[-122.89011005913085,49.177143053865194],[-122.92332576807249,49.1772102578335],[-122.91219619899161,49.194062607979426]]}},{"type":"Feature","properties":{},"geometry":{"type":"LineString","coordinates":[[-122.86778883016716,49.10817201095109],[-122.87351833107962,49.108234240432054],[-122.87339184244313,49.11925163876628],[-122.8903428847853,49.11938271043411],[-122.89026749841148,49.16320840185442]]}},{"type":"Feature","properties":{},"geometry":{"type":"LineString","coordinates":[[-122.8901819099423,49.087114685217415],[-122.88920514161155,49.09308465775727],[-122.87474806073135,49.093981611667616],[-122.87451639487541,49.104402113421706],[-122.86785834567435,49.104493081208254],[-122.86778883016716,49.10817201095109]]}},{"type":"Feature","properties":{},"geometry":{"type":"LineString","coordinates":[[-123.09470660394186,49.09468730144656],[-123.09866068187644,49.08862505619695],[-123.10888218444725,49.08651650556465]]}},{"type":"Feature","properties":{},"geometry":{"type":"LineString","coordinates":[[-123.35118235722149,48.4503287070727],[-123.35945028555837,48.4557213956495],[-123.36459429561577,48.470029807327485],[-123.38134638798059,48.467831786005895],[-123.39058060400923,48.49693114283211],[-123.40557050804074,48.50300040341735],[-123.43776879142199,48.52868409925191],[-123.43810858610846,48.53943521131417],[-123.44857389980142,48.547486212015066],[-123.44735914083842,48.55535951603743],[-123.47435231746326,48.56117769303532],[-123.47241182202404,48.57476968780267]]}},{"type":"Feature","properties":{},"geometry":{"type":"LineString","coordinates":[[-123.3912466699748,48.419353765520235],[-123.38838581480348,48.42413027147637],[-123.39423069138478,48.428692788957036],[-123.39399954697151,48.43980386242617],[-123.38462981469897,48.4494501849332],[-123.35118235722149,48.4503287070727]]}},{"type":"Feature","properties":{},"geometry":{"type":"LineString","coordinates":[[-122.79758172903789,49.20107499192549],[-122.80036110400971,49.19702198207677],[-122.8125385857845,49.19873539845069],[-122.81238468683135,49.16286480212502],[-122.82342528839968,49.16291280338497]]}},{"type":"Feature","properties":{},"geometry":{"type":"LineString","coordinates":[[-122.67883289682929,49.14824142217744],[-122.67803552056264,49.16680242149497],[-122.78732289773801,49.19474899140172],[-122.79758172903789,49.20107499192549]]}},{"type":"Feature","properties":{},"geometry":{"type":"LineString","coordinates":[[-122.82342528839968,49.16291280338497],[-122.82330921764704,49.12620460197567]]}},{"type":"Feature","properties":{},"geometry":{"type":"LineString","coordinates":[[-119.64448665191011,50.40210758236242],[-119.62844145877405,50.40215317395663],[-119.62860197342665,50.41644722470936],[-119.60611426519658,50.41628758447482],[-119.60610996382984,50.43100759212707],[-119.58166656727434,50.43080461399329],[-119.58186485203653,50.44570155170347],[-119.52581390888632,50.44521647705629],[-119.52493477467378,50.43103227790456],[-119.4463650645751,50.43085369511399],[-119.44570645484748,50.41595752194525],[-119.35239100234097,50.416170741456575],[-119.35258585040906,50.42594971755301],[-119.36397631712222,50.42613511653165],[-119.36452822094257,50.448465133209375],[-119.37465342280396,50.448408000479034],[-119.37511179765453,50.456034800002],[-119.36054271876965,50.46015414960976],[-119.34936922014876,50.4695809618846],[-119.34374882519118,50.48509920376104],[-119.32990842839679,50.4847562018079],[-119.32892854352544,50.469983349974584],[-119.29738276493805,50.47135010907514],[-119.26583973216671,50.45668464601746],[-119.25749063855521,50.462945567301716],[-119.23143842870172,50.45884244588039],[-119.2180758078024,50.44784616948557],[-119.21712458395909,50.436258170665276],[-119.19454819634427,50.43914484520635],[-119.19113209332545,50.4297823948572],[-119.18330430702383,50.42700270003998],[-119.1622516154196,50.43956369362852],[-119.05955509200311,50.444647272634654],[-119.05972036232981,50.45857343840546],[-119.01139707830102,50.45960807481505],[-119.01151397902433,50.473302564111094],[-119.00070520085286,50.47366310258788],[-119.00187008517392,50.488386782310556],[-118.57283787008649,50.48819664977209],[-118.58940535460464,50.50060944588259],[-118.58448773923698,50.51426476641747],[-118.55867977421117,50.52776362868205],[-118.55595565617509,50.53781126767036],[-118.53183486661896,50.537874561961765],[-118.51071617866684,50.549613319533705],[-118.48175324016398,50.5568688782605],[-118.47390619991344,50.57158002629503],[-118.47896383811535,50.57824804428168],[-118.47516534926936,50.584145714213314],[-118.4891816700239,50.59521909907479],[-118.48871626637909,50.60810694628357],[-118.47446363904557,50.62898633832963],[-118.45072427421326,50.63359163521766],[-118.434933719764,50.649973684279075],[-118.42694929783352,50.651267972242174],[-118.41744844880392,50.666300443749165],[-118.42604836376697,50.67434390318857],[-118.42035548536576,50.689844925275615],[-118.42751278004322,50.69863460491853],[-118.40872318138592,50.71209075782614],[-118.40732543956143,50.72039673549177],[-118.43131613227054,50.72816854840412],[-118.43154037171692,50.75223356085273],[-118.44087878976465,50.75375663781558],[-118.45627717593541,50.77248788559913],[-118.4515825246998,50.78498965195887],[-118.43844083864161,50.78666779115044],[-118.43136884076297,50.79509485938032],[-118.43634596523452,50.79945165127495],[-118.42849898646949,50.809789964666194],[-118.43776369110982,50.82427909121979],[-118.42508630515381,50.825570487240604],[-118.4151470178747,50.83396609784153],[-118.37560092555543,50.83199294715702],[-118.3703698405976,50.8408712822589],[-118.36050132388745,50.83933993923301],[-118.32538114535623,50.8489421233139],[-118.32209443729788,50.856874674168715],[-118.2942816142396,50.86440291127158],[-118.28630427600389,50.84928336280274],[-118.26835479331207,50.840322835177126],[-118.27601965338621,50.823966668085845],[-118.25851249769373,50.81855129880641],[-118.26795713968852,50.813440184626856],[-118.26118255335244,50.7993820316251],[-118.26383440650213,50.788884585293026],[-118.25227082015248,50.78210952512999],[-118.24189769910178,50.75519284038594],[-118.22694705619932,50.743381111477],[-118.20585369165912,50.73892506352969],[-118.20886379854144,50.71336869142876],[-118.20066297232356,50.69894646468991],[-118.20731715227875,50.69029122843651],[-118.12869959585967,50.68093201701471],[-118.07659853247733,50.693255034203254],[-118.06960104442409,50.68839314970993],[-118.06837613661665,50.66654330961896],[-118.03933361056383,50.66328483062689],[-118.01381544315427,50.65312027441852],[-118.00680421352185,50.639051623904045],[-118.00765106058601,50.60906835253146],[-117.99433934043805,50.54810117991321],[-117.98477754803807,50.53852750304802],[-117.9794282584075,50.53873519232278],[-117.97792310440303,50.5328459831973],[-117.90180428453733,50.53319191880346],[-117.90286126567719,50.528231127399756],[-117.85697940448894,50.527858435873256],[-117.84988818030085,50.54238753150579],[-117.81836056281753,50.54100104749259],[-117.79320565453665,50.55057992296589],[-117.74684725337856,50.55521209275325],[-117.69425351598792,50.54513133874329],[-117.67110778781738,50.53243421737658],[-117.64873745290117,50.532232719643154],[-117.63769246971022,50.54860111113065],[-117.61585940162767,50.543700003623115],[-117.60543875675774,50.52343624521905],[-117.58527424526876,50.504226417962435],[-117.55880341666823,50.50231271253021],[-117.54548131690918,50.48974164094947],[-117.5502223527703,50.484198645972604],[-117.52798253961014,50.475783274787645],[-117.49973912642588,50.45714486923863]]}},{"type":"Feature","properties":{},"geometry":{"type":"LineString","coordinates":[[-118.80320419853619,52.177222574922226],[-118.83366979070998,52.16431189850473],[-118.83778310316936,52.14615571589901],[-118.8498843955054,52.13725581163018],[-118.8527182797942,52.12245973085586],[-118.86668975957173,52.10241775942181],[-118.85455329833898,52.08801607267809],[-118.87280812185539,52.07601766919342],[-118.87247981988058,52.07211169498948],[-118.84822527871965,52.058144719803934],[-118.85131199167151,52.04935502568482],[-118.9362423085659,52.03410510171191],[-118.94425761882327,52.0261978376492],[-118.94939046743183,52.00684492767463],[-118.97192049278091,51.9881424664226],[-118.97185248201441,51.977219587773995],[-118.91601260107184,51.96565341579404],[-118.8910298845046,51.95407418470012],[-118.90584719448285,51.93139648637535],[-118.9138663973754,51.926754204575374],[-118.94431705322165,51.92754863229062],[-118.97660297930747,51.93456253289093],[-118.98907888989554,51.92958750188766],[-118.965951034597,51.88711097627557],[-118.97262124845102,51.87283547623675],[-118.9901345625646,51.86455306950709],[-118.94890752908795,51.846961618092834],[-118.94966395122013,51.831091948151574],[-118.96503369463483,51.82434081506555],[-118.96139264963345,51.81057019893662],[-118.9420714381923,51.79331926301269],[-118.92409896300423,51.794311623726315],[-118.90599980847931,51.78617119012844],[-118.88884886056017,51.785810062122486],[-118.88546053720448,51.778553912828016],[-118.89739622869034,51.76345104972525],[-118.88815824578887,51.74774830623696],[-118.8863115761513,51.73096137124476],[-118.91843874024221,51.717423370682376],[-118.91755168753592,51.7032391362336],[-118.92413326449184,51.6963404467752],[-118.92386926889024,51.68956225304182],[-118.93782763499198,51.70272153567403],[-118.9610630385939,51.70151564133176],[-118.97909924518957,51.69228366484199],[-119.0099413217232,51.68726033271974],[-119.01070411686891,51.68346395002136],[-118.99886266450983,51.67937283179968],[-118.99448902416725,51.66945632155099],[-118.97570392753876,51.65948005030238],[-118.97093102791567,51.652079907661616],[-118.98317639258855,51.6352326700433],[-118.95776000417243,51.601142133325475],[-118.9729271720419,51.59544817070372],[-118.96613091424224,51.574958761596],[-118.9812331845572,51.55354653850569],[-118.98368790541768,51.542358160958194],[-118.96477897686518,51.52911415002878],[-118.95019426570825,51.50739837049278],[-118.96257490232286,51.49943047671738],[-118.9647040472153,51.49064124866529],[-118.95222012293254,51.47149514581296],[-118.95345387414146,51.46131035486663],[-118.96116768221418,51.45294460450259],[-119.00029405336149,51.430601708883394],[-119.02902696490766,51.422901576292304],[-119.05878826370477,51.39501142692294],[-119.0761577052506,51.3893925156324],[-119.09152794655014,51.395026269796126],[-119.10833668123601,51.37660715621795],[-119.13358638458206,51.36562405193135],[-119.18704895813191,51.35449510073212],[-119.1924249528346,51.31760557749783],[-119.20534690947987,51.31798158462786],[-119.20503609141129,51.31125909625614],[-119.22098710116563,51.3111246043201],[-119.22451956195401,51.27989674900025],[-119.23722320792581,51.26810922895675],[-119.27498179868861,51.25722505846426],[-119.29399449073564,51.24634292715703],[-119.32415819271537,51.25321936130699],[-119.37088164117264,51.255493645176664],[-119.38666532988698,51.24126817120106],[-119.44069469321876,51.22177277646372],[-119.44548554580551,51.21404491833949],[-119.43965648890676,51.18228344753709],[-119.47224244556789,51.17949933190615],[-119.4839341479506,51.17372818397303],[-119.50945367441994,51.14320597267037],[-119.50865590516558,51.11857364191832],[-119.51398883269503,51.11087332469373],[-119.52569883935182,51.10664693266507],[-119.52450785989029,51.09270900157522],[-119.51733143012237,51.08960092392029],[-119.50713150984757,51.0666521504791],[-119.5216911072243,51.03264642722538],[-119.54807206314445,51.01103044872398],[-119.53798065345119,51.00090674659806],[-119.53691840445508,50.98359434679159],[-119.7308630600169,50.98388532486056],[-119.68979929363311,50.961975755922026],[-119.66435129425858,50.92539225896555],[-119.66419384683745,50.86772659070892],[-119.66965783279075,50.86558477186527],[-119.64958725780396,50.85898682958349],[-119.64614623553815,50.8677357524036],[-119.62808222895082,50.87863246219967],[-119.60996142557752,50.87006325118432],[-119.64449960100733,50.84816696328904],[-119.69987131301784,50.82723859919809],[-119.69788547698141,50.83710517334663],[-119.75310230081041,50.83746475824685],[-119.75927261456441,50.82845185943282],[-119.75829193473758,50.81036866645016],[-119.76398623582202,50.800787964014134],[-119.75763174440158,50.79893366514508],[-119.76517362884523,50.792547557468396],[-119.76054561968897,50.79155196540977],[-119.76852152941382,50.78363625651021],[-119.76735741723681,50.77859026847059],[-119.78467001644879,50.76432535498474],[-119.7751586256796,50.76296095655032],[-119.75429558689999,50.750204306297086],[-119.75552960356372,50.74710090482062],[-119.76892542210528,50.72631751462245],[-119.78314144659795,50.72030580390256],[-119.79820363516498,50.70316470091713],[-119.83827905938544,50.67533101431698],[-119.85417970426654,50.67322370218319],[-119.88813796089927,50.65444749263113],[-119.91728093255729,50.64604190984934],[-119.96260517876057,50.654480956781235],[-119.99901169977727,50.64937722234649],[-120.02917800740876,50.65892949527742],[-120.09109489637838,50.65946220101451],[-120.15467440748299,50.67181128381654],[-120.19957078486604,50.67097409420735],[-120.26600859138136,50.68175961313052],[-120.29237359428515,50.68088401516325],[-120.29749881163036,50.674467695943605],[-120.32485606822108,50.6804801711047],[-120.3155827980623,50.67534519962222],[-120.32712299117154,50.67669080033869],[-120.32966151000225,50.661842127509665],[-120.35473209458631,50.66163015748068],[-120.36860470525468,50.6539008863213],[-120.35971620100642,50.651298784952594],[-120.33655783911182,50.629506713406364],[-120.3579116433998,50.61826897057351],[-120.35719054458814,50.57512297527398],[-120.33987025544093,50.57495307551979],[-120.34092110855785,50.385859487613516],[-120.32800068128054,50.39207457901503],[-120.31771737185942,50.391945591145614],[-120.31755258410554,50.385735276880744],[-120.2257508728334,50.385838375902054],[-120.22495519483478,50.3714041116976],[-120.09062125665817,50.37110658763103],[-120.09182937672917,50.35783524913604],[-119.78935104597171,50.35786716763313],[-119.78872819081164,50.37210678834173],[-119.76260402828251,50.37295257016217],[-119.76263991957047,50.36558979594606],[-119.7513962123026,50.365557925268604],[-119.75080681719379,50.37272879770723],[-119.72042142607239,50.3726596517594],[-119.7157803426084,50.387360607139854],[-119.67441950630796,50.387364237186674],[-119.67416287387307,50.40201812853834],[-119.64448665191011,50.40210758236242]]}},{"type":"Feature","properties":{},"geometry":{"type":"LineString","coordinates":[[-118.22601544486652,52.3802894907521],[-118.23994295722731,52.37486860939002],[-118.25420275558702,52.34797155316345],[-118.28975577098268,52.33895049823473],[-118.30307829410286,52.35262350056965],[-118.30465807024488,52.36073739332558],[-118.31710963352788,52.36777840933156],[-118.35364733518182,52.36605482414281],[-118.39524391856713,52.33484582763607],[-118.42596366493672,52.33612874129017],[-118.44035321568624,52.324667164257306],[-118.45640985476456,52.32478424082169],[-118.46618441617419,52.31781112239788],[-118.49312467464134,52.31249863307471],[-118.48916148051332,52.299127293509336],[-118.50156617668571,52.28167312370497],[-118.5407947899967,52.27293442108055],[-118.56352160795873,52.25838177745934],[-118.55577293185527,52.233004263467166],[-118.56925734500933,52.22452984840819],[-118.58241469667698,52.19300160406854],[-118.62863003940548,52.18269166764718],[-118.6400812222644,52.16955216672216],[-118.66630768380853,52.16410873883302],[-118.67628959720986,52.15146311155987],[-118.68685312162349,52.15332035023444],[-118.69414618219245,52.16666120318894],[-118.72424388309943,52.16162646940956],[-118.7334985325577,52.176433113848894],[-118.7519784480278,52.18515182843334],[-118.80320419853619,52.177222574922226]]}},{"type":"Feature","properties":{},"geometry":{"type":"LineString","coordinates":[[-123.7582174749033,50.88346399307981],[-123.74606044567432,50.87279042191824],[-123.72764812404003,50.87624089798099],[-123.71823179450926,50.87126952196261],[-123.7176193183345,50.85119669646331],[-123.7140246714108,50.84877020366302],[-123.72950828234916,50.842860881874984]]}},{"type":"Feature","properties":{},"geometry":{"type":"LineString","coordinates":[[-118.80320419853619,52.177222574922226],[-118.82862665957381,52.20101663698953],[-118.84957662468362,52.20947405022259],[-118.85120468807104,52.21529432223042],[-118.83290281829048,52.22165480061688],[-118.83783728059602,52.23216405758637],[-118.90018209441308,52.2383384391416],[-118.8907320853108,52.24567957307394],[-118.88212374818636,52.26408955859023],[-118.85217705614063,52.27588182537808],[-118.83818799005618,52.28860282898164],[-118.78649116968117,52.30826197838981],[-118.79214274558521,52.31741962410189],[-118.85514626151557,52.34141755901543],[-118.90937638347445,52.34543836124173],[-118.92637720379147,52.353597999187286],[-118.93510016952527,52.375992471273086],[-118.9479345766888,52.391212691503],[-118.92631717319514,52.40431936277281],[-118.93167045878687,52.41034796862442],[-118.92162942231704,52.42211958857236],[-118.94169566717324,52.43970817918393],[-118.93579468182295,52.4520792759052],[-118.9242637653356,52.46315671739671],[-118.8885393707358,52.47270354797403],[-118.88505170296683,52.478362933038554],[-118.88760655098561,52.485874871660315],[-118.90732901747843,52.5020633846206],[-118.905268200562,52.52628493634123],[-118.93636274921164,52.55141879363575],[-118.9275569914271,52.568785941771644],[-118.98818724984744,52.58761191729073],[-119.00434380984744,52.60110533582456],[-119.01821211807632,52.593071178924006],[-119.03779429401892,52.59637831784952],[-119.04123269955757,52.61054059656249],[-119.05608806683748,52.63329783147722],[-119.19256750031991,52.63689036854335],[-119.22072091007237,52.631315773909414],[-119.36440142129902,52.63250937928544],[-119.36185651030085,52.65334690412299],[-119.36565077503086,52.65616714894],[-119.4104302738598,52.64739396036684],[-119.43171800959115,52.63792659117407],[-119.46491103194987,52.64921197149027],[-119.52376497447023,52.6277006480079],[-119.53111838977577,52.631541576400494],[-119.54440762442198,52.662787096380754],[-119.57795469385316,52.64799119149153],[-119.58229149037346,52.65657353087984],[-119.61298890349991,52.68222200325251],[-119.61790382158665,52.706044994303376],[-119.66802683794153,52.69933251226744],[-119.70800343854532,52.67817205652578],[-119.74691135359713,52.68097720584411],[-119.76832698744938,52.660291390571615],[-119.81247773126113,52.672389314685034],[-119.84366140280176,52.69041664007799],[-119.85911271945368,52.68979526306271],[-119.86642835951804,52.68039358942514],[-119.89035166111148,52.706690862210415],[-119.90677600777572,52.70848758563931],[-119.90955364815649,52.714990616533896],[-119.92030191003347,52.71919711984725],[-119.95115890087511,52.710080952701325],[-119.96988353498135,52.73545973149406],[-120.02234624215409,52.75528285828526],[-120.03913966885771,52.7898240844908],[-120.06175373931596,52.81094104188416],[-120.05935477938908,52.82321060291365],[-120.07715653464149,52.825570057149264],[-120.08986693292958,52.83554102570926],[-120.11148133862632,52.84314212509851],[-120.11560234648283,52.86175305544307],[-120.14254549439089,52.87674077669977]]}},{"type":"Feature","properties":{},"geometry":{"type":"LineString","coordinates":[[-119.7597984629237,50.05622062769204],[-119.75849815822836,50.05989103127055],[-119.76687537365791,50.06362419585903],[-119.7615198286933,50.07303040928547],[-119.7670456060263,50.07959785926375],[-119.76462945719159,50.085102182336634],[-119.74172095123616,50.09314667597559],[-119.74633736767602,50.09669521623518],[-119.74178485480375,50.10102919551577],[-119.7427523638809,50.1193463389433],[-119.7486319289648,50.12498633057569],[-119.77720625831455,50.119972880094274],[-119.7817310057549,50.12832773676206],[-119.77705053128616,50.1331961989553],[-119.77965493844394,50.14773306953604],[-119.79859896030042,50.149769905957115],[-119.81312346926052,50.176852362795096],[-119.8328367929432,50.18377682639073],[-119.80804646289683,50.1955568702678],[-119.80524091152395,50.20366581725787],[-119.76577987608817,50.203337987035084],[-119.76603820998852,50.22618818310901],[-119.75099574544657,50.26021297973793],[-119.69853781084021,50.25779292482748],[-119.68168676015439,50.2630228922405],[-119.69806757623951,50.28505494433189],[-119.68267089664835,50.306172613676466],[-119.69642809938496,50.30691930561659],[-119.7205331718401,50.31718000999893],[-119.66614416245373,50.33318892321764],[-119.68451336264472,50.34863155741343],[-119.66422074085911,50.35340550115324],[-119.66017387010208,50.35994222800085],[-119.6464286674236,50.363450117880305],[-119.64798498239422,50.370281007974036],[-119.6346026826125,50.37417111999714],[-119.64268812344173,50.38730102509074],[-119.65279359424281,50.39285231435453],[-119.64448665191011,50.40210758236242]]}},{"type":"Feature","properties":{},"geometry":{"type":"LineString","coordinates":[[-120.05479757827871,49.85570622432249],[-120.0522367703994,49.86478798841088],[-120.05582034752517,49.87041918610337],[-120.04101171311424,49.877463208503],[-120.03405586043372,49.884943473443975],[-120.03617973913582,49.89066305485527],[-120.0276400436035,49.89468475122895],[-120.02952679149826,49.91189011775625],[-120.00348761931853,49.92128625331287],[-119.99717610238979,49.92811050695001],[-119.97748612572526,49.93140631504731],[-119.9434699474644,49.918402950499015],[-119.94714759384598,49.923065574536615],[-119.94385754436527,49.929030976665175],[-119.93576648540974,49.936464929465416],[-119.9273869933999,49.93686625939634],[-119.91555418734775,49.95066117978108],[-119.89449722558348,49.958845667714904],[-119.89549995212398,49.965788930786125],[-119.86204526285665,49.96919633978289],[-119.82826797830317,49.98303214493714],[-119.8368205818652,49.99043932672692],[-119.83061164946899,49.990648942555296],[-119.82768690984183,49.997429213967905],[-119.80053805844655,50.017241168165214],[-119.81010751429271,50.030927234335586],[-119.79659962209844,50.03863022688587],[-119.76492209324397,50.04505838679104],[-119.7597984629237,50.05622062769204]]}},{"type":"Feature","properties":{},"geometry":{"type":"LineString","coordinates":[[-120.96240832746018,49.67347949691995],[-120.96162165672634,49.69610267956044],[-120.95419675497057,49.71197644170776],[-120.96058304314619,49.73866061161372],[-120.94973743596104,49.75079770793845],[-120.94845229851406,49.76058055391761],[-120.77179116853854,49.76339109676168],[-120.77233963381343,49.75995715314648],[-120.76063483797897,49.75986929880345],[-120.7598851888896,49.74972609410189],[-120.70436905203216,49.746905201966555],[-120.60433288796688,49.74957950775606],[-120.6037678002792,49.770770501979364],[-120.48571062269049,49.772231345076115],[-120.44534350708817,49.81060947604685],[-120.42387341374605,49.81776536413289],[-120.40749194554053,49.83723548823273],[-120.39678589476314,49.837869763921574],[-120.38664185983893,49.858555229299334],[-120.39014537155602,49.87389074429425],[-120.36376020887377,49.89153671541014],[-120.36334415938028,49.90318490421741],[-120.33363712587727,49.91172358692459],[-120.26842684068752,49.887944101583294],[-120.2582896288996,49.89449042913343],[-120.22871051800355,49.89592228848485],[-120.21412977634675,49.886236247640355],[-120.21024706075698,49.85930447488453],[-120.17623731457522,49.85667669360994],[-120.16113472660611,49.86525663911081],[-120.13017159292058,49.84582654422522],[-120.12325292226946,49.84945892396115],[-120.11838173125432,49.84409267574309],[-120.09457575293371,49.84452651834576],[-120.07952275595918,49.83456136154889],[-120.06832137646364,49.83975284299339],[-120.05479757827871,49.85570622432249]]}},{"type":"Feature","properties":{},"geometry":{"type":"LineString","coordinates":[[-122.25844006319271,50.123444311005805],[-122.22709131616928,50.12683716202444],[-122.22124801840704,50.119138397828124],[-122.22991522865206,50.11051207064843]]}},{"type":"Feature","properties":{},"geometry":{"type":"LineString","coordinates":[[-123.72950828234916,50.842860881874984],[-123.72380217252586,50.835755999149804],[-123.72513092569743,50.81332537727273],[-123.71987186847728,50.801255134009736],[-123.7065566870498,50.792372871931214],[-123.69639181166299,50.79221672544123],[-123.68885296817233,50.799676875997875],[-123.67886737607158,50.80107395503675],[-123.64004007898106,50.795175347346316],[-123.6192297451486,50.78571483543445],[-123.61275521536172,50.77630420900904],[-123.54448549907289,50.801203500868375],[-123.52510665800706,50.797752803538096],[-123.49672976373445,50.779147426379375],[-123.45429726662063,50.79820876579866],[-123.4390726535672,50.796549419167434],[-123.40770636882046,50.780558983489094],[-123.36551398589619,50.80062077536576],[-123.3607295143897,50.791534467447015],[-123.35825639945728,50.76116522798778],[-123.33818886125604,50.74965882884769],[-123.32132706292501,50.73135546763739],[-123.27476738432017,50.7326924996109],[-123.2358011321158,50.72296031366196],[-123.20005304286309,50.688478919766055],[-123.19822698064448,50.67502261149002],[-123.18069122108285,50.65663185866135],[-123.15731790714239,50.653222234092524],[-123.16712415285097,50.64283131972567],[-123.16727104721991,50.63672266408749],[-123.12164906318709,50.62915576632193],[-123.08147489053925,50.593997352598606],[-123.04459678739912,50.577311329887856],[-123.03166607710034,50.58408026802584],[-123.03159649990364,50.588086596561865],[-123.04375860144799,50.59481960671025],[-123.04268490014161,50.59898610789447],[-123.01880956950404,50.60111020999848],[-123.00420623815621,50.59110273262408],[-122.99077939111824,50.57624093053547],[-122.9898501598957,50.56918255619036],[-122.97853256001764,50.56865044339765],[-122.95129875594867,50.54720997702498],[-122.94089318667432,50.552895341464534],[-122.94175560898388,50.56239158927149],[-122.92793934293563,50.601178202351825],[-122.90688859848461,50.6035049128917],[-122.88871702304642,50.614156405992695],[-122.86490717424674,50.617011129583204],[-122.8328334329497,50.64619965092403],[-122.80140309461811,50.646169180849824],[-122.78056969089269,50.65330600930859],[-122.77755371789029,50.65596152605136],[-122.78456872075162,50.661771737777],[-122.78015844681362,50.66544264111464],[-122.75151918981355,50.65412035419918],[-122.72900999799597,50.656096968926086],[-122.70392772354055,50.643554941446595],[-122.67811632597102,50.652095659667985],[-122.62923740521103,50.652807064915486],[-122.6089119773894,50.6343019128635],[-122.61251261423874,50.61561260870736],[-122.60986272699503,50.599792439527434],[-122.5503942389211,50.57981716649956],[-122.53719618530793,50.58046079266455],[-122.5041479077715,50.56650814617785],[-122.47837532578875,50.566635944822046],[-122.47808284022477,50.57768218068358],[-122.4670160612803,50.57820314097065],[-122.46242633704719,50.5973794098907],[-122.44978762480802,50.60195025047024],[-122.44816124754448,50.61945144545276],[-122.43689180526638,50.6193091977663],[-122.43708809929952,50.63025972732871],[-122.42745544540165,50.63025552596889],[-122.43161092394281,50.61576466518334],[-122.4290674465959,50.60294536571153],[-122.43291317978306,50.59887039985764],[-122.40893410228773,50.59131200225242],[-122.42707050424261,50.574012199157096],[-122.455279962811,50.561371451318124],[-122.41885282534217,50.55264160662626],[-122.36086860700794,50.524392255579194],[-122.33776736440068,50.52056794108798],[-122.32389723902622,50.50803419688233],[-122.31467146651582,50.507677560794384],[-122.311531889413,50.49491058155249],[-122.28730033499971,50.47542888034427],[-122.3040668183918,50.4629847505982],[-122.30444443707528,50.43092360174476],[-122.33593650756542,50.41616797710047],[-122.3965467722013,50.411120563198445],[-122.4067707689012,50.4053066190774],[-122.40786307337187,50.39929330172257],[-122.41425485070023,50.398505948306735],[-122.44600480710486,50.43034197740293],[-122.49808536948682,50.44456707441307],[-122.50536268910605,50.4410179519181],[-122.49398603013918,50.425694058564616],[-122.49538560263133,50.42022910843628],[-122.51725715968082,50.419695641196434],[-122.52518821605891,50.414800042359936],[-122.52320692589826,50.399915920089065],[-122.52752409569301,50.390485138256274],[-122.48675876119798,50.3905956585812],[-122.47694583546973,50.38348020910972],[-122.47065018222222,50.358584631966195],[-122.43875097179615,50.33534754890009],[-122.40805769853276,50.33290895801899],[-122.36638152145215,50.31155548995507],[-122.35755942034118,50.28740181537864],[-122.37365936201579,50.261609514340385],[-122.34698541851553,50.2506912772727],[-122.35787365471248,50.23549533152832],[-122.3534650423203,50.23099222526218],[-122.30163009329094,50.229787287718224],[-122.26768438493556,50.222435979507274],[-122.27735027852177,50.2140513941205],[-122.2779512041643,50.20331647775969],[-122.303108420446,50.198585847685976],[-122.30155516999051,50.19258941108751],[-122.31625116355202,50.187120217100286],[-122.31355319028758,50.17230916377336],[-122.29832096595399,50.173745009268174],[-122.29086355844541,50.15745743512621],[-122.2711969380001,50.14523821537891],[-122.27596392298454,50.14116165658429],[-122.25844006319271,50.123444311005805]]}},{"type":"Feature","properties":{},"geometry":{"type":"LineString","coordinates":[[-119.37590573758663,49.679032827545065],[-119.37192342699218,49.67200456242342],[-119.3728287347456,49.654046159777565],[-119.34986239616062,49.634242365276485],[-119.35864559993327,49.617886197618084],[-119.34985776086349,49.606652447041135],[-119.36381785351702,49.595766733743076],[-119.34810427368318,49.5929059753993],[-119.34636141025389,49.58196459487192],[-119.33591358865523,49.569375158688345],[-119.33925339142728,49.558423558865755],[-119.33338870109594,49.55603981559795],[-119.32788264541851,49.53913383709071],[-119.32178017399622,49.53046033668548],[-119.3112213340131,49.53077288846453],[-119.30207491895636,49.52174946460522],[-119.30989495005221,49.505040202351324],[-119.30079731603463,49.50364479733251],[-119.3003575178297,49.38570747317353],[-119.29294741389212,49.38254856819668],[-119.28172749637754,49.38761909918446],[-119.26206870594235,49.38227487267802],[-119.2513876035602,49.368769042155826],[-119.26043704319795,49.35031447338387],[-119.25694404348226,49.34639225221304],[-119.2336977347576,49.34133611087609],[-119.21314289618397,49.3460301874784],[-118.71594698548046,49.37683946651991],[-118.70897642825702,49.38495136994625],[-118.71713597383041,49.400608709845756],[-118.70497998734017,49.41619647489871],[-118.71277128544077,49.42636098774306],[-118.70845036301994,49.432041577087936],[-118.71393340112631,49.43816011859744],[-118.71239730447384,49.44890014664726],[-118.68831702738458,49.45671696170906],[-118.68628342712489,49.46902228813189],[-118.67967833763903,49.47105518276321],[-118.69853100236223,49.48354594533902],[-118.70176053720442,49.49089660163543],[-118.69183385224562,49.50462753245593],[-118.69267185423604,49.5149649908433],[-118.66592669426537,49.51913831098035],[-118.66606642742529,49.527318890117954],[-118.6548357502496,49.53008917503728],[-118.65855934001522,49.54273225371946],[-118.64798642655605,49.546463466993664],[-118.6368041257716,49.560681598479356],[-118.62278555062376,49.55846885387062],[-118.61810018281423,49.57767920741477],[-118.6056766901579,49.58930179819672],[-118.60842571112687,49.59465378956348],[-118.59418506855684,49.58699471388392],[-118.58638271930376,49.59121571354507],[-118.58852978116578,49.601887806545896],[-118.58356450886733,49.60602239593329],[-118.59406398857085,49.616273614138116],[-118.58869923899556,49.620806198433996],[-118.59090504449819,49.62731769582748],[-118.57887115627545,49.633174585617965],[-118.57965008877116,49.6475908505874],[-118.58575350112002,49.65636149394651],[-118.56579045395851,49.66432874971686],[-118.57565129913228,49.678508722587154],[-118.55725193181858,49.685872353999265],[-118.57062567576435,49.69485091356821],[-118.57149729919423,49.69994152573674],[-118.54528076374038,49.71960034160535],[-118.53168036262375,49.73812011634192],[-118.50541555405606,49.739232106955505],[-118.49675425719947,49.759778763341586],[-118.49705823762655,49.773694199482726],[-118.50874003528557,49.775383486328],[-118.51199038182581,49.781664804378636],[-118.51021317089783,49.812557006511504]]}},{"type":"Feature","properties":{},"geometry":{"type":"LineString","coordinates":[[-119.46289518659304,50.00436034277543],[-119.47898409141234,49.96671807576309],[-119.4845128107229,49.940937508561106],[-119.51827449350867,49.903977101801615],[-119.51163807344327,49.87950107229728],[-119.48276196392361,49.88370697917422],[-119.48276489742933,49.86539565506462],[-119.48824681109903,49.86186953093009],[-119.48143778737497,49.85201006127618],[-119.46703516346015,49.845917466049706],[-119.45925271681686,49.84894756930728],[-119.44335641892906,49.860608952068475],[-119.43624270441592,49.87385696016396],[-119.420599913323,49.88002235498279],[-119.3938354187373,49.871951359447046],[-119.3865741332107,49.851429969137044],[-119.37841823141483,49.846523567709966],[-119.37238714353202,49.849786463211366],[-119.35836851483697,49.84130236581447],[-119.34886701165445,49.84272805812695],[-119.34221103877604,49.84952692768284],[-119.34203413582193,49.84069874002152],[-119.33581261568064,49.83997475234704],[-119.34108907105264,49.843091513883884],[-119.26145175471784,49.84123310381112],[-119.24439886162966,49.84562196956613],[-119.23827872619968,49.84072516214272],[-119.24179415809037,49.832888645029875],[-119.20865338530128,49.81753357001861],[-119.2000233901253,49.79853192494714],[-119.16233054761786,49.77218479345171],[-119.1523719313098,49.77006121768394],[-119.15273066272167,49.76400540456536],[-119.16401273869451,49.763863066512386],[-119.16374501975699,49.75783022543724],[-119.20160140957779,49.75362909180702],[-119.19977976833073,49.742137910619576],[-119.20686180363268,49.73725406105468],[-119.22018079491924,49.7392404789529],[-119.22855429089358,49.735152847327],[-119.26293655998947,49.744781845032655],[-119.27182000723037,49.73021398292524],[-119.28658815245626,49.72630979971481],[-119.29568007077259,49.715192937046396],[-119.32308583379668,49.69812964808578],[-119.34784639902803,49.69364532014813],[-119.37590573758663,49.679032827545065]]}},{"type":"Feature","properties":{},"geometry":{"type":"LineString","coordinates":[[-118.51021317089783,49.812557006511504],[-119.05568075157325,49.812322255371804],[-119.06549876813368,49.798213741338465],[-119.08553121550516,49.79909353049873],[-119.09647276421174,49.79453213294553],[-119.08411277612295,49.81181250407983],[-119.08860599796866,49.83658949070328],[-119.12622631592623,49.86093339981749],[-119.15696351528219,49.868258505580116],[-119.1965197059794,49.86355480430614],[-119.22511929317415,49.865375305828685],[-119.2672487107778,49.8578064044519],[-119.27518181479495,49.86016079474824],[-119.27470969082638,49.8676966989638],[-119.29063591704872,49.85900280635859],[-119.3200009739482,49.86245618450644],[-119.32007735698923,49.87454665795021],[-119.3307531883824,49.87471082312766],[-119.33126149345588,49.91808343009531],[-119.37220094091505,49.92184053404925],[-119.37124122639376,49.929459450465316],[-119.38241291744133,49.92906989160868],[-119.37551758531174,49.93127040562686],[-119.37753149078476,49.940003198494814],[-119.36410109765097,49.93990149190691],[-119.36933118879162,49.94467970007352],[-119.36887199402791,49.9603602153902],[-119.37590956531221,49.96030592866317],[-119.37555719383926,49.97044598579805],[-119.36324203486588,49.968458270398415],[-119.36656373429601,49.97733071566263],[-119.37582554735546,49.97706786972428],[-119.3746532234038,50.01999469013775],[-119.38535331210261,50.02009118554941],[-119.385305210439,50.024867461623764],[-119.39543294619754,50.021914551997],[-119.39541350497845,50.02598126962742],[-119.39911849770569,50.02253831101284],[-119.39169780347734,50.020140005929015],[-119.39163022844305,50.007586036871025],[-119.38428928458202,50.00573725502873],[-119.38548071056385,49.99670200334039],[-119.40019411404086,50.00510645942363],[-119.39790872362249,50.00040364892945],[-119.403928241478,49.997388747557515],[-119.40288223707971,50.00540458157219],[-119.46289518659304,50.00436034277543]]}},{"type":"Feature","properties":{},"geometry":{"type":"LineString","coordinates":[[-122.80472516951858,49.219339149962025],[-122.81201860429167,49.21957125380637]]}},{"type":"Feature","properties":{},"geometry":{"type":"LineString","coordinates":[[-122.46147846461122,49.17132706391055],[-122.51345111615474,49.16722689875001],[-122.53845729813419,49.170146492800505],[-122.57731720661673,49.18525600789454],[-122.59178190374965,49.2018451958255],[-122.6074766118316,49.21014609090814],[-122.6283691915974,49.20887651329868],[-122.66792100493235,49.19622640610421],[-122.75139305338139,49.21577173771902]]}},{"type":"Feature","properties":{},"geometry":{"type":"LineString","coordinates":[[-122.46022957447309,49.089006246521656],[-122.46147846461122,49.17132706391055]]}},{"type":"Feature","properties":{},"geometry":{"type":"LineString","coordinates":[[-122.81201860429167,49.21957125380637],[-122.79758172903789,49.20107499192549]]}},{"type":"Feature","properties":{},"geometry":{"type":"LineString","coordinates":[[-122.76779367231727,49.93271025427081],[-122.75592578944817,49.924511502956136],[-122.74546982036608,49.90765906794431],[-122.7488284417836,49.90396539009691],[-122.74656861137159,49.89142215520641],[-122.71452618286915,49.89095075181661],[-122.69952856644925,49.87962655086624],[-122.67691478800073,49.873878830217315],[-122.63911883519587,49.872341187026436],[-122.5950373894263,49.87891276729739],[-122.5781562471979,49.87211983321407],[-122.59177346448537,49.863846553551184],[-122.60846878005007,49.861019682279284],[-122.61235668983578,49.852139619083594],[-122.61068228452774,49.83804930956268],[-122.65176067361773,49.83690210094047],[-122.66484348375468,49.8237774532674],[-122.63734601702797,49.80572940475694],[-122.64800208000575,49.795994568134795],[-122.6488156748165,49.78763608860382],[-122.638771779586,49.77528612766597],[-122.60251670357387,49.77677636217456],[-122.58460664539686,49.782859951782406],[-122.54627365202425,49.783653184882475],[-122.52610830301619,49.77867199663972],[-122.50994321069777,49.78404697815466],[-122.50315048407941,49.77910710766852],[-122.48490052307967,49.777785643630445],[-122.45382414066837,49.74977747847703],[-122.43103137603454,49.75774241728753],[-122.42221735557824,49.75426148659304],[-122.41808223385277,49.74816754446204],[-122.43066296829144,49.74108060611061],[-122.43186680018385,49.73370049525571],[-122.42561335537977,49.72548236464538],[-122.41945484440991,49.72627238440623],[-122.41706814511274,49.72036417998612],[-122.42099947763587,49.714388381514965],[-122.45764890652529,49.71354512312988],[-122.47508162763332,49.69450259295017],[-122.46659598251712,49.68497881982195],[-122.47530019887678,49.67662079139128],[-122.46221148211846,49.66748313001349],[-122.45443796603647,49.64100242391538],[-122.44575898662423,49.635992617797434],[-122.4028981521931,49.64016040989283],[-122.38882536646611,49.627140115667075],[-122.34504012497048,49.62132649264147],[-122.34036378544668,49.634734564125345],[-122.34866573696326,49.65926912287086],[-122.33335500665711,49.6637144622465],[-122.29679954639282,49.663292689613044],[-122.28272192831743,49.65764809154836],[-122.28082746292979,49.65034451893981],[-122.29274004837356,49.61081706693429],[-122.27883330888,49.60359290976669],[-122.25367952400427,49.599755650061134],[-122.2449106783307,49.58744210795168],[-122.19341846115502,49.59044258778336],[-122.15814417686228,49.60844163670563],[-122.14034629387415,49.601394508862725],[-122.10297460489208,49.60896144306063],[-122.09399472755018,49.60780107360497],[-122.09201448123954,49.592611326239926],[-122.07173901372762,49.58120280966464],[-122.07216935352925,49.57262709142364],[-122.08125029748079,49.55984478190576],[-122.08048220483533,49.5422217808284],[-122.11228122250682,49.52998618759618],[-122.13102984070227,49.51264104371949],[-122.13447823331184,49.50050789299628],[-122.12701613191796,49.48732814430673],[-122.13939221319654,49.4822521971048],[-122.13874018462816,49.476809113397636],[-122.146821496021,49.4688766715675],[-122.14608514899736,49.45611556609676],[-122.21915123347824,49.459308061723206],[-122.26682465770926,49.4308206996119],[-122.28312079765743,49.416053010092426],[-122.28546988376642,49.39007896402558],[-122.30242520196062,49.353922192488014],[-122.2944189854842,49.32395068024149],[-122.29835243356804,49.312710669816],[-122.27313729136567,49.28311249201714],[-122.26927190848221,49.186600311922405],[-122.27699979480371,49.1800544488242],[-122.327142613642,49.18279430583101],[-122.33211530417692,49.17542160094402],[-122.33791769646807,49.17694498978277],[-122.33867789571637,49.16108039051056],[-122.33252820294042,49.15849240236962],[-122.3384894218406,49.14858681264171],[-122.34021352737925,49.12762588447506],[-122.38293671244628,49.135993692145206],[-122.42580430075787,49.168830605849244],[-122.46147846461122,49.17132706391055]]}},{"type":"Feature","properties":{},"geometry":{"type":"LineString","coordinates":[[-122.25844006319271,50.123444311005805],[-122.6382252097999,50.12326298690144],[-122.63799775554106,50.12780396309094],[-122.65843649883726,50.13493091641952],[-122.65991648438151,50.14314756314748],[-122.70750912408188,50.14578082498523],[-122.72563947444027,50.153682759310165],[-122.73910317885608,50.14786056167804],[-122.74352905551002,50.13787622615508],[-122.7491240889868,50.14023454108512],[-122.76227993157444,50.133236734207976],[-122.7686274880978,50.138104631220266],[-122.78828729791074,50.13113766561532],[-122.79311757913524,50.10558870782055],[-122.8057970370023,50.08710218337273],[-122.80061979770751,50.05735117064605],[-122.80392133544562,50.05592268827227],[-122.79184177806059,50.0411029826478],[-122.77335061418802,50.036589129930015],[-122.76478426081297,50.023270225297054],[-122.74585271351864,50.0173269289399],[-122.72148995127442,50.02436875966389],[-122.68321644650347,50.02501959803849],[-122.67890557880706,50.01971603953531],[-122.68686414610956,50.00263201283712],[-122.68056686814528,49.98688918203217],[-122.68213774088801,49.97733799032327],[-122.7236645449532,49.954280240466076],[-122.76122811661139,49.94796672281137],[-122.76779367231727,49.93271025427081]]}},{"type":"Feature","properties":{},"geometry":{"type":"LineString","coordinates":[[-123.60526406517454,49.00205307748501],[-123.59300577192728,49.0125309339092]]}},{"type":"Feature","properties":{},"geometry":{"type":"LineString","coordinates":[[-122.9378865004919,49.21344740662289],[-122.95995134102195,49.20136758703975],[-122.95105800462147,49.194306968679236],[-122.95742637302175,49.190120828437806]]}},{"type":"Feature","properties":{},"geometry":{"type":"LineString","coordinates":[[-122.87594385263735,49.220208226618915],[-122.87506104088119,49.231072863289185],[-122.88035439975192,49.23393062522083],[-122.85256549508334,49.23168319302168],[-122.85246279798507,49.24899210339879],[-122.89275581779948,49.24901446522592]]}},{"type":"Feature","properties":{},"geometry":{"type":"LineString","coordinates":[[-122.91219619899161,49.194062607979426],[-122.8855040428902,49.217661046317396],[-122.87594385263735,49.220208226618915]]}},{"type":"Feature","properties":{},"geometry":{"type":"LineString","coordinates":[[-122.95742637302175,49.190120828437806],[-122.95690884107364,49.17517188111715]]}},{"type":"Feature","properties":{},"geometry":{"type":"LineString","coordinates":[[-124.0349222989207,49.924091737786775],[-124.0341766621199,49.92796671531182],[-124.06294401064484,49.93324614732296],[-124.06024381808383,49.96298168947669],[-124.0694025676085,49.96466752431402],[-124.0675633784954,50.00061694203835],[-124.07934918443895,50.00023674660573],[-124.09663919814452,50.01643983273332],[-124.11330328531942,50.01751367218999],[-124.11009508090953,50.040960941235184],[-124.15078475323236,50.061024015854855],[-124.13777663305659,50.07952926576847],[-124.14699244717764,50.09285590049952],[-124.1536480791062,50.09490772773768],[-124.14621719791187,50.1153904723687],[-124.13675146308825,50.118402813204945],[-124.1368985025809,50.13552882880331],[-124.10731000183823,50.14220793150843],[-124.08482678331224,50.13914073085009],[-124.06938167590968,50.15055123551384],[-124.0833722408608,50.1680929373211],[-124.09694418405019,50.174982362961835],[-124.0921444380384,50.19370513117509],[-124.07325731463044,50.19650021572087],[-124.07051618831807,50.2015469611516],[-124.07749807976889,50.2096290006869],[-124.1191961277745,50.20970908453601],[-124.17516061306159,50.222375832116676],[-124.14423078480263,50.25574753694064],[-124.16901059304774,50.270015710164486],[-124.17049034071131,50.2825207731918],[-124.154820806006,50.29771651343457],[-124.15917155823492,50.321678096716546],[-124.15507927215006,50.326277720008044],[-124.15953725579571,50.33338629398296],[-124.13670724261424,50.35262051205413],[-124.11462671559751,50.35095674739198],[-124.10291764772177,50.36140954310559],[-124.07580248479161,50.36642339692699],[-124.06396672914198,50.3634183957974],[-124.04116804298981,50.34638465358617],[-124.01501979977843,50.36083249120634],[-123.99997707375921,50.346403520421596],[-123.97901928386895,50.34883949118536],[-123.96249865296885,50.33936374394656],[-123.90996346225226,50.359413614162726],[-123.92395431066603,50.38204858216289],[-123.92300735353989,50.398901526809354],[-123.94419273981359,50.408501837015834],[-123.95146448917113,50.42190663401617],[-123.93948647173517,50.43495207170868],[-123.93649544510957,50.45143023827039],[-123.94870930728288,50.45759153937014],[-123.96257970259455,50.473633375729676],[-123.9615071176186,50.488337672223494],[-123.96809928364328,50.49097371434884],[-123.97643831223489,50.47870218129222],[-123.99640049791394,50.473882589449985],[-124.00331385135408,50.49679292348994],[-123.99882115551273,50.50554630558637],[-123.92512505181324,50.53146074765228],[-123.91297886504123,50.52218207275008],[-123.90440718424452,50.52138039478001],[-123.88639389749115,50.5305945596534],[-123.8421102908514,50.52877329216591],[-123.8017143164953,50.54048149972166],[-123.7769943817783,50.527096541583546],[-123.76290882709104,50.528575188942156],[-123.7441240553898,50.538054926156285],[-123.74484313917733,50.57148553987309],[-123.74080070598065,50.574328469923756],[-123.75548153469558,50.58621056518454],[-123.75531038693022,50.5950121274775],[-123.76403291263482,50.600233232643525],[-123.7641834788025,50.61114873970914],[-123.75580910906874,50.615347368199245],[-123.76124948117189,50.63385591801109],[-123.75379807324137,50.65386327127574],[-123.74500494660786,50.65784623064033],[-123.72787482282108,50.6973273776329],[-123.74539923759022,50.713600184931316],[-123.77826922531708,50.723576093385695],[-123.81619292786084,50.710427726151],[-123.81989907127662,50.70377602259354],[-123.83296495484547,50.713001009468606],[-123.82767845170801,50.721705356809395],[-123.83564253591292,50.73089602882604],[-123.86728277894301,50.74776361530447],[-123.84704458699895,50.76104805409632],[-123.83723359809736,50.77701394341773],[-123.81158725729908,50.79513417613224],[-123.80119101862068,50.79718197586462],[-123.81203871500963,50.81931252306686],[-123.82871162055504,50.82877045551063],[-123.82729071836265,50.83727103545016],[-123.7953028408761,50.83368093869932],[-123.76947251676488,50.840836576205255],[-123.72950828234916,50.842860881874984]]}},{"type":"Feature","properties":{},"geometry":{"type":"LineString","coordinates":[[-126.68355543135397,52.00494848300008],[-127.65773343764207,52.00026314176442]]}},{"type":"Feature","properties":{},"geometry":{"type":"LineString","coordinates":[[-125.57529156166596,51.913363221150824],[-125.58460126166474,51.90296934591758],[-125.59786517379133,51.90081741491339],[-125.65665898427233,51.92410118812948],[-125.69577572892604,51.964932527671465],[-125.71527318553751,52.00432269248],[-125.7396816083162,52.01231246476338],[-125.77758605017952,52.000533408364014],[-126.67209533728388,52.00494269869164]]}},{"type":"Feature","properties":{},"geometry":{"type":"LineString","coordinates":[[-127.70346126732026,51.99981508839455],[-127.90001927816961,51.997646130282355]]}},{"type":"Feature","properties":{},"geometry":{"type":"LineString","coordinates":[[-122.92479791699107,49.553987413187116],[-122.92421431524494,49.548429716514626],[-123.10230746179498,49.54778357334356],[-123.10280206154657,49.48219669448537],[-123.12466820172621,49.48091039688817],[-123.10660419641027,49.4490238142985],[-123.10729050190697,49.43643379773586],[-123.13262362063699,49.41072250676402],[-123.1423140836587,49.40649072811354],[-123.12380625642454,49.40619926927185],[-123.12360923427744,49.37962640648316],[-123.11848694486666,49.37673312005808],[-123.11711634986409,49.36366656476902],[-123.11804900613701,49.332610077544146],[-123.1664976072491,49.344217809678256],[-123.16800706201519,49.33450081514323]]}},{"type":"Feature","properties":{},"geometry":{"type":"LineString","coordinates":[[-123.04236743255585,49.29560428522059],[-123.03873484772096,49.29545425213879]]}},{"type":"Feature","properties":{},"geometry":{"type":"LineString","coordinates":[[-119.46289518659304,50.00436034277543],[-119.46680496666522,50.004269099792296],[-119.46610810658072,50.01768561152169],[-119.4738201502897,50.04064131249211],[-119.52270221061882,50.03775077261703],[-119.7597984629237,50.05622062769204]]}},{"type":"Feature","properties":{},"geometry":{"type":"LineString","coordinates":[[-120.05479757827871,49.85570622432249],[-120.03890738783045,49.85658535786156],[-120.01346656039036,49.839406757084745],[-119.99164524938514,49.833884140038435],[-119.96879220221356,49.819585245313824],[-119.96700729744323,49.81220896087624],[-119.97808608238817,49.801888730371225],[-119.97755111162374,49.79332135008145],[-119.98432026261375,49.789632780594694],[-119.98442221617924,49.78133915016709],[-119.97867402251784,49.77668296886063],[-119.97958400968314,49.71039556242943],[-119.99831505842128,49.710945662227516],[-119.99831982756736,49.70388642947679],[-120.00400286918699,49.703910483082346],[-120.00346217003262,49.696466967936395],[-119.97519060380702,49.696215683562215],[-119.97519402463901,49.66763259484767],[-119.98990334923872,49.66467178825787],[-120.00711549665901,49.67152584262557],[-120.03024758549104,49.670248230502494],[-120.04211065046093,49.678074283565444],[-120.05197103256397,49.67804956752388],[-120.06012095212917,49.67138489895639],[-120.06018497122909,49.66407245484373],[-120.09922463326431,49.64614119688102],[-120.08625559211792,49.63674040860171],[-120.08632809803049,49.6303967077703],[-120.07548577136025,49.63075411600045],[-120.06602600526588,49.624643899525545],[-120.05979444240667,49.61169949268729],[-120.04209679825603,49.60769500599029],[-120.0316098111586,49.594839701682304],[-120.03443751553519,49.58517211469276],[-120.0484573180075,49.57297158145208],[-120.04034656190224,49.56560223893601],[-120.03287185319277,49.56604261847989],[-120.02227193915364,49.554251872288575],[-120.02916885466288,49.54774975781713],[-120.02714938428157,49.54292819190234],[-120.03452756891836,49.53956696027506],[-120.03328156805514,49.521515412121126],[-120.00107772249856,49.50582775954456],[-119.98944405852504,49.50742675304117],[-119.94961917247299,49.528885174819216],[-119.91746610657421,49.51439684888103],[-119.90809104805332,49.50008971945504],[-119.9076220245019,49.48630404952494],[-119.90069353049245,49.48114824976031],[-119.900135615427,49.471704254181624],[-119.7389467361126,49.47147061289251],[-119.7388385931795,49.47894938486249],[-119.7499369241674,49.47896045295506],[-119.74897643116446,49.50060235162057],[-119.76785331630803,49.500769955018846],[-119.7668517178223,49.51478870711069],[-119.77731728238575,49.51491202128977],[-119.776049401689,49.56583476836659],[-119.75371723531318,49.56595992740032],[-119.75322851505291,49.583581536770104],[-119.75923114163638,49.583794777398694],[-119.75797089873979,49.594889610800195],[-119.76344708561325,49.5985063640306],[-119.74866455397458,49.59824122503265],[-119.74906545159055,49.58575919788703],[-119.72298594467559,49.580620860186905],[-119.71391043666642,49.566664960938084],[-119.71087174448813,49.55003026363379],[-119.69287083483559,49.54880534542577],[-119.69248961940445,49.55444527306881],[-119.68287621615629,49.56146095683252],[-119.67531740643015,49.55675966255678],[-119.6542856737598,49.56594866600338],[-119.64683220989183,49.558090840047235],[-119.60349335707788,49.555576550907084],[-119.6044166889293,49.57553918996902],[-119.62560618740947,49.601677505966364],[-119.62557948917161,49.60916760007194],[-119.64250809019995,49.63344761621009],[-119.67401521627103,49.65784929368158],[-119.74157461057851,49.72482060962517],[-119.73694980306983,49.74336309483956],[-119.71955191142304,49.76524900325612],[-119.69745585995106,49.77516161944341],[-119.69708950553337,49.76073836616348],[-119.55662402031764,49.76018602613089],[-119.55631926374036,49.75314119679208],[-119.51902101433576,49.7529032798552],[-119.51736230492496,49.73405225715229],[-119.51081529538854,49.72537966034289],[-119.48589747745862,49.746392975550116],[-119.4587637959766,49.72547007948549],[-119.45389865468692,49.70227846921167],[-119.42703348079023,49.67538799265943],[-119.40552103967417,49.684050954075175],[-119.37590573758663,49.679032827545065]]}},{"type":"Feature","properties":{},"geometry":{"type":"LineString","coordinates":[[-122.76779367231727,49.93271025427081],[-122.79540779740277,49.93617978571397],[-122.80056069712793,49.92060048636272],[-122.85713999190615,49.91815760275811],[-122.86993473161577,49.903514948472186],[-122.89245115282546,49.894003036916324],[-122.91635487997874,49.91313602783071],[-122.93648257666881,49.917408010316514],[-122.96201255239242,49.90257664726524],[-122.97389329838168,49.882799464631674],[-122.98534427852577,49.87734247176589],[-123.0024806713827,49.85610723694471],[-122.9852434330097,49.85747455605383],[-122.96465418891506,49.83499511337148],[-122.92490854989946,49.831987505574745],[-122.90194464428305,49.824652598196096],[-122.88055075337506,49.82699457311619],[-122.87220760562396,49.82195657101255],[-122.8898300746936,49.79877214827749],[-122.86759044325731,49.775663228967446],[-122.87143619670213,49.77047192722731],[-122.85579436985189,49.75617960742796],[-122.85592039496031,49.74277358868477],[-122.81420399155293,49.7112439395869],[-122.815288858681,49.69630885978586],[-122.85242732927586,49.671508645892835],[-122.85383075362257,49.66595948705273],[-122.83122868405036,49.658086385022614],[-122.82098680437157,49.631970970174336],[-122.80907930584539,49.62575612623098],[-122.81136175933958,49.61923292768832],[-122.82772198025069,49.61280453928749],[-122.84939276420997,49.613648084528066],[-122.85208460290426,49.60804140631467],[-122.83557734347175,49.599656417636155],[-122.81608574841677,49.5723538635046]]}},{"type":"Feature","properties":{},"geometry":{"type":"LineString","coordinates":[[-122.87594385263735,49.220208226618915],[-122.81201860429167,49.21957125380637]]}},{"type":"Feature","properties":{},"geometry":{"type":"LineString","coordinates":[[-123.78932483556109,60.00003262053848],[-127.7250000877459,60.000022150124785]]}},{"type":"Feature","properties":{},"geometry":{"type":"LineString","coordinates":[[-119.99999998322959,60.00000000017064],[-123.78932483556109,60.00003262053848]]}},{"type":"Feature","properties":{},"geometry":{"type":"LineString","coordinates":[[-124.47865521749976,56.10876443184533],[-124.49320112538805,56.08917901030238],[-124.49763221997316,56.06725261262875],[-124.48505734286994,56.04299607809047],[-124.44004657910264,55.99892724556849],[-124.44425666408468,55.987367353887535],[-124.43128966898851,55.96898152002265],[-124.43158193921369,55.95481746386451],[-124.39912690529862,55.950548525126514],[-124.40123338840492,55.93854602200782],[-124.38342125856954,55.9183469845797],[-124.37700731437126,55.90330651990783],[-124.38142825599921,55.89605186193388],[-124.37925192070065,55.886118449071674],[-124.334644488466,55.83875531929649],[-124.33810542803906,55.82549468329287],[-124.35311426745783,55.811521081978995],[-124.35726747652394,55.786708963279146],[-124.34685438236616,55.76870557417454],[-124.32778279866912,55.753754013247814],[-124.33485547812046,55.740400583569524],[-124.32227463536499,55.73374611942999],[-124.30833268413652,55.7058637209916],[-124.29692738570924,55.69564021078878],[-124.26715092775517,55.686613398501756],[-124.2478878001368,55.689326923551214],[-124.23206137274919,55.68425716507651],[-124.19229073060065,55.68315440143265],[-124.18168858947112,55.67099374816756],[-124.16743464972885,55.66898378732086],[-124.15308318699299,55.649106936241594],[-124.12301102811321,55.63971952660909],[-124.09995382763529,55.5779122167396],[-124.07701139005754,55.55636248532824],[-124.05035329167052,55.54131676058927],[-124.01854231330245,55.536037173857586],[-124.00118513313919,55.54856339190805],[-123.92837814181851,55.55437952834721],[-123.91082434582704,55.52772738549],[-123.88451218495746,55.503715096455345],[-123.88520118198244,55.49331603407768],[-123.90102431747638,55.48326496036708],[-123.89498002689004,55.464783463005375],[-123.90806891814972,55.434369444870654],[-123.89555185849,55.416919292693706],[-123.87497213266067,55.4002408711042],[-123.86214607866867,55.365402643313715],[-123.86035377459852,55.34670684582635],[-123.85178867655011,55.33953347731995],[-123.79717176360285,55.32445560858562],[-123.773020523089,55.299391525240566],[-123.74207794544627,55.2875070891909],[-123.64589303958856,55.306528983740144],[-123.56850672923767,55.312759750500696],[-123.53456457196857,55.327461992247315],[-123.49420887630235,55.313965423568575],[-123.46156630142727,55.28668372689717],[-123.4573006291632,55.27019405352931],[-123.43857494134313,55.247984366432405],[-123.41332591528601,55.23493057798453],[-123.41804158329981,55.21250892246964],[-123.39225944186201,55.171086447022795],[-123.4186611450806,55.148033394331414],[-123.41699977292608,55.12194075194362],[-123.39627290761221,55.10297727699986],[-123.41581375558124,55.080570905791404],[-123.40668574992263,55.0573489040312],[-123.41076622070096,55.041017429192365],[-123.42114679903183,55.02807380246684],[-123.44656663499094,55.01540663240928],[-123.45418932789819,55.0144116249369],[-123.46750266222041,55.02123383401586],[-123.47261200352291,55.01686952881312],[-123.51537617509382,55.01714432292434],[-123.53812201271245,54.986027221506326],[-123.55047147292419,54.95823794954952],[-123.56122330884199,54.95192029056887],[-123.59009497053772,54.94640337807599],[-123.62666906971721,54.95511890358102],[-123.63237956988941,54.949260188444796],[-123.63300814824304,54.935656683916605],[-123.65834127019694,54.92030823128876],[-123.6906107445041,54.923127978129955],[-123.70821580577743,54.93352065681663],[-123.71045764263555,54.94263770747685],[-123.7265948445089,54.947750550462345],[-123.72728017390978,54.95522801600577],[-123.75834744474759,54.964163159430505],[-123.76119660084244,54.9745763773052],[-123.79421195120433,54.99541572399986],[-123.81642578683513,54.997860604534154],[-123.81055474931053,55.03760636759045],[-123.8138114984569,55.0402847266368],[-123.82826337101673,55.03451615875455],[-123.83003968640345,55.044664139999966],[-123.84904701908359,55.04814362132624],[-123.88839243009886,55.03782575006888],[-123.90445785583927,55.019633027450766],[-123.94587838214579,55.011500809861566],[-123.98008222743955,55.01221021306012],[-123.98598869088109,55.020642196637816],[-123.99907751404106,55.02516937334041],[-123.99912291805845,54.986601832826736],[-124.01202201710622,54.98162731766395],[-124.01327630398642,54.959907052756854],[-124.0214853924257,54.9530549148675],[-124.0512717301785,54.95077719199427],[-124.05326175519079,54.94478635391751],[-124.05191168443493,54.93045896342679],[-124.03452226708956,54.916801533624145],[-124.03411038510333,54.9029869980552],[-123.99503628465104,54.893024492418085],[-123.99450676869355,54.88228346857094],[-124.0141932301204,54.8820950635291],[-124.02311564676968,54.867938563479775],[-124.01920060192704,54.864944179426296],[-123.9044435440002,54.8648095115133],[-123.8958075025015,54.85371980457518],[-123.91955737456469,54.83174271244115],[-123.91492807802155,54.81617750252234],[-123.92578019920127,54.80683449463163],[-123.94815587851824,54.76749767421429],[-123.90370591392698,54.74386542655436],[-123.8805186779944,54.73819645501152],[-123.88039100989432,54.719662337735876],[-123.85936621894523,54.70420350503143],[-123.86326318357732,54.68705772710344],[-123.84223715844098,54.696152590906436],[-123.79595130128334,54.692659138413234],[-123.78972015704032,54.681653728918846],[-123.79327621078774,54.67473439820452],[-123.77849891793477,54.65912592580975],[-123.78634333553826,54.62722709173121],[-123.77775261724068,54.61847692654228],[-123.77865012101493,54.61322998577012],[-123.8082379123071,54.60518220564329],[-123.78005612426708,54.59261603356976],[-123.79629006480039,54.577152100170565],[-123.81967778450732,54.58081031919409],[-123.81973045617153,54.56196311407182],[-123.83333538237744,54.55428275317287],[-123.8217150630894,54.54419897694115],[-123.86117654388096,54.5252863747678],[-123.85772821182688,54.521500768419585],[-123.86505479349933,54.51741506520679],[-123.84804436236223,54.51248667497639],[-123.87730955524894,54.49911015289805],[-123.88060007399788,54.49235074516504],[-123.95244509198503,54.45875825977436],[-123.95128542245828,54.449466684860276],[-123.98459923573489,54.435254710333844],[-123.98647868544461,54.429510756706016],[-123.96935144794136,54.42418853791779],[-123.96940172213364,54.41134012317483],[-123.93818280240083,54.386337029206494],[-123.92828262349744,54.361446388714626],[-123.91541982299825,54.36485622632562],[-123.90561079398921,54.37468182125534],[-123.86381378927385,54.37801858285675],[-123.84738189685412,54.37130961933759],[-123.81941191928031,54.33653234422821],[-123.78270068891916,54.33633340902569],[-123.74117133876486,54.321788944789645],[-123.64425645530106,54.33012263127479],[-123.64335457537311,54.325643356379075],[-123.5866227446555,54.31756156645735],[-123.55439168747746,54.30624498798819],[-123.53243069968106,54.28959937110215],[-123.53791174839702,54.279019928126374],[-123.55268907958859,54.270199025232394],[-123.5188472154026,54.254732476794985],[-123.52035758347799,54.15440079042875]]}},{"type":"Feature","properties":{},"geometry":{"type":"LineString","coordinates":[[-127.7250000877459,60.000022150124785],[-127.73047101310055,59.99318754594416],[-127.72860753660233,59.89570745246011],[-127.67753765691447,59.89322350754116],[-127.6554998254916,59.88014259139683],[-127.65628776428393,59.86426613922175],[-127.66063564693577,59.85503454519915],[-127.67263939700979,59.850636163688115],[-127.7589476029411,59.84240299993904],[-127.76748598969884,59.837826884751664],[-127.76918761410919,59.82823856709056],[-127.75751467212498,59.811006279094094],[-127.7616416617088,59.79969698193696],[-127.80272594142245,59.78544606066494],[-127.78680114660338,59.77211216334325],[-127.81058614698624,59.7593380834842],[-127.80002959718924,59.731881713760345],[-127.79407405469253,59.72765117877038],[-127.79970997033763,59.71131832765756],[-127.7856783114428,59.7015171875501],[-127.7978500713982,59.695132207902034],[-127.77773535558114,59.67541163558168],[-127.75261060553454,59.66664882724087],[-127.75132119533929,59.655556463054566],[-127.72766554342158,59.629975213231624],[-127.67746696912877,59.61287145725972],[-127.5926726494137,59.597040749828714],[-127.5730171043892,59.5697728137704],[-127.55536247734312,59.55749659919725],[-127.54680281390179,59.55711304138971],[-127.53267728460459,59.53441693141439],[-127.49398869233788,59.53008095773132],[-127.48484482170254,59.523705665757795],[-127.48393864740417,59.51494676282962],[-127.44617526125046,59.48894918813569],[-127.445149046361,59.47923710411907],[-127.42771386541621,59.45525053909852],[-127.41463715538092,59.44779359780705],[-127.36967977448923,59.40021432917039],[-127.34264568959888,59.37866314229359],[-127.33312279131152,59.34657883727371],[-127.29157618016346,59.30477553191201],[-127.27970592304148,59.2821687972709],[-127.25053961227152,59.25875090660974],[-127.23586102124683,59.25305633970762],[-127.22739097444237,59.24219625758018],[-127.2230500355081,59.21721136755789],[-127.19834786971728,59.19616731454625],[-127.19312868027878,59.182509183219686],[-127.1935809560224,59.159070118518294],[-127.1869560378002,59.14889412944766],[-127.11320357873839,59.12046249327102],[-127.09857943309795,59.120655142023786],[-127.0680732841983,59.1336507169397],[-127.04591075098827,59.13607457872488],[-127.02763400741522,59.1329518347702],[-126.97626946598706,59.11140248872479],[-126.97214828278018,59.10299484912563],[-126.97506850975114,59.085526548941786],[-126.96655730414382,59.075041901676514],[-126.97856134837389,59.04981120302209],[-126.97671084027283,59.04364926271227],[-126.95138547408719,59.02468793735042],[-126.94383672633279,59.00041438741067],[-126.95188092973686,58.98048597904197],[-126.94346329590275,58.97177157538511],[-126.99239779667793,58.90933567261633],[-127.03409274613513,58.87221658870052],[-127.05207107921693,58.86272966412398],[-127.05941939565635,58.85060176809665],[-127.05039573280621,58.83390327861914],[-127.02138492542262,58.80662882176445],[-127.00422283692748,58.804314967005354],[-126.97084559114307,58.81420650230235],[-126.94867705604962,58.80897347396586],[-126.89534845075345,58.778130981138496],[-126.83439598824576,58.72210944581778],[-126.83980337336087,58.70805158485984],[-126.85109925251768,58.697677361199425],[-126.88781117413843,58.67796180092325],[-126.90668012921435,58.66116645446289],[-126.91603733905488,58.64662161343284],[-126.91435145900141,58.63880391625285],[-126.8971435767151,58.63078698952932],[-126.87351514374313,58.636740208952645],[-126.83557061102434,58.66311442361162],[-126.7927427336002,58.668403726000776],[-126.74386777760155,58.66726144507621],[-126.69990127972056,58.64886990660245],[-126.60559181916675,58.58515322388197],[-126.58552481941206,58.58041055889133],[-126.55198570548525,58.57913497354033],[-126.4867697838166,58.605044583077365],[-126.40327062486641,58.59689627103759],[-126.33239395450202,58.61003848141399],[-126.31986754075054,58.6084314524727],[-126.30289601714831,58.59835136871368],[-126.29963147212182,58.5902903542493],[-126.30299118637659,58.5722492866581],[-126.28482571545631,58.54931885066387],[-126.20759362218033,58.49342354983522],[-126.13812282048549,58.46506405650494],[-126.07055007571051,58.44941680309533],[-126.06009712044745,58.420484207144725],[-126.01456064273009,58.40655000815874],[-125.9308900576436,58.395287849123186],[-125.89458798249174,58.4122893131624],[-125.85745432967735,58.41265744283238],[-125.82296812389761,58.36940409508396],[-125.83528979181973,58.3609291304175],[-125.83336972394768,58.35616875073672],[-125.78462508426715,58.34601311728361],[-125.77489738188108,58.32161659092214],[-125.75034383917507,58.32356024735619],[-125.71739303146835,58.30727590890181],[-125.65019138901556,58.30391260049184],[-125.55184269281904,58.31955345261829],[-125.51745799661086,58.30865745051775],[-125.4804981888353,58.308653137443834],[-125.46239278544617,58.33522895493037],[-125.43934674464145,58.34113453974021],[-125.39082510545741,58.3149388038013],[-125.37133486762984,58.294721315618354],[-125.3540623241449,58.289784383370666],[-125.3564005448967,58.27946768923339],[-125.32853319011905,58.277770760943724],[-125.28862133809415,58.30289376820321],[-125.28045951597831,58.30363901727563],[-125.2641800725658,58.28195586214068],[-125.219243354298,58.256071610107654],[-125.20129913933513,58.23926415908643],[-125.16010571789542,58.243836745114976],[-125.14150784678145,58.23630944337254],[-125.05696298683544,58.2353876022436],[-125.02858712401293,58.241403374453995],[-124.9924103706036,58.23308243402791],[-124.95186697741119,58.23083551642497],[-124.92626696078919,58.253214110300505],[-124.9166915385883,58.25610385562964],[-124.87985297368742,58.22343748562968],[-124.84891952992565,58.221353724983466],[-124.82970496373919,58.207061364018095],[-124.83103425342068,58.19873097658052],[-124.84986933952784,58.18488135752859],[-124.87515813590144,58.174408674022],[-124.88395537530299,58.1643167760551],[-124.87405783566143,58.139538769499495],[-124.86096492519002,58.1248903865989],[-124.87602574978146,58.10389466921463],[-124.92636113909873,58.064891034636545],[-124.9268462894581,58.0534346912734],[-124.91702713540572,58.03042733020417],[-124.91938588793718,58.025419695539846],[-124.95588976082213,58.02573899801827],[-124.96631415694392,58.02191803332231],[-124.96838521600705,58.01652220609705],[-124.96213338832511,58.00684582815126],[-124.91898935832316,57.98624278534632],[-124.9823487171656,57.981424774623385],[-125.09470079818077,58.01910198081644],[-125.14533989808648,58.02368459738154],[-125.20390712165886,58.02235629265586],[-125.25083079397787,58.00541789282059],[-125.38658025491169,57.98871411594133],[-125.42497679874356,57.97986155576829],[-125.45103236313163,57.97156270140852],[-125.46353466225261,57.96070867936735],[-125.49160167511477,57.94892153389274],[-125.48897578289312,57.94119150561809],[-125.4959904365495,57.93513466992386],[-125.56353366046966,57.9182157565474],[-125.59382799487834,57.91425245590486],[-125.60868849764111,57.93302387231364],[-125.6199721880328,57.93704760583481],[-125.65344340332034,57.92222100443587],[-125.66255564184975,57.910562394788315],[-125.66422400678972,57.902780774021195],[-125.65702213534502,57.89491875832358],[-125.66136785284996,57.890450931781544],[-125.6746936861176,57.888371608241016],[-125.69960128177414,57.868270137641055],[-125.73614868732278,57.86203743364982],[-125.75626648000339,57.87446911546028],[-125.76640378286035,57.88977691569591],[-125.76677161095903,57.9081598900059],[-125.78964937730402,57.92259719620716],[-125.78515130872434,57.931310025361576],[-125.79773781606511,57.9435115868079],[-125.79735616036396,57.96604646765345],[-125.80740004561385,57.97396909315678],[-125.83745973242837,57.97939419183357],[-125.8759061946672,57.97385557896031],[-125.89047894602008,57.979441438202954],[-125.91639514807457,57.9806826955657],[-125.97473640625589,57.96703257756386],[-125.9914289964963,57.97142021708375],[-126.04409116648824,57.96693863179691],[-126.0647700370672,57.959110015807525],[-126.06894260151635,57.95232411358016],[-126.05395820718229,57.93021112291361],[-126.06714192725298,57.91633759538025],[-126.07794258643202,57.91366828290895],[-126.1400941236641,57.922367397833455],[-126.16316277053754,57.93865432652842],[-126.18290926209495,57.94455961757898],[-126.21417991004657,57.94349498099028],[-126.22874815912755,57.93374019867442],[-126.23373954551121,57.92224808661014],[-126.2296837588398,57.91169555785382],[-126.24350345020535,57.90146183327243],[-126.26313732516586,57.8596770972975],[-126.28894833960115,57.85451888977502],[-126.31593371748464,57.861915747063215],[-126.32324372555087,57.87403043554369],[-126.37799021464198,57.92325885357288],[-126.42217744142374,57.923621835177464],[-126.43475692201314,57.934521967326305],[-126.45236945612268,57.93840445588728],[-126.51803226322487,57.94094655603094],[-126.60412412325735,57.96020741331094],[-126.6629059741193,57.990822393562944],[-126.68321168363158,58.00611217066147],[-126.69668786863136,58.02583400142866],[-126.77301503608943,58.011069457411686],[-126.86800798544269,58.003360827527935],[-126.95093980402473,57.98944676072693],[-126.9539412469413,57.97567762564921],[-126.9800279772241,57.961223680958945],[-126.97012559253831,57.94906390952377],[-126.97059238666233,57.93311986034312],[-126.96410298270028,57.925103988609585],[-126.93686226378884,57.911299046934474],[-126.93454022317376,57.89778141810094],[-126.91599174631489,57.89145721143201],[-126.88795656467425,57.867319394383514],[-126.87860264982757,57.829831223124344],[-126.85650418891514,57.80509992626767],[-126.85141825970649,57.79170418832376],[-126.86915363009437,57.785327601419546],[-126.9340084180478,57.79734354359964],[-126.95909120290047,57.797081398102385],[-126.9731867297602,57.788241847439274],[-126.97971905708356,57.777957007869944],[-126.98126723759276,57.760809831368306],[-126.95398488135402,57.74413033091854],[-126.94550556558613,57.71649492767641],[-126.93809222850192,57.70712167406606],[-126.91819229356241,57.69872076484557],[-126.85251346213391,57.68816644837903],[-126.83959342975697,57.679439229344055],[-126.8366619878839,57.668219235403065],[-126.87013022968411,57.64011713170695],[-126.86830506838405,57.633370813480376],[-126.80229566813254,57.592714679881205],[-126.78730444262266,57.580840886657306],[-126.78429763337932,57.57605435974155],[-126.78757202054216,57.57077812020563],[-126.87662994632672,57.54905110851294],[-126.9879713529482,57.52995722313579],[-127.02184758343404,57.51466519378138],[-127.05704518574967,57.50727249946347],[-127.07565094551624,57.51235063427057],[-127.09307882357515,57.52813324383447],[-127.13453622067091,57.53055265885959],[-127.15014627342173,57.53589891160549],[-127.13820846154856,57.56251393359441],[-127.14525016911809,57.57754610361424],[-127.181404892943,57.59766068079823],[-127.2467456808689,57.60546914646349],[-127.27191057780887,57.60318716870425],[-127.27821456591649,57.59878300712638],[-127.27248003356625,57.587682261566094],[-127.28342402304773,57.57559924373357],[-127.31285675177641,57.57767334010351],[-127.3418868254527,57.549047301924986],[-127.34306129391489,57.53143520650664],[-127.3293686537185,57.50929635615606],[-127.29340076193509,57.49820217227487],[-127.29718225680078,57.492036981138995],[-127.32508630386813,57.48224888481406],[-127.30496343847676,57.46192982404758],[-127.30290313290189,57.44667194307386],[-127.34625828149159,57.424253144204556],[-127.37426531915773,57.41819428060129],[-127.4111887294758,57.38297506282055],[-127.4802722014302,57.33569304158386],[-127.489097062694,57.3226613444603],[-127.49123615890284,57.30344307635247],[-127.46726998070554,57.21003140661549],[-127.4764586645878,57.196078251839005],[-127.52153611260931,57.17068136986088],[-127.55828474632055,57.15998433231702],[-127.69695564027246,57.14090119441757],[-127.71650549916957,57.132594683298194],[-127.73034937549626,57.10996592041709],[-127.73819798731655,57.03552769279478],[-127.73286907871754,57.01963208796678],[-127.70642730667808,56.990765034689574],[-127.67709542173289,56.97677766299968],[-127.57875523673799,56.978549119651355],[-127.54107735544125,56.96899651580121],[-127.53631622861414,56.953970892546195],[-127.54478789812443,56.931354700290576],[-127.60503090995877,56.89444312350302],[-127.60380666995508,56.88877957552795],[-127.56399081974307,56.861655423455055],[-127.56542361413487,56.85787248455187],[-127.57224333732873,56.85375503485593],[-127.61081582339862,56.853275151704985],[-127.61774707536034,56.84646955791635],[-127.60335234314131,56.83398518482841],[-127.57454852675619,56.82153690367004],[-127.5665909453376,56.80401611531095],[-127.523314900841,56.77304956589625],[-127.51468510029531,56.761055252288244],[-127.51312998666248,56.750090977823845],[-127.53273830708578,56.740670106273626],[-127.45416623103075,56.69317054344461],[-127.41585663280449,56.676814718757626],[-127.40538427230787,56.67646110566667],[-127.36228685471951,56.689962621655134],[-127.26923129257847,56.73276750202992],[-127.22228546377116,56.74590304138012],[-127.18803925200838,56.6965396759602],[-127.12886368133783,56.6263971832452],[-127.10107534159351,56.61353576156648],[-127.03791141050574,56.61797288683005],[-126.99288282207385,56.632224676139195],[-126.93749187957336,56.66154750102904],[-126.9311127813509,56.667868295972745],[-126.92768059125805,56.68459576919063],[-126.9170509194391,56.69073746223294],[-126.90227497184395,56.692476644238916],[-126.85668220182244,56.67733113760646],[-126.8114871107169,56.68032254115172],[-126.71722302855086,56.766342515907134],[-126.69268649033967,56.7749505244391],[-126.67483776965265,56.77175921121731],[-126.65340589165376,56.7606033834388],[-126.48831323541314,56.66469420971463],[-126.44919942501292,56.65499563518422],[-126.41767038361743,56.65477854412867],[-126.37834117861998,56.67123477667586],[-126.3315095125653,56.67736953386181],[-126.29613353594938,56.67121574915064],[-126.23126880821565,56.64730084259369],[-126.17041023827473,56.6121605491585],[-126.1596360205369,56.59159957690441],[-126.14256489017647,56.583776446727526],[-126.14302735297836,56.576677504558866],[-126.16081479552285,56.56316997882286],[-126.15853654170833,56.55452904945632],[-126.14223253341791,56.53894138247204],[-126.14192543268362,56.529500951941955],[-126.19648943288522,56.473532676460444],[-126.10187289898451,56.42543834122518],[-126.09105213679813,56.40403142771794],[-126.10036232692718,56.39261806088333],[-126.1958364520998,56.35035542209483],[-126.19474717310266,56.34238175232182],[-126.1163228683101,56.271922217159734],[-126.0432173049344,56.25431402281822],[-125.98062199638203,56.24562939531904],[-125.98291045273149,56.21433887094087],[-125.97263084547875,56.185698366770225],[-125.97172873867092,56.16634118537311],[-125.96197303454888,56.14690427688763],[-125.95550025483514,56.14292791289411],[-125.93197340753207,56.14710182067867],[-125.86563951843,56.14520393812155],[-125.73761841824039,56.19057509836742],[-125.65662760228436,56.22858523860253],[-125.64551600893802,56.226011554990706],[-125.65318908835468,56.169164352135034],[-125.6499245200308,56.15729696716978],[-125.63517965857058,56.1512641300432],[-125.60848779432956,56.1532889041556],[-125.45768812660134,56.23335394850433],[-125.40377374737653,56.25294838730172],[-125.37786405201966,56.25308643720125],[-125.32462936236392,56.24399149626609],[-125.31644556088403,56.25011009004415],[-125.29216658010566,56.24705654015492],[-125.24546383747592,56.250564310014894],[-125.2360586224876,56.25528100522569],[-125.2344317380302,56.265331708315436],[-125.22640870153435,56.271906940589915],[-125.18902778044972,56.294742850761736],[-125.11909586907315,56.30359588703673],[-125.09050736634069,56.27664717442102],[-125.06366117060792,56.263068615664494],[-125.05348947589488,56.22895005442475],[-125.06026626215439,56.207896357104744],[-125.05470599366188,56.20353332961717],[-124.99869174928291,56.210388285658404],[-124.98554131991354,56.215198805607535],[-124.98018059227773,56.22941030854528],[-124.94670716011407,56.240076224001996],[-124.92350692055071,56.24437290075519],[-124.89464199976268,56.24223294255813],[-124.83285271718233,56.22353757664874],[-124.79519949988992,56.20000374384714],[-124.76884605036285,56.170318890405746],[-124.7154639569424,56.13380027560679],[-124.66101716000114,56.11611630821751],[-124.62355813636196,56.11614968934322],[-124.50424725727106,56.13244819074641],[-124.48337486349998,56.128688580605406]]}},{"type":"Feature","properties":{},"geometry":{"type":"LineString","coordinates":[[-123.11736776481908,49.203780910402195],[-123.11666407891315,49.219058104839455],[-123.1401299514397,49.21933190935117]]}},{"type":"Feature","properties":{},"geometry":{"type":"LineString","coordinates":[[-123.20744761426042,49.141210958618615],[-123.13670439606994,49.14088560806322],[-123.13647950978161,49.17024820244609],[-123.11399120988193,49.170196500727265],[-123.11397479586029,49.184639493283605],[-123.107525955789,49.1845773176465],[-123.1258311378484,49.20012471913364],[-123.11736776481908,49.203780910402195]]}},{"type":"Feature","properties":{},"geometry":{"type":"LineString","coordinates":[[-123.1401299514397,49.21933190935117],[-123.15051030872732,49.21948069882108],[-123.14862169855068,49.210125106108386]]}},{"type":"Feature","properties":{},"geometry":{"type":"LineString","coordinates":[[-123.09125959434617,49.205299391511716],[-123.11736776481908,49.203780910402195]]}},{"type":"Feature","properties":{},"geometry":{"type":"LineString","coordinates":[[-122.95742637302175,49.190120828437806],[-122.97820594557243,49.18015989229273],[-123.03987596844314,49.20377511692394],[-123.0744632874855,49.20833078547943],[-123.09125959434617,49.205299391511716]]}},{"type":"Feature","properties":{},"geometry":{"type":"LineString","coordinates":[[-123.3273198905089,48.50054554149149],[-123.34324873943535,48.50360202980076],[-123.33124757201928,48.503566834827744]]}},{"type":"Feature","properties":{},"geometry":{"type":"LineString","coordinates":[[-123.35118235722149,48.4503287070727],[-123.33318972459254,48.448149483287985],[-123.33273369553872,48.46867181515564],[-123.3076976044946,48.466970044342574],[-123.30058107655957,48.48245447741445]]}},{"type":"Feature","properties":{},"geometry":{"type":"LineString","coordinates":[[-117.51695940987403,49.43592331885372],[-117.51820869964106,49.440005753420074],[-117.53914966874378,49.44022441639061],[-117.58138011219513,49.43576848681167],[-117.58181689500037,49.421823339587355],[-117.60153137430784,49.42198917529014],[-117.60150503767534,49.41842710398936],[-117.69158626887445,49.418141855798524],[-117.69170402158149,49.43350393056892],[-117.72196892546589,49.455641376171876],[-117.72730858557401,49.479841659258824],[-117.75186015468564,49.497899712242734],[-117.76312628689178,49.494042105557675],[-117.76897226742057,49.499043212229],[-117.78608988038734,49.499612199942355],[-117.7959336175152,49.50808106512761],[-117.82329031718128,49.50874020854532],[-117.84706761373528,49.53923190646216],[-117.86861668337491,49.546296940270885],[-117.88329554805425,49.538866547957234],[-117.88556035524806,49.532895664968954],[-117.90975819945325,49.529859853869375],[-117.93513598947938,49.532997205048964],[-117.95555076229525,49.54244644608252],[-117.96117755557285,49.55199486275166],[-117.99877886331326,49.55966279193959],[-118.01538290262597,49.57056534267426],[-118.01511303030435,49.58295170278428],[-118.00948464066838,49.58709205033999],[-118.01006858506841,49.59777546247739],[-117.99674051133854,49.624469930718476],[-118.00082296781888,49.62994299670929],[-117.99603557517085,49.63708899629896],[-118.00210466653328,49.6404317503167],[-118.00594373403793,49.65249567228706],[-117.98721138248163,49.66469979366715],[-117.99191301223004,49.67184002999755],[-117.98709186250873,49.679319362721245],[-118.00342369644953,49.692115803703956],[-118.06694881665481,49.69754421767742],[-118.07856165518793,49.70834493995801],[-118.09064165472039,49.70954302770989],[-118.0997175247468,49.70269891295941],[-118.10725092936629,49.70503359135816],[-118.11408109585503,49.71308892627301],[-118.15539166076759,49.72640553005442],[-118.15986681810136,49.73450981363422],[-118.17573140199862,49.72761991019583],[-118.18321548644036,49.73116809629474],[-118.19065753658383,49.72776069962414],[-118.19452586555208,49.71148841134485],[-118.21215172024915,49.70946107192594],[-118.23059564306448,49.71829886561866],[-118.23678017902074,49.73461311386947],[-118.23715311004433,49.754488994439306],[-118.25569294064931,49.76222287548086],[-118.25725500552848,49.784775215666386],[-118.2667242430967,49.787114088263884],[-118.26463130133739,49.804471838195425],[-118.28622100631048,49.81988818064566],[-118.31208627271809,49.82352320748656],[-118.30457456686364,49.81233487722899],[-118.51021317089783,49.812557006511504]]}},{"type":"Feature","properties":{},"geometry":{"type":"LineString","coordinates":[[-127.7250000877459,60.000022150124785],[-139.0522010411842,60.00004064829304]]}},{"type":"Feature","properties":{},"geometry":{"type":"LineString","coordinates":[[-122.81784638630707,49.10455981779327],[-122.86778883016716,49.10817201095109]]}},{"type":"Feature","properties":{},"geometry":{"type":"LineString","coordinates":[[-122.89026749841148,49.16320840185442],[-122.82342528839968,49.16291280338497]]}},{"type":"Feature","properties":{},"geometry":{"type":"LineString","coordinates":[[-123.1436946137883,49.28076998699031],[-123.1285142449833,49.26974136152645],[-123.10464967030916,49.26928654564777]]}},{"type":"Feature","properties":{},"geometry":{"type":"LineString","coordinates":[[-123.10464967030916,49.26928654564777],[-123.10063072119189,49.26911200077627],[-123.09976286853568,49.277279063335676],[-123.11155692001714,49.28048839379383],[-123.10732364591475,49.28875495835725]]}},{"type":"Feature","properties":{},"geometry":{"type":"LineString","coordinates":[[-123.1012380998229,49.256579113600445],[-123.0234826973592,49.2582127932742]]}},{"type":"Feature","properties":{},"geometry":{"type":"LineString","coordinates":[[-123.10464967030916,49.26928654564777],[-123.1051697086437,49.25663959812152],[-123.1012380998229,49.256579113600445]]}},{"type":"Feature","properties":{},"geometry":{"type":"LineString","coordinates":[[-123.0234764875436,49.23229450763572],[-123.07706188568268,49.23274060149613],[-123.07732428803892,49.225279999594484],[-123.09071141683319,49.22544300560205]]}},{"type":"Feature","properties":{},"geometry":{"type":"LineString","coordinates":[[-123.09071141683319,49.22544300560205],[-123.09125959434617,49.205299391511716]]}},{"type":"Feature","properties":{},"geometry":{"type":"LineString","coordinates":[[-123.09071141683319,49.22544300560205],[-123.10163999548804,49.22564910113872],[-123.1012380998229,49.256579113600445]]}},{"type":"Feature","properties":{},"geometry":{"type":"LineString","coordinates":[[-123.14995175971403,49.27934794253633],[-123.1555416116958,49.23458338816481],[-123.13962391526881,49.23434350272979],[-123.1401299514397,49.21933190935117]]}},{"type":"Feature","properties":{},"geometry":{"type":"LineString","coordinates":[[-123.78932483556109,60.00003262053848],[-124.00052694335658,60.10919758781804],[-124.02996077825384,60.14815830591727],[-124.12382851505697,60.20600141035455],[-124.12026872683461,60.23862881561136],[-124.15588352026047,60.26694522044904],[-124.15932774366938,60.29105734815719],[-124.18237173379312,60.30675714173001],[-124.21446781082693,60.36457205617382],[-124.2006350767739,60.397335063617575],[-124.19786251652255,60.445915704745296],[-124.23496650448651,60.45394713805665],[-124.31244690669175,60.45925451346501],[-124.38914599215276,60.4584588088031],[-124.39377325978428,60.51890078513515],[-124.43315571254799,60.54214573864802],[-124.44719465174205,60.572809315593794],[-124.4905343002674,60.59199317792536],[-124.57106557480388,60.641415429930696],[-124.59945265103184,60.68786762235817],[-124.56274695024476,60.695655907504346],[-124.54146335680271,60.717940747741686],[-124.49178305967756,60.72839759012677],[-124.44921661387178,60.764682616928084],[-124.4505196208245,60.78654589474051],[-124.47625614652054,60.791413943936774],[-124.4962539814065,60.8025026172968],[-124.49844773089391,60.82611416974853],[-124.51147936653899,60.83944477562254],[-124.51077992513933,60.86498633730207],[-124.53669077377104,60.914140226496265],[-124.53938216457878,60.93860689441658],[-124.59275459417182,60.94583669460151],[-124.63322717681369,60.92679898925207],[-124.66537960722077,60.93866112275455],[-124.72815934057117,60.93898963047784],[-124.76615411564322,60.958063531989716],[-124.7883769135745,60.95450904771876],[-124.79524820136409,60.93250741993211],[-124.81919573785308,60.91924547411346],[-124.8374302877149,60.89931322317953],[-124.82143991238713,60.85364939974865],[-124.82579771779474,60.83704696965859],[-124.9059469923729,60.83985219781336],[-124.96749742940082,60.84924140925852],[-124.9924546460582,60.840048830086545],[-125.05412481035165,60.83288753549496],[-125.14788162540968,60.832508587576626],[-125.1713521863404,60.80966010208971],[-125.22278008228517,60.79632423510594],[-125.26406726015907,60.76834796253527],[-125.3749123090162,60.7663839281164],[-125.46700949713318,60.78870519989489],[-125.53379371957277,60.81235519899672],[-125.5689141598227,60.80150398604855],[-125.62534975570921,60.80970859729537],[-125.66963923125377,60.80310898503508],[-125.71410128096628,60.83077006061826],[-125.75535817231963,60.84532637379046],[-125.79249731169364,60.86819486086234],[-125.83222475592625,60.88128756619167],[-125.92081827955323,60.848597624594525],[-125.93853637979375,60.830014470444965],[-125.94049225039404,60.804615138601896],[-125.966803125289,60.78924267212688],[-126.05656131007323,60.795245446930345],[-126.0833051572991,60.813783563111144],[-126.06335061764393,60.85136803378163],[-126.18123975019265,60.84176011185892],[-126.21065416178088,60.83443328511752],[-126.18974569314472,60.811812642640916],[-126.1846817631759,60.79692722737593],[-126.19792614776956,60.78223547389642],[-126.28349984400477,60.758828434696774],[-126.3870890262019,60.765548975828985],[-126.4863701118412,60.8001486632107],[-126.53342803247996,60.782238932640084],[-126.60823246535486,60.73976829153487],[-126.63904120405657,60.73078937931734],[-126.65983556912947,60.751184309645154],[-126.68260007917264,60.75381274899605],[-126.69265357796203,60.769031798118874],[-126.76349245071769,60.76318911528801],[-126.76983477462149,60.74863896892593],[-126.81274730026131,60.75856154232037],[-126.84514292652449,60.77497850035023],[-126.82524651244698,60.83149562635361],[-126.8498788385568,60.83259932529472],[-126.87704140837691,60.8478950022785],[-126.85636972912874,60.870329911597565],[-126.8660387265141,60.895929821531446],[-126.85358648073193,60.931631368953404],[-126.90682724964172,61.007140351158895],[-126.89677399373132,61.0409889351798],[-126.9661236521261,61.050067646069806],[-126.9994941638402,61.02617787648098],[-127.04701992977563,61.01727952897751],[-127.04233430705398,61.030943734332745],[-127.07243480005549,61.06659713264648],[-127.0426488629305,61.08208643204666],[-127.04105087447726,61.10281060388208],[-126.98410173868105,61.12140337543143],[-127.01209917481027,61.137667485319895],[-126.96074011346913,61.16792861332763],[-126.97587940378796,61.17771550372081],[-126.95292614636878,61.21496357479352],[-126.99640938771329,61.22213863274802],[-126.99958828629762,61.25110930777093],[-127.03340143508764,61.32240947973361],[-127.02101968367488,61.33795420864491],[-127.02924078024449,61.36125405846339],[-127.09075633593619,61.368085348302365],[-127.085139677683,61.387595278159026],[-127.09403330504051,61.437655417716165],[-127.10295620217347,61.45815042994084],[-127.16798910051737,61.456203428228555],[-127.19170195705243,61.4611367965596],[-127.20242189087126,61.49001916736609],[-127.23783627938955,61.500177761363815],[-127.31641492555855,61.500109982534624],[-127.3635382560538,61.49124108624832],[-127.38868844750938,61.49667607133095],[-127.4223770091821,61.496799296742715],[-127.46918999648672,61.485154942026575],[-127.56985645582198,61.523892430460315],[-127.62272241776448,61.53222803350069],[-127.62907616385954,61.546993949928385],[-127.66855033097193,61.58255240669711],[-127.71897640208543,61.58404956680297],[-127.7668054468397,61.594138781361636],[-127.8328714832695,61.629702425603],[-127.8818515338057,61.667558353944855],[-127.91188700302101,61.66944372708453],[-128.04745997548397,61.72872035893046],[-128.01262248920693,61.753193012838935],[-128.01758338953897,61.766989402192195],[-127.98599682645232,61.79157807693956],[-128.01398172065646,61.80489657466315],[-128.02065326798237,61.82353902894747],[-128.05403489711696,61.83268748922793],[-128.10656920523795,61.830941164478574],[-128.1496434904594,61.83785501734593],[-128.1883462175191,61.828416355818355],[-128.20827631545555,61.887029851639966],[-128.24857713447588,61.9370324071376],[-128.30483123224994,61.94914853610055],[-128.30694798465134,61.96755980079211],[-128.35009723080958,61.97350905568478],[-128.35687274095295,61.990803768509075],[-128.34793921799385,62.0148362149952],[-128.38842472762244,62.02010317673518],[-128.41018066795107,62.04280053249862],[-128.51138139020892,62.100351400310295],[-128.54964039424465,62.116250195198106],[-128.59778020741288,62.10718801382736],[-128.63516971797088,62.118200249012],[-128.66903163926503,62.10907820909802],[-128.68758145664827,62.08687019030539],[-128.71938600856677,62.06918215486235],[-128.73036016477772,62.04314251469787],[-128.8090390553757,62.04833557642895],[-128.8197954622719,62.08747198476303],[-128.85160993928926,62.09936431811572],[-128.92054779850844,62.09549083458424],[-128.9446647951709,62.11908420388748],[-128.97249971890705,62.11692309402866],[-128.99907986453053,62.107883782377],[-129.03399042947387,62.11180436804296],[-129.07300735565337,62.098307187513726],[-129.12886832243575,62.09945700565142],[-129.1997869817003,62.139443425462396],[-129.23570527541287,62.13804861202552],[-129.23724181800972,62.15106135655776],[-129.1938821886649,62.16806776506343],[-129.1633257514843,62.20397133770022],[-129.20501948998984,62.2092231934555],[-129.22174500185017,62.236364827008344],[-129.26967035319737,62.257982512548985],[-129.24594831048978,62.28217252315286],[-129.264541193307,62.29988070452954],[-129.2562819855607,62.327955081720134],[-129.18949838348726,62.36155535064425],[-129.26306425644017,62.37429236243716],[-129.2848559675237,62.399721514753125],[-129.23849240382398,62.41405624045325],[-129.24390761680786,62.43086875836897],[-129.22271816726425,62.44110407653442],[-129.17408089295554,62.44500524632392],[-129.15968194018959,62.47861825753569],[-129.18623650727972,62.47931918698762],[-129.2124701508134,62.50450738642722],[-129.32427378013065,62.52460417124364],[-129.3565689417021,62.55308035781739],[-129.3869532930821,62.571304532910375],[-129.43934809032115,62.57793782932531],[-129.45365134390136,62.564712447074484],[-129.4824054207761,62.55107980321234],[-129.52239475360204,62.55220635663426],[-129.5226427046906,62.57539777334382],[-129.48496681412232,62.584850127176075],[-129.46458374319067,62.595143330611144],[-129.46234473385388,62.620386927305816],[-129.50499010488952,62.64037608902544],[-129.4852194664786,62.66242775667003],[-129.5266596100326,62.66871446110546],[-129.53039894974026,62.68202138905319],[-129.56669569068663,62.68117950109125],[-129.59012724339945,62.7010126344637],[-129.60797454007323,62.749490157789516],[-129.6655636344415,62.7957242373694],[-129.66525691979814,62.814203446974496],[-129.70212565147557,62.82211601104439],[-129.74325754764055,62.838368826064496],[-129.75003440118854,62.8810643807267],[-129.68423696661745,62.875942307185696],[-129.70967773733165,62.90765778008872],[-129.67522538281406,62.92645512362827],[-129.67871150508788,62.94116837859209],[-129.64935701675503,62.95298787227212],[-129.63731758739982,62.97896787122052],[-129.60794727100256,63.01006876546684],[-129.58858365810292,63.04216523399293],[-129.61320852293284,63.07304794039678],[-129.67356164767185,63.06161907578181],[-129.74071335294548,63.0605121494376],[-129.77373242286143,63.07657191093944],[-129.82100090473938,63.08238966959864],[-129.8134959396857,63.10367322060246],[-129.86851075571303,63.157544830475665],[-129.87046229829812,63.17183424337154],[-129.8957283589939,63.178488483797786],[-129.91048552705777,63.19210087571044],[-129.94259370844512,63.1830516668219],[-129.98758381006553,63.19889804373624],[-130.01389394568758,63.23644866132861],[-130.04878113260406,63.25235072136577],[-130.10403705266552,63.24405230319448],[-130.1577629024407,63.24235756271165],[-130.13000165476578,63.26681646981734],[-130.14526745928214,63.288789420644555],[-130.10830467025215,63.30561779986484],[-130.05797621264392,63.304158261142305],[-130.0408364308344,63.329947758827714],[-129.99035100533007,63.327568483698116],[-129.92369739334654,63.34428308464326],[-129.8662200162032,63.367073574399505],[-129.90852714955815,63.41763688779413],[-129.88568308142467,63.435963335789914],[-129.87432280564707,63.45748121864406],[-129.78492801959518,63.445969540340386],[-129.8705339631784,63.5217335111167],[-129.8973717900145,63.55286069235718],[-129.96032751018765,63.56575761312486],[-129.92807254474027,63.59200032490049],[-129.96246077453787,63.60980118907602],[-130.01027705081123,63.613364713860605],[-130.0427107993966,63.60428223772622],[-130.0813636823459,63.60802614031534],[-130.09927684922428,63.63264765618439],[-130.0915482237822,63.660565024709825],[-130.07251246481755,63.68286895665661],[-130.1061878094235,63.68848076895964],[-130.23214439670986,63.6475531082265],[-130.26863540833364,63.644783939048594],[-130.30776044147288,63.665506305870366],[-130.30971091618756,63.6779991581585],[-130.33966700445305,63.69088276716738],[-130.31801297607626,63.713794963550114],[-130.21567838199408,63.71779493606422],[-130.18960992113114,63.741996575621236],[-130.12195806856255,63.74321558765354],[-130.101228527711,63.75417928398711],[-130.1062655421065,63.787358283471455],[-130.13766246304098,63.7992940735499],[-130.1293252459133,63.81078369069973],[-130.13269546346655,63.82926717377509],[-130.10936805637854,63.83941491973477],[-130.14423470236912,63.861424209711494],[-130.18589737660884,63.85420715159495],[-130.21857587178363,63.86931917802997],[-130.23987723323773,63.85556041322582],[-130.2456850854391,63.83622723790827],[-130.3393625577883,63.81327809369299],[-130.36914591959408,63.84852597748452],[-130.39437676345565,63.85298375343446],[-130.4428950527766,63.891143227683564],[-130.53823680689663,63.92568157547738],[-130.55722112806998,63.916676677609495],[-130.59207771119313,63.921740107644645],[-130.6305811272316,63.94763639291699],[-130.6886623701748,63.946308733325175],[-130.71810577974233,63.96373327864606],[-130.77570257794372,63.97625081755215],[-130.7717253855363,64.00886638959449],[-130.72332169832413,64.0265654009713],[-130.8089826923478,64.04045170376877],[-130.87034296448252,64.03188836153436],[-130.88347458024134,64.08203601471354],[-130.95541668451799,64.11332460874065],[-130.96776877256238,64.13004531051412],[-130.95280128966368,64.14106386741264],[-130.90508899950692,64.14596312835569],[-130.85905945490614,64.17196124673987],[-130.87081289413499,64.1856650456417],[-130.94396511321042,64.18578165434869],[-130.93818538006835,64.20036403969448],[-130.94720044631478,64.22301660294484],[-130.98264825447964,64.25074044731006],[-131.07370797917622,64.27287038918763],[-131.07911835878903,64.28497196371964],[-131.02661729161258,64.30469722305536],[-131.06286567932707,64.32825239066959],[-131.06817445469673,64.36131916991465],[-131.11038185515733,64.3764647858451],[-131.14735174024017,64.40379186180422],[-131.22511771709586,64.42160660447338],[-131.29552512107645,64.44678477160903],[-131.38048897787579,64.43568292395032],[-131.37236278590314,64.45087293920054],[-131.43195958556112,64.43792395549136],[-131.41960637745316,64.41145878075412],[-131.4510316084847,64.3918642736828],[-131.503554280108,64.38975034111802],[-131.51798528708156,64.37919531995736],[-131.55946175675933,64.38333683202454],[-131.57875643960668,64.36992350347704],[-131.62351343056886,64.35366625277943],[-131.67632493710292,64.37719541897148],[-131.7213799266681,64.3702989759118],[-131.76544057145577,64.3798491414888],[-131.80842163353427,64.36881788672875],[-131.85831047450282,64.3812723731704],[-131.82839070842766,64.40114620851347],[-131.82485464401725,64.42469974673524],[-131.7160422671239,64.47549668033484],[-131.67603786713343,64.48550912058396],[-131.70746713302395,64.50818310430316],[-131.68464617905104,64.52137123639652],[-131.80639067882962,64.53393425013607],[-131.83872011710577,64.5253449495022],[-131.85537225739137,64.53782495676712],[-131.83010259291447,64.54877270202189],[-131.89640780819536,64.56627335366171],[-131.93809604765892,64.5903430703866],[-131.98199014007545,64.63183230718828],[-132.03771578882308,64.6964231032457],[-132.1242614776242,64.70374165925847],[-132.21624945642347,64.74287776428366],[-132.2990901711207,64.76121140271425],[-132.35696419976645,64.78316801388192],[-132.42203145883988,64.7777908817447],[-132.4642397606698,64.78869409756815],[-132.51191137099997,64.77448172512115],[-132.54602757170076,64.77024590024445],[-132.55922624922871,64.79612205000173],[-132.62764906689387,64.82968106042912],[-132.58689659994903,64.8345892223594],[-132.51113354978492,64.86622793802154],[-132.4816830619175,64.88402324525417],[-132.46229229622102,64.90157045272353],[-132.49127971377513,64.935562759263],[-132.49031872826205,64.96240338543959],[-132.4141887413524,64.98438269240825],[-132.40559874911955,65.01000657301368],[-132.33772455273825,65.03830567830813],[-132.33610021975514,65.06071968411165],[-132.45946831942746,65.081111620002],[-132.51936844808728,65.08151843415963],[-132.54274207237808,65.08990109602017],[-132.53446207966914,65.12118301503004],[-132.50933714702145,65.17351212297187],[-132.55476424079967,65.17123814443018],[-132.59663193011698,65.14627614834014],[-132.65671034218636,65.14080905793041],[-132.72687157135795,65.15838083413773],[-132.77272121884397,65.18304327898436],[-132.76396469496825,65.1964647576999],[-132.7066870053335,65.19928629257866],[-132.74789716952472,65.22736689843745],[-132.6693542969852,65.25966253908986],[-132.65700471419458,65.27813046751618],[-132.56642427892768,65.28404347523187],[-132.5371481788264,65.35046437733821],[-132.50461744927367,65.36861202093111],[-132.44625313560667,65.38820830410171],[-132.3764365558199,65.40235899284646],[-132.34938715716618,65.4294235758312],[-132.314957644382,65.44724059442848],[-132.27537032759736,65.45770075043191],[-132.28336851332855,65.5005533208482],[-132.21487371105368,65.55311516174233],[-132.16832125671337,65.60242731374592],[-132.1988128898815,65.61859464771761],[-132.24469789769455,65.6666952736997],[-132.29861619937796,65.68596226158408],[-132.2832250225872,65.70469741356301],[-132.31346095976542,65.73985755104154],[-132.35448261978834,65.74692299099823],[-132.3754830098737,65.76642581101726],[-132.41438779062526,65.78877613470452],[-132.48464637570206,65.80118944353416],[-132.5197025543003,65.8195747195851],[-132.5636795874388,65.83017019533794],[-132.59636896387073,65.85670413101825],[-132.5778996505432,65.87555282682666],[-132.53086336481817,65.9058966244721],[-132.46089617844893,65.93050311659685],[-132.3501222583168,65.95231643264827],[-132.37788832670174,65.98904025561225],[-132.49454186084296,65.97198877677658],[-132.54044428503838,66.0150246462686],[-132.56826273276846,66.02287513530347],[-132.61614796362818,66.02230455848138],[-132.6565968734406,66.01583156909088],[-132.70627442799093,65.98902116427836],[-132.79933805117494,65.95051457785581],[-132.80528541135644,65.92057653673993],[-132.83718650491772,65.90036712598695],[-132.90921597141212,65.88404408324895],[-133.0214848288653,65.91881242228577],[-132.9122635150632,66.0015436308975],[-132.92114750799888,66.02042157650195],[-133.05583826753295,66.01922278553238],[-133.1280702300087,66.03093970028847],[-133.1962546557055,66.0068803239944],[-133.26857884731314,65.99584664548969],[-133.40518518568302,65.9388585046815],[-133.4469195084057,65.93346749126145],[-133.52581134477757,65.95430641938938],[-133.55552832782126,65.95183782196172],[-133.5949640378996,65.93586952962764],[-133.62144560091244,65.94206621947625],[-133.65833087931276,65.95968099004259],[-133.66279246773325,65.98129681438344],[-133.63441906650726,65.99469657322008],[-133.60303552707649,66.03820035760133],[-133.5985562089066,66.05651530142204],[-133.68125471371943,66.05914565033953],[-133.69070592476467,66.07117328577583],[-133.67960503152455,66.0976413493532],[-133.65785417506194,66.12180553950678],[-133.6016865882105,66.13433634193909],[-133.5711650992044,66.14979379060794],[-133.54891425072242,66.16998680527261],[-133.56795935320977,66.2089933891317],[-133.5663239998776,66.23588630379398],[-133.5535339614373,66.25700891683951],[-133.58051121156143,66.2861365891608],[-133.626228241544,66.29861707246454],[-133.7857598804353,66.295380238548],[-133.82190968925838,66.30303648732578],[-133.83542356024418,66.31721772591415],[-133.81131839724918,66.34121500219192],[-133.76806949413154,66.36618351779613],[-133.76637876875512,66.41776793407057],[-133.73419084094385,66.44035661745956],[-133.63931650228588,66.43002061111426],[-133.60982732929105,66.4360652472514],[-133.69344235953417,66.50348549632943],[-133.6900530465961,66.52790224234302],[-133.58818740061122,66.54997897178707],[-133.58236585670187,66.56225197410399],[-133.67677456274384,66.58317985300647],[-133.6964859571423,66.59548771718076],[-133.717583278383,66.62500195233818],[-133.76205391733342,66.63443313402182],[-133.7933684687693,66.64944320114364],[-133.7620658699149,66.66420839131648],[-133.74806657015387,66.6789636127537],[-133.76207558440368,66.69240119606594],[-133.84633012875415,66.72279629755485],[-133.83217790999706,66.73388885797576],[-133.80380366365384,66.74319101443442],[-133.77593115991976,66.7652089472571],[-133.75966391434673,66.8010269590702],[-133.78747145783728,66.81707239854472],[-133.83302509745874,66.82596101354352],[-133.85326108222492,66.8419150577243],[-133.85028021345605,66.85494752661118],[-133.8895318552957,66.86909966270946],[-133.89046705961155,66.88349918563095],[-133.94329013493956,66.9052629600365],[-134.00068758007635,66.90941465806664],[-134.09170925037355,66.93691039190429],[-134.11784703230865,66.95691748618053],[-134.06720306319616,66.97520455225049],[-134.01420963955212,66.98584103747925],[-133.8468833014375,66.98366510534777],[-133.82963496803129,67.00000011574593],[-136.16441357554675,67.00000005998622],[-136.1817909871964,67.03468117484968],[-136.21626476371435,67.05097777039653],[-136.2003158773056,67.0614230029536],[-136.2324495495808,67.10669667525345],[-136.1915246573499,67.14390383676644],[-136.22128786590457,67.15390106452071],[-136.23509607477865,67.17254237970499],[-136.1374960719284,67.23263415858553],[-136.1272361913368,67.27349961780315],[-136.11082357280048,67.28874489152584],[-136.0865574815229,67.30070614958085],[-136.1355103775832,67.32998899247332],[-136.14618790797763,67.34537728107091],[-136.1400343403223,67.36644118986665],[-136.16887595769145,67.37797511442862],[-136.18720781127345,67.39339612060003],[-136.22205360733625,67.40547162081874],[-136.20154528020936,67.41846045669386],[-136.20426766180537,67.43930558565606],[-136.17866768863936,67.45772956669904],[-136.202124738586,67.481877380462],[-136.16991973913608,67.50384397307417],[-136.21871487528327,67.51340307436487],[-136.21836174948137,67.5313810473854],[-136.19997975993542,67.56166209495166],[-136.24135357845563,67.61088653956381],[-136.27926761003275,67.62112683724418],[-136.2898931158755,67.63423337574889],[-136.359379846424,67.62835245281856],[-136.37803911330394,67.6392081122782],[-136.41621270939584,67.64014396821666],[-136.4487726998256,67.64947145928154],[-136.45834903234777,67.81291203991607],[-136.46861613302204,68.8943008048226],[-136.52600091637214,68.91013036905731]]}},{"type":"Feature","properties":{},"geometry":{"type":"LineString","coordinates":[[-110.60794418033116,65.44603271582861],[-112.58339481084323,65.4470650492871],[-114.31375988714419,66.05472263444707],[-115.01271477234846,66.2869686779708],[-116.63108512106439,66.79742651208642],[-117.06545063025514,66.92917931656716],[-118.59419058672937,67.1988642785021],[-119.97599345347616,67.59731814538993],[-120.63078244433511,67.77995758321406],[-120.59071944123036,68.24910458176964],[-120.60553780673372,68.62336194833972],[-120.72492512289168,69.57501335826421],[-120.7160470900931,69.57527971163923]]}},{"type":"Feature","properties":{},"geometry":{"type":"LineString","coordinates":[[-109.73602887484901,65.12086819777936],[-110.5231582236009,65.43964105967537]]}},{"type":"Feature","properties":{},"geometry":{"type":"LineString","coordinates":[[-102.00000002714235,63.19622984996632],[-101.99999999692348,64.18905058877208],[-103.51798695840502,64.34298362183333],[-105.01776293550331,64.47739258074456],[-106.00000000031532,64.55191031287798],[-107.04001191394495,64.6239523653604],[-108.83789444724957,64.73212966984251],[-109.0248842443638,64.83144885851375],[-109.65140101975003,65.08630760244066]]}},{"type":"Feature","properties":{},"geometry":{"type":"LineString","coordinates":[[-102.00000000064732,63.0639509270578],[-102.00000001115859,63.09153029377501]]}},{"type":"Feature","properties":{},"geometry":{"type":"LineString","coordinates":[[-102.00000002169769,62.9439308610417],[-101.99999998822946,62.97687824009165]]}},{"type":"Feature","properties":{},"geometry":{"type":"LineString","coordinates":[[-102.00000001230232,62.87064050528453],[-102.00000000966314,62.90867138738113]]}},{"type":"Feature","properties":{},"geometry":{"type":"LineString","coordinates":[[-101.99999999894703,60.39240917561707],[-102.00000001558301,62.86849786110507]]}},{"type":"Feature","properties":{},"geometry":{"type":"LineString","coordinates":[[-109.83120878013985,78.29654915541073],[-109.83234828045087,78.63492387108695]]}},{"type":"Feature","properties":{},"geometry":{"type":"LineString","coordinates":[[-109.83113009790914,77.94601908310372],[-109.83116371916798,78.09821126892538]]}},{"type":"Feature","properties":{},"geometry":{"type":"LineString","coordinates":[[-109.83542506188353,76.5336036686966],[-109.83545618291986,76.54294026489225]]}},{"type":"Feature","properties":{},"geometry":{"type":"LineString","coordinates":[[-109.83448093604338,76.24072324858234],[-109.83529664402158,76.49496771526687]]}},{"type":"Feature","properties":{},"geometry":{"type":"LineString","coordinates":[[-109.83243200749854,75.86944061739005],[-109.83295947657082,75.9334645449476]]}},{"type":"Feature","properties":{},"geometry":{"type":"LineString","coordinates":[[-109.83056914635796,74.86836032812178],[-109.83133732179827,75.53657044459605]]}},{"type":"Feature","properties":{},"geometry":{"type":"LineString","coordinates":[[-109.84211926649576,72.73239006576253],[-109.84072249383837,72.92265623976229]]}},{"type":"Feature","properties":{},"geometry":{"type":"LineString","coordinates":[[-109.8423953096005,72.69450687369225],[-109.84226714649323,72.71209553113667]]}},{"type":"Feature","properties":{},"geometry":{"type":"LineString","coordinates":[[-109.84399611092228,72.53919515650277],[-109.84256246934649,72.67156645368125]]}},{"type":"Feature","properties":{},"geometry":{"type":"LineString","coordinates":[[-109.8451195772193,72.4597022332819],[-109.84468990344723,72.49010459093451]]}},{"type":"Feature","properties":{},"geometry":{"type":"LineString","coordinates":[[-116.98415165871553,69.68724178317726],[-116.46558727436975,69.70279943846658],[-116.75519510184512,69.78644464014337],[-116.92415732199373,69.87989304664922],[-117.01353677805261,69.95657830242659],[-117.0228356733333,70.00025183085978],[-112.82512696621276,70.0025451608053],[-112.81834730953429,69.84728348210197],[-112.51808770170565,69.84760223078852],[-112.51081721866444,70.00168576021849],[-109.8617989131361,69.99805421007716],[-109.845405127861,72.4394975726724]]}}]}