{"type":"FeatureCollection","features":[{"type":"Feature","properties":{},"geometry":{"type":"LineString","coordinates":[[-52.96369360833836,47.53067268497721],[-52.98292849937607,47.51956895396949]]}},{"type":"Feature","properties":{},"geometry":{"type":"LineString","coordinates":[[-52.917997081421824,47.55321135140263],[-52.949948902661866,47.537451916513206]]}},{"type":"Feature","properties":{},"geometry":{"type":"LineString","coordinates":[[-52.91509432013582,47.553395383712044],[-52.915641707382974,47.55437308060506]]}},{"type":"Feature","properties":{},"geometry":{"type":"LineString","coordinates":[[-52.669376041414196,47.45134638629925],[-52.82871760533549,47.51108189604912],[-52.916062892365005,47.50625924533388],[-52.91509432013582,47.553395383712044]]}},{"type":"Feature","properties":{},"geometry":{"type":"LineString","coordinates":[[-53.14252052317217,47.790348795620055],[-53.37302433497066,47.7767202872381],[-53.40796948901768,47.60429022715262],[-53.384296958241265,47.580286742917],[-53.504800818625654,47.40407401431424],[-53.52094478623118,47.30803159111958],[-53.7437825674546,47.21743213525981],[-53.931601990740305,46.9982818880917],[-53.864287166900745,46.9461406566839]]}},{"type":"Feature","properties":{},"geometry":{"type":"LineString","coordinates":[[-52.67676327920828,47.56038349151841],[-52.67748844928258,47.56048784037988]]}},{"type":"Feature","properties":{},"geometry":{"type":"LineString","coordinates":[[-52.914342051509045,47.55501410328636],[-52.91509432013582,47.553395383712044]]}},{"type":"Feature","properties":{},"geometry":{"type":"LineString","coordinates":[[-52.68465404661765,47.56145459674481],[-52.86407882267709,47.53743596749161],[-52.88834760901294,47.57580866364176]]}},{"type":"Feature","properties":{},"geometry":{"type":"LineString","coordinates":[[-54.43638822502261,49.46820198597591],[-54.435673372653575,49.47353830903905]]}},{"type":"Feature","properties":{},"geometry":{"type":"LineString","coordinates":[[-54.95367796097323,47.774770633422925],[-54.32136909822775,48.81422650157965],[-54.31899110694381,48.854671407945474],[-54.21515804599582,48.939775766511914],[-54.315883864372296,49.3267820149814],[-54.4091265462463,49.32814711956671]]}},{"type":"Feature","properties":{},"geometry":{"type":"LineString","coordinates":[[-55.02233184070628,47.70319463953711],[-55.00923583180861,47.71920322356735]]}},{"type":"Feature","properties":{},"geometry":{"type":"LineString","coordinates":[[-55.06744538602955,47.651394213245595],[-55.05888550863833,47.65851137234659]]}},{"type":"Feature","properties":{},"geometry":{"type":"LineString","coordinates":[[-55.097361943042976,47.597889312298854],[-55.09867436578051,47.61126124610165]]}},{"type":"Feature","properties":{},"geometry":{"type":"LineString","coordinates":[[-56.798238021182705,49.599764694755706],[-56.84642699247663,49.51925353730664],[-56.99316300913623,48.96360741679863],[-57.240750696276045,48.58078349618188],[-57.52013933787577,47.84341513003965],[-56.77422772449083,47.65157357251118],[-56.765305876953,47.6253611033165]]}},{"type":"Feature","properties":{},"geometry":{"type":"LineString","coordinates":[[-56.748092743351236,47.602370544753],[-56.74600281160859,47.59908890696333]]}},{"type":"Feature","properties":{},"geometry":{"type":"LineString","coordinates":[[-64.4290243946419,60.377698597181826],[-64.49140759120897,60.37260555973637],[-64.5339845855754,60.3410616447661],[-64.52313170320485,60.320792755835996]]}},{"type":"Feature","properties":{},"geometry":{"type":"LineString","coordinates":[[-67.21924254161866,55.00003048355834],[-67.27279210665981,55.02421156508141],[-67.23397883833421,55.051227871897986],[-67.26310323496585,55.071902430048674],[-67.36843859239274,55.09130281144985],[-67.46875594875303,55.05726740192391],[-67.4224880834691,55.000060406665526]]}},{"type":"Feature","properties":{},"geometry":{"type":"LineString","coordinates":[[-66.25940477894682,54.99974965535835],[-66.4953379757085,55.205106902447135],[-66.51641656769588,55.19532212966052],[-66.61803494102126,55.27815132980875],[-66.65863745630455,55.255144789750894],[-66.70028803484482,55.312040107515635],[-66.8187414904113,55.35531398326972],[-66.79988869178472,55.32327537686016],[-66.82843769582954,55.326817192482416],[-66.82372582244676,55.306969764635475],[-66.67036329828588,55.17748502936733],[-66.75520153438748,55.21499427692976],[-66.74572936639665,55.15317764195189],[-66.78867299169335,55.11841379305135],[-66.69486279912113,55.069517366524494],[-66.75362656126437,55.09060185722041],[-66.7350376526636,55.044052676625725],[-66.62705751430316,54.98486015873292],[-66.76599037157192,55.0000169161208]]}},{"type":"Feature","properties":{},"geometry":{"type":"LineString","coordinates":[[-64.52132306130338,60.30197743416306],[-64.70741220570962,60.303297109922134],[-64.86225854709689,60.25846852162972],[-64.86394126676508,60.2281968031119],[-64.74556250617549,60.16862804621995],[-64.60247105314828,60.167014621731454],[-64.59371586446001,60.1170312731831],[-64.76729613701424,60.10835316746825],[-64.70798684742272,60.08460914464012],[-64.74271398675874,60.05613113030727],[-64.92364329453667,60.06146512289709],[-64.84022843760766,59.97031907699105],[-64.74709978056313,59.9744888279314],[-64.74742055907599,59.95472974199891],[-64.62679818796768,59.93029463008455],[-64.68377612305706,59.87719841618992],[-64.75616629327119,59.88603159283513],[-64.7665541083392,59.86967543589146],[-64.73694446300397,59.855568365608065],[-64.82522452920958,59.82560797866918],[-64.78847380192272,59.80327346275191],[-64.81398919506981,59.795152234081165],[-64.78998669481751,59.760304054159135],[-64.81020290220714,59.7296931325257],[-64.74943189720337,59.71723937393799],[-64.88950805434472,59.662155489378286],[-64.85980839001347,59.59153732609756],[-64.92705977174255,59.5931788827956],[-64.93943923730755,59.567046009438776],[-64.83962958358597,59.55334198755173],[-64.67983493043616,59.44690514338973],[-64.43376621240364,59.54197359771205],[-64.32406931040397,59.512774127207635],[-64.51159836477595,59.422979852796],[-64.46072548888301,59.41217710837179],[-64.52826810981624,59.39562821143326],[-64.53833896675965,59.370781933916966],[-64.4933027479181,59.349576142964054],[-64.54353627482666,59.31043505879188],[-64.48860346888323,59.257110069673374],[-64.5218474605645,59.19674112086026],[-64.47271469843058,59.18039119890753],[-64.49804875547527,59.10641597774719],[-64.37602788740963,59.092607559274455],[-64.26179115452035,59.012956565535006],[-64.46030109112068,58.98151425325786],[-64.49778082576502,59.01943269655809],[-64.52276076070295,59.00256016052954],[-64.67027521120043,59.0386144294276],[-64.68325693103246,59.07469538859799],[-64.7792388078874,59.07495744102865],[-64.86501590226442,59.01540497336984],[-64.83291357337286,58.95640768983249],[-64.8891114641901,58.93838215638633],[-64.82071351239638,58.91689271972895],[-64.73066993038796,58.95078403663066],[-64.65165020089916,58.94375204186461],[-64.55018251993715,58.8874554295823],[-64.45580099018433,58.90821667151356],[-64.28761262204462,58.89675313030332],[-64.23365670918139,58.86411334483363],[-64.22970456845555,58.78364847555952],[-64.17878497502835,58.78903959030891],[-64.1377928631645,58.74616687564575],[-64.08714795888716,58.75599745781863],[-64.04533757307294,58.81035037307231],[-63.862186034557645,58.83197721172964],[-63.7776833271987,58.88405875952144],[-63.70999684130296,58.88705319244031],[-63.55078507986681,58.83655011602852],[-63.46750407352281,58.7620470793718],[-63.62984524154098,58.7146430181527],[-63.909965176562004,58.710253500157215],[-63.95025377006229,58.68524732909727],[-64.0472221912672,58.70262847130843],[-64.10792673390017,58.639650687125986],[-64.10494346754031,58.56323000848711],[-64.03408168089204,58.523450416913356],[-63.8871291157946,58.5716544767112],[-63.849714389335944,58.54657988139961],[-63.85869189961419,58.504514407805374],[-63.807850050263156,58.48974610282804],[-63.881113275411415,58.42943966126322],[-63.98657855132784,58.44435791833348],[-64.03052977593771,58.36598379163267],[-64.15850712819103,58.3710337586583],[-64.21777697694948,58.24773219972256],[-64.42173251779371,58.18667366632168],[-64.43539487917887,58.0983753197493],[-64.41228320587713,58.061159167241485],[-64.26925771416148,58.06141235525185],[-64.21850764073469,58.036983293854405],[-64.23866798555609,58.02503234081372],[-64.22743864774996,57.98954348282524],[-64.07200128989287,57.77002034321916],[-64.02595187768333,57.764403575185554],[-64.02087951100123,57.80951741485421],[-63.91235557681409,57.801122540941684],[-63.88342166302806,57.71260734522003],[-63.847476419076095,57.71902289776939],[-63.80422508860825,57.68450788435287],[-63.75363048562316,57.720744369491236],[-63.74855105830566,57.674279574816154],[-63.692612040372545,57.6526969363841],[-63.66805570260367,57.72394229759383],[-63.59677043641741,57.74124765034624],[-63.59872732435432,57.66384048040914],[-63.62296620422313,57.64196917235083],[-63.745575065865864,57.57948868251353],[-63.771915905789854,57.59244977160089],[-63.76126085945322,57.43933166861183],[-63.71643963026524,57.43821014004449],[-63.70130115943806,57.36833358197836],[-63.855820776774344,57.334301216213106],[-63.88337348279683,57.27762095958778],[-63.88407487134144,57.1962558567534],[-63.84598684958879,57.204189626506775],[-63.80913637705291,57.26215970821094],[-63.737137403558265,57.221595581717864],[-63.770985000238575,57.19601831287933],[-63.76488551051108,57.1399256271668],[-63.81180978969168,57.07887881418908],[-63.890083399988065,57.08608305913646],[-63.89193477255109,57.01277354909308],[-63.85777401308017,56.99921241200003],[-63.91412947392159,56.97763062622639],[-63.918093967005795,56.904157586904404],[-63.86389062056264,56.896822904245454],[-63.85915624307966,56.86874002844976],[-64.00347867541713,56.86174373753671],[-64.0127595449976,56.77867686243651],[-64.07890733950768,56.76700317315091],[-64.1453143970477,56.69975484302962],[-64.09083627875177,56.653832974068855],[-64.0248580188637,56.653007985161366],[-64.05046139806635,56.60634805734797],[-63.93106298739603,56.53375755022306],[-63.930632407098706,56.46620704043638],[-63.88371695799173,56.46906425629974],[-63.87423019424654,56.4419604451341],[-63.99301597801828,56.408211268541514],[-64.15274016987563,56.44111211676666],[-64.17798487310182,56.4252435704704],[-64.11535587273556,56.402106283659336],[-64.12784392290554,56.36992821505681],[-64.09819240650917,56.333631753071565],[-64.14862923444714,56.30340677297401],[-64.08737718210759,56.256889260876484],[-63.934892766997045,56.27111929039202],[-63.862933320829015,56.21258908926151],[-64.03596331636598,56.154881042165385],[-64.00213330872654,56.102730308119234],[-64.03466693136221,56.07014457909236],[-63.856178766730665,56.137136179081395],[-63.83826689531689,56.12249882985526],[-63.88758056675956,56.09286141478118],[-63.811050638185286,56.08463486000169],[-63.83787376076458,56.04504493911534],[-63.7148421998688,56.07168492800888],[-63.636721292976624,56.023522707524414],[-63.44354512001466,56.029516404171254],[-63.491243156274685,56.00988379816492],[-63.47199130539618,55.9877767439451],[-63.56300993490632,56.00588594060536],[-63.72397677803937,55.930515430482544],[-63.854441670694854,55.91001243845762],[-63.82510995001719,55.90444695858376],[-63.84509869500575,55.87907340598541],[-63.752901969964576,55.846500740946745],[-63.78037725291461,55.81302670252918],[-63.76839884976245,55.789996163391464],[-63.666530471559774,55.787789765117125],[-63.674200580505385,55.75932511115727],[-63.72583740601763,55.73821709612632],[-63.698206829034085,55.73156240199481],[-63.72513866035347,55.72663791505072],[-63.70493308670167,55.67859995618358],[-63.76461577666449,55.651587948637534],[-63.643690095460805,55.64157943801782],[-63.687746419128736,55.62547894780836],[-63.66264618030105,55.5988875342176],[-63.69148271059618,55.508711307207875],[-63.7926828249782,55.46723860470571],[-63.66539705174082,55.4230505679444],[-63.31978689370691,55.411806346101],[-63.32484869471319,55.366046935465214],[-63.574406938663955,55.33960169421304],[-63.59828660750276,55.325687736087865],[-63.522555521538976,55.30986953069819],[-63.67947505774647,55.26688687947331],[-63.54741047274417,55.22546900369284],[-63.402562351713364,55.25776388255895],[-63.45261140663762,55.201944599119535],[-63.56291835571805,55.18761637925717],[-63.52392380679564,55.16814465999837],[-63.602296465067,55.128733278068495],[-63.58540810260039,55.103550813696984],[-63.61605516132441,55.06894568253406],[-63.556391999555025,55.03444391274726],[-63.60612983873003,55.00839172081428],[-63.558750202153874,55.00005077961093]]}},{"type":"Feature","properties":{},"geometry":{"type":"LineString","coordinates":[[-63.04490194513005,46.42178318182432],[-62.992160670874874,46.386072538112316],[-63.03854832425654,46.381681508358994],[-62.989505492541504,46.316401339193334]]}},{"type":"Feature","properties":{},"geometry":{"type":"LineString","coordinates":[[-63.19265033313126,46.27111269083835],[-63.19155898993546,46.27069464646611]]}},{"type":"Feature","properties":{},"geometry":{"type":"LineString","coordinates":[[-63.08527388164366,46.27786767924889],[-63.11260190470961,46.30579295794645],[-63.14212632923832,46.28417293520419],[-63.181488304511106,46.30315629984566],[-63.194858587163814,46.27096887157056]]}},{"type":"Feature","properties":{},"geometry":{"type":"LineString","coordinates":[[-63.7238853798743,46.295282150986374],[-63.68873360664563,46.31825160361124],[-63.712998005170746,46.361977492788306],[-63.69577150566514,46.39651731277759],[-63.75024228443216,46.4464373059064]]}},{"type":"Feature","properties":{},"geometry":{"type":"LineString","coordinates":[[-65.78039540507676,43.59550077416384],[-65.61077162772209,43.63988778021674],[-65.64874906499705,43.747151230774286],[-65.39817815496097,44.229277533807554],[-65.3316263365115,44.31157764994225],[-65.15204547634319,44.460610147692655],[-65.06151124001269,44.45484227753223],[-64.69174218607814,44.72295647260152]]}},{"type":"Feature","properties":{},"geometry":{"type":"LineString","coordinates":[[-64.69174218607814,44.72295647260152],[-64.68250868423412,44.890134604139],[-64.80752968614726,45.01473139711935],[-64.791755395345,45.07408711191818],[-64.84239166811824,45.146916812280836]]}},{"type":"Feature","properties":{},"geometry":{"type":"LineString","coordinates":[[-60.31078418982214,46.23292276531658],[-60.280729503470376,46.32022151816338]]}},{"type":"Feature","properties":{},"geometry":{"type":"LineString","coordinates":[[-59.88218297057737,46.111606494227395],[-60.12193623229366,46.12473877675549],[-60.27460139787468,45.994775207190415],[-60.333340382585554,46.053510802842936],[-60.23360943443511,46.10680927045151],[-60.30739728604695,46.147071200264975],[-60.320696604355234,46.20764865699468]]}},{"type":"Feature","properties":{},"geometry":{"type":"LineString","coordinates":[[-62.234861911198365,45.72130667960701],[-62.091438671161114,45.38366022014007],[-61.94382363123999,45.39976923252216],[-61.911705408009944,45.37365150271217],[-61.906064811380844,45.30185369585347],[-61.9875808229596,45.305868195373264],[-62.012965724990245,45.26405722620756],[-61.640456005593094,45.12089628498216]]}},{"type":"Feature","properties":{},"geometry":{"type":"LineString","coordinates":[[-63.41485160514927,44.655762070723725],[-63.41341286715421,44.65440455192325]]}},{"type":"Feature","properties":{},"geometry":{"type":"LineString","coordinates":[[-63.480888298963876,44.70095283690936],[-63.45254549470984,44.66958043358378]]}},{"type":"Feature","properties":{},"geometry":{"type":"LineString","coordinates":[[-63.54126973483385,44.936896532081136],[-63.52699449275007,44.89405649866619],[-63.570151028932194,44.84627306807698],[-63.570821355260534,44.80511071836981],[-63.43118372569533,44.808709820984305],[-63.393596901831096,44.713031786846734],[-63.480888298963876,44.70095283690936]]}},{"type":"Feature","properties":{},"geometry":{"type":"LineString","coordinates":[[-63.39146520380693,45.054793034979035],[-63.42118199038567,45.0579783006092],[-63.433067387246744,45.00142769605631],[-63.54126973483385,44.936896532081136]]}},{"type":"Feature","properties":{},"geometry":{"type":"LineString","coordinates":[[-63.153492273686695,45.75112998205507],[-63.00849906738112,45.486083430395674],[-62.71410969835637,45.27587224281654],[-63.33668889737703,45.0354226910104],[-63.39458778615027,45.031027994184036],[-63.39146520380693,45.054793034979035]]}},{"type":"Feature","properties":{},"geometry":{"type":"LineString","coordinates":[[-63.47863134854436,45.29981598352004],[-63.395032989021324,45.19744833631086],[-63.38234931625964,45.139051438541614],[-63.41065427049924,45.090390612761034],[-63.39146520380693,45.054793034979035]]}},{"type":"Feature","properties":{},"geometry":{"type":"LineString","coordinates":[[-64.04317800117548,45.992424293534796],[-64.15914514354331,45.975307695792885],[-64.27480096772379,45.83866557225885]]}},{"type":"Feature","properties":{},"geometry":{"type":"LineString","coordinates":[[-63.480888298963876,44.70095283690936],[-63.537784483058736,44.71826620791822],[-63.60078149107986,44.687384083247366]]}},{"type":"Feature","properties":{},"geometry":{"type":"LineString","coordinates":[[-63.90808014062598,44.66245016725126],[-63.90978374300296,44.661285615126594]]}},{"type":"Feature","properties":{},"geometry":{"type":"LineString","coordinates":[[-63.847550955355935,44.725140093636035],[-63.888692136975266,44.69449098758497]]}},{"type":"Feature","properties":{},"geometry":{"type":"LineString","coordinates":[[-63.65197030289775,44.694324271095226],[-63.684072287913125,44.69258150211403],[-63.69580479094683,44.726440584174824],[-63.847550955355935,44.725140093636035]]}},{"type":"Feature","properties":{},"geometry":{"type":"LineString","coordinates":[[-63.91090930259737,44.66051620271275],[-63.9146655952235,44.65794846823566]]}},{"type":"Feature","properties":{},"geometry":{"type":"LineString","coordinates":[[-63.866038557851866,44.79628601289151],[-63.84450300966655,44.78948335167674],[-63.755787695658526,44.893663756108936],[-63.67882507199784,44.93032721188333],[-63.54126973483385,44.936896532081136]]}},{"type":"Feature","properties":{},"geometry":{"type":"LineString","coordinates":[[-64.69174218607814,44.72295647260152],[-64.43221014168215,44.8993114142652],[-64.23714713532559,44.7608645069709],[-63.866038557851866,44.79628601289151]]}},{"type":"Feature","properties":{},"geometry":{"type":"LineString","coordinates":[[-63.866038557851866,44.79628601289151],[-63.847550955355935,44.725140093636035]]}},{"type":"Feature","properties":{},"geometry":{"type":"LineString","coordinates":[[-66.21716123279462,47.550645113196595],[-65.81588401009049,47.23253277870674],[-65.0412723997794,47.41251001837242],[-65.01118589454127,47.3592668737023],[-64.94959393439021,47.359647354280426]]}},{"type":"Feature","properties":{},"geometry":{"type":"LineString","coordinates":[[-65.90604726315019,47.919590147692226],[-66.04732021095094,47.92756457015983],[-66.09575702661154,47.86005658305005],[-66.10017542083332,47.800775019614775],[-66.15774790975928,47.77398480803694],[-66.1665063782515,47.72014073339623],[-66.10183589055792,47.68451299682283],[-66.00407032622738,47.71121563078055],[-66.10770821526395,47.57728173746192],[-66.21716123279462,47.550645113196595]]}},{"type":"Feature","properties":{},"geometry":{"type":"LineString","coordinates":[[-65.78800416179132,47.891396916931996],[-65.89600186820674,47.91892279626749]]}},{"type":"Feature","properties":{},"geometry":{"type":"LineString","coordinates":[[-64.91006857937269,47.38028009991424],[-64.90304812929821,47.38000858099285]]}},{"type":"Feature","properties":{},"geometry":{"type":"LineString","coordinates":[[-64.90480955790181,46.13326801978184],[-64.74510112609838,46.17572132480658],[-64.72658830290032,46.1385860388564],[-64.68657652705045,46.14480071672025],[-64.72426298944477,46.09897299351483],[-64.71563827018487,46.07110063471131]]}},{"type":"Feature","properties":{},"geometry":{"type":"LineString","coordinates":[[-65.07357351704682,46.26445716086111],[-64.90480955790181,46.13326801978184]]}},{"type":"Feature","properties":{},"geometry":{"type":"LineString","coordinates":[[-64.88203011996465,46.80763574605755],[-65.0520470277416,46.77495688134344],[-65.38619718163255,46.61012013952012],[-64.96725775214868,46.61132543014376],[-64.94693240050167,46.582957770304425],[-64.91611499518731,46.59945310259116],[-64.85991434079018,46.511349193366485],[-65.14337267899018,46.34774328723451],[-65.07357351704682,46.26445716086111]]}},{"type":"Feature","properties":{},"geometry":{"type":"LineString","coordinates":[[-64.60470178725517,45.89364773718508],[-64.57647760029953,45.8684807851323]]}},{"type":"Feature","properties":{},"geometry":{"type":"LineString","coordinates":[[-64.64440659876243,45.94818104969098],[-64.62974734858385,45.93718627623706]]}},{"type":"Feature","properties":{},"geometry":{"type":"LineString","coordinates":[[-64.67862563220957,45.97778096059054],[-64.6615569432416,45.96092471356384]]}},{"type":"Feature","properties":{},"geometry":{"type":"LineString","coordinates":[[-64.70294091244976,46.040502991379306],[-64.6982491689296,46.02994885168472]]}},{"type":"Feature","properties":{},"geometry":{"type":"LineString","coordinates":[[-64.73228336298996,46.06479711314879],[-64.72380713280995,46.05895470419737]]}},{"type":"Feature","properties":{},"geometry":{"type":"LineString","coordinates":[[-66.4538331714165,45.86350555986489],[-66.5818961404809,45.913191128499285],[-66.53400965821842,45.968898355827285]]}},{"type":"Feature","properties":{},"geometry":{"type":"LineString","coordinates":[[-66.7197109252192,45.891779042065075],[-66.66408841037824,45.85409828791983],[-66.64069182863122,45.88339335448245],[-66.52068907494217,45.8424194737194],[-66.53743505635626,45.818597849722295],[-66.50284727566387,45.81075281947818],[-66.42894424968362,45.82847550490872],[-66.42892731123555,45.85831330639246],[-66.4538331714165,45.86350555986489]]}},{"type":"Feature","properties":{},"geometry":{"type":"LineString","coordinates":[[-66.53400965821842,45.968898355827285],[-66.58907238276859,46.027434794673134],[-66.65333555130458,46.05050645404834],[-66.69531889830115,46.022314820779556],[-66.6960002391651,45.99153259200091],[-66.75989762471633,46.02377306815126],[-66.78668558841082,45.99291077019038],[-66.67344830276234,45.971401053842435],[-66.78339120503992,45.97128531040469],[-66.70523023566375,45.950238397539025],[-66.73929100548533,45.93409200200776],[-66.69851030008438,45.91636778062614],[-66.7197109252192,45.891779042065075]]}},{"type":"Feature","properties":{},"geometry":{"type":"LineString","coordinates":[[-64.75174093187518,46.08941249187267],[-64.8975661282449,46.049209540405585],[-64.92319320829789,46.100867541267704],[-64.90480955790181,46.13326801978184]]}},{"type":"Feature","properties":{},"geometry":{"type":"LineString","coordinates":[[-65.99928359716158,45.44210554211993],[-65.90294313201797,45.50085598352054],[-65.90772590418503,45.44548426471035],[-65.87155864073875,45.414666417933454],[-65.91585006201845,45.37309055469854],[-65.83883175626826,45.33414635402994],[-65.87886260085607,45.3179124004602],[-65.89500229280634,45.27017628889983],[-65.85459707632299,45.232096643553284]]}},{"type":"Feature","properties":{},"geometry":{"type":"LineString","coordinates":[[-65.74907498880727,46.051932811304106],[-65.66913549753657,45.87098727186968],[-65.52207578336758,45.97358676870489],[-65.47758149509545,45.87083464535859],[-65.3837888780796,45.82755110190629],[-65.46121735316311,45.76901680440504],[-65.45133645766089,45.74082426534335],[-65.51736737024784,45.74350981497314],[-65.66729881201442,45.65615395564713],[-65.68766519606879,45.70209170204867],[-65.76412772031219,45.680510491334815],[-65.88773394830305,45.5660821370534],[-65.91749368012773,45.60145193908494],[-66.0229842533692,45.55200485336781],[-66.22973002682485,45.357870853797415],[-66.19573504353254,45.33474692640828]]}},{"type":"Feature","properties":{},"geometry":{"type":"LineString","coordinates":[[-65.07357351704682,46.26445716086111],[-65.49146739730035,46.27012971850043],[-65.74907498880727,46.051932811304106]]}},{"type":"Feature","properties":{},"geometry":{"type":"LineString","coordinates":[[-66.12671617992405,45.31787272346481],[-66.05733880056891,45.33808018390554],[-66.02766995557677,45.37565987820999]]}},{"type":"Feature","properties":{},"geometry":{"type":"LineString","coordinates":[[-68.38262282125922,47.88004844816757],[-68.38354933490592,47.553092290918],[-68.56810700723098,47.42714624076322],[-69.05096114557132,47.30009781333613]]}},{"type":"Feature","properties":{},"geometry":{"type":"LineString","coordinates":[[-67.59650263975225,47.99806427114396],[-68.1226050283153,47.99989242004439],[-68.12279292973666,47.91644219576074],[-68.38233418321134,47.9161169455365],[-68.38262282125922,47.88004844816757]]}},{"type":"Feature","properties":{},"geometry":{"type":"LineString","coordinates":[[-67.04823948800372,47.362727609921706],[-66.94361092713126,47.384189782252605],[-66.92774854682276,47.3500350036286],[-66.69110205268218,47.34920420204438],[-66.69260079796568,47.31415454713811],[-66.66735171304941,47.30166590785771],[-66.63706047771632,47.313481065364705],[-66.65535074373496,47.324265372077456],[-66.63450020352832,47.35225168726592],[-66.55630147369752,47.335959718650514],[-66.53366545281708,47.36271942829329],[-66.54969851790408,47.37826573543389],[-66.51130113360855,47.403722163837834],[-66.56418516838455,47.38886347408582],[-66.56653030596964,47.42129726324584],[-66.62305090427218,47.439743972257254],[-66.66701260755765,47.43607650298477],[-66.69043168785322,47.403516704884986],[-66.8056937451805,47.415499564471425],[-66.21716123279462,47.550645113196595]]}},{"type":"Feature","properties":{},"geometry":{"type":"LineString","coordinates":[[-67.78979292863905,46.92451947315317],[-67.70832599915923,46.923118987645594],[-67.62629688995256,46.99587860132113],[-67.51170297768674,47.12517886503692],[-67.57395177283871,47.1535754844928],[-67.29440573438082,47.440678332564616],[-67.04823948800372,47.362727609921706]]}},{"type":"Feature","properties":{},"geometry":{"type":"LineString","coordinates":[[-66.4538331714165,45.86350555986489],[-66.30309326052767,45.88981361746081],[-66.1817720861,45.83290789582498],[-66.09234429480276,45.885168964865635],[-65.96616934100598,45.874460952794735],[-65.74907498880727,46.051932811304106]]}},{"type":"Feature","properties":{},"geometry":{"type":"LineString","coordinates":[[-67.04823948800372,47.362727609921706],[-66.68408459405127,46.83640562515967],[-66.49826635873345,46.520866208440914],[-66.59778558095444,46.59617210698948],[-66.82201481538635,46.574549907404226],[-66.90652378750777,46.52892332883159],[-66.85560488786464,46.416484006031695],[-66.74519768775575,46.457997996752404],[-66.63284160864191,46.412027255639444],[-66.56445514458963,46.42692416766306],[-66.51785045438218,46.388656860266984],[-66.57894594392371,46.38310162499792],[-66.59816929580924,46.34879006691955],[-66.56931302518146,46.340369289018646],[-66.58421689268621,46.31538886938154],[-66.50983720890281,46.29401603604231],[-66.20096874113683,46.35464922412263],[-66.53400965821842,45.968898355827285]]}},{"type":"Feature","properties":{},"geometry":{"type":"LineString","coordinates":[[-66.11184952157554,45.27776439658437],[-66.06698228993913,45.26844463244539]]}},{"type":"Feature","properties":{},"geometry":{"type":"LineString","coordinates":[[-66.7197109252192,45.891779042065075],[-67.05685823229341,45.5034508075565],[-67.29577456524645,45.505717335440565],[-67.21212954088585,45.60110821404652],[-67.33369916324718,45.88517019727785],[-67.57364692243672,45.598905741336246]]}},{"type":"Feature","properties":{},"geometry":{"type":"LineString","coordinates":[[-77.75482563638738,62.47237701525706],[-77.7945134564795,62.46395211579481]]}},{"type":"Feature","properties":{},"geometry":{"type":"LineString","coordinates":[[-77.45855254960188,62.59273099992842],[-77.47470635585435,62.59297652381267]]}},{"type":"Feature","properties":{},"geometry":{"type":"LineString","coordinates":[[-75.49070219248519,62.29661036645457],[-75.50087137291585,62.29133476880375]]}},{"type":"Feature","properties":{},"geometry":{"type":"LineString","coordinates":[[-74.2651787491747,62.3262399511544],[-74.28112576034633,62.31949937182447]]}},{"type":"Feature","properties":{},"geometry":{"type":"LineString","coordinates":[[-73.93557364660646,62.42054290364695],[-73.95214532390806,62.40967937450048]]}},{"type":"Feature","properties":{},"geometry":{"type":"LineString","coordinates":[[-73.86757504465355,62.465066899598824],[-73.87455766720066,62.460499314994124]]}},{"type":"Feature","properties":{},"geometry":{"type":"LineString","coordinates":[[-72.50909454921974,61.9264105239954],[-72.52826564421493,61.92847686943986]]}},{"type":"Feature","properties":{},"geometry":{"type":"LineString","coordinates":[[-72.47289379176848,61.92012376526989],[-72.47371381618322,61.92034138517422]]}},{"type":"Feature","properties":{},"geometry":{"type":"LineString","coordinates":[[-72.4687611238745,61.919027028666],[-72.47179990646738,61.919833467554]]}},{"type":"Feature","properties":{},"geometry":{"type":"LineString","coordinates":[[-72.45663869459027,61.91580995140136],[-72.46484574348433,61.9179879563035]]}},{"type":"Feature","properties":{},"geometry":{"type":"LineString","coordinates":[[-72.37511699580857,61.89417554153376],[-72.45046005782802,61.914170251025446]]}},{"type":"Feature","properties":{},"geometry":{"type":"LineString","coordinates":[[-72.31914925038042,61.88692808327255],[-72.33280591473716,61.887814474761804]]}},{"type":"Feature","properties":{},"geometry":{"type":"LineString","coordinates":[[-72.25701291599091,61.882895098603846],[-72.25721145365296,61.88290798477351]]}},{"type":"Feature","properties":{},"geometry":{"type":"LineString","coordinates":[[-72.24151958322025,61.881889497386055],[-72.24321003179924,61.88199921665529]]}},{"type":"Feature","properties":{},"geometry":{"type":"LineString","coordinates":[[-72.23635550136807,61.881554320502154],[-72.2373147296371,61.881616579612555]]}},{"type":"Feature","properties":{},"geometry":{"type":"LineString","coordinates":[[-72.23106263550729,61.88061870511105],[-72.2359520286089,61.88152813293464]]}},{"type":"Feature","properties":{},"geometry":{"type":"LineString","coordinates":[[-72.22149511489935,61.87552760822144],[-72.23053992521002,61.88034055898755]]}},{"type":"Feature","properties":{},"geometry":{"type":"LineString","coordinates":[[-72.20333448608355,61.86586392160228],[-72.2077820400496,61.86823056695281]]}},{"type":"Feature","properties":{},"geometry":{"type":"LineString","coordinates":[[-72.18894279841297,61.83713850348397],[-72.19029215829724,61.83956146367853]]}},{"type":"Feature","properties":{},"geometry":{"type":"LineString","coordinates":[[-72.18700110599991,61.780590003498546],[-72.18700110599991,61.7854167688409]]}},{"type":"Feature","properties":{},"geometry":{"type":"LineString","coordinates":[[-72.224132542028,61.757231650214834],[-72.22424166027147,61.75902300895774]]}},{"type":"Feature","properties":{},"geometry":{"type":"LineString","coordinates":[[-72.15630930479755,61.753160504350035],[-72.1673100372338,61.745668235814726]]}},{"type":"Feature","properties":{},"geometry":{"type":"LineString","coordinates":[[-72.14526431179186,61.75710407564539],[-72.15284696802644,61.75551859795872]]}},{"type":"Feature","properties":{},"geometry":{"type":"LineString","coordinates":[[-72.07564585102193,61.74459694948944],[-72.09272094331473,61.748037261536396]]}},{"type":"Feature","properties":{},"geometry":{"type":"LineString","coordinates":[[-71.21366794070696,61.16630158108908],[-71.21544786400574,61.16725133935207]]}},{"type":"Feature","properties":{},"geometry":{"type":"LineString","coordinates":[[-70.42407345877737,61.08794713816893],[-70.42552649599992,61.08744452136935]]}},{"type":"Feature","properties":{},"geometry":{"type":"LineString","coordinates":[[-70.10880392581949,60.989825703189844],[-70.14561995915292,61.01103256104114]]}},{"type":"Feature","properties":{},"geometry":{"type":"LineString","coordinates":[[-69.8658712739307,60.8383154890879],[-69.90100573000893,60.81685926691629]]}},{"type":"Feature","properties":{},"geometry":{"type":"LineString","coordinates":[[-69.81212697541571,60.907222931595285],[-69.87171025489825,60.85041266040484]]}},{"type":"Feature","properties":{},"geometry":{"type":"LineString","coordinates":[[-69.57989924840442,61.08766591157593],[-69.58632546220522,61.08790139879162]]}},{"type":"Feature","properties":{},"geometry":{"type":"LineString","coordinates":[[-66.59010295218069,58.67487139679483],[-66.59807804270426,58.66474517759359]]}},{"type":"Feature","properties":{},"geometry":{"type":"LineString","coordinates":[[-64.94996180879443,60.19360389417094],[-64.95173648929125,60.19307277700535]]}},{"type":"Feature","properties":{},"geometry":{"type":"LineString","coordinates":[[-64.86046301999994,60.356153242429684],[-64.85975965422521,60.354646586738184]]}},{"type":"Feature","properties":{},"geometry":{"type":"LineString","coordinates":[[-64.62694617581809,60.34644811911806],[-64.64470526158445,60.34790670430647]]}},{"type":"Feature","properties":{},"geometry":{"type":"LineString","coordinates":[[-72.07761441376257,51.14227195179938],[-72.01757411063605,51.13675381837073],[-72.03970653911736,51.16195520811992],[-71.99638727959523,51.17814891661023],[-71.98931130448422,51.229541299234604],[-71.93700398020583,51.27148838854998],[-71.87351377219672,51.27813108247234],[-71.87470172049433,51.3362346591278],[-71.8291195586852,51.37711398052769],[-71.8169954615197,51.35346758503527],[-71.74906895044873,51.35046651616276],[-71.68646128998216,51.40778938323859],[-71.66544468371539,51.47722282981966],[-71.58349952711447,51.50044527798537],[-71.58111225466487,51.58684925243246],[-71.60956911075867,51.60650775315036],[-71.6131807390425,51.65908121215839],[-71.57111896571662,51.813828376595126],[-71.37797663049759,51.85446974737876],[-71.31511829229653,51.966866757405505],[-71.20992244839618,52.025804160558884],[-71.2684768417322,52.046197972440126],[-71.14038844030499,52.16998206910088],[-71.08374306776665,52.18948663563937],[-71.08117166618155,52.21298582379638],[-70.92075778903781,52.243711322974896],[-70.8820385788253,52.27982343291015],[-70.80965087646197,52.27269505523508],[-70.82445630766811,52.24614591331022],[-70.79905304729978,52.23393393827633],[-70.56200387595483,52.31655590229374],[-70.48569609237184,52.30421037329079],[-70.29183464580318,52.34852205157107],[-70.23171577874233,52.41752898433737],[-70.28144666474847,52.42564856807009],[-70.15841246248407,52.55425045357752],[-70.17528472774016,52.59441927659265],[-70.05295272540533,52.6537033788771],[-70.023917157328,52.69636036265259]]}},{"type":"Feature","properties":{},"geometry":{"type":"LineString","coordinates":[[-74.4438903054902,48.92928155687721],[-74.33055596167907,48.9317228073273],[-74.26925486437047,49.134244806945965],[-74.24361819715993,49.13983589399869],[-74.24323551012051,49.28713352714077],[-74.31397737325284,49.260795261976284],[-74.37506985092453,49.31896849291888],[-74.4303309522892,49.3256025122991],[-74.39908833221489,49.36637172778241],[-74.41179046861738,49.421547014804354],[-74.37731623981222,49.44616982205208],[-74.39186086674106,49.471869244137466],[-74.26032451266775,49.51198222862376],[-74.17733251958111,49.67668906626737],[-74.129834130617,49.6868351942042],[-74.07184711660159,49.784862117097575],[-74.00485195460813,49.80595367769852],[-73.92251229037373,49.8818395326175],[-73.85483263957141,50.0128726670052],[-73.82180947146641,50.015737627163496],[-73.78556548211131,50.074264755232704],[-73.77206265882933,50.216342933615806],[-73.74527339442788,50.235707311076254],[-73.68552652862962,50.21158496564964],[-73.61906120390519,50.310233394652414],[-73.58803784808846,50.41936393814854],[-73.57775736073688,50.35380913507586],[-73.4889147774359,50.406359321253014],[-73.46086809728874,50.37420976055751],[-73.44694518112765,50.42859242434849],[-73.25341480871218,50.68186173375848],[-73.18775682074747,50.70056993604965],[-73.1455126050054,50.749793906896734],[-73.07728791431673,50.72813458426805],[-73.08343796246093,50.69068335620294],[-73.03783015741189,50.69985096323319],[-73.05113538155666,50.65411025493858],[-72.93683906161486,50.71290408601031],[-72.93804670154665,50.759521527511694],[-72.87211273822157,50.8071525646147],[-72.75365111593797,50.822758123410864],[-72.72531060562378,50.798092429257586],[-72.73107039503749,50.763905433367725],[-72.6526074221248,50.756994435458836],[-72.56543159328433,50.89247849627595],[-72.54063792142118,50.80763380740958],[-72.57246972897006,50.74406155504496],[-72.4283385187419,50.786538895303885],[-72.3737509208252,50.885868888294745],[-72.26634632059374,50.9499013176165],[-72.22141042332764,51.02599693293411],[-72.1941272442636,51.02835541586225],[-72.19442386892935,50.98915331591884],[-72.15508496191993,50.98027561033375],[-72.14320430124852,51.06876405687429],[-72.07761441376257,51.14227195179938]]}},{"type":"Feature","properties":{},"geometry":{"type":"LineString","coordinates":[[-75.52045724342805,47.8463321427534],[-75.52506216655985,49.00002915307655],[-74.67628161310272,49.000067201484825],[-74.58388369912734,48.96311294485459],[-74.51135620480893,49.00001402187561],[-74.49310354218426,48.9711907828582],[-74.42976960921139,48.9573282351734],[-74.4438903054902,48.92928155687721]]}},{"type":"Feature","properties":{},"geometry":{"type":"LineString","coordinates":[[-77.93121710396359,47.26968759862866],[-77.43169474487833,47.28913107987283],[-77.43337320407372,47.144833614784275],[-77.00371361301559,47.14546061934302],[-77.00294301137237,47.28918863574569],[-76.57521350510454,47.288011198346474],[-76.57344931657533,47.60082675476461],[-76.4242266737218,47.51295282472097],[-76.41619720716209,47.6031030050968],[-76.42315058503428,47.60765771448376],[-76.4454723856081,47.60115079524365],[-76.4531421935611,47.605570697910295],[-76.46192348213928,47.601481299346055],[-76.48281659944027,47.60286249004542],[-76.48422709616274,47.60049700078225],[-76.4922203177577,47.597889295855964],[-76.49352329768851,47.59987720897823],[-76.3991778061042,47.65611530813862],[-76.30717108451587,47.666404806914166],[-76.2279548139043,47.73033350175266],[-76.01580551544367,47.72374280432385],[-75.93555688178064,47.80002170210711],[-75.85513368854363,47.8033939947426],[-75.86219858269966,47.779331033097215],[-75.83182487317359,47.766987009509315],[-75.8489393731515,47.7080068596531],[-75.78864381712991,47.67295922869686],[-75.76776796461438,47.820516597017544],[-75.7248817426479,47.84794944906242],[-75.52045724342805,47.8463321427534]]}},{"type":"Feature","properties":{},"geometry":{"type":"LineString","coordinates":[[-79.51805788248967,49.008060579912446],[-77.05946174277838,49.00010638068611],[-77.14188702915096,48.86375542521384],[-77.11083215984694,48.8385983904097],[-77.12603287777392,48.802396069706845],[-77.08406639042808,48.726306402212764],[-77.12755184218928,48.58451981892507],[-77.34414769417907,48.57483403776686],[-77.34426127718568,48.50363003052418],[-77.561042139372,48.50340616927081],[-77.5605612643117,48.28796943732657],[-78.07446987198306,48.287400659472524],[-78.11209681492191,48.25787387254676],[-78.22364895713466,48.25853253358787],[-78.22375787359361,48.29784726326533],[-78.27205448291964,48.2983100779338],[-78.29841810813079,48.34305968900241],[-78.30540406983656,47.99578406410899],[-78.22015945669071,47.995468761689125],[-78.22134764367527,47.70332190129971],[-77.42161989110174,47.702765841265844],[-77.4724406096734,47.63320250848142],[-77.4428414876462,47.63897260228058],[-77.46619351686907,47.60761900398396],[-77.42410138651445,47.58456921077018],[-77.47003520542134,47.606777010005],[-77.50402128823737,47.551253498966965],[-77.44061389977723,47.5414825066382],[-77.47211980574653,47.52397569156965],[-77.42761127976573,47.489667310229194],[-77.49302090288207,47.51684320971004],[-77.49802490140794,47.49713588829902],[-77.4713510989501,47.49455840541248],[-77.46681738889755,47.48980210559322],[-77.46834218650655,47.48250299752347],[-77.51405225901254,47.50008100370397],[-77.50995969941268,47.469550294266],[-77.55329159359326,47.480368800348394],[-77.5623062948424,47.45099639965246],[-77.6093198903274,47.43715678931949],[-77.60137834356108,47.403698097058765],[-77.66248178450259,47.43397640677661],[-77.76245980048984,47.424687993660044],[-77.8193486008723,47.333820799642005],[-77.82218720111746,47.337278496676866],[-77.82265641701579,47.33434040662814],[-77.82948329341586,47.33798568853066],[-77.83303461156856,47.335542591000156],[-77.83523591540296,47.337828804406186],[-77.84328470944803,47.33637639835891],[-77.81819169363628,47.325620996460245],[-77.84216971103214,47.30333909580068],[-77.85678540539908,47.32874199229538],[-77.85619390969174,47.30718609473493],[-77.93121710396359,47.26968759862866]]}},{"type":"Feature","properties":{},"geometry":{"type":"LineString","coordinates":[[-79.5179137483666,50.94033253790158],[-79.51805788248967,49.008060579912446]]}},{"type":"Feature","properties":{},"geometry":{"type":"LineString","coordinates":[[-79.520515358245,51.4668321936137],[-79.51801751388227,50.96162930797313]]}},{"type":"Feature","properties":{},"geometry":{"type":"LineString","coordinates":[[-78.80501874061505,51.96314956570501],[-78.86250106528085,51.9543150645023]]}},{"type":"Feature","properties":{},"geometry":{"type":"LineString","coordinates":[[-78.74474615893496,52.57749671330819],[-78.75729921593445,52.5693850061865]]}},{"type":"Feature","properties":{},"geometry":{"type":"LineString","coordinates":[[-78.72961381986492,52.58485966076397],[-78.74340242762177,52.578022877546736]]}},{"type":"Feature","properties":{},"geometry":{"type":"LineString","coordinates":[[-78.76650954931166,52.678618396268455],[-78.72842117220706,52.66601815810217],[-78.78058597837544,52.65627104409464]]}},{"type":"Feature","properties":{},"geometry":{"type":"LineString","coordinates":[[-78.79134653520983,52.710045782431095],[-78.81973222599993,52.70482503796924]]}},{"type":"Feature","properties":{},"geometry":{"type":"LineString","coordinates":[[-78.84080368372749,52.778025183165745],[-78.84905536278703,52.763723107927355]]}},{"type":"Feature","properties":{},"geometry":{"type":"LineString","coordinates":[[-78.77366673853857,52.782633480668736],[-78.79156798681306,52.78260361214396]]}},{"type":"Feature","properties":{},"geometry":{"type":"LineString","coordinates":[[-78.88193557003393,52.93619946820905],[-78.89982129568506,52.92589816776914]]}},{"type":"Feature","properties":{},"geometry":{"type":"LineString","coordinates":[[-78.84310520661357,52.96253812381334],[-78.8692129566197,52.94662882399169]]}},{"type":"Feature","properties":{},"geometry":{"type":"LineString","coordinates":[[-78.90867535079245,53.226912041570564],[-78.92424464826509,53.222871515150864]]}},{"type":"Feature","properties":{},"geometry":{"type":"LineString","coordinates":[[-79.03367599130101,53.535064562488074],[-79.09754967967304,53.52029765988267]]}},{"type":"Feature","properties":{},"geometry":{"type":"LineString","coordinates":[[-79.05091947784095,53.62709254331353],[-79.05659444318493,53.61983171124988]]}},{"type":"Feature","properties":{},"geometry":{"type":"LineString","coordinates":[[-79.0895907997129,53.721338595742566],[-79.15359056518396,53.7107762728327]]}},{"type":"Feature","properties":{},"geometry":{"type":"LineString","coordinates":[[-79.04729924014785,53.78801913440065],[-79.05910055085208,53.76536958695142]]}},{"type":"Feature","properties":{},"geometry":{"type":"LineString","coordinates":[[-79.06570472456555,53.80661621511011],[-79.06776154169604,53.79933525170475]]}},{"type":"Feature","properties":{},"geometry":{"type":"LineString","coordinates":[[-79.04748487430447,53.81344865912459],[-79.06129669870116,53.80826922484956]]}},{"type":"Feature","properties":{},"geometry":{"type":"LineString","coordinates":[[-79.06369566365719,53.86529551891708],[-79.06377707961578,53.86504212315857]]}},{"type":"Feature","properties":{},"geometry":{"type":"LineString","coordinates":[[-79.05956437598611,53.878153572684305],[-79.06109162865332,53.87340021284239]]}},{"type":"Feature","properties":{},"geometry":{"type":"LineString","coordinates":[[-79.00970473668607,53.91275869414578],[-78.98517410474224,53.89992069105879],[-79.07225829627063,53.896786316015515]]}},{"type":"Feature","properties":{},"geometry":{"type":"LineString","coordinates":[[-79.05388973049826,53.94149837443192],[-79.04923798939349,53.9406861656916]]}},{"type":"Feature","properties":{},"geometry":{"type":"LineString","coordinates":[[-79.08197402134836,53.946401980625915],[-79.06771415248313,53.9439121623262]]}},{"type":"Feature","properties":{},"geometry":{"type":"LineString","coordinates":[[-79.09231516670847,53.94820757738147],[-79.0899636188372,53.947796989670046]]}},{"type":"Feature","properties":{},"geometry":{"type":"LineString","coordinates":[[-79.0986351093468,53.94931105939682],[-79.09490439939279,53.94865966561457]]}},{"type":"Feature","properties":{},"geometry":{"type":"LineString","coordinates":[[-79.09100106468671,53.95217577504795],[-79.10452903947557,53.95118732954149]]}},{"type":"Feature","properties":{},"geometry":{"type":"LineString","coordinates":[[-79.03408507170786,53.95404099193211],[-79.0346045739116,53.95361156969418]]}},{"type":"Feature","properties":{},"geometry":{"type":"LineString","coordinates":[[-79.04911573846371,53.96759674700007],[-79.03707734750431,53.96128898964755]]}},{"type":"Feature","properties":{},"geometry":{"type":"LineString","coordinates":[[-79.06937857640806,53.98989079038186],[-79.06431486277683,53.98345324978031]]}},{"type":"Feature","properties":{},"geometry":{"type":"LineString","coordinates":[[-78.9663433015376,54.00248987789512],[-79.0645459753407,53.99572742213387]]}},{"type":"Feature","properties":{},"geometry":{"type":"LineString","coordinates":[[-78.96896632744469,54.00744586610139],[-78.96492713424944,54.002953073771096]]}},{"type":"Feature","properties":{},"geometry":{"type":"LineString","coordinates":[[-78.93759059524596,54.8681506532193],[-78.98016970571125,54.832920596857576],[-79.46402011005469,54.74167388807258],[-79.44944688389208,54.759216702325865],[-79.66779463651491,54.67272060285184]]}},{"type":"Feature","properties":{},"geometry":{"type":"LineString","coordinates":[[-78.27369988695605,55.079689114085134],[-78.31657331547625,55.0420158899432],[-78.5524088062346,54.99060850701782],[-78.58054640510284,54.96025411213896],[-78.92415027010915,54.878225991796064]]}},{"type":"Feature","properties":{},"geometry":{"type":"LineString","coordinates":[[-78.24705317446978,55.089453484454815],[-78.25951925427898,55.08586120051447]]}},{"type":"Feature","properties":{},"geometry":{"type":"LineString","coordinates":[[-78.22934691688432,55.09694928891124],[-78.23794119158251,55.092079236117854]]}},{"type":"Feature","properties":{},"geometry":{"type":"LineString","coordinates":[[-78.1930228985261,55.11819098203456],[-78.21780222094915,55.10370043868323]]}},{"type":"Feature","properties":{},"geometry":{"type":"LineString","coordinates":[[-78.01411605388847,55.18756518116594],[-78.17694948941963,55.12759044935997]]}},{"type":"Feature","properties":{},"geometry":{"type":"LineString","coordinates":[[-78.000752422354,55.19183597648081],[-78.01396060002833,55.18759228520718]]}},{"type":"Feature","properties":{},"geometry":{"type":"LineString","coordinates":[[-77.99470717673428,55.19455430838856],[-77.99568786725067,55.19411332674943]]}},{"type":"Feature","properties":{},"geometry":{"type":"LineString","coordinates":[[-77.84947087619416,55.25386387038043],[-77.970361788532,55.20550156342499]]}},{"type":"Feature","properties":{},"geometry":{"type":"LineString","coordinates":[[-77.76281891196662,55.28996211561014],[-77.79203739544405,55.268322702152126]]}},{"type":"Feature","properties":{},"geometry":{"type":"LineString","coordinates":[[-77.74337632877517,55.30699384813078],[-77.75405781766275,55.29763684757874]]}},{"type":"Feature","properties":{},"geometry":{"type":"LineString","coordinates":[[-77.64217053698233,55.37567293123141],[-77.72612858270895,55.322102899983165]]}},{"type":"Feature","properties":{},"geometry":{"type":"LineString","coordinates":[[-77.30675700394215,55.554404260255396],[-77.55257851193758,55.39593820780607],[-77.6236866748662,55.383446077250206]]}},{"type":"Feature","properties":{},"geometry":{"type":"LineString","coordinates":[[-77.30148202295821,55.55724969016346],[-77.30209218750464,55.5569205552425]]}},{"type":"Feature","properties":{},"geometry":{"type":"LineString","coordinates":[[-77.23102782944092,55.596341668065364],[-77.28558797736775,55.56582325522862]]}},{"type":"Feature","properties":{},"geometry":{"type":"LineString","coordinates":[[-77.19810189538225,55.619602958802275],[-77.22039082613762,55.60385642606636]]}},{"type":"Feature","properties":{},"geometry":{"type":"LineString","coordinates":[[-77.19547921183563,55.621455814498944],[-77.19698952565422,55.620388818228605]]}},{"type":"Feature","properties":{},"geometry":{"type":"LineString","coordinates":[[-77.18871179265486,55.62623681493532],[-77.19117634854054,55.62449567219683]]}},{"type":"Feature","properties":{},"geometry":{"type":"LineString","coordinates":[[-77.11385527161404,55.674691590805416],[-77.13694216628605,55.658452186789894]]}},{"type":"Feature","properties":{},"geometry":{"type":"LineString","coordinates":[[-77.10881788852203,55.70567587023088],[-77.07760850875485,55.71922069988597],[-77.09211900517828,55.703814642297324]]}},{"type":"Feature","properties":{},"geometry":{"type":"LineString","coordinates":[[-76.88482407098532,55.909537665502064],[-76.97898470494852,55.82764041237302],[-76.96213152296741,55.82227849571183],[-76.99390870528688,55.823197296920405],[-77.18180294482198,55.68229387852254]]}},{"type":"Feature","properties":{},"geometry":{"type":"LineString","coordinates":[[-76.86157765158092,55.922604801562535],[-76.87361546291606,55.91583818018097]]}},{"type":"Feature","properties":{},"geometry":{"type":"LineString","coordinates":[[-76.79784541954723,55.9936085907177],[-76.83018692300476,55.92985449713709],[-76.85731004226943,55.92500368418424]]}},{"type":"Feature","properties":{},"geometry":{"type":"LineString","coordinates":[[-76.5281015635499,56.381480053084516],[-76.53011620239917,56.37202244445907]]}},{"type":"Feature","properties":{},"geometry":{"type":"LineString","coordinates":[[-76.5230481593281,56.46345887367186],[-76.52011031629729,56.45103181754944]]}},{"type":"Feature","properties":{},"geometry":{"type":"LineString","coordinates":[[-78.51606220927752,58.96199242240803],[-78.53809049539377,58.943355135836164]]}},{"type":"Feature","properties":{},"geometry":{"type":"LineString","coordinates":[[-78.12173695678666,60.801822624287965],[-78.08097129958398,60.80681172682835]]}},{"type":"Feature","properties":{},"geometry":{"type":"LineString","coordinates":[[-78.19083292334696,60.807285151563775],[-78.19472110189805,60.79729750816264]]}},{"type":"Feature","properties":{},"geometry":{"type":"LineString","coordinates":[[-78.18744887457157,60.81597782654678],[-78.18918400914505,60.811520751043396]]}},{"type":"Feature","properties":{},"geometry":{"type":"LineString","coordinates":[[-77.99221124309716,62.396470445000034],[-78.062509351048,62.369309773781005]]}},{"type":"Feature","properties":{},"geometry":{"type":"LineString","coordinates":[[-64.72193419329834,60.36418412841527],[-64.73124178800752,60.36668618992715]]}},{"type":"Feature","properties":{},"geometry":{"type":"LineString","coordinates":[[-78.88582336321362,52.98067043707823],[-78.85958582717697,52.9778252494942]]}},{"type":"Feature","properties":{},"geometry":{"type":"LineString","coordinates":[[-79.71107097457042,54.652911588793685],[-79.714943657187,54.65290206192351]]}},{"type":"Feature","properties":{},"geometry":{"type":"LineString","coordinates":[[-79.67595815759641,54.66150734396514],[-79.6777726396618,54.664657010906886]]}},{"type":"Feature","properties":{},"geometry":{"type":"LineString","coordinates":[[-79.67812624421629,54.66527081503147],[-79.706019434934,54.65292401567372]]}},{"type":"Feature","properties":{},"geometry":{"type":"LineString","coordinates":[[-77.69068059111011,58.25453793071266],[-77.66832434799994,58.24517281875531]]}},{"type":"Feature","properties":{},"geometry":{"type":"LineString","coordinates":[[-77.9421131534955,58.33310894360608],[-77.72509031281403,58.267867230517815]]}},{"type":"Feature","properties":{},"geometry":{"type":"LineString","coordinates":[[-78.62283216527311,58.61525390766613],[-78.45665442599994,58.54276246046147]]}},{"type":"Feature","properties":{},"geometry":{"type":"LineString","coordinates":[[-78.61372748937265,58.639740415758205],[-78.61957981577626,58.629530562503305]]}},{"type":"Feature","properties":{},"geometry":{"type":"LineString","coordinates":[[-78.62942568590094,58.782352308269296],[-78.6395827863091,58.772777389352655]]}},{"type":"Feature","properties":{},"geometry":{"type":"LineString","coordinates":[[-78.22374512659576,60.81344375226291],[-78.22394343651817,60.81313711100006]]}},{"type":"Feature","properties":{},"geometry":{"type":"LineString","coordinates":[[-77.85016760210644,46.20796968597871],[-77.83916716128692,46.31477532810386],[-77.74175230222872,46.40555833078246],[-77.77635986178417,46.45285267519157],[-77.77430757718645,46.58467908723244],[-77.86192463667409,46.656522124783464],[-77.81748510524555,46.70996520229627],[-77.8383238042089,46.77356341089968],[-77.82062520692006,46.82142360725682],[-77.84830978406251,46.812167307613024],[-77.89517868955224,46.82975139691395],[-77.87527358427685,46.830505192269236],[-77.89486840781785,46.85524229718843],[-77.85782419638134,46.94064959157483],[-77.84823761960948,46.87163469655394],[-77.83384149658784,46.92592571185693],[-77.82803748986171,47.0283797050218],[-77.84700868393341,47.00533459820068],[-77.85045730705028,47.01745690584344],[-77.82783450125967,47.07799569150503],[-77.85037768857256,47.0971906993601],[-77.85724060352372,47.23334490199106],[-77.93121710396359,47.26968759862866]]}},{"type":"Feature","properties":{},"geometry":{"type":"LineString","coordinates":[[-78.40347142936616,46.29338829992327],[-78.30958080965141,46.253169020894454],[-78.13514278616645,46.2747279869156],[-77.85016760210644,46.20796968597871]]}},{"type":"Feature","properties":{},"geometry":{"type":"LineString","coordinates":[[-79.51748589338357,47.92687405632329],[-79.51058748250864,47.540776715516515],[-79.553231731127,47.511193534515954],[-79.58687808419494,47.433114959059424],[-79.42684265021022,47.25006924017585],[-79.43498594045886,47.08422994198882],[-79.22365823163797,46.84265535618931],[-79.17082153696381,46.82521851189224],[-79.09432289146407,46.68829571380754],[-79.01525073914887,46.62685229386751],[-78.98987072497225,46.54885552771125],[-78.89272200030162,46.46191530950765],[-78.72710717255603,46.38287269303601],[-78.7282312630482,46.342338688094415],[-78.69727255670341,46.31974154268025],[-78.40347142936616,46.29338829992327]]}},{"type":"Feature","properties":{},"geometry":{"type":"LineString","coordinates":[[-79.51755831207588,48.60809256261525],[-79.51748589338357,47.92687405632329]]}},{"type":"Feature","properties":{},"geometry":{"type":"LineString","coordinates":[[-79.51805788248967,49.008060579912446],[-79.51745640380084,48.772497228419056]]}},{"type":"Feature","properties":{},"geometry":{"type":"LineString","coordinates":[[-73.67547172572468,45.55730426473934],[-73.73562502630696,45.52932375716189]]}},{"type":"Feature","properties":{},"geometry":{"type":"LineString","coordinates":[[-73.66678829438492,45.576223984803576],[-73.67547172572468,45.55730426473934]]}},{"type":"Feature","properties":{},"geometry":{"type":"LineString","coordinates":[[-73.64533369916435,45.5648188880184],[-73.66678829438492,45.576223984803576]]}},{"type":"Feature","properties":{},"geometry":{"type":"LineString","coordinates":[[-73.62177172942422,45.55504935054625],[-73.64533369916435,45.5648188880184]]}},{"type":"Feature","properties":{},"geometry":{"type":"LineString","coordinates":[[-73.64816903230108,45.53142604804435],[-73.62177172942422,45.55504935054625]]}},{"type":"Feature","properties":{},"geometry":{"type":"LineString","coordinates":[[-73.75568305275553,45.50640605060654],[-73.64816903230108,45.53142604804435]]}},{"type":"Feature","properties":{},"geometry":{"type":"LineString","coordinates":[[-73.76370986734202,45.511898138256306],[-73.75568305275553,45.50640605060654]]}},{"type":"Feature","properties":{},"geometry":{"type":"LineString","coordinates":[[-73.73562502630696,45.52932375716189],[-73.76370986734202,45.511898138256306]]}},{"type":"Feature","properties":{},"geometry":{"type":"LineString","coordinates":[[-73.62576150125375,45.691840034081125],[-73.63472269852728,45.68989074987833]]}},{"type":"Feature","properties":{},"geometry":{"type":"LineString","coordinates":[[-73.56478166591376,45.698269365611054],[-73.62115175198755,45.69284276966982]]}},{"type":"Feature","properties":{},"geometry":{"type":"LineString","coordinates":[[-73.71654435037445,45.5925623715344],[-73.69842919377272,45.57594664296365]]}},{"type":"Feature","properties":{},"geometry":{"type":"LineString","coordinates":[[-73.74979547826445,45.658465636613265],[-73.71654435037445,45.5925623715344]]}},{"type":"Feature","properties":{},"geometry":{"type":"LineString","coordinates":[[-73.64746464969743,45.68929754099644],[-73.66175341377709,45.69189452034526]]}},{"type":"Feature","properties":{},"geometry":{"type":"LineString","coordinates":[[-73.6218799508397,45.636304849701766],[-73.52387253251813,45.699223191611324]]}},{"type":"Feature","properties":{},"geometry":{"type":"LineString","coordinates":[[-73.52387253251813,45.699223191611324],[-73.52437264816045,45.6992604164578]]}},{"type":"Feature","properties":{},"geometry":{"type":"LineString","coordinates":[[-73.68400175435801,45.56310434332608],[-73.67547172572468,45.55730426473934]]}},{"type":"Feature","properties":{},"geometry":{"type":"LineString","coordinates":[[-73.66678829438492,45.576223984803576],[-73.64035570078433,45.612183181846234]]}},{"type":"Feature","properties":{},"geometry":{"type":"LineString","coordinates":[[-74.50163287622233,45.91157773952259],[-74.70853984816121,45.93180182963722],[-74.69821608530039,45.971781128675026],[-74.76340464565325,45.972956328473124],[-74.7641737589662,45.945355464457506],[-74.80218068167008,45.94410205204954],[-74.83720791585957,46.01739231268068],[-74.85798974004707,46.016677799533454],[-74.85894223403928,46.06320814534874],[-74.94093017592633,46.061844242743724],[-74.93998378109036,46.106160010291454],[-75.08990400196714,46.10325026790393],[-75.07558743404951,46.21612289169663],[-75.11746579238594,46.215936681269454],[-75.17978973426821,46.10339345654595],[-75.40765792862717,46.09713872655826],[-75.40733497716491,45.97240418250541],[-75.60045892817925,45.97160702362793],[-75.62214942800813,45.994633913555845],[-75.78036087456417,45.96423073436401]]}},{"type":"Feature","properties":{},"geometry":{"type":"LineString","coordinates":[[-74.20841934750331,45.686962002719255],[-74.2039118036502,45.705076089709685],[-74.33327511663653,45.74008302308401],[-74.53645190237492,45.76357706901448],[-74.50163287622233,45.91157773952259]]}},{"type":"Feature","properties":{},"geometry":{"type":"LineString","coordinates":[[-74.27847570286141,45.527650934177196],[-74.24090006309353,45.55182573725987],[-74.22282795279307,45.62598456631447],[-74.26752011566217,45.63230422754669],[-74.24536240273467,45.64693137121686],[-74.26556699594167,45.681740385655374],[-74.20841934750331,45.686962002719255]]}},{"type":"Feature","properties":{},"geometry":{"type":"LineString","coordinates":[[-74.38087638693005,45.5659044334263],[-74.3720195230065,45.56082621837525]]}},{"type":"Feature","properties":{},"geometry":{"type":"LineString","coordinates":[[-75.48178314876837,45.51227021046473],[-75.23641109496477,45.586878821150755],[-75.03546627068307,45.59380818812366],[-74.93287682972574,45.64550088500301],[-74.63589231974714,45.63854914056897],[-74.38087638693005,45.5659044334263]]}},{"type":"Feature","properties":{},"geometry":{"type":"LineString","coordinates":[[-75.54243625159363,45.48956598259541],[-75.48178314876837,45.51227021046473]]}},{"type":"Feature","properties":{},"geometry":{"type":"LineString","coordinates":[[-75.68369102358659,45.55057687629664],[-75.67754388550006,45.50732896073204],[-75.52918259023143,45.5216010841021],[-75.580975139488,45.49952357423048],[-75.54243625159363,45.48956598259541]]}},{"type":"Feature","properties":{},"geometry":{"type":"LineString","coordinates":[[-75.78036087456417,45.96423073436401],[-75.78560258730259,45.961863492263],[-75.78554110858344,45.97969658873647],[-75.79244069621456,45.98313160447437],[-75.79358069626214,45.9614901859862],[-75.73797949816851,45.91403871174044],[-75.72481727444469,45.78454714888913],[-75.83201540418622,45.77723160008316],[-75.81597847185151,45.622017342278475],[-75.69856962194534,45.639090272690375],[-75.68369102358659,45.55057687629664]]}},{"type":"Feature","properties":{},"geometry":{"type":"LineString","coordinates":[[-74.34765367087242,45.53001921832928],[-74.30837876319065,45.50478787275242]]}},{"type":"Feature","properties":{},"geometry":{"type":"LineString","coordinates":[[-70.26788339036425,46.221009290283824],[-70.28667576135719,46.23709934488919],[-70.37223993863753,46.21257360120521],[-70.46750347996722,46.27528495512079],[-70.49160739109043,46.25966300951921],[-70.51136199064473,46.2546512097546],[-70.51474740570613,46.255550495260664],[-70.54060040113269,46.30088401275692],[-70.51157800711702,46.32048398456838],[-70.66213223772031,46.42451097481685],[-70.6888124067033,46.40707937577306],[-70.72353217484635,46.434710414546835],[-70.69563718808605,46.456291452700796],[-70.74398111289264,46.49390979017466],[-70.81383802740353,46.52836043689779],[-70.83673900931339,46.51343587003422],[-70.96096421177614,46.593674970444376],[-71.04199751127464,46.590322600222834],[-71.09305439255883,46.64912061097496],[-71.11919407895917,46.63004361309434]]}},{"type":"Feature","properties":{},"geometry":{"type":"LineString","coordinates":[[-71.10495089607646,46.30920431335043],[-71.1211654937231,46.29784376852561],[-70.97912734495853,46.190655219651084],[-71.01339101514553,46.167952845549856],[-70.97013808155434,46.11589076765883],[-71.02369857340682,46.076431494548906],[-70.99036874604563,46.00485229899262],[-71.00729329451761,45.98778249370987],[-71.04649651826743,46.00634971450814],[-71.10680416382421,45.946097315780726],[-70.89585238307525,45.89077453810743],[-70.89259801355551,45.78006800304844],[-70.66371492150047,45.78202858255502],[-70.65173583895323,45.80277439694169],[-70.6316875863127,45.77890751511411],[-70.4995668606318,45.82706808289765],[-70.4712218405852,45.78892412281788],[-70.41382958704979,45.796099380907734]]}},{"type":"Feature","properties":{},"geometry":{"type":"LineString","coordinates":[[-71.11919407895917,46.63004361309434],[-71.1886956339099,46.5812141933478],[-71.15175992624266,46.56140022575907],[-71.21527623538219,46.54086038577592],[-71.19180202790164,46.50217955174403],[-71.22865961268819,46.481524953232366],[-71.10282243986167,46.35831128188161],[-71.14638695550154,46.341827797246424],[-71.10495089607646,46.30920431335043]]}},{"type":"Feature","properties":{},"geometry":{"type":"LineString","coordinates":[[-74.66503734957601,45.00832373548555],[-74.66856844811275,45.00435508043787]]}},{"type":"Feature","properties":{},"geometry":{"type":"LineString","coordinates":[[-73.98270371768974,44.99726365416871],[-73.99610470521762,45.040948717543166],[-73.87342907643111,45.103855301249624],[-73.95045159604558,45.162463450374915],[-73.86449177386069,45.212022806367166],[-73.81963033303406,45.275364312921724],[-73.81128906271285,45.31373553946889],[-73.8486186415769,45.34382751416582]]}},{"type":"Feature","properties":{},"geometry":{"type":"LineString","coordinates":[[-74.4213767234344,45.43979340306138],[-74.4383786184051,45.39379269233837]]}},{"type":"Feature","properties":{},"geometry":{"type":"LineString","coordinates":[[-74.00023865034892,45.33499613528139],[-74.24272823873103,45.38887224034911],[-74.23034754040391,45.43000581948308],[-74.33530524171248,45.45750663730317],[-74.4213767234344,45.43979340306138]]}},{"type":"Feature","properties":{},"geometry":{"type":"LineString","coordinates":[[-74.4383786184051,45.39379269233837],[-74.47191127919562,45.30273421056982],[-74.35459462597238,45.21374769329988]]}},{"type":"Feature","properties":{},"geometry":{"type":"LineString","coordinates":[[-71.14662494222996,46.88889136103505],[-71.2465392676577,46.87970421761656]]}},{"type":"Feature","properties":{},"geometry":{"type":"LineString","coordinates":[[-71.26250988636488,46.83547130063913],[-71.21872171441153,46.820690797459726]]}},{"type":"Feature","properties":{},"geometry":{"type":"LineString","coordinates":[[-71.2465392676577,46.87970421761656],[-71.23295991636662,46.85098019364171],[-71.26250988636488,46.83547130063913]]}},{"type":"Feature","properties":{},"geometry":{"type":"LineString","coordinates":[[-72.95884612798434,46.12825765538651],[-72.98567626473852,46.11135792904188]]}},{"type":"Feature","properties":{},"geometry":{"type":"LineString","coordinates":[[-72.4824313921269,46.366432867435826],[-72.52532430530061,46.33383175631331]]}},{"type":"Feature","properties":{},"geometry":{"type":"LineString","coordinates":[[-71.89168968172771,46.3266291623615],[-71.97459973867932,46.38672644501046],[-71.8811569381459,46.450752281893536],[-72.04815284527022,46.566193836405596]]}},{"type":"Feature","properties":{},"geometry":{"type":"LineString","coordinates":[[-72.3050741958103,46.03299314876357],[-72.21473219683313,46.097648761577325],[-72.14949972176096,46.110602627298896],[-72.16704173316332,46.165827375820996],[-72.21856026575558,46.17038542589934],[-72.21715097695385,46.195852361311076],[-72.18630307804844,46.194554603833495],[-72.11897542018238,46.26145408225963],[-72.07983579947019,46.251627683639846],[-72.005384664559,46.318985934193975],[-71.94480598708829,46.29295699377434],[-71.89168968172771,46.3266291623615]]}},{"type":"Feature","properties":{},"geometry":{"type":"LineString","coordinates":[[-72.85440222472474,45.87800280440603],[-72.75260547568199,45.943045991602865],[-72.8050159609089,45.98116607533666],[-72.80028374390685,46.01325459375911],[-72.73395050380734,46.03254214510161],[-72.65741939659003,46.00627866376926],[-72.61798575068862,46.02889454455761],[-72.55178634639333,46.02106794277687],[-72.53303712163266,46.0384340471947],[-72.56460994393638,46.061741254200975],[-72.51762826373931,46.09757839022128],[-72.47890616394288,46.035400324895626],[-72.42031625945157,46.04640778665288],[-72.39700005708691,46.02303611563781],[-72.35444809059007,46.05879846797608],[-72.3050741958103,46.03299314876357]]}},{"type":"Feature","properties":{},"geometry":{"type":"LineString","coordinates":[[-73.1235938944655,45.81798008384614],[-73.03109284871834,45.906977263679764],[-72.93878250356285,45.868768094766985],[-72.89844129223778,45.90799327955565],[-72.85440222472474,45.87800280440603]]}},{"type":"Feature","properties":{},"geometry":{"type":"LineString","coordinates":[[-73.18577979351262,45.9843778348425],[-73.16487428582383,45.9688366172796],[-73.20387871012227,45.87540224063232],[-73.1235938944655,45.81798008384614]]}},{"type":"Feature","properties":{},"geometry":{"type":"LineString","coordinates":[[-73.17476742313428,46.01143304860805],[-73.18577979351262,45.9843778348425]]}},{"type":"Feature","properties":{},"geometry":{"type":"LineString","coordinates":[[-73.08445686872825,46.0668483506605],[-73.17300799382251,46.01672235510004]]}},{"type":"Feature","properties":{},"geometry":{"type":"LineString","coordinates":[[-73.02147943328566,46.11061195976915],[-73.05726855123434,46.09550360100763]]}},{"type":"Feature","properties":{},"geometry":{"type":"LineString","coordinates":[[-71.22206343269077,46.780571166228825],[-71.24455144747571,46.76572608013685]]}},{"type":"Feature","properties":{},"geometry":{"type":"LineString","coordinates":[[-70.88977295255961,46.90169220126672],[-71.00426412734926,46.849933768499895],[-71.15630842796958,46.84129037664146]]}},{"type":"Feature","properties":{},"geometry":{"type":"LineString","coordinates":[[-70.04645179985152,46.46419209571126],[-70.18974838248398,46.56364543054765],[-70.16304897260045,46.58179255291439],[-70.2964859905603,46.67665288181556],[-70.32419647101162,46.657879181576995],[-70.44489329856636,46.741545036826096],[-70.47975557056466,46.720135150766076],[-70.5038395259691,46.75060567829308],[-70.47448977925961,46.76276934484453],[-70.57908608532361,46.835637510308274],[-70.62797229701889,46.802116705925314],[-70.68519246722967,46.83478962869849],[-70.70370267000001,46.8063735865049],[-70.77118985753394,46.85527456068898],[-70.7524631895872,46.88515742719211],[-70.7937906320849,46.91572252164236]]}},{"type":"Feature","properties":{},"geometry":{"type":"LineString","coordinates":[[-71.25001572361866,46.76231044889084],[-71.12481252711144,46.7202087717092],[-71.15201152062,46.65238118804634],[-71.11919407895917,46.63004361309434]]}},{"type":"Feature","properties":{},"geometry":{"type":"LineString","coordinates":[[-71.24455144747571,46.76572608013685],[-71.25001572361866,46.76231044889084]]}},{"type":"Feature","properties":{},"geometry":{"type":"LineString","coordinates":[[-73.13021293720095,45.58920938884747],[-73.20126525035025,45.6332337026074],[-73.26513298241399,45.55844930968116]]}},{"type":"Feature","properties":{},"geometry":{"type":"LineString","coordinates":[[-73.07263307252862,45.47595263919825],[-73.06251202870364,45.53831090342134],[-73.13876544071925,45.57439824616032],[-73.13021293720095,45.58920938884747]]}},{"type":"Feature","properties":{},"geometry":{"type":"LineString","coordinates":[[-73.15968783039708,45.37766231510618],[-73.09733907351205,45.42251081906424],[-73.11793539914434,45.45889989421944],[-73.07263307252862,45.47595263919825]]}},{"type":"Feature","properties":{},"geometry":{"type":"LineString","coordinates":[[-73.30834339519771,45.40613116858158],[-73.22001828841651,45.36206320687955],[-73.17951337821786,45.39131533394204],[-73.15968783039708,45.37766231510618]]}},{"type":"Feature","properties":{},"geometry":{"type":"LineString","coordinates":[[-73.26513298241399,45.55844930968116],[-73.2317504277801,45.53506003076273],[-73.32936506228471,45.43706530390537],[-73.30834339519771,45.40613116858158]]}},{"type":"Feature","properties":{},"geometry":{"type":"LineString","coordinates":[[-72.70436044745269,46.424114523749395],[-72.76840070223315,46.46815261946471],[-72.7664290675061,46.54612514232371],[-72.87027765135723,46.62067622631557],[-72.85078989410071,46.633623665874765],[-72.89788174377658,46.66467750625157],[-72.85992757842284,46.663709749401335],[-72.90998038872135,46.72393817245279],[-72.995292811733,46.74553065923053],[-72.9875389408779,46.666792575295595],[-73.03331991295381,46.653612145431005],[-73.06370273867277,46.70627360884785],[-73.1096619043331,46.70422097181807],[-73.17913489491305,46.75094775781311],[-73.13300326476288,46.789044411066385],[-73.14321635816025,46.838989083459516],[-73.2024333988342,46.84207185384083],[-73.26380614654497,46.887039508826696],[-73.30731191747618,46.86964223910067],[-73.41971070922719,46.88532513890964]]}},{"type":"Feature","properties":{},"geometry":{"type":"LineString","coordinates":[[-72.61925263763777,46.295517091584706],[-72.7397608242925,46.400746453666315],[-72.70436044745269,46.424114523749395]]}},{"type":"Feature","properties":{},"geometry":{"type":"LineString","coordinates":[[-73.39204338648773,45.90523480277795],[-73.34483386528495,45.87134436384388],[-73.39444497343045,45.84504591406865],[-73.40040556272716,45.78430011386748]]}},{"type":"Feature","properties":{},"geometry":{"type":"LineString","coordinates":[[-73.41971070922719,46.88532513890964],[-73.4627391911187,46.707099676054284],[-73.43569303781061,46.598631173267044],[-73.3614095581215,46.61815015233251],[-73.28319771800592,46.53343189867163],[-73.33336477810079,46.49844114566271],[-73.45538461710649,46.58621207164154],[-73.56293554524245,46.51784941883197],[-73.51799679122553,46.48753923104133],[-73.68253220386259,46.38917221429722],[-73.55617716365882,46.29996010085152],[-73.64048969311182,46.26589724397946],[-73.5672160714286,46.20367105182838],[-73.48116422938865,46.179661856675004],[-73.4865346884217,46.141349736660636],[-73.46464290760682,46.14835709043852],[-73.43493061626809,46.13097236653217],[-73.46864100698888,46.11479043557395],[-73.40399929685827,46.117761807863154],[-73.41164500856713,46.069541295312554],[-73.23370925904015,46.0550812161852],[-73.32884749741243,45.952721106131065],[-73.36027450186896,45.96186738448433],[-73.39204338648773,45.90523480277795]]}},{"type":"Feature","properties":{},"geometry":{"type":"LineString","coordinates":[[-73.20832071156657,45.95546966185868],[-73.18577979351262,45.9843778348425]]}},{"type":"Feature","properties":{},"geometry":{"type":"LineString","coordinates":[[-73.35402899434345,45.7908324846603],[-73.28624442312665,45.83613601142021]]}},{"type":"Feature","properties":{},"geometry":{"type":"LineString","coordinates":[[-73.60888439447662,45.60846706725752],[-73.62332461588517,45.633786274331975]]}},{"type":"Feature","properties":{},"geometry":{"type":"LineString","coordinates":[[-73.64533369916435,45.5648188880184],[-73.60888439447662,45.60846706725752]]}},{"type":"Feature","properties":{},"geometry":{"type":"LineString","coordinates":[[-72.1463752564503,45.4283221091889],[-72.23762712241499,45.44976447347838],[-72.2488518913285,45.374648558113265],[-72.46302090620776,45.37517819925236],[-72.46271137800886,45.30743532609326],[-72.58799365784905,45.307314950437444],[-72.66686445320305,45.35215420955261],[-72.762055604039,45.341435816392234],[-72.78442261620167,45.299864223649465],[-72.85072678095013,45.29898914223169],[-72.88237840955054,45.264552970384486],[-72.99481315550445,45.337566778255024]]}},{"type":"Feature","properties":{},"geometry":{"type":"LineString","coordinates":[[-72.10531663198087,45.38522883990703],[-72.1443569016388,45.38146584219267],[-72.1463752564503,45.4283221091889]]}},{"type":"Feature","properties":{},"geometry":{"type":"LineString","coordinates":[[-72.23773292850625,45.004769668737985],[-72.2806940377691,45.07723240435661],[-72.27136292089456,45.13945354467336],[-72.24884447049423,45.16187100213822],[-72.10161532935474,45.16087023981955],[-72.10316811636878,45.27349807090517],[-72.0427002947297,45.299749768169924],[-72.10883727713177,45.30152115581448],[-72.10531663198087,45.38522883990703]]}},{"type":"Feature","properties":{},"geometry":{"type":"LineString","coordinates":[[-72.99481315550445,45.337566778255024],[-73.0488601910324,45.325315622074456],[-73.01614943009618,45.272228038930784],[-73.04608504512558,45.29274214409702],[-73.06353291934813,45.267830120394834],[-73.057830511024,45.214197335788974],[-73.09158842941203,45.19640212399318],[-73.08562890514222,45.17183047416528],[-73.12855216802339,45.171313853198406],[-73.1315440630449,45.20598986848865],[-73.22901999037181,45.18563168437387],[-73.32215408926851,45.07230420604324]]}},{"type":"Feature","properties":{},"geometry":{"type":"LineString","coordinates":[[-73.3866518996467,45.413199943327164],[-73.37994957832764,45.43298269467572]]}},{"type":"Feature","properties":{},"geometry":{"type":"LineString","coordinates":[[-73.51175259839913,45.4357581737173],[-73.3866518996467,45.413199943327164]]}},{"type":"Feature","properties":{},"geometry":{"type":"LineString","coordinates":[[-73.52354059531291,45.51194697789222],[-73.51894527616236,45.49681181412877]]}},{"type":"Feature","properties":{},"geometry":{"type":"LineString","coordinates":[[-73.37994957832764,45.43298269467572],[-73.5236854958026,45.51834395881924]]}},{"type":"Feature","properties":{},"geometry":{"type":"LineString","coordinates":[[-71.2465392676577,46.87970421761656],[-71.2845767006895,46.94007666279582],[-71.33598146734124,46.955435939410464]]}},{"type":"Feature","properties":{},"geometry":{"type":"LineString","coordinates":[[-71.27885507641794,46.83094777928347],[-71.26250988636488,46.83547130063913]]}},{"type":"Feature","properties":{},"geometry":{"type":"LineString","coordinates":[[-71.43854807072587,46.914640438942556],[-71.27885507641794,46.83094777928347]]}},{"type":"Feature","properties":{},"geometry":{"type":"LineString","coordinates":[[-71.33598146734124,46.955435939410464],[-71.37403869476367,46.93261708670824],[-71.4214834443542,46.98193772169529],[-71.447734133231,46.96903878633502],[-71.4049728020846,46.92419050679106],[-71.43854807072587,46.914640438942556]]}},{"type":"Feature","properties":{},"geometry":{"type":"LineString","coordinates":[[-73.40842818829587,45.328903584698196],[-73.51001330771325,45.277646635918146],[-73.63399554845482,45.31469644620309],[-73.63100712034696,45.34243280865451],[-73.67614719732538,45.343627976786834],[-73.75255235708568,45.40407936901564]]}},{"type":"Feature","properties":{},"geometry":{"type":"LineString","coordinates":[[-73.4107097256638,45.00978857461702],[-73.39979750135238,45.10742864672515],[-73.35626671417816,45.132326885841465],[-73.38020263895679,45.21162328765934],[-73.35187038993445,45.23428277182041],[-73.41144439393435,45.25487636067494],[-73.36974095879322,45.311762218111376],[-73.40842818829587,45.328903584698196]]}},{"type":"Feature","properties":{},"geometry":{"type":"LineString","coordinates":[[-70.91385663838444,47.99990937229046],[-70.25939834749322,48.000011931808515],[-70.17230499351993,48.124758266305314],[-69.95674838959533,48.057492906021686],[-69.87921419583417,48.16951728917953]]}},{"type":"Feature","properties":{},"geometry":{"type":"LineString","coordinates":[[-70.46592873334818,48.36820945467932],[-70.45474677292074,48.408375045279],[-70.51346652692148,48.41920686575668],[-70.48945855504618,48.481038136952236],[-70.84371621569422,48.54426880108906],[-70.92299569468457,48.581967081213584],[-70.9370618032258,48.61434953348829],[-70.86922593389869,48.63313618294834],[-70.81810777353235,48.683376333015495],[-71.20990888458307,48.75248825390866],[-71.26580897504311,48.61482537217744],[-71.23381036558199,48.56290261092836],[-71.262058229511,48.543544263792235],[-71.17436381714572,48.528178448131825],[-71.20084679696916,48.46094880075393],[-71.12226898589546,48.442069714250906],[-71.14282105457971,48.39625691761206],[-71.00595505889243,48.33483532366277],[-71.02072057115747,48.3002713289698],[-70.8470030794127,48.23440535541854],[-70.98557805690353,48.11359777982208],[-70.91472826332955,48.11332139654352],[-70.91385663838444,47.99990937229046]]}},{"type":"Feature","properties":{},"geometry":{"type":"LineString","coordinates":[[-71.43667967158952,45.79874334993747],[-71.58549921403984,45.69307228525027],[-71.61184871682308,45.71225158800027],[-71.71608633720933,45.61740437238014],[-71.77528794266988,45.65030558806864],[-71.93258963447084,45.513190206314576],[-71.98740170492817,45.519248963251485],[-72.03544876110108,45.4701165182663],[-71.97546863045497,45.44321503391075],[-72.06848183006717,45.43983331515118],[-72.06670636439591,45.400502009738524],[-72.10531663198087,45.38522883990703]]}},{"type":"Feature","properties":{},"geometry":{"type":"LineString","coordinates":[[-71.13146210317689,45.246716059217924],[-71.13300290623309,45.458256996085666],[-71.16026593128277,45.45824740790958],[-71.1585953159766,45.535891543247466],[-71.23255949112831,45.58074206877892],[-71.20439644516516,45.60292927735654],[-71.23422029858965,45.62170614480922],[-71.20726319730228,45.64248205249982],[-71.43667967158952,45.79874334993747]]}},{"type":"Feature","properties":{},"geometry":{"type":"LineString","coordinates":[[-71.81967228813663,45.41051527389709],[-71.8025547712331,45.408273411825206],[-71.93706570695097,45.3498646643227],[-71.9850650276444,45.385461576021754],[-71.9569672392995,45.439934706980935],[-71.88414790666917,45.45322672797107],[-71.82221931605707,45.4532020661661],[-71.81967228813663,45.41051527389709]]}},{"type":"Feature","properties":{},"geometry":{"type":"LineString","coordinates":[[-68.38262282125922,47.88004844816757],[-68.6594251317488,48.065772651586606],[-68.7447725769983,48.009123964652204],[-68.71361491760747,47.9880262192642],[-68.85026551300007,47.895347041038555],[-68.9590003336316,47.89600270971078],[-68.9922954385798,47.955760163190256],[-69.14332436104914,47.859722056954524],[-69.16881509373889,47.87710968626109],[-69.11385659876761,47.982873869728174],[-69.16553283451161,48.017604924929515],[-69.20662010500175,47.98918533228693],[-69.25354659699775,48.01883092716625],[-69.2759244404167,48.03715231011265],[-69.24459797937223,48.06796793625967],[-69.26569614767867,48.08177171409537]]}},{"type":"Feature","properties":{},"geometry":{"type":"LineString","coordinates":[[-73.75776512771262,45.46595310838622],[-73.7679236715645,45.49451221657058]]}},{"type":"Feature","properties":{},"geometry":{"type":"LineString","coordinates":[[-73.79467190649791,45.48182684387067],[-73.7811884058446,45.466760385889266]]}},{"type":"Feature","properties":{},"geometry":{"type":"LineString","coordinates":[[-73.7679236715645,45.49451221657058],[-73.79467190649791,45.48182684387067]]}},{"type":"Feature","properties":{},"geometry":{"type":"LineString","coordinates":[[-73.68599116055356,45.45759152277393],[-73.6831469195719,45.46481944023645]]}},{"type":"Feature","properties":{},"geometry":{"type":"LineString","coordinates":[[-73.6831469195719,45.46481944023645],[-73.74460574272473,45.46549957342861]]}},{"type":"Feature","properties":{},"geometry":{"type":"LineString","coordinates":[[-73.64874649372423,45.44921496305697],[-73.66824019836318,45.45660720438284]]}},{"type":"Feature","properties":{},"geometry":{"type":"LineString","coordinates":[[-73.66824019836318,45.45660720438284],[-73.67069914845163,45.45415225311551]]}},{"type":"Feature","properties":{},"geometry":{"type":"LineString","coordinates":[[-73.63995963598742,45.447238743511384],[-73.64263788355797,45.44784109822741]]}},{"type":"Feature","properties":{},"geometry":{"type":"LineString","coordinates":[[-73.61112627103408,45.44186256999489],[-73.63257647687225,45.44972911732331]]}},{"type":"Feature","properties":{},"geometry":{"type":"LineString","coordinates":[[-73.63257647687225,45.44972911732331],[-73.63927818576599,45.44708548107249]]}},{"type":"Feature","properties":{},"geometry":{"type":"LineString","coordinates":[[-73.71739670547389,45.42079977546345],[-73.64569936468669,45.41353816776655]]}},{"type":"Feature","properties":{},"geometry":{"type":"LineString","coordinates":[[-73.64569936468669,45.41353816776655],[-73.62275940180545,45.42442230385481]]}},{"type":"Feature","properties":{},"geometry":{"type":"LineString","coordinates":[[-72.29884289452762,45.58932074496029],[-72.23717422872912,45.64620720292084],[-72.31083930375779,45.68836430948866],[-72.22449057568637,45.75834744828238],[-72.23649284610262,45.73925721046352],[-72.21524347517521,45.73216449122507],[-72.22418931125203,45.71623790578624],[-72.2151840046283,45.71144818516444],[-72.20944657020713,45.698518796578625],[-72.20735042602303,45.69639084116897],[-72.20693426936285,45.69609022097985],[-72.09323179404917,45.797095536238224],[-72.18663422320056,45.87107703188851],[-72.26121696345946,45.889599897001915],[-72.24073194802882,45.91806048816719],[-72.30973517649545,45.938384800911614],[-72.29665313562928,45.950916940804674],[-72.32720638043894,45.9686358842997],[-72.2840722311871,46.0215633350336],[-72.3050741958103,46.03299314876357]]}},{"type":"Feature","properties":{},"geometry":{"type":"LineString","coordinates":[[-72.31440104755353,45.597072338418165],[-72.29884289452762,45.58932074496029]]}},{"type":"Feature","properties":{},"geometry":{"type":"LineString","coordinates":[[-72.85440222472474,45.87800280440603],[-72.70444443271448,45.759111276576355],[-72.68016344556867,45.77548714677065],[-72.64609401981517,45.75585683695458],[-72.60188568299387,45.792358604370435],[-72.56272566031761,45.76499230357657],[-72.57793921983624,45.75251436888562],[-72.31440104755353,45.597072338418165]]}},{"type":"Feature","properties":{},"geometry":{"type":"LineString","coordinates":[[-75.57025268328317,45.47669336255976],[-75.54243625159363,45.48956598259541]]}},{"type":"Feature","properties":{},"geometry":{"type":"LineString","coordinates":[[-75.69244127031565,45.452969539579975],[-75.57025268328317,45.47669336255976]]}},{"type":"Feature","properties":{},"geometry":{"type":"LineString","coordinates":[[-75.74872939846557,45.48714260423499],[-75.69244127031565,45.452969539579975]]}},{"type":"Feature","properties":{},"geometry":{"type":"LineString","coordinates":[[-75.68369102358659,45.55057687629664],[-75.76433319751453,45.521023228750195],[-75.74872939846557,45.48714260423499]]}},{"type":"Feature","properties":{},"geometry":{"type":"LineString","coordinates":[[-73.5473736188935,45.59246693524101],[-73.56762897302883,45.590352774554496]]}},{"type":"Feature","properties":{},"geometry":{"type":"LineString","coordinates":[[-73.52304892674815,45.57998523172588],[-73.5473736188935,45.59246693524101]]}},{"type":"Feature","properties":{},"geometry":{"type":"LineString","coordinates":[[-73.5592400961101,45.539871029355226],[-73.54332491506803,45.53207228861726]]}},{"type":"Feature","properties":{},"geometry":{"type":"LineString","coordinates":[[-73.58728416773111,45.56500950574281],[-73.5592400961101,45.539871029355226]]}},{"type":"Feature","properties":{},"geometry":{"type":"LineString","coordinates":[[-73.58715033837638,45.566415271671524],[-73.58728416773111,45.56500950574281]]}},{"type":"Feature","properties":{},"geometry":{"type":"LineString","coordinates":[[-73.56762897302883,45.590352774554496],[-73.58715033837638,45.566415271671524]]}},{"type":"Feature","properties":{},"geometry":{"type":"LineString","coordinates":[[-73.50870250939931,45.702351096997],[-73.52387253251813,45.699223191611324]]}},{"type":"Feature","properties":{},"geometry":{"type":"LineString","coordinates":[[-73.5473736188935,45.59246693524101],[-73.53617388316249,45.62003749797616],[-73.56759292821066,45.63459536649306],[-73.51805897624423,45.66024997413008],[-73.50870250939931,45.702351096997]]}},{"type":"Feature","properties":{},"geometry":{"type":"LineString","coordinates":[[-73.60888439447662,45.60846706725752],[-73.56762897302883,45.590352774554496]]}},{"type":"Feature","properties":{},"geometry":{"type":"LineString","coordinates":[[-75.70377726188529,45.429754307173546],[-75.69244127031565,45.452969539579975]]}},{"type":"Feature","properties":{},"geometry":{"type":"LineString","coordinates":[[-75.77251089307015,45.39588011298032],[-75.70377726188529,45.429754307173546]]}},{"type":"Feature","properties":{},"geometry":{"type":"LineString","coordinates":[[-75.86772034467644,45.38753009434668],[-75.81782532552552,45.37269870936806],[-75.77251089307015,45.39588011298032]]}},{"type":"Feature","properties":{},"geometry":{"type":"LineString","coordinates":[[-75.89518509822278,45.401634686952924],[-75.86772034467644,45.38753009434668]]}},{"type":"Feature","properties":{},"geometry":{"type":"LineString","coordinates":[[-75.74872939846557,45.48714260423499],[-75.7968783788568,45.4824409158637],[-75.76403758549068,45.434278917108344],[-75.86578602277856,45.407830996690514],[-75.90006010469101,45.42928976072217],[-75.89518509822278,45.401634686952924]]}},{"type":"Feature","properties":{},"geometry":{"type":"LineString","coordinates":[[-73.41971070922719,46.88532513890964],[-73.49455826435408,46.91197303182396],[-73.52545600115761,46.86197622856908],[-73.56297831846874,46.88235861308542],[-73.66009990836277,46.860435789846086],[-73.64660748174592,46.93873899830478],[-73.80660318887006,47.10922189134469],[-73.85796349248012,47.14187915201572],[-73.9157611268321,47.099617164186824],[-74.45076270527855,47.464067687645816]]}},{"type":"Feature","properties":{},"geometry":{"type":"LineString","coordinates":[[-73.44733691257797,45.87286480771549],[-73.39204338648773,45.90523480277795]]}},{"type":"Feature","properties":{},"geometry":{"type":"LineString","coordinates":[[-73.79876381045075,45.98575781160438],[-73.69734510271243,46.035465376152864],[-73.65824876327333,46.00979072288276],[-73.61029113937863,46.05934485490055],[-73.56868079257835,46.03015545230864],[-73.54964093447529,46.0426158343745],[-73.50787356077778,46.01345972289368],[-73.54069533434236,45.972374775942384],[-73.4559754961711,45.94581698438597],[-73.48163240966791,45.896376074144804],[-73.44733691257797,45.87286480771549]]}},{"type":"Feature","properties":{},"geometry":{"type":"LineString","coordinates":[[-73.88356040478926,46.24585689216188],[-73.73257692967672,46.14509626332282],[-73.88190518081053,46.04047868379189],[-73.79876381045075,45.98575781160438]]}},{"type":"Feature","properties":{},"geometry":{"type":"LineString","coordinates":[[-74.45076270527855,47.464067687645816],[-74.51371850029733,47.40627888769928],[-74.54209888500088,47.3134054948426],[-74.58696299943551,47.31649700794141],[-74.61822639471193,47.25089609562934],[-74.65989826436056,47.24483811699423],[-74.48597669410218,47.22202413802977],[-74.4304644266734,47.156969925172724],[-74.45927887611008,47.13602849161463],[-74.41170476916508,47.1039956639721],[-74.57592812123787,46.99785739214043],[-74.4306647974784,46.89697793082145],[-74.4713344468769,46.869159808044884],[-74.47860811458366,46.721591573308004],[-74.5115599205376,46.67997597771577],[-74.49203569169322,46.6064992666795],[-74.43844550046268,46.61458771847355],[-74.34483753572879,46.54784550687158],[-74.4777446182025,46.45415542366297],[-74.33400991964614,46.3524622347025],[-74.19051080641661,46.448500375373854],[-73.88356040478926,46.24585689216188]]}},{"type":"Feature","properties":{},"geometry":{"type":"LineString","coordinates":[[-71.40838721187156,48.00007556010588],[-70.91385663838444,47.99990937229046]]}},{"type":"Feature","properties":{},"geometry":{"type":"LineString","coordinates":[[-72.07761441376257,51.14227195179938],[-72.05438359060815,51.081920131925436],[-72.09530588274022,51.0298851961495],[-72.102017089194,50.87679580955077],[-72.15729591255469,50.8258032970516],[-72.15149341845807,50.73992069049206],[-72.19109239787778,50.632689791103296],[-72.15442981139215,50.483750394218845],[-72.18374369572958,50.35366910734705],[-72.15654641663171,50.33041220202983],[-72.14858461683231,50.254028307651566],[-72.17898869895986,50.198721004994205],[-72.16030019785812,50.15024040530265],[-72.17854260646837,50.10421468784789],[-72.1308331302444,49.949176453886075],[-71.99473270547833,49.71292050874422],[-72.04731981673943,49.67040049698931],[-72.03281210137311,49.587487393169766],[-71.93423953433282,49.50873818906525],[-71.928553757932,49.432578353793474],[-71.97502299821855,49.36788148175391],[-72.06582170614264,49.39364094061242],[-72.1294856390407,49.32803013825367],[-72.15601508092442,49.25352608304833],[-72.08008373520944,49.159259128731684],[-72.0926151195527,49.130908091360105],[-72.25383571949776,49.09779627041332],[-72.23312577865876,49.08014142096523],[-72.28732593325974,49.05272945426175],[-72.24359517230464,49.01494846862518],[-72.26140357966065,49.00623759682054],[-72.31109399824058,49.052671443108004],[-72.39139681579093,48.99844107461177],[-72.33091755768804,48.99367117646435],[-72.32788428681177,48.93544984982832],[-72.28452707308459,48.90604457829044],[-72.21271380406138,48.9653464500996],[-72.17423073996757,48.9421125193587],[-72.1508041534867,49.00920458655175],[-72.07468512936258,48.94266502829197],[-72.1373923927746,48.91123795045595],[-72.11034426829028,48.88845528227294],[-72.18220968770713,48.833804619104974],[-72.12933683592301,48.786900752983435],[-72.05056570601988,48.82399104185899],[-71.98168326457647,48.796551181149574],[-71.99280616647056,48.76810156243002],[-71.89247212238533,48.75104280781278],[-71.85381586465844,48.849414844927104],[-71.72974826735174,48.820319093454785],[-71.76384905304408,48.688966457583696],[-71.59434975065585,48.658950241515555],[-71.6159352997267,48.541760956971395],[-71.53373968424852,48.53252980380284],[-71.55615379959234,48.48998569754026],[-71.70510503218854,48.5172498351852],[-71.69872211069297,48.47025236630803],[-71.73168556757528,48.445660546173734],[-71.77239443647974,48.454153907273415],[-71.74423038337859,48.432263679633934],[-71.80482268392737,48.2851938855183],[-71.61138808811323,48.250081050886806],[-71.63792969415827,48.18411570935119],[-71.40838721187156,48.00007556010588]]}},{"type":"Feature","properties":{},"geometry":{"type":"LineString","coordinates":[[-73.49723433112375,45.704743905133036],[-73.50870250939931,45.702351096997]]}},{"type":"Feature","properties":{},"geometry":{"type":"LineString","coordinates":[[-73.47361694222872,45.700409260782685],[-73.49723433112375,45.704743905133036]]}},{"type":"Feature","properties":{},"geometry":{"type":"LineString","coordinates":[[-73.4855275075313,45.66265063256982],[-73.47361694222872,45.700409260782685]]}},{"type":"Feature","properties":{},"geometry":{"type":"LineString","coordinates":[[-73.55908925167836,45.41566044952526],[-73.64569936468669,45.41353816776655]]}},{"type":"Feature","properties":{},"geometry":{"type":"LineString","coordinates":[[-73.40842818829587,45.328903584698196],[-73.3866518996467,45.413199943327164]]}},{"type":"Feature","properties":{},"geometry":{"type":"LineString","coordinates":[[-72.07393193204783,47.950241155335235],[-71.37979173777865,47.95026291115181],[-71.40838721187156,48.00007556010588]]}},{"type":"Feature","properties":{},"geometry":{"type":"LineString","coordinates":[[-74.4438903054902,48.92928155687721],[-73.01640527535618,47.99872265366958],[-72.12320377570164,47.99927931356538],[-72.07393193204783,47.950241155335235]]}},{"type":"Feature","properties":{},"geometry":{"type":"LineString","coordinates":[[-73.79467190649791,45.48182684387067],[-73.92073991894597,45.47144640398537]]}},{"type":"Feature","properties":{},"geometry":{"type":"LineString","coordinates":[[-73.97659999502527,45.4153540149005],[-73.90464170635143,45.40564827411268]]}},{"type":"Feature","properties":{},"geometry":{"type":"LineString","coordinates":[[-73.56194836795166,45.47165512006852],[-73.59865967126095,45.4672761202661]]}},{"type":"Feature","properties":{},"geometry":{"type":"LineString","coordinates":[[-73.59865967126095,45.4672761202661],[-73.63257647687225,45.44972911732331]]}},{"type":"Feature","properties":{},"geometry":{"type":"LineString","coordinates":[[-74.45076270527855,47.464067687645816],[-74.41207020673318,47.51877499861695],[-74.53943659764663,47.50985628926701],[-74.65595593084294,47.618033553229616],[-74.88863101004233,47.76085464518332],[-75.52234980573859,47.764162088927435]]}},{"type":"Feature","properties":{},"geometry":{"type":"LineString","coordinates":[[-74.50163287622233,45.91157773952259],[-74.47615703874325,45.929289665297425],[-74.44162019093189,45.90557631912106],[-74.41262979684852,46.01892375585956],[-74.26406697967606,46.00021906055295],[-74.27283113775249,45.96637210463392],[-74.24659056360726,45.948648601094895],[-74.17346002897095,45.98110839028878],[-74.12375082129347,46.02472178629795],[-74.16810223170903,46.05534715660638],[-73.88356040478926,46.24585689216188]]}},{"type":"Feature","properties":{},"geometry":{"type":"LineString","coordinates":[[-75.52234980573859,47.764162088927435],[-75.54254503078661,47.75663360370935],[-75.52440866213807,47.71069162778835],[-75.44668897178995,47.663742626605845],[-75.41473197930749,47.589171216568715],[-75.36953941041203,47.627196201770516],[-75.36044464626926,47.57036172665078],[-75.30801716485756,47.54799713220227],[-75.4596274406917,47.36925250235618],[-75.47312575556134,47.282927128214844],[-75.62577944426884,47.18115635371488],[-75.64818058536319,47.28256639241652],[-75.72580222781401,47.26800480332072],[-75.79709583113949,47.31714214693422],[-75.83856250624845,47.310277466169204],[-75.96753448704725,47.21295239720705],[-76.09185464909291,47.19104256397304],[-76.10319639969788,47.03046473606174],[-76.14926066535168,47.00624382252883],[-76.12813143045382,46.92034797411057],[-75.97282937800799,46.87919963591479],[-75.88715825674021,46.81673742407505],[-75.75015086484258,46.8390265521518],[-75.74511711863542,46.43825800358145],[-75.7058215906022,46.43831635531985],[-75.70647624660931,46.30861827939134],[-75.81609575069588,46.306278274426674],[-75.78472283717592,46.28514663513091],[-75.8132412347192,46.228467885952035],[-75.80001531405364,46.17521008734254],[-75.76876095327876,46.175050507056845],[-75.76469438874189,46.02258350227028],[-75.69723611370678,46.02306239960187],[-75.78036087456417,45.96423073436401]]}},{"type":"Feature","properties":{},"geometry":{"type":"LineString","coordinates":[[-73.5824097302893,45.51366513697824],[-73.53937581946911,45.488157309036865]]}},{"type":"Feature","properties":{},"geometry":{"type":"LineString","coordinates":[[-73.59190263066796,45.533482039721655],[-73.5824097302893,45.51366513697824]]}},{"type":"Feature","properties":{},"geometry":{"type":"LineString","coordinates":[[-73.5592400961101,45.539871029355226],[-73.59190263066796,45.533482039721655]]}},{"type":"Feature","properties":{},"geometry":{"type":"LineString","coordinates":[[-73.80878211156572,45.55450431345762],[-73.8376036638251,45.58088401880288]]}},{"type":"Feature","properties":{},"geometry":{"type":"LineString","coordinates":[[-73.80029876633681,45.5466958680908],[-73.80878211156572,45.55450431345762]]}},{"type":"Feature","properties":{},"geometry":{"type":"LineString","coordinates":[[-73.8376036638251,45.58088401880288],[-73.86394877246668,45.56680834373008]]}},{"type":"Feature","properties":{},"geometry":{"type":"LineString","coordinates":[[-73.75857466946431,45.55058593797109],[-73.76647186421079,45.54929920591559]]}},{"type":"Feature","properties":{},"geometry":{"type":"LineString","coordinates":[[-73.85633455788695,45.51442618232973],[-73.76370986734202,45.511898138256306]]}},{"type":"Feature","properties":{},"geometry":{"type":"LineString","coordinates":[[-73.73562502630696,45.52932375716189],[-73.74251279815542,45.53557961471723]]}},{"type":"Feature","properties":{},"geometry":{"type":"LineString","coordinates":[[-73.89234609710569,45.52484750375153],[-73.88636056374028,45.522536615791495]]}},{"type":"Feature","properties":{},"geometry":{"type":"LineString","coordinates":[[-73.90160357711733,45.88540045450046],[-73.76087550517983,45.92064389926742],[-73.8273885641219,45.96654134219366],[-73.79876381045075,45.98575781160438]]}},{"type":"Feature","properties":{},"geometry":{"type":"LineString","coordinates":[[-74.05210968780524,45.75782337448825],[-74.12006695238566,45.78078984704847],[-74.11166573621021,45.80547056382593],[-74.14195439544048,45.81933743250941],[-74.06774621748168,45.85046121872402],[-74.02434398511016,45.81802111755275],[-74.033047432467,45.848015047059654],[-73.90160357711733,45.88540045450046]]}},{"type":"Feature","properties":{},"geometry":{"type":"LineString","coordinates":[[-74.20841934750331,45.686962002719255],[-74.21206117408319,45.670436928527586],[-74.11346674975117,45.699977685427655],[-74.05210968780524,45.75782337448825]]}},{"type":"Feature","properties":{},"geometry":{"type":"LineString","coordinates":[[-71.66170449817224,46.64659129034899],[-71.49070642220354,46.52477154557272],[-71.51999686859874,46.516955934807214],[-71.47008828017528,46.49573267668751],[-71.49527077595145,46.471720669854264],[-71.40950649628917,46.41177208797561],[-71.39111910560437,46.441134325017075],[-71.31609129704773,46.400802713471656],[-71.3361324291177,46.35907975328853],[-71.25500301092401,46.30142740976455],[-71.10495089607646,46.30920431335043]]}},{"type":"Feature","properties":{},"geometry":{"type":"LineString","coordinates":[[-71.25001572361866,46.76231044889084],[-71.30619686482221,46.74416439722258]]}},{"type":"Feature","properties":{},"geometry":{"type":"LineString","coordinates":[[-73.37994957832764,45.43298269467572],[-73.36041535459243,45.448791034594045],[-73.41966400283937,45.48254841467306]]}},{"type":"Feature","properties":{},"geometry":{"type":"LineString","coordinates":[[-73.41966400283937,45.48254841467306],[-73.5225572703504,45.53572187677367]]}},{"type":"Feature","properties":{},"geometry":{"type":"LineString","coordinates":[[-73.41966400283937,45.48254841467306],[-73.39014496732496,45.537363734843076]]}},{"type":"Feature","properties":{},"geometry":{"type":"LineString","coordinates":[[-73.39014496732496,45.537363734843076],[-73.48773920947463,45.586014194303296]]}},{"type":"Feature","properties":{},"geometry":{"type":"LineString","coordinates":[[-71.25480353006641,46.78373684260511],[-71.33463882963456,46.79583604760057]]}},{"type":"Feature","properties":{},"geometry":{"type":"LineString","coordinates":[[-71.49207449151073,46.802641253791585],[-71.37118653087947,46.73828869521084]]}},{"type":"Feature","properties":{},"geometry":{"type":"LineString","coordinates":[[-71.33463882963456,46.79583604760057],[-71.38162976272561,46.80721275451045],[-71.3621675216598,46.818629335382894],[-71.3798437592643,46.83025906958396],[-71.49207449151073,46.802641253791585]]}},{"type":"Feature","properties":{},"geometry":{"type":"LineString","coordinates":[[-71.24455144747571,46.76572608013685],[-71.2444452472596,46.775040278538434]]}},{"type":"Feature","properties":{},"geometry":{"type":"LineString","coordinates":[[-71.33463882963456,46.79583604760057],[-71.27885507641794,46.83094777928347]]}},{"type":"Feature","properties":{},"geometry":{"type":"LineString","coordinates":[[-71.43854807072587,46.914640438942556],[-71.4751835182787,46.873227524908145],[-71.54944509452115,46.85107644130757],[-71.49207449151073,46.802641253791585]]}},{"type":"Feature","properties":{},"geometry":{"type":"LineString","coordinates":[[-73.7875714268693,45.62853441149127],[-73.812502277645,45.60953750706619]]}},{"type":"Feature","properties":{},"geometry":{"type":"LineString","coordinates":[[-73.80878211156572,45.55450431345762],[-73.71654435037445,45.5925623715344]]}},{"type":"Feature","properties":{},"geometry":{"type":"LineString","coordinates":[[-73.82561945578318,45.60236481827232],[-73.8376036638251,45.58088401880288]]}},{"type":"Feature","properties":{},"geometry":{"type":"LineString","coordinates":[[-71.89168968172771,46.3266291623615],[-71.86591736954162,46.30710974929904],[-71.98613914586655,46.24692570144929],[-71.98566634524406,46.21824860536183],[-71.94988735551904,46.20126154774742],[-71.97678998977683,46.13368557323864],[-71.96227216530554,46.095385247412615],[-71.81711791139882,46.13886623458188],[-71.68853026033759,46.07468781061417],[-71.62573227717388,46.02505841890323],[-71.6861183032363,45.9667079931781],[-71.4550900407859,45.872676380641515],[-71.46789859432654,45.81921977772299],[-71.43667967158952,45.79874334993747]]}},{"type":"Feature","properties":{},"geometry":{"type":"LineString","coordinates":[[-73.86390910104926,45.643733536607535],[-73.92567298059298,45.68530536668786],[-73.85001125061608,45.724068513709966]]}},{"type":"Feature","properties":{},"geometry":{"type":"LineString","coordinates":[[-73.91297657980795,45.53406643591437],[-73.9253239405218,45.56243882199738],[-73.97855524968658,45.56027689653908],[-73.98284053422623,45.59988044991519],[-73.94434232558166,45.6217216736709],[-73.89591355222294,45.60648817582855],[-73.93138329528941,45.639443282714694],[-73.86390910104926,45.643733536607535]]}},{"type":"Feature","properties":{},"geometry":{"type":"LineString","coordinates":[[-73.85001125061608,45.724068513709966],[-73.94755008367302,45.78940606554051],[-73.98168912324957,45.74569059804426],[-74.05210968780524,45.75782337448825]]}},{"type":"Feature","properties":{},"geometry":{"type":"LineString","coordinates":[[-73.94652377037718,45.49697937070312],[-73.9100028346287,45.52029377156687]]}},{"type":"Feature","properties":{},"geometry":{"type":"LineString","coordinates":[[-74.13357073507751,45.46718281643175],[-74.07172569241989,45.45311702198235]]}},{"type":"Feature","properties":{},"geometry":{"type":"LineString","coordinates":[[-73.62053728746562,45.523549218012796],[-73.64901903070054,45.5301395054345]]}},{"type":"Feature","properties":{},"geometry":{"type":"LineString","coordinates":[[-73.62478822666188,45.48862603361591],[-73.64217215035279,45.5053831730417],[-73.62053728746562,45.523549218012796]]}},{"type":"Feature","properties":{},"geometry":{"type":"LineString","coordinates":[[-73.66824019836318,45.45660720438284],[-73.62478822666188,45.48862603361591]]}},{"type":"Feature","properties":{},"geometry":{"type":"LineString","coordinates":[[-73.64901903070054,45.5301395054345],[-73.6831469195719,45.46481944023645]]}},{"type":"Feature","properties":{},"geometry":{"type":"LineString","coordinates":[[-73.3866518996467,45.413199943327164],[-73.32678770828635,45.38320192852173],[-73.30834339519771,45.40613116858158]]}},{"type":"Feature","properties":{},"geometry":{"type":"LineString","coordinates":[[-73.26513298241399,45.55844930968116],[-73.29718579779728,45.58084797639243],[-73.28215164864056,45.61783678863583],[-73.3451349682578,45.65078987751122],[-73.37563493088136,45.6328988622007],[-73.35981340168685,45.58561749129495],[-73.39014496732496,45.537363734843076]]}},{"type":"Feature","properties":{},"geometry":{"type":"LineString","coordinates":[[-73.52947950447177,45.75423463184764],[-73.52417024653033,45.81401402117359],[-73.47822134552777,45.80850049516179],[-73.47995548709683,45.84014030657039],[-73.44033266785007,45.84654710610078],[-73.44733691257797,45.87286480771549]]}},{"type":"Feature","properties":{},"geometry":{"type":"LineString","coordinates":[[-73.5786972766852,45.71886101830986],[-73.52947950447177,45.75423463184764]]}},{"type":"Feature","properties":{},"geometry":{"type":"LineString","coordinates":[[-73.58035699281375,45.71868101779547],[-73.57937547598839,45.71878746583825]]}},{"type":"Feature","properties":{},"geometry":{"type":"LineString","coordinates":[[-73.58173081166214,45.71853202358185],[-73.58047066870648,45.71866868935037]]}},{"type":"Feature","properties":{},"geometry":{"type":"LineString","coordinates":[[-73.80677512143889,45.82083971589908],[-73.69853346641332,45.80453739723457],[-73.69948340791639,45.74700396798901],[-73.59163142756503,45.71745827613512]]}},{"type":"Feature","properties":{},"geometry":{"type":"LineString","coordinates":[[-73.90160357711733,45.88540045450046],[-73.80677512143889,45.82083971589908]]}},{"type":"Feature","properties":{},"geometry":{"type":"LineString","coordinates":[[-71.89256064159358,47.77256562284968],[-71.25114338371864,47.15383460029924],[-71.26448977779715,47.13401655197502],[-71.17908111260948,47.10180656824701],[-71.2044526897289,47.04918167258317],[-71.36461981422012,46.98388390380409],[-71.33598146734124,46.955435939410464]]}},{"type":"Feature","properties":{},"geometry":{"type":"LineString","coordinates":[[-72.07393193204783,47.950241155335235],[-71.89256064159358,47.77256562284968]]}},{"type":"Feature","properties":{},"geometry":{"type":"LineString","coordinates":[[-73.59507060500577,45.50365157990947],[-73.62478822666188,45.48862603361591]]}},{"type":"Feature","properties":{},"geometry":{"type":"LineString","coordinates":[[-73.59865967126095,45.4672761202661],[-73.57790594561159,45.481275461803335],[-73.59507060500577,45.50365157990947]]}},{"type":"Feature","properties":{},"geometry":{"type":"LineString","coordinates":[[-73.59507060500577,45.50365157990947],[-73.5824097302893,45.51366513697824]]}},{"type":"Feature","properties":{},"geometry":{"type":"LineString","coordinates":[[-73.61703941250082,45.52769219079047],[-73.62053728746562,45.523549218012796]]}},{"type":"Feature","properties":{},"geometry":{"type":"LineString","coordinates":[[-73.59190263066796,45.533482039721655],[-73.61703941250082,45.52769219079047]]}},{"type":"Feature","properties":{},"geometry":{"type":"LineString","coordinates":[[-73.58715033837638,45.566415271671524],[-73.62177172942422,45.55504935054625]]}},{"type":"Feature","properties":{},"geometry":{"type":"LineString","coordinates":[[-73.61703941250082,45.52769219079047],[-73.58728416773111,45.56500950574281]]}},{"type":"Feature","properties":{},"geometry":{"type":"LineString","coordinates":[[-73.64816903230108,45.53142604804435],[-73.64901903070054,45.5301395054345]]}},{"type":"Feature","properties":{},"geometry":{"type":"LineString","coordinates":[[-73.47090430961563,45.70137686361349],[-73.47361694222872,45.700409260782685]]}},{"type":"Feature","properties":{},"geometry":{"type":"LineString","coordinates":[[-73.13021293720095,45.58920938884747],[-73.13175614857215,45.63199030065373],[-73.09880388424024,45.6136419860386],[-73.1149913532447,45.6927524039151],[-73.05902306906091,45.74823567135456],[-73.1235938944655,45.81798008384614]]}},{"type":"Feature","properties":{},"geometry":{"type":"LineString","coordinates":[[-73.42887948685325,45.73520120151991],[-73.43256510149735,45.730703619823856]]}},{"type":"Feature","properties":{},"geometry":{"type":"LineString","coordinates":[[-73.7679236715645,45.49451221657058],[-73.75568305275553,45.50640605060654]]}},{"type":"Feature","properties":{},"geometry":{"type":"LineString","coordinates":[[-75.52234980573859,47.764162088927435],[-75.52045724342805,47.8463321427534]]}},{"type":"Feature","properties":{},"geometry":{"type":"LineString","coordinates":[[-75.9311178012766,45.431833250833805],[-75.89518509822278,45.401634686952924]]}},{"type":"Feature","properties":{},"geometry":{"type":"LineString","coordinates":[[-76.2962168148672,45.46453156281488],[-76.24020557145745,45.47120231254441],[-76.21034577726827,45.516725130762595],[-76.10560597361871,45.51620655490336],[-75.98716460661818,45.479645308637764],[-75.9311178012766,45.431833250833805]]}},{"type":"Feature","properties":{},"geometry":{"type":"LineString","coordinates":[[-77.85016760210644,46.20796968597871],[-77.6946549707841,46.182698280005084],[-77.67652625011414,46.19884418903022],[-77.5660827106313,46.15922059111122],[-77.27913601303403,46.01551370643942],[-77.27840407101421,45.94888964492994],[-77.19032721643872,45.863860846932276],[-76.98768333530982,45.786634757203],[-76.91336820962685,45.80366336039679],[-76.92747638517972,45.84686196639461],[-76.90098129457382,45.85325840187171],[-76.92757515407405,45.892254878220484],[-76.78016160645146,45.87237197867629],[-76.77028979446041,45.73406333006798],[-76.69278273782562,45.708651526157006],[-76.711944539582,45.66548225841489],[-76.66916577364461,45.62371585869339],[-76.65927494664915,45.56072605901664],[-76.36595599940075,45.45783178610226],[-76.2962168148672,45.46453156281488]]}},{"type":"Feature","properties":{},"geometry":{"type":"LineString","coordinates":[[-71.89256064159358,47.77256562284968],[-72.23967849243324,47.53595440916966],[-72.16285410720545,47.46896541796385],[-72.17399425103626,47.438958601928206],[-72.14136362103002,47.41078370145374],[-72.20134884548342,47.36065705415228],[-72.2547359958471,47.26151792952721],[-72.42689706778492,47.299851507877314],[-72.40076261296251,47.35376951722925],[-72.4404221830349,47.40231769463529],[-72.47936693555708,47.37940526048435],[-72.47214715166268,47.33498170912213],[-72.54756834461243,47.309668800864095],[-72.54719714345543,47.204104495593604],[-72.51882541417363,47.14667343926457],[-72.39386745247431,47.12869538461415],[-72.37152567627585,47.10173213605611],[-72.43620450541022,47.05726411068347],[-72.16885369722314,46.874852336812566],[-72.3931711810868,46.792105755238296],[-72.10451742370077,46.58660831251574]]}},{"type":"Feature","properties":{},"geometry":{"type":"LineString","coordinates":[[-73.52947950447177,45.75423463184764],[-73.49934884248059,45.72746656158767]]}},{"type":"Feature","properties":{},"geometry":{"type":"LineString","coordinates":[[-73.48724953482089,45.712675968792375],[-73.49723433112375,45.704743905133036]]}},{"type":"Feature","properties":{},"geometry":{"type":"LineString","coordinates":[[-72.29884289452762,45.58932074496029],[-72.1302963843679,45.5081856048831],[-72.1463752564503,45.4283221091889]]}},{"type":"Feature","properties":{},"geometry":{"type":"LineString","coordinates":[[-73.78099622535233,45.65642665377799],[-73.83599739590102,45.62903206790652],[-73.86390910104926,45.643733536607535]]}},{"type":"Feature","properties":{},"geometry":{"type":"LineString","coordinates":[[-73.84646376154727,45.72176232759538],[-73.76476237694382,45.71277836362553],[-73.73069974925099,45.75431883562876],[-73.82402252769408,45.81691513098844],[-73.80677512143889,45.82083971589908]]}},{"type":"Feature","properties":{},"geometry":{"type":"LineString","coordinates":[[-73.85001125061608,45.724068513709966],[-73.84646376154727,45.72176232759538]]}},{"type":"Feature","properties":{},"geometry":{"type":"LineString","coordinates":[[-73.07263307252862,45.47595263919825],[-73.03457811127726,45.49189754991565],[-72.92499871198972,45.452373131260806],[-72.89661848937672,45.47916838450459],[-72.81719959565471,45.47275519809888],[-72.7995058201206,45.53801876092209],[-72.60701484831137,45.53762450419693],[-72.58637355630107,45.498475600460765],[-72.44862939086119,45.49426292196278],[-72.45467898644094,45.45087280726936],[-72.4038918882273,45.449197251113105],[-72.40232496263953,45.52826357894683],[-72.37860762257971,45.529709871411605],[-72.3596910541232,45.5889079143081],[-72.31440104755353,45.597072338418165]]}},{"type":"Feature","properties":{},"geometry":{"type":"LineString","coordinates":[[-72.99481315550445,45.337566778255024],[-73.04622997942731,45.38698750651979],[-73.087835101191,45.35569653298558],[-73.15968783039708,45.37766231510618]]}},{"type":"Feature","properties":{},"geometry":{"type":"LineString","coordinates":[[-72.70436044745269,46.424114523749395],[-72.60590975201636,46.3755632469112],[-72.57308763935279,46.36853927841488],[-72.5404971408567,46.407455131148296],[-72.49859222846136,46.37617588530652]]}},{"type":"Feature","properties":{},"geometry":{"type":"LineString","coordinates":[[-73.84646376154727,45.72176232759538],[-73.75321295791545,45.67728526919596]]}},{"type":"Feature","properties":{},"geometry":{"type":"LineString","coordinates":[[-74.38087638693005,45.5659044334263],[-74.4213767234344,45.43979340306138]]}},{"type":"Feature","properties":{},"geometry":{"type":"LineString","coordinates":[[-78.9813219852435,43.858437915801424],[-79.00854293234254,43.92250230715114]]}},{"type":"Feature","properties":{},"geometry":{"type":"LineString","coordinates":[[-79.00854293234254,43.92250230715114],[-79.08850819575923,43.90418090026913],[-79.04397745651033,43.82919388886141]]}},{"type":"Feature","properties":{},"geometry":{"type":"LineString","coordinates":[[-76.3539711068924,45.4105576333762],[-76.2962168148672,45.46453156281488]]}},{"type":"Feature","properties":{},"geometry":{"type":"LineString","coordinates":[[-77.13748229534765,45.09926047825834],[-76.97068421799409,45.14532242339325],[-76.9924863248013,45.18443210175372],[-76.93773344279097,45.210861529266666],[-76.89451533946897,45.19351447370212],[-76.81473035719004,45.221399497384446],[-76.76980018022779,45.14228562817979],[-76.3539711068924,45.4105576333762]]}},{"type":"Feature","properties":{},"geometry":{"type":"LineString","coordinates":[[-78.17845589821559,45.30978877931232],[-77.69095883045712,45.43811923984571],[-77.54399618536905,45.143584146028445],[-77.21580353145885,45.23703755186096],[-77.13748229534765,45.09926047825834]]}},{"type":"Feature","properties":{},"geometry":{"type":"LineString","coordinates":[[-78.31462910718555,45.56075873680126],[-78.17845589821559,45.30978877931232]]}},{"type":"Feature","properties":{},"geometry":{"type":"LineString","coordinates":[[-78.40347142936616,46.29338829992327],[-78.32810156156994,46.12148906132192],[-78.6819159682718,46.00701007320014],[-78.61560065805745,45.888016590390116],[-78.44544217767636,45.93197407764191],[-78.2481785476274,45.57864497376217],[-78.31462910718555,45.56075873680126]]}},{"type":"Feature","properties":{},"geometry":{"type":"LineString","coordinates":[[-79.40645613812904,44.01380967390812],[-79.49949149997968,44.01647049929587]]}},{"type":"Feature","properties":{},"geometry":{"type":"LineString","coordinates":[[-79.38952093594065,43.92378760256995],[-79.40645613812904,44.01380967390812]]}},{"type":"Feature","properties":{},"geometry":{"type":"LineString","coordinates":[[-79.38405993653308,43.90146359335697],[-79.38952093594065,43.92378760256995]]}},{"type":"Feature","properties":{},"geometry":{"type":"LineString","coordinates":[[-79.46735250856194,43.88411169464903],[-79.38405993653308,43.90146359335697]]}},{"type":"Feature","properties":{},"geometry":{"type":"LineString","coordinates":[[-79.49949149997968,44.01647049929587],[-79.46735250856194,43.88411169464903]]}},{"type":"Feature","properties":{},"geometry":{"type":"LineString","coordinates":[[-79.50897489422307,44.42235654945056],[-79.7456508093832,44.36202959131387]]}},{"type":"Feature","properties":{},"geometry":{"type":"LineString","coordinates":[[-79.51265408566606,44.2101113048632],[-79.50897489422307,44.42235654945056]]}},{"type":"Feature","properties":{},"geometry":{"type":"LineString","coordinates":[[-79.72323719338446,44.18521409215932],[-79.71793935425428,44.16474295062013],[-79.51265408566606,44.2101113048632]]}},{"type":"Feature","properties":{},"geometry":{"type":"LineString","coordinates":[[-79.7456508093832,44.36202959131387],[-79.70461861024019,44.20193081229546],[-79.72323719338446,44.18521409215932]]}},{"type":"Feature","properties":{},"geometry":{"type":"LineString","coordinates":[[-79.29856866713233,44.4522737774817],[-79.41198851605652,44.58771621451885],[-79.44665528622193,44.56960319543354],[-79.47563588947732,44.60327300254046],[-79.45708371948169,44.612160308711445],[-79.50973848527458,44.619420092042205],[-79.57830007279522,44.69803911905498],[-79.64518312546458,44.67000416551226],[-79.67718768869968,44.70520408712443],[-79.9844292686654,44.56985534557502]]}},{"type":"Feature","properties":{},"geometry":{"type":"LineString","coordinates":[[-79.50897489422307,44.42235654945056],[-79.29856866713233,44.4522737774817]]}},{"type":"Feature","properties":{},"geometry":{"type":"LineString","coordinates":[[-79.9844292686654,44.56985534557502],[-79.96481501196916,44.52609629386936],[-79.98308971142491,44.487903465488394],[-79.85208691361805,44.338525211244416],[-79.7456508093832,44.36202959131387]]}},{"type":"Feature","properties":{},"geometry":{"type":"LineString","coordinates":[[-77.25446497267089,44.18817165337187],[-77.29140179935268,44.22171561030183],[-77.59305703709884,44.128255351460815],[-77.56854249124355,44.183478496484454],[-77.59996283194567,44.219622997120155],[-77.56844598011392,44.26566011774962],[-77.6399907611167,44.24884229683301]]}},{"type":"Feature","properties":{},"geometry":{"type":"LineString","coordinates":[[-77.20682493933982,44.14825683702557],[-77.2170695444547,44.14825683702557]]}},{"type":"Feature","properties":{},"geometry":{"type":"LineString","coordinates":[[-77.06681461717808,44.18081291439281],[-77.16006277279834,44.15587532184232]]}},{"type":"Feature","properties":{},"geometry":{"type":"LineString","coordinates":[[-76.93484473725387,44.07907438584033],[-77.02055052116056,44.04467370243739],[-77.07655678867808,44.05664103026912]]}},{"type":"Feature","properties":{},"geometry":{"type":"LineString","coordinates":[[-76.87365007286145,44.11380626934218],[-76.9006344364042,44.10058955878198]]}},{"type":"Feature","properties":{},"geometry":{"type":"LineString","coordinates":[[-77.6399907611167,44.24884229683301],[-77.6830857494165,44.26308868341542],[-77.75449185256198,44.23869047420917],[-77.66149144758204,44.03727697139446]]}},{"type":"Feature","properties":{},"geometry":{"type":"LineString","coordinates":[[-79.3200660866922,43.71552806458008],[-79.33303742058143,43.703421727620835]]}},{"type":"Feature","properties":{},"geometry":{"type":"LineString","coordinates":[[-79.30058081702828,43.719775798507634],[-79.3200660866922,43.71552806458008]]}},{"type":"Feature","properties":{},"geometry":{"type":"LineString","coordinates":[[-79.28963506619625,43.69442484698243],[-79.30058081702828,43.719775798507634]]}},{"type":"Feature","properties":{},"geometry":{"type":"LineString","coordinates":[[-79.33303742058143,43.703421727620835],[-79.32166536664793,43.67869350954539]]}},{"type":"Feature","properties":{},"geometry":{"type":"LineString","coordinates":[[-78.68895910977118,44.05920501077834],[-78.70324310331107,44.080445511964584]]}},{"type":"Feature","properties":{},"geometry":{"type":"LineString","coordinates":[[-78.6258593836638,43.9100515679257],[-78.68895910977118,44.05920501077834]]}},{"type":"Feature","properties":{},"geometry":{"type":"LineString","coordinates":[[-78.91418000124978,43.92498999168186],[-78.82977341323733,43.94397539269363],[-78.80125363907975,43.878217048069665]]}},{"type":"Feature","properties":{},"geometry":{"type":"LineString","coordinates":[[-78.92840828151496,43.95837117801596],[-78.91418000124978,43.92498999168186]]}},{"type":"Feature","properties":{},"geometry":{"type":"LineString","coordinates":[[-78.95938741881632,44.02868709025615],[-78.92840828151496,43.95837117801596]]}},{"type":"Feature","properties":{},"geometry":{"type":"LineString","coordinates":[[-78.70324310331107,44.080445511964584],[-78.95938741881632,44.02868709025615]]}},{"type":"Feature","properties":{},"geometry":{"type":"LineString","coordinates":[[-79.76504442932054,43.72571032922281],[-79.78668630873524,43.70583900459634]]}},{"type":"Feature","properties":{},"geometry":{"type":"LineString","coordinates":[[-79.70377514554383,43.67391097191302],[-79.76504442932054,43.72571032922281]]}},{"type":"Feature","properties":{},"geometry":{"type":"LineString","coordinates":[[-79.80236971861194,43.681934296761234],[-79.74374101328549,43.65641529047533],[-79.70377514554383,43.67391097191302]]}},{"type":"Feature","properties":{},"geometry":{"type":"LineString","coordinates":[[-79.78668630873524,43.70583900459634],[-79.80236971861194,43.681934296761234]]}},{"type":"Feature","properties":{},"geometry":{"type":"LineString","coordinates":[[-79.6715794295913,43.70829731609285],[-79.74863998459875,43.765248491921334]]}},{"type":"Feature","properties":{},"geometry":{"type":"LineString","coordinates":[[-79.69521024688534,43.665416201413],[-79.6715794295913,43.70829731609285]]}},{"type":"Feature","properties":{},"geometry":{"type":"LineString","coordinates":[[-79.70377514554383,43.67391097191302],[-79.69521024688534,43.665416201413]]}},{"type":"Feature","properties":{},"geometry":{"type":"LineString","coordinates":[[-79.74863998459875,43.765248491921334],[-79.76504442932054,43.72571032922281]]}},{"type":"Feature","properties":{},"geometry":{"type":"LineString","coordinates":[[-79.69521541985635,43.8477181197146],[-79.7273571967097,43.819603897870245]]}},{"type":"Feature","properties":{},"geometry":{"type":"LineString","coordinates":[[-79.67866791658305,43.81930340254983],[-79.69521541985635,43.8477181197146]]}},{"type":"Feature","properties":{},"geometry":{"type":"LineString","coordinates":[[-79.63930240562546,43.749845708010376],[-79.67866791658305,43.81930340254983]]}},{"type":"Feature","properties":{},"geometry":{"type":"LineString","coordinates":[[-79.6304738010924,43.73639659084885],[-79.63930240562546,43.749845708010376]]}},{"type":"Feature","properties":{},"geometry":{"type":"LineString","coordinates":[[-79.6715794295913,43.70829731609285],[-79.6304738010924,43.73639659084885]]}},{"type":"Feature","properties":{},"geometry":{"type":"LineString","coordinates":[[-79.7273571967097,43.819603897870245],[-79.77187888875277,43.78239240736748],[-79.74863998459875,43.765248491921334]]}},{"type":"Feature","properties":{},"geometry":{"type":"LineString","coordinates":[[-79.88887089611165,43.674890594634924],[-79.8301737632633,43.72885994804642],[-79.78668630873524,43.70583900459634]]}},{"type":"Feature","properties":{},"geometry":{"type":"LineString","coordinates":[[-79.91560419892566,43.69471729074492],[-79.88887089611165,43.674890594634924]]}},{"type":"Feature","properties":{},"geometry":{"type":"LineString","coordinates":[[-79.9374157885505,43.710982994581535],[-79.91560419892566,43.69471729074492]]}},{"type":"Feature","properties":{},"geometry":{"type":"LineString","coordinates":[[-79.7273571967097,43.819603897870245],[-79.78165801843333,43.85949679372147],[-79.9374157885505,43.710982994581535]]}},{"type":"Feature","properties":{},"geometry":{"type":"LineString","coordinates":[[-79.74586882553444,43.62872341487485],[-79.69521024688534,43.665416201413]]}},{"type":"Feature","properties":{},"geometry":{"type":"LineString","coordinates":[[-79.79035675145585,43.60223143858844],[-79.74586882553444,43.62872341487485]]}},{"type":"Feature","properties":{},"geometry":{"type":"LineString","coordinates":[[-79.8522757094884,43.64787910420817],[-79.79035675145585,43.60223143858844]]}},{"type":"Feature","properties":{},"geometry":{"type":"LineString","coordinates":[[-79.80236971861194,43.681934296761234],[-79.8522757094884,43.64787910420817]]}},{"type":"Feature","properties":{},"geometry":{"type":"LineString","coordinates":[[-79.88887089611165,43.674890594634924],[-79.8522757094884,43.64787910420817]]}},{"type":"Feature","properties":{},"geometry":{"type":"LineString","coordinates":[[-79.98432309550942,43.13200039484803],[-80.17808384622703,43.2020921756022],[-80.31924900651482,43.198525311637155],[-80.35230322375274,43.154278595936965],[-80.42181610220628,43.143566098250574],[-80.43645260586938,43.17940630635182]]}},{"type":"Feature","properties":{},"geometry":{"type":"LineString","coordinates":[[-80.54342299281674,42.984863201617884],[-80.24370921226651,43.03214540319005],[-80.05551144715582,42.963390681404526],[-79.99318499854353,43.02713904043611],[-79.98432309550942,43.13200039484803]]}},{"type":"Feature","properties":{},"geometry":{"type":"LineString","coordinates":[[-80.43645260586938,43.17940630635182],[-80.6087454081934,43.15163401281337],[-80.54342299281674,42.984863201617884]]}},{"type":"Feature","properties":{},"geometry":{"type":"LineString","coordinates":[[-80.43842851805906,44.02598939241719],[-80.37495988403975,44.03927560068785],[-80.39817789883163,44.13514213292351],[-80.36099600783956,44.1673825412302],[-80.42293451344848,44.20004791253011],[-80.41119190730275,44.214614400616064],[-80.22907790214954,44.25341919091553]]}},{"type":"Feature","properties":{},"geometry":{"type":"LineString","coordinates":[[-80.98911870062213,43.98673669394966],[-80.835828950048,44.00457664132948],[-80.82692017534094,43.967885099685965],[-80.75426888523037,43.976652209794594],[-80.74728903029562,44.00187209087768],[-80.71634769340574,43.98129000466838],[-80.43842851805906,44.02598939241719]]}},{"type":"Feature","properties":{},"geometry":{"type":"LineString","coordinates":[[-81.36794570739232,44.52540517152644],[-81.31417833369508,44.486153254304995],[-81.26650961596579,44.25910030219012],[-81.06943911066078,44.2883396035419],[-80.98911870062213,43.98673669394966]]}},{"type":"Feature","properties":{},"geometry":{"type":"LineString","coordinates":[[-80.22907790214954,44.25341919091553],[-80.26636219331522,44.41603399039209],[-80.46372608566868,44.37276079695697],[-80.51800613605832,44.60773742097188]]}},{"type":"Feature","properties":{},"geometry":{"type":"LineString","coordinates":[[-79.75651159409817,43.39541399331001],[-79.8680734071977,43.3527971022097]]}},{"type":"Feature","properties":{},"geometry":{"type":"LineString","coordinates":[[-79.73100450793058,43.37657486947858],[-79.75651159409817,43.39541399331001]]}},{"type":"Feature","properties":{},"geometry":{"type":"LineString","coordinates":[[-79.79802402566752,43.29833029213236],[-79.79316922458753,43.3011307141923]]}},{"type":"Feature","properties":{},"geometry":{"type":"LineString","coordinates":[[-79.89235368146882,43.29381836890822],[-79.79802402566752,43.29833029213236]]}},{"type":"Feature","properties":{},"geometry":{"type":"LineString","coordinates":[[-79.8680734071977,43.3527971022097],[-79.91252965779938,43.30846872326421],[-79.89235368146882,43.29381836890822]]}},{"type":"Feature","properties":{},"geometry":{"type":"LineString","coordinates":[[-79.80814621038253,43.4667737967279],[-79.99269958636042,43.56305440662995]]}},{"type":"Feature","properties":{},"geometry":{"type":"LineString","coordinates":[[-79.75651159409817,43.39541399331001],[-79.81095259126806,43.43476620535722],[-79.80814621038253,43.4667737967279]]}},{"type":"Feature","properties":{},"geometry":{"type":"LineString","coordinates":[[-80.03433919445204,43.471056008144814],[-79.8680734071977,43.3527971022097]]}},{"type":"Feature","properties":{},"geometry":{"type":"LineString","coordinates":[[-79.99269958636042,43.56305440662995],[-80.085591199697,43.62897720603721],[-80.16035631045433,43.56110749875699],[-80.03433919445204,43.471056008144814]]}},{"type":"Feature","properties":{},"geometry":{"type":"LineString","coordinates":[[-80.48144950256703,43.35802799824958],[-80.50363259603735,43.34806839612225]]}},{"type":"Feature","properties":{},"geometry":{"type":"LineString","coordinates":[[-80.28308795616377,43.42097459308339],[-80.48144950256703,43.35802799824958]]}},{"type":"Feature","properties":{},"geometry":{"type":"LineString","coordinates":[[-80.20467819885336,43.39751851019202],[-80.26957296971418,43.38734213145137],[-80.28308795616377,43.42097459308339]]}},{"type":"Feature","properties":{},"geometry":{"type":"LineString","coordinates":[[-80.47154301322172,43.266802011894676],[-80.238434794785,43.3065339022508],[-80.24848621460701,43.3335857637791],[-80.18760310175021,43.343234500741],[-80.20467819885336,43.39751851019202]]}},{"type":"Feature","properties":{},"geometry":{"type":"LineString","coordinates":[[-80.50363259603735,43.34806839612225],[-80.47154301322172,43.266802011894676]]}},{"type":"Feature","properties":{},"geometry":{"type":"LineString","coordinates":[[-75.80182305482816,45.31295762746708],[-75.85236341117147,45.270574206910695],[-75.89558361103003,45.29353679633121],[-75.96812231775684,45.24926359757051],[-76.03958950760376,45.309101989379805],[-76.10072289869606,45.32145500916386],[-75.9311178012766,45.431833250833805]]}},{"type":"Feature","properties":{},"geometry":{"type":"LineString","coordinates":[[-75.69622887734897,45.334236312885366],[-75.70305831258054,45.24463357341815],[-75.74901210963259,45.22651175932515],[-75.80500188875135,45.281477795416144],[-75.80182305482816,45.31295762746708]]}},{"type":"Feature","properties":{},"geometry":{"type":"LineString","coordinates":[[-75.58507201854509,45.38499872017031],[-75.58001971326725,45.296848303741264],[-75.67689330675022,45.29788439568187],[-75.69622887734897,45.334236312885366]]}},{"type":"Feature","properties":{},"geometry":{"type":"LineString","coordinates":[[-75.35318540996226,45.182074493685604],[-75.4259448200089,45.312465693636554],[-75.33515169040095,45.33677654346494],[-75.58507201854509,45.38499872017031]]}},{"type":"Feature","properties":{},"geometry":{"type":"LineString","coordinates":[[-75.5949841945414,45.08434820275857],[-75.35318540996226,45.182074493685604]]}},{"type":"Feature","properties":{},"geometry":{"type":"LineString","coordinates":[[-75.81954218537328,44.96221311648502],[-75.64298477245421,45.06790473409494],[-75.62860106359645,45.12552851801474],[-75.5949841945414,45.08434820275857]]}},{"type":"Feature","properties":{},"geometry":{"type":"LineString","coordinates":[[-76.3539711068924,45.4105576333762],[-75.81954218537328,44.96221311648502]]}},{"type":"Feature","properties":{},"geometry":{"type":"LineString","coordinates":[[-81.83506290719325,42.650961506684865],[-82.0087736627112,42.65065736398092],[-82.02398455249619,42.62461786594378],[-82.48397924093035,42.63146766553748],[-82.47832467587594,42.59635364187687],[-82.42058886674286,42.57330775431727],[-82.40239390461716,42.53081504611128],[-82.44101819986167,42.499113582457824]]}},{"type":"Feature","properties":{},"geometry":{"type":"LineString","coordinates":[[-81.83465275010695,42.60801433628661],[-81.83506290719325,42.650961506684865]]}},{"type":"Feature","properties":{},"geometry":{"type":"LineString","coordinates":[[-81.6710079957495,42.474669387677615],[-81.83465275010695,42.60801433628661]]}},{"type":"Feature","properties":{},"geometry":{"type":"LineString","coordinates":[[-82.46672309122037,42.32943630105276],[-82.4299559048681,42.29757631210647],[-82.4514287690347,42.26221292125837],[-82.43702309771844,42.19371310971494],[-82.45789981706538,42.16536149141393],[-82.63573758526255,42.17168109700679],[-82.64486313191546,42.04101129130153]]}},{"type":"Feature","properties":{},"geometry":{"type":"LineString","coordinates":[[-79.45026799344095,43.695685386358114],[-79.46460033117455,43.692154033728656]]}},{"type":"Feature","properties":{},"geometry":{"type":"LineString","coordinates":[[-79.42939621476148,43.670982002996716],[-79.45026799344095,43.695685386358114]]}},{"type":"Feature","properties":{},"geometry":{"type":"LineString","coordinates":[[-79.42053372773243,43.64873950054553],[-79.42939621476148,43.670982002996716]]}},{"type":"Feature","properties":{},"geometry":{"type":"LineString","coordinates":[[-79.46889015085172,43.676213531438044],[-79.44472750228182,43.65165441314184]]}},{"type":"Feature","properties":{},"geometry":{"type":"LineString","coordinates":[[-79.46460033117455,43.692154033728656],[-79.48671873621359,43.68743497975086],[-79.46889015085172,43.676213531438044]]}},{"type":"Feature","properties":{},"geometry":{"type":"LineString","coordinates":[[-79.35207171136518,43.81324190490165],[-79.39621860826549,43.803263106689634]]}},{"type":"Feature","properties":{},"geometry":{"type":"LineString","coordinates":[[-79.33724596229342,43.76771050776002],[-79.35207171136518,43.81324190490165]]}},{"type":"Feature","properties":{},"geometry":{"type":"LineString","coordinates":[[-79.34390685291923,43.75648660658408],[-79.3596421792559,43.76647747616248],[-79.33724596229342,43.76771050776002]]}},{"type":"Feature","properties":{},"geometry":{"type":"LineString","coordinates":[[-79.406484483958,43.74329790849024],[-79.34390685291923,43.75648660658408]]}},{"type":"Feature","properties":{},"geometry":{"type":"LineString","coordinates":[[-79.40837613216046,43.75360390716943],[-79.406484483958,43.74329790849024]]}},{"type":"Feature","properties":{},"geometry":{"type":"LineString","coordinates":[[-79.39621860826549,43.803263106689634],[-79.38704780239858,43.76331864701643],[-79.40837613216046,43.75360390716943]]}},{"type":"Feature","properties":{},"geometry":{"type":"LineString","coordinates":[[-79.3200660866922,43.71552806458008],[-79.34390685291923,43.75648660658408]]}},{"type":"Feature","properties":{},"geometry":{"type":"LineString","coordinates":[[-79.36220138363647,43.688525062095565],[-79.33303742058143,43.703421727620835]]}},{"type":"Feature","properties":{},"geometry":{"type":"LineString","coordinates":[[-79.37088810148029,43.69064988165588],[-79.36220138363647,43.688525062095565]]}},{"type":"Feature","properties":{},"geometry":{"type":"LineString","coordinates":[[-79.39898759557352,43.709581999005486],[-79.37088810148029,43.69064988165588]]}},{"type":"Feature","properties":{},"geometry":{"type":"LineString","coordinates":[[-79.406484483958,43.74329790849024],[-79.39898759557352,43.709581999005486]]}},{"type":"Feature","properties":{},"geometry":{"type":"LineString","coordinates":[[-79.83358198183342,43.97703620888911],[-79.95117640653089,43.95142348944206],[-80.03400479854952,44.294871706438656],[-80.22907790214954,44.25341919091553]]}},{"type":"Feature","properties":{},"geometry":{"type":"LineString","coordinates":[[-79.77550439905944,43.989757511982944],[-79.83358198183342,43.97703620888911]]}},{"type":"Feature","properties":{},"geometry":{"type":"LineString","coordinates":[[-79.69521541985635,43.8477181197146],[-79.77550439905944,43.989757511982944]]}},{"type":"Feature","properties":{},"geometry":{"type":"LineString","coordinates":[[-80.38791321197783,43.85771139716712],[-80.25104690988704,43.76144261211969],[-80.13987539092568,43.86153918755361],[-79.9374157885505,43.710982994581535]]}},{"type":"Feature","properties":{},"geometry":{"type":"LineString","coordinates":[[-80.43842851805906,44.02598939241719],[-80.38791321197783,43.85771139716712]]}},{"type":"Feature","properties":{},"geometry":{"type":"LineString","coordinates":[[-79.41156975944962,43.75156816463806],[-79.47253426218684,43.72486862728072]]}},{"type":"Feature","properties":{},"geometry":{"type":"LineString","coordinates":[[-79.40837613216046,43.75360390716943],[-79.41156975944962,43.75156816463806]]}},{"type":"Feature","properties":{},"geometry":{"type":"LineString","coordinates":[[-79.45026799344095,43.695685386358114],[-79.39898759557352,43.709581999005486]]}},{"type":"Feature","properties":{},"geometry":{"type":"LineString","coordinates":[[-79.47253426218684,43.72486862728072],[-79.46460033117455,43.692154033728656]]}},{"type":"Feature","properties":{},"geometry":{"type":"LineString","coordinates":[[-81.37804847618082,42.934361067352036],[-81.33656372330908,42.878853698333366],[-81.30106349027874,42.88149563857985],[-81.28076397155928,42.84684076051348],[-81.30119698887883,42.82407580007231],[-81.43466704166009,42.794369299404025],[-81.41939260966438,42.774262754847356],[-81.48141174583348,42.78382226352223],[-81.47365613340625,42.75331272118053],[-81.56912082167155,42.74647710884533],[-81.6283807376492,42.68309184732266],[-81.68576918737196,42.69658630469689],[-81.68165180176574,42.67345385855075],[-81.71690984816216,42.66602060387081],[-81.70213178776591,42.63889260224983],[-81.73694905526388,42.661566205133504],[-81.83465275010695,42.60801433628661]]}},{"type":"Feature","properties":{},"geometry":{"type":"LineString","coordinates":[[-81.25801808972993,42.94071041119448],[-81.37804847618082,42.934361067352036]]}},{"type":"Feature","properties":{},"geometry":{"type":"LineString","coordinates":[[-81.11344695305563,42.94455338953095],[-81.24787560478191,42.92323530489458],[-81.25801808972993,42.94071041119448]]}},{"type":"Feature","properties":{},"geometry":{"type":"LineString","coordinates":[[-80.89869379175002,42.9125618979882],[-81.11969615411498,42.8908040680537],[-81.11344695305563,42.94455338953095]]}},{"type":"Feature","properties":{},"geometry":{"type":"LineString","coordinates":[[-80.74463614616931,42.82398376366962],[-80.76183128550731,42.84647639492462],[-80.87701438679412,42.8296469976235],[-80.89869379175002,42.9125618979882]]}},{"type":"Feature","properties":{},"geometry":{"type":"LineString","coordinates":[[-80.72105613845771,42.61929108609549],[-80.71713209265552,42.78820722945654],[-80.74463614616931,42.82398376366962]]}},{"type":"Feature","properties":{},"geometry":{"type":"LineString","coordinates":[[-82.77759775374761,42.31190485811589],[-82.79396149462329,42.2383456115498],[-82.87357859312384,42.24065668937817],[-82.87740998801809,42.17977750767778],[-83.00056301428667,42.18388869102662],[-82.99693780665322,42.235692597583885]]}},{"type":"Feature","properties":{},"geometry":{"type":"LineString","coordinates":[[-82.99693780665322,42.235692597583885],[-83.10048693885749,42.25232396434733]]}},{"type":"Feature","properties":{},"geometry":{"type":"LineString","coordinates":[[-79.53272859672448,43.696156089220835],[-79.59119391608489,43.66875406449394]]}},{"type":"Feature","properties":{},"geometry":{"type":"LineString","coordinates":[[-79.51172973426321,43.6622968560243],[-79.53272859672448,43.696156089220835]]}},{"type":"Feature","properties":{},"geometry":{"type":"LineString","coordinates":[[-79.5055572407498,43.662777465930894],[-79.51172973426321,43.6622968560243]]}},{"type":"Feature","properties":{},"geometry":{"type":"LineString","coordinates":[[-79.56803962351108,43.61394632945198],[-79.5055572407498,43.662777465930894]]}},{"type":"Feature","properties":{},"geometry":{"type":"LineString","coordinates":[[-79.60885188864192,43.64643124505831],[-79.56803962351108,43.61394632945198]]}},{"type":"Feature","properties":{},"geometry":{"type":"LineString","coordinates":[[-79.59119391608489,43.66875406449394],[-79.60885188864192,43.64643124505831]]}},{"type":"Feature","properties":{},"geometry":{"type":"LineString","coordinates":[[-79.48033308848879,43.638197633054894],[-79.5055572407498,43.662777465930894]]}},{"type":"Feature","properties":{},"geometry":{"type":"LineString","coordinates":[[-79.5673600451649,43.60950063872664],[-79.54883162059215,43.59027790816997]]}},{"type":"Feature","properties":{},"geometry":{"type":"LineString","coordinates":[[-79.56803962351108,43.61394632945198],[-79.5673600451649,43.60950063872664]]}},{"type":"Feature","properties":{},"geometry":{"type":"LineString","coordinates":[[-79.53783079961434,43.71298532664427],[-79.58061094434716,43.76299708145302]]}},{"type":"Feature","properties":{},"geometry":{"type":"LineString","coordinates":[[-79.53272859672448,43.696156089220835],[-79.53783079961434,43.71298532664427]]}},{"type":"Feature","properties":{},"geometry":{"type":"LineString","coordinates":[[-79.6304738010924,43.73639659084885],[-79.59119391608489,43.66875406449394]]}},{"type":"Feature","properties":{},"geometry":{"type":"LineString","coordinates":[[-79.58061094434716,43.76299708145302],[-79.63930240562546,43.749845708010376]]}},{"type":"Feature","properties":{},"geometry":{"type":"LineString","coordinates":[[-79.89722446358823,43.28824285426829],[-79.89235368146882,43.29381836890822]]}},{"type":"Feature","properties":{},"geometry":{"type":"LineString","coordinates":[[-79.91505854076972,43.20136118921059],[-80.03861419637687,43.18295224344675],[-80.05661651274808,43.24487843323647],[-79.89722446358823,43.28824285426829]]}},{"type":"Feature","properties":{},"geometry":{"type":"LineString","coordinates":[[-79.82821641480092,43.180844493084734],[-79.91505854076972,43.20136118921059]]}},{"type":"Feature","properties":{},"geometry":{"type":"LineString","coordinates":[[-79.63559910355876,43.195282719913884],[-79.7548928764047,43.211711155089276],[-79.7839774246624,43.16809035654029],[-79.82821641480092,43.180844493084734]]}},{"type":"Feature","properties":{},"geometry":{"type":"LineString","coordinates":[[-79.75407963423177,43.05053397062927],[-79.7097530901156,43.155839324438546],[-79.65863482546933,43.143973511323864],[-79.63559910355876,43.195282719913884]]}},{"type":"Feature","properties":{},"geometry":{"type":"LineString","coordinates":[[-79.98432309550942,43.13200039484803],[-79.75407963423177,43.05053397062927]]}},{"type":"Feature","properties":{},"geometry":{"type":"LineString","coordinates":[[-80.47154301322172,43.266802011894676],[-80.43645260586938,43.17940630635182]]}},{"type":"Feature","properties":{},"geometry":{"type":"LineString","coordinates":[[-80.03433919445204,43.471056008144814],[-80.07856049031564,43.418063298355584],[-80.20467819885336,43.39751851019202]]}},{"type":"Feature","properties":{},"geometry":{"type":"LineString","coordinates":[[-80.32341448382496,43.53174994821407],[-80.21498934896182,43.505504654493656],[-80.18563401086205,43.550363212850016],[-80.26745122312865,43.59482022099126],[-80.32341448382496,43.53174994821407]]}},{"type":"Feature","properties":{},"geometry":{"type":"LineString","coordinates":[[-80.54342299281674,42.984863201617884],[-80.50538490877904,42.884081291260344],[-80.70520449259558,42.85456470685063],[-80.74463614616931,42.82398376366962]]}},{"type":"Feature","properties":{},"geometry":{"type":"LineString","coordinates":[[-79.44110004987228,42.880153151034435],[-79.51168849506706,42.96483358691114],[-79.75407963423177,43.05053397062927]]}},{"type":"Feature","properties":{},"geometry":{"type":"LineString","coordinates":[[-78.31462910718555,45.56075873680126],[-78.8598644794345,45.4146243508842]]}},{"type":"Feature","properties":{},"geometry":{"type":"LineString","coordinates":[[-77.88747432537885,44.76910851272022],[-78.17845589821559,45.30978877931232]]}},{"type":"Feature","properties":{},"geometry":{"type":"LineString","coordinates":[[-78.34703320008309,44.11986848727476],[-78.38734981416744,44.20441311091394],[-78.35467363977638,44.21188238191274],[-78.32812717502738,44.26550758080084],[-78.3611662795666,44.25214079269965],[-78.3834417755298,44.30090038913845],[-78.42546930703739,44.29042390241799],[-78.48846548941086,44.467456524593196],[-78.37808987740274,44.49049707712189],[-78.3453202254459,44.55651802100887],[-78.15918494962655,44.54404072680481],[-78.00469009218412,44.581856665359204],[-78.069070854029,44.7257112094945],[-77.88747432537885,44.76910851272022]]}},{"type":"Feature","properties":{},"geometry":{"type":"LineString","coordinates":[[-78.68895910977118,44.05920501077834],[-78.34703320008309,44.11986848727476]]}},{"type":"Feature","properties":{},"geometry":{"type":"LineString","coordinates":[[-79.08183403820404,44.51582270932786],[-78.9220494059023,44.15369652423689],[-78.88267720019927,44.21703847345039],[-78.85188387556836,44.21290050237252],[-78.84219893446296,44.16918707306573],[-78.7701829621562,44.22742824528306],[-78.70324310331107,44.080445511964584]]}},{"type":"Feature","properties":{},"geometry":{"type":"LineString","coordinates":[[-79.20788221529482,44.79486700931454],[-79.08183403820404,44.51582270932786]]}},{"type":"Feature","properties":{},"geometry":{"type":"LineString","coordinates":[[-78.8598644794345,45.4146243508842],[-78.97320576329584,45.37979476530611],[-78.84319645181837,45.14503004137577],[-79.00114201233087,45.10548377502292],[-78.93439266429674,44.985642177886106],[-79.11929894457731,44.94996296605948],[-79.0629072986032,44.8401315445863],[-79.20788221529482,44.79486700931454]]}},{"type":"Feature","properties":{},"geometry":{"type":"LineString","coordinates":[[-79.81944429288234,43.200257269243],[-79.7898453183439,43.226146477539935],[-79.79802402566752,43.29833029213236]]}},{"type":"Feature","properties":{},"geometry":{"type":"LineString","coordinates":[[-79.87878762167897,43.24518384619151],[-79.81596334893638,43.22946496374363],[-79.81944429288234,43.200257269243]]}},{"type":"Feature","properties":{},"geometry":{"type":"LineString","coordinates":[[-79.89722446358823,43.28824285426829],[-79.8940649927114,43.260749690147726],[-79.9317010152683,43.2456123924392],[-79.87878762167897,43.24518384619151]]}},{"type":"Feature","properties":{},"geometry":{"type":"LineString","coordinates":[[-79.63559910355876,43.195282719913884],[-79.62325000831642,43.22359134874401]]}},{"type":"Feature","properties":{},"geometry":{"type":"LineString","coordinates":[[-79.81944429288234,43.200257269243],[-79.82821641480092,43.180844493084734]]}},{"type":"Feature","properties":{},"geometry":{"type":"LineString","coordinates":[[-79.87878762167897,43.24518384619151],[-79.91505854076972,43.20136118921059]]}},{"type":"Feature","properties":{},"geometry":{"type":"LineString","coordinates":[[-76.71279459664218,44.3517937114187],[-76.92464823183408,44.63847999856341],[-77.03219156421646,44.61195962135865],[-77.11816285345358,44.777009555676926],[-77.17628069959378,44.77653818971278],[-77.22135925820835,44.91954195715859],[-77.06570643987014,44.96251155845091],[-77.13748229534765,45.09926047825834]]}},{"type":"Feature","properties":{},"geometry":{"type":"LineString","coordinates":[[-76.63501016958524,44.23507751856508],[-76.71279459664218,44.3517937114187]]}},{"type":"Feature","properties":{},"geometry":{"type":"LineString","coordinates":[[-77.72737240824847,44.43647221096346],[-77.6399907611167,44.24884229683301]]}},{"type":"Feature","properties":{},"geometry":{"type":"LineString","coordinates":[[-77.88747432537885,44.76910851272022],[-77.72737240824847,44.43647221096346]]}},{"type":"Feature","properties":{},"geometry":{"type":"LineString","coordinates":[[-79.53482341822235,43.7726942519883],[-79.58061094434716,43.76299708145302]]}},{"type":"Feature","properties":{},"geometry":{"type":"LineString","coordinates":[[-79.49443168209861,43.78164890750748],[-79.53482341822235,43.7726942519883]]}},{"type":"Feature","properties":{},"geometry":{"type":"LineString","coordinates":[[-79.50781988366388,43.717748606827925],[-79.49443168209861,43.78164890750748]]}},{"type":"Feature","properties":{},"geometry":{"type":"LineString","coordinates":[[-79.53783079961434,43.71298532664427],[-79.50781988366388,43.717748606827925]]}},{"type":"Feature","properties":{},"geometry":{"type":"LineString","coordinates":[[-81.36371900316425,43.26381589916989],[-81.28681031469665,43.35605261074692],[-81.30110329024284,43.381633595368626],[-81.44303828527872,43.42407799206023],[-81.34983449523169,43.5345690012004],[-81.28458830658724,43.50620649483217],[-81.18308609291863,43.628700004043665],[-81.14735028401653,43.61399400165954],[-81.03119570754134,43.7635241071069],[-81.0973828104289,43.79050741264554],[-81.08625650069712,43.80630910865404],[-80.95439919562901,43.82208730395219],[-80.98911870062213,43.98673669394966]]}},{"type":"Feature","properties":{},"geometry":{"type":"LineString","coordinates":[[-81.77377421580749,43.237545244792635],[-81.43117469082068,43.29290150641756],[-81.36371900316425,43.26381589916989]]}},{"type":"Feature","properties":{},"geometry":{"type":"LineString","coordinates":[[-81.76332861530987,43.31963364811835],[-81.74312978401825,43.31064537601435],[-81.77377421580749,43.237545244792635]]}},{"type":"Feature","properties":{},"geometry":{"type":"LineString","coordinates":[[-75.80958613230962,45.33146505052131],[-75.86838351434447,45.350271011135206],[-75.86772034467644,45.38753009434668]]}},{"type":"Feature","properties":{},"geometry":{"type":"LineString","coordinates":[[-75.80182305482816,45.31295762746708],[-75.80958613230962,45.33146505052131]]}},{"type":"Feature","properties":{},"geometry":{"type":"LineString","coordinates":[[-85.25501491413195,55.37332297640605],[-85.36013999000598,55.377894592898876],[-85.64190102381349,55.557706990311395],[-85.89550628108734,55.65575550864528],[-86.26863058895542,55.70801220265805],[-86.37359417858838,55.762385050278084]]}},{"type":"Feature","properties":{},"geometry":{"type":"LineString","coordinates":[[-85.25051532932623,55.37275930292633],[-85.25444585958586,55.37325168961627]]}},{"type":"Feature","properties":{},"geometry":{"type":"LineString","coordinates":[[-85.12215307971447,55.31570142391371],[-85.12205168431369,55.33557359257857],[-85.2085757174829,55.34363090029494],[-85.22871250715828,55.37002801255849]]}},{"type":"Feature","properties":{},"geometry":{"type":"LineString","coordinates":[[-83.7272314079732,55.25193312399871],[-83.89329921038636,55.29496509608074],[-84.07826821024689,55.250087808353854],[-84.30701038668516,55.275138610150904],[-84.54396191199625,55.22430699019667],[-84.85220950462126,55.239863910054176],[-84.83566329877642,55.25160180389849],[-84.97175429830352,55.27968480308372],[-85.1132814224162,55.259048703925956],[-85.12921960924956,55.27656814420113]]}},{"type":"Feature","properties":{},"geometry":{"type":"LineString","coordinates":[[-82.90899087624918,55.19738466561625],[-82.97919241191227,55.22677479971176],[-83.1535859776005,55.195505098889804],[-83.25682291063228,55.21579801094085],[-83.33754678939627,55.19870890187933],[-83.6968985204541,55.26592276532747]]}},{"type":"Feature","properties":{},"geometry":{"type":"LineString","coordinates":[[-82.90823537587083,55.19584117023609],[-82.90897588648588,55.197354041368975]]}},{"type":"Feature","properties":{},"geometry":{"type":"LineString","coordinates":[[-82.90604066262887,55.1913573475315],[-82.90626920457755,55.191824261185126]]}},{"type":"Feature","properties":{},"geometry":{"type":"LineString","coordinates":[[-82.71401545397421,55.15716200303249],[-82.69911848227052,55.138142393905326],[-82.79708640197259,55.12800049706932],[-82.88094878699141,55.15845440572827]]}},{"type":"Feature","properties":{},"geometry":{"type":"LineString","coordinates":[[-82.68875725411078,55.165263950220336],[-82.6901613164674,55.16481357611912]]}},{"type":"Feature","properties":{},"geometry":{"type":"LineString","coordinates":[[-82.67856259379067,55.16853404072394],[-82.68644974621034,55.16600411805676]]}},{"type":"Feature","properties":{},"geometry":{"type":"LineString","coordinates":[[-82.6685755372219,55.17111759450128],[-82.67269284529456,55.17041685076498]]}},{"type":"Feature","properties":{},"geometry":{"type":"LineString","coordinates":[[-82.6548218844036,55.172836801229316],[-82.6563892352583,55.172640882358145]]}},{"type":"Feature","properties":{},"geometry":{"type":"LineString","coordinates":[[-82.41157877747877,55.10389951299008],[-82.51506582482821,55.150817088874504],[-82.53294829666221,55.13550190196028],[-82.51104028678313,55.12785281131328],[-82.5518254093536,55.122446605922846],[-82.6376281240588,55.14553589579719],[-82.65995307960388,55.166448908093635],[-82.62553088857969,55.16113390796637],[-82.65322996182088,55.17303579156671]]}},{"type":"Feature","properties":{},"geometry":{"type":"LineString","coordinates":[[-82.3231025086043,55.077612427121586],[-82.30456438221591,55.05364930736101],[-82.40891195859479,55.091257779168025]]}},{"type":"Feature","properties":{},"geometry":{"type":"LineString","coordinates":[[-82.31446202253824,55.126399192840424],[-82.3291150063872,55.087822851295066]]}},{"type":"Feature","properties":{},"geometry":{"type":"LineString","coordinates":[[-82.2518258370832,55.09169387960401],[-82.3327057685955,55.1444152956465]]}},{"type":"Feature","properties":{},"geometry":{"type":"LineString","coordinates":[[-82.25635450470959,54.97525138958479],[-82.26468380449818,54.993774607214334]]}},{"type":"Feature","properties":{},"geometry":{"type":"LineString","coordinates":[[-82.21880753754853,54.88029789851324],[-82.23553450730114,54.86291410816887],[-82.26086969465449,54.908322433142516]]}},{"type":"Feature","properties":{},"geometry":{"type":"LineString","coordinates":[[-82.19956024117437,54.84808477866776],[-82.2147611986397,54.87882008520508]]}},{"type":"Feature","properties":{},"geometry":{"type":"LineString","coordinates":[[-82.28601111369623,54.65090624285464],[-82.28327103024064,54.657768575800226]]}},{"type":"Feature","properties":{},"geometry":{"type":"LineString","coordinates":[[-82.44273144089782,54.355692644344565],[-82.44334408760363,54.35908651260191]]}},{"type":"Feature","properties":{},"geometry":{"type":"LineString","coordinates":[[-82.43089758999992,54.285186098184006],[-82.43089758999992,54.2868725557816]]}},{"type":"Feature","properties":{},"geometry":{"type":"LineString","coordinates":[[-82.43089758999992,54.26183520159331],[-82.43089758999992,54.28401828278726]]}},{"type":"Feature","properties":{},"geometry":{"type":"LineString","coordinates":[[-82.43089758999992,54.251165038081304],[-82.43089758999992,54.25837078909545]]}},{"type":"Feature","properties":{},"geometry":{"type":"LineString","coordinates":[[-82.43089758999992,54.248965764960445],[-82.43089758999992,54.25051205407049]]}},{"type":"Feature","properties":{},"geometry":{"type":"LineString","coordinates":[[-82.43089758999992,54.24495637532772],[-82.43089758999992,54.24755738764058]]}},{"type":"Feature","properties":{},"geometry":{"type":"LineString","coordinates":[[-82.42801034093672,54.215453910580564],[-82.42824581613758,54.21649481801675]]}},{"type":"Feature","properties":{},"geometry":{"type":"LineString","coordinates":[[-82.4230796743436,54.20430819717732],[-82.4261074889513,54.21008216951165]]}},{"type":"Feature","properties":{},"geometry":{"type":"LineString","coordinates":[[-82.416994013127,54.19498659639037],[-82.42107263484803,54.20048081934123]]}},{"type":"Feature","properties":{},"geometry":{"type":"LineString","coordinates":[[-82.38433962125418,54.16246230662404],[-82.38484210366971,54.162932919134796]]}},{"type":"Feature","properties":{},"geometry":{"type":"LineString","coordinates":[[-82.37344460898416,54.1522583095873],[-82.37431089911055,54.153069655335585]]}},{"type":"Feature","properties":{},"geometry":{"type":"LineString","coordinates":[[-82.37024488629919,54.144393262556775],[-82.37081207702829,54.1468857057047]]}},{"type":"Feature","properties":{},"geometry":{"type":"LineString","coordinates":[[-82.22633877374746,54.028414027084544],[-82.34820900117442,54.12465073080877]]}},{"type":"Feature","properties":{},"geometry":{"type":"LineString","coordinates":[[-82.1914624353188,53.94976141796089],[-82.19169387045392,53.95028334709797]]}},{"type":"Feature","properties":{},"geometry":{"type":"LineString","coordinates":[[-82.1545381645952,53.88757516547318],[-82.16726159189902,53.90714618266073]]}},{"type":"Feature","properties":{},"geometry":{"type":"LineString","coordinates":[[-82.14572698676334,53.740791695599675],[-82.14438081503874,53.74350016062511]]}},{"type":"Feature","properties":{},"geometry":{"type":"LineString","coordinates":[[-82.14717092527899,53.73788652614985],[-82.14672514352988,53.7387834282719]]}},{"type":"Feature","properties":{},"geometry":{"type":"LineString","coordinates":[[-82.16758430904014,53.70796181388379],[-82.14759984229438,53.73702355546504]]}},{"type":"Feature","properties":{},"geometry":{"type":"LineString","coordinates":[[-82.16824441762992,53.70705835714374],[-82.16789662815323,53.70753435874665]]}},{"type":"Feature","properties":{},"geometry":{"type":"LineString","coordinates":[[-82.17778324186105,53.69400305809557],[-82.16861614938911,53.70654958696783]]}},{"type":"Feature","properties":{},"geometry":{"type":"LineString","coordinates":[[-82.20581057440221,53.58346146873714],[-82.21068154959798,53.595068685109545]]}},{"type":"Feature","properties":{},"geometry":{"type":"LineString","coordinates":[[-82.16986580434316,53.46360082344301],[-82.17050604505584,53.46441930291628]]}},{"type":"Feature","properties":{},"geometry":{"type":"LineString","coordinates":[[-82.14166843205349,53.401408339289475],[-82.16438221851108,53.45659064374876]]}},{"type":"Feature","properties":{},"geometry":{"type":"LineString","coordinates":[[-82.12122417034911,53.32946460614889],[-82.12178636724173,53.33144298735917]]}},{"type":"Feature","properties":{},"geometry":{"type":"LineString","coordinates":[[-82.11860274125452,53.32023974892706],[-82.120148162605,53.32567811509734]]}},{"type":"Feature","properties":{},"geometry":{"type":"LineString","coordinates":[[-82.11540563070434,53.30641495021255],[-82.11640944946035,53.31252151474378]]}},{"type":"Feature","properties":{},"geometry":{"type":"LineString","coordinates":[[-82.11504112366022,53.30004236168305],[-82.11516335623668,53.30217932426646]]}},{"type":"Feature","properties":{},"geometry":{"type":"LineString","coordinates":[[-82.11543189902015,53.28609383640097],[-82.1148004958208,53.295835523340514]]}},{"type":"Feature","properties":{},"geometry":{"type":"LineString","coordinates":[[-82.28873588789449,52.96284977893378],[-82.28991498856107,52.963299651190574]]}},{"type":"Feature","properties":{},"geometry":{"type":"LineString","coordinates":[[-82.27354130402696,52.95652222370408],[-82.28712636503448,52.96223568405458]]}},{"type":"Feature","properties":{},"geometry":{"type":"LineString","coordinates":[[-82.1810350690063,52.90607203453939],[-82.22223812272127,52.922565973148615]]}},{"type":"Feature","properties":{},"geometry":{"type":"LineString","coordinates":[[-82.14773041009707,52.89556808663094],[-82.16156524746705,52.897841128227434]]}},{"type":"Feature","properties":{},"geometry":{"type":"LineString","coordinates":[[-82.03885503520621,52.840357648032814],[-82.04251966787494,52.84325393709926]]}},{"type":"Feature","properties":{},"geometry":{"type":"LineString","coordinates":[[-81.98331680942448,52.76638768804067],[-81.98531926549994,52.76917835945719]]}},{"type":"Feature","properties":{},"geometry":{"type":"LineString","coordinates":[[-81.82260902006014,52.63792260907384],[-81.87441232347152,52.66270663191639]]}},{"type":"Feature","properties":{},"geometry":{"type":"LineString","coordinates":[[-81.58557753680995,52.46817843057563],[-81.65281173483415,52.50334770751912]]}},{"type":"Feature","properties":{},"geometry":{"type":"LineString","coordinates":[[-81.51320955025987,52.32845325725547],[-81.51359125938865,52.32868597911967]]}},{"type":"Feature","properties":{},"geometry":{"type":"LineString","coordinates":[[-81.50743891151743,52.32493499241827],[-81.51058108549431,52.32685072492357]]}},{"type":"Feature","properties":{},"geometry":{"type":"LineString","coordinates":[[-81.53629036659095,52.310748107833184],[-81.50670940032188,52.32449022127556]]}},{"type":"Feature","properties":{},"geometry":{"type":"LineString","coordinates":[[-81.4460581583347,52.20001727669263],[-81.50000494615202,52.23445749053822]]}},{"type":"Feature","properties":{},"geometry":{"type":"LineString","coordinates":[[-81.41571978108217,52.16158773022794],[-81.4431951806168,52.19696062693224]]}},{"type":"Feature","properties":{},"geometry":{"type":"LineString","coordinates":[[-81.41469113060748,52.16020307725279],[-81.4152454509956,52.160949240690684]]}},{"type":"Feature","properties":{},"geometry":{"type":"LineString","coordinates":[[-81.40435899920331,52.1462951300537],[-81.42492480513665,52.144780100150214],[-81.40952966172543,52.15325529137268]]}},{"type":"Feature","properties":{},"geometry":{"type":"LineString","coordinates":[[-81.39653533724763,52.135763800831604],[-81.40169086281604,52.14270358649482]]}},{"type":"Feature","properties":{},"geometry":{"type":"LineString","coordinates":[[-81.37099916592325,52.1147394194915],[-81.3863503923914,52.12495592513866]]}},{"type":"Feature","properties":{},"geometry":{"type":"LineString","coordinates":[[-81.35893329737426,52.1067093761315],[-81.36010461063202,52.107488905280995]]}},{"type":"Feature","properties":{},"geometry":{"type":"LineString","coordinates":[[-81.34917817766335,52.103290112672966],[-81.35402895968619,52.1040487768613]]}},{"type":"Feature","properties":{},"geometry":{"type":"LineString","coordinates":[[-81.34396602247847,52.10247492958204],[-81.3462140034816,52.10282651468215]]}},{"type":"Feature","properties":{},"geometry":{"type":"LineString","coordinates":[[-81.22549828182242,52.068090596456585],[-81.34009221505502,52.10186906459968]]}},{"type":"Feature","properties":{},"geometry":{"type":"LineString","coordinates":[[-81.21318283679905,52.06356816054713],[-81.22395385952115,52.06752345894256]]}},{"type":"Feature","properties":{},"geometry":{"type":"LineString","coordinates":[[-81.20014796196988,52.05878153806692],[-81.20694771166255,52.06127851906331]]}},{"type":"Feature","properties":{},"geometry":{"type":"LineString","coordinates":[[-81.15957689504894,52.04388316861459],[-81.1608272521233,52.044342320494366]]}},{"type":"Feature","properties":{},"geometry":{"type":"LineString","coordinates":[[-81.15167973608983,52.04301494865696],[-81.1535046935765,52.04293237140339]]}},{"type":"Feature","properties":{},"geometry":{"type":"LineString","coordinates":[[-81.13236935943681,52.04388872126874],[-81.14513944608244,52.04331088935166]]}},{"type":"Feature","properties":{},"geometry":{"type":"LineString","coordinates":[[-81.09862853776,52.054576079253636],[-81.1288055360365,52.04441591982787]]}},{"type":"Feature","properties":{},"geometry":{"type":"LineString","coordinates":[[-81.00024952154911,52.013578742664194],[-81.03336532874236,52.021478995837874]]}},{"type":"Feature","properties":{},"geometry":{"type":"LineString","coordinates":[[-80.97360525591105,51.99472745212201],[-80.97401804598046,51.99525857530496]]}},{"type":"Feature","properties":{},"geometry":{"type":"LineString","coordinates":[[-80.96889328511453,51.9865750756971],[-80.97176447261711,51.99172609516872]]}},{"type":"Feature","properties":{},"geometry":{"type":"LineString","coordinates":[[-80.85432541567336,51.88601222011833],[-80.8592567851116,51.88721064817272]]}},{"type":"Feature","properties":{},"geometry":{"type":"LineString","coordinates":[[-80.81613550117773,51.87805717064342],[-80.84463856076144,51.88442230160167]]}},{"type":"Feature","properties":{},"geometry":{"type":"LineString","coordinates":[[-80.08044937213896,51.27331516636186],[-80.40640494384233,51.33981106427497]]}},{"type":"Feature","properties":{},"geometry":{"type":"LineString","coordinates":[[-79.82158637351462,51.16168610097444],[-80.07987974119284,51.27303763867982]]}},{"type":"Feature","properties":{},"geometry":{"type":"LineString","coordinates":[[-80.39843182843066,47.32037323429227],[-80.40617987466426,47.941563958209194],[-79.51748589338357,47.92687405632329]]}},{"type":"Feature","properties":{},"geometry":{"type":"LineString","coordinates":[[-82.6030179376959,47.23577228202544],[-82.60054283725584,48.09783227765706],[-81.07363982685469,48.10345090002721],[-81.07343468711133,47.32176117054553],[-80.39843182843066,47.32037323429227]]}},{"type":"Feature","properties":{},"geometry":{"type":"LineString","coordinates":[[-84.68569494622236,49.70869536804555],[-84.48557170037205,49.709364759065444],[-84.48428430369873,49.451397262139785],[-84.01444215981456,49.44929187574989],[-84.0162178129729,48.34295231339988],[-83.93929603880177,48.33248851617915],[-83.9141997544658,48.30310601113403],[-84.00579314647881,48.28830782125942],[-83.98206854877826,48.29912731148892],[-84.01474782839695,48.30552399290282],[-84.01638346079184,47.934101857679366],[-83.9737449760402,47.93410277655868],[-83.97492747709046,47.23615984074196],[-82.6030179376959,47.23577228202544]]}},{"type":"Feature","properties":{},"geometry":{"type":"LineString","coordinates":[[-86.55242264432525,53.000063999741556],[-86.54795249818746,51.5195765115408],[-86.4839486376619,51.53915266479098],[-86.38652748098028,51.62178704564136],[-86.40236144179217,51.69909300999704],[-86.38377290283033,51.72834811483063],[-86.27106682602492,51.772746761314636],[-86.04572014058611,51.71397659983954],[-85.99005370273748,51.647018361401706],[-85.98773900017885,51.70809437220225],[-85.84812174188181,51.705853163160185],[-85.85002607479056,51.62896132112298],[-85.49373215799389,51.660670745260234],[-85.31160309528019,51.52560916554919],[-85.22312793498237,51.50672211839482],[-85.15248218112787,51.430176096634526],[-85.05045008769225,51.39569058026925],[-85.0413158515316,51.319737515729194],[-84.997780560316,51.289589670708445],[-84.89936539822291,51.27399146579795],[-84.79200404933397,51.193307715088324],[-84.62212121372194,51.15084941956403],[-84.58741694896482,51.1193477063275],[-84.47507385003914,51.1123826031994],[-84.49975498632448,51.08177547714725],[-84.5716562568686,51.07031567168037],[-84.6091907306711,50.99927987457669],[-84.59915476844424,50.92892091978767],[-84.56612255918036,50.91175019220993],[-84.58779948703747,50.88285158031065],[-84.57398144753532,50.84899357077071],[-84.4568033072775,50.800024546194734],[-84.42665508917248,50.75114046492103],[-84.50123071708917,50.5075904600456],[-84.34499641947527,50.39240802042071],[-84.37225627693154,50.3632514907646],[-84.48948816515804,50.3416993869673],[-84.53455662546637,50.286503927662054],[-84.68896755573051,50.22578730537682],[-84.68569494622236,49.70869536804555]]}},{"type":"Feature","properties":{},"geometry":{"type":"LineString","coordinates":[[-86.54548671146982,55.80630893727644],[-86.55013643069977,54.74380201872547],[-86.67415977587063,54.782372051403534],[-86.97367266156698,54.73673583490447],[-87.29698775565757,54.73236220126165],[-87.26985425863924,54.60565530039253],[-87.21279105695673,54.469453383243554],[-87.14302880994764,54.39205645476764],[-87.14226865310317,54.349046145124156],[-87.34201250328577,54.26188582256475],[-87.30031191528913,54.22255043143636],[-87.18991307371469,54.26665764733903],[-87.17437599430023,54.171041956229566],[-87.08083417565993,54.000344077872654],[-86.55244816300274,54.00112815012153],[-86.55242264432525,53.000063999741556]]}},{"type":"Feature","properties":{},"geometry":{"type":"LineString","coordinates":[[-86.51844382326708,55.80041628180878],[-86.54548671146982,55.80630893727644]]}},{"type":"Feature","properties":{},"geometry":{"type":"LineString","coordinates":[[-81.35302884534826,52.10389235859124],[-81.35161704392559,52.10367155230158]]}},{"type":"Feature","properties":{},"geometry":{"type":"LineString","coordinates":[[-80.97142087252827,51.99110966355409],[-80.97111549880998,51.99056181150068]]}},{"type":"Feature","properties":{},"geometry":{"type":"LineString","coordinates":[[-79.69145721073689,51.286566592423604],[-79.69215492473276,51.28501196769037]]}},{"type":"Feature","properties":{},"geometry":{"type":"LineString","coordinates":[[-79.68343931034181,51.402469981482476],[-79.67670750258563,51.33839490029687],[-79.69602789510657,51.35653207359172]]}},{"type":"Feature","properties":{},"geometry":{"type":"LineString","coordinates":[[-79.68134214970692,51.40337849873343],[-79.68247435747364,51.40288801160974]]}},{"type":"Feature","properties":{},"geometry":{"type":"LineString","coordinates":[[-79.67710772760094,51.40521290543889],[-79.67796606816995,51.40484106114563]]}},{"type":"Feature","properties":{},"geometry":{"type":"LineString","coordinates":[[-79.57871535414542,51.45486279851989],[-79.61465710538783,51.41550390578902],[-79.67360688073754,51.40672951781251]]}},{"type":"Feature","properties":{},"geometry":{"type":"LineString","coordinates":[[-79.5282988858023,51.46334828475543],[-79.53044811173163,51.46238429371504]]}},{"type":"Feature","properties":{},"geometry":{"type":"LineString","coordinates":[[-79.52716932676701,51.46385492520433],[-79.52770715696754,51.463613692541216]]}},{"type":"Feature","properties":{},"geometry":{"type":"LineString","coordinates":[[-79.69242057794452,51.28442004742518],[-79.67332050417707,51.253027491920044],[-79.73335337185311,51.2289300311765]]}},{"type":"Feature","properties":{},"geometry":{"type":"LineString","coordinates":[[-95.15259324213163,49.45814972343491],[-95.15395734318331,49.38551483791753]]}},{"type":"Feature","properties":{},"geometry":{"type":"LineString","coordinates":[[-95.15296495016572,49.5804769404923],[-95.15223820191723,49.484831740696485]]}},{"type":"Feature","properties":{},"geometry":{"type":"LineString","coordinates":[[-88.9795769040035,56.85114844707981],[-90.23856122964149,56.0799825723819],[-91.3461153921564,55.36201247432033],[-93.63762244352414,53.744840498863965],[-95.15315109619931,52.84057310607996],[-95.15279423929516,50.39577284198695]]}},{"type":"Feature","properties":{},"geometry":{"type":"LineString","coordinates":[[-88.90128037170707,56.85927771945135],[-88.9795769040035,56.85114844707981]]}},{"type":"Feature","properties":{},"geometry":{"type":"LineString","coordinates":[[-88.89090694930863,56.86124240196141],[-88.89721415358821,56.860081507087195]]}},{"type":"Feature","properties":{},"geometry":{"type":"LineString","coordinates":[[-88.84234704481514,56.83855752150185],[-88.85756007446831,56.83925860208098]]}},{"type":"Feature","properties":{},"geometry":{"type":"LineString","coordinates":[[-88.8077879857394,56.79344386137871],[-88.81701804538001,56.799128094273264]]}},{"type":"Feature","properties":{},"geometry":{"type":"LineString","coordinates":[[-88.80125589676939,56.78983366019939],[-88.80399067811996,56.79110533034841]]}},{"type":"Feature","properties":{},"geometry":{"type":"LineString","coordinates":[[-88.77231726642198,56.77666344760143],[-88.78379987205416,56.78188927741918]]}},{"type":"Feature","properties":{},"geometry":{"type":"LineString","coordinates":[[-88.62367356451063,56.688910697683745],[-88.67724191279325,56.72007547962448]]}},{"type":"Feature","properties":{},"geometry":{"type":"LineString","coordinates":[[-88.51681233298466,56.658418508635826],[-88.62196572459743,56.68853033244393]]}},{"type":"Feature","properties":{},"geometry":{"type":"LineString","coordinates":[[-88.46029518028031,56.62324443029026],[-88.47582152087169,56.634912360365604]]}},{"type":"Feature","properties":{},"geometry":{"type":"LineString","coordinates":[[-88.44277132642291,56.60837642457121],[-88.44653461929337,56.611569367195344]]}},{"type":"Feature","properties":{},"geometry":{"type":"LineString","coordinates":[[-87.64499667846371,56.120638532127],[-87.66598558751932,56.139513743008095]]}},{"type":"Feature","properties":{},"geometry":{"type":"LineString","coordinates":[[-87.6224262007873,56.095702310140155],[-87.65675928503076,56.10668499535186],[-87.63722536600352,56.11205266277081]]}},{"type":"Feature","properties":{},"geometry":{"type":"LineString","coordinates":[[-87.61378538101935,56.09082112545934],[-87.61505213203941,56.09152688673686]]}},{"type":"Feature","properties":{},"geometry":{"type":"LineString","coordinates":[[-87.59266740926235,56.08248276884125],[-87.60259873555798,56.08643056886225]]}},{"type":"Feature","properties":{},"geometry":{"type":"LineString","coordinates":[[-87.35745431054974,55.968582814236704],[-87.45852128987255,56.01077366101567]]}},{"type":"Feature","properties":{},"geometry":{"type":"LineString","coordinates":[[-87.36184152367757,55.95724427869745],[-87.35855455170707,55.96573929533284]]}},{"type":"Feature","properties":{},"geometry":{"type":"LineString","coordinates":[[-86.96440664825876,55.9130514634267],[-87.31304489473487,55.96192381732607]]}},{"type":"Feature","properties":{},"geometry":{"type":"LineString","coordinates":[[-86.95572209256635,55.90939609993579],[-86.95625263888778,55.909619408959564]]}},{"type":"Feature","properties":{},"geometry":{"type":"LineString","coordinates":[[-86.90985853516419,55.913122885956085],[-86.91118769267607,55.91298449011229]]}},{"type":"Feature","properties":{},"geometry":{"type":"LineString","coordinates":[[-86.61244237275069,55.82746430444702],[-86.9011631180092,55.914028278720714]]}},{"type":"Feature","properties":{},"geometry":{"type":"LineString","coordinates":[[-86.59435559810332,55.82132064568296],[-86.59517761528386,55.82159986589518]]}},{"type":"Feature","properties":{},"geometry":{"type":"LineString","coordinates":[[-86.54548671146982,55.80630893727644],[-86.56248689018373,55.81198008011111]]}},{"type":"Feature","properties":{},"geometry":{"type":"LineString","coordinates":[[-90.16986151886826,50.063483978818034],[-90.16703824776653,51.1336664104052],[-90.08146223637932,51.15175432808605],[-90.05068724342694,51.12962392197781],[-89.96878914638349,51.17414532139747],[-89.91763978268341,51.16565838136455],[-89.79418179621969,51.216572923897495],[-89.57973713090021,51.25029503215913],[-89.57990498749143,51.2742208735365],[-89.32082904340149,51.42617906470631],[-89.1885784287221,51.42871543055411],[-89.1107494594197,51.526994374347524],[-88.9999998174973,51.509754991210436],[-88.99994054959924,53.00006393071423],[-87.50270783243302,52.99992156160866],[-87.49941474192514,53.04331542134996],[-87.47110543606702,53.01883102762898],[-87.3819650217495,53.08476581471608],[-87.36707643628449,53.147926138260566],[-87.34704560945761,53.107984013523215],[-87.25287265586665,53.118439133693514],[-87.25208822012355,52.9999238295668],[-86.55242264432525,53.000063999741556]]}},{"type":"Feature","properties":{},"geometry":{"type":"LineString","coordinates":[[-94.22073275082668,49.09847783184413],[-94.22962141070944,49.00002419764194],[-93.83000854259024,49.00005988986856],[-93.82948609285121,49.10745110825413],[-92.93409467297289,49.105784524907655],[-92.93700220036806,49.019356265499766],[-90.96537201509355,49.01955684191567],[-90.96607909571973,50.06269833607371],[-90.16986151886826,50.063483978818034]]}},{"type":"Feature","properties":{},"geometry":{"type":"LineString","coordinates":[[-94.17054825639211,49.093251014903885],[-94.18991265322516,49.09406875906798]]}},{"type":"Feature","properties":{},"geometry":{"type":"LineString","coordinates":[[-94.14467356975833,49.09875384801463],[-94.14705706271845,49.09739738860644]]}},{"type":"Feature","properties":{},"geometry":{"type":"LineString","coordinates":[[-94.13629700340174,49.10352099959969],[-94.13860450740535,49.10220778593909]]}},{"type":"Feature","properties":{},"geometry":{"type":"LineString","coordinates":[[-94.12335578671772,49.112954596459666],[-94.12632796066974,49.110555999936985]]}},{"type":"Feature","properties":{},"geometry":{"type":"LineString","coordinates":[[-94.12305439643366,49.11319782370645],[-94.12327838400232,49.11301706180894]]}},{"type":"Feature","properties":{},"geometry":{"type":"LineString","coordinates":[[-94.09339658237073,49.13059787398924],[-94.09481327448964,49.10849573014274],[-94.11718055372613,49.1179381178213]]}},{"type":"Feature","properties":{},"geometry":{"type":"LineString","coordinates":[[-94.10285454356874,49.200929705024215],[-94.09010383956989,49.18258257693353]]}},{"type":"Feature","properties":{},"geometry":{"type":"LineString","coordinates":[[-95.15279423929516,50.39577284198695],[-95.15330276539025,49.62959888662146]]}},{"type":"Feature","properties":{},"geometry":{"type":"LineString","coordinates":[[-88.85683666087242,56.839230203613454],[-88.85623142703805,56.83920644443407]]}},{"type":"Feature","properties":{},"geometry":{"type":"LineString","coordinates":[[-94.55603066100548,49.28372618555232],[-94.33183501918136,49.28317831223359]]}},{"type":"Feature","properties":{},"geometry":{"type":"LineString","coordinates":[[-94.67369313276875,49.366209853042385],[-94.5616333046603,49.36656332505875],[-94.55946695858408,49.285116749553]]}},{"type":"Feature","properties":{},"geometry":{"type":"LineString","coordinates":[[-94.31806688931515,49.28312847171003],[-94.2038152196987,49.27233230703408],[-94.20296885401102,49.20026295595084],[-94.14817170625165,49.20064047637895]]}},{"type":"Feature","properties":{},"geometry":{"type":"LineString","coordinates":[[-76.25210899439355,44.480284498996774],[-76.33461175432363,44.37872167802577],[-76.39828481728313,44.346074514818596],[-76.71279459664218,44.3517937114187]]}},{"type":"Feature","properties":{},"geometry":{"type":"LineString","coordinates":[[-76.23524785308732,44.331944361010805],[-76.25210899439355,44.480284498996774]]}},{"type":"Feature","properties":{},"geometry":{"type":"LineString","coordinates":[[-76.20202553795654,44.30591588751794],[-76.23389005890164,44.311101765665306]]}},{"type":"Feature","properties":{},"geometry":{"type":"LineString","coordinates":[[-79.51080810980706,44.06732880185213],[-79.53183718641081,44.15082906055583],[-79.55688086326441,44.0757496607234],[-79.6199037409578,44.027878399102185],[-79.77550439905944,43.989757511982944]]}},{"type":"Feature","properties":{},"geometry":{"type":"LineString","coordinates":[[-79.49949149997968,44.01647049929587],[-79.51080810980706,44.06732880185213]]}},{"type":"Feature","properties":{},"geometry":{"type":"LineString","coordinates":[[-79.46276210004858,43.86591389460593],[-79.46735250856194,43.88411169464903]]}},{"type":"Feature","properties":{},"geometry":{"type":"LineString","coordinates":[[-79.54617666919903,43.82825608634282],[-79.46276210004858,43.86591389460593]]}},{"type":"Feature","properties":{},"geometry":{"type":"LineString","coordinates":[[-79.67866791658305,43.81930340254983],[-79.55273530749041,43.86511129710175],[-79.54617666919903,43.82825608634282]]}},{"type":"Feature","properties":{},"geometry":{"type":"LineString","coordinates":[[-80.39216942927685,43.450205440749066],[-80.47925020874169,43.50384352629304]]}},{"type":"Feature","properties":{},"geometry":{"type":"LineString","coordinates":[[-80.50282059073353,43.42330619280132],[-80.39216942927685,43.450205440749066]]}},{"type":"Feature","properties":{},"geometry":{"type":"LineString","coordinates":[[-80.54281307051002,43.44287079152282],[-80.50282059073353,43.42330619280132]]}},{"type":"Feature","properties":{},"geometry":{"type":"LineString","coordinates":[[-80.47925020874169,43.50384352629304],[-80.54281307051002,43.44287079152282]]}},{"type":"Feature","properties":{},"geometry":{"type":"LineString","coordinates":[[-80.30602629098597,43.47206619264746],[-80.37394161019877,43.53269688964291],[-80.36723768420495,43.569406019981535],[-80.5575434134359,43.689596005449694]]}},{"type":"Feature","properties":{},"geometry":{"type":"LineString","coordinates":[[-80.39216942927685,43.450205440749066],[-80.30602629098597,43.47206619264746]]}},{"type":"Feature","properties":{},"geometry":{"type":"LineString","coordinates":[[-80.54281307051002,43.44287079152282],[-80.57410382246921,43.432659873833074],[-80.626184206686,43.47974709297657],[-80.48051195305523,43.53180038535778],[-80.47925020874169,43.50384352629304]]}},{"type":"Feature","properties":{},"geometry":{"type":"LineString","coordinates":[[-80.48144950256703,43.35802799824958],[-80.50282059073353,43.42330619280132]]}},{"type":"Feature","properties":{},"geometry":{"type":"LineString","coordinates":[[-80.73578671211524,43.35333740486874],[-80.73491998599862,43.310980996556],[-80.50363259603735,43.34806839612225]]}},{"type":"Feature","properties":{},"geometry":{"type":"LineString","coordinates":[[-80.5575434134359,43.689596005449694],[-80.59547749945266,43.66162599239458],[-80.60801184215815,43.58910223657785],[-80.75454581099261,43.64840470021928],[-80.86903649373696,43.498048707169104],[-80.73764630325974,43.40795908908512],[-80.73578671211524,43.35333740486874]]}},{"type":"Feature","properties":{},"geometry":{"type":"LineString","coordinates":[[-80.28308795616377,43.42097459308339],[-80.30602629098597,43.47206619264746]]}},{"type":"Feature","properties":{},"geometry":{"type":"LineString","coordinates":[[-76.25210899439355,44.480284498996774],[-76.52566459620749,44.72119583566675],[-76.40232353928931,44.79460182741016],[-76.28377244390383,44.70619362858119],[-76.22444863672789,44.74899563019093],[-76.17652922178195,44.832177607866754],[-76.07291645016177,44.89303720568012],[-75.88719573298576,44.869981699741466],[-75.81954218537328,44.96221311648502]]}},{"type":"Feature","properties":{},"geometry":{"type":"LineString","coordinates":[[-75.3572402490471,44.79810089980484],[-75.5949841945414,45.08434820275857]]}},{"type":"Feature","properties":{},"geometry":{"type":"LineString","coordinates":[[-81.22703029165012,43.04312289839823],[-81.31036279417067,43.018502490499486]]}},{"type":"Feature","properties":{},"geometry":{"type":"LineString","coordinates":[[-81.26050739427548,42.956846608875665],[-81.21636025638458,42.95886834971458],[-81.23383147139143,42.984179181894675],[-81.1986693463707,42.985925115819924],[-81.22703029165012,43.04312289839823]]}},{"type":"Feature","properties":{},"geometry":{"type":"LineString","coordinates":[[-81.31036279417067,43.018502490499486],[-81.26050739427548,42.956846608875665]]}},{"type":"Feature","properties":{},"geometry":{"type":"LineString","coordinates":[[-81.11344695305563,42.94455338953095],[-81.1319537034486,43.053260788764874],[-81.22703029165012,43.04312289839823]]}},{"type":"Feature","properties":{},"geometry":{"type":"LineString","coordinates":[[-81.26050739427548,42.956846608875665],[-81.25801808972993,42.94071041119448]]}},{"type":"Feature","properties":{},"geometry":{"type":"LineString","coordinates":[[-81.31036279417067,43.018502490499486],[-81.35932053074112,43.0043060189895],[-81.35013421073958,42.98576886281508],[-81.3906120007715,42.96276161076443],[-81.37804847618082,42.934361067352036]]}},{"type":"Feature","properties":{},"geometry":{"type":"LineString","coordinates":[[-79.18600835968205,43.891197318730036],[-79.22004280992444,43.97092871269168]]}},{"type":"Feature","properties":{},"geometry":{"type":"LineString","coordinates":[[-79.28128459771526,43.85650499225249],[-79.18600835968205,43.891197318730036]]}},{"type":"Feature","properties":{},"geometry":{"type":"LineString","coordinates":[[-79.27822121418605,43.950752407174406],[-79.28128459771526,43.85650499225249]]}},{"type":"Feature","properties":{},"geometry":{"type":"LineString","coordinates":[[-79.22004280992444,43.97092871269168],[-79.22970829027943,43.99470380439886],[-79.25988069937006,43.98774859302512],[-79.28371801624222,43.97885379172522],[-79.27822121418605,43.950752407174406]]}},{"type":"Feature","properties":{},"geometry":{"type":"LineString","coordinates":[[-79.36811568223665,43.83921992867126],[-79.40602881848096,43.838338409698416]]}},{"type":"Feature","properties":{},"geometry":{"type":"LineString","coordinates":[[-79.28128459771526,43.85650499225249],[-79.36811568223665,43.83921992867126]]}},{"type":"Feature","properties":{},"geometry":{"type":"LineString","coordinates":[[-79.1702455186237,43.85546549602728],[-79.18600835968205,43.891197318730036]]}},{"type":"Feature","properties":{},"geometry":{"type":"LineString","coordinates":[[-79.22781393874955,43.84207975528888],[-79.1702455186237,43.85546549602728]]}},{"type":"Feature","properties":{},"geometry":{"type":"LineString","coordinates":[[-79.297320827042,43.825941014616824],[-79.22781393874955,43.84207975528888]]}},{"type":"Feature","properties":{},"geometry":{"type":"LineString","coordinates":[[-79.35207171136518,43.81324190490165],[-79.297320827042,43.825941014616824]]}},{"type":"Feature","properties":{},"geometry":{"type":"LineString","coordinates":[[-79.40602881848096,43.838338409698416],[-79.39621860826549,43.803263106689634]]}},{"type":"Feature","properties":{},"geometry":{"type":"LineString","coordinates":[[-79.27822121418605,43.950752407174406],[-79.38952093594065,43.92378760256995]]}},{"type":"Feature","properties":{},"geometry":{"type":"LineString","coordinates":[[-79.38405993653308,43.90146359335697],[-79.36811568223665,43.83921992867126]]}},{"type":"Feature","properties":{},"geometry":{"type":"LineString","coordinates":[[-81.13220345190751,43.23146188451211],[-81.22447046023572,43.20332520888971],[-81.36371900316425,43.26381589916989]]}},{"type":"Feature","properties":{},"geometry":{"type":"LineString","coordinates":[[-80.89869379175002,42.9125618979882],[-80.9230059114516,43.00078730762038],[-80.98415755237677,42.98593900362086],[-81.03768081149758,43.04616449927911],[-81.13220345190751,43.23146188451211]]}},{"type":"Feature","properties":{},"geometry":{"type":"LineString","coordinates":[[-81.77377421580749,43.237545244792635],[-81.78251927255462,43.211576491803],[-81.81727523711596,43.209892602540165],[-81.79619200625855,43.12330089424198],[-81.82437523148825,43.10383635788744],[-81.78928910955135,43.06589831005744],[-81.79013048447207,42.81621520276278],[-81.83549940900721,42.84327361033763],[-81.83506290719325,42.650961506684865]]}},{"type":"Feature","properties":{},"geometry":{"type":"LineString","coordinates":[[-79.76264655343797,43.55234982924356],[-79.8097149974249,43.5869124124078],[-79.79035675145585,43.60223143858844]]}},{"type":"Feature","properties":{},"geometry":{"type":"LineString","coordinates":[[-79.72691888583917,43.526527382029585],[-79.76264655343797,43.55234982924356]]}},{"type":"Feature","properties":{},"geometry":{"type":"LineString","coordinates":[[-79.79842483025729,43.4741697563939],[-79.72691888583917,43.526527382029585]]}},{"type":"Feature","properties":{},"geometry":{"type":"LineString","coordinates":[[-79.80814621038253,43.4667737967279],[-79.79842483025729,43.4741697563939]]}},{"type":"Feature","properties":{},"geometry":{"type":"LineString","coordinates":[[-79.91560419892566,43.69471729074492],[-79.95878979426595,43.65615809785422],[-79.92138420182425,43.62813650997401],[-79.99269958636042,43.56305440662995]]}},{"type":"Feature","properties":{},"geometry":{"type":"LineString","coordinates":[[-79.62642254495987,43.57163671088272],[-79.64432398372318,43.60065670633739]]}},{"type":"Feature","properties":{},"geometry":{"type":"LineString","coordinates":[[-79.65803867113745,43.54323039220776],[-79.62642254495987,43.57163671088272]]}},{"type":"Feature","properties":{},"geometry":{"type":"LineString","coordinates":[[-79.6840986242844,43.56191629505086],[-79.65803867113745,43.54323039220776]]}},{"type":"Feature","properties":{},"geometry":{"type":"LineString","coordinates":[[-79.69724220400812,43.58675310545234],[-79.6840986242844,43.56191629505086]]}},{"type":"Feature","properties":{},"geometry":{"type":"LineString","coordinates":[[-79.64432398372318,43.60065670633739],[-79.6634312972926,43.61454979854541],[-79.69724220400812,43.58675310545234]]}},{"type":"Feature","properties":{},"geometry":{"type":"LineString","coordinates":[[-79.60885188864192,43.64643124505831],[-79.64432398372318,43.60065670633739]]}},{"type":"Feature","properties":{},"geometry":{"type":"LineString","coordinates":[[-79.62642254495987,43.57163671088272],[-79.5673600451649,43.60950063872664]]}},{"type":"Feature","properties":{},"geometry":{"type":"LineString","coordinates":[[-79.6818300889286,43.522777892795425],[-79.65803867113745,43.54323039220776]]}},{"type":"Feature","properties":{},"geometry":{"type":"LineString","coordinates":[[-79.72691888583917,43.526527382029585],[-79.6818300889286,43.522777892795425]]}},{"type":"Feature","properties":{},"geometry":{"type":"LineString","coordinates":[[-79.6840986242844,43.56191629505086],[-79.733256603523,43.57861020779095],[-79.76264655343797,43.55234982924356]]}},{"type":"Feature","properties":{},"geometry":{"type":"LineString","coordinates":[[-79.6818300889286,43.522777892795425],[-79.62671378003355,43.48253104299873]]}},{"type":"Feature","properties":{},"geometry":{"type":"LineString","coordinates":[[-79.74586882553444,43.62872341487485],[-79.69724220400812,43.58675310545234]]}},{"type":"Feature","properties":{},"geometry":{"type":"LineString","coordinates":[[-75.69622887734897,45.334236312885366],[-75.6978456002153,45.34564559159428]]}},{"type":"Feature","properties":{},"geometry":{"type":"LineString","coordinates":[[-75.6978456002153,45.34564559159428],[-75.80958613230962,45.33146505052131]]}},{"type":"Feature","properties":{},"geometry":{"type":"LineString","coordinates":[[-79.42024281629732,44.068466805155516],[-79.42305881297315,44.087176896009915],[-79.51080810980706,44.06732880185213]]}},{"type":"Feature","properties":{},"geometry":{"type":"LineString","coordinates":[[-79.40645613812904,44.01380967390812],[-79.42024281629732,44.068466805155516]]}},{"type":"Feature","properties":{},"geometry":{"type":"LineString","coordinates":[[-79.42024281629732,44.068466805155516],[-79.27616921135333,44.10126609475699],[-79.32801340670375,44.22330250911331],[-79.51785341622002,44.18157520842984],[-79.51265408566606,44.2101113048632]]}},{"type":"Feature","properties":{},"geometry":{"type":"LineString","coordinates":[[-79.72323719338446,44.18521409215932],[-79.89184569251435,44.16532942032798],[-79.83358198183342,43.97703620888911]]}},{"type":"Feature","properties":{},"geometry":{"type":"LineString","coordinates":[[-79.17744441587892,43.140798456671746],[-79.16875026592585,42.959594117590235],[-79.00719769944786,42.98254586723506]]}},{"type":"Feature","properties":{},"geometry":{"type":"LineString","coordinates":[[-79.20258851666736,43.22995434534736],[-79.17744441587892,43.140798456671746]]}},{"type":"Feature","properties":{},"geometry":{"type":"LineString","coordinates":[[-79.17744441587892,43.140798456671746],[-79.27467798614315,43.10933490145814]]}},{"type":"Feature","properties":{},"geometry":{"type":"LineString","coordinates":[[-79.27467798614315,43.10933490145814],[-79.28033198356523,42.87683380674723]]}},{"type":"Feature","properties":{},"geometry":{"type":"LineString","coordinates":[[-79.27467798614315,43.10933490145814],[-79.24383457360709,43.14867751459417],[-79.28075169633226,43.159707989682786],[-79.28863730983848,43.21120928073034]]}},{"type":"Feature","properties":{},"geometry":{"type":"LineString","coordinates":[[-79.66148461069422,46.21386369258419],[-79.61250854989001,46.09342306457758],[-79.68226402534039,46.074320445480936],[-79.58621894297853,45.90574953808638],[-79.25768678035975,45.99407713742192],[-79.13046644297056,45.75163894397405],[-79.05534492825794,45.765052208294215],[-78.8598644794345,45.4146243508842]]}},{"type":"Feature","properties":{},"geometry":{"type":"LineString","coordinates":[[-80.39843182843066,47.32037323429227],[-80.27206538123842,47.320211848570814],[-80.29161303366007,46.71131203535606],[-80.037366589509,46.7079589164043],[-80.03972061585986,46.624919866009215],[-79.75567963207027,46.624297675665254],[-79.7587332460858,46.447113475637785],[-79.63370262993048,46.44749510947232],[-79.63297180468842,46.37292964358005],[-79.88395260174414,46.36552208758773],[-79.88414005224281,46.32435970231089],[-79.84100643410078,46.30170060310081],[-79.82194845469272,46.32690379515648],[-79.76958862513085,46.3207182947466],[-79.77876504226921,46.34007987362399],[-79.72280204307,46.3685551933554],[-79.63212031125661,46.35027058506593],[-79.62994859375414,46.215701467000365],[-79.66148461069422,46.21386369258419]]}},{"type":"Feature","properties":{},"geometry":{"type":"LineString","coordinates":[[-77.72737240824847,44.43647221096346],[-77.91308041617172,44.38939089766252],[-77.91192582223005,44.34349902657221],[-77.96896508058914,44.29731665921714],[-78.08183201108557,44.25449461024254],[-78.220314463142,44.1427136985141],[-78.34703320008309,44.11986848727476]]}},{"type":"Feature","properties":{},"geometry":{"type":"LineString","coordinates":[[-79.79842483025729,43.4741697563939],[-79.66492473844964,43.436916179499796]]}},{"type":"Feature","properties":{},"geometry":{"type":"LineString","coordinates":[[-75.54373449633599,45.43540039029926],[-75.46331011273892,45.41778063007315],[-75.47299550582643,45.43508290367174],[-75.42448458763616,45.45154459513087],[-75.48178314876837,45.51227021046473]]}},{"type":"Feature","properties":{},"geometry":{"type":"LineString","coordinates":[[-75.57025268328317,45.47669336255976],[-75.5838387808059,45.45131512999069],[-75.54373449633599,45.43540039029926]]}},{"type":"Feature","properties":{},"geometry":{"type":"LineString","coordinates":[[-78.91418000124978,43.92498999168186],[-78.88529861974556,43.86086077276601]]}},{"type":"Feature","properties":{},"geometry":{"type":"LineString","coordinates":[[-75.6632755487771,45.4170105898728],[-75.70377726188529,45.429754307173546]]}},{"type":"Feature","properties":{},"geometry":{"type":"LineString","coordinates":[[-75.6978456002153,45.34564559159428],[-75.65869125405808,45.363193740972854],[-75.6632755487771,45.4170105898728]]}},{"type":"Feature","properties":{},"geometry":{"type":"LineString","coordinates":[[-75.77251089307015,45.39588011298032],[-75.72697348107872,45.389076905632635],[-75.6978456002153,45.34564559159428]]}},{"type":"Feature","properties":{},"geometry":{"type":"LineString","coordinates":[[-75.60990525304972,45.414186583666336],[-75.6632755487771,45.4170105898728]]}},{"type":"Feature","properties":{},"geometry":{"type":"LineString","coordinates":[[-75.58507201854509,45.38499872017031],[-75.60990525304972,45.414186583666336]]}},{"type":"Feature","properties":{},"geometry":{"type":"LineString","coordinates":[[-75.60990525304972,45.414186583666336],[-75.54373449633599,45.43540039029926]]}},{"type":"Feature","properties":{},"geometry":{"type":"LineString","coordinates":[[-80.73578671211524,43.35333740486874],[-81.13220345190751,43.23146188451211]]}},{"type":"Feature","properties":{},"geometry":{"type":"LineString","coordinates":[[-79.68223053718775,44.87812707748422],[-79.62742496089773,44.89557092046109],[-79.52435296478902,44.84901221217774],[-79.40632681166112,44.843039879186264],[-79.39047517481636,44.77414550259034],[-79.20788221529482,44.79486700931454]]}},{"type":"Feature","properties":{},"geometry":{"type":"LineString","coordinates":[[-79.66148461069422,46.21386369258419],[-79.84614077587271,46.20396353560468],[-80.00756212299878,46.14413118248002],[-80.11146484085643,46.14773435772233],[-80.07243733379204,46.11666631211892],[-80.17437259739721,46.105880847637025],[-80.14506947640348,46.07623744134518],[-80.18885733611441,46.07904474611393],[-80.17459608254661,46.065537185790156],[-80.20849739117213,46.05431911503361],[-80.58309921190596,46.01839821362662],[-80.55624637948729,45.89202362756701],[-80.73353827424567,45.871652217627144]]}},{"type":"Feature","properties":{},"geometry":{"type":"LineString","coordinates":[[-79.70472205636192,44.82296421985549],[-79.68871871343634,44.83534249615152]]}},{"type":"Feature","properties":{},"geometry":{"type":"LineString","coordinates":[[-79.72321300411096,44.798910728702],[-79.7216905774512,44.80533477863227]]}},{"type":"Feature","properties":{},"geometry":{"type":"LineString","coordinates":[[-80.5575434134359,43.689596005449694],[-80.449422605822,43.76898210850142],[-80.47033810769169,43.78393729443932],[-80.38791321197783,43.85771139716712]]}},{"type":"Feature","properties":{},"geometry":{"type":"LineString","coordinates":[[-78.95938741881632,44.02868709025615],[-79.22004280992444,43.97092871269168]]}},{"type":"Feature","properties":{},"geometry":{"type":"LineString","coordinates":[[-79.00854293234254,43.92250230715114],[-79.02116067314138,43.94983546454931],[-78.92840828151496,43.95837117801596]]}},{"type":"Feature","properties":{},"geometry":{"type":"LineString","coordinates":[[-79.1702455186237,43.85546549602728],[-79.12416271859169,43.79905696692397]]}},{"type":"Feature","properties":{},"geometry":{"type":"LineString","coordinates":[[-75.35318540996226,45.182074493685604],[-75.20150704489009,45.239779757424905],[-75.19213378712438,45.221360805436596],[-74.9934736046733,45.27688386662628],[-75.01705537292993,45.31567337385156],[-74.88386111255896,45.35120341330801],[-74.58089150398776,45.50885900307374],[-74.49396523385296,45.407546717693194],[-74.4383786184051,45.39379269233837]]}},{"type":"Feature","properties":{},"geometry":{"type":"LineString","coordinates":[[-79.46276210004858,43.86591389460593],[-79.454142693671,43.82937069550877],[-79.40602881848096,43.838338409698416]]}},{"type":"Feature","properties":{},"geometry":{"type":"LineString","coordinates":[[-82.05632084800399,46.126186008727686],[-82.05686470886883,46.17694347502313],[-82.31228083872587,46.185599409768294],[-82.31291888856128,46.27754954648579],[-82.19243292017076,46.27778135509891],[-82.19280111169753,46.367414182312864],[-82.06796261910624,46.36664763674963],[-82.06915974220038,46.625138673328856],[-81.9447583524449,46.62517394716247],[-81.94990551649417,46.976104029876105],[-82.57868074827152,46.9771449005461],[-82.57723674959414,47.235638401134],[-82.6030179376959,47.23577228202544]]}},{"type":"Feature","properties":{},"geometry":{"type":"LineString","coordinates":[[-84.68569494622236,49.70869536804555],[-85.33157557273974,49.709862532792094],[-85.3295331299875,47.947439285741744]]}},{"type":"Feature","properties":{},"geometry":{"type":"LineString","coordinates":[[-83.37041538805975,46.00050142792051],[-83.35150013848099,46.00111855292151]]}},{"type":"Feature","properties":{},"geometry":{"type":"LineString","coordinates":[[-79.27476959912568,43.777287749333034],[-79.297320827042,43.825941014616824]]}},{"type":"Feature","properties":{},"geometry":{"type":"LineString","coordinates":[[-79.33724596229342,43.76771050776002],[-79.27476959912568,43.777287749333034]]}},{"type":"Feature","properties":{},"geometry":{"type":"LineString","coordinates":[[-79.26295946692859,43.73346383180006],[-79.27476959912568,43.777287749333034]]}},{"type":"Feature","properties":{},"geometry":{"type":"LineString","coordinates":[[-79.30058081702828,43.719775798507634],[-79.26295946692859,43.73346383180006]]}},{"type":"Feature","properties":{},"geometry":{"type":"LineString","coordinates":[[-79.20474934459446,43.75362365332876],[-79.20389557429698,43.75200536640613]]}},{"type":"Feature","properties":{},"geometry":{"type":"LineString","coordinates":[[-79.2255508905376,43.78921740266859],[-79.20474934459446,43.75362365332876]]}},{"type":"Feature","properties":{},"geometry":{"type":"LineString","coordinates":[[-79.22781393874955,43.84207975528888],[-79.19688553501953,43.796527290817885],[-79.2255508905376,43.78921740266859]]}},{"type":"Feature","properties":{},"geometry":{"type":"LineString","coordinates":[[-79.27476959912568,43.777287749333034],[-79.2255508905376,43.78921740266859]]}},{"type":"Feature","properties":{},"geometry":{"type":"LineString","coordinates":[[-79.20474934459446,43.75362365332876],[-79.26295946692859,43.73346383180006]]}},{"type":"Feature","properties":{},"geometry":{"type":"LineString","coordinates":[[-79.9844292686654,44.56985534557502],[-80.00522210123965,44.560022821430124]]}},{"type":"Feature","properties":{},"geometry":{"type":"LineString","coordinates":[[-79.29856866713233,44.4522737774817],[-79.16375450287953,44.47100494154926],[-79.14496137025681,44.51236091856045],[-79.08183403820404,44.51582270932786]]}},{"type":"Feature","properties":{},"geometry":{"type":"LineString","coordinates":[[-79.37598449693553,43.644599815503284],[-79.37925250288602,43.65243550306435]]}},{"type":"Feature","properties":{},"geometry":{"type":"LineString","coordinates":[[-79.37925250288602,43.65243550306435],[-79.40539303567182,43.64691532077919]]}},{"type":"Feature","properties":{},"geometry":{"type":"LineString","coordinates":[[-79.37034902561707,43.64561715974317],[-79.37476859030522,43.644599815503284]]}},{"type":"Feature","properties":{},"geometry":{"type":"LineString","coordinates":[[-81.07071735000837,46.53473953840384],[-81.07134554829946,46.50979237583253],[-81.20205901453015,46.504804010204424],[-81.18026460374766,46.40279828446374],[-81.14300140514402,46.406815701759626],[-81.13119582276164,46.34850182566894],[-80.69295972409878,46.360990672335944],[-80.69402785487144,46.624768139673485],[-80.6600191867241,46.62489932508171],[-80.66421693375318,46.6495251930832],[-80.72497003267529,46.693684991397824],[-80.76991863089951,46.65459169323563],[-80.80519224232232,46.72765991309007],[-80.81936895892099,46.62245508873588],[-80.94440760357907,46.624022703353354],[-80.94389745295943,46.53720056769887],[-81.07071735000837,46.53473953840384]]}},{"type":"Feature","properties":{},"geometry":{"type":"LineString","coordinates":[[-79.46889015085172,43.676213531438044],[-79.51172973426321,43.6622968560243]]}},{"type":"Feature","properties":{},"geometry":{"type":"LineString","coordinates":[[-79.44574479454077,43.792400092023975],[-79.39621860826549,43.803263106689634]]}},{"type":"Feature","properties":{},"geometry":{"type":"LineString","coordinates":[[-79.49443168209861,43.78164890750748],[-79.44574479454077,43.792400092023975]]}},{"type":"Feature","properties":{},"geometry":{"type":"LineString","coordinates":[[-79.54617666919903,43.82825608634282],[-79.53482341822235,43.7726942519883]]}},{"type":"Feature","properties":{},"geometry":{"type":"LineString","coordinates":[[-89.23489408905336,48.40648464959631],[-89.42674110334039,48.399115098857365],[-89.42895248326984,48.51432980817669],[-89.59464898379699,48.51557004257162],[-89.5882110731001,48.55914474540247],[-89.62115308146358,48.59706840901768],[-89.59694413889265,48.614631920866536],[-89.60328052083665,48.66010546972541],[-89.6459576325127,48.67477350959126],[-89.64715512812721,48.722532050350424],[-89.55540943965136,48.74863171286881],[-89.59561365565786,48.77371663091661],[-89.57863475286452,48.8283409112456],[-89.64341275558526,48.83160642353928],[-89.61546305898729,48.862090849909364],[-89.6458749644171,48.91186946042357],[-89.81886143817627,48.915547597513815],[-89.89503004923779,48.969205847291256],[-89.87391422017924,49.08199306332017],[-89.91003160494203,49.14462889181151],[-89.89317791143168,49.16353841557621],[-90.00033184775845,49.176368454194744],[-90.00006947918111,50.0625514407314],[-90.16986151886826,50.063483978818034]]}},{"type":"Feature","properties":{},"geometry":{"type":"LineString","coordinates":[[-89.02934061390532,48.24916892196252],[-89.05069284963602,48.261861001806004]]}},{"type":"Feature","properties":{},"geometry":{"type":"LineString","coordinates":[[-89.05891290917216,48.26742086773466],[-89.10751729569273,48.272598503124215]]}},{"type":"Feature","properties":{},"geometry":{"type":"LineString","coordinates":[[-79.35487065580303,43.65977354413884],[-79.36343632850948,43.67530251883034]]}},{"type":"Feature","properties":{},"geometry":{"type":"LineString","coordinates":[[-79.36343632850948,43.67530251883034],[-79.37925250288602,43.65243550306435]]}},{"type":"Feature","properties":{},"geometry":{"type":"LineString","coordinates":[[-79.36220138363647,43.688525062095565],[-79.36343632850948,43.67530251883034]]}},{"type":"Feature","properties":{},"geometry":{"type":"LineString","coordinates":[[-79.42939621476148,43.670982002996716],[-79.37088810148029,43.69064988165588]]}},{"type":"Feature","properties":{},"geometry":{"type":"LineString","coordinates":[[-79.44574479454077,43.792400092023975],[-79.41156975944962,43.75156816463806]]}},{"type":"Feature","properties":{},"geometry":{"type":"LineString","coordinates":[[-83.02793108696028,42.327183738732984],[-82.95264511715263,42.28304710264805],[-82.97280535689617,42.27448047136401],[-82.96076551027244,42.24702282444304],[-82.99693780665322,42.235692597583885]]}},{"type":"Feature","properties":{},"geometry":{"type":"LineString","coordinates":[[-79.50781988366388,43.717748606827925],[-79.47253426218684,43.72486862728072]]}},{"type":"Feature","properties":{},"geometry":{"type":"LineString","coordinates":[[-98.9414982828499,49.33713303151823],[-98.9416292502281,49.33693525023348]]}},{"type":"Feature","properties":{},"geometry":{"type":"LineString","coordinates":[[-102.00742757717558,56.98589393827222],[-102.00412938852962,55.80935007512761],[-101.96387163013301,55.80946849800463],[-101.96395494363111,55.46042009078355],[-101.92422703066089,55.46021659221809],[-101.92436060643088,55.1120905908459],[-101.88526563857577,55.11159665624543],[-101.88531837552488,54.76252586496205],[-101.8474366625744,54.76252306686827],[-101.84748426351914,54.413563899129876],[-101.8104613090363,54.41353989486534],[-101.81043452049788,54.06440581904384],[-101.77132275803075,54.064402462054964],[-101.77066399919592,53.71091002638891]]}},{"type":"Feature","properties":{},"geometry":{"type":"LineString","coordinates":[[-102.00506364265449,57.22386023008076],[-102.00739530009942,57.072244759862706]]}},{"type":"Feature","properties":{},"geometry":{"type":"LineString","coordinates":[[-102.00530271618348,57.50029671850906],[-102.00515773573811,57.33357923705886]]}},{"type":"Feature","properties":{},"geometry":{"type":"LineString","coordinates":[[-102.0057721378071,58.033798140209996],[-102.0056931365679,57.944746033105766]]}},{"type":"Feature","properties":{},"geometry":{"type":"LineString","coordinates":[[-102.00213469785406,59.928296104280214],[-102.00586022023847,58.13152519604726]]}},{"type":"Feature","properties":{},"geometry":{"type":"LineString","coordinates":[[-101.91953698838671,60.00005363548716],[-101.96442439832845,60.00002995374959]]}},{"type":"Feature","properties":{},"geometry":{"type":"LineString","coordinates":[[-100.03827196370626,60.000031869282715],[-101.89356571395004,60.00006001241094]]}},{"type":"Feature","properties":{},"geometry":{"type":"LineString","coordinates":[[-94.77348295714107,59.7903011017708],[-94.81463003648338,59.82294676179907],[-94.79534681142115,59.8278101603915],[-94.83212561992188,59.90269634097951],[-94.81198022609014,59.90577964648513],[-94.83756959819812,59.92737483853456],[-94.82274921347566,59.92957104790701],[-94.82004539227962,59.939271660266044],[-94.85276579175809,59.962924349155756],[-94.82437279440701,60.00000004273694],[-99.62899170141101,60.00006132905978]]}},{"type":"Feature","properties":{},"geometry":{"type":"LineString","coordinates":[[-94.77463903385208,59.78203150671453],[-94.77397788582128,59.7857909764091]]}},{"type":"Feature","properties":{},"geometry":{"type":"LineString","coordinates":[[-94.7990838119325,59.73041417271713],[-94.82253810673501,59.73922424760063],[-94.77476917726776,59.781291475429]]}},{"type":"Feature","properties":{},"geometry":{"type":"LineString","coordinates":[[-94.80330166965344,59.72500128781464],[-94.80181359790342,59.72707776750355]]}},{"type":"Feature","properties":{},"geometry":{"type":"LineString","coordinates":[[-94.80397468703443,59.702249631367614],[-94.83172448851603,59.70665014226378],[-94.80347269143023,59.72469556748707]]}},{"type":"Feature","properties":{},"geometry":{"type":"LineString","coordinates":[[-94.77310084178951,59.56387068428413],[-94.83605800765689,59.6020728419801],[-94.8362961981323,59.648400143139895],[-94.80977281530434,59.66523644667699],[-94.82782172421926,59.68833965495637],[-94.80379566298895,59.70145764457829]]}},{"type":"Feature","properties":{},"geometry":{"type":"LineString","coordinates":[[-94.7811786620664,59.5622136953975],[-94.77605636728907,59.56326442260226]]}},{"type":"Feature","properties":{},"geometry":{"type":"LineString","coordinates":[[-94.7583496400662,59.471172728722486],[-94.81150180007077,59.54451845133607],[-94.78160555966456,59.5615691552911]]}},{"type":"Feature","properties":{},"geometry":{"type":"LineString","coordinates":[[-94.71712777857262,59.381268157884904],[-94.74680541150757,59.39886804445339],[-94.75272236918606,59.46480952002583]]}},{"type":"Feature","properties":{},"geometry":{"type":"LineString","coordinates":[[-94.72747208443026,59.357017395001606],[-94.71679523347657,59.37848842183556]]}},{"type":"Feature","properties":{},"geometry":{"type":"LineString","coordinates":[[-94.73208292808502,59.35313684046508],[-94.72829133721734,59.35632789968198]]}},{"type":"Feature","properties":{},"geometry":{"type":"LineString","coordinates":[[-94.70298761292548,59.347974518183335],[-94.73698697214546,59.349009524110215]]}},{"type":"Feature","properties":{},"geometry":{"type":"LineString","coordinates":[[-94.69701955328549,59.35062834807896],[-94.70233957934163,59.348262680668626]]}},{"type":"Feature","properties":{},"geometry":{"type":"LineString","coordinates":[[-94.68352551168122,59.35662877253555],[-94.68614715702834,59.35546299986946]]}},{"type":"Feature","properties":{},"geometry":{"type":"LineString","coordinates":[[-94.68021295995065,59.3575544786228],[-94.6826800368057,59.356878404685354]]}},{"type":"Feature","properties":{},"geometry":{"type":"LineString","coordinates":[[-94.6690724075394,59.354220214328464],[-94.6726713479664,59.35962117034278]]}},{"type":"Feature","properties":{},"geometry":{"type":"LineString","coordinates":[[-94.71014978432851,59.33063252781532],[-94.69419533938158,59.34451409216186]]}},{"type":"Feature","properties":{},"geometry":{"type":"LineString","coordinates":[[-94.71733088332603,59.32684299965582],[-94.71574620905294,59.327555705680204]]}},{"type":"Feature","properties":{},"geometry":{"type":"LineString","coordinates":[[-94.75558405990326,59.30582920414298],[-94.76783889386192,59.33985264143434],[-94.72743342626329,59.32661849857906]]}},{"type":"Feature","properties":{},"geometry":{"type":"LineString","coordinates":[[-94.7600751985109,59.30481148277667],[-94.75787807065826,59.30530936631034]]}},{"type":"Feature","properties":{},"geometry":{"type":"LineString","coordinates":[[-94.76469824332779,59.30228358375264],[-94.7607160363716,59.30453380345286]]}},{"type":"Feature","properties":{},"geometry":{"type":"LineString","coordinates":[[-94.81269517647969,59.088778526603065],[-94.7787744175639,59.15571896024662],[-94.80863740425765,59.190520151984536],[-94.78134041417555,59.207071845383055],[-94.81500321597925,59.228428960621656],[-94.76664095890368,59.3011858163817]]}},{"type":"Feature","properties":{},"geometry":{"type":"LineString","coordinates":[[-94.77102084557146,59.015493019285465],[-94.78676767386621,59.01663473848337]]}},{"type":"Feature","properties":{},"geometry":{"type":"LineString","coordinates":[[-94.68625931851714,58.95962871172044],[-94.75010064817972,59.0112411568962]]}},{"type":"Feature","properties":{},"geometry":{"type":"LineString","coordinates":[[-94.68560070809613,58.95760049112867],[-94.68574942857946,58.958058482586246]]}},{"type":"Feature","properties":{},"geometry":{"type":"LineString","coordinates":[[-94.6838666064411,58.946864571551096],[-94.6855181851673,58.95734635803538]]}},{"type":"Feature","properties":{},"geometry":{"type":"LineString","coordinates":[[-94.68414367492248,58.9452629807415],[-94.68391666356295,58.94657521699907]]}},{"type":"Feature","properties":{},"geometry":{"type":"LineString","coordinates":[[-94.30687586323249,58.73944607693237],[-94.34415099797025,58.70996465815547],[-94.42930501825235,58.7032372367861],[-94.47667689711946,58.738042641230244],[-94.48601909824373,58.7885090424014],[-94.60594207896828,58.88064544160113]]}},{"type":"Feature","properties":{},"geometry":{"type":"LineString","coordinates":[[-94.3016296541176,58.74138166176423],[-94.30355286601298,58.740672094209515]]}},{"type":"Feature","properties":{},"geometry":{"type":"LineString","coordinates":[[-94.22569133325845,58.80386289407955],[-94.25579110441535,58.796574528860866]]}},{"type":"Feature","properties":{},"geometry":{"type":"LineString","coordinates":[[-94.05241280034028,58.77132260149213],[-94.0658155794644,58.77112492981009]]}},{"type":"Feature","properties":{},"geometry":{"type":"LineString","coordinates":[[-93.99006307786945,58.766227199449084],[-94.02332600878562,58.768945543644236]]}},{"type":"Feature","properties":{},"geometry":{"type":"LineString","coordinates":[[-93.872014938238,58.75778797609039],[-93.89766396784084,58.758676073391776]]}},{"type":"Feature","properties":{},"geometry":{"type":"LineString","coordinates":[[-93.8235566830651,58.77844667944254],[-93.84528144115984,58.76815375369972]]}},{"type":"Feature","properties":{},"geometry":{"type":"LineString","coordinates":[[-93.78585737848626,58.77322972553927],[-93.82091702105602,58.77920679145138]]}},{"type":"Feature","properties":{},"geometry":{"type":"LineString","coordinates":[[-93.7453822509863,58.78190101045946],[-93.77133921384758,58.77249924139714]]}},{"type":"Feature","properties":{},"geometry":{"type":"LineString","coordinates":[[-93.72388697435545,58.79048088090473],[-93.7246100144982,58.790290209723416]]}},{"type":"Feature","properties":{},"geometry":{"type":"LineString","coordinates":[[-93.67764312099736,58.787575016054724],[-93.72055454182892,58.79135966869108]]}},{"type":"Feature","properties":{},"geometry":{"type":"LineString","coordinates":[[-93.5761601268169,58.76573601591676],[-93.62068066559205,58.77531677435126]]}},{"type":"Feature","properties":{},"geometry":{"type":"LineString","coordinates":[[-93.5307757161634,58.77153223405666],[-93.54092308357296,58.76848848223322]]}},{"type":"Feature","properties":{},"geometry":{"type":"LineString","coordinates":[[-93.48374614179703,58.77023808164693],[-93.48965849131238,58.772474455411746]]}},{"type":"Feature","properties":{},"geometry":{"type":"LineString","coordinates":[[-93.27081645766876,58.76445897762986],[-93.33423966518004,58.75671603002128]]}},{"type":"Feature","properties":{},"geometry":{"type":"LineString","coordinates":[[-93.26110070717083,58.7652449998752],[-93.26842275411641,58.76465263268937]]}},{"type":"Feature","properties":{},"geometry":{"type":"LineString","coordinates":[[-93.13596193329148,58.604970756864255],[-93.16655951134541,58.724423652060075],[-93.24154279491172,58.766827271271666]]}},{"type":"Feature","properties":{},"geometry":{"type":"LineString","coordinates":[[-93.12123436991564,58.509704170923925],[-93.13534708649989,58.60049115809711]]}},{"type":"Feature","properties":{},"geometry":{"type":"LineString","coordinates":[[-93.11332068220554,58.498308460496894],[-93.11629846510023,58.5025964679121]]}},{"type":"Feature","properties":{},"geometry":{"type":"LineString","coordinates":[[-92.98722430387828,58.316268958971925],[-93.03513072537791,58.34536634562928],[-93.11330794111817,58.498290113330874]]}},{"type":"Feature","properties":{},"geometry":{"type":"LineString","coordinates":[[-92.97907535786075,58.304691691463404],[-92.9799444465395,58.30615619839403]]}},{"type":"Feature","properties":{},"geometry":{"type":"LineString","coordinates":[[-92.95918774691455,58.2563227377932],[-92.97843314889788,58.30360950100342]]}},{"type":"Feature","properties":{},"geometry":{"type":"LineString","coordinates":[[-92.93571391190679,58.22913386856737],[-92.95232323554603,58.249863183150374]]}},{"type":"Feature","properties":{},"geometry":{"type":"LineString","coordinates":[[-92.93172553467008,58.216462541555806],[-92.93626512934918,58.2218461815824]]}},{"type":"Feature","properties":{},"geometry":{"type":"LineString","coordinates":[[-92.92372516295633,58.206974663357315],[-92.92966902988611,58.214023671512884]]}},{"type":"Feature","properties":{},"geometry":{"type":"LineString","coordinates":[[-92.85621778482835,58.13798181715106],[-92.92302799902173,58.20614787596135]]}},{"type":"Feature","properties":{},"geometry":{"type":"LineString","coordinates":[[-92.80401325876433,58.046170126891646],[-92.84646713209764,58.12656348042679]]}},{"type":"Feature","properties":{},"geometry":{"type":"LineString","coordinates":[[-92.80415116711653,57.9942034876957],[-92.80418489291054,58.04133452191891]]}},{"type":"Feature","properties":{},"geometry":{"type":"LineString","coordinates":[[-92.80089512755393,57.98708299058735],[-92.80164273337714,57.9887178985791]]}},{"type":"Feature","properties":{},"geometry":{"type":"LineString","coordinates":[[-92.75982035982399,57.87992182249482],[-92.80021759760332,57.98560132859847]]}},{"type":"Feature","properties":{},"geometry":{"type":"LineString","coordinates":[[-92.75728378053174,57.86564028746487],[-92.75948535932757,57.8782647664226]]}},{"type":"Feature","properties":{},"geometry":{"type":"LineString","coordinates":[[-92.56999797682961,57.60037782904617],[-92.73117980025384,57.826049882789256]]}},{"type":"Feature","properties":{},"geometry":{"type":"LineString","coordinates":[[-92.56702628603841,57.59644343723767],[-92.56869659387355,57.59865485354105]]}},{"type":"Feature","properties":{},"geometry":{"type":"LineString","coordinates":[[-92.55875406315019,57.58095486735294],[-92.55908361785445,57.58450506724111]]}},{"type":"Feature","properties":{},"geometry":{"type":"LineString","coordinates":[[-92.53572491405836,57.1155144182837],[-92.44899369873349,57.23740113659567],[-92.42506856123319,57.357055754126364]]}},{"type":"Feature","properties":{},"geometry":{"type":"LineString","coordinates":[[-92.54374429071216,57.104862081930406],[-92.54367579033934,57.10493458757224]]}},{"type":"Feature","properties":{},"geometry":{"type":"LineString","coordinates":[[-92.59204638602662,57.053735726283605],[-92.58327529207162,57.0630196727881]]}},{"type":"Feature","properties":{},"geometry":{"type":"LineString","coordinates":[[-92.59419547825225,57.05146097499736],[-92.5927465353935,57.052994638649544]]}},{"type":"Feature","properties":{},"geometry":{"type":"LineString","coordinates":[[-92.64364661188682,57.0159543910358],[-92.59473174445341,57.05089335290262]]}},{"type":"Feature","properties":{},"geometry":{"type":"LineString","coordinates":[[-92.72044230361125,56.9488222971864],[-92.64397700140363,57.01572433332406]]}},{"type":"Feature","properties":{},"geometry":{"type":"LineString","coordinates":[[-92.62833950523974,56.96882091352761],[-92.73627778346327,56.92588211529365]]}},{"type":"Feature","properties":{},"geometry":{"type":"LineString","coordinates":[[-92.46172391365825,57.04183252339285],[-92.59628761464207,56.986718916126044]]}},{"type":"Feature","properties":{},"geometry":{"type":"LineString","coordinates":[[-92.2282298624903,57.07109426837463],[-92.30883080086144,57.06150109686663]]}},{"type":"Feature","properties":{},"geometry":{"type":"LineString","coordinates":[[-92.12366326528712,57.04184755499365],[-92.12412459880014,57.04175339494706]]}},{"type":"Feature","properties":{},"geometry":{"type":"LineString","coordinates":[[-92.09771418116468,57.04571014083323],[-92.10942741190266,57.04445853821544]]}},{"type":"Feature","properties":{},"geometry":{"type":"LineString","coordinates":[[-91.57499993630985,57.15192451989702],[-91.9578184319565,57.05213044921203],[-92.08736177356091,57.04681633439735]]}},{"type":"Feature","properties":{},"geometry":{"type":"LineString","coordinates":[[-91.52945615721973,57.16077531947299],[-91.56139988007882,57.15456750153639]]}},{"type":"Feature","properties":{},"geometry":{"type":"LineString","coordinates":[[-91.52210726042053,57.162203475282055],[-91.52263021942846,57.162101845477544]]}},{"type":"Feature","properties":{},"geometry":{"type":"LineString","coordinates":[[-91.06708586226085,57.25749146937269],[-91.0711653713366,57.2566813146495]]}},{"type":"Feature","properties":{},"geometry":{"type":"LineString","coordinates":[[-90.93893798320612,57.26279557053807],[-91.05894339711583,57.25910849153715]]}},{"type":"Feature","properties":{},"geometry":{"type":"LineString","coordinates":[[-90.936100735838,57.26273896872265],[-90.9383202999994,57.26278324803449]]}},{"type":"Feature","properties":{},"geometry":{"type":"LineString","coordinates":[[-90.92464984761362,57.26251052862647],[-90.92939571990183,57.262605206654996]]}},{"type":"Feature","properties":{},"geometry":{"type":"LineString","coordinates":[[-90.84898536705035,57.2602075434291],[-90.85451722750052,57.26111141423725]]}},{"type":"Feature","properties":{},"geometry":{"type":"LineString","coordinates":[[-90.78317788828451,57.247742526405894],[-90.79557505154017,57.250090752685324]]}},{"type":"Feature","properties":{},"geometry":{"type":"LineString","coordinates":[[-90.69711325607199,57.231440471901685],[-90.74421490191884,57.24036229702419]]}},{"type":"Feature","properties":{},"geometry":{"type":"LineString","coordinates":[[-90.52169229587574,57.20425441049112],[-90.61824982570836,57.23287712893175]]}},{"type":"Feature","properties":{},"geometry":{"type":"LineString","coordinates":[[-90.49468153703762,57.19686123802176],[-90.52024059464043,57.20367053760662]]}},{"type":"Feature","properties":{},"geometry":{"type":"LineString","coordinates":[[-90.39429001610354,57.17862559018137],[-90.45167759917733,57.19355643674351]]}},{"type":"Feature","properties":{},"geometry":{"type":"LineString","coordinates":[[-90.38723455111715,57.17379626270252],[-90.38898419638763,57.17549168547067]]}},{"type":"Feature","properties":{},"geometry":{"type":"LineString","coordinates":[[-90.38534541157297,57.16832887090875],[-90.40180493111929,57.177991948123456],[-90.3860260740919,57.170298788208804]]}},{"type":"Feature","properties":{},"geometry":{"type":"LineString","coordinates":[[-90.38136736457183,57.15681593551107],[-90.3849889310582,57.16729717441651]]}},{"type":"Feature","properties":{},"geometry":{"type":"LineString","coordinates":[[-90.28283391525147,57.12691423927272],[-90.33416670829834,57.146811054604655]]}},{"type":"Feature","properties":{},"geometry":{"type":"LineString","coordinates":[[-90.03238004543613,57.040073691692584],[-90.22500241828833,57.106778972213604]]}},{"type":"Feature","properties":{},"geometry":{"type":"LineString","coordinates":[[-90.00329905999236,57.0229017407656],[-90.00663156448722,57.02486954215804]]}},{"type":"Feature","properties":{},"geometry":{"type":"LineString","coordinates":[[-89.96842500687333,57.006123318926974],[-89.97987275657697,57.01062735151409]]}},{"type":"Feature","properties":{},"geometry":{"type":"LineString","coordinates":[[-89.96433218150695,57.00451302700928],[-89.96489599582924,57.004734855591]]}},{"type":"Feature","properties":{},"geometry":{"type":"LineString","coordinates":[[-89.92687164497569,57.001354020344145],[-89.96143105659964,57.003862616137056]]}},{"type":"Feature","properties":{},"geometry":{"type":"LineString","coordinates":[[-89.90963623118536,57.0001029375134],[-89.91043888923521,57.0001612007914]]}},{"type":"Feature","properties":{},"geometry":{"type":"LineString","coordinates":[[-89.86389000953912,56.99329106602639],[-89.88691108940486,56.99845336674859]]}},{"type":"Feature","properties":{},"geometry":{"type":"LineString","coordinates":[[-89.66440745399333,56.95590662227126],[-89.67706773524428,56.95747256896346]]}},{"type":"Feature","properties":{},"geometry":{"type":"LineString","coordinates":[[-89.52536969964757,56.93067990128858],[-89.63719881110387,56.952541192745045]]}},{"type":"Feature","properties":{},"geometry":{"type":"LineString","coordinates":[[-89.50653905908014,56.92602178846948],[-89.51129713577649,56.926822272416615]]}},{"type":"Feature","properties":{},"geometry":{"type":"LineString","coordinates":[[-89.49730870947623,56.92446890331105],[-89.49853774817369,56.92467567293889]]}},{"type":"Feature","properties":{},"geometry":{"type":"LineString","coordinates":[[-89.4488362756449,56.924331582326886],[-89.4785075086437,56.92226371091613]]}},{"type":"Feature","properties":{},"geometry":{"type":"LineString","coordinates":[[-89.36866676540669,56.923052117551244],[-89.44373352435326,56.92468720736992]]}},{"type":"Feature","properties":{},"geometry":{"type":"LineString","coordinates":[[-89.3608462043477,56.920493151842166],[-89.3618493573289,56.92085460536567]]}},{"type":"Feature","properties":{},"geometry":{"type":"LineString","coordinates":[[-89.2252163247441,56.88440931546261],[-89.26871203153001,56.89737061395309]]}},{"type":"Feature","properties":{},"geometry":{"type":"LineString","coordinates":[[-89.21085677343348,56.87996307214406],[-89.22001884088034,56.882799983986814]]}},{"type":"Feature","properties":{},"geometry":{"type":"LineString","coordinates":[[-89.08660495675022,56.862119217805414],[-89.15357724904953,56.87168327035017]]}},{"type":"Feature","properties":{},"geometry":{"type":"LineString","coordinates":[[-89.01544453055511,56.85077682500008],[-89.01698315474775,56.8504156809439]]}},{"type":"Feature","properties":{},"geometry":{"type":"LineString","coordinates":[[-88.9795769040035,56.85114844707981],[-88.9999998267634,56.853560468672995]]}},{"type":"Feature","properties":{},"geometry":{"type":"LineString","coordinates":[[-95.53478759051316,50.3959327226342],[-95.15279423929516,50.39577284198695]]}},{"type":"Feature","properties":{},"geometry":{"type":"LineString","coordinates":[[-99.74807350273575,52.05649609230268],[-99.46207597555428,52.05653721595245],[-99.44321087208462,51.80824133958114]]}},{"type":"Feature","properties":{},"geometry":{"type":"LineString","coordinates":[[-99.81789011174244,52.05654528598018],[-99.77632647991796,52.05651459470147]]}},{"type":"Feature","properties":{},"geometry":{"type":"LineString","coordinates":[[-99.8265637382736,52.157413636601596],[-99.82941779956582,52.14179140637052]]}},{"type":"Feature","properties":{},"geometry":{"type":"LineString","coordinates":[[-99.8234854847652,52.18358800082386],[-99.8234789851163,52.1834482583725]]}},{"type":"Feature","properties":{},"geometry":{"type":"LineString","coordinates":[[-99.85333480106574,52.27497609034904],[-99.85352756700605,52.274392284929775]]}},{"type":"Feature","properties":{},"geometry":{"type":"LineString","coordinates":[[-99.85255987739359,52.27682210694831],[-99.85289781845991,52.276299523383834]]}},{"type":"Feature","properties":{},"geometry":{"type":"LineString","coordinates":[[-99.82778920583064,52.27532592248794],[-99.84371365211538,52.27633496963912]]}},{"type":"Feature","properties":{},"geometry":{"type":"LineString","coordinates":[[-99.78025045171631,52.31062950784241],[-99.76371785863128,52.30304295201243],[-99.78238245538554,52.280268639605396],[-99.80870601651739,52.29567216047087]]}},{"type":"Feature","properties":{},"geometry":{"type":"LineString","coordinates":[[-99.77112278231147,52.313274535656404],[-99.77185250984905,52.31283837666842]]}},{"type":"Feature","properties":{},"geometry":{"type":"LineString","coordinates":[[-99.77018950152426,52.31383235865566],[-99.7708814007299,52.313418809705155]]}},{"type":"Feature","properties":{},"geometry":{"type":"LineString","coordinates":[[-99.71014427671393,52.39606282198458],[-99.72299667167643,52.387912522740066]]}},{"type":"Feature","properties":{},"geometry":{"type":"LineString","coordinates":[[-99.68134218951275,52.47940258461434],[-99.69953696856878,52.450111873173704]]}},{"type":"Feature","properties":{},"geometry":{"type":"LineString","coordinates":[[-99.65451845917414,52.56011865125099],[-99.65336209021918,52.559078132675225]]}},{"type":"Feature","properties":{},"geometry":{"type":"LineString","coordinates":[[-99.65527108791682,52.56119383516909],[-99.65470903580858,52.5603909035859]]}},{"type":"Feature","properties":{},"geometry":{"type":"LineString","coordinates":[[-99.67260797885076,52.59669206645611],[-99.67223164176723,52.595772131363006]]}},{"type":"Feature","properties":{},"geometry":{"type":"LineString","coordinates":[[-99.70880591681846,52.75538505229671],[-99.71297540099366,52.74897519486467]]}},{"type":"Feature","properties":{},"geometry":{"type":"LineString","coordinates":[[-99.69143519596139,52.78851651600302],[-99.68917088083889,52.78565999538695]]}},{"type":"Feature","properties":{},"geometry":{"type":"LineString","coordinates":[[-101.67160376760636,53.001253123991205],[-100.97042966902089,53.000165697683144]]}},{"type":"Feature","properties":{},"geometry":{"type":"LineString","coordinates":[[-101.77066399919592,53.71091002638891],[-101.73543094383807,53.71070651718676],[-101.73554368489776,53.36580844358729],[-101.70060567806506,53.36578111750009],[-101.70069426314096,53.01645077734848],[-101.67160376760636,53.001253123991205]]}},{"type":"Feature","properties":{},"geometry":{"type":"LineString","coordinates":[[-94.72625870869105,59.35803859005437],[-94.72704852771305,59.357373866628826]]}},{"type":"Feature","properties":{},"geometry":{"type":"LineString","coordinates":[[-94.73498045532217,59.3464999294012],[-94.73363619431336,59.34603447470173]]}},{"type":"Feature","properties":{},"geometry":{"type":"LineString","coordinates":[[-93.84237859107445,58.770048908348016],[-93.84149831096765,58.77062360800082]]}},{"type":"Feature","properties":{},"geometry":{"type":"LineString","coordinates":[[-93.33029673861647,58.75836336480537],[-93.32537726474091,58.7600449070862]]}},{"type":"Feature","properties":{},"geometry":{"type":"LineString","coordinates":[[-92.96343062454046,58.260768467452785],[-92.9597292464319,58.256832292739446]]}},{"type":"Feature","properties":{},"geometry":{"type":"LineString","coordinates":[[-90.74075062452673,57.239706106003425],[-90.7358253522451,57.23877317856135]]}},{"type":"Feature","properties":{},"geometry":{"type":"LineString","coordinates":[[-90.51301691609231,57.201135562610354],[-90.51217122271416,57.20093841544531]]}},{"type":"Feature","properties":{},"geometry":{"type":"LineString","coordinates":[[-90.4969417222906,57.1973881300687],[-90.49572451450679,57.197104375849925]]}},{"type":"Feature","properties":{},"geometry":{"type":"LineString","coordinates":[[-90.38483539938385,57.16685283571266],[-90.3844293914507,57.16567780105267]]}},{"type":"Feature","properties":{},"geometry":{"type":"LineString","coordinates":[[-96.98307664202189,51.19104013353831],[-96.982923251462,51.190947527303344]]}},{"type":"Feature","properties":{},"geometry":{"type":"LineString","coordinates":[[-96.98609286540632,51.19686582895323],[-96.98615547031758,51.19657912907559]]}},{"type":"Feature","properties":{},"geometry":{"type":"LineString","coordinates":[[-98.81653919602023,51.10941111697613],[-98.78318211002006,51.10120230180638]]}},{"type":"Feature","properties":{},"geometry":{"type":"LineString","coordinates":[[-98.82760104490494,51.10247034904847],[-98.82651994511289,51.10314868617289]]}},{"type":"Feature","properties":{},"geometry":{"type":"LineString","coordinates":[[-98.82943520460924,51.10131950374381],[-98.82842030054437,51.10195630629432]]}},{"type":"Feature","properties":{},"geometry":{"type":"LineString","coordinates":[[-98.83121427270514,51.10020322572285],[-98.83074535356022,51.100497449500054]]}},{"type":"Feature","properties":{},"geometry":{"type":"LineString","coordinates":[[-98.86090778119997,51.127865885395494],[-98.8655237765735,51.072101531082176],[-98.84876636841244,51.09415456434207]]}},{"type":"Feature","properties":{},"geometry":{"type":"LineString","coordinates":[[-98.87590135210041,51.15152204086356],[-98.87639103085556,51.14946023557874]]}},{"type":"Feature","properties":{},"geometry":{"type":"LineString","coordinates":[[-98.87116389584959,51.17146922507753],[-98.87557395178459,51.15290056850912]]}},{"type":"Feature","properties":{},"geometry":{"type":"LineString","coordinates":[[-98.86846677037948,51.17766417337988],[-98.87089959833823,51.17234057337605]]}},{"type":"Feature","properties":{},"geometry":{"type":"LineString","coordinates":[[-98.8706485221074,51.17288998724584],[-98.87035713419638,51.173527612557024]]}},{"type":"Feature","properties":{},"geometry":{"type":"LineString","coordinates":[[-98.85093102020782,51.21603652081432],[-98.85133080698601,51.21516169327616]]}},{"type":"Feature","properties":{},"geometry":{"type":"LineString","coordinates":[[-98.8457925653896,51.22860473045867],[-98.85089548819982,51.21611427320827]]}},{"type":"Feature","properties":{},"geometry":{"type":"LineString","coordinates":[[-98.85131058424888,51.263487995560965],[-98.84571448733482,51.229278667352645]]}},{"type":"Feature","properties":{},"geometry":{"type":"LineString","coordinates":[[-98.89035573558789,51.25561783262385],[-98.86282357324447,51.26341414850153]]}},{"type":"Feature","properties":{},"geometry":{"type":"LineString","coordinates":[[-98.933860360089,51.22448713504705],[-98.91146556031718,51.24219121650774]]}},{"type":"Feature","properties":{},"geometry":{"type":"LineString","coordinates":[[-99.03742132393481,51.28417989291342],[-98.99348635643318,51.20798464030656],[-98.94695468236581,51.17048885141917],[-98.9308132601209,51.18465837183009]]}},{"type":"Feature","properties":{},"geometry":{"type":"LineString","coordinates":[[-99.10954633715798,51.36811568081988],[-99.05576785263038,51.2518127410584],[-99.04069664295925,51.28311423887676]]}},{"type":"Feature","properties":{},"geometry":{"type":"LineString","coordinates":[[-99.1091962735464,51.397578368920506],[-99.11233626641307,51.39011027777816]]}},{"type":"Feature","properties":{},"geometry":{"type":"LineString","coordinates":[[-99.11708833977113,51.46331713401925],[-99.10810923234058,51.40016376422084]]}},{"type":"Feature","properties":{},"geometry":{"type":"LineString","coordinates":[[-99.12291242717,51.50719694137258],[-99.11734093372819,51.471737385658116]]}},{"type":"Feature","properties":{},"geometry":{"type":"LineString","coordinates":[[-99.15972556345871,51.55431870479715],[-99.1370879851132,51.52972307059073]]}},{"type":"Feature","properties":{},"geometry":{"type":"LineString","coordinates":[[-99.16853906280639,51.55462617803983],[-99.16991257295439,51.541070930161126],[-99.16381966769663,51.53487083048206],[-99.16006414364175,51.554528529135936]]}},{"type":"Feature","properties":{},"geometry":{"type":"LineString","coordinates":[[-99.20379808631259,51.554304486445616],[-99.1927794478111,51.531940545460046],[-99.183902142721,51.55023575262289]]}},{"type":"Feature","properties":{},"geometry":{"type":"LineString","coordinates":[[-99.21807309896019,51.561305906490375],[-99.20400191082307,51.554392287773204]]}},{"type":"Feature","properties":{},"geometry":{"type":"LineString","coordinates":[[-99.23144145977288,51.555371359149355],[-99.2259395515211,51.55829613333664]]}},{"type":"Feature","properties":{},"geometry":{"type":"LineString","coordinates":[[-99.26287921225625,51.53132407451867],[-99.27474228154658,51.52781194309778],[-99.26618887394513,51.504913717830426],[-99.24429463256115,51.53815518275405]]}},{"type":"Feature","properties":{},"geometry":{"type":"LineString","coordinates":[[-99.27641289333003,51.553240655500225],[-99.26607400520889,51.538386248413964]]}},{"type":"Feature","properties":{},"geometry":{"type":"LineString","coordinates":[[-99.28405422765556,51.567714476397896],[-99.28574275991404,51.537267337253354],[-99.28009628398227,51.55697148642755]]}},{"type":"Feature","properties":{},"geometry":{"type":"LineString","coordinates":[[-99.31876932673805,51.6449828517424],[-99.2954932750901,51.57455414736594],[-99.27835539404433,51.582460623194706]]}},{"type":"Feature","properties":{},"geometry":{"type":"LineString","coordinates":[[-99.3716831475257,51.62943314269338],[-99.34870647629606,51.603091450548824],[-99.32832142087213,51.64392359292489]]}},{"type":"Feature","properties":{},"geometry":{"type":"LineString","coordinates":[[-99.40910803445102,51.64818062497638],[-99.41376254926352,51.6261234488888],[-99.38091152414272,51.63464973535953]]}},{"type":"Feature","properties":{},"geometry":{"type":"LineString","coordinates":[[-99.4251696755961,51.64082878096388],[-99.41563128678753,51.644076106652285]]}},{"type":"Feature","properties":{},"geometry":{"type":"LineString","coordinates":[[-99.44370959585254,51.64595296347865],[-99.4255916300659,51.64092108350415]]}},{"type":"Feature","properties":{},"geometry":{"type":"LineString","coordinates":[[-100.58378459455282,53.001355476220596],[-100.54328163574417,53.00134909063426]]}},{"type":"Feature","properties":{},"geometry":{"type":"LineString","coordinates":[[-97.1100646612562,49.92598915038909],[-97.12664031856794,49.913238315738504]]}},{"type":"Feature","properties":{},"geometry":{"type":"LineString","coordinates":[[-96.81961501984539,49.930046202778534],[-97.1100646612562,49.92598915038909]]}},{"type":"Feature","properties":{},"geometry":{"type":"LineString","coordinates":[[-97.02633632109111,49.79857885689217],[-96.9602595913823,49.826979947008866],[-96.95376279265905,49.85667280365284],[-96.82083900280819,49.85622669324193],[-96.81961501984539,49.930046202778534]]}},{"type":"Feature","properties":{},"geometry":{"type":"LineString","coordinates":[[-97.10860724631699,49.902694220451274],[-97.0269705843467,49.87698339453773],[-97.02633632109111,49.79857885689217]]}},{"type":"Feature","properties":{},"geometry":{"type":"LineString","coordinates":[[-97.12664031856794,49.913238315738504],[-97.10860724631699,49.902694220451274]]}},{"type":"Feature","properties":{},"geometry":{"type":"LineString","coordinates":[[-96.81961501984539,49.930046202778534],[-96.81913220519515,50.06284208739414]]}},{"type":"Feature","properties":{},"geometry":{"type":"LineString","coordinates":[[-97.18387300801929,49.97546110874115],[-97.13868861084563,49.96327800259057],[-97.160014388731,49.939105413515826],[-97.1100646612562,49.92598915038909]]}},{"type":"Feature","properties":{},"geometry":{"type":"LineString","coordinates":[[-97.1839181867405,50.063853792789516],[-97.18387300801929,49.97546110874115]]}},{"type":"Feature","properties":{},"geometry":{"type":"LineString","coordinates":[[-98.55993857247277,50.235568872546246],[-98.56033909069201,49.88692230857535],[-98.36930311739586,49.88689499326589],[-98.36944179067788,49.79818409154975],[-98.41479317889733,49.7984668665662],[-98.41451560658284,49.531702111016855],[-98.73270999237981,49.5324789128222]]}},{"type":"Feature","properties":{},"geometry":{"type":"LineString","coordinates":[[-97.23429280599048,49.81448368731298],[-97.4538445472024,49.805645044581595],[-97.44411542807762,49.92329533566145],[-97.60257581905694,50.01233259194368],[-97.64256699559098,50.01970879835219],[-97.65190419765294,49.99642470335768],[-97.73509119695002,50.06380348943926]]}},{"type":"Feature","properties":{},"geometry":{"type":"LineString","coordinates":[[-97.21945731308482,49.800497690387786],[-97.23429280599048,49.81448368731298]]}},{"type":"Feature","properties":{},"geometry":{"type":"LineString","coordinates":[[-97.21987008887744,49.7136374914303],[-97.21945731308482,49.800497690387786]]}},{"type":"Feature","properties":{},"geometry":{"type":"LineString","coordinates":[[-97.32493588112587,49.00058907166918],[-97.32456800993079,49.08914969323021],[-97.45971891030958,49.088675699188904],[-97.45944039917042,49.2660692966936],[-97.36897511241129,49.266140809352265],[-97.36853835469982,49.3251689073392],[-97.32507999635838,49.32518258337237],[-97.35027531055765,49.35432649724178],[-97.18797250095555,49.354804492134946],[-97.18786748162383,49.487560494819824],[-97.15996548284454,49.53193405398301],[-97.25414458028969,49.531866298233986],[-97.25403779477794,49.54688700161546],[-97.16263818372751,49.62061939105305],[-97.1627424997055,49.70804844213051],[-97.21987008887744,49.7136374914303]]}},{"type":"Feature","properties":{},"geometry":{"type":"LineString","coordinates":[[-97.0486629027358,49.7925128030788],[-97.08206575035452,49.75327245490836],[-97.21987008887744,49.7136374914303]]}},{"type":"Feature","properties":{},"geometry":{"type":"LineString","coordinates":[[-97.02633632109111,49.79857885689217],[-97.0486629027358,49.7925128030788]]}},{"type":"Feature","properties":{},"geometry":{"type":"LineString","coordinates":[[-101.67160376760636,53.001253123991205],[-101.67158804145535,52.66726057826497],[-101.63770525871651,52.66727392819369],[-101.63781265104973,52.318149464319056],[-101.60905476166924,52.31815802052648],[-101.60951818960639,51.96857779965806],[-101.57755508400514,51.96851810397225],[-101.57054393736759,51.30187588819215],[-101.53912744994662,51.301721215359706],[-101.53898869893352,50.94849531197157],[-101.50869461731354,50.948485130731854],[-101.5087288232693,50.59439335145761],[-101.47699491379569,50.594387506551215],[-101.47690022207743,50.48536376836904]]}},{"type":"Feature","properties":{},"geometry":{"type":"LineString","coordinates":[[-98.84779757832185,50.86906843853052],[-98.84779326053139,50.86907683315852]]}},{"type":"Feature","properties":{},"geometry":{"type":"LineString","coordinates":[[-101.47690022207743,50.48536376836904],[-101.47672111132786,50.24050443348181],[-101.44715800144127,50.24052438498598],[-101.4473060045981,50.064000264596054]]}},{"type":"Feature","properties":{},"geometry":{"type":"LineString","coordinates":[[-97.10860724631699,49.902694220451274],[-97.12691085200586,49.88585982558278]]}},{"type":"Feature","properties":{},"geometry":{"type":"LineString","coordinates":[[-97.1430358674968,49.822051515558385],[-97.0928125042018,49.83837210333873],[-97.0486629027358,49.7925128030788]]}},{"type":"Feature","properties":{},"geometry":{"type":"LineString","coordinates":[[-97.12691085200586,49.88585982558278],[-97.1125065574344,49.86750234672909],[-97.14546541946567,49.851950169464274],[-97.11937830665687,49.84459654564667],[-97.1430358674968,49.822051515558385]]}},{"type":"Feature","properties":{},"geometry":{"type":"LineString","coordinates":[[-97.12664031856794,49.913238315738504],[-97.22961617847884,49.933005386158015]]}},{"type":"Feature","properties":{},"geometry":{"type":"LineString","coordinates":[[-97.2029292656436,49.8768535216119],[-97.12691085200586,49.88585982558278]]}},{"type":"Feature","properties":{},"geometry":{"type":"LineString","coordinates":[[-97.22961617847884,49.933005386158015],[-97.2029292656436,49.8768535216119]]}},{"type":"Feature","properties":{},"geometry":{"type":"LineString","coordinates":[[-97.18387300801929,49.97546110874115],[-97.22938190747789,49.97550819681541],[-97.22961617847884,49.933005386158015]]}},{"type":"Feature","properties":{},"geometry":{"type":"LineString","coordinates":[[-97.1430358674968,49.822051515558385],[-97.21945731308482,49.800497690387786]]}},{"type":"Feature","properties":{},"geometry":{"type":"LineString","coordinates":[[-97.2029292656436,49.8768535216119],[-97.23429280599048,49.81448368731298]]}},{"type":"Feature","properties":{},"geometry":{"type":"LineString","coordinates":[[-110.00560668207098,54.238690127286475],[-110.00516260005794,52.85733784558251]]}},{"type":"Feature","properties":{},"geometry":{"type":"LineString","coordinates":[[-110.00569222639346,54.64980750009642],[-110.00560668207098,54.238690127286475]]}},{"type":"Feature","properties":{},"geometry":{"type":"LineString","coordinates":[[-107.3530112716307,54.14935532074434],[-107.95458228252488,54.15059435723991],[-107.9700442410809,54.58725507919485],[-108.42376549027698,54.587278715688534],[-108.42339514988838,54.67424962006509],[-108.59882865021972,54.674979997608894],[-108.59964983683095,54.588014153846025],[-108.64825445879161,54.587970532327],[-108.64886399164352,54.515817256831674],[-108.80189335765358,54.51582780050966],[-108.80215161719879,54.486134111588065],[-109.53208438614338,54.50018543714546],[-109.63317760398971,54.52869373089003],[-109.63345459549998,54.558258896823595],[-109.7840611071421,54.5578797208232],[-109.78431298738471,54.5852898349081],[-109.85916409223358,54.58562025542693],[-109.91152554849694,54.645204594319395],[-110.00569222639346,54.64980750009642]]}},{"type":"Feature","properties":{},"geometry":{"type":"LineString","coordinates":[[-107.02566488056917,53.192368877255596],[-107.03862168171831,53.453350408298505],[-107.18537498241731,53.45343570968911],[-107.21864879261892,53.67808751300551],[-107.18512704422999,53.67783972945506],[-107.18531815201851,53.71520303488027],[-107.71788691265131,53.7141825841348],[-107.71687820133953,53.75878193148566],[-107.74180580754116,53.75886211816805],[-107.73435619915382,53.729774804689455],[-107.7793160360104,53.725986958073655],[-107.74892457351963,53.72622090007378],[-107.75190332482698,53.71514058043625],[-107.93995667936257,53.71522528733873],[-107.93986375601644,53.802374051225364],[-107.79125735559695,53.802264241594145],[-107.79149746373237,53.97690481322082],[-107.34496713919216,53.976581398658944],[-107.3530112716307,54.14935532074434]]}},{"type":"Feature","properties":{},"geometry":{"type":"LineString","coordinates":[[-108.16249970116048,52.37683100441001],[-107.97163957490444,52.36243681415592],[-107.97106581038312,52.52220882556416],[-107.99474967567471,52.522214981584824],[-107.99493026686172,52.57224136007852],[-107.87535580823734,52.566968124342054],[-107.89082969286623,52.92937705577312],[-107.74544943175407,52.92981632742157],[-107.76005879334151,53.190774807656595],[-107.02566488056917,53.192368877255596]]}},{"type":"Feature","properties":{},"geometry":{"type":"LineString","coordinates":[[-110.00494638756538,52.40494801203028],[-108.16232090657859,52.40595548580068],[-108.16249970116048,52.37683100441001]]}},{"type":"Feature","properties":{},"geometry":{"type":"LineString","coordinates":[[-110.00516260005794,52.85733784558251],[-110.00494638756538,52.40494801203028]]}},{"type":"Feature","properties":{},"geometry":{"type":"LineString","coordinates":[[-104.59782084036844,52.666879860863695],[-104.61666206241891,52.66702907365824],[-104.61595847775716,52.848533306106155],[-104.64014539372447,52.85637250409463],[-104.61598499443116,52.87450089911766],[-104.61618570050874,52.92917661173076],[-105.0737773796189,52.93371323586158],[-105.07386846286865,52.97777245957917],[-105.22060158959243,52.97849461448243],[-105.22018729172059,52.92920579763225],[-105.7939213077109,52.929202995580084],[-105.9247429113894,52.901154333541],[-106.00336543453842,52.91334438322923],[-106.00412867010463,52.97787256551083],[-106.12520099039443,52.963252325282006],[-106.10201740770849,53.00733961178726],[-106.16686791112974,53.04002858913134],[-106.3952749385814,53.01671168027857],[-106.26814494607802,53.10353550768087],[-106.44150089490022,53.1040925017807],[-106.44233221807416,53.19139339569624],[-106.71069222478134,53.19189689181323],[-106.72399508913496,53.10433639845772],[-106.80858506373218,53.10425445034203],[-106.86748670576516,53.10461417288172],[-106.86858062593551,53.17722467343963],[-107.02566488056917,53.192368877255596]]}},{"type":"Feature","properties":{},"geometry":{"type":"LineString","coordinates":[[-104.57801307850728,52.14389696085482],[-104.59782084036844,52.666879860863695]]}},{"type":"Feature","properties":{},"geometry":{"type":"LineString","coordinates":[[-106.75457508861815,51.88158550383772],[-106.77452583605316,51.919987665963525],[-106.74687643272368,51.93536922913515],[-106.79547192579031,51.96899622133484],[-106.42939848728713,51.96914200162761],[-106.4293309118189,51.88186899028994],[-106.00468637505888,51.88182653444435],[-106.00275558186893,52.14384169981495],[-105.15364529861903,52.14379649352068],[-105.1478788046085,52.11466479051902],[-105.1231834079387,52.114576302652516],[-105.05185830402709,52.1146382999969],[-105.05181911328033,52.14377729366666],[-104.57801307850728,52.14389696085482]]}},{"type":"Feature","properties":{},"geometry":{"type":"LineString","coordinates":[[-108.16249970116048,52.37683100441001],[-108.14537849906299,52.23097869719521],[-107.71474369095449,52.23089058871737],[-107.71633212151623,52.143512938314174],[-107.28897501876654,52.14383570713094],[-107.27961199545342,51.881692203694136],[-106.75457508861815,51.88158550383772]]}},{"type":"Feature","properties":{},"geometry":{"type":"LineString","coordinates":[[-106.6057243761564,52.20780614157066],[-106.50371920774764,52.172919195658764],[-106.50373231068146,52.14381361067174]]}},{"type":"Feature","properties":{},"geometry":{"type":"LineString","coordinates":[[-106.70028042057452,52.09327080149232],[-106.7892889483236,52.099985656836736],[-106.82439136303685,52.15089007219101],[-106.67027146659777,52.18060555929967],[-106.7173877939861,52.21104859845922],[-106.70649848575816,52.23121667044007],[-106.6712624169594,52.23121369183544],[-106.67186688008526,52.20209039538289],[-106.5995984034824,52.23118156504444],[-106.6057243761564,52.20780614157066]]}},{"type":"Feature","properties":{},"geometry":{"type":"LineString","coordinates":[[-106.50373231068146,52.14381361067174],[-106.51741047236838,52.086143360155276],[-106.67034896757484,52.07062958595754],[-106.70028042057452,52.09327080149232]]}},{"type":"Feature","properties":{},"geometry":{"type":"LineString","coordinates":[[-110.00000001796556,59.99999999930512],[-109.99977333107931,59.3201354563894]]}},{"type":"Feature","properties":{},"geometry":{"type":"LineString","coordinates":[[-102.03383671471228,60.00002867763356],[-110.00000001796556,59.99999999930512]]}},{"type":"Feature","properties":{},"geometry":{"type":"LineString","coordinates":[[-103.62826744719793,53.62840388901502],[-103.4246108312378,53.642143123086306],[-103.39108006668788,53.686350407467344],[-103.15727710877759,53.71951830048278],[-103.03836467729525,53.78305171087679],[-103.0251227263984,53.29796430796868],[-102.91461381460654,53.19260563295346],[-103.02673429352242,53.19160583950317],[-103.02300878045727,52.92981212103148],[-102.39582225318354,52.92940879549918],[-102.11095460470511,53.2595543054938],[-102.07402861886976,53.42016339130502],[-102.08663118431424,53.522801793996614],[-102.12524109634009,53.585628508973386],[-102.10139329157994,53.62205439368078],[-101.98753570623616,53.62890210763633],[-101.93482869857937,53.67886321356775],[-101.77066399919592,53.71091002638891]]}},{"type":"Feature","properties":{},"geometry":{"type":"LineString","coordinates":[[-107.3530112716307,54.14935532074434],[-106.75139129241963,54.14884894635359],[-106.75289338592971,54.32494286308533],[-106.5909476534844,54.32596665826694],[-106.58698796167297,54.34514185792281],[-106.55251462032221,54.32615243527721],[-106.01418688234806,54.32905760471462],[-106.00406363653399,53.97629600700692],[-105.1267104876493,53.977549196833095],[-105.12974823584098,53.80214549145314],[-103.64281810999742,53.80154919433112],[-103.62826744719793,53.62840388901502]]}},{"type":"Feature","properties":{},"geometry":{"type":"LineString","coordinates":[[-110.00025132083603,58.973915814356246],[-110.00569222639346,54.64980750009642]]}},{"type":"Feature","properties":{},"geometry":{"type":"LineString","coordinates":[[-104.48439347492896,51.88144678243974],[-104.5567133024724,51.881641095516834],[-104.57801307850728,52.14389696085482]]}},{"type":"Feature","properties":{},"geometry":{"type":"LineString","coordinates":[[-104.64080641370867,50.508102807228596],[-104.64097830564077,50.54306920511211],[-104.61818982117161,50.542565009904244],[-104.61576128394019,50.77849909473905],[-104.50063371857553,50.86609399201107],[-104.55689398179562,51.785446617410855],[-104.5238885831269,51.79449274225325],[-104.54807678567639,51.813719746566576],[-104.48439347492896,51.88144678243974]]}},{"type":"Feature","properties":{},"geometry":{"type":"LineString","coordinates":[[-104.61795093804012,50.397410503251784],[-104.68675469740168,50.39687950779937],[-104.68685505337794,50.443576208436895],[-104.70969819540133,50.45511739016251],[-104.77839806661952,50.43439802357878],[-104.77840289993087,50.46953702376516],[-104.72107861374326,50.484216884133644],[-104.72100163266364,50.513346041875266],[-104.64080641370867,50.508102807228596]]}},{"type":"Feature","properties":{},"geometry":{"type":"LineString","coordinates":[[-104.49871577106536,50.40597219218845],[-104.61795093804012,50.397410503251784]]}},{"type":"Feature","properties":{},"geometry":{"type":"LineString","coordinates":[[-104.48049497875827,50.39678619940203],[-104.49871577106536,50.40597219218845]]}},{"type":"Feature","properties":{},"geometry":{"type":"LineString","coordinates":[[-106.41051818016061,49.78553119947527],[-104.44547284746997,49.7845954545699],[-104.48049497875827,50.39678619940203]]}},{"type":"Feature","properties":{},"geometry":{"type":"LineString","coordinates":[[-106.75457508861815,51.88158550383772],[-106.73206864468625,51.81936914760964],[-106.79842166784844,51.72320368179037],[-106.95539784693378,51.668401324428515],[-107.04914324208302,51.58929080047121],[-107.08913023856964,51.44601994531701],[-106.99962256554416,51.402485056518486],[-106.96178148629501,51.32175020152399],[-106.8614352555849,51.2731630990867],[-106.78908993688268,51.16772296027837],[-106.62950768282104,51.097529950446045],[-106.89256702266226,51.00945225187303],[-106.9165360294341,50.92434553320402],[-106.97675252287964,50.87991745056255],[-106.9493175941,50.83637525963862],[-106.97372785905311,50.80932282439321],[-106.9753784107671,50.65955531091988],[-106.83474610201755,50.65997572324458],[-106.81710898532397,49.7854083078271],[-106.41051818016061,49.78553119947527]]}},{"type":"Feature","properties":{},"geometry":{"type":"LineString","coordinates":[[-104.59782084036844,52.666879860863695],[-103.74517881064014,52.6673203923685],[-103.77462753427038,53.51398113985284],[-103.67406666353847,53.54635272478746],[-103.68780369211588,53.60439904570224],[-103.62826744719793,53.62840388901502]]}},{"type":"Feature","properties":{},"geometry":{"type":"LineString","coordinates":[[-104.61801379132828,50.4472351922332],[-104.66675781055685,50.471658103978626],[-104.64080641370867,50.508102807228596]]}},{"type":"Feature","properties":{},"geometry":{"type":"LineString","coordinates":[[-104.61795093804012,50.397410503251784],[-104.61801379132828,50.4472351922332]]}},{"type":"Feature","properties":{},"geometry":{"type":"LineString","coordinates":[[-103.24352935692377,50.529421684743376],[-103.26118371705655,50.844360304764436],[-103.1454438919588,50.84609631017797],[-103.14514922818805,50.86449549815976],[-102.91259020254263,50.93106490061733],[-102.9353615797686,50.93074139743247],[-102.94257531409697,50.972689704254165],[-103.27021598439647,51.09015821209945],[-103.28020029415146,51.387011804726306],[-103.7042865158273,51.38728949248447],[-103.70434718342997,51.652290396511894],[-104.13208140435488,51.65228889932798],[-104.132394824981,51.88194288878723],[-104.48439347492896,51.88144678243974]]}},{"type":"Feature","properties":{},"geometry":{"type":"LineString","coordinates":[[-104.48049497875827,50.39678619940203],[-103.24350301721714,50.396891307902884],[-103.24352935692377,50.529421684743376]]}},{"type":"Feature","properties":{},"geometry":{"type":"LineString","coordinates":[[-104.61801379132828,50.4472351922332],[-104.50341625619411,50.4719439580365],[-104.49871577106536,50.40597219218845]]}},{"type":"Feature","properties":{},"geometry":{"type":"LineString","coordinates":[[-106.67839399349664,52.11479661135535],[-106.70028042057452,52.09327080149232]]}},{"type":"Feature","properties":{},"geometry":{"type":"LineString","coordinates":[[-106.50373231068146,52.14381361067174],[-106.67839399349664,52.11479661135535]]}},{"type":"Feature","properties":{},"geometry":{"type":"LineString","coordinates":[[-106.6057243761564,52.20780614157066],[-106.67839399349664,52.11479661135535]]}},{"type":"Feature","properties":{},"geometry":{"type":"LineString","coordinates":[[-101.47690022207743,50.48536376836904],[-101.68411895374757,50.523068243967415],[-101.7866918837694,50.47710633445864],[-101.82975236529258,50.531471232394146],[-101.94889176087635,50.5190569373721],[-102.02013356579923,50.55377183548709],[-102.24652613586434,50.50015081559204],[-102.3634962273154,50.539308233795126],[-102.50918655855337,50.53054443837063],[-102.80743476238054,50.65814683102875],[-102.91869146920264,50.64088494702524],[-103.12064808158047,50.52705045742568],[-103.24352935692377,50.529421684743376]]}},{"type":"Feature","properties":{},"geometry":{"type":"LineString","coordinates":[[-106.41051818016061,49.78553119947527],[-106.41042077719557,49.262179660885614],[-106.50007642552606,49.2619754019021],[-106.50046404178124,49.17473741071407],[-106.54136831311546,49.174607808556814],[-106.54115143371251,49.00004445994374]]}},{"type":"Feature","properties":{},"geometry":{"type":"LineString","coordinates":[[-110.00303586778182,50.834670409881035],[-110.00502263037173,48.999698741741696]]}},{"type":"Feature","properties":{},"geometry":{"type":"LineString","coordinates":[[-110.00494638756538,52.40494801203028],[-110.00303586778182,50.834670409881035]]}},{"type":"Feature","properties":{},"geometry":{"type":"LineString","coordinates":[[-113.91186339942367,51.1834035084755],[-113.86515289987696,51.18344229854165],[-113.8652642058895,51.212459798473624],[-113.8420377888635,51.21252830411514],[-113.84925730774015,51.32879528715172]]}},{"type":"Feature","properties":{},"geometry":{"type":"LineString","coordinates":[[-114.1644531890052,51.19771260178202],[-114.01300190817703,51.212562296494234],[-114.00154381527915,51.1835507967814],[-113.91186339942367,51.1834035084755]]}},{"type":"Feature","properties":{},"geometry":{"type":"LineString","coordinates":[[-114.25681458406424,51.14354110598998],[-114.21102019693167,51.19775940717232],[-114.1644531890052,51.19771260178202]]}},{"type":"Feature","properties":{},"geometry":{"type":"LineString","coordinates":[[-113.84925730774015,51.32879528715172],[-114.16580870656205,51.32931408924557],[-114.16551259786037,51.270789813697014],[-114.52883719248095,51.27069829546651],[-114.52281360466985,51.19792326268425],[-114.49016375098807,51.15349837152338],[-114.43175254244667,51.15458852200055],[-114.44163457631907,51.18297391100584],[-114.41798680388997,51.197774509868914],[-114.25681458406424,51.14354110598998]]}},{"type":"Feature","properties":{},"geometry":{"type":"LineString","coordinates":[[-113.64266771224175,51.95450400212517],[-113.64257380074515,51.89647199597756],[-113.71349888165534,51.89631399653959],[-113.71326942268024,51.78051585349086],[-113.73636757446224,51.781024538827594],[-113.71347261568873,51.720898038900934],[-113.68988349204895,51.721383111352274],[-113.68985608534119,51.678321411835014],[-113.64255689846283,51.67819051104307],[-113.6616278967257,51.59066419299179]]}},{"type":"Feature","properties":{},"geometry":{"type":"LineString","coordinates":[[-113.09321569775705,52.317628015585555],[-113.06402970529794,52.28081834889505],[-113.06349860990495,52.20865496658113],[-113.02470410556737,52.179451948893465],[-113.02459501155033,52.10726656816456],[-112.91508240098472,52.0033204564328],[-112.91215029407239,51.96950967897406],[-113.48089400208745,51.9830735165088],[-113.4772745848546,51.95485982859302],[-113.64266771224175,51.95450400212517]]}},{"type":"Feature","properties":{},"geometry":{"type":"LineString","coordinates":[[-113.08849081292321,52.75580116591588],[-113.05178787207004,52.723221745472834],[-113.05156692914812,52.623426275891916],[-113.14774869932836,52.622737512693156],[-113.1477116129487,52.57926910638745],[-113.02768195308924,52.56467810014123],[-112.93086399131106,52.48841936409928],[-113.0278803297457,52.460676094918824],[-112.99777052171204,52.432520661086215],[-113.02796801736979,52.41610778308736],[-113.02788548537117,52.375995663039284],[-113.07566737914463,52.375974996116895],[-113.09321569775705,52.317628015585555]]}},{"type":"Feature","properties":{},"geometry":{"type":"LineString","coordinates":[[-113.04986959344203,53.36399942697696],[-112.99998567933027,53.32628574405848],[-113.00000000750016,53.29413976745427],[-113.04991415590477,53.294171055205496],[-113.04984132266956,53.235653695304165],[-113.17175658054947,53.235945709077534],[-113.18428929255249,53.21260373164495],[-113.17169680948899,53.11975688634276],[-113.09854891378588,53.119722610358416],[-113.09790250119,53.076307483311766],[-113.07426222344694,53.0760915716283],[-113.1001392565301,52.97409401494637],[-113.12449095970108,52.97417784089049],[-113.12449874272146,52.84354494397221],[-113.05178840863373,52.84340349566133],[-113.0517998142434,52.75605298780465],[-113.08849081292321,52.75580116591588]]}},{"type":"Feature","properties":{},"geometry":{"type":"LineString","coordinates":[[-112.95136318111125,53.52425064960467],[-112.95137997314058,53.48312825310432],[-112.85288349707854,53.460420523811685],[-112.84076086872454,53.36694179186363],[-113.04986959344203,53.36399942697696]]}},{"type":"Feature","properties":{},"geometry":{"type":"LineString","coordinates":[[-110.00516260005794,52.85733784558251],[-110.45748846611376,52.9584212646407],[-110.4747962556824,53.0286476058355],[-110.5864270620905,53.0331830872622],[-110.61562467576319,53.08777057228688],[-110.69320455403853,53.05965088170909],[-111.02887126143992,53.06008563804186],[-111.04087650210202,53.08869526177336],[-111.15063090867041,53.10318452546475],[-111.2107719623673,53.146577413127396],[-111.42940762687556,53.14708056262981],[-111.43106006646968,53.19026109680916],[-111.5406604944886,53.19040228997335],[-111.5406408380581,53.23385307390297],[-111.63826536835805,53.233872497274554],[-111.63832690046554,53.306349138443785],[-112.05073239993774,53.308847989272536],[-112.05070380726106,53.366951686394096],[-112.16464211142133,53.366977000513714],[-112.16464210929053,53.39601250076981],[-112.2635140827641,53.39603189305528],[-112.26337091212793,53.42521310727136],[-112.36229499428283,53.425177404667586],[-112.36202121387424,53.454270485843494],[-112.50915281251653,53.45367231695221],[-112.50874126722267,53.54140595734073],[-112.95136318111125,53.52425064960467]]}},{"type":"Feature","properties":{},"geometry":{"type":"LineString","coordinates":[[-111.38922398231304,50.70315570353152],[-110.28214751818706,50.70340572856457],[-110.28244268243603,50.6108571970504],[-110.14001000800819,50.66817764919033],[-110.13109761171778,50.72569654656667],[-110.05342029335081,50.73277935698227],[-110.08114617469836,50.79567034836404],[-110.00303586778182,50.834670409881035]]}},{"type":"Feature","properties":{},"geometry":{"type":"LineString","coordinates":[[-113.66171641978184,51.44513209987567],[-113.3804153967497,51.44510479764618],[-113.38041750926322,51.38693839043052],[-112.88818759944502,51.386963689908455],[-112.88163255130944,51.31572814802478],[-112.6300165360268,51.386645673760896],[-112.53977158060968,51.37737022059354],[-112.48812384594447,51.321587549447244],[-112.35948061495023,51.29585765881198],[-112.07473878389033,51.11587756113076],[-111.99713669935758,51.09196816904002],[-111.91707780567982,50.974528746398306],[-111.96454438449065,50.920882348017706],[-111.85456789691328,50.90708035413429],[-111.80999498510513,50.836431464981395],[-111.6277427834229,50.854554857870646],[-111.56485828961793,50.7690772653544],[-111.38836837583129,50.76970974769993],[-111.38922398231304,50.70315570353152]]}},{"type":"Feature","properties":{},"geometry":{"type":"LineString","coordinates":[[-113.6616278967257,51.59066419299179],[-113.66171641978184,51.44513209987567]]}},{"type":"Feature","properties":{},"geometry":{"type":"LineString","coordinates":[[-113.91174268132765,51.06694249829297],[-113.86536524483287,51.05998634235535],[-113.86541836948042,51.01577586275476],[-113.91189318892867,51.01571656952913],[-113.91190010927366,50.979693490228584]]}},{"type":"Feature","properties":{},"geometry":{"type":"LineString","coordinates":[[-113.91185718958742,51.12518071352465],[-113.91174268132765,51.06694249829297]]}},{"type":"Feature","properties":{},"geometry":{"type":"LineString","coordinates":[[-113.91186339942367,51.1834035084755],[-113.91185718958742,51.12518071352465]]}},{"type":"Feature","properties":{},"geometry":{"type":"LineString","coordinates":[[-113.66171641978184,51.44513209987567],[-113.82582579750371,51.44517170152553],[-113.82574600398992,51.32880690600294],[-113.84925730774015,51.32879528715172]]}},{"type":"Feature","properties":{},"geometry":{"type":"LineString","coordinates":[[-112.21776395853232,49.611042511124495],[-111.63054815147834,49.53024703317471],[-111.63028009425855,49.87305499085405],[-111.69771430700547,49.933256656101705],[-111.65959209400965,49.97626086434313],[-111.59420055353287,49.98879531656658],[-111.57356491351429,50.0362728611841],[-111.62501231779463,50.05988954967584],[-111.60695588404762,50.08922395039151],[-111.66897683306884,50.13356391979086],[-111.37018187980483,50.135823941715934],[-111.38922398231304,50.70315570353152]]}},{"type":"Feature","properties":{},"geometry":{"type":"LineString","coordinates":[[-113.12105637814302,50.06245199752538],[-112.81409080927568,50.07701098938694],[-112.81242311746588,50.135276219483416],[-112.50691491174143,50.13536210567807],[-112.50686049386175,50.07705730488863],[-112.46140348328979,50.07707400143587],[-112.4428836765407,49.71952978729865],[-112.27461093581091,49.661917935719046],[-112.21776395853232,49.611042511124495]]}},{"type":"Feature","properties":{},"geometry":{"type":"LineString","coordinates":[[-113.86021384682083,50.85532660723337],[-113.79563430727546,50.8196475439209],[-113.61394761668598,50.793982855471604],[-113.49921538438302,50.796575058167],[-113.42197449414752,50.83162766229407],[-113.41952599502028,50.72097081176405],[-113.28389161548833,50.71437280888485],[-113.25953000568386,50.649644090831174],[-113.25539428691329,50.40353169060116],[-113.23277358009344,50.325658201254186],[-113.1440956218366,50.22939430696852],[-113.12105637814302,50.06245199752538]]}},{"type":"Feature","properties":{},"geometry":{"type":"LineString","coordinates":[[-113.91190010927366,50.979693490228584],[-113.86543340984257,50.97966558830512],[-113.88873921187556,50.92148160148214],[-113.85993531443513,50.92147160994769],[-113.86021384682083,50.85532660723337]]}},{"type":"Feature","properties":{},"geometry":{"type":"LineString","coordinates":[[-114.01880462697693,51.04397344023604],[-114.11484758788528,51.046626933020775]]}},{"type":"Feature","properties":{},"geometry":{"type":"LineString","coordinates":[[-114.0252796191844,50.98687070160488],[-114.00309469562207,51.02740005535631],[-114.01880462697693,51.04397344023604]]}},{"type":"Feature","properties":{},"geometry":{"type":"LineString","coordinates":[[-114.0830485693405,50.99431058859406],[-114.0252796191844,50.98687070160488]]}},{"type":"Feature","properties":{},"geometry":{"type":"LineString","coordinates":[[-114.11793804725812,51.00021827246112],[-114.0830485693405,50.99431058859406]]}},{"type":"Feature","properties":{},"geometry":{"type":"LineString","coordinates":[[-114.11484758788528,51.046626933020775],[-114.14119001976323,51.0378384998262],[-114.11793804725812,51.00021827246112]]}},{"type":"Feature","properties":{},"geometry":{"type":"LineString","coordinates":[[-114.1781867538233,51.11074957340734],[-114.17944781718457,51.08881996014893],[-114.23152386273269,51.09895989439925]]}},{"type":"Feature","properties":{},"geometry":{"type":"LineString","coordinates":[[-114.03388360037519,51.081480457886876],[-114.1781867538233,51.11074957340734]]}},{"type":"Feature","properties":{},"geometry":{"type":"LineString","coordinates":[[-114.02709159760697,51.07437225070838],[-114.03388360037519,51.081480457886876]]}},{"type":"Feature","properties":{},"geometry":{"type":"LineString","coordinates":[[-114.01880462697693,51.04397344023604],[-114.02709159760697,51.07437225070838]]}},{"type":"Feature","properties":{},"geometry":{"type":"LineString","coordinates":[[-114.23152386273269,51.09895989439925],[-114.11484758788528,51.046626933020775]]}},{"type":"Feature","properties":{},"geometry":{"type":"LineString","coordinates":[[-114.13178360013514,51.167945691733294],[-114.1644531890052,51.19771260178202]]}},{"type":"Feature","properties":{},"geometry":{"type":"LineString","coordinates":[[-114.1781867538233,51.11074957340734],[-114.13178360013514,51.167945691733294]]}},{"type":"Feature","properties":{},"geometry":{"type":"LineString","coordinates":[[-114.28093597321933,51.101141102059],[-114.23152386273269,51.09895989439925]]}},{"type":"Feature","properties":{},"geometry":{"type":"LineString","coordinates":[[-114.25681458406424,51.14354110598998],[-114.26873485252878,51.11019205899729],[-114.3151876034672,51.13960715662931],[-114.28093597321933,51.101141102059]]}},{"type":"Feature","properties":{},"geometry":{"type":"LineString","coordinates":[[-113.91174268132765,51.06694249829297],[-114.02709159760697,51.07437225070838]]}},{"type":"Feature","properties":{},"geometry":{"type":"LineString","coordinates":[[-113.99060799555522,50.93190285214359],[-113.95792838186037,50.93125180076448],[-113.95833600898646,50.979644586301056],[-113.91190010927366,50.979693490228584]]}},{"type":"Feature","properties":{},"geometry":{"type":"LineString","coordinates":[[-114.0252796191844,50.98687070160488],[-113.99060799555522,50.93190285214359]]}},{"type":"Feature","properties":{},"geometry":{"type":"LineString","coordinates":[[-114.11793804725812,51.00021827246112],[-114.14232952245167,51.00850341947018]]}},{"type":"Feature","properties":{},"geometry":{"type":"LineString","coordinates":[[-114.09394812258411,50.89048952992795],[-114.06216901703664,50.905143993744126],[-114.0830485693405,50.99431058859406]]}},{"type":"Feature","properties":{},"geometry":{"type":"LineString","coordinates":[[-114.14232952245167,51.00850341947018],[-114.1651887221591,50.99351079163828],[-114.14075336960649,50.97971680956432],[-114.14072584799325,50.92134213464663],[-114.20982577194033,50.921358229285914],[-114.20967988359303,50.892271800817795],[-114.09394812258411,50.89048952992795]]}},{"type":"Feature","properties":{},"geometry":{"type":"LineString","coordinates":[[-113.91185718958742,51.12518071352465],[-114.0174567443369,51.154450808454754]]}},{"type":"Feature","properties":{},"geometry":{"type":"LineString","coordinates":[[-114.0174567443369,51.154450808454754],[-114.04573630771696,51.12882798595066],[-114.03388360037519,51.081480457886876]]}},{"type":"Feature","properties":{},"geometry":{"type":"LineString","coordinates":[[-113.97308013125597,50.85537126390364],[-114.00953010516925,50.89518804617862],[-113.99060799555522,50.93190285214359]]}},{"type":"Feature","properties":{},"geometry":{"type":"LineString","coordinates":[[-114.09394812258411,50.89048952992795],[-114.07099225756879,50.84885954864746],[-113.97308013125597,50.85537126390364]]}},{"type":"Feature","properties":{},"geometry":{"type":"LineString","coordinates":[[-114.0174567443369,51.154450808454754],[-114.08800415792571,51.14496329419273],[-114.13178360013514,51.167945691733294]]}},{"type":"Feature","properties":{},"geometry":{"type":"LineString","coordinates":[[-113.97308013125597,50.85537126390364],[-113.86021384682083,50.85532660723337]]}},{"type":"Feature","properties":{},"geometry":{"type":"LineString","coordinates":[[-114.23429474857912,51.00896884385728],[-114.14232952245167,51.00850341947018]]}},{"type":"Feature","properties":{},"geometry":{"type":"LineString","coordinates":[[-114.28093597321933,51.101141102059],[-114.29482296691596,51.0814185118277],[-114.2343004885747,51.08150990831957],[-114.23429474857912,51.00896884385728]]}},{"type":"Feature","properties":{},"geometry":{"type":"LineString","coordinates":[[-113.48373279292278,53.53891276516187],[-113.51661578277891,53.59963690353396]]}},{"type":"Feature","properties":{},"geometry":{"type":"LineString","coordinates":[[-113.55355418347038,53.52749573804121],[-113.48373279292278,53.53891276516187]]}},{"type":"Feature","properties":{},"geometry":{"type":"LineString","coordinates":[[-113.61517600632808,53.53173261101072],[-113.55355418347038,53.52749573804121]]}},{"type":"Feature","properties":{},"geometry":{"type":"LineString","coordinates":[[-113.51661578277891,53.59963690353396],[-113.59105120829793,53.58091878410395],[-113.61517600632808,53.53173261101072]]}},{"type":"Feature","properties":{},"geometry":{"type":"LineString","coordinates":[[-113.41804085278304,53.38228725841764],[-113.44248119620853,53.48527988599322]]}},{"type":"Feature","properties":{},"geometry":{"type":"LineString","coordinates":[[-113.50976394095434,53.39588246783847],[-113.4673098949778,53.3958647984798],[-113.46730499423538,53.366922004606224],[-113.41804085278304,53.38228725841764]]}},{"type":"Feature","properties":{},"geometry":{"type":"LineString","coordinates":[[-113.516091898377,53.46601939292855],[-113.51642220917256,53.424908808276314],[-113.55322115567104,53.42491312214459],[-113.56552768038475,53.39704214947029],[-113.50976394095434,53.39588246783847]]}},{"type":"Feature","properties":{},"geometry":{"type":"LineString","coordinates":[[-113.44248119620853,53.48527988599322],[-113.516091898377,53.46601939292855]]}},{"type":"Feature","properties":{},"geometry":{"type":"LineString","coordinates":[[-113.49173959914809,53.628956007379905],[-113.51661578277891,53.59963690353396]]}},{"type":"Feature","properties":{},"geometry":{"type":"LineString","coordinates":[[-113.37189032360922,53.57049236524238],[-113.44300422375844,53.583531438435635],[-113.45126152276706,53.628662502626746],[-113.49173959914809,53.628956007379905]]}},{"type":"Feature","properties":{},"geometry":{"type":"LineString","coordinates":[[-113.4022643507572,53.55657162604364],[-113.37189032360922,53.57049236524238]]}},{"type":"Feature","properties":{},"geometry":{"type":"LineString","coordinates":[[-113.48373279292278,53.53891276516187],[-113.4022643507572,53.55657162604364]]}},{"type":"Feature","properties":{},"geometry":{"type":"LineString","coordinates":[[-113.29332447407066,53.67293591181355],[-113.29506499617231,53.71582070036219],[-113.43041806445522,53.71609807987562],[-113.43612239629321,53.65056327375575],[-113.49132374915756,53.65056431947465]]}},{"type":"Feature","properties":{},"geometry":{"type":"LineString","coordinates":[[-113.37189032360922,53.57049236524238],[-113.2953169524526,53.5702744873681],[-113.29606889977283,53.61729146102266],[-113.32248387559777,53.63220816709563],[-113.28608310758977,53.644454454631926],[-113.27161548551533,53.66908115784032],[-113.29332447407066,53.67293591181355]]}},{"type":"Feature","properties":{},"geometry":{"type":"LineString","coordinates":[[-113.49132374915756,53.65056431947465],[-113.49173959914809,53.628956007379905]]}},{"type":"Feature","properties":{},"geometry":{"type":"LineString","coordinates":[[-113.49132374915756,53.65056431947465],[-113.56584423108627,53.650461840916094],[-113.63915700867193,53.599629795382334],[-113.71362932412823,53.59237228774215]]}},{"type":"Feature","properties":{},"geometry":{"type":"LineString","coordinates":[[-113.68893038662159,53.51223859146811],[-113.61517600632808,53.53173261101072]]}},{"type":"Feature","properties":{},"geometry":{"type":"LineString","coordinates":[[-113.71362932412823,53.59237228774215],[-113.71342600221385,53.512211308059314],[-113.68893038662159,53.51223859146811]]}},{"type":"Feature","properties":{},"geometry":{"type":"LineString","coordinates":[[-113.69541988162965,53.354034248446155],[-113.54974544739095,53.3379017301361],[-113.50976394095434,53.39588246783847]]}},{"type":"Feature","properties":{},"geometry":{"type":"LineString","coordinates":[[-113.64957141677765,53.40341877907482],[-113.69541988162965,53.354034248446155]]}},{"type":"Feature","properties":{},"geometry":{"type":"LineString","coordinates":[[-113.56145748584156,53.505639171667795],[-113.62568340953757,53.48583546398563],[-113.5999351642159,53.44423383582979],[-113.61575853733778,53.42108102931495],[-113.6576306485714,53.424916235765956],[-113.64957141677765,53.40341877907482]]}},{"type":"Feature","properties":{},"geometry":{"type":"LineString","coordinates":[[-113.516091898377,53.46601939292855],[-113.55715287510918,53.47556096368845],[-113.56145748584156,53.505639171667795]]}},{"type":"Feature","properties":{},"geometry":{"type":"LineString","coordinates":[[-113.35687597616489,53.48299904627198],[-113.44248119620853,53.48527988599322]]}},{"type":"Feature","properties":{},"geometry":{"type":"LineString","coordinates":[[-113.34430569883996,53.36683990287978],[-113.35687597616489,53.48299904627198]]}},{"type":"Feature","properties":{},"geometry":{"type":"LineString","coordinates":[[-113.41804085278304,53.38228725841764],[-113.34430569883996,53.36683990287978]]}},{"type":"Feature","properties":{},"geometry":{"type":"LineString","coordinates":[[-113.55355418347038,53.52749573804121],[-113.56145748584156,53.505639171667795]]}},{"type":"Feature","properties":{},"geometry":{"type":"LineString","coordinates":[[-113.35687597616489,53.48299904627198],[-113.34649569441926,53.51187186647781],[-113.3938745366508,53.5171546570406],[-113.4022643507572,53.55657162604364]]}},{"type":"Feature","properties":{},"geometry":{"type":"LineString","coordinates":[[-113.68893038662159,53.51223859146811],[-113.68918980293128,53.40315540911249],[-113.64957141677765,53.40341877907482]]}},{"type":"Feature","properties":{},"geometry":{"type":"LineString","coordinates":[[-114.23429474857912,51.00896884385728],[-114.69866959883839,51.00844655936595],[-114.69944437608142,50.965045450783585],[-114.62412424774111,50.92127044750246],[-114.63678425872573,50.89953341322665],[-114.55601122822837,50.89277024640907],[-114.53302758332882,50.703273770647144],[-114.46373169325199,50.703050432652475],[-114.46379647461897,50.6013051091419],[-114.44059704175076,50.60116123084637],[-114.44068794676203,50.57194780359238],[-114.52938097624788,50.54549432389021],[-114.52893985961832,50.45532361240814],[-114.5058936025191,50.45519963485707],[-114.52910503169416,50.39676365739463],[-114.5058807596645,50.39711363984548],[-114.50602747919855,50.36821164517135],[-114.46017104538825,50.36815078579169],[-114.4603631274277,50.32461107756027],[-114.34535738329538,50.309869089153985],[-114.31564172792785,50.26580500652173],[-114.44093838599863,50.212139791431184],[-114.45249007894246,50.180769691568315],[-114.55241576815095,50.193423030692976],[-114.55700329935934,50.16647316206555],[-114.59485410398712,50.15803798774457],[-114.60919307387374,50.18984695644399],[-114.72631622852413,50.16073846635828]]}},{"type":"Feature","properties":{},"geometry":{"type":"LineString","coordinates":[[-112.83265050014433,49.56570868560505],[-112.91429906283739,49.605456403707265],[-112.88742939603105,49.626800563723776],[-112.99187822797435,49.679015958882104],[-112.96874251455318,49.73642073290203],[-113.03168293921053,49.75112432921827],[-113.01990585651089,49.76990236471468],[-113.05091887921245,49.781239048369535],[-113.18235309759437,49.78733904461257],[-113.23073188066599,49.84955781427538],[-113.23264650525604,49.909504007183564],[-113.27677269345996,49.907557914403014],[-113.27676640515632,50.048352604129384],[-113.12105637814302,50.06245199752538]]}},{"type":"Feature","properties":{},"geometry":{"type":"LineString","coordinates":[[-113.65334154701667,48.99777272323531],[-113.65343841599929,49.07248320400645],[-113.69068910715896,49.072571570544426],[-113.7156573645719,49.12394285450739],[-113.6396458253841,49.1732904543147],[-113.64691841448578,49.20406261256609],[-113.23182484639823,49.20304651651085],[-113.26113811480455,49.213722951661666],[-113.25611853924327,49.25001281850883],[-113.28565610336979,49.27935696847928],[-113.22246959230331,49.33801135186604],[-113.2039421985231,49.328061770042446],[-113.18684128908362,49.35481004779029],[-113.20897519942393,49.36774194350759],[-113.16271642776098,49.34115105866334],[-113.14137381462044,49.368821443629955],[-113.02233909214782,49.36502160357184],[-113.00901207865537,49.40416912972725],[-113.03781045206404,49.42014803969598],[-112.97737518681495,49.481553211632495],[-112.99929723792934,49.49422669715956],[-112.95943911073174,49.490832662401125],[-112.93807185558607,49.5343997699894],[-112.83789532074202,49.53852468901018],[-112.83265050014433,49.56570868560505]]}},{"type":"Feature","properties":{},"geometry":{"type":"LineString","coordinates":[[-114.72631622852413,50.16073846635828],[-114.73599712938412,50.12035299857699],[-114.66246897444812,50.0649064536279],[-114.65150037462202,49.975518782456284],[-114.68331071326175,49.96706077354363],[-114.6917859069597,49.8962861051441],[-114.63993243584724,49.82772088412863],[-114.6591353271728,49.76507938123675],[-114.6331191223712,49.73407963559727],[-114.676783970925,49.696187346357604],[-114.6677524395401,49.63744647045624],[-114.75240135510172,49.60879665602634],[-114.69623435739217,49.54682927637289],[-114.57360388010162,49.55746290640676],[-114.6050653863778,49.43893650506245],[-114.59059023715119,49.39610824737692],[-114.48762451516005,49.34732061383923],[-114.49206208662821,49.313817405668814],[-114.45397273671482,49.29810340918472],[-114.44794247585226,49.26436922661594],[-114.38143230089675,49.25075747574938],[-114.39895729693112,49.210365202203825],[-114.28730150514885,49.178024384454],[-114.22154485866734,49.189055838473195],[-114.16124978499327,49.154831358138985],[-114.15314913867724,49.09951039567912],[-114.063496067675,49.04531156580098],[-114.06833210989366,48.99885049658155]]}},{"type":"Feature","properties":{},"geometry":{"type":"LineString","coordinates":[[-110.00000001796556,59.99999999930512],[-115.56716019719627,60.00004833689032]]}},{"type":"Feature","properties":{},"geometry":{"type":"LineString","coordinates":[[-113.36130781210396,55.023859356973134],[-112.90388982743829,55.024107343492105],[-112.90380312764013,54.97036729235594],[-112.72719600581199,54.977537357304264],[-112.7566009678649,55.038458368175334],[-112.88939792262806,55.077210141338206],[-112.78582624963593,55.26317187995406],[-112.68493077261014,55.3053503386976],[-112.75109748097812,55.46088428320577],[-112.31353038314623,55.4605731648058],[-112.31175587100594,55.1117249966767],[-112.34493358674663,55.11150655325202],[-112.34448496285538,55.02395329436465],[-112.44587579920555,55.0239630879777],[-112.42514327614357,54.5874708144907],[-112.12283700089112,54.587330291058784],[-112.12282058798763,54.500072667880765],[-111.99937489760954,54.49951049305481],[-111.99694080121569,54.41313700378518],[-111.9496896159298,54.39859956104741],[-111.94787724803032,54.354907524663304],[-111.85212907296052,54.35525479858467],[-111.8753614506556,54.40357386513709],[-111.82841478082192,54.39322639741598],[-111.82905029132611,54.41327028047559],[-111.46680071339466,54.412833065113134],[-111.43967578470773,54.4396042689415],[-111.38943576035689,54.4250141308076],[-111.39115947158808,54.33325232426602],[-111.31625481266832,54.32602090367908],[-111.31581711733834,54.26782819351954],[-110.65521898916367,54.29704789536331],[-110.6552281941251,54.26794718754081],[-110.38802448958975,54.26780949255864],[-110.37766671235657,54.23884196802103],[-110.00560668207098,54.238690127286475]]}},{"type":"Feature","properties":{},"geometry":{"type":"LineString","coordinates":[[-115.56716019719627,60.00004833689032],[-115.55566282089606,59.47595586403485],[-114.00008786639872,59.474687039105454],[-114.000010513242,58.76528765420847],[-113.72365310468004,58.765280632402586],[-113.72365196153613,58.68912335600401],[-113.92486258069894,58.68927454414211],[-113.99999988715949,58.66442706503427],[-114.00000001043469,57.381303396386045],[-114.97514124673896,57.380598396915545],[-114.95848454641025,56.807865499043004],[-114.0788808309748,56.80436009203515],[-114.08165248646088,56.456624776013804],[-114.94972326628933,56.459109685999586],[-114.93817062132858,55.80946475184825],[-114.30985364127622,55.81011895491644],[-114.31214300903277,55.63559758957291],[-113.57397855262296,55.6355253621344],[-113.57309016556992,55.46077943981864],[-113.54392748117772,55.4607706101071],[-113.54578839740489,55.11015514375136],[-113.51985088940704,55.11043590937417],[-113.51409566626356,55.023971016214226],[-113.36130781210396,55.023859356973134]]}},{"type":"Feature","properties":{},"geometry":{"type":"LineString","coordinates":[[-117.50952096682023,54.588902433808876],[-117.50955664966541,55.030541386801524],[-117.36258274903074,55.03053494572779],[-117.36035370840005,55.37458280701071],[-117.53865779446927,55.37493110473934],[-117.53948254090666,55.46162548429791],[-117.57094821803496,55.46153640948775],[-117.56876335846867,55.67026354585966],[-117.62584609511902,55.6775467354661],[-117.61873216685527,55.623241678342396],[-117.64578614665396,55.609339907647495],[-117.71794983104355,55.61196011938107],[-117.70186583434652,55.563393217042275],[-117.87942019956998,55.55071357634491],[-117.98497522141841,55.58157456854284],[-118.09423639902428,55.54513016835355],[-118.25850515395452,55.56298994602888],[-118.3099782560325,55.52754235629816],[-118.36325048293074,55.52732150884064],[-118.36059096289128,55.46142410735913],[-118.62118458386246,55.461398190955684],[-118.62107474401863,55.723025806940186],[-118.466200723301,55.723011601282906],[-118.47063029005965,55.89790814222039],[-118.62741987917623,55.89811304953425],[-118.63012320889263,55.923714581697205],[-118.78186482703208,55.94408236763116],[-118.82512071060746,56.01813058858828],[-118.93069549117989,56.0625313065885],[-118.88657728944585,56.097033050146095],[-118.90282503998691,56.13049864573583],[-118.78368149099867,56.13073060374681],[-118.78353979394797,56.159896208505614],[-118.00034378252421,56.160036894933626],[-118.00042560259848,56.24738999624832],[-117.320635856552,56.248300811092626],[-117.27545931256073,56.27248407331718],[-117.25220008319764,56.33455216392421],[-117.16479759367773,56.37152037489156],[-117.09632710491248,56.48102316731165],[-117.07462269244843,56.57075438111908],[-117.14721560848461,56.59192336792681],[-117.12118039742026,56.64643706182286],[-117.23922159087007,56.70708087803436],[-117.16446459434944,56.74134348260921],[-117.26702211866694,56.744545378616785],[-117.27447950049933,56.80918006989952],[-117.24727150686546,56.83636626530411],[-117.31874040642086,56.866642756243415],[-117.24875489637934,56.884540886554014],[-117.21537397375171,57.05097986990639],[-117.15005838356196,57.07751826959056],[-117.27145631588485,57.111930780775864],[-117.10046258777807,57.14899648441098],[-117.09433648847302,57.22638997838609],[-117.06222909930028,57.25717026514784],[-117.07403129510894,57.28272566017791],[-117.15098469824368,57.294004775902486],[-117.09053289108569,57.39774936912927],[-117.02639251609752,57.44143587624213],[-117.0279416836117,57.47104888638017],[-117.12116459064853,57.50806248350815],[-116.91450330129183,57.55590307139062],[-116.95145018705014,57.59191877804335],[-117.09508338564041,57.62322297805626],[-117.04131860614825,57.68896466337719],[-117.12179808995093,57.73598467576796],[-117.01088807779196,57.73607156458246],[-116.99072248386295,57.7598904666708],[-117.1180366887374,57.794273773582354],[-117.01243429916252,57.83830087021751],[-117.14447718667789,57.93444828496403],[-117.09231879502829,58.034925869962315],[-116.94190270589591,58.07973586393588],[-120.0000000364284,58.079469501798236]]}},{"type":"Feature","properties":{},"geometry":{"type":"LineString","coordinates":[[-119.99999976778857,54.587374248583124],[-117.50952096682023,54.588902433808876]]}},{"type":"Feature","properties":{},"geometry":{"type":"LineString","coordinates":[[-120.0000000364284,58.079469501798236],[-119.99999976778857,54.587374248583124]]}},{"type":"Feature","properties":{},"geometry":{"type":"LineString","coordinates":[[-112.95138879150251,53.89339740241473],[-112.95102778358297,53.77434539361624],[-112.9262248029978,53.77431729781579],[-112.92639050164952,53.716257098258275],[-112.87676301113491,53.70209489359095],[-112.87762755068385,53.65779328805165],[-112.95113560760292,53.628649253527385],[-112.95136318111125,53.52425064960467]]}},{"type":"Feature","properties":{},"geometry":{"type":"LineString","coordinates":[[-113.34743198628708,54.022998692653346],[-113.34768517744023,53.97797257905747],[-112.84373683603863,53.97781831531077],[-112.86105860856215,53.941901870671416],[-112.95138879150251,53.89339740241473]]}},{"type":"Feature","properties":{},"geometry":{"type":"LineString","coordinates":[[-113.36130781210396,55.023859356973134],[-113.36108152915763,54.93724948140527],[-113.66560153644582,54.936726695271375],[-113.66447808123387,54.76212409227929],[-113.69446308382891,54.741943798996765],[-113.67532527707704,54.3631224972606],[-113.61292118462276,54.36309149894007],[-113.60045627923759,54.32663019145078],[-113.30058981643973,54.326746583218494],[-113.30047648761068,54.26860151590804],[-113.37531560434935,54.26842667154332],[-113.37498148574161,54.09384781473749],[-113.35003620290257,54.0938907646355],[-113.34743198628708,54.022998692653346]]}},{"type":"Feature","properties":{},"geometry":{"type":"LineString","coordinates":[[-113.69541988162965,53.354034248446155],[-113.74699028517519,53.37177625670468],[-114.03354229777024,53.32267456658013],[-114.06371318399682,53.34991605942857],[-114.2777980061842,53.37146596483886],[-114.30037558426093,53.39890806574095],[-114.27576151513054,53.428106261084444],[-114.29780809242358,53.40990977294298],[-114.31624519472702,53.40874326742921],[-114.37001208808536,53.424078272454516],[-114.35843631898808,53.40072777268489],[-114.38516009583877,53.40576426859012],[-114.37558440925667,53.38756514827949],[-114.42231300615337,53.36630215190038],[-114.39919939146533,53.349386557603076],[-114.5618731583877,53.31207775956096],[-114.56223061508337,53.27180210333445],[-114.53794865832307,53.22109629680044],[-114.44043507339302,53.19225048793189],[-114.440464416611,53.14577138407445],[-114.36273066094166,53.135739266913866],[-114.36361300540754,53.06190303045189],[-115.02373478771096,53.06231259877489]]}},{"type":"Feature","properties":{},"geometry":{"type":"LineString","coordinates":[[-113.04986959344203,53.36399942697696],[-113.34430569883996,53.36683990287978]]}},{"type":"Feature","properties":{},"geometry":{"type":"LineString","coordinates":[[-114.58245905637524,52.843915811956386],[-114.5334073230239,52.84376660573191],[-114.53369291398553,52.88736826780382],[-114.14702701673647,52.887880614433556],[-114.05016500214127,52.8434303997988],[-113.54733802646706,52.84336679142186],[-113.46337415389631,52.81426139903616],[-113.50253826847792,52.778249719954104],[-113.46370007511068,52.712418842961476],[-113.39056008412317,52.71183193223745],[-113.38621799003552,52.745410556773024],[-113.22860108017726,52.73809135401071],[-113.24715728772783,52.76275926298377],[-113.08849081292321,52.75580116591588]]}},{"type":"Feature","properties":{},"geometry":{"type":"LineString","coordinates":[[-115.02373478771096,53.06231259877489],[-115.015911137073,52.84354966942772],[-114.58245905637524,52.843915811956386]]}},{"type":"Feature","properties":{},"geometry":{"type":"LineString","coordinates":[[-112.83265050014433,49.56570868560505],[-112.5558585647116,49.52378582356991],[-112.55601708408531,49.56704870479532],[-112.30771697325083,49.56739502422729],[-112.30766790297079,49.61122010285128],[-112.21776395853232,49.611042511124495]]}},{"type":"Feature","properties":{},"geometry":{"type":"LineString","coordinates":[[-113.71362932412823,53.59237228774215],[-113.83622159355856,53.59956899911057],[-113.83621170396016,53.628954308704955],[-113.91000531010963,53.62856650527438],[-113.91014401109501,53.657639884914815],[-114.12400239305025,53.65748550576011],[-114.12308159060173,53.599292175736416],[-114.68796510845992,53.62942210596821],[-114.81318356136215,53.6026618579448],[-114.81253979113603,53.716389764511355],[-114.91546403770622,53.71565846666113],[-114.97506031352687,53.78816162486181],[-115.04317253800899,53.78887544219708],[-115.01838969846756,53.80996109249702],[-115.01869131372402,54.04973430235515],[-114.9519220073185,54.06452698699741],[-114.95174007937712,54.12283739364195]]}},{"type":"Feature","properties":{},"geometry":{"type":"LineString","coordinates":[[-116.23133902317166,53.97697171044008],[-116.22917389965353,53.803078313261416],[-116.13261058730951,53.79223480555718],[-116.16357290807683,53.62836719847573],[-115.96851049782286,53.616782095349976],[-115.96697864198875,53.54138202391926],[-115.91778834009483,53.54131832055511],[-115.91774227364955,53.366733476089955],[-115.61108821351034,53.36657516725008],[-115.59738131104666,52.84343489403141],[-115.1452064867241,52.84315103058273],[-115.17838728585535,52.895879155909014],[-115.22737682157492,52.915668664486475],[-115.1981196215985,52.96541496491111],[-115.22606909612269,53.033181660283425],[-115.20294111533575,53.05436877172283],[-115.02373478771096,53.06231259877489]]}},{"type":"Feature","properties":{},"geometry":{"type":"LineString","coordinates":[[-114.95174007937712,54.12283739364195],[-115.00226645062573,54.122653622769825],[-115.0022072040538,54.15214766246465],[-115.20182104056147,54.15212254640194],[-115.20036581585487,54.064721160125266],[-115.33716189849814,54.06393645914627],[-115.33733919754383,53.80278240902907],[-115.7849466950942,53.81883701097957],[-115.7852773844353,53.89023509312374],[-115.87471311349769,53.8917855155231],[-115.844558930391,53.922888729398025],[-115.87550312011417,53.91981392895618],[-115.84501036217817,53.95349111808031],[-115.87343523761702,53.95799387820805],[-115.8686793600202,53.97775881756184],[-116.23133902317166,53.97697171044008]]}},{"type":"Feature","properties":{},"geometry":{"type":"LineString","coordinates":[[-119.99999998322959,60.00000000017064],[-120.0000000364284,58.079469501798236]]}},{"type":"Feature","properties":{},"geometry":{"type":"LineString","coordinates":[[-115.56716019719627,60.00004833689032],[-119.99999998322959,60.00000000017064]]}},{"type":"Feature","properties":{},"geometry":{"type":"LineString","coordinates":[[-114.95174007937712,54.12283739364195],[-114.82684326194773,54.12296858617283],[-114.79610081503948,53.97302320179952],[-114.73347391221942,53.9770367013162],[-114.72735275444913,53.924536716664974],[-114.34930257038599,53.97774106914778],[-114.34969703902841,53.93399394310729],[-114.29927158976369,53.93391785292656],[-114.28718128091,53.89028530483293],[-114.15069129073136,53.890308293647124],[-114.14978065795088,53.853867683796366],[-114.0513915970216,53.853985229391796],[-114.05145181347562,53.926734700047916],[-113.99223103979108,53.92667368084722],[-113.97984362949506,53.90490323327026],[-113.80628239825695,53.920046197630775],[-113.78114081103847,53.99280645643424],[-113.34743198628708,54.022998692653346]]}},{"type":"Feature","properties":{},"geometry":{"type":"LineString","coordinates":[[-117.50952096682023,54.588902433808876],[-117.51157240789144,54.04352356331051],[-117.35415687426267,54.022081660080346],[-117.3328037686439,54.026903357214344],[-117.34581492336753,54.05053975934877],[-117.27507934610134,54.05788871317958],[-117.2463880920477,54.03582141941693],[-117.28361269962711,54.024504712478674],[-117.27672634022954,53.98751641223816],[-117.1995169507699,54.011116230972554],[-117.21704248083462,53.997408626049115],[-117.11218461469787,53.99617361093339],[-117.10092780675268,53.97247196577009],[-116.95793567185595,54.0171964698469],[-116.84137325898111,54.00300536522153],[-116.70019530573525,54.122054708097274],[-116.70161438328248,54.066319755815705],[-116.52841772119345,54.065384397515885],[-116.52693355160534,53.977647231450554],[-116.23133902317166,53.97697171044008]]}},{"type":"Feature","properties":{},"geometry":{"type":"LineString","coordinates":[[-113.64266771224175,51.95450400212517],[-113.64745260680786,52.02659680410175],[-113.92856928811655,52.025705309101234],[-113.90110228116808,52.049993423865665],[-113.98046081547501,52.04974349999741],[-113.98880505722857,52.11537345094199],[-113.86281440797126,52.268402509429265],[-113.86092525630275,52.29660158028815],[-113.89729186178543,52.31763566890336],[-113.7961612233629,52.35658474899495],[-113.71051818647538,52.35266576522649],[-113.67065159039245,52.289547172024534],[-113.4717563141721,52.234459668841595],[-113.27828291036836,52.25000004951599],[-113.24908711153454,52.26848936513436],[-113.260502596114,52.310063170208736],[-113.09321569775705,52.317628015585555]]}},{"type":"Feature","properties":{},"geometry":{"type":"LineString","coordinates":[[-114.58245905637524,52.843915811956386],[-114.58305211476151,52.71265366197276],[-114.65596063526058,52.71299753732404],[-114.64948238150812,52.595150309528044],[-114.46624626297695,52.56660403163054],[-114.46523309471844,52.50906583922356],[-114.52939031062921,52.50866249949342],[-114.52958324958459,52.44932833438532],[-114.50546972526143,52.44955103747772],[-114.48149308570214,52.37756767491442],[-114.45736431376827,52.37744930168789],[-114.43004481506316,52.27525210430923],[-114.42994093702704,52.129744761224906],[-114.5727420935601,52.12388440979625],[-114.57267613188938,52.07194382170105],[-114.5015201695492,52.07215889561788],[-114.49380098575399,51.57671249783162],[-113.6616278967257,51.59066419299179]]}},{"type":"Feature","properties":{},"geometry":{"type":"LineString","coordinates":[[-112.95138879150251,53.89339740241473],[-113.06301829792609,53.86502426211069],[-113.17339720786327,53.74930225363894],[-113.29332447407066,53.67293591181355]]}},{"type":"Feature","properties":{},"geometry":{"type":"LineString","coordinates":[[-116.28260412393544,51.33150184528972],[-116.00760375243206,51.22201215460599],[-116.00002259226805,51.19394746812788],[-116.03684494216775,51.17004552722625],[-116.00740943409637,51.15633817849289],[-116.0087518747633,51.1260428884132],[-115.923606979338,51.083109565656606],[-115.75342030336819,51.0744052238357],[-115.76703563342814,51.03938827569634],[-115.64883405703631,50.99752045833766],[-115.56208276429774,50.89425112534798],[-115.6489294616422,50.8741476022368],[-115.64150723053656,50.839826261407914],[-115.57309233225486,50.837739783213],[-115.48110693562276,50.75518175980436],[-115.4362819805807,50.755730693598025],[-115.41379919576119,50.71125724442082],[-115.31229773203387,50.72392632194812],[-115.27415345390537,50.6489236784749],[-115.31145042618579,50.62858018586409],[-115.23965061226725,50.58919679222599],[-115.20813295777417,50.527821980077334],[-115.15461870805142,50.57327311141243],[-115.01511278912382,50.58239558938531],[-114.91216702399166,50.451372322800246],[-114.8598295810912,50.42379907668815],[-114.86225508341515,50.39448602443934],[-114.76862942148509,50.35878726126888],[-114.80002040645485,50.329766996944294],[-114.75512376760071,50.299238699165215],[-114.77022537721743,50.24999499893284],[-114.72631622852413,50.16073846635828]]}},{"type":"Feature","properties":{},"geometry":{"type":"LineString","coordinates":[[-118.22601544486652,52.3802894907521],[-118.18008626750766,52.372598317845515],[-118.13804609686933,52.407497506430545],[-118.0441687830414,52.39845936140681],[-118.03036292672134,52.438077476800586],[-118.05068718676785,52.45714772450125],[-118.02112887880773,52.4555286523729],[-117.98798490340587,52.50023849062979],[-117.88693304606996,52.42609158648796],[-117.766497990834,52.417692153462504],[-117.7057950312075,52.36534487542165],[-117.83957806474527,52.2741274468244],[-117.81831749566793,52.2263548147433],[-117.74320785766297,52.19399231454174],[-117.66352952334495,52.197892993258264],[-117.61126381283393,52.144258899481954],[-117.38125574043185,52.13772407851553],[-117.33403622995284,52.14864145868714],[-117.31730287210718,52.19404201640354],[-117.30506352583905,52.07431339539284],[-117.2146817734498,52.02847935798088],[-117.23362975292221,52.01176517524055],[-117.19598936956328,51.97911801386045],[-117.10317598352611,51.95651679782955],[-117.01077752528124,51.8896803382982],[-117.03347392672676,51.856353722560314],[-116.97978142675423,51.83555268018273],[-116.97636058180555,51.76018497941623],[-116.92056790791631,51.70980326933355],[-116.80974116725417,51.70534635098226],[-116.81930128180927,51.73863348894359],[-116.74898130796232,51.80506071351687],[-116.65434312312821,51.80131089332663],[-116.6503488846037,51.75370643614977],[-116.58542514680066,51.712751761445],[-116.5950156726992,51.6618300951877],[-116.49985860448409,51.627659197377746],[-116.46473472643342,51.56581739453788],[-116.39088604957458,51.54558824927429],[-116.39382922260074,51.50566293859362],[-116.36059709566005,51.470866146104704],[-116.28400354016392,51.456490052156866],[-116.2824702055395,51.40683673377653],[-116.31143488790589,51.38496221349678],[-116.2777171988777,51.36172915861077],[-116.28260412393544,51.33150184528972]]}},{"type":"Feature","properties":{},"geometry":{"type":"LineString","coordinates":[[-119.99999976778857,54.587374248583124],[-119.99999997842924,53.80621976387332],[-119.88823655626447,53.77948461794548],[-119.91567175242345,53.717283585399606],[-119.79287846828323,53.70605870714767],[-119.71340854121956,53.61457992552217],[-119.75922652046302,53.59097182308937],[-119.92588993760695,53.614538590676545],[-119.861031451349,53.556534648611816],[-119.89947701022173,53.51912780705292],[-119.78035083947677,53.49179684006987],[-119.72542263011711,53.388754320223754],[-119.66890020525771,53.3678281926211],[-119.6241282773705,53.35960824779214],[-119.59838280692568,53.38353104703663],[-119.39073809435192,53.360801659018364],[-119.2514626193379,53.1989665561779],[-119.25711617235116,53.17662106036914],[-119.14601293054692,53.19118076952661],[-119.0245644634969,53.126711115283825],[-118.99986615603069,53.14858027213689],[-119.0287734585509,53.16419293697342],[-118.99941805270842,53.19276477101138],[-119.02383383346707,53.23194970817553],[-118.97518999557347,53.24165615618429],[-118.78652165888752,53.15922418053853],[-118.72952264506614,53.115476217545],[-118.77620337937778,53.045350654527745],[-118.72643661511576,53.06021832900411],[-118.65534778600315,53.03479723430739],[-118.64077215980572,52.99933106986241],[-118.67119410624494,52.978301558751035],[-118.6134220715624,52.93601196436149],[-118.61382974913974,52.88372169461075],[-118.50014237105846,52.90638195214105],[-118.4482794500177,52.885286792786886],[-118.4525247306296,52.85537935241587],[-118.38698483582525,52.84712444592891],[-118.42241012943764,52.77578651287926],[-118.34282282867161,52.73855633417179],[-118.34329466527981,52.70888888245249],[-118.29014118574578,52.67769344249131],[-118.35449111823179,52.633683981578194],[-118.35250427266119,52.61064739941864],[-118.27278338303405,52.56595580837405],[-118.28914629729888,52.53849400493937],[-118.23552910270098,52.490177893877224],[-118.19335093282228,52.47782011661596],[-118.25533801784526,52.44953694844707],[-118.22601544486652,52.3802894907521]]}},{"type":"Feature","properties":{},"geometry":{"type":"LineString","coordinates":[[-122.63750798659989,49.08951425431197],[-122.68002580579656,49.083880305198925]]}},{"type":"Feature","properties":{},"geometry":{"type":"LineString","coordinates":[[-122.46022957447309,49.089006246521656],[-122.49280018200884,49.10181860499237],[-122.49268639258558,49.0595748974003],[-122.63750798659989,49.08951425431197]]}},{"type":"Feature","properties":{},"geometry":{"type":"LineString","coordinates":[[-122.26501844935432,49.00232393928759],[-122.28614665416362,49.0661066414893],[-122.3814725343704,49.05798480014245],[-122.46022957447309,49.089006246521656]]}},{"type":"Feature","properties":{},"geometry":{"type":"LineString","coordinates":[[-122.68002580579656,49.083880305198925],[-122.68162863612186,49.002208088680156]]}},{"type":"Feature","properties":{},"geometry":{"type":"LineString","coordinates":[[-123.023480093116,49.26555510538192],[-123.0234826973592,49.2582127932742]]}},{"type":"Feature","properties":{},"geometry":{"type":"LineString","coordinates":[[-122.89326752650236,49.26622029204131],[-123.023480093116,49.26555510538192]]}},{"type":"Feature","properties":{},"geometry":{"type":"LineString","coordinates":[[-122.89275581779948,49.24901446522592],[-122.89326752650236,49.26622029204131]]}},{"type":"Feature","properties":{},"geometry":{"type":"LineString","coordinates":[[-122.9378865004919,49.21344740662289],[-122.95408198327631,49.235950908040536],[-122.89275581779948,49.24901446522592]]}},{"type":"Feature","properties":{},"geometry":{"type":"LineString","coordinates":[[-123.0234764875436,49.23229450763572],[-122.9378865004919,49.21344740662289]]}},{"type":"Feature","properties":{},"geometry":{"type":"LineString","coordinates":[[-123.0234826973592,49.2582127932742],[-123.0234764875436,49.23229450763572]]}},{"type":"Feature","properties":{},"geometry":{"type":"LineString","coordinates":[[-122.89326752650236,49.26622029204131],[-122.8944093232177,49.29278396974748],[-122.93286315966756,49.29459039463663]]}},{"type":"Feature","properties":{},"geometry":{"type":"LineString","coordinates":[[-123.02308790163082,49.2936855183764],[-123.023480093116,49.26555510538192]]}},{"type":"Feature","properties":{},"geometry":{"type":"LineString","coordinates":[[-123.03873396610763,49.29579238329165],[-123.03873484772096,49.29545425213879]]}},{"type":"Feature","properties":{},"geometry":{"type":"LineString","coordinates":[[-123.03873484772096,49.29545425213879],[-123.03345956084038,49.2950821433829]]}},{"type":"Feature","properties":{},"geometry":{"type":"LineString","coordinates":[[-122.88024557671532,49.41429390450711],[-123.03509929959242,49.40763301567155],[-123.03817112355881,49.3101186089334]]}},{"type":"Feature","properties":{},"geometry":{"type":"LineString","coordinates":[[-123.52035758347799,54.15440079042875],[-123.94899700078153,54.20434220941783],[-124.18155437024623,54.2926982134246],[-124.40030043424399,54.269445346311265],[-124.4235928749896,54.23267117213179],[-124.46603065141136,54.23263546101146],[-124.46668057511914,54.128141629773936],[-124.36725417525612,54.12811945101653],[-124.35328531845533,54.07057379977332],[-124.36618531550177,53.998140086814416],[-124.43645941991542,53.99843339127655],[-124.43626860332985,53.89651176481663],[-124.50020066399068,53.894729668615156],[-124.49540354049061,53.55568676307771],[-124.50060357952513,53.527466677191214],[-124.53649545768286,53.52844804595775],[-124.51848465501814,53.47697198406149],[-124.56115217867955,53.46747303512596],[-124.52091783490869,53.45040234444783],[-124.53744601375143,53.43621400508779],[-124.51576401003328,53.394648390462784],[-124.6288479618819,53.386032330258395],[-124.66123541193015,53.40870829117313],[-124.73662227434282,53.35462321286408],[-124.80588500868835,53.3690952602078],[-124.89881610268759,53.43530616273448],[-125.00172120503018,53.44683820337376],[-125.00033476542136,53.00028240220448],[-126.63559664430176,52.98426984430599],[-126.64606287307235,52.94192569695935],[-126.5873484170893,52.87938137732525],[-126.6391971016581,52.846008622463145],[-126.60111948731564,52.81297916065508],[-126.55351406805542,52.81525261950504],[-126.53027968673226,52.77515152205566],[-126.33565614945131,52.82953251049192],[-126.34603401272328,52.7020855460317],[-126.44567406918723,52.65416824869822],[-126.34436701545886,52.524516044652124],[-126.27040579190998,52.54121111389097],[-126.21226907566924,52.49494288746035],[-126.11829106896417,52.58812078434309],[-126.04678464313523,52.58157272768864],[-126.01070456078213,52.61383841657038],[-125.9581733188266,52.60297838795791],[-125.85563676952285,52.63212573997805],[-125.85459160126062,52.579215135002855],[-125.82416997565284,52.576993811664686],[-125.74951138777001,52.479688520130175],[-125.62045876803452,52.511151928936144],[-125.53013695937135,52.497013244886304],[-125.45601831964868,52.47154138339647],[-125.48938222094942,52.43196510063641],[-125.47978452978244,52.402188533377974],[-125.35864715049301,52.38069414698044],[-125.34947695158158,52.33718530456348],[-125.51380888674818,52.242690309987175],[-125.45780548182961,52.21425823548272],[-125.46262365596166,52.18692333302858],[-125.5729470455977,52.17305126408916],[-125.66884336766154,52.122034350129155],[-125.65909722623118,52.0605628543344],[-125.57960170978934,52.055573321005916],[-125.61632122050068,51.98786005622952],[-125.57529156166596,51.913363221150824]]}},{"type":"Feature","properties":{},"geometry":{"type":"LineString","coordinates":[[-120.14254549439089,52.87674077669977],[-120.16390895144677,52.92392407198785],[-120.32703413008221,52.9247790568276],[-120.43420133345748,52.97262576470312],[-120.48841889814635,53.05455400092642],[-120.4150499557217,53.09180848336222],[-120.47061188678069,53.153412301561914],[-120.59846123223274,53.188597868206905],[-120.70899136042833,53.26383136907382],[-120.78748103717781,53.256644325948045],[-120.81116310330667,53.287845077540865],[-120.92281197991008,53.307069782484355],[-120.97606203862424,53.28088030425133],[-120.98022094441929,53.31359322001999],[-121.01819301224133,53.32976619183121],[-121.00828606866176,53.43040327246489],[-121.1424947783964,53.37977346193688],[-121.19193581609225,53.400582623624416],[-121.19769249891885,53.37905527146659],[-121.26405345424207,53.40321596862145],[-121.28829575838667,53.44571377327721],[-122.16290278269928,53.456788927161206],[-122.19230112995388,53.49135650804403],[-122.18252180646033,53.52526334569139],[-122.32594009161107,53.54619658833317],[-122.35740187959975,53.52446273114084],[-122.39714160562608,53.5914237266869],[-122.6826810198097,53.5937922256723],[-122.66815744571407,53.64258707604814],[-122.72665740767236,53.67436396322371],[-122.70493043432617,53.69014136148985],[-122.70840531468824,53.77508970734545],[-122.74764621550256,53.834265296619705],[-122.74781650949332,53.89041483746603],[-122.79395971960948,53.93836819643277],[-122.90792892093341,53.978377104044505],[-122.96858789664408,53.939913495133645],[-122.94030221423536,53.932152994616914],[-122.94700155160781,53.90360890809615],[-123.06937639218107,53.85138318956798],[-123.11509439593002,53.89980200899823],[-123.24939040914533,53.915751684807184],[-123.23571767170715,53.96046199611798],[-123.25730350896016,53.985211905291635],[-123.3752366948925,53.96742211565712],[-123.48780228451174,54.002692597646934],[-123.54181901141396,53.987659510806296],[-123.57553208487495,54.03755640734212],[-123.6181051832709,54.04363149695578],[-123.5670899104756,54.07920659440996],[-123.48453319044535,54.071376210330456],[-123.56601958765148,54.10556959896906],[-123.52035758347799,54.15440079042875]]}},{"type":"Feature","properties":{},"geometry":{"type":"LineString","coordinates":[[-123.7582174749033,50.88346399307981],[-123.66678941615835,50.87693883350198],[-123.65507689447637,50.90149242932468],[-123.61711516053737,50.89701130418005],[-123.38381852394743,51.00432456707525],[-123.31383998318864,50.981257737918824],[-123.2434418661223,51.000393903065465],[-123.23510394644246,51.05808844793753],[-123.18232472971827,51.07226538291916],[-123.12868808301997,51.13259564574658],[-123.04913761656208,51.143541460266405],[-123.06793762123138,51.22032310519887],[-122.82251969193082,51.14478608753732],[-122.71024490031738,51.162386112362036],[-122.68350128794677,51.104071277158035],[-122.60411823680364,51.08623686515665],[-122.57939323298868,51.10340704215603],[-122.59414271428938,51.17339455028463],[-122.53027091901276,51.20918626383504],[-122.56066427699174,51.24436054709637],[-122.67488330730606,51.27437149239359],[-122.61323552383975,51.37282450234621],[-122.63824264507616,51.40628496062486],[-122.5593822595777,51.43544439199414],[-122.55971132420393,51.48512284089035],[-122.46919384629823,51.48211836177423],[-122.40860473390197,51.515816553021644],[-121.88572777364537,51.5178465538144],[-121.88589267595664,51.56613312699756],[-121.63108047730734,51.564048310129934],[-121.52662721583964,51.547724000108985],[-121.52514210501128,51.45105330249619],[-121.4261616878731,51.43670319980094],[-121.420641904453,51.3775595890153],[-121.28223123058737,51.37679236566153],[-121.12352001692409,51.440885259008716],[-120.56072881186651,51.43461791253899],[-120.55841504442232,51.664548357673326],[-120.3456683758183,51.72759345352128],[-120.3793626379132,51.76238276158743],[-120.32898679196927,51.7756473125607],[-120.30500845517946,51.83144651194259],[-120.21919567168017,51.8286327989798],[-120.22396288941349,51.866594247982704],[-120.27237402204094,51.88877039181298],[-120.24631390928374,51.93150626132291],[-120.27368886875999,51.97429174736134],[-120.34531317084613,51.97548100881129],[-120.28839259036131,52.01286924154253],[-120.32033813511572,52.03916878743865],[-120.29367224148534,52.08261658809622],[-120.3081163010669,52.14033126650837],[-120.40761227696663,52.1442579506203],[-120.39509968441868,52.204225683434935],[-120.49348080434405,52.28047558039034],[-120.46647275599778,52.30441953498329],[-120.53485097349514,52.329400963261676],[-120.52109016274531,52.379753086166346],[-120.45922038849729,52.42124218421495],[-120.54215054909524,52.46611649576255],[-120.40767781794672,52.534483468415786],[-120.36301267232392,52.52814209661091],[-120.29367798390503,52.60762654473343],[-120.23769455793554,52.6207656202268],[-120.28972766182716,52.65775472940718],[-120.25491478166428,52.684126878133114],[-120.28689765872586,52.70501263213382],[-120.26911949849493,52.71288046729522],[-120.29369414929796,52.72560440576877],[-120.27378052742323,52.745923223744676],[-120.29036270080465,52.77199290573695],[-120.33969642445906,52.78823364112193],[-120.30243816152861,52.81511016940825],[-120.33202657020172,52.83983875273269],[-120.28273102750767,52.86866898917992],[-120.14254549439089,52.87674077669977]]}},{"type":"Feature","properties":{},"geometry":{"type":"LineString","coordinates":[[-125.57529156166596,51.913363221150824],[-125.51550133918239,51.93392891490542],[-125.48747494152127,51.91582048368087],[-125.5136242188827,51.868201688364486],[-125.40627975611548,51.83813721319914],[-125.41861721664306,51.823268654740595],[-125.37945561966202,51.78932753872586],[-125.23774585460633,51.74858542766829],[-125.25654760214697,51.72323051346109],[-125.22906816113466,51.64436555453206],[-125.29603158045306,51.58939485992064],[-125.2353236261075,51.57030061743052],[-125.267478716043,51.549070545205716],[-125.24184831954766,51.51815743444188],[-125.28899033051042,51.504829286331336],[-125.28956318517395,51.47560035328733],[-125.345201408721,51.478908957072754],[-125.31163352614321,51.4593988076128],[-125.34137067761266,51.426327886228925],[-125.32662925723957,51.39586970361299],[-125.26666799255872,51.376858352104286],[-125.18534597965332,51.40019602466132],[-125.13118588449433,51.364069328673054],[-124.88787485614024,51.33039189687461],[-124.79976342171624,51.30542416056753],[-124.76203153469963,51.23822384431246],[-124.68661496602931,51.204452198684365],[-124.43378308315992,51.14839911163982],[-124.36896881955161,51.20008500779294],[-124.37597315014293,51.14267412044889],[-124.17562893163485,51.13212334609707],[-124.160185900469,51.04229113094046],[-124.0871476067638,51.009699324544535],[-124.04216754294596,50.9426226408967],[-124.00226792116263,50.964740974946096],[-123.93665514805126,50.93618494682804],[-123.87485712818925,50.950704548908526],[-123.83152714377022,50.904486002554194],[-123.76578886102658,50.91079016818152],[-123.7582174749033,50.88346399307981]]}},{"type":"Feature","properties":{},"geometry":{"type":"LineString","coordinates":[[-120.96240832746018,49.67347949691995],[-121.12177898680842,49.60979432955396],[-121.16168614140196,49.620863661174674],[-121.16998399644427,49.649824087796475],[-121.11874734554252,49.6777492894309],[-121.21182554628795,49.77926963689167],[-121.18022668032395,49.82187052831994],[-121.10935315593107,49.82935007708028],[-121.08707080116459,49.856537179210825],[-121.1697783066143,49.86101773615226],[-121.15762468618935,49.887449016237355],[-121.2081736300166,49.89411807582389],[-121.26551239213406,49.87074473244537],[-121.32003867782758,49.88427787986708],[-121.26777249618745,49.96375087460815],[-121.32832074076317,50.03779896982985],[-121.3153281393075,50.052466335320865],[-121.60975134458282,50.04188198199497],[-121.66222276931846,50.08099635890401],[-121.75346499642434,50.09234224740433],[-121.84800670557111,50.07620000059949],[-121.8584551021771,50.04637522429533],[-121.95343097755133,50.09070643554373],[-122.02363127005268,50.08584047248161],[-122.07006993723617,50.12637013322476],[-122.22991522865206,50.11051207064843]]}},{"type":"Feature","properties":{},"geometry":{"type":"LineString","coordinates":[[-120.84840827446457,49.000077146843005],[-120.83239094249674,49.04225335339852],[-120.96551113681593,49.103779290557284],[-120.85964226910619,49.13077321689351],[-120.90543305536254,49.17370736227617],[-120.88111430622232,49.177430958205235],[-120.89526576370514,49.21451493431276],[-120.85958645268934,49.20824299064285],[-120.81206601533026,49.284431581759215],[-120.90578885427536,49.30567529825059],[-120.94435313471689,49.27064323479439],[-120.99228543918944,49.27290378276784],[-120.99741668479935,49.31367492757273],[-121.02431892134906,49.30409599374485],[-121.10177332516665,49.34859631861302],[-121.07525148660301,49.3531304862529],[-121.09804393142035,49.35390947312448],[-121.09926682834462,49.44108774179422],[-121.0509287219702,49.473673557606254],[-121.08205783058361,49.51596296223881],[-121.04881368031779,49.52955548134963],[-121.03788250372111,49.58691195415066],[-120.96267565610958,49.61380456948861],[-120.96240832746018,49.67347949691995]]}},{"type":"Feature","properties":{},"geometry":{"type":"LineString","coordinates":[[-122.22991522865206,50.11051207064843],[-122.28918824058029,50.059717300583806],[-122.25533078935197,50.03529088918774],[-122.24938746514118,49.9796935129939],[-122.27129206828614,49.96310098347218],[-122.2353530128293,49.92610895493209],[-122.16364634622398,49.909392906928076],[-122.03254348359661,49.81620451423992],[-121.9092859697294,49.873369887154986],[-121.85806001725818,49.880387481799524],[-121.79332897266508,49.84092617299057],[-121.76079546986672,49.8718964293371],[-121.71268605267097,49.8236338430846],[-121.73194387578637,49.80320573016524],[-121.70544692928932,49.79157321203086],[-121.70891913492092,49.74712054364253],[-121.73379572619727,49.735606603082616],[-121.68408112200284,49.69280375663089],[-121.70250998193525,49.66799300526919],[-121.67784237899556,49.62006929712125],[-121.56388952277898,49.60737334417217],[-121.5394353720572,49.57543340524428],[-121.5669954764018,49.56213712205856],[-121.57219096185193,49.48649747007365],[-121.61873993872467,49.50174768908818],[-121.71832634315926,49.39148597995507],[-121.6896091061191,49.36063790848181],[-121.76523760840276,49.35936830147578],[-121.79917509804422,49.31389292648538],[-121.76656163010867,49.29913175470626],[-121.78403988858283,49.245278694551175],[-121.93444829752136,49.224626609335594],[-122.05471779879569,49.15310158949191],[-122.12479121036239,49.14517159458283],[-122.09560918294719,49.13789960057345],[-122.07262749506366,49.057942000921486],[-122.1167743835275,49.00223376987769]]}},{"type":"Feature","properties":{},"geometry":{"type":"LineString","coordinates":[[-122.67883289682929,49.14824142217744],[-122.82330921764704,49.12620460197567]]}},{"type":"Feature","properties":{},"geometry":{"type":"LineString","coordinates":[[-122.63750798659989,49.08951425431197],[-122.64715955080631,49.114926359738064],[-122.6796807164973,49.113930404992075],[-122.67883289682929,49.14824142217744]]}},{"type":"Feature","properties":{},"geometry":{"type":"LineString","coordinates":[[-122.81784638630707,49.10455981779327],[-122.67981609697816,49.104390017344464],[-122.68002580579656,49.083880305198925]]}},{"type":"Feature","properties":{},"geometry":{"type":"LineString","coordinates":[[-122.82330921764704,49.12620460197567],[-122.81784638630707,49.10455981779327]]}},{"type":"Feature","properties":{},"geometry":{"type":"LineString","coordinates":[[-117.49973912642588,50.45714486923863],[-117.36310039446961,50.40558844538287],[-117.37475153672627,50.359471020030924],[-117.3998898709024,50.3538253578921],[-117.36097787030744,50.3256637266387],[-117.36229439031356,50.26550246074661],[-117.23581152790723,50.294535388344435],[-117.22611755324019,50.24087368191196],[-117.2751141252604,50.20887260931316],[-117.20114612778025,50.18646446689076],[-117.23241349478694,50.135518172047725],[-117.16680541255735,50.128444171499815],[-117.21327458282036,50.057186715757574],[-117.12907879424525,49.947908094439356],[-117.23001224845025,49.83949328870487],[-117.19649825529723,49.78315467795975],[-117.22535338194369,49.75974291613335],[-117.1927275422686,49.74374364101856],[-117.19066128243797,49.69801436345355],[-117.31680234986038,49.67846125766992],[-117.32262497858983,49.62396320655423],[-117.39480555819958,49.634206449783],[-117.42971105469783,49.60982444895404],[-117.41780708832488,49.58416346794912],[-117.50308197275828,49.57492841339438],[-117.5551650055805,49.54068868663761],[-117.54543339472205,49.480914646557885],[-117.50584061725486,49.465796103721445],[-117.52352421624977,49.44169914814612],[-117.48175094518056,49.45134745720866],[-117.51695940987403,49.43592331885372]]}},{"type":"Feature","properties":{},"geometry":{"type":"LineString","coordinates":[[-116.28260412393544,51.33150184528972],[-116.30519403539438,51.32538442436994],[-116.296571605189,51.2616938811049],[-116.26336505937682,51.22179893560316],[-116.34616564355976,51.20303562051081],[-116.26216188010687,51.126552239470705],[-116.41847237086917,51.036586404893406],[-116.31832348080017,50.94907748357822],[-116.62872660508813,50.92067428000269],[-116.72708734162775,50.88027712389634],[-116.72320610936077,50.85401706959985],[-116.7653431670055,50.845743583231034],[-116.73763347873607,50.8132318114395],[-116.74535170313759,50.771295689778356],[-116.79583090502337,50.729108818295614],[-116.95854692950321,50.80857273411969],[-117.03811286052597,50.81500363532327],[-117.04152836833086,50.85641452751127],[-117.08394935830879,50.86456808967862],[-117.03310904908665,50.95809191831664],[-117.15522956539344,50.97584782718046],[-117.16523488105015,50.993516856189224],[-117.13012918715576,51.01810490384266],[-117.1626667328174,51.04434596086579],[-117.21067299193379,51.066063482888154],[-117.34750007263528,51.038881474198476],[-117.39780181533726,50.961195566235865],[-117.4386206463822,50.946803252766614],[-117.4176000677507,50.90924658616121],[-117.4906420975787,50.8831083538342],[-117.45874789335184,50.80038966020801],[-117.38227537835452,50.74757345495031],[-117.39775150818731,50.71139283649478],[-117.25208262594664,50.742011898197624],[-117.27590853135948,50.671304260977315],[-117.22959067412219,50.63211363458716],[-117.3070465073439,50.57241228720662],[-117.24068500265935,50.52404271819533],[-117.34272585289241,50.48343872503419],[-117.47327482495203,50.494485083709385],[-117.49973912642588,50.45714486923863]]}},{"type":"Feature","properties":{},"geometry":{"type":"LineString","coordinates":[[-117.51695940987403,49.43592331885372],[-117.5150100484185,49.3919732308678],[-117.55493492584098,49.34870789067376],[-117.49087380396635,49.34899073599425],[-117.49396124076013,49.1754872182255],[-117.67427467372694,49.175041590544616],[-117.67408072097267,49.20772436714035],[-117.7083819043962,49.19769950513934],[-117.72882895258316,49.117871628402376],[-117.74842045776825,49.11998681284738],[-117.72857089124274,49.096487889539745],[-117.75919816027941,49.08114859416095],[-117.70918591192776,49.02745366414208],[-117.72157710644416,49.00071195755725]]}},{"type":"Feature","properties":{},"geometry":{"type":"LineString","coordinates":[[-122.92479791699107,49.553987413187116],[-122.8766372249934,49.457168596582044]]}},{"type":"Feature","properties":{},"geometry":{"type":"LineString","coordinates":[[-122.81608574841677,49.5723538635046],[-122.94504470848467,49.57054274592518],[-122.92479791699107,49.553987413187116]]}},{"type":"Feature","properties":{},"geometry":{"type":"LineString","coordinates":[[-122.75139305338139,49.21577173771902],[-122.76738470681919,49.23031920189218],[-122.65920111488334,49.29371090669954],[-122.67522880470867,49.317026311743824],[-122.59050842334108,49.35910102802181],[-122.52722100167159,49.465352389977255],[-122.58168921049307,49.490577990436435],[-122.60814378576455,49.541702082349865],[-122.6554231746637,49.53964890095746],[-122.70008679969524,49.57355454458761],[-122.81608574841677,49.5723538635046]]}},{"type":"Feature","properties":{},"geometry":{"type":"LineString","coordinates":[[-122.80472516951858,49.219339149962025],[-122.75139305338139,49.21577173771902]]}},{"type":"Feature","properties":{},"geometry":{"type":"LineString","coordinates":[[-122.8727202641772,49.381900309723456],[-122.77111086311311,49.34705399791658],[-122.80202623071928,49.29642110859596],[-122.80472516951858,49.219339149962025]]}},{"type":"Feature","properties":{},"geometry":{"type":"LineString","coordinates":[[-124.01628688722752,49.24443989163759],[-124.01618934681643,49.244498155648465]]}},{"type":"Feature","properties":{},"geometry":{"type":"LineString","coordinates":[[-123.73435996109778,48.93631851982724],[-123.7833259869012,48.93628634551652],[-123.79272563628507,48.89427823881428],[-123.96815479961282,48.92018645383354],[-124.07693290368097,48.96803298377631],[-124.15602791213668,48.939150643122716],[-124.20281894558207,48.96156161725725],[-124.19725537351414,48.943962180118575],[-124.22488682910111,48.93697648495585],[-124.21000136333765,48.95531644411278],[-124.384931808116,48.98205762361346],[-124.41713241900429,49.025463859004425],[-124.5033958008134,49.02794774937041],[-124.46107807922665,49.059169288760366],[-124.51576559226883,49.05105693527363],[-124.52821518924425,49.12417877739793],[-124.58255508490159,49.14005755526509]]}},{"type":"Feature","properties":{},"geometry":{"type":"LineString","coordinates":[[-123.56734431126831,48.75895746496282],[-123.5658377720562,48.77225826524425]]}},{"type":"Feature","properties":{},"geometry":{"type":"LineString","coordinates":[[-123.53847676973454,48.54804671017291],[-123.54178607263347,48.52940313627735],[-123.53995023584099,48.551939299741726]]}},{"type":"Feature","properties":{},"geometry":{"type":"LineString","coordinates":[[-124.10589117721602,48.42641234764198],[-124.07001806116583,48.45343026911009],[-123.97134071732569,48.403975324612496],[-123.83737541112448,48.38793386062088],[-123.7449437049762,48.41893861556563],[-123.73928283537872,48.47416805994563],[-123.71191709487334,48.42839911633269],[-123.51802790584952,48.402755501506476],[-123.51382752976023,48.43647487914585],[-123.4680819947038,48.44916059288887],[-123.49721029742258,48.4896784904064],[-123.45650320654623,48.493505984760986],[-123.4973998999443,48.55824965592405]]}},{"type":"Feature","properties":{},"geometry":{"type":"LineString","coordinates":[[-122.95690884107364,49.17517188111715],[-123.04534406362075,49.14148910416032]]}},{"type":"Feature","properties":{},"geometry":{"type":"LineString","coordinates":[[-122.91219619899161,49.194062607979426],[-122.95690884107364,49.17517188111715]]}},{"type":"Feature","properties":{},"geometry":{"type":"LineString","coordinates":[[-122.89026749841148,49.16320840185442],[-122.92332576807249,49.1772102578335],[-122.91219619899161,49.194062607979426]]}},{"type":"Feature","properties":{},"geometry":{"type":"LineString","coordinates":[[-122.86778883016716,49.10817201095109],[-122.89026749841148,49.16320840185442]]}},{"type":"Feature","properties":{},"geometry":{"type":"LineString","coordinates":[[-122.8901819099423,49.087114685217415],[-122.86778883016716,49.10817201095109]]}},{"type":"Feature","properties":{},"geometry":{"type":"LineString","coordinates":[[-123.09470660394186,49.09468730144656],[-123.10888218444725,49.08651650556465]]}},{"type":"Feature","properties":{},"geometry":{"type":"LineString","coordinates":[[-123.35118235722149,48.4503287070727],[-123.47241182202404,48.57476968780267]]}},{"type":"Feature","properties":{},"geometry":{"type":"LineString","coordinates":[[-123.3912466699748,48.419353765520235],[-123.38462981469897,48.4494501849332],[-123.35118235722149,48.4503287070727]]}},{"type":"Feature","properties":{},"geometry":{"type":"LineString","coordinates":[[-122.79758172903789,49.20107499192549],[-122.82342528839968,49.16291280338497]]}},{"type":"Feature","properties":{},"geometry":{"type":"LineString","coordinates":[[-122.67883289682929,49.14824142217744],[-122.67803552056264,49.16680242149497],[-122.79758172903789,49.20107499192549]]}},{"type":"Feature","properties":{},"geometry":{"type":"LineString","coordinates":[[-122.82342528839968,49.16291280338497],[-122.82330921764704,49.12620460197567]]}},{"type":"Feature","properties":{},"geometry":{"type":"LineString","coordinates":[[-119.64448665191011,50.40210758236242],[-119.58186485203653,50.44570155170347],[-119.35239100234097,50.416170741456575],[-119.37511179765453,50.456034800002],[-119.34374882519118,50.48509920376104],[-119.18330430702383,50.42700270003998],[-119.01139707830102,50.45960807481505],[-119.00187008517392,50.488386782310556],[-118.57283787008649,50.48819664977209],[-118.58448773923698,50.51426476641747],[-118.48175324016398,50.5568688782605],[-118.48871626637909,50.60810694628357],[-118.41744844880392,50.666300443749165],[-118.40732543956143,50.72039673549177],[-118.45627717593541,50.77248788559913],[-118.43776369110982,50.82427909121979],[-118.2942816142396,50.86440291127158],[-118.24189769910178,50.75519284038594],[-118.20585369165912,50.73892506352969],[-118.20731715227875,50.69029122843651],[-118.07659853247733,50.693255034203254],[-118.06837613661665,50.66654330961896],[-118.01381544315427,50.65312027441852],[-117.97792310440303,50.5328459831973],[-117.63769246971022,50.54860111113065],[-117.49973912642588,50.45714486923863]]}},{"type":"Feature","properties":{},"geometry":{"type":"LineString","coordinates":[[-118.80320419853619,52.177222574922226],[-118.86668975957173,52.10241775942181],[-118.85131199167151,52.04935502568482],[-118.9362423085659,52.03410510171191],[-118.97192049278091,51.9881424664226],[-118.8910298845046,51.95407418470012],[-118.90584719448285,51.93139648637535],[-118.98907888989554,51.92958750188766],[-118.965951034597,51.88711097627557],[-118.9901345625646,51.86455306950709],[-118.94890752908795,51.846961618092834],[-118.96139264963345,51.81057019893662],[-118.88546053720448,51.778553912828016],[-118.8863115761513,51.73096137124476],[-118.92386926889024,51.68956225304182],[-119.0099413217232,51.68726033271974],[-118.95776000417243,51.601142133325475],[-118.98368790541768,51.542358160958194],[-118.95019426570825,51.50739837049278],[-118.96116768221418,51.45294460450259],[-119.18704895813191,51.35449510073212],[-119.23722320792581,51.26810922895675],[-119.37088164117264,51.255493645176664],[-119.44069469321876,51.22177277646372],[-119.43965648890676,51.18228344753709],[-119.4839341479506,51.17372818397303],[-119.52569883935182,51.10664693266507],[-119.50713150984757,51.0666521504791],[-119.54807206314445,51.01103044872398],[-119.53691840445508,50.98359434679159],[-119.7308630600169,50.98388532486056],[-119.66435129425858,50.92539225896555],[-119.66965783279075,50.86558477186527],[-119.60996142557752,50.87006325118432],[-119.69987131301784,50.82723859919809],[-119.75310230081041,50.83746475824685],[-119.78467001644879,50.76432535498474],[-119.75552960356372,50.74710090482062],[-119.83827905938544,50.67533101431698],[-119.91728093255729,50.64604190984934],[-120.26600859138136,50.68175961313052],[-120.36860470525468,50.6539008863213],[-120.33655783911182,50.629506713406364],[-120.3579116433998,50.61826897057351],[-120.34092110855785,50.385859487613516],[-119.78935104597171,50.35786716763313],[-119.64448665191011,50.40210758236242]]}},{"type":"Feature","properties":{},"geometry":{"type":"LineString","coordinates":[[-118.22601544486652,52.3802894907521],[-118.25420275558702,52.34797155316345],[-118.35364733518182,52.36605482414281],[-118.49312467464134,52.31249863307471],[-118.50156617668571,52.28167312370497],[-118.56352160795873,52.25838177745934],[-118.58241469667698,52.19300160406854],[-118.67628959720986,52.15146311155987],[-118.7519784480278,52.18515182843334],[-118.80320419853619,52.177222574922226]]}},{"type":"Feature","properties":{},"geometry":{"type":"LineString","coordinates":[[-123.7582174749033,50.88346399307981],[-123.71823179450926,50.87126952196261],[-123.72950828234916,50.842860881874984]]}},{"type":"Feature","properties":{},"geometry":{"type":"LineString","coordinates":[[-118.80320419853619,52.177222574922226],[-118.84957662468362,52.20947405022259],[-118.83783728059602,52.23216405758637],[-118.90018209441308,52.2383384391416],[-118.78649116968117,52.30826197838981],[-118.92637720379147,52.353597999187286],[-118.9479345766888,52.391212691503],[-118.92162942231704,52.42211958857236],[-118.93579468182295,52.4520792759052],[-118.88505170296683,52.478362933038554],[-118.9275569914271,52.568785941771644],[-119.03779429401892,52.59637831784952],[-119.05608806683748,52.63329783147722],[-119.36440142129902,52.63250937928544],[-119.36565077503086,52.65616714894],[-119.52376497447023,52.6277006480079],[-119.54440762442198,52.662787096380754],[-119.57795469385316,52.64799119149153],[-119.61790382158665,52.706044994303376],[-119.76832698744938,52.660291390571615],[-119.86642835951804,52.68039358942514],[-120.02234624215409,52.75528285828526],[-120.05935477938908,52.82321060291365],[-120.14254549439089,52.87674077669977]]}},{"type":"Feature","properties":{},"geometry":{"type":"LineString","coordinates":[[-119.7597984629237,50.05622062769204],[-119.7427523638809,50.1193463389433],[-119.77720625831455,50.119972880094274],[-119.8328367929432,50.18377682639073],[-119.76577987608817,50.203337987035084],[-119.75099574544657,50.26021297973793],[-119.68168676015439,50.2630228922405],[-119.68267089664835,50.306172613676466],[-119.7205331718401,50.31718000999893],[-119.66614416245373,50.33318892321764],[-119.68451336264472,50.34863155741343],[-119.6346026826125,50.37417111999714],[-119.64448665191011,50.40210758236242]]}},{"type":"Feature","properties":{},"geometry":{"type":"LineString","coordinates":[[-120.05479757827871,49.85570622432249],[-120.02952679149826,49.91189011775625],[-119.9434699474644,49.918402950499015],[-119.89549995212398,49.965788930786125],[-119.82826797830317,49.98303214493714],[-119.81010751429271,50.030927234335586],[-119.7597984629237,50.05622062769204]]}},{"type":"Feature","properties":{},"geometry":{"type":"LineString","coordinates":[[-120.96240832746018,49.67347949691995],[-120.94845229851406,49.76058055391761],[-120.70436905203216,49.746905201966555],[-120.48571062269049,49.772231345076115],[-120.33363712587727,49.91172358692459],[-120.22871051800355,49.89592228848485],[-120.21024706075698,49.85930447488453],[-120.07952275595918,49.83456136154889],[-120.05479757827871,49.85570622432249]]}},{"type":"Feature","properties":{},"geometry":{"type":"LineString","coordinates":[[-122.25844006319271,50.123444311005805],[-122.22991522865206,50.11051207064843]]}},{"type":"Feature","properties":{},"geometry":{"type":"LineString","coordinates":[[-123.72950828234916,50.842860881874984],[-123.7065566870498,50.792372871931214],[-123.61275521536172,50.77630420900904],[-123.54448549907289,50.801203500868375],[-123.49672976373445,50.779147426379375],[-123.36551398589619,50.80062077536576],[-123.35825639945728,50.76116522798778],[-123.32132706292501,50.73135546763739],[-123.2358011321158,50.72296031366196],[-123.15731790714239,50.653222234092524],[-123.16727104721991,50.63672266408749],[-123.04459678739912,50.577311329887856],[-123.01880956950404,50.60111020999848],[-122.95129875594867,50.54720997702498],[-122.92793934293563,50.601178202351825],[-122.78015844681362,50.66544264111464],[-122.62923740521103,50.652807064915486],[-122.60986272699503,50.599792439527434],[-122.5041479077715,50.56650814617785],[-122.47837532578875,50.566635944822046],[-122.44816124754448,50.61945144545276],[-122.42745544540165,50.63025552596889],[-122.43291317978306,50.59887039985764],[-122.40893410228773,50.59131200225242],[-122.455279962811,50.561371451318124],[-122.31467146651582,50.507677560794384],[-122.28730033499971,50.47542888034427],[-122.30444443707528,50.43092360174476],[-122.41425485070023,50.398505948306735],[-122.49808536948682,50.44456707441307],[-122.52752409569301,50.390485138256274],[-122.48675876119798,50.3905956585812],[-122.43875097179615,50.33534754890009],[-122.36638152145215,50.31155548995507],[-122.3534650423203,50.23099222526218],[-122.26768438493556,50.222435979507274],[-122.31625116355202,50.187120217100286],[-122.25844006319271,50.123444311005805]]}},{"type":"Feature","properties":{},"geometry":{"type":"LineString","coordinates":[[-119.37590573758663,49.679032827545065],[-119.34986239616062,49.634242365276485],[-119.36381785351702,49.595766733743076],[-119.30207491895636,49.52174946460522],[-119.3003575178297,49.38570747317353],[-119.26206870594235,49.38227487267802],[-119.25694404348226,49.34639225221304],[-118.71594698548046,49.37683946651991],[-118.71239730447384,49.44890014664726],[-118.67967833763903,49.47105518276321],[-118.69267185423604,49.5149649908433],[-118.58638271930376,49.59121571354507],[-118.57149729919423,49.69994152573674],[-118.49675425719947,49.759778763341586],[-118.51021317089783,49.812557006511504]]}},{"type":"Feature","properties":{},"geometry":{"type":"LineString","coordinates":[[-119.46289518659304,50.00436034277543],[-119.51827449350867,49.903977101801615],[-119.51163807344327,49.87950107229728],[-119.48276196392361,49.88370697917422],[-119.48143778737497,49.85201006127618],[-119.420599913323,49.88002235498279],[-119.35836851483697,49.84130236581447],[-119.24439886162966,49.84562196956613],[-119.1523719313098,49.77006121768394],[-119.20686180363268,49.73725406105468],[-119.26293655998947,49.744781845032655],[-119.37590573758663,49.679032827545065]]}},{"type":"Feature","properties":{},"geometry":{"type":"LineString","coordinates":[[-118.51021317089783,49.812557006511504],[-119.09647276421174,49.79453213294553],[-119.08860599796866,49.83658949070328],[-119.12622631592623,49.86093339981749],[-119.3200009739482,49.86245618450644],[-119.33126149345588,49.91808343009531],[-119.38241291744133,49.92906989160868],[-119.36410109765097,49.93990149190691],[-119.3746532234038,50.01999469013775],[-119.39911849770569,50.02253831101284],[-119.39169780347734,50.020140005929015],[-119.38548071056385,49.99670200334039],[-119.46289518659304,50.00436034277543]]}},{"type":"Feature","properties":{},"geometry":{"type":"LineString","coordinates":[[-122.80472516951858,49.219339149962025],[-122.81201860429167,49.21957125380637]]}},{"type":"Feature","properties":{},"geometry":{"type":"LineString","coordinates":[[-122.46147846461122,49.17132706391055],[-122.75139305338139,49.21577173771902]]}},{"type":"Feature","properties":{},"geometry":{"type":"LineString","coordinates":[[-122.46022957447309,49.089006246521656],[-122.46147846461122,49.17132706391055]]}},{"type":"Feature","properties":{},"geometry":{"type":"LineString","coordinates":[[-122.81201860429167,49.21957125380637],[-122.79758172903789,49.20107499192549]]}},{"type":"Feature","properties":{},"geometry":{"type":"LineString","coordinates":[[-122.76779367231727,49.93271025427081],[-122.74656861137159,49.89142215520641],[-122.5781562471979,49.87211983321407],[-122.66484348375468,49.8237774532674],[-122.638771779586,49.77528612766597],[-122.50994321069777,49.78404697815466],[-122.42221735557824,49.75426148659304],[-122.42099947763587,49.714388381514965],[-122.47508162763332,49.69450259295017],[-122.44575898662423,49.635992617797434],[-122.34504012497048,49.62132649264147],[-122.34866573696326,49.65926912287086],[-122.29679954639282,49.663292689613044],[-122.29274004837356,49.61081706693429],[-122.2449106783307,49.58744210795168],[-122.10297460489208,49.60896144306063],[-122.07173901372762,49.58120280966464],[-122.14608514899736,49.45611556609676],[-122.21915123347824,49.459308061723206],[-122.28312079765743,49.416053010092426],[-122.30242520196062,49.353922192488014],[-122.26927190848221,49.186600311922405],[-122.33791769646807,49.17694498978277],[-122.34021352737925,49.12762588447506],[-122.46147846461122,49.17132706391055]]}},{"type":"Feature","properties":{},"geometry":{"type":"LineString","coordinates":[[-122.25844006319271,50.123444311005805],[-122.6382252097999,50.12326298690144],[-122.72563947444027,50.153682759310165],[-122.78828729791074,50.13113766561532],[-122.79184177806059,50.0411029826478],[-122.67890557880706,50.01971603953531],[-122.68213774088801,49.97733799032327],[-122.76779367231727,49.93271025427081]]}},{"type":"Feature","properties":{},"geometry":{"type":"LineString","coordinates":[[-123.60526406517454,49.00205307748501],[-123.59300577192728,49.0125309339092]]}},{"type":"Feature","properties":{},"geometry":{"type":"LineString","coordinates":[[-122.9378865004919,49.21344740662289],[-122.95742637302175,49.190120828437806]]}},{"type":"Feature","properties":{},"geometry":{"type":"LineString","coordinates":[[-122.87594385263735,49.220208226618915],[-122.85246279798507,49.24899210339879],[-122.89275581779948,49.24901446522592]]}},{"type":"Feature","properties":{},"geometry":{"type":"LineString","coordinates":[[-122.91219619899161,49.194062607979426],[-122.87594385263735,49.220208226618915]]}},{"type":"Feature","properties":{},"geometry":{"type":"LineString","coordinates":[[-122.95742637302175,49.190120828437806],[-122.95690884107364,49.17517188111715]]}},{"type":"Feature","properties":{},"geometry":{"type":"LineString","coordinates":[[-124.0349222989207,49.924091737786775],[-124.06294401064484,49.93324614732296],[-124.0675633784954,50.00061694203835],[-124.15078475323236,50.061024015854855],[-124.1368985025809,50.13552882880331],[-124.06938167590968,50.15055123551384],[-124.09694418405019,50.174982362961835],[-124.07051618831807,50.2015469611516],[-124.17516061306159,50.222375832116676],[-124.14423078480263,50.25574753694064],[-124.16901059304774,50.270015710164486],[-124.15953725579571,50.33338629398296],[-124.07580248479161,50.36642339692699],[-123.96249865296885,50.33936374394656],[-123.90996346225226,50.359413614162726],[-123.95146448917113,50.42190663401617],[-123.93649544510957,50.45143023827039],[-123.96809928364328,50.49097371434884],[-123.99640049791394,50.473882589449985],[-123.99882115551273,50.50554630558637],[-123.7441240553898,50.538054926156285],[-123.7641834788025,50.61114873970914],[-123.72787482282108,50.6973273776329],[-123.77826922531708,50.723576093385695],[-123.81989907127662,50.70377602259354],[-123.86728277894301,50.74776361530447],[-123.80119101862068,50.79718197586462],[-123.82729071836265,50.83727103545016],[-123.72950828234916,50.842860881874984]]}},{"type":"Feature","properties":{},"geometry":{"type":"LineString","coordinates":[[-126.68355543135397,52.00494848300008],[-127.65773343764207,52.00026314176442]]}},{"type":"Feature","properties":{},"geometry":{"type":"LineString","coordinates":[[-125.57529156166596,51.913363221150824],[-125.65665898427233,51.92410118812948],[-125.7396816083162,52.01231246476338],[-126.67209533728388,52.00494269869164]]}},{"type":"Feature","properties":{},"geometry":{"type":"LineString","coordinates":[[-127.70346126732026,51.99981508839455],[-127.90001927816961,51.997646130282355]]}},{"type":"Feature","properties":{},"geometry":{"type":"LineString","coordinates":[[-122.92479791699107,49.553987413187116],[-123.10230746179498,49.54778357334356],[-123.10280206154657,49.48219669448537],[-123.12466820172621,49.48091039688817],[-123.10729050190697,49.43643379773586],[-123.1423140836587,49.40649072811354],[-123.12380625642454,49.40619926927185],[-123.11804900613701,49.332610077544146],[-123.16800706201519,49.33450081514323]]}},{"type":"Feature","properties":{},"geometry":{"type":"LineString","coordinates":[[-123.04236743255585,49.29560428522059],[-123.03873484772096,49.29545425213879]]}},{"type":"Feature","properties":{},"geometry":{"type":"LineString","coordinates":[[-119.46289518659304,50.00436034277543],[-119.4738201502897,50.04064131249211],[-119.7597984629237,50.05622062769204]]}},{"type":"Feature","properties":{},"geometry":{"type":"LineString","coordinates":[[-120.05479757827871,49.85570622432249],[-119.96879220221356,49.819585245313824],[-119.97958400968314,49.71039556242943],[-120.00400286918699,49.703910483082346],[-119.97519060380702,49.696215683562215],[-119.97519402463901,49.66763259484767],[-120.05197103256397,49.67804956752388],[-120.09922463326431,49.64614119688102],[-120.0316098111586,49.594839701682304],[-120.03328156805514,49.521515412121126],[-120.00107772249856,49.50582775954456],[-119.94961917247299,49.528885174819216],[-119.900135615427,49.471704254181624],[-119.7389467361126,49.47147061289251],[-119.77731728238575,49.51491202128977],[-119.76344708561325,49.5985063640306],[-119.71087174448813,49.55003026363379],[-119.60349335707788,49.555576550907084],[-119.64250809019995,49.63344761621009],[-119.74157461057851,49.72482060962517],[-119.69745585995106,49.77516161944341],[-119.51902101433576,49.7529032798552],[-119.51081529538854,49.72537966034289],[-119.48589747745862,49.746392975550116],[-119.42703348079023,49.67538799265943],[-119.37590573758663,49.679032827545065]]}},{"type":"Feature","properties":{},"geometry":{"type":"LineString","coordinates":[[-122.76779367231727,49.93271025427081],[-122.89245115282546,49.894003036916324],[-122.93648257666881,49.917408010316514],[-123.0024806713827,49.85610723694471],[-122.87220760562396,49.82195657101255],[-122.8898300746936,49.79877214827749],[-122.81420399155293,49.7112439395869],[-122.85383075362257,49.66595948705273],[-122.80907930584539,49.62575612623098],[-122.85208460290426,49.60804140631467],[-122.81608574841677,49.5723538635046]]}},{"type":"Feature","properties":{},"geometry":{"type":"LineString","coordinates":[[-122.87594385263735,49.220208226618915],[-122.81201860429167,49.21957125380637]]}},{"type":"Feature","properties":{},"geometry":{"type":"LineString","coordinates":[[-123.78932483556109,60.00003262053848],[-127.7250000877459,60.000022150124785]]}},{"type":"Feature","properties":{},"geometry":{"type":"LineString","coordinates":[[-119.99999998322959,60.00000000017064],[-123.78932483556109,60.00003262053848]]}},{"type":"Feature","properties":{},"geometry":{"type":"LineString","coordinates":[[-124.47865521749976,56.10876443184533],[-124.49763221997316,56.06725261262875],[-124.334644488466,55.83875531929649],[-124.35726747652394,55.786708963279146],[-124.29692738570924,55.69564021078878],[-124.16743464972885,55.66898378732086],[-124.05035329167052,55.54131676058927],[-123.92837814181851,55.55437952834721],[-123.88451218495746,55.503715096455345],[-123.90806891814972,55.434369444870654],[-123.85178867655011,55.33953347731995],[-123.74207794544627,55.2875070891909],[-123.53456457196857,55.327461992247315],[-123.41332591528601,55.23493057798453],[-123.39225944186201,55.171086447022795],[-123.4186611450806,55.148033394331414],[-123.39627290761221,55.10297727699986],[-123.41076622070096,55.041017429192365],[-123.44656663499094,55.01540663240928],[-123.51537617509382,55.01714432292434],[-123.56122330884199,54.95192029056887],[-123.62666906971721,54.95511890358102],[-123.65834127019694,54.92030823128876],[-123.6906107445041,54.923127978129955],[-123.81642578683513,54.997860604534154],[-123.81055474931053,55.03760636759045],[-123.84904701908359,55.04814362132624],[-123.94587838214579,55.011500809861566],[-123.99907751404106,55.02516937334041],[-124.01327630398642,54.959907052756854],[-124.05326175519079,54.94478635391751],[-124.03411038510333,54.9029869980552],[-123.99503628465104,54.893024492418085],[-124.01920060192704,54.864944179426296],[-123.9044435440002,54.8648095115133],[-123.94815587851824,54.76749767421429],[-123.8805186779944,54.73819645501152],[-123.86326318357732,54.68705772710344],[-123.79595130128334,54.692659138413234],[-123.77849891793477,54.65912592580975],[-123.77865012101493,54.61322998577012],[-123.8082379123071,54.60518220564329],[-123.78005612426708,54.59261603356976],[-123.81967778450732,54.58081031919409],[-123.8217150630894,54.54419897694115],[-123.86505479349933,54.51741506520679],[-123.84804436236223,54.51248667497639],[-123.98647868544461,54.429510756706016],[-123.92828262349744,54.361446388714626],[-123.86381378927385,54.37801858285675],[-123.81941191928031,54.33653234422821],[-123.55439168747746,54.30624498798819],[-123.53243069968106,54.28959937110215],[-123.55268907958859,54.270199025232394],[-123.5188472154026,54.254732476794985],[-123.52035758347799,54.15440079042875]]}},{"type":"Feature","properties":{},"geometry":{"type":"LineString","coordinates":[[-127.7250000877459,60.000022150124785],[-127.72860753660233,59.89570745246011],[-127.67753765691447,59.89322350754116],[-127.65628776428393,59.86426613922175],[-127.76748598969884,59.837826884751664],[-127.7616416617088,59.79969698193696],[-127.81058614698624,59.7593380834842],[-127.7978500713982,59.695132207902034],[-127.72766554342158,59.629975213231624],[-127.5926726494137,59.597040749828714],[-127.53267728460459,59.53441693141439],[-127.48484482170254,59.523705665757795],[-127.23586102124683,59.25305633970762],[-127.1869560378002,59.14889412944766],[-126.97626946598706,59.11140248872479],[-126.94346329590275,58.97177157538511],[-127.05941939565635,58.85060176809665],[-127.02138492542262,58.80662882176445],[-126.94867705604962,58.80897347396586],[-126.83439598824576,58.72210944581778],[-126.91435145900141,58.63880391625285],[-126.74386777760155,58.66726144507621],[-126.58552481941206,58.58041055889133],[-126.31986754075054,58.6084314524727],[-126.20759362218033,58.49342354983522],[-126.01456064273009,58.40655000815874],[-125.85745432967735,58.41265744283238],[-125.83336972394768,58.35616875073672],[-125.77489738188108,58.32161659092214],[-125.4804981888353,58.308653137443834],[-125.43934674464145,58.34113453974021],[-125.3564005448967,58.27946768923339],[-125.28045951597831,58.30363901727563],[-125.20129913933513,58.23926415908643],[-124.95186697741119,58.23083551642497],[-124.9166915385883,58.25610385562964],[-124.82970496373919,58.207061364018095],[-124.88395537530299,58.1643167760551],[-124.86096492519002,58.1248903865989],[-124.92636113909873,58.064891034636545],[-124.91938588793718,58.025419695539846],[-124.96631415694392,58.02191803332231],[-124.91898935832316,57.98624278534632],[-125.20390712165886,58.02235629265586],[-125.42497679874356,57.97986155576829],[-125.56353366046966,57.9182157565474],[-125.6199721880328,57.93704760583481],[-125.73614868732278,57.86203743364982],[-125.79735616036396,57.96604646765345],[-125.83745973242837,57.97939419183357],[-126.04409116648824,57.96693863179691],[-126.07794258643202,57.91366828290895],[-126.21417991004657,57.94349498099028],[-126.28894833960115,57.85451888977502],[-126.37799021464198,57.92325885357288],[-126.60412412325735,57.96020741331094],[-126.69668786863136,58.02583400142866],[-126.95093980402473,57.98944676072693],[-126.9800279772241,57.961223680958945],[-126.97059238666233,57.93311986034312],[-126.88795656467425,57.867319394383514],[-126.85141825970649,57.79170418832376],[-126.95909120290047,57.797081398102385],[-126.98126723759276,57.760809831368306],[-126.93809222850192,57.70712167406606],[-126.83959342975697,57.679439229344055],[-126.86830506838405,57.633370813480376],[-126.78757202054216,57.57077812020563],[-127.05704518574967,57.50727249946347],[-127.15014627342173,57.53589891160549],[-127.14525016911809,57.57754610361424],[-127.181404892943,57.59766068079823],[-127.27191057780887,57.60318716870425],[-127.3418868254527,57.549047301924986],[-127.3293686537185,57.50929635615606],[-127.29340076193509,57.49820217227487],[-127.32508630386813,57.48224888481406],[-127.30290313290189,57.44667194307386],[-127.489097062694,57.3226613444603],[-127.4764586645878,57.196078251839005],[-127.69695564027246,57.14090119441757],[-127.73034937549626,57.10996592041709],[-127.73819798731655,57.03552769279478],[-127.70642730667808,56.990765034689574],[-127.54107735544125,56.96899651580121],[-127.54478789812443,56.931354700290576],[-127.60503090995877,56.89444312350302],[-127.56542361413487,56.85787248455187],[-127.61774707536034,56.84646955791635],[-127.523314900841,56.77304956589625],[-127.53273830708578,56.740670106273626],[-127.40538427230787,56.67646110566667],[-127.22228546377116,56.74590304138012],[-127.10107534159351,56.61353576156648],[-126.99288282207385,56.632224676139195],[-126.9170509194391,56.69073746223294],[-126.8114871107169,56.68032254115172],[-126.69268649033967,56.7749505244391],[-126.48831323541314,56.66469420971463],[-126.3315095125653,56.67736953386181],[-126.23126880821565,56.64730084259369],[-126.14256489017647,56.583776446727526],[-126.16081479552285,56.56316997882286],[-126.14192543268362,56.529500951941955],[-126.19648943288522,56.473532676460444],[-126.09105213679813,56.40403142771794],[-126.19474717310266,56.34238175232182],[-126.1163228683101,56.271922217159734],[-125.98062199638203,56.24562939531904],[-125.95550025483514,56.14292791289411],[-125.86563951843,56.14520393812155],[-125.65662760228436,56.22858523860253],[-125.6499245200308,56.15729696716978],[-125.60848779432956,56.1532889041556],[-125.40377374737653,56.25294838730172],[-125.24546383747592,56.250564310014894],[-125.18902778044972,56.294742850761736],[-125.11909586907315,56.30359588703673],[-125.06366117060792,56.263068615664494],[-125.05470599366188,56.20353332961717],[-124.89464199976268,56.24223294255813],[-124.66101716000114,56.11611630821751],[-124.48337486349998,56.128688580605406]]}},{"type":"Feature","properties":{},"geometry":{"type":"LineString","coordinates":[[-123.11736776481908,49.203780910402195],[-123.1401299514397,49.21933190935117]]}},{"type":"Feature","properties":{},"geometry":{"type":"LineString","coordinates":[[-123.20744761426042,49.141210958618615],[-123.13670439606994,49.14088560806322],[-123.11736776481908,49.203780910402195]]}},{"type":"Feature","properties":{},"geometry":{"type":"LineString","coordinates":[[-123.1401299514397,49.21933190935117],[-123.14862169855068,49.210125106108386]]}},{"type":"Feature","properties":{},"geometry":{"type":"LineString","coordinates":[[-123.09125959434617,49.205299391511716],[-123.11736776481908,49.203780910402195]]}},{"type":"Feature","properties":{},"geometry":{"type":"LineString","coordinates":[[-122.95742637302175,49.190120828437806],[-123.09125959434617,49.205299391511716]]}},{"type":"Feature","properties":{},"geometry":{"type":"LineString","coordinates":[[-123.3273198905089,48.50054554149149],[-123.33124757201928,48.503566834827744]]}},{"type":"Feature","properties":{},"geometry":{"type":"LineString","coordinates":[[-123.35118235722149,48.4503287070727],[-123.30058107655957,48.48245447741445]]}},{"type":"Feature","properties":{},"geometry":{"type":"LineString","coordinates":[[-117.51695940987403,49.43592331885372],[-117.69158626887445,49.418141855798524],[-117.75186015468564,49.497899712242734],[-117.82329031718128,49.50874020854532],[-117.86861668337491,49.546296940270885],[-117.90975819945325,49.529859853869375],[-117.99877886331326,49.55966279193959],[-118.01511303030435,49.58295170278428],[-117.98709186250873,49.679319362721245],[-118.15986681810136,49.73450981363422],[-118.21215172024915,49.70946107192594],[-118.28622100631048,49.81988818064566],[-118.51021317089783,49.812557006511504]]}},{"type":"Feature","properties":{},"geometry":{"type":"LineString","coordinates":[[-127.7250000877459,60.000022150124785],[-139.0522010411842,60.00004064829304]]}},{"type":"Feature","properties":{},"geometry":{"type":"LineString","coordinates":[[-122.81784638630707,49.10455981779327],[-122.86778883016716,49.10817201095109]]}},{"type":"Feature","properties":{},"geometry":{"type":"LineString","coordinates":[[-122.89026749841148,49.16320840185442],[-122.82342528839968,49.16291280338497]]}},{"type":"Feature","properties":{},"geometry":{"type":"LineString","coordinates":[[-123.1436946137883,49.28076998699031],[-123.10464967030916,49.26928654564777]]}},{"type":"Feature","properties":{},"geometry":{"type":"LineString","coordinates":[[-123.10464967030916,49.26928654564777],[-123.10732364591475,49.28875495835725]]}},{"type":"Feature","properties":{},"geometry":{"type":"LineString","coordinates":[[-123.1012380998229,49.256579113600445],[-123.0234826973592,49.2582127932742]]}},{"type":"Feature","properties":{},"geometry":{"type":"LineString","coordinates":[[-123.10464967030916,49.26928654564777],[-123.1012380998229,49.256579113600445]]}},{"type":"Feature","properties":{},"geometry":{"type":"LineString","coordinates":[[-123.0234764875436,49.23229450763572],[-123.09071141683319,49.22544300560205]]}},{"type":"Feature","properties":{},"geometry":{"type":"LineString","coordinates":[[-123.09071141683319,49.22544300560205],[-123.09125959434617,49.205299391511716]]}},{"type":"Feature","properties":{},"geometry":{"type":"LineString","coordinates":[[-123.09071141683319,49.22544300560205],[-123.1012380998229,49.256579113600445]]}},{"type":"Feature","properties":{},"geometry":{"type":"LineString","coordinates":[[-123.14995175971403,49.27934794253633],[-123.1401299514397,49.21933190935117]]}},{"type":"Feature","properties":{},"geometry":{"type":"LineString","coordinates":[[-123.78932483556109,60.00003262053848],[-124.00052694335658,60.10919758781804],[-124.12382851505697,60.20600141035455],[-124.12026872683461,60.23862881561136],[-124.21446781082693,60.36457205617382],[-124.19786251652255,60.445915704745296],[-124.38914599215276,60.4584588088031],[-124.39377325978428,60.51890078513515],[-124.44719465174205,60.572809315593794],[-124.57106557480388,60.641415429930696],[-124.59945265103184,60.68786762235817],[-124.44921661387178,60.764682616928084],[-124.4962539814065,60.8025026172968],[-124.53938216457878,60.93860689441658],[-124.63322717681369,60.92679898925207],[-124.7883769135745,60.95450904771876],[-124.8374302877149,60.89931322317953],[-124.82579771779474,60.83704696965859],[-125.14788162540968,60.832508587576626],[-125.26406726015907,60.76834796253527],[-125.3749123090162,60.7663839281164],[-125.53379371957277,60.81235519899672],[-125.66963923125377,60.80310898503508],[-125.83222475592625,60.88128756619167],[-125.92081827955323,60.848597624594525],[-125.966803125289,60.78924267212688],[-126.05656131007323,60.795245446930345],[-126.0833051572991,60.813783563111144],[-126.06335061764393,60.85136803378163],[-126.21065416178088,60.83443328511752],[-126.19792614776956,60.78223547389642],[-126.28349984400477,60.758828434696774],[-126.4863701118412,60.8001486632107],[-126.63904120405657,60.73078937931734],[-126.69265357796203,60.769031798118874],[-126.81274730026131,60.75856154232037],[-126.84514292652449,60.77497850035023],[-126.82524651244698,60.83149562635361],[-126.87704140837691,60.8478950022785],[-126.85358648073193,60.931631368953404],[-126.90682724964172,61.007140351158895],[-126.89677399373132,61.0409889351798],[-126.9661236521261,61.050067646069806],[-127.04701992977563,61.01727952897751],[-127.07243480005549,61.06659713264648],[-126.98410173868105,61.12140337543143],[-127.01209917481027,61.137667485319895],[-126.96074011346913,61.16792861332763],[-126.95292614636878,61.21496357479352],[-126.99640938771329,61.22213863274802],[-127.02924078024449,61.36125405846339],[-127.09075633593619,61.368085348302365],[-127.10295620217347,61.45815042994084],[-127.19170195705243,61.4611367965596],[-127.23783627938955,61.500177761363815],[-127.46918999648672,61.485154942026575],[-127.62272241776448,61.53222803350069],[-127.66855033097193,61.58255240669711],[-127.7668054468397,61.594138781361636],[-128.04745997548397,61.72872035893046],[-127.98599682645232,61.79157807693956],[-128.02065326798237,61.82353902894747],[-128.1883462175191,61.828416355818355],[-128.24857713447588,61.9370324071376],[-128.35009723080958,61.97350905568478],[-128.34793921799385,62.0148362149952],[-128.54964039424465,62.116250195198106],[-128.66903163926503,62.10907820909802],[-128.73036016477772,62.04314251469787],[-128.8090390553757,62.04833557642895],[-128.8197954622719,62.08747198476303],[-128.92054779850844,62.09549083458424],[-128.9446647951709,62.11908420388748],[-129.12886832243575,62.09945700565142],[-129.23570527541287,62.13804861202552],[-129.1633257514843,62.20397133770022],[-129.26967035319737,62.257982512548985],[-129.24594831048978,62.28217252315286],[-129.264541193307,62.29988070452954],[-129.18949838348726,62.36155535064425],[-129.2848559675237,62.399721514753125],[-129.17408089295554,62.44500524632392],[-129.15968194018959,62.47861825753569],[-129.32427378013065,62.52460417124364],[-129.3869532930821,62.571304532910375],[-129.52239475360204,62.55220635663426],[-129.5226427046906,62.57539777334382],[-129.46458374319067,62.595143330611144],[-129.46234473385388,62.620386927305816],[-129.50499010488952,62.64037608902544],[-129.4852194664786,62.66242775667003],[-129.56669569068663,62.68117950109125],[-129.66525691979814,62.814203446974496],[-129.74325754764055,62.838368826064496],[-129.75003440118854,62.8810643807267],[-129.68423696661745,62.875942307185696],[-129.70967773733165,62.90765778008872],[-129.58858365810292,63.04216523399293],[-129.61320852293284,63.07304794039678],[-129.74071335294548,63.0605121494376],[-129.82100090473938,63.08238966959864],[-129.8134959396857,63.10367322060246],[-129.91048552705777,63.19210087571044],[-129.98758381006553,63.19889804373624],[-130.04878113260406,63.25235072136577],[-130.1577629024407,63.24235756271165],[-130.13000165476578,63.26681646981734],[-130.14526745928214,63.288789420644555],[-130.10830467025215,63.30561779986484],[-129.8662200162032,63.367073574399505],[-129.90852714955815,63.41763688779413],[-129.87432280564707,63.45748121864406],[-129.78492801959518,63.445969540340386],[-129.8973717900145,63.55286069235718],[-129.96032751018765,63.56575761312486],[-129.92807254474027,63.59200032490049],[-130.0813636823459,63.60802614031534],[-130.09927684922428,63.63264765618439],[-130.07251246481755,63.68286895665661],[-130.26863540833364,63.644783939048594],[-130.33966700445305,63.69088276716738],[-130.101228527711,63.75417928398711],[-130.1062655421065,63.787358283471455],[-130.13766246304098,63.7992940735499],[-130.10936805637854,63.83941491973477],[-130.21857587178363,63.86931917802997],[-130.2456850854391,63.83622723790827],[-130.3393625577883,63.81327809369299],[-130.4428950527766,63.891143227683564],[-130.77570257794372,63.97625081755215],[-130.7717253855363,64.00886638959449],[-130.72332169832413,64.0265654009713],[-130.87034296448252,64.03188836153436],[-130.88347458024134,64.08203601471354],[-130.96776877256238,64.13004531051412],[-130.85905945490614,64.17196124673987],[-130.94396511321042,64.18578165434869],[-130.98264825447964,64.25074044731006],[-131.07370797917622,64.27287038918763],[-131.02661729161258,64.30469722305536],[-131.06817445469673,64.36131916991465],[-131.14735174024017,64.40379186180422],[-131.29552512107645,64.44678477160903],[-131.38048897787579,64.43568292395032],[-131.37236278590314,64.45087293920054],[-131.43195958556112,64.43792395549136],[-131.41960637745316,64.41145878075412],[-131.4510316084847,64.3918642736828],[-131.62351343056886,64.35366625277943],[-131.67632493710292,64.37719541897148],[-131.85831047450282,64.3812723731704],[-131.82485464401725,64.42469974673524],[-131.67603786713343,64.48550912058396],[-131.70746713302395,64.50818310430316],[-131.68464617905104,64.52137123639652],[-131.83872011710577,64.5253449495022],[-131.85537225739137,64.53782495676712],[-131.83010259291447,64.54877270202189],[-131.93809604765892,64.5903430703866],[-132.03771578882308,64.6964231032457],[-132.35696419976645,64.78316801388192],[-132.54602757170076,64.77024590024445],[-132.62764906689387,64.82968106042912],[-132.4816830619175,64.88402324525417],[-132.46229229622102,64.90157045272353],[-132.49031872826205,64.96240338543959],[-132.4141887413524,64.98438269240825],[-132.33610021975514,65.06071968411165],[-132.54274207237808,65.08990109602017],[-132.50933714702145,65.17351212297187],[-132.65671034218636,65.14080905793041],[-132.72687157135795,65.15838083413773],[-132.77272121884397,65.18304327898436],[-132.7066870053335,65.19928629257866],[-132.74789716952472,65.22736689843745],[-132.65700471419458,65.27813046751618],[-132.56642427892768,65.28404347523187],[-132.5371481788264,65.35046437733821],[-132.27537032759736,65.45770075043191],[-132.28336851332855,65.5005533208482],[-132.16832125671337,65.60242731374592],[-132.29861619937796,65.68596226158408],[-132.2832250225872,65.70469741356301],[-132.31346095976542,65.73985755104154],[-132.59636896387073,65.85670413101825],[-132.53086336481817,65.9058966244721],[-132.3501222583168,65.95231643264827],[-132.37788832670174,65.98904025561225],[-132.49454186084296,65.97198877677658],[-132.56826273276846,66.02287513530347],[-132.6565968734406,66.01583156909088],[-132.79933805117494,65.95051457785581],[-132.83718650491772,65.90036712598695],[-132.90921597141212,65.88404408324895],[-133.0214848288653,65.91881242228577],[-132.9122635150632,66.0015436308975],[-132.92114750799888,66.02042157650195],[-133.1280702300087,66.03093970028847],[-133.4469195084057,65.93346749126145],[-133.65833087931276,65.95968099004259],[-133.5985562089066,66.05651530142204],[-133.69070592476467,66.07117328577583],[-133.65785417506194,66.12180553950678],[-133.54891425072242,66.16998680527261],[-133.56795935320977,66.2089933891317],[-133.5535339614373,66.25700891683951],[-133.626228241544,66.29861707246454],[-133.7857598804353,66.295380238548],[-133.83542356024418,66.31721772591415],[-133.76806949413154,66.36618351779613],[-133.76637876875512,66.41776793407057],[-133.73419084094385,66.44035661745956],[-133.60982732929105,66.4360652472514],[-133.69344235953417,66.50348549632943],[-133.6900530465961,66.52790224234302],[-133.58236585670187,66.56225197410399],[-133.7933684687693,66.64944320114364],[-133.74806657015387,66.6789636127537],[-133.84633012875415,66.72279629755485],[-133.75966391434673,66.8010269590702],[-133.83302509745874,66.82596101354352],[-133.89046705961155,66.88349918563095],[-134.11784703230865,66.95691748618053],[-133.82963496803129,67.00000011574593],[-136.16441357554675,67.00000005998622],[-136.2324495495808,67.10669667525345],[-136.1915246573499,67.14390383676644],[-136.23509607477865,67.17254237970499],[-136.1374960719284,67.23263415858553],[-136.0865574815229,67.30070614958085],[-136.1355103775832,67.32998899247332],[-136.1400343403223,67.36644118986665],[-136.22205360733625,67.40547162081874],[-136.17866768863936,67.45772956669904],[-136.202124738586,67.481877380462],[-136.16991973913608,67.50384397307417],[-136.21871487528327,67.51340307436487],[-136.19997975993542,67.56166209495166],[-136.24135357845563,67.61088653956381],[-136.4487726998256,67.64947145928154],[-136.46861613302204,68.8943008048226],[-136.52600091637214,68.91013036905731]]}},{"type":"Feature","properties":{},"geometry":{"type":"LineString","coordinates":[[-110.60794418033116,65.44603271582861],[-112.58339481084323,65.4470650492871],[-115.01271477234846,66.2869686779708],[-117.06545063025514,66.92917931656716],[-118.59419058672937,67.1988642785021],[-120.63078244433511,67.77995758321406],[-120.59071944123036,68.24910458176964],[-120.60553780673372,68.62336194833972],[-120.7160470900931,69.57527971163923]]}},{"type":"Feature","properties":{},"geometry":{"type":"LineString","coordinates":[[-109.73602887484901,65.12086819777936],[-110.5231582236009,65.43964105967537]]}},{"type":"Feature","properties":{},"geometry":{"type":"LineString","coordinates":[[-102.00000002714235,63.19622984996632],[-101.99999999692348,64.18905058877208],[-105.01776293550331,64.47739258074456],[-108.83789444724957,64.73212966984251],[-109.65140101975003,65.08630760244066]]}},{"type":"Feature","properties":{},"geometry":{"type":"LineString","coordinates":[[-102.00000000064732,63.0639509270578],[-102.00000001115859,63.09153029377501]]}},{"type":"Feature","properties":{},"geometry":{"type":"LineString","coordinates":[[-102.00000002169769,62.9439308610417],[-101.99999998822946,62.97687824009165]]}},{"type":"Feature","properties":{},"geometry":{"type":"LineString","coordinates":[[-102.00000001230232,62.87064050528453],[-102.00000000966314,62.90867138738113]]}},{"type":"Feature","properties":{},"geometry":{"type":"LineString","coordinates":[[-101.99999999894703,60.39240917561707],[-102.00000001558301,62.86849786110507]]}},{"type":"Feature","properties":{},"geometry":{"type":"LineString","coordinates":[[-109.83120878013985,78.29654915541073],[-109.83234828045087,78.63492387108695]]}},{"type":"Feature","properties":{},"geometry":{"type":"LineString","coordinates":[[-109.83113009790914,77.94601908310372],[-109.83116371916798,78.09821126892538]]}},{"type":"Feature","properties":{},"geometry":{"type":"LineString","coordinates":[[-109.83542506188353,76.5336036686966],[-109.83545618291986,76.54294026489225]]}},{"type":"Feature","properties":{},"geometry":{"type":"LineString","coordinates":[[-109.83448093604338,76.24072324858234],[-109.83529664402158,76.49496771526687]]}},{"type":"Feature","properties":{},"geometry":{"type":"LineString","coordinates":[[-109.83243200749854,75.86944061739005],[-109.83295947657082,75.9334645449476]]}},{"type":"Feature","properties":{},"geometry":{"type":"LineString","coordinates":[[-109.83056914635796,74.86836032812178],[-109.83133732179827,75.53657044459605]]}},{"type":"Feature","properties":{},"geometry":{"type":"LineString","coordinates":[[-109.84211926649576,72.73239006576253],[-109.84072249383837,72.92265623976229]]}},{"type":"Feature","properties":{},"geometry":{"type":"LineString","coordinates":[[-109.8423953096005,72.69450687369225],[-109.84226714649323,72.71209553113667]]}},{"type":"Feature","properties":{},"geometry":{"type":"LineString","coordinates":[[-109.84399611092228,72.53919515650277],[-109.84256246934649,72.67156645368125]]}},{"type":"Feature","properties":{},"geometry":{"type":"LineString","coordinates":[[-109.8451195772193,72.4597022332819],[-109.84468990344723,72.49010459093451]]}},{"type":"Feature","properties":{},"geometry":{"type":"LineString","coordinates":[[-116.98415165871553,69.68724178317726],[-116.46558727436975,69.70279943846658],[-116.75519510184512,69.78644464014337],[-116.92415732199373,69.87989304664922],[-117.01353677805261,69.95657830242659],[-117.0228356733333,70.00025183085978],[-112.82512696621276,70.0025451608053],[-112.81834730953429,69.84728348210197],[-112.51808770170565,69.84760223078852],[-112.51081721866444,70.00168576021849],[-109.8617989131361,69.99805421007716],[-109.845405127861,72.4394975726724]]}}]}